{
"type": "FeatureCollection",
"name": "DISTRICT_I_6",
"crs": { "type": "name", "properties": { "name": "urn:ogc:def:crs:EPSG::4269" } },
"xy_coordinate_resolution": 1e-15,
"features": [
{ "type": "Feature", "properties": { "OBJECTID": 6, "DISTRICT_I": 6, "NAME": "District 6", "NUM_MEMBER": 1, "IDEAL_POP": 776292, "IS_LOCKED": 0, "SHAPE_AREA": 0.95209795177000001, "SHAPE_LEN": 11.7396310324 }, "geometry": { "type": "MultiPolygon", "coordinates": [ [ [ [ -91.668453, 31.008147 ], [ -91.666284, 31.006167 ], [ -91.666147, 31.006042 ], [ -91.666138, 31.006033 ], [ -91.666109, 31.006007 ], [ -91.66608, 31.005981 ], [ -91.664854, 31.004877 ], [ -91.663891, 31.003443 ], [ -91.663154, 31.001987 ], [ -91.662617, 31.000179 ], [ -91.662593, 31.000108 ], [ -91.662569, 31.000037 ], [ -91.662075, 30.998556 ], [ -91.661771, 30.998097 ], [ -91.661675, 30.997952 ], [ -91.660673, 30.996441 ], [ -91.659907, 30.995725 ], [ -91.658917, 30.994848 ], [ -91.658545, 30.994546 ], [ -91.658321, 30.994365 ], [ -91.658323, 30.994288 ], [ -91.658197, 30.993102 ], [ -91.658169, 30.992491 ], [ -91.658402, 30.99184 ], [ -91.65913, 30.990917 ], [ -91.659998, 30.989784 ], [ -91.660772, 30.988876 ], [ -91.661687, 30.987382 ], [ -91.662573, 30.985879 ], [ -91.663142, 30.984393 ], [ -91.663355, 30.981828 ], [ -91.663606, 30.979321 ], [ -91.663484, 30.97678 ], [ -91.663212, 30.974818 ], [ -91.663062, 30.972873 ], [ -91.663005, 30.971675 ], [ -91.662538, 30.970549 ], [ -91.662506, 30.970362 ], [ -91.662426, 30.969881 ], [ -91.661873, 30.966585 ], [ -91.661527, 30.964366 ], [ -91.660133, 30.959615 ], [ -91.659486, 30.957857 ], [ -91.657161, 30.951533 ], [ -91.655271, 30.947308 ], [ -91.654358, 30.945267 ], [ -91.653568, 30.943645 ], [ -91.65235, 30.941141 ], [ -91.650482, 30.938559 ], [ -91.649437, 30.937047 ], [ -91.649212, 30.936201 ], [ -91.648895, 30.935004 ], [ -91.646579, 30.931216 ], [ -91.644917, 30.928971 ], [ -91.646726, 30.926336 ], [ -91.647603, 30.925059 ], [ -91.648218, 30.924146 ], [ -91.648717, 30.923406 ], [ -91.649216, 30.922667 ], [ -91.650072, 30.921398 ], [ -91.650742, 30.920405 ], [ -91.650928, 30.920129 ], [ -91.652257, 30.918158 ], [ -91.653498, 30.915795 ], [ -91.65484, 30.912352 ], [ -91.656435, 30.908885 ], [ -91.65693, 30.907662 ], [ -91.657329, 30.906449 ], [ -91.657551, 30.905882 ], [ -91.657629, 30.905687 ], [ -91.657895, 30.90501 ], [ -91.658309, 30.903711 ], [ -91.660104, 30.897658 ], [ -91.660239, 30.897161 ], [ -91.660534, 30.896078 ], [ -91.66073, 30.89498 ], [ -91.660795, 30.893711 ], [ -91.660881, 30.892506 ], [ -91.660938, 30.890806 ], [ -91.661008, 30.889107 ], [ -91.661034, 30.888117 ], [ -91.661, 30.886846 ], [ -91.661017, 30.885897 ], [ -91.661143, 30.88481 ], [ -91.66117, 30.884127 ], [ -91.66125, 30.883296 ], [ -91.66144, 30.882056 ], [ -91.661506, 30.881163 ], [ -91.661478, 30.880123 ], [ -91.661494, 30.879077 ], [ -91.661531, 30.878293 ], [ -91.661614, 30.877004 ], [ -91.661623, 30.876896 ], [ -91.661693, 30.876366 ], [ -91.661736, 30.876045 ], [ -91.661776, 30.875378 ], [ -91.661789, 30.875169 ], [ -91.661784, 30.874914 ], [ -91.66154, 30.873777 ], [ -91.661545, 30.871808 ], [ -91.661593, 30.868032 ], [ -91.661608, 30.866136 ], [ -91.661712, 30.864565 ], [ -91.661821, 30.862916 ], [ -91.661798, 30.861301 ], [ -91.661797, 30.861215 ], [ -91.661811, 30.860019 ], [ -91.661372, 30.857099 ], [ -91.659602, 30.854186 ], [ -91.656568, 30.851033 ], [ -91.654815, 30.849718 ], [ -91.652555, 30.848024 ], [ -91.646961, 30.844936 ], [ -91.642292, 30.843759 ], [ -91.637099, 30.841912 ], [ -91.636614, 30.841739 ], [ -91.636082, 30.84155 ], [ -91.62957, 30.840453 ], [ -91.625116, 30.840244 ], [ -91.623381, 30.84048 ], [ -91.622099, 30.840822 ], [ -91.620822, 30.841162 ], [ -91.619546, 30.841502 ], [ -91.615918, 30.842468 ], [ -91.615645, 30.842586 ], [ -91.612528, 30.84345 ], [ -91.609412, 30.844314 ], [ -91.609218, 30.844368 ], [ -91.603031, 30.845964 ], [ -91.599416, 30.846698 ], [ -91.596201, 30.847017 ], [ -91.595019, 30.847078 ], [ -91.592569, 30.847203 ], [ -91.587967, 30.847308 ], [ -91.584661, 30.847015 ], [ -91.581484, 30.846704 ], [ -91.578546, 30.846278 ], [ -91.576691, 30.845487 ], [ -91.574417, 30.844409 ], [ -91.572696, 30.843368 ], [ -91.572642, 30.843335 ], [ -91.571198, 30.842178 ], [ -91.569824, 30.840737 ], [ -91.569293, 30.840007 ], [ -91.569219, 30.839905 ], [ -91.568763, 30.839278 ], [ -91.568058, 30.837533 ], [ -91.567459, 30.83678 ], [ -91.566851, 30.83656 ], [ -91.566263, 30.836346 ], [ -91.564778, 30.836287 ], [ -91.563535, 30.836483 ], [ -91.562151, 30.837157 ], [ -91.560714, 30.838081 ], [ -91.559064, 30.839794 ], [ -91.559023, 30.839887 ], [ -91.55901, 30.839918 ], [ -91.55807, 30.842069 ], [ -91.55789, 30.842601 ], [ -91.556875, 30.845597 ], [ -91.556506, 30.847998 ], [ -91.556407, 30.848643 ], [ -91.557206, 30.855654 ], [ -91.557979, 30.862279 ], [ -91.558131, 30.863704 ], [ -91.558211, 30.864454 ], [ -91.558291, 30.865203 ], [ -91.55857, 30.867822 ], [ -91.559047, 30.871868 ], [ -91.559883, 30.874174 ], [ -91.559891, 30.874195 ], [ -91.559899, 30.874217 ], [ -91.559919, 30.874272 ], [ -91.559945, 30.874344 ], [ -91.560066, 30.874677 ], [ -91.560248, 30.87518 ], [ -91.560795, 30.876927 ], [ -91.561303, 30.878509 ], [ -91.561521, 30.879186 ], [ -91.562534, 30.881191 ], [ -91.563605, 30.883332 ], [ -91.564789, 30.884915 ], [ -91.565189, 30.885383 ], [ -91.565922, 30.886241 ], [ -91.566655, 30.887008 ], [ -91.566828, 30.887172 ], [ -91.567133, 30.887528 ], [ -91.567814, 30.888185 ], [ -91.568756, 30.889125 ], [ -91.569501, 30.889683 ], [ -91.5702, 30.890237 ], [ -91.571305, 30.890972 ], [ -91.572421, 30.891633 ], [ -91.573373, 30.892142 ], [ -91.574301, 30.892628 ], [ -91.574587, 30.892753 ], [ -91.574647, 30.892779 ], [ -91.574664, 30.892786 ], [ -91.574742, 30.89282 ], [ -91.57482, 30.892852 ], [ -91.574867, 30.892871 ], [ -91.574899, 30.892884 ], [ -91.576078, 30.893402 ], [ -91.579292, 30.894378 ], [ -91.580609, 30.894696 ], [ -91.582569, 30.895169 ], [ -91.584405, 30.89553 ], [ -91.585618, 30.895776 ], [ -91.589251, 30.895973 ], [ -91.590157, 30.896016 ], [ -91.591937, 30.8961 ], [ -91.594477, 30.896222 ], [ -91.596335, 30.896438 ], [ -91.598671, 30.896662 ], [ -91.600154, 30.896829 ], [ -91.601201, 30.897044 ], [ -91.602514, 30.897112 ], [ -91.60388, 30.897344 ], [ -91.604998, 30.897459 ], [ -91.606236, 30.897678 ], [ -91.607358, 30.897958 ], [ -91.608326, 30.898283 ], [ -91.609833, 30.898816 ], [ -91.610104, 30.898923 ], [ -91.610727, 30.89917 ], [ -91.611549, 30.899724 ], [ -91.612146, 30.900222 ], [ -91.61265, 30.900576 ], [ -91.613214, 30.901107 ], [ -91.613861, 30.90181 ], [ -91.614362, 30.902606 ], [ -91.614828, 30.903654 ], [ -91.614983, 30.904484 ], [ -91.615056, 30.904882 ], [ -91.615127, 30.905263 ], [ -91.615201, 30.905929 ], [ -91.615206, 30.905976 ], [ -91.615208, 30.906265 ], [ -91.615216, 30.90689 ], [ -91.615214, 30.906912 ], [ -91.615199, 30.907091 ], [ -91.615182, 30.907291 ], [ -91.615162, 30.907589 ], [ -91.615142, 30.907886 ], [ -91.614925, 30.911117 ], [ -91.61492, 30.9112 ], [ -91.614914, 30.911283 ], [ -91.61491, 30.911351 ], [ -91.614905, 30.911419 ], [ -91.614784, 30.913332 ], [ -91.61476, 30.913739 ], [ -91.614718, 30.914423 ], [ -91.614613, 30.917443 ], [ -91.614608, 30.9176 ], [ -91.613955, 30.918146 ], [ -91.603764, 30.917045 ], [ -91.600334, 30.917107 ], [ -91.595992, 30.917162 ], [ -91.590969, 30.917592 ], [ -91.590056, 30.91767 ], [ -91.584624, 30.917952 ], [ -91.577039, 30.918255 ], [ -91.568307, 30.918802 ], [ -91.566719, 30.91875 ], [ -91.559848, 30.918524 ], [ -91.554037, 30.917664 ], [ -91.549308, 30.916228 ], [ -91.549067, 30.916106 ], [ -91.544284, 30.913698 ], [ -91.54247, 30.912268 ], [ -91.539051, 30.909574 ], [ -91.534487, 30.906278 ], [ -91.532045, 30.903724 ], [ -91.530762, 30.902221 ], [ -91.529678, 30.900951 ], [ -91.526614, 30.89706 ], [ -91.526297, 30.896658 ], [ -91.5258, 30.896026 ], [ -91.521413, 30.890078 ], [ -91.52139, 30.890027 ], [ -91.518889, 30.884458 ], [ -91.516406, 30.87731 ], [ -91.515586, 30.875181 ], [ -91.515494, 30.872638 ], [ -91.515493, 30.872621 ], [ -91.515476, 30.872403 ], [ -91.515061, 30.869799 ], [ -91.515187, 30.867892 ], [ -91.515192, 30.867818 ], [ -91.515626, 30.861378 ], [ -91.515632, 30.86135 ], [ -91.516263, 30.858567 ], [ -91.516266, 30.858552 ], [ -91.51627, 30.858536 ], [ -91.516274, 30.858519 ], [ -91.516287, 30.858462 ], [ -91.516302, 30.858397 ], [ -91.517894, 30.851381 ], [ -91.518699, 30.849484 ], [ -91.518707, 30.849464 ], [ -91.518714, 30.849448 ], [ -91.518718, 30.849439 ], [ -91.518783, 30.849287 ], [ -91.520713, 30.844552 ], [ -91.520819, 30.844292 ], [ -91.520858, 30.844196 ], [ -91.520866, 30.844175 ], [ -91.520907, 30.844075 ], [ -91.522642, 30.839819 ], [ -91.522753, 30.839261 ], [ -91.523132, 30.837363 ], [ -91.52351, 30.835465 ], [ -91.523631, 30.834858 ], [ -91.523731, 30.834432 ], [ -91.523924, 30.833609 ], [ -91.526408, 30.829212 ], [ -91.529577, 30.818837 ], [ -91.531973, 30.812637 ], [ -91.534484, 30.806136 ], [ -91.535886, 30.802156 ], [ -91.536363, 30.799103 ], [ -91.53857, 30.793508 ], [ -91.539473, 30.791224 ], [ -91.540517, 30.790147 ], [ -91.546911, 30.783551 ], [ -91.547374, 30.783408 ], [ -91.547823, 30.783007 ], [ -91.54872, 30.782209 ], [ -91.548862, 30.782112 ], [ -91.549114, 30.78193 ], [ -91.549542, 30.781662 ], [ -91.549552, 30.781656 ], [ -91.54979, 30.781498 ], [ -91.550063, 30.781316 ], [ -91.550089, 30.781298 ], [ -91.5501, 30.781291 ], [ -91.550118, 30.781279 ], [ -91.550355, 30.781121 ], [ -91.55092, 30.780745 ], [ -91.551115, 30.780616 ], [ -91.552649, 30.779885 ], [ -91.552779, 30.779823 ], [ -91.552789, 30.779819 ], [ -91.552802, 30.779813 ], [ -91.552827, 30.779801 ], [ -91.552841, 30.779794 ], [ -91.552896, 30.779768 ], [ -91.553202, 30.779623 ], [ -91.553754, 30.77936 ], [ -91.554312, 30.779168 ], [ -91.554824, 30.778992 ], [ -91.554845, 30.778985 ], [ -91.554857, 30.778981 ], [ -91.55487, 30.778976 ], [ -91.554907, 30.778963 ], [ -91.555075, 30.778906 ], [ -91.555294, 30.778831 ], [ -91.555762, 30.77867 ], [ -91.556654, 30.778364 ], [ -91.557251, 30.778159 ], [ -91.560247, 30.777439 ], [ -91.56387, 30.776778 ], [ -91.565431, 30.776655 ], [ -91.566205, 30.776587 ], [ -91.567729, 30.776478 ], [ -91.568932, 30.776338 ], [ -91.569217, 30.776305 ], [ -91.569501, 30.776272 ], [ -91.572073, 30.775972 ], [ -91.574536, 30.775556 ], [ -91.575229, 30.775439 ], [ -91.575922, 30.775322 ], [ -91.576506, 30.775223 ], [ -91.579448, 30.774434 ], [ -91.579987, 30.774289 ], [ -91.584475, 30.772765 ], [ -91.587248, 30.771223 ], [ -91.588196, 30.77054 ], [ -91.588772, 30.770128 ], [ -91.589348, 30.769715 ], [ -91.590252, 30.769066 ], [ -91.590654, 30.76861 ], [ -91.592941, 30.766016 ], [ -91.593947, 30.764344 ], [ -91.594091, 30.764105 ], [ -91.594101, 30.764088 ], [ -91.594109, 30.764075 ], [ -91.594131, 30.764039 ], [ -91.594236, 30.763865 ], [ -91.59443, 30.763542 ], [ -91.595521, 30.761131 ], [ -91.595819, 30.760472 ], [ -91.596233, 30.757604 ], [ -91.595841, 30.754396 ], [ -91.594668, 30.750443 ], [ -91.594595, 30.750184 ], [ -91.593654, 30.749146 ], [ -91.593052, 30.748719 ], [ -91.592597, 30.748395 ], [ -91.591496, 30.747893 ], [ -91.591309, 30.747815 ], [ -91.590673, 30.747671 ], [ -91.590149, 30.747511 ], [ -91.58942, 30.74706 ], [ -91.587391, 30.74541 ], [ -91.581276, 30.74139 ], [ -91.577895, 30.739159 ], [ -91.571266, 30.735344 ], [ -91.571039, 30.735253 ], [ -91.569393, 30.734591 ], [ -91.569189, 30.734509 ], [ -91.568851, 30.734373 ], [ -91.568831, 30.734365 ], [ -91.568801, 30.734353 ], [ -91.568768, 30.73434 ], [ -91.568749, 30.734332 ], [ -91.568715, 30.734318 ], [ -91.567748, 30.733929 ], [ -91.56589, 30.733182 ], [ -91.565212, 30.733006 ], [ -91.564614, 30.732851 ], [ -91.564015, 30.732696 ], [ -91.562178, 30.73222 ], [ -91.56211, 30.732202 ], [ -91.561893, 30.732146 ], [ -91.560342, 30.731744 ], [ -91.560075, 30.731675 ], [ -91.555334, 30.73095 ], [ -91.553019, 30.730798 ], [ -91.552186, 30.730879 ], [ -91.551606, 30.730935 ], [ -91.551026, 30.730991 ], [ -91.550984, 30.730995 ], [ -91.550832, 30.73101 ], [ -91.550789, 30.731014 ], [ -91.550775, 30.731015 ], [ -91.550743, 30.731018 ], [ -91.550725, 30.73102 ], [ -91.550215, 30.731068 ], [ -91.549404, 30.731146 ], [ -91.545488, 30.731527 ], [ -91.542868, 30.732073 ], [ -91.538236, 30.733039 ], [ -91.534111, 30.734255 ], [ -91.531432, 30.735044 ], [ -91.525319, 30.736935 ], [ -91.522873, 30.737662 ], [ -91.52166, 30.738017 ], [ -91.516647, 30.739107 ], [ -91.513194, 30.739802 ], [ -91.509918, 30.740279 ], [ -91.506987, 30.740384 ], [ -91.505437, 30.74044 ], [ -91.505098, 30.740452 ], [ -91.504852, 30.740461 ], [ -91.504808, 30.740463 ], [ -91.504796, 30.740463 ], [ -91.50476, 30.740465 ], [ -91.504093, 30.740489 ], [ -91.502124, 30.740489 ], [ -91.501349, 30.740642 ], [ -91.500115, 30.741038 ], [ -91.496711, 30.741074 ], [ -91.494805, 30.741131 ], [ -91.493029, 30.741184 ], [ -91.490569, 30.741219 ], [ -91.49006, 30.741235 ], [ -91.489943, 30.741239 ], [ -91.486906, 30.741337 ], [ -91.485311, 30.741218 ], [ -91.483428, 30.74089 ], [ -91.482235, 30.740867 ], [ -91.480193, 30.740579 ], [ -91.478618, 30.740057 ], [ -91.476277, 30.739366 ], [ -91.473732, 30.738812 ], [ -91.470441, 30.737856 ], [ -91.466029, 30.736679 ], [ -91.465906, 30.736647 ], [ -91.465888, 30.736632 ], [ -91.465872, 30.736638 ], [ -91.465822, 30.736629 ], [ -91.463292, 30.735921 ], [ -91.463213, 30.735899 ], [ -91.462273, 30.735638 ], [ -91.460129, 30.735326 ], [ -91.459767, 30.735315 ], [ -91.457753, 30.735256 ], [ -91.457394, 30.735277 ], [ -91.454762, 30.735614 ], [ -91.452759, 30.735867 ], [ -91.450382, 30.736168 ], [ -91.44532, 30.737737 ], [ -91.44522, 30.737768 ], [ -91.44512, 30.737799 ], [ -91.445094, 30.737807 ], [ -91.445058, 30.737818 ], [ -91.444987, 30.73784 ], [ -91.443984, 30.73815 ], [ -91.442849, 30.738502 ], [ -91.440143, 30.739341 ], [ -91.435168, 30.741041 ], [ -91.431357, 30.742374 ], [ -91.428787, 30.743273 ], [ -91.423029, 30.745465 ], [ -91.418279, 30.748084 ], [ -91.417459, 30.748536 ], [ -91.414083, 30.750183 ], [ -91.40922, 30.752888 ], [ -91.408599, 30.753234 ], [ -91.397957, 30.757238 ], [ -91.397045, 30.757582 ], [ -91.396999, 30.757589 ], [ -91.396666, 30.75764 ], [ -91.396334, 30.757692 ], [ -91.395037, 30.757892 ], [ -91.390418, 30.758606 ], [ -91.384286, 30.758904 ], [ -91.382468, 30.758854 ], [ -91.38062, 30.758804 ], [ -91.375112, 30.756717 ], [ -91.375112, 30.756492 ], [ -91.375112, 30.756268 ], [ -91.375112, 30.756061 ], [ -91.375112, 30.755854 ], [ -91.373307, 30.753482 ], [ -91.370772, 30.750184 ], [ -91.370764, 30.750174 ], [ -91.369941, 30.748984 ], [ -91.3688, 30.747343 ], [ -91.361991, 30.739303 ], [ -91.357531, 30.73134 ], [ -91.356889, 30.729965 ], [ -91.356702, 30.729565 ], [ -91.356601, 30.729348 ], [ -91.356582, 30.729307 ], [ -91.356577, 30.729296 ], [ -91.356541, 30.729218 ], [ -91.356516, 30.729165 ], [ -91.356366, 30.728843 ], [ -91.356084, 30.728239 ], [ -91.355975, 30.728006 ], [ -91.355906, 30.727858 ], [ -91.355894, 30.727832 ], [ -91.355874, 30.727789 ], [ -91.35586, 30.727759 ], [ -91.355856, 30.72775 ], [ -91.355844, 30.727726 ], [ -91.355487, 30.726961 ], [ -91.355173, 30.726287 ], [ -91.353809, 30.723365 ], [ -91.353181, 30.722048 ], [ -91.353092, 30.72177 ], [ -91.352791, 30.720409 ], [ -91.352655, 30.72002 ], [ -91.351084, 30.715515 ], [ -91.350481, 30.713255 ], [ -91.350262, 30.711801 ], [ -91.349626, 30.707589 ], [ -91.349522, 30.707294 ], [ -91.348112, 30.703269 ], [ -91.347857, 30.700439 ], [ -91.347806, 30.699877 ], [ -91.347575, 30.697303 ], [ -91.347524, 30.69679 ], [ -91.347444, 30.695976 ], [ -91.347268, 30.694192 ], [ -91.346847, 30.693436 ], [ -91.346706, 30.693184 ], [ -91.346566, 30.692931 ], [ -91.344843, 30.687764 ], [ -91.344391, 30.684989 ], [ -91.344319, 30.684548 ], [ -91.344247, 30.684108 ], [ -91.343896, 30.681952 ], [ -91.342595, 30.678145 ], [ -91.342456, 30.677738 ], [ -91.342317, 30.677331 ], [ -91.342108, 30.67672 ], [ -91.34121, 30.672721 ], [ -91.340652, 30.670238 ], [ -91.338399, 30.664932 ], [ -91.336727, 30.662306 ], [ -91.335062, 30.660124 ], [ -91.33087, 30.658677 ], [ -91.326262, 30.657109 ], [ -91.322256, 30.656025 ], [ -91.317052, 30.65512 ], [ -91.313138, 30.654487 ], [ -91.310547, 30.654044 ], [ -91.310061, 30.653961 ], [ -91.309395, 30.651996 ], [ -91.303767, 30.652029 ], [ -91.302479, 30.651854 ], [ -91.301179, 30.651572 ], [ -91.300254, 30.651205 ], [ -91.298918, 30.650462 ], [ -91.297821, 30.649706 ], [ -91.297658, 30.649548 ], [ -91.297411, 30.649832 ], [ -91.296659, 30.650687 ], [ -91.296593, 30.650777 ], [ -91.295792, 30.651885 ], [ -91.295771, 30.651915 ], [ -91.295222, 30.652679 ], [ -91.295182, 30.652734 ], [ -91.294911, 30.653111 ], [ -91.293604, 30.655036 ], [ -91.293132, 30.65661 ], [ -91.29288, 30.657449 ], [ -91.292688, 30.658094 ], [ -91.292652, 30.663059 ], [ -91.290271, 30.667696 ], [ -91.289811, 30.672885 ], [ -91.289356, 30.678011 ], [ -91.287754, 30.678254 ], [ -91.281654, 30.679184 ], [ -91.279092, 30.679575 ], [ -91.2707, 30.680853 ], [ -91.27062, 30.680846 ], [ -91.269311, 30.683536 ], [ -91.267848, 30.686541 ], [ -91.267791, 30.686652 ], [ -91.267962, 30.687637 ], [ -91.268169, 30.688827 ], [ -91.268221, 30.689126 ], [ -91.268317, 30.689673 ], [ -91.26816, 30.69003 ], [ -91.268126, 30.690107 ], [ -91.267882, 30.690815 ], [ -91.267977, 30.691462 ], [ -91.267886, 30.691801 ], [ -91.267739, 30.692322 ], [ -91.26764, 30.693173 ], [ -91.267782, 30.694164 ], [ -91.267842, 30.694384 ], [ -91.267864, 30.694465 ], [ -91.267802, 30.694621 ], [ -91.26779, 30.694699 ], [ -91.267804, 30.694721 ], [ -91.26767, 30.694901 ], [ -91.26756, 30.695051 ], [ -91.267509, 30.69512 ], [ -91.267484, 30.695154 ], [ -91.266679, 30.695513 ], [ -91.266088, 30.69582 ], [ -91.266079, 30.695832 ], [ -91.266044, 30.69588 ], [ -91.265779, 30.696208 ], [ -91.265612, 30.696694 ], [ -91.265475, 30.697113 ], [ -91.265232, 30.69793 ], [ -91.26517, 30.698139 ], [ -91.264865, 30.698516 ], [ -91.264709, 30.698709 ], [ -91.264662, 30.698721 ], [ -91.264487, 30.698776 ], [ -91.264317, 30.698838 ], [ -91.264048, 30.698954 ], [ -91.263843, 30.699057 ], [ -91.263649, 30.699171 ], [ -91.263476, 30.699284 ], [ -91.263274, 30.699419 ], [ -91.263175, 30.699487 ], [ -91.263054, 30.69957 ], [ -91.261423, 30.700685 ], [ -91.260953, 30.700996 ], [ -91.260728, 30.701134 ], [ -91.26071, 30.701145 ], [ -91.260461, 30.70129 ], [ -91.260206, 30.701429 ], [ -91.259686, 30.701695 ], [ -91.25942, 30.701818 ], [ -91.258869, 30.702054 ], [ -91.258325, 30.702288 ], [ -91.258229, 30.702328 ], [ -91.257673, 30.70256 ], [ -91.257532, 30.702626 ], [ -91.257508, 30.702637 ], [ -91.257352, 30.702703 ], [ -91.256994, 30.702882 ], [ -91.256749, 30.703019 ], [ -91.256512, 30.703168 ], [ -91.256147, 30.703427 ], [ -91.255976, 30.703564 ], [ -91.255814, 30.703703 ], [ -91.255654, 30.703849 ], [ -91.255498, 30.704003 ], [ -91.255244, 30.70429 ], [ -91.254812, 30.704819 ], [ -91.254736, 30.704912 ], [ -91.252586, 30.705099 ], [ -91.252368, 30.705118 ], [ -91.252332, 30.705124 ], [ -91.251149, 30.705166 ], [ -91.247596, 30.705291 ], [ -91.242001, 30.705489 ], [ -91.224958, 30.706091 ], [ -91.224739, 30.70609 ], [ -91.216639, 30.706385 ], [ -91.213864, 30.706481 ], [ -91.194077, 30.707181 ], [ -91.190019, 30.707325 ], [ -91.184434, 30.707523 ], [ -91.173948, 30.707893 ], [ -91.169437, 30.708052 ], [ -91.167536, 30.708119 ], [ -91.154466, 30.708581 ], [ -91.154097, 30.708594 ], [ -91.153591, 30.708613 ], [ -91.152782, 30.70864 ], [ -91.145108, 30.708911 ], [ -91.144969, 30.708917 ], [ -91.144699, 30.708926 ], [ -91.139214, 30.709119 ], [ -91.125828, 30.709593 ], [ -91.113973, 30.710011 ], [ -91.10764, 30.710235 ], [ -91.101419, 30.710454 ], [ -91.098023, 30.710575 ], [ -91.097798, 30.710583 ], [ -91.097602, 30.71059 ], [ -91.089592, 30.710873 ], [ -91.078975, 30.711247 ], [ -91.074838, 30.711393 ], [ -91.05367, 30.712142 ], [ -91.053363, 30.712152 ], [ -91.053104, 30.712161 ], [ -91.045721, 30.712422 ], [ -91.041099, 30.712585 ], [ -91.032326, 30.712896 ], [ -91.027295, 30.713073 ], [ -91.026244, 30.713111 ], [ -91.024201, 30.713183 ], [ -91.023218, 30.713217 ], [ -91.01368, 30.713554 ], [ -91.003471, 30.713914 ], [ -90.993753, 30.714258 ], [ -90.985378, 30.714554 ], [ -90.98171, 30.714684 ], [ -90.972667, 30.715003 ], [ -90.96805, 30.715167 ], [ -90.959314, 30.715475 ], [ -90.950356, 30.715792 ], [ -90.945167, 30.715975 ], [ -90.944812, 30.715981 ], [ -90.944702, 30.715983 ], [ -90.944201, 30.716009 ], [ -90.934802, 30.716341 ], [ -90.927728, 30.716591 ], [ -90.923744, 30.716732 ], [ -90.921691, 30.716804 ], [ -90.917759, 30.716943 ], [ -90.914654, 30.717053 ], [ -90.914517, 30.717058 ], [ -90.905863, 30.717363 ], [ -90.905585, 30.717381 ], [ -90.905501, 30.717384 ], [ -90.902477, 30.71747 ], [ -90.902181, 30.717493 ], [ -90.896175, 30.717706 ], [ -90.890138, 30.717919 ], [ -90.881161, 30.718237 ], [ -90.880012, 30.718278 ], [ -90.875824, 30.718425 ], [ -90.862024, 30.71896 ], [ -90.850881, 30.719394 ], [ -90.849958, 30.719432 ], [ -90.849446, 30.719451 ], [ -90.848768, 30.719458 ], [ -90.849041, 30.719311 ], [ -90.849288, 30.718765 ], [ -90.849327, 30.717661 ], [ -90.848961, 30.717087 ], [ -90.848398, 30.716625 ], [ -90.8475, 30.71629 ], [ -90.847394, 30.716141 ], [ -90.847255, 30.715944 ], [ -90.847225, 30.715901 ], [ -90.847216, 30.715697 ], [ -90.847212, 30.715612 ], [ -90.847196, 30.715233 ], [ -90.847334, 30.714984 ], [ -90.847388, 30.714889 ], [ -90.847611, 30.714486 ], [ -90.847669, 30.714342 ], [ -90.847722, 30.714215 ], [ -90.847859, 30.713883 ], [ -90.847796, 30.713528 ], [ -90.847421, 30.712922 ], [ -90.846811, 30.712669 ], [ -90.84656, 30.712659 ], [ -90.846285, 30.712649 ], [ -90.845917, 30.712635 ], [ -90.845787, 30.712629 ], [ -90.845707, 30.712611 ], [ -90.845068, 30.71246 ], [ -90.845095, 30.711788 ], [ -90.845345, 30.711401 ], [ -90.84567, 30.71086 ], [ -90.845852, 30.710366 ], [ -90.845888, 30.70969 ], [ -90.84552, 30.708972 ], [ -90.845133, 30.708871 ], [ -90.845037, 30.708845 ], [ -90.844797, 30.708783 ], [ -90.844372, 30.708499 ], [ -90.844181, 30.708047 ], [ -90.844322, 30.707821 ], [ -90.844386, 30.707719 ], [ -90.844598, 30.70749 ], [ -90.844681, 30.707413 ], [ -90.844708, 30.707389 ], [ -90.844837, 30.707329 ], [ -90.845092, 30.707077 ], [ -90.845317, 30.706966 ], [ -90.845652, 30.706801 ], [ -90.845821, 30.706718 ], [ -90.84667, 30.706288 ], [ -90.847719, 30.705496 ], [ -90.847744, 30.705399 ], [ -90.8478, 30.705184 ], [ -90.847815, 30.705127 ], [ -90.848144, 30.704757 ], [ -90.848658, 30.70447 ], [ -90.84925, 30.704658 ], [ -90.849369, 30.7048 ], [ -90.849401, 30.704839 ], [ -90.849506, 30.705038 ], [ -90.849725, 30.705612 ], [ -90.849922, 30.705858 ], [ -90.850209, 30.7059 ], [ -90.850543, 30.705806 ], [ -90.851101, 30.70557 ], [ -90.851317, 30.705306 ], [ -90.851386, 30.704905 ], [ -90.851212, 30.70459 ], [ -90.851159, 30.704277 ], [ -90.851256, 30.703861 ], [ -90.851399, 30.703469 ], [ -90.851857, 30.702998 ], [ -90.852267, 30.70276 ], [ -90.852769, 30.702483 ], [ -90.853253, 30.702229 ], [ -90.8537, 30.702048 ], [ -90.85413, 30.701601 ], [ -90.85418, 30.701216 ], [ -90.854054, 30.700822 ], [ -90.853741, 30.700571 ], [ -90.853408, 30.700424 ], [ -90.852963, 30.700461 ], [ -90.852545, 30.700603 ], [ -90.852264, 30.700865 ], [ -90.851983, 30.701257 ], [ -90.85176, 30.701376 ], [ -90.85147, 30.70141 ], [ -90.851274, 30.701261 ], [ -90.851102, 30.701125 ], [ -90.850592, 30.700701 ], [ -90.850495, 30.700509 ], [ -90.850499, 30.700267 ], [ -90.850595, 30.700208 ], [ -90.850613, 30.700197 ], [ -90.850788, 30.700092 ], [ -90.851336, 30.70004 ], [ -90.85147, 30.70006 ], [ -90.85169, 30.700092 ], [ -90.851799, 30.700109 ], [ -90.852106, 30.700167 ], [ -90.852509, 30.69984 ], [ -90.8527, 30.699303 ], [ -90.852677, 30.698941 ], [ -90.8527, 30.698433 ], [ -90.852723, 30.698341 ], [ -90.852772, 30.698154 ], [ -90.852864, 30.697798 ], [ -90.852947, 30.697537 ], [ -90.853007, 30.697339 ], [ -90.853035, 30.697251 ], [ -90.853068, 30.69668 ], [ -90.853009, 30.696084 ], [ -90.852985, 30.695681 ], [ -90.853296, 30.695289 ], [ -90.853771, 30.695129 ], [ -90.854366, 30.69515 ], [ -90.854765, 30.695282 ], [ -90.855145, 30.695406 ], [ -90.855722, 30.695258 ], [ -90.85656, 30.695136 ], [ -90.857208, 30.695197 ], [ -90.85761, 30.695341 ], [ -90.857988, 30.695477 ], [ -90.858522, 30.695907 ], [ -90.858578, 30.695951 ], [ -90.858664, 30.696016 ], [ -90.859058, 30.696311 ], [ -90.859607, 30.696324 ], [ -90.860244, 30.696056 ], [ -90.860319, 30.695957 ], [ -90.860358, 30.695903 ], [ -90.860664, 30.6955 ], [ -90.860666, 30.695423 ], [ -90.860671, 30.695265 ], [ -90.860688, 30.69484 ], [ -90.860665, 30.694324 ], [ -90.860539, 30.693904 ], [ -90.860254, 30.69358 ], [ -90.859951, 30.693191 ], [ -90.859909, 30.692764 ], [ -90.860275, 30.692316 ], [ -90.86078, 30.692046 ], [ -90.861693, 30.691885 ], [ -90.862139, 30.691847 ], [ -90.862425, 30.691889 ], [ -90.862696, 30.691928 ], [ -90.86314, 30.692146 ], [ -90.863487, 30.692306 ], [ -90.863566, 30.692342 ], [ -90.863688, 30.692398 ], [ -90.86401, 30.692547 ], [ -90.864387, 30.69288 ], [ -90.864784, 30.693125 ], [ -90.865285, 30.693258 ], [ -90.865534, 30.693305 ], [ -90.865774, 30.693349 ], [ -90.866187, 30.69329 ], [ -90.866513, 30.693162 ], [ -90.866622, 30.693119 ], [ -90.866867, 30.69307 ], [ -90.867327, 30.692582 ], [ -90.867433, 30.692534 ], [ -90.86747, 30.692518 ], [ -90.867802, 30.692367 ], [ -90.867918, 30.692333 ], [ -90.868131, 30.692269 ], [ -90.868491, 30.692227 ], [ -90.869114, 30.692353 ], [ -90.869268, 30.692717 ], [ -90.869298, 30.692802 ], [ -90.86939, 30.693061 ], [ -90.86944, 30.693202 ], [ -90.869572, 30.69337 ], [ -90.869624, 30.693435 ], [ -90.869679, 30.693503 ], [ -90.869847, 30.693655 ], [ -90.869883, 30.693688 ], [ -90.869982, 30.693779 ], [ -90.870272, 30.693835 ], [ -90.870332, 30.693846 ], [ -90.870614, 30.693802 ], [ -90.870916, 30.693329 ], [ -90.870968, 30.693025 ], [ -90.871034, 30.692636 ], [ -90.871062, 30.692124 ], [ -90.871067, 30.692032 ], [ -90.87108, 30.691686 ], [ -90.870826, 30.690951 ], [ -90.870345, 30.690593 ], [ -90.87018, 30.690471 ], [ -90.870158, 30.690462 ], [ -90.869523, 30.690184 ], [ -90.869174, 30.689795 ], [ -90.869282, 30.689224 ], [ -90.869949, 30.688641 ], [ -90.870022, 30.688577 ], [ -90.870695, 30.688131 ], [ -90.87075, 30.68809 ], [ -90.870832, 30.688031 ], [ -90.871715, 30.68739 ], [ -90.872294, 30.68704 ], [ -90.873488, 30.686631 ], [ -90.874186, 30.686451 ], [ -90.875099, 30.686462 ], [ -90.875435, 30.686417 ], [ -90.876457, 30.686588 ], [ -90.876945, 30.686378 ], [ -90.877144, 30.685993 ], [ -90.8772, 30.685884 ], [ -90.877117, 30.685206 ], [ -90.877101, 30.685084 ], [ -90.877024, 30.684365 ], [ -90.877602, 30.683835 ], [ -90.8787, 30.683084 ], [ -90.878849, 30.682896 ], [ -90.879099, 30.682584 ], [ -90.878999, 30.682185 ], [ -90.878889, 30.681966 ], [ -90.878809, 30.681767 ], [ -90.878198, 30.6812 ], [ -90.877099, 30.680922 ], [ -90.877092, 30.680332 ], [ -90.877589, 30.679585 ], [ -90.87818, 30.679072 ], [ -90.878859, 30.679039 ], [ -90.879134, 30.679043 ], [ -90.879783, 30.678886 ], [ -90.880263, 30.678156 ], [ -90.881, 30.677585 ], [ -90.8819, 30.677685 ], [ -90.882073, 30.677661 ], [ -90.8826, 30.677585 ], [ -90.882816, 30.67755 ], [ -90.883904, 30.677369 ], [ -90.88485, 30.677136 ], [ -90.8851, 30.677084 ], [ -90.8854, 30.676984 ], [ -90.8856, 30.676884 ], [ -90.885812, 30.676587 ], [ -90.8858, 30.676284 ], [ -90.8858, 30.676084 ], [ -90.8858, 30.67548 ], [ -90.885735, 30.67494 ], [ -90.886514, 30.674165 ], [ -90.887601, 30.673785 ], [ -90.887746, 30.67375 ], [ -90.8884, 30.673584 ], [ -90.888564, 30.673612 ], [ -90.888999, 30.673683 ], [ -90.889105, 30.673684 ], [ -90.8897, 30.673685 ], [ -90.890054, 30.673769 ], [ -90.890176, 30.673784 ], [ -90.890279, 30.673835 ], [ -90.890315, 30.673874 ], [ -90.890486, 30.673701 ], [ -90.891, 30.673185 ], [ -90.890938, 30.673093 ], [ -90.890907, 30.672971 ], [ -90.890877, 30.672852 ], [ -90.890816, 30.672734 ], [ -90.890755, 30.67262 ], [ -90.890678, 30.672513 ], [ -90.890602, 30.672414 ], [ -90.890495, 30.672318 ], [ -90.890388, 30.672234 ], [ -90.890281, 30.672154 ], [ -90.890159, 30.672086 ], [ -90.890039, 30.67204 ], [ -90.889898, 30.671985 ], [ -90.888956, 30.671728 ], [ -90.888798, 30.671685 ], [ -90.888679, 30.671602 ], [ -90.888588, 30.671507 ], [ -90.888527, 30.671392 ], [ -90.888481, 30.671274 ], [ -90.888466, 30.671148 ], [ -90.888481, 30.671026 ], [ -90.888527, 30.670904 ], [ -90.888602, 30.670796 ], [ -90.888694, 30.670701 ], [ -90.888798, 30.670584 ], [ -90.88938, 30.670388 ], [ -90.889899, 30.670374 ], [ -90.890398, 30.670585 ], [ -90.891099, 30.670785 ], [ -90.891117, 30.670792 ], [ -90.891899, 30.671085 ], [ -90.892443, 30.671049 ], [ -90.892557, 30.671041 ], [ -90.893517, 30.670603 ], [ -90.893929, 30.670126 ], [ -90.895348, 30.669095 ], [ -90.896249, 30.66866 ], [ -90.896569, 30.668153 ], [ -90.89628, 30.667535 ], [ -90.895807, 30.667226 ], [ -90.894536, 30.666894 ], [ -90.8945, 30.666884 ], [ -90.894024, 30.666567 ], [ -90.893901, 30.666485 ], [ -90.893868, 30.665621 ], [ -90.894235, 30.664793 ], [ -90.894875, 30.66411 ], [ -90.895913, 30.663614 ], [ -90.896691, 30.663637 ], [ -90.8971, 30.663685 ], [ -90.897172, 30.663722 ], [ -90.89786, 30.664064 ], [ -90.897899, 30.664084 ], [ -90.899513, 30.664983 ], [ -90.900459, 30.665352 ], [ -90.901008, 30.665249 ], [ -90.901298, 30.664927 ], [ -90.90139, 30.664427 ], [ -90.90142, 30.664068 ], [ -90.901033, 30.663622 ], [ -90.9006, 30.663184 ], [ -90.899698, 30.662373 ], [ -90.899637, 30.66179 ], [ -90.89979, 30.661149 ], [ -90.900125, 30.660775 ], [ -90.900614, 30.660588 ], [ -90.901301, 30.660384 ], [ -90.901438, 30.660366 ], [ -90.902001, 30.660286 ], [ -90.902092, 30.660281 ], [ -90.902659, 30.660247 ], [ -90.903225, 30.659716 ], [ -90.903254, 30.659189 ], [ -90.903346, 30.658773 ], [ -90.90332, 30.658602 ], [ -90.903301, 30.658484 ], [ -90.903068, 30.658255 ], [ -90.902999, 30.658187 ], [ -90.902009, 30.658107 ], [ -90.90098, 30.6586 ], [ -90.900677, 30.658835 ], [ -90.900232, 30.658543 ], [ -90.899867, 30.658084 ], [ -90.899894, 30.657669 ], [ -90.900188, 30.657149 ], [ -90.900468, 30.656994 ], [ -90.900967, 30.656642 ], [ -90.901237, 30.655871 ], [ -90.901455, 30.655313 ], [ -90.902346, 30.654722 ], [ -90.90281, 30.654907 ], [ -90.903419, 30.654953 ], [ -90.904012, 30.655625 ], [ -90.904169, 30.655655 ], [ -90.9042, 30.655424 ], [ -90.904367, 30.654959 ], [ -90.904459, 30.654692 ], [ -90.904701, 30.654685 ], [ -90.905481, 30.654856 ], [ -90.906122, 30.655081 ], [ -90.906794, 30.655382 ], [ -90.907358, 30.655592 ], [ -90.907434, 30.656153 ], [ -90.907511, 30.656378 ], [ -90.907556, 30.656687 ], [ -90.907601, 30.656985 ], [ -90.907742, 30.657079 ], [ -90.907901, 30.657185 ], [ -90.908201, 30.657186 ], [ -90.908403, 30.656986 ], [ -90.908427, 30.65642 ], [ -90.908502, 30.656031 ], [ -90.908625, 30.65566 ], [ -90.908792, 30.65532 ], [ -90.909101, 30.655085 ], [ -90.909204, 30.654998 ], [ -90.909701, 30.654585 ], [ -90.909781, 30.65452 ], [ -90.910272, 30.654126 ], [ -90.910607, 30.653718 ], [ -90.910683, 30.653386 ], [ -90.910693, 30.653202 ], [ -90.9107, 30.653084 ], [ -90.911303, 30.652758 ], [ -90.911697, 30.652447 ], [ -90.911962, 30.652148 ], [ -90.912081, 30.651621 ], [ -90.912192, 30.651195 ], [ -90.91224, 30.65087 ], [ -90.912114, 30.650781 ], [ -90.911748, 30.650299 ], [ -90.911554, 30.650154 ], [ -90.911301, 30.649884 ], [ -90.910776, 30.649488 ], [ -90.910701, 30.649385 ], [ -90.906444, 30.649369 ], [ -90.905717, 30.649304 ], [ -90.90514, 30.649305 ], [ -90.894316, 30.649335 ], [ -90.894013, 30.649335 ], [ -90.884708, 30.649361 ], [ -90.881699, 30.649369 ], [ -90.877213, 30.649381 ], [ -90.87517, 30.649387 ], [ -90.875066, 30.649387 ], [ -90.869543, 30.649403 ], [ -90.863858, 30.649418 ], [ -90.853743, 30.649447 ], [ -90.85281, 30.649591 ], [ -90.852662, 30.649564 ], [ -90.852643, 30.649552 ], [ -90.85253, 30.64953 ], [ -90.852224, 30.649521 ], [ -90.850897, 30.649486 ], [ -90.850455, 30.649475 ], [ -90.85028, 30.64947 ], [ -90.850014, 30.649456 ], [ -90.849611, 30.649458 ], [ -90.844348, 30.649471 ], [ -90.83907, 30.649486 ], [ -90.839057, 30.649486 ], [ -90.835592, 30.649495 ], [ -90.816295, 30.649544 ], [ -90.80774, 30.649565 ], [ -90.803451, 30.649589 ], [ -90.803282, 30.649591 ], [ -90.802275, 30.649597 ], [ -90.801844, 30.649597 ], [ -90.793199, 30.649651 ], [ -90.785508, 30.649694 ], [ -90.779996, 30.649724 ], [ -90.775709, 30.649748 ], [ -90.765267, 30.649807 ], [ -90.763319, 30.649819 ], [ -90.756595, 30.649857 ], [ -90.75021, 30.649893 ], [ -90.744454, 30.649771 ], [ -90.737686, 30.649627 ], [ -90.735886, 30.64959 ], [ -90.71918, 30.649679 ], [ -90.706, 30.649753 ], [ -90.703505, 30.649766 ], [ -90.697617, 30.649798 ], [ -90.695683, 30.649808 ], [ -90.69198, 30.649828 ], [ -90.691288, 30.64983 ], [ -90.671152, 30.649884 ], [ -90.662882, 30.649906 ], [ -90.657502, 30.649893 ], [ -90.654066, 30.649884 ], [ -90.651845, 30.64988 ], [ -90.643606, 30.649875 ], [ -90.634595, 30.649869 ], [ -90.625139, 30.649863 ], [ -90.62205, 30.649911 ], [ -90.621996, 30.64991 ], [ -90.621624, 30.64991 ], [ -90.616077, 30.649894 ], [ -90.61513, 30.64985 ], [ -90.607253, 30.649825 ], [ -90.606003, 30.649868 ], [ -90.603118, 30.649892 ], [ -90.600767, 30.64991 ], [ -90.59894, 30.64989 ], [ -90.598165, 30.649881 ], [ -90.597811, 30.649878 ], [ -90.597533, 30.649815 ], [ -90.596154, 30.64986 ], [ -90.588451, 30.649989 ], [ -90.587603, 30.650006 ], [ -90.584584, 30.650052 ], [ -90.584463, 30.650054 ], [ -90.584428, 30.650053 ], [ -90.584393, 30.650052 ], [ -90.583857, 30.650046 ], [ -90.579946, 30.650006 ], [ -90.573788, 30.65001 ], [ -90.568463, 30.650014 ], [ -90.567126, 30.650015 ], [ -90.567126, 30.64977 ], [ -90.56714, 30.643089 ], [ -90.567146, 30.640098 ], [ -90.567148, 30.639061 ], [ -90.567165, 30.631142 ], [ -90.567176, 30.625532 ], [ -90.56717, 30.624177 ], [ -90.567166, 30.62335 ], [ -90.567162, 30.622419 ], [ -90.567119, 30.614038 ], [ -90.567101, 30.612944 ], [ -90.567092, 30.610723 ], [ -90.567084, 30.60823 ], [ -90.567068, 30.604063 ], [ -90.567061, 30.601843 ], [ -90.567061, 30.601803 ], [ -90.567061, 30.601686 ], [ -90.567061, 30.601647 ], [ -90.567056, 30.601183 ], [ -90.567042, 30.599793 ], [ -90.567038, 30.59933 ], [ -90.567037, 30.599287 ], [ -90.567037, 30.599187 ], [ -90.567037, 30.599162 ], [ -90.567037, 30.59912 ], [ -90.567036, 30.598467 ], [ -90.567035, 30.597547 ], [ -90.567034, 30.59651 ], [ -90.567034, 30.596039 ], [ -90.567035, 30.595858 ], [ -90.567023, 30.594303 ], [ -90.567013, 30.592896 ], [ -90.567008, 30.591879 ], [ -90.567014, 30.588084 ], [ -90.567016, 30.58698 ], [ -90.56702, 30.584348 ], [ -90.567025, 30.581531 ], [ -90.567032, 30.577053 ], [ -90.567043, 30.570389 ], [ -90.567045, 30.568543 ], [ -90.567058, 30.560487 ], [ -90.567078, 30.548013 ], [ -90.567076, 30.547909 ], [ -90.567059, 30.546285 ], [ -90.567052, 30.545689 ], [ -90.567043, 30.544874 ], [ -90.567035, 30.544201 ], [ -90.567014, 30.542615 ], [ -90.566991, 30.540586 ], [ -90.566987, 30.539934 ], [ -90.566945, 30.536211 ], [ -90.56701, 30.53522 ], [ -90.567011, 30.535159 ], [ -90.567012, 30.535137 ], [ -90.567003, 30.534983 ], [ -90.567003, 30.534949 ], [ -90.567001, 30.534925 ], [ -90.566999, 30.534827 ], [ -90.566993, 30.534534 ], [ -90.566991, 30.534437 ], [ -90.566989, 30.534354 ], [ -90.566984, 30.534107 ], [ -90.566983, 30.534025 ], [ -90.566974, 30.533623 ], [ -90.566971, 30.53345 ], [ -90.566969, 30.532984 ], [ -90.566973, 30.532417 ], [ -90.566975, 30.532185 ], [ -90.566979, 30.532016 ], [ -90.56698, 30.531946 ], [ -90.566981, 30.531912 ], [ -90.566985, 30.531737 ], [ -90.566987, 30.531668 ], [ -90.566987, 30.531641 ], [ -90.566988, 30.531604 ], [ -90.566986, 30.531563 ], [ -90.566985, 30.531537 ], [ -90.566983, 30.531193 ], [ -90.566981, 30.530808 ], [ -90.56699, 30.530498 ], [ -90.566991, 30.530162 ], [ -90.566993, 30.529919 ], [ -90.56699, 30.529819 ], [ -90.566988, 30.529767 ], [ -90.566982, 30.529611 ], [ -90.566981, 30.52956 ], [ -90.566975, 30.529376 ], [ -90.566965, 30.529052 ], [ -90.566961, 30.528825 ], [ -90.566959, 30.528642 ], [ -90.566957, 30.528545 ], [ -90.566954, 30.528316 ], [ -90.566951, 30.528257 ], [ -90.566948, 30.528161 ], [ -90.566936, 30.527868 ], [ -90.566922, 30.5275 ], [ -90.566922, 30.52699 ], [ -90.566923, 30.526698 ], [ -90.566917, 30.526584 ], [ -90.566903, 30.526243 ], [ -90.5669, 30.52613 ], [ -90.566894, 30.525633 ], [ -90.566879, 30.524147 ], [ -90.566875, 30.523653 ], [ -90.566866, 30.523554 ], [ -90.566852, 30.523496 ], [ -90.566815, 30.523427 ], [ -90.566794, 30.523401 ], [ -90.566748, 30.518816 ], [ -90.566757, 30.517902 ], [ -90.566757, 30.517803 ], [ -90.566765, 30.516978 ], [ -90.566782, 30.514971 ], [ -90.566822, 30.510554 ], [ -90.56683, 30.509654 ], [ -90.566845, 30.507899 ], [ -90.566869, 30.50524 ], [ -90.566871, 30.505046 ], [ -90.566877, 30.504328 ], [ -90.56689, 30.502788 ], [ -90.566913, 30.500199 ], [ -90.566935, 30.498386 ], [ -90.566796, 30.498078 ], [ -90.566795, 30.4977 ], [ -90.566793, 30.496725 ], [ -90.566773, 30.495445 ], [ -90.566769, 30.495076 ], [ -90.566767, 30.494778 ], [ -90.566756, 30.494202 ], [ -90.566769, 30.494194 ], [ -90.566747, 30.492815 ], [ -90.566864, 30.488497 ], [ -90.566903, 30.487119 ], [ -90.566906, 30.48706 ], [ -90.566768, 30.487058 ], [ -90.56648, 30.487045 ], [ -90.566399, 30.48705 ], [ -90.566112, 30.48705 ], [ -90.565865, 30.487059 ], [ -90.565579, 30.487088 ], [ -90.565415, 30.487095 ], [ -90.565333, 30.487103 ], [ -90.56521, 30.487107 ], [ -90.564794, 30.487085 ], [ -90.56478, 30.48708 ], [ -90.56468, 30.487048 ], [ -90.564606, 30.487019 ], [ -90.564534, 30.486979 ], [ -90.564503, 30.486959 ], [ -90.564411, 30.486888 ], [ -90.564385, 30.486861 ], [ -90.564237, 30.486739 ], [ -90.563869, 30.486455 ], [ -90.563613, 30.486275 ], [ -90.563455, 30.48616 ], [ -90.563336, 30.486062 ], [ -90.56328, 30.486011 ], [ -90.563247, 30.485989 ], [ -90.563198, 30.485933 ], [ -90.563085, 30.485781 ], [ -90.563019, 30.485653 ], [ -90.562998, 30.485623 ], [ -90.562898, 30.48543 ], [ -90.562887, 30.485397 ], [ -90.562855, 30.485333 ], [ -90.562833, 30.485266 ], [ -90.562805, 30.485201 ], [ -90.562772, 30.485137 ], [ -90.562748, 30.485071 ], [ -90.562712, 30.484935 ], [ -90.562691, 30.484869 ], [ -90.562665, 30.484731 ], [ -90.562639, 30.484665 ], [ -90.56249, 30.484449 ], [ -90.562414, 30.484322 ], [ -90.562379, 30.484258 ], [ -90.562338, 30.484196 ], [ -90.562313, 30.484168 ], [ -90.562269, 30.484107 ], [ -90.56222, 30.48405 ], [ -90.562078, 30.483978 ], [ -90.562038, 30.483967 ], [ -90.561877, 30.483936 ], [ -90.561755, 30.483927 ], [ -90.561631, 30.48393 ], [ -90.561551, 30.483942 ], [ -90.561226, 30.483969 ], [ -90.561062, 30.483951 ], [ -90.560779, 30.4839 ], [ -90.560741, 30.483888 ], [ -90.560662, 30.483872 ], [ -90.560579, 30.48386 ], [ -90.560452, 30.483862 ], [ -90.560411, 30.483868 ], [ -90.560372, 30.483881 ], [ -90.560057, 30.483952 ], [ -90.559976, 30.483962 ], [ -90.559815, 30.483988 ], [ -90.559733, 30.483994 ], [ -90.55953, 30.484022 ], [ -90.559163, 30.484061 ], [ -90.559042, 30.484078 ], [ -90.559002, 30.484089 ], [ -90.558922, 30.484105 ], [ -90.558843, 30.484125 ], [ -90.558569, 30.484213 ], [ -90.558499, 30.484249 ], [ -90.558389, 30.484357 ], [ -90.558303, 30.484432 ], [ -90.558272, 30.484454 ], [ -90.558042, 30.484659 ], [ -90.558002, 30.484672 ], [ -90.557931, 30.484709 ], [ -90.557853, 30.48473 ], [ -90.557819, 30.484735 ], [ -90.557663, 30.484781 ], [ -90.557622, 30.484781 ], [ -90.557584, 30.484796 ], [ -90.557451, 30.48488 ], [ -90.557373, 30.484899 ], [ -90.557331, 30.484894 ], [ -90.557179, 30.484844 ], [ -90.557157, 30.484831 ], [ -90.557144, 30.484824 ], [ -90.557017, 30.484735 ], [ -90.556979, 30.48472 ], [ -90.556954, 30.484716 ], [ -90.556933, 30.484707 ], [ -90.55692, 30.484681 ], [ -90.556897, 30.484651 ], [ -90.556818, 30.484567 ], [ -90.55681, 30.484553 ], [ -90.556733, 30.484406 ], [ -90.556669, 30.484235 ], [ -90.556651, 30.484165 ], [ -90.556644, 30.484094 ], [ -90.556646, 30.484058 ], [ -90.556638, 30.483987 ], [ -90.556643, 30.483952 ], [ -90.55665, 30.483926 ], [ -90.556702, 30.483745 ], [ -90.556713, 30.483718 ], [ -90.556732, 30.483678 ], [ -90.556773, 30.483617 ], [ -90.556933, 30.483412 ], [ -90.556972, 30.483348 ], [ -90.557014, 30.483288 ], [ -90.557041, 30.483261 ], [ -90.55713, 30.483141 ], [ -90.557191, 30.483048 ], [ -90.557229, 30.482984 ], [ -90.557255, 30.482916 ], [ -90.557273, 30.482846 ], [ -90.557279, 30.482829 ], [ -90.557286, 30.482813 ], [ -90.557302, 30.482743 ], [ -90.557289, 30.482564 ], [ -90.557266, 30.4821 ], [ -90.557263, 30.481957 ], [ -90.557309, 30.48142 ], [ -90.557321, 30.481349 ], [ -90.557388, 30.481069 ], [ -90.557435, 30.480931 ], [ -90.557555, 30.480703 ], [ -90.557595, 30.48064 ], [ -90.557645, 30.480583 ], [ -90.557699, 30.480529 ], [ -90.557801, 30.480416 ], [ -90.55788, 30.480333 ], [ -90.558099, 30.480119 ], [ -90.558177, 30.480035 ], [ -90.558225, 30.479976 ], [ -90.55823, 30.479967 ], [ -90.558247, 30.479946 ], [ -90.558278, 30.479879 ], [ -90.558291, 30.479845 ], [ -90.55831, 30.479775 ], [ -90.558337, 30.479671 ], [ -90.558342, 30.479599 ], [ -90.558317, 30.479386 ], [ -90.558275, 30.479162 ], [ -90.558233, 30.478938 ], [ -90.558229, 30.478919 ], [ -90.558177, 30.478642 ], [ -90.558134, 30.478394 ], [ -90.55813, 30.478359 ], [ -90.558127, 30.478181 ], [ -90.558201, 30.477865 ], [ -90.558226, 30.477797 ], [ -90.558299, 30.477629 ], [ -90.558311, 30.477595 ], [ -90.558331, 30.477488 ], [ -90.558331, 30.477452 ], [ -90.558299, 30.477386 ], [ -90.558279, 30.477354 ], [ -90.558247, 30.477288 ], [ -90.558204, 30.477227 ], [ -90.558177, 30.477199 ], [ -90.558017, 30.47709 ], [ -90.557978, 30.477079 ], [ -90.557902, 30.477049 ], [ -90.557537, 30.476975 ], [ -90.557498, 30.476965 ], [ -90.556928, 30.47687 ], [ -90.556845, 30.476867 ], [ -90.556517, 30.476836 ], [ -90.556499, 30.476833 ], [ -90.556435, 30.476826 ], [ -90.556312, 30.476822 ], [ -90.555938, 30.476853 ], [ -90.555897, 30.476851 ], [ -90.555856, 30.476848 ], [ -90.555486, 30.476791 ], [ -90.555407, 30.476771 ], [ -90.55533, 30.476747 ], [ -90.555294, 30.476728 ], [ -90.555229, 30.476685 ], [ -90.554989, 30.476544 ], [ -90.554891, 30.476478 ], [ -90.554771, 30.47638 ], [ -90.554709, 30.476333 ], [ -90.554651, 30.476282 ], [ -90.554485, 30.476121 ], [ -90.554379, 30.47601 ], [ -90.554262, 30.47591 ], [ -90.55423, 30.475887 ], [ -90.554128, 30.475826 ], [ -90.55405, 30.475801 ], [ -90.554014, 30.475784 ], [ -90.553974, 30.475774 ], [ -90.553892, 30.475763 ], [ -90.55385, 30.475759 ], [ -90.553809, 30.475759 ], [ -90.553528, 30.47582 ], [ -90.553332, 30.475875 ], [ -90.553251, 30.475892 ], [ -90.553169, 30.475897 ], [ -90.553127, 30.475893 ], [ -90.553054, 30.47586 ], [ -90.553018, 30.475841 ], [ -90.552922, 30.475774 ], [ -90.552896, 30.475745 ], [ -90.552862, 30.475642 ], [ -90.552844, 30.475572 ], [ -90.552846, 30.475501 ], [ -90.552843, 30.475465 ], [ -90.552812, 30.475287 ], [ -90.552797, 30.475145 ], [ -90.552799, 30.475109 ], [ -90.552791, 30.474753 ], [ -90.552791, 30.474682 ], [ -90.552786, 30.474612 ], [ -90.552788, 30.47454 ], [ -90.552802, 30.47447 ], [ -90.552832, 30.474365 ], [ -90.552886, 30.47423 ], [ -90.552905, 30.474198 ], [ -90.552953, 30.47414 ], [ -90.552974, 30.474109 ], [ -90.553048, 30.474022 ], [ -90.553348, 30.473777 ], [ -90.553668, 30.473549 ], [ -90.553761, 30.473477 ], [ -90.554025, 30.473253 ], [ -90.554228, 30.473025 ], [ -90.554276, 30.472966 ], [ -90.554319, 30.472905 ], [ -90.554337, 30.472873 ], [ -90.554358, 30.472804 ], [ -90.554376, 30.472734 ], [ -90.554418, 30.472595 ], [ -90.55442, 30.47256 ], [ -90.554397, 30.472381 ], [ -90.554372, 30.472312 ], [ -90.554305, 30.472181 ], [ -90.554286, 30.472149 ], [ -90.55424, 30.472089 ], [ -90.554139, 30.472025 ], [ -90.554103, 30.472008 ], [ -90.554023, 30.47199 ], [ -90.553984, 30.471977 ], [ -90.553905, 30.471957 ], [ -90.553657, 30.471946 ], [ -90.553574, 30.471948 ], [ -90.553534, 30.471954 ], [ -90.553494, 30.471964 ], [ -90.553414, 30.471985 ], [ -90.553301, 30.472029 ], [ -90.553229, 30.472064 ], [ -90.55308, 30.472125 ], [ -90.552969, 30.472173 ], [ -90.552899, 30.47221 ], [ -90.55286, 30.472223 ], [ -90.552739, 30.472246 ], [ -90.552617, 30.472262 ], [ -90.552535, 30.472269 ], [ -90.552374, 30.472236 ], [ -90.552336, 30.472223 ], [ -90.552253, 30.472142 ], [ -90.552203, 30.472086 ], [ -90.552191, 30.472051 ], [ -90.552182, 30.471983 ], [ -90.552177, 30.471944 ], [ -90.552181, 30.471909 ], [ -90.552205, 30.471803 ], [ -90.55232, 30.471499 ], [ -90.552349, 30.471432 ], [ -90.55242, 30.471189 ], [ -90.552422, 30.471119 ], [ -90.55242, 30.471054 ], [ -90.552404, 30.470912 ], [ -90.552384, 30.470843 ], [ -90.552336, 30.470706 ], [ -90.552217, 30.470476 ], [ -90.552017, 30.470044 ], [ -90.551999, 30.470011 ], [ -90.551941, 30.469916 ], [ -90.551918, 30.469886 ], [ -90.551794, 30.469742 ], [ -90.551747, 30.469684 ], [ -90.551718, 30.469659 ], [ -90.551657, 30.46961 ], [ -90.551467, 30.469474 ], [ -90.551369, 30.469409 ], [ -90.551128, 30.469268 ], [ -90.551029, 30.469203 ], [ -90.550934, 30.469134 ], [ -90.550892, 30.469089 ], [ -90.550728, 30.46891 ], [ -90.550719, 30.468899 ], [ -90.55068, 30.468852 ], [ -90.550601, 30.468769 ], [ -90.550482, 30.468624 ], [ -90.550429, 30.468569 ], [ -90.550357, 30.468482 ], [ -90.550226, 30.468301 ], [ -90.55012, 30.468147 ], [ -90.550099, 30.46809 ], [ -90.550033, 30.467909 ], [ -90.550012, 30.467802 ], [ -90.550017, 30.467767 ], [ -90.550044, 30.467662 ], [ -90.550105, 30.46753 ], [ -90.550133, 30.467462 ], [ -90.550176, 30.467401 ], [ -90.550202, 30.467373 ], [ -90.550296, 30.467256 ], [ -90.550394, 30.467189 ], [ -90.550469, 30.467159 ], [ -90.550579, 30.467108 ], [ -90.550612, 30.467087 ], [ -90.550737, 30.466993 ], [ -90.550802, 30.466949 ], [ -90.550862, 30.466899 ], [ -90.550969, 30.466746 ], [ -90.550982, 30.466711 ], [ -90.551, 30.466498 ], [ -90.550999, 30.466462 ], [ -90.550989, 30.466428 ], [ -90.550853, 30.466167 ], [ -90.550739, 30.466018 ], [ -90.550643, 30.465901 ], [ -90.550574, 30.465811 ], [ -90.550532, 30.465749 ], [ -90.550491, 30.465688 ], [ -90.550459, 30.465622 ], [ -90.550437, 30.465553 ], [ -90.550422, 30.465483 ], [ -90.550408, 30.46545 ], [ -90.550394, 30.46538 ], [ -90.550417, 30.465095 ], [ -90.550431, 30.46505 ], [ -90.550439, 30.465027 ], [ -90.550538, 30.464829 ], [ -90.550562, 30.4648 ], [ -90.550721, 30.464634 ], [ -90.550867, 30.464508 ], [ -90.550912, 30.464472 ], [ -90.550928, 30.46446 ], [ -90.55098, 30.464404 ], [ -90.55109, 30.464254 ], [ -90.55117, 30.464129 ], [ -90.551234, 30.463996 ], [ -90.551264, 30.463893 ], [ -90.551271, 30.463858 ], [ -90.551292, 30.46379 ], [ -90.551302, 30.463648 ], [ -90.551307, 30.463613 ], [ -90.551313, 30.463469 ], [ -90.55131, 30.463217 ], [ -90.551317, 30.463182 ], [ -90.551351, 30.463117 ], [ -90.551371, 30.463085 ], [ -90.551424, 30.46303 ], [ -90.551458, 30.463011 ], [ -90.551617, 30.46297 ], [ -90.551658, 30.462963 ], [ -90.551781, 30.46296 ], [ -90.551987, 30.462969 ], [ -90.552112, 30.462984 ], [ -90.552276, 30.463005 ], [ -90.552359, 30.463009 ], [ -90.552483, 30.46301 ], [ -90.552566, 30.463006 ], [ -90.55269, 30.463006 ], [ -90.552727, 30.462991 ], [ -90.552854, 30.462921 ], [ -90.55295, 30.462803 ], [ -90.552963, 30.46277 ], [ -90.552979, 30.462663 ], [ -90.552985, 30.462557 ], [ -90.552978, 30.462521 ], [ -90.552974, 30.46245 ], [ -90.552963, 30.462379 ], [ -90.552912, 30.462169 ], [ -90.552891, 30.462101 ], [ -90.552861, 30.462034 ], [ -90.552776, 30.461759 ], [ -90.552752, 30.461546 ], [ -90.552749, 30.461474 ], [ -90.552752, 30.461403 ], [ -90.552749, 30.461367 ], [ -90.552763, 30.46126 ], [ -90.552773, 30.461226 ], [ -90.552792, 30.461193 ], [ -90.552819, 30.461126 ], [ -90.552846, 30.461099 ], [ -90.552894, 30.46104 ], [ -90.552925, 30.461016 ], [ -90.553002, 30.46099 ], [ -90.553119, 30.460957 ], [ -90.553199, 30.460937 ], [ -90.553239, 30.46093 ], [ -90.553484, 30.460905 ], [ -90.553608, 30.460901 ], [ -90.553686, 30.460874 ], [ -90.553689, 30.460839 ], [ -90.55369, 30.460767 ], [ -90.553683, 30.460731 ], [ -90.553638, 30.460631 ], [ -90.553599, 30.460568 ], [ -90.553534, 30.460476 ], [ -90.553356, 30.460236 ], [ -90.553308, 30.460178 ], [ -90.553276, 30.460111 ], [ -90.553253, 30.460043 ], [ -90.553235, 30.459973 ], [ -90.553172, 30.459765 ], [ -90.553109, 30.459595 ], [ -90.553066, 30.459495 ], [ -90.552944, 30.459266 ], [ -90.552846, 30.459031 ], [ -90.552835, 30.458997 ], [ -90.552816, 30.458782 ], [ -90.552822, 30.458746 ], [ -90.55289, 30.458615 ], [ -90.55291, 30.458583 ], [ -90.552937, 30.458556 ], [ -90.553137, 30.458427 ], [ -90.553249, 30.458321 ], [ -90.553274, 30.458292 ], [ -90.553289, 30.458259 ], [ -90.553321, 30.458155 ], [ -90.553326, 30.458119 ], [ -90.553283, 30.458018 ], [ -90.553258, 30.45799 ], [ -90.553158, 30.457924 ], [ -90.553084, 30.457892 ], [ -90.553044, 30.457884 ], [ -90.552515, 30.457969 ], [ -90.552393, 30.457982 ], [ -90.55231, 30.457985 ], [ -90.552186, 30.45798 ], [ -90.552105, 30.457965 ], [ -90.55207, 30.457945 ], [ -90.551946, 30.45785 ], [ -90.551911, 30.45783 ], [ -90.551881, 30.457805 ], [ -90.551834, 30.457746 ], [ -90.551815, 30.457714 ], [ -90.551804, 30.457679 ], [ -90.551821, 30.457536 ], [ -90.551829, 30.457502 ], [ -90.551852, 30.457471 ], [ -90.551937, 30.457393 ], [ -90.55201, 30.457306 ], [ -90.552054, 30.457246 ], [ -90.552185, 30.457109 ], [ -90.552207, 30.457078 ], [ -90.552228, 30.457009 ], [ -90.552232, 30.456974 ], [ -90.55223, 30.456938 ], [ -90.552221, 30.456903 ], [ -90.552159, 30.45681 ], [ -90.552103, 30.456757 ], [ -90.552068, 30.456738 ], [ -90.551918, 30.456678 ], [ -90.551836, 30.456664 ], [ -90.551795, 30.456661 ], [ -90.55167, 30.456659 ], [ -90.551547, 30.456644 ], [ -90.551498, 30.456635 ], [ -90.55134, 30.456587 ], [ -90.551304, 30.456569 ], [ -90.551126, 30.456418 ], [ -90.551101, 30.45639 ], [ -90.551083, 30.456357 ], [ -90.551071, 30.456323 ], [ -90.551059, 30.456216 ], [ -90.551058, 30.45618 ], [ -90.551061, 30.456144 ], [ -90.551071, 30.456109 ], [ -90.551225, 30.45594 ], [ -90.551265, 30.455877 ], [ -90.551396, 30.455696 ], [ -90.551436, 30.455633 ], [ -90.551474, 30.455569 ], [ -90.551521, 30.455469 ], [ -90.551582, 30.455336 ], [ -90.551592, 30.455301 ], [ -90.551599, 30.455266 ], [ -90.551606, 30.455195 ], [ -90.551607, 30.455161 ], [ -90.551614, 30.454944 ], [ -90.551625, 30.454766 ], [ -90.551625, 30.454658 ], [ -90.551618, 30.454515 ], [ -90.551609, 30.454444 ], [ -90.551581, 30.454122 ], [ -90.551561, 30.454091 ], [ -90.551482, 30.454007 ], [ -90.551389, 30.453937 ], [ -90.551352, 30.453921 ], [ -90.551237, 30.453881 ], [ -90.551158, 30.453861 ], [ -90.55104, 30.453828 ], [ -90.551001, 30.453815 ], [ -90.550643, 30.453725 ], [ -90.550483, 30.453688 ], [ -90.550406, 30.453659 ], [ -90.550369, 30.453643 ], [ -90.549992, 30.453422 ], [ -90.54997, 30.453401 ], [ -90.549915, 30.453337 ], [ -90.549875, 30.453274 ], [ -90.549766, 30.453121 ], [ -90.549734, 30.453055 ], [ -90.54971, 30.452987 ], [ -90.549614, 30.452383 ], [ -90.549568, 30.451992 ], [ -90.549545, 30.451743 ], [ -90.549515, 30.451493 ], [ -90.54951, 30.451422 ], [ -90.549445, 30.450995 ], [ -90.549438, 30.45096 ], [ -90.549422, 30.450927 ], [ -90.549316, 30.450731 ], [ -90.549212, 30.450619 ], [ -90.549184, 30.450593 ], [ -90.549102, 30.450548 ], [ -90.548973, 30.450478 ], [ -90.548895, 30.450452 ], [ -90.548578, 30.450362 ], [ -90.548539, 30.450349 ], [ -90.548504, 30.45033 ], [ -90.548444, 30.450281 ], [ -90.548416, 30.450254 ], [ -90.548298, 30.450154 ], [ -90.548186, 30.450048 ], [ -90.548161, 30.450019 ], [ -90.548119, 30.449957 ], [ -90.548021, 30.449722 ], [ -90.54799, 30.449655 ], [ -90.547889, 30.449421 ], [ -90.547839, 30.449323 ], [ -90.547815, 30.449294 ], [ -90.547582, 30.449088 ], [ -90.547551, 30.449064 ], [ -90.54745, 30.449002 ], [ -90.547172, 30.448844 ], [ -90.547136, 30.448826 ], [ -90.546865, 30.448735 ], [ -90.54679, 30.448704 ], [ -90.546683, 30.448649 ], [ -90.546625, 30.448615 ], [ -90.546535, 30.448494 ], [ -90.546497, 30.448391 ], [ -90.546493, 30.448355 ], [ -90.546506, 30.448033 ], [ -90.546505, 30.447962 ], [ -90.54658, 30.447647 ], [ -90.546591, 30.447612 ], [ -90.546606, 30.447579 ], [ -90.546655, 30.447442 ], [ -90.546732, 30.447275 ], [ -90.546834, 30.447079 ], [ -90.546872, 30.447015 ], [ -90.546977, 30.44682 ], [ -90.547118, 30.44652 ], [ -90.547234, 30.446214 ], [ -90.547251, 30.446144 ], [ -90.547259, 30.446073 ], [ -90.547234, 30.445786 ], [ -90.547214, 30.445717 ], [ -90.547088, 30.445533 ], [ -90.547042, 30.445473 ], [ -90.546951, 30.445273 ], [ -90.546947, 30.445166 ], [ -90.546953, 30.445131 ], [ -90.546974, 30.445099 ], [ -90.547032, 30.445047 ], [ -90.547067, 30.445031 ], [ -90.547144, 30.445004 ], [ -90.547184, 30.444994 ], [ -90.547261, 30.444966 ], [ -90.547424, 30.444973 ], [ -90.547464, 30.44497 ], [ -90.547587, 30.444972 ], [ -90.547834, 30.44498 ], [ -90.547875, 30.444985 ], [ -90.54804, 30.444993 ], [ -90.548081, 30.444992 ], [ -90.548205, 30.444982 ], [ -90.548247, 30.444977 ], [ -90.548286, 30.444965 ], [ -90.548323, 30.444949 ], [ -90.548355, 30.444927 ], [ -90.548455, 30.444812 ], [ -90.548476, 30.444781 ], [ -90.54849, 30.444747 ], [ -90.548551, 30.444577 ], [ -90.548567, 30.444544 ], [ -90.54859, 30.444514 ], [ -90.548616, 30.444486 ], [ -90.548683, 30.444443 ], [ -90.548718, 30.444423 ], [ -90.548797, 30.444391 ], [ -90.548831, 30.444378 ], [ -90.54895, 30.444349 ], [ -90.548991, 30.444344 ], [ -90.54911, 30.444314 ], [ -90.549346, 30.444247 ], [ -90.549503, 30.444198 ], [ -90.549574, 30.444162 ], [ -90.549677, 30.444101 ], [ -90.549799, 30.443956 ], [ -90.549819, 30.443925 ], [ -90.549877, 30.443716 ], [ -90.5499, 30.443647 ], [ -90.54994, 30.443544 ], [ -90.550026, 30.443421 ], [ -90.550201, 30.443222 ], [ -90.550367, 30.442973 ], [ -90.550424, 30.442878 ], [ -90.550457, 30.442813 ], [ -90.550591, 30.442593 ], [ -90.550606, 30.442559 ], [ -90.550612, 30.442524 ], [ -90.550615, 30.442489 ], [ -90.550608, 30.442301 ], [ -90.550597, 30.442274 ], [ -90.550569, 30.442244 ], [ -90.550459, 30.44214 ], [ -90.550428, 30.442116 ], [ -90.550399, 30.4421 ], [ -90.550218, 30.442 ], [ -90.55014, 30.441978 ], [ -90.549951, 30.441909 ], [ -90.549789, 30.441832 ], [ -90.549588, 30.441738 ], [ -90.549568, 30.441728 ], [ -90.54951, 30.4417 ], [ -90.549493, 30.441689 ], [ -90.549185, 30.441486 ], [ -90.54915, 30.441467 ], [ -90.549103, 30.441435 ], [ -90.549085, 30.441423 ], [ -90.548941, 30.441293 ], [ -90.548914, 30.441266 ], [ -90.548527, 30.440801 ], [ -90.548441, 30.440678 ], [ -90.548241, 30.440351 ], [ -90.548117, 30.440148 ], [ -90.548014, 30.43998 ], [ -90.547999, 30.439955 ], [ -90.547953, 30.439876 ], [ -90.547815, 30.43964 ], [ -90.547771, 30.439562 ], [ -90.547719, 30.439477 ], [ -90.547676, 30.439416 ], [ -90.547554, 30.439256 ], [ -90.547289, 30.438908 ], [ -90.547201, 30.438832 ], [ -90.547049, 30.43871 ], [ -90.546786, 30.438445 ], [ -90.546778, 30.438437 ], [ -90.546654, 30.438342 ], [ -90.54653, 30.438177 ], [ -90.546518, 30.438161 ], [ -90.546478, 30.438098 ], [ -90.54642, 30.437955 ], [ -90.546341, 30.437722 ], [ -90.546299, 30.437583 ], [ -90.546261, 30.437481 ], [ -90.546231, 30.437415 ], [ -90.546166, 30.437255 ], [ -90.546095, 30.437077 ], [ -90.546072, 30.437026 ], [ -90.54605, 30.436977 ], [ -90.545937, 30.436746 ], [ -90.545924, 30.436712 ], [ -90.545924, 30.436675 ], [ -90.54594, 30.436643 ], [ -90.545999, 30.436592 ], [ -90.546091, 30.43652 ], [ -90.546128, 30.436502 ], [ -90.546166, 30.436488 ], [ -90.546274, 30.436435 ], [ -90.546344, 30.436397 ], [ -90.546373, 30.436377 ], [ -90.54641, 30.436353 ], [ -90.546545, 30.436171 ], [ -90.546562, 30.436139 ], [ -90.546568, 30.436103 ], [ -90.546579, 30.435996 ], [ -90.546579, 30.435961 ], [ -90.546564, 30.435929 ], [ -90.546512, 30.435874 ], [ -90.546481, 30.43585 ], [ -90.546364, 30.435747 ], [ -90.546341, 30.435717 ], [ -90.546309, 30.435651 ], [ -90.546319, 30.435622 ], [ -90.546371, 30.435565 ], [ -90.546454, 30.435441 ], [ -90.546492, 30.435377 ], [ -90.5465, 30.435342 ], [ -90.5465, 30.435306 ], [ -90.546493, 30.43527 ], [ -90.546478, 30.435237 ], [ -90.546423, 30.435183 ], [ -90.54636, 30.435137 ], [ -90.546324, 30.435118 ], [ -90.546284, 30.435109 ], [ -90.546207, 30.435084 ], [ -90.54617, 30.435067 ], [ -90.546137, 30.435045 ], [ -90.546081, 30.434992 ], [ -90.546004, 30.434908 ], [ -90.545988, 30.434875 ], [ -90.545979, 30.43484 ], [ -90.545977, 30.434804 ], [ -90.546045, 30.434597 ], [ -90.54608, 30.434532 ], [ -90.546127, 30.434433 ], [ -90.54615, 30.434402 ], [ -90.546178, 30.434376 ], [ -90.546206, 30.434136 ], [ -90.546212, 30.43409 ], [ -90.546207, 30.433839 ], [ -90.546219, 30.433768 ], [ -90.546279, 30.433449 ], [ -90.546345, 30.433221 ], [ -90.546379, 30.433102 ], [ -90.546386, 30.433066 ], [ -90.546416, 30.433 ], [ -90.546432, 30.432955 ], [ -90.546441, 30.432932 ], [ -90.546457, 30.432899 ], [ -90.546648, 30.432428 ], [ -90.546729, 30.432264 ], [ -90.54677, 30.432186 ], [ -90.546869, 30.432003 ], [ -90.546889, 30.431934 ], [ -90.546892, 30.43187 ], [ -90.5469, 30.431703 ], [ -90.546896, 30.431681 ], [ -90.546889, 30.431631 ], [ -90.546887, 30.431622 ], [ -90.546882, 30.431609 ], [ -90.546878, 30.431597 ], [ -90.546865, 30.431562 ], [ -90.546847, 30.431531 ], [ -90.546773, 30.431445 ], [ -90.546743, 30.431419 ], [ -90.54671, 30.431398 ], [ -90.546597, 30.431293 ], [ -90.546342, 30.431108 ], [ -90.546312, 30.431083 ], [ -90.546286, 30.431055 ], [ -90.546272, 30.431021 ], [ -90.54623, 30.430882 ], [ -90.546171, 30.430637 ], [ -90.546181, 30.430566 ], [ -90.546177, 30.43053 ], [ -90.546129, 30.430318 ], [ -90.546118, 30.430283 ], [ -90.5461, 30.430251 ], [ -90.546076, 30.430222 ], [ -90.54596, 30.430119 ], [ -90.545775, 30.429975 ], [ -90.545679, 30.429906 ], [ -90.545471, 30.429787 ], [ -90.545398, 30.429752 ], [ -90.545286, 30.429706 ], [ -90.54498, 30.429595 ], [ -90.54494, 30.429585 ], [ -90.544858, 30.429571 ], [ -90.544817, 30.429568 ], [ -90.544651, 30.429568 ], [ -90.544318, 30.429581 ], [ -90.544235, 30.429587 ], [ -90.544178, 30.429593 ], [ -90.544111, 30.429601 ], [ -90.543947, 30.429626 ], [ -90.543906, 30.429629 ], [ -90.5437, 30.42961 ], [ -90.543502, 30.429558 ], [ -90.543218, 30.429507 ], [ -90.543099, 30.429473 ], [ -90.543058, 30.429467 ], [ -90.543017, 30.429468 ], [ -90.542851, 30.429485 ], [ -90.542451, 30.429263 ], [ -90.542396, 30.429233 ], [ -90.542258, 30.429154 ], [ -90.542225, 30.429132 ], [ -90.542134, 30.429059 ], [ -90.542076, 30.429008 ], [ -90.54203, 30.428949 ], [ -90.542014, 30.428915 ], [ -90.541904, 30.428571 ], [ -90.541833, 30.428328 ], [ -90.541776, 30.428233 ], [ -90.541752, 30.428203 ], [ -90.541639, 30.428099 ], [ -90.541572, 30.428056 ], [ -90.541311, 30.427879 ], [ -90.541202, 30.427771 ], [ -90.541035, 30.427565 ], [ -90.541016, 30.427533 ], [ -90.540877, 30.427233 ], [ -90.540857, 30.427201 ], [ -90.540789, 30.427111 ], [ -90.540638, 30.426939 ], [ -90.540359, 30.426723 ], [ -90.540257, 30.426663 ], [ -90.540041, 30.426554 ], [ -90.540004, 30.426538 ], [ -90.539963, 30.426531 ], [ -90.539798, 30.426519 ], [ -90.539634, 30.426543 ], [ -90.53935, 30.426599 ], [ -90.539144, 30.426631 ], [ -90.538979, 30.42665 ], [ -90.538938, 30.426649 ], [ -90.538773, 30.42663 ], [ -90.538693, 30.426611 ], [ -90.538614, 30.426586 ], [ -90.538577, 30.426571 ], [ -90.538446, 30.426473 ], [ -90.538388, 30.42643 ], [ -90.538335, 30.426374 ], [ -90.538211, 30.42623 ], [ -90.538104, 30.42612 ], [ -90.537936, 30.42596 ], [ -90.537872, 30.425914 ], [ -90.537836, 30.425896 ], [ -90.537683, 30.425839 ], [ -90.537518, 30.425825 ], [ -90.537476, 30.425826 ], [ -90.537271, 30.425857 ], [ -90.537119, 30.425914 ], [ -90.536911, 30.425983 ], [ -90.536886, 30.425991 ], [ -90.536767, 30.426023 ], [ -90.536576, 30.426063 ], [ -90.536542, 30.426043 ], [ -90.536452, 30.425968 ], [ -90.536419, 30.425946 ], [ -90.536273, 30.425877 ], [ -90.536247, 30.425849 ], [ -90.536227, 30.425818 ], [ -90.536201, 30.425749 ], [ -90.5362, 30.425642 ], [ -90.536208, 30.425607 ], [ -90.536225, 30.425574 ], [ -90.53632, 30.425456 ], [ -90.536378, 30.425405 ], [ -90.536412, 30.425384 ], [ -90.536483, 30.425347 ], [ -90.53679, 30.425235 ], [ -90.536986, 30.425177 ], [ -90.537194, 30.425105 ], [ -90.537219, 30.425097 ], [ -90.537331, 30.424991 ], [ -90.537402, 30.424902 ], [ -90.537417, 30.424868 ], [ -90.537421, 30.424833 ], [ -90.537417, 30.424761 ], [ -90.537388, 30.424656 ], [ -90.537362, 30.424588 ], [ -90.537339, 30.424558 ], [ -90.537304, 30.424538 ], [ -90.537163, 30.424462 ], [ -90.537126, 30.424445 ], [ -90.536936, 30.424373 ], [ -90.536653, 30.424314 ], [ -90.536611, 30.42431 ], [ -90.536361, 30.424308 ], [ -90.536326, 30.424294 ], [ -90.536297, 30.424268 ], [ -90.536099, 30.424136 ], [ -90.536069, 30.424111 ], [ -90.536044, 30.424083 ], [ -90.535913, 30.423899 ], [ -90.535901, 30.423865 ], [ -90.535902, 30.423829 ], [ -90.535907, 30.423793 ], [ -90.535944, 30.423691 ], [ -90.535975, 30.423624 ], [ -90.536008, 30.42352 ], [ -90.536011, 30.423412 ], [ -90.535942, 30.423094 ], [ -90.535931, 30.423059 ], [ -90.535587, 30.422445 ], [ -90.53556, 30.422377 ], [ -90.53554, 30.422307 ], [ -90.535526, 30.422273 ], [ -90.535496, 30.422169 ], [ -90.535493, 30.422133 ], [ -90.535495, 30.422097 ], [ -90.535503, 30.422062 ], [ -90.535552, 30.421924 ], [ -90.535572, 30.421854 ], [ -90.535584, 30.421675 ], [ -90.53558, 30.42164 ], [ -90.535565, 30.421606 ], [ -90.535493, 30.421476 ], [ -90.53536, 30.421252 ], [ -90.535225, 30.421071 ], [ -90.5352, 30.421042 ], [ -90.535169, 30.421018 ], [ -90.535037, 30.420931 ], [ -90.535002, 30.420912 ], [ -90.534963, 30.4209 ], [ -90.534802, 30.420863 ], [ -90.534718, 30.420858 ], [ -90.534677, 30.420859 ], [ -90.53447, 30.420878 ], [ -90.534269, 30.420907 ], [ -90.534188, 30.420936 ], [ -90.533781, 30.421187 ], [ -90.53375, 30.42121 ], [ -90.533724, 30.421238 ], [ -90.533586, 30.421418 ], [ -90.533549, 30.421483 ], [ -90.533536, 30.421517 ], [ -90.533477, 30.421764 ], [ -90.533453, 30.42179 ], [ -90.533412, 30.421796 ], [ -90.533246, 30.42181 ], [ -90.533123, 30.421831 ], [ -90.533082, 30.421834 ], [ -90.532998, 30.421832 ], [ -90.53296, 30.42182 ], [ -90.532853, 30.421763 ], [ -90.532735, 30.421662 ], [ -90.532711, 30.421633 ], [ -90.532685, 30.421589 ], [ -90.532657, 30.421411 ], [ -90.532655, 30.42098 ], [ -90.532663, 30.420909 ], [ -90.532795, 30.420607 ], [ -90.532818, 30.420577 ], [ -90.532849, 30.420553 ], [ -90.532991, 30.420478 ], [ -90.533029, 30.420463 ], [ -90.533152, 30.420429 ], [ -90.533305, 30.420382 ], [ -90.533341, 30.420365 ], [ -90.533372, 30.420341 ], [ -90.5334, 30.420314 ], [ -90.533491, 30.420194 ], [ -90.533503, 30.420159 ], [ -90.533515, 30.420052 ], [ -90.533509, 30.420016 ], [ -90.533497, 30.419982 ], [ -90.533481, 30.419949 ], [ -90.533457, 30.419919 ], [ -90.53327, 30.419776 ], [ -90.532985, 30.419514 ], [ -90.532805, 30.419365 ], [ -90.532523, 30.419212 ], [ -90.53245, 30.419178 ], [ -90.532412, 30.419163 ], [ -90.532174, 30.419097 ], [ -90.532133, 30.419092 ], [ -90.531883, 30.419106 ], [ -90.53172, 30.419131 ], [ -90.531198, 30.419255 ], [ -90.530678, 30.419384 ], [ -90.530275, 30.419477 ], [ -90.530228, 30.419491 ], [ -90.530196, 30.419501 ], [ -90.530074, 30.41948 ], [ -90.530033, 30.419475 ], [ -90.529617, 30.419457 ], [ -90.529413, 30.419421 ], [ -90.528967, 30.419328 ], [ -90.52883, 30.419295 ], [ -90.528726, 30.41927 ], [ -90.528711, 30.419267 ], [ -90.52851, 30.419226 ], [ -90.528354, 30.419195 ], [ -90.52828, 30.41918 ], [ -90.528236, 30.41917 ], [ -90.527919, 30.419095 ], [ -90.527629, 30.419068 ], [ -90.527588, 30.419061 ], [ -90.527348, 30.419001 ], [ -90.527261, 30.418977 ], [ -90.527229, 30.418968 ], [ -90.526883, 30.418844 ], [ -90.526731, 30.418787 ], [ -90.526353, 30.418636 ], [ -90.526048, 30.418521 ], [ -90.525942, 30.418464 ], [ -90.525565, 30.418241 ], [ -90.525533, 30.418217 ], [ -90.525491, 30.418178 ], [ -90.525394, 30.418018 ], [ -90.525367, 30.41795 ], [ -90.525356, 30.417879 ], [ -90.525332, 30.417592 ], [ -90.525327, 30.417557 ], [ -90.525314, 30.417522 ], [ -90.525233, 30.417356 ], [ -90.525179, 30.417219 ], [ -90.525174, 30.41721 ], [ -90.525162, 30.417187 ], [ -90.525141, 30.417156 ], [ -90.525116, 30.417127 ], [ -90.525034, 30.417045 ], [ -90.525004, 30.417021 ], [ -90.52497, 30.417 ], [ -90.524934, 30.416983 ], [ -90.524852, 30.41697 ], [ -90.52481, 30.416968 ], [ -90.524768, 30.416971 ], [ -90.524727, 30.416978 ], [ -90.524532, 30.417021 ], [ -90.524519, 30.417025 ], [ -90.524486, 30.417035 ], [ -90.524448, 30.417051 ], [ -90.524379, 30.41709 ], [ -90.524339, 30.417098 ], [ -90.524298, 30.417104 ], [ -90.524256, 30.417106 ], [ -90.52409, 30.417106 ], [ -90.523887, 30.417064 ], [ -90.523847, 30.417053 ], [ -90.523628, 30.41695 ], [ -90.523531, 30.416882 ], [ -90.523503, 30.416856 ], [ -90.523479, 30.416826 ], [ -90.523457, 30.416791 ], [ -90.52344, 30.416763 ], [ -90.523378, 30.416629 ], [ -90.523377, 30.416594 ], [ -90.523381, 30.416558 ], [ -90.523392, 30.416523 ], [ -90.523408, 30.41649 ], [ -90.523471, 30.416397 ], [ -90.52352, 30.416339 ], [ -90.523542, 30.416308 ], [ -90.523592, 30.416251 ], [ -90.523736, 30.416121 ], [ -90.523762, 30.416093 ], [ -90.523785, 30.416063 ], [ -90.523792, 30.416027 ], [ -90.523792, 30.415991 ], [ -90.523785, 30.415956 ], [ -90.523697, 30.415641 ], [ -90.523673, 30.415611 ], [ -90.523646, 30.415584 ], [ -90.523614, 30.415561 ], [ -90.523114, 30.415241 ], [ -90.522722, 30.414975 ], [ -90.522495, 30.414797 ], [ -90.522414, 30.414733 ], [ -90.522352, 30.414685 ], [ -90.522316, 30.414667 ], [ -90.522129, 30.414588 ], [ -90.522019, 30.414537 ], [ -90.521674, 30.414412 ], [ -90.521654, 30.414405 ], [ -90.521478, 30.414352 ], [ -90.521441, 30.414335 ], [ -90.521197, 30.414289 ], [ -90.521114, 30.41428 ], [ -90.521073, 30.414282 ], [ -90.520993, 30.414301 ], [ -90.520964, 30.414326 ], [ -90.520943, 30.414357 ], [ -90.520927, 30.41439 ], [ -90.520904, 30.41446 ], [ -90.520897, 30.414496 ], [ -90.520897, 30.414531 ], [ -90.520903, 30.414567 ], [ -90.521028, 30.414909 ], [ -90.521045, 30.414942 ], [ -90.521068, 30.414973 ], [ -90.521094, 30.415001 ], [ -90.521282, 30.415193 ], [ -90.521309, 30.415298 ], [ -90.521315, 30.415334 ], [ -90.521317, 30.41537 ], [ -90.521312, 30.415442 ], [ -90.521292, 30.415511 ], [ -90.521267, 30.41558 ], [ -90.521235, 30.415646 ], [ -90.521207, 30.415672 ], [ -90.521105, 30.415734 ], [ -90.521067, 30.415748 ], [ -90.521026, 30.415755 ], [ -90.520943, 30.415761 ], [ -90.520901, 30.415759 ], [ -90.520745, 30.415708 ], [ -90.520707, 30.415694 ], [ -90.520671, 30.415676 ], [ -90.520471, 30.415547 ], [ -90.520415, 30.415494 ], [ -90.520336, 30.41541 ], [ -90.520126, 30.415095 ], [ -90.520108, 30.415068 ], [ -90.520074, 30.415002 ], [ -90.519981, 30.414615 ], [ -90.519949, 30.414219 ], [ -90.519942, 30.414073 ], [ -90.519933, 30.41396 ], [ -90.519915, 30.413886 ], [ -90.519845, 30.413708 ], [ -90.519531, 30.413299 ], [ -90.519447, 30.413167 ], [ -90.519186, 30.41273 ], [ -90.519143, 30.41265 ], [ -90.518983, 30.412354 ], [ -90.518886, 30.412004 ], [ -90.518879, 30.411966 ], [ -90.518883, 30.411928 ], [ -90.51897, 30.411561 ], [ -90.519027, 30.411303 ], [ -90.519068, 30.411196 ], [ -90.519116, 30.411092 ], [ -90.519266, 30.410907 ], [ -90.519299, 30.410882 ], [ -90.519367, 30.410835 ], [ -90.519404, 30.410816 ], [ -90.519562, 30.410754 ], [ -90.519603, 30.41074 ], [ -90.51969, 30.410733 ], [ -90.519733, 30.410736 ], [ -90.519776, 30.410743 ], [ -90.519942, 30.410792 ], [ -90.520019, 30.410826 ], [ -90.520155, 30.41092 ], [ -90.520225, 30.410965 ], [ -90.520257, 30.410992 ], [ -90.520283, 30.411022 ], [ -90.520329, 30.411086 ], [ -90.520503, 30.411347 ], [ -90.520571, 30.411444 ], [ -90.520783, 30.411729 ], [ -90.520813, 30.411756 ], [ -90.520886, 30.411799 ], [ -90.521001, 30.411854 ], [ -90.521249, 30.411927 ], [ -90.52129, 30.411938 ], [ -90.521333, 30.411943 ], [ -90.521464, 30.411949 ], [ -90.521593, 30.411965 ], [ -90.521637, 30.411961 ], [ -90.521679, 30.411953 ], [ -90.52176, 30.411927 ], [ -90.521799, 30.41191 ], [ -90.521837, 30.411888 ], [ -90.522062, 30.411712 ], [ -90.522093, 30.411686 ], [ -90.522114, 30.411654 ], [ -90.522122, 30.411636 ], [ -90.522132, 30.411618 ], [ -90.522145, 30.411583 ], [ -90.522167, 30.41151 ], [ -90.522171, 30.411285 ], [ -90.52217, 30.41121 ], [ -90.522173, 30.411172 ], [ -90.52217, 30.411097 ], [ -90.522098, 30.410765 ], [ -90.522084, 30.410729 ], [ -90.522011, 30.410593 ], [ -90.521829, 30.41069 ], [ -90.521675, 30.410569 ], [ -90.521642, 30.410546 ], [ -90.521276, 30.410359 ], [ -90.5206, 30.409903 ], [ -90.519559, 30.409709 ], [ -90.517642, 30.408989 ], [ -90.516528, 30.408448 ], [ -90.516282, 30.408329 ], [ -90.516215, 30.408253 ], [ -90.51571, 30.407679 ], [ -90.514906, 30.40699 ], [ -90.514664, 30.406479 ], [ -90.514555, 30.40625 ], [ -90.514758, 30.40522 ], [ -90.515039, 30.404606 ], [ -90.514979, 30.404095 ], [ -90.514968, 30.404001 ], [ -90.514532, 30.403501 ], [ -90.514499, 30.403463 ], [ -90.514285, 30.403147 ], [ -90.514085, 30.402853 ], [ -90.513829, 30.402233 ], [ -90.513881, 30.400819 ], [ -90.513926, 30.399583 ], [ -90.513932, 30.399421 ], [ -90.513944, 30.398767 ], [ -90.513893, 30.398355 ], [ -90.513621, 30.39801 ], [ -90.512746, 30.396716 ], [ -90.511699, 30.395771 ], [ -90.510756, 30.395149 ], [ -90.510719, 30.395124 ], [ -90.510709, 30.395083 ], [ -90.510608, 30.394656 ], [ -90.510508, 30.394229 ], [ -90.510697, 30.39388 ], [ -90.511142, 30.393909 ], [ -90.512288, 30.394347 ], [ -90.513407, 30.394223 ], [ -90.514099, 30.393951 ], [ -90.514904, 30.393486 ], [ -90.515293, 30.392755 ], [ -90.51518, 30.392201 ], [ -90.515176, 30.392183 ], [ -90.515006, 30.391893 ], [ -90.514224, 30.391428 ], [ -90.509952, 30.388886 ], [ -90.509002, 30.388369 ], [ -90.508004, 30.387827 ], [ -90.506994, 30.387778 ], [ -90.506514, 30.388 ], [ -90.505761, 30.3887 ], [ -90.505236, 30.389043 ], [ -90.504477, 30.389105 ], [ -90.503917, 30.388706 ], [ -90.502119, 30.385923 ], [ -90.501009, 30.384205 ], [ -90.500817, 30.383455 ], [ -90.500863, 30.382494 ], [ -90.501027, 30.381498 ], [ -90.501247, 30.381156 ], [ -90.501467, 30.380813 ], [ -90.501531, 30.380712 ], [ -90.50225, 30.379438 ], [ -90.502053, 30.37826 ], [ -90.50188, 30.378075 ], [ -90.501313, 30.377466 ], [ -90.500376, 30.376576 ], [ -90.500343, 30.376554 ], [ -90.500087, 30.376279 ], [ -90.500003, 30.376128 ], [ -90.49997, 30.376073 ], [ -90.499818, 30.375821 ], [ -90.499697, 30.375466 ], [ -90.499691, 30.375427 ], [ -90.499673, 30.375282 ], [ -90.499662, 30.375194 ], [ -90.49971, 30.375076 ], [ -90.499745, 30.374987 ], [ -90.499758, 30.374958 ], [ -90.499923, 30.374562 ], [ -90.500002, 30.374371 ], [ -90.500088, 30.374166 ], [ -90.500362, 30.373657 ], [ -90.500405, 30.373579 ], [ -90.500631, 30.373173 ], [ -90.50103, 30.372729 ], [ -90.501615, 30.372309 ], [ -90.502719, 30.371662 ], [ -90.503406, 30.371186 ], [ -90.503796, 30.370766 ], [ -90.504167, 30.370104 ], [ -90.504261, 30.369463 ], [ -90.504279, 30.369337 ], [ -90.504186, 30.369014 ], [ -90.503759, 30.368449 ], [ -90.503689, 30.368314 ], [ -90.50337, 30.367691 ], [ -90.503008, 30.366924 ], [ -90.502859, 30.366311 ], [ -90.502813, 30.365479 ], [ -90.502857, 30.36506 ], [ -90.502869, 30.364946 ], [ -90.503073, 30.364519 ], [ -90.503389, 30.363881 ], [ -90.503611, 30.36338 ], [ -90.503635, 30.362985 ], [ -90.503649, 30.362751 ], [ -90.503606, 30.362615 ], [ -90.503528, 30.362371 ], [ -90.503277, 30.362178 ], [ -90.502953, 30.361984 ], [ -90.502535, 30.361839 ], [ -90.501876, 30.361807 ], [ -90.501338, 30.36196 ], [ -90.500911, 30.362219 ], [ -90.500087, 30.362623 ], [ -90.49886, 30.363306 ], [ -90.497346, 30.364104 ], [ -90.4957, 30.364979 ], [ -90.494529, 30.365638 ], [ -90.49372, 30.366024 ], [ -90.493032, 30.366191 ], [ -90.49254, 30.36619 ], [ -90.492085, 30.366019 ], [ -90.491449, 30.365558 ], [ -90.488733, 30.363589 ], [ -90.488446, 30.363212 ], [ -90.488418, 30.363176 ], [ -90.488317, 30.36274 ], [ -90.488307, 30.362699 ], [ -90.488355, 30.362046 ], [ -90.488551, 30.361433 ], [ -90.489213, 30.36024 ], [ -90.489809, 30.359095 ], [ -90.490052, 30.358345 ], [ -90.490147, 30.357481 ], [ -90.490101, 30.356819 ], [ -90.490068, 30.356675 ], [ -90.489962, 30.356197 ], [ -90.489719, 30.355855 ], [ -90.489673, 30.355774 ], [ -90.489666, 30.35576 ], [ -90.489611, 30.355663 ], [ -90.489416, 30.355576 ], [ -90.489349, 30.355546 ], [ -90.489318, 30.355532 ], [ -90.489304, 30.355525 ], [ -90.489262, 30.355507 ], [ -90.489249, 30.355501 ], [ -90.488347, 30.355418 ], [ -90.48765, 30.355682 ], [ -90.487534, 30.35573 ], [ -90.486525, 30.356147 ], [ -90.485688, 30.356565 ], [ -90.484684, 30.357047 ], [ -90.484484, 30.357138 ], [ -90.483501, 30.357591 ], [ -90.483271, 30.357697 ], [ -90.482406, 30.357969 ], [ -90.481337, 30.358224 ], [ -90.480538, 30.358271 ], [ -90.479832, 30.358043 ], [ -90.47909, 30.357621 ], [ -90.478487, 30.357086 ], [ -90.4778, 30.356447 ], [ -90.477477, 30.355477 ], [ -90.477237, 30.354653 ], [ -90.477036, 30.352707 ], [ -90.47674, 30.351995 ], [ -90.476221, 30.351259 ], [ -90.475683, 30.350644 ], [ -90.474883, 30.349254 ], [ -90.474686, 30.348911 ], [ -90.474488, 30.348566 ], [ -90.474313, 30.347686 ], [ -90.473999, 30.346635 ], [ -90.47376, 30.345246 ], [ -90.473714, 30.344613 ], [ -90.473697, 30.344382 ], [ -90.473695, 30.344309 ], [ -90.47368, 30.343656 ], [ -90.473862, 30.343413 ], [ -90.473872, 30.343393 ], [ -90.474639, 30.342352 ], [ -90.481189, 30.337162 ], [ -90.483583, 30.333316 ], [ -90.483581, 30.333281 ], [ -90.483708, 30.332789 ], [ -90.483873, 30.33212 ], [ -90.484119, 30.331024 ], [ -90.484235, 30.330529 ], [ -90.484544, 30.328931 ], [ -90.484664, 30.328364 ], [ -90.484707, 30.328078 ], [ -90.484776, 30.327252 ], [ -90.484949, 30.325855 ], [ -90.485136, 30.323953 ], [ -90.485309, 30.322266 ], [ -90.485356, 30.321872 ], [ -90.48537, 30.321693 ], [ -90.485375, 30.321477 ], [ -90.485373, 30.321224 ], [ -90.485361, 30.320792 ], [ -90.485286, 30.3191 ], [ -90.485284, 30.318812 ], [ -90.485293, 30.318164 ], [ -90.485291, 30.317804 ], [ -90.485223, 30.315139 ], [ -90.485073, 30.310963 ], [ -90.48496, 30.308479 ], [ -90.484507, 30.3045 ], [ -90.484374, 30.302811 ], [ -90.484142, 30.301239 ], [ -90.483738, 30.298016 ], [ -90.483676, 30.29755 ], [ -90.48361, 30.297122 ], [ -90.483335, 30.295446 ], [ -90.483272, 30.29509 ], [ -90.483152, 30.29434 ], [ -90.483077, 30.293804 ], [ -90.482913, 30.292515 ], [ -90.482679, 30.290963 ], [ -90.482482, 30.289809 ], [ -90.482284, 30.288655 ], [ -90.48287, 30.287154 ], [ -90.482985, 30.286845 ], [ -90.483078, 30.286568 ], [ -90.483513, 30.28514 ], [ -90.484947, 30.280363 ], [ -90.485407, 30.278792 ], [ -90.485534, 30.278337 ], [ -90.485644, 30.277915 ], [ -90.4857, 30.277668 ], [ -90.485826, 30.276992 ], [ -90.466498, 30.276847 ], [ -90.458101, 30.277067 ], [ -90.453332, 30.277464 ], [ -90.432102, 30.279229 ], [ -90.43031, 30.279324 ], [ -90.420533, 30.279837 ], [ -90.410745, 30.281428 ], [ -90.410048, 30.28169 ], [ -90.407493, 30.283005 ], [ -90.405287, 30.284102 ], [ -90.40493, 30.284295 ], [ -90.403237, 30.284962 ], [ -90.401999, 30.285314 ], [ -90.401846, 30.285361 ], [ -90.401719, 30.2854 ], [ -90.401373, 30.285494 ], [ -90.401254, 30.285534 ], [ -90.401108, 30.285566 ], [ -90.400673, 30.285662 ], [ -90.400528, 30.285695 ], [ -90.400299, 30.285748 ], [ -90.400071, 30.2858 ], [ -90.39928, 30.285981 ], [ -90.399047, 30.286 ], [ -90.397893, 30.286099 ], [ -90.395285, 30.285887 ], [ -90.394523, 30.285798 ], [ -90.39302, 30.285625 ], [ -90.392368, 30.285527 ], [ -90.391449, 30.285463 ], [ -90.390275, 30.285666 ], [ -90.388339, 30.286343 ], [ -90.387888, 30.286501 ], [ -90.386093, 30.286879 ], [ -90.384322, 30.28688 ], [ -90.383561, 30.286708 ], [ -90.382524, 30.286473 ], [ -90.381534, 30.286058 ], [ -90.381016, 30.28584 ], [ -90.380498, 30.285622 ], [ -90.380384, 30.285575 ], [ -90.380329, 30.285546 ], [ -90.378703, 30.284688 ], [ -90.378431, 30.284587 ], [ -90.377744, 30.284333 ], [ -90.377104, 30.284097 ], [ -90.375632, 30.28375 ], [ -90.375271, 30.283618 ], [ -90.374906, 30.283528 ], [ -90.374541, 30.283412 ], [ -90.373726, 30.283392 ], [ -90.373136, 30.283455 ], [ -90.372264, 30.283638 ], [ -90.371278, 30.284157 ], [ -90.368724, 30.285931 ], [ -90.36646, 30.288121 ], [ -90.362855, 30.29038 ], [ -90.36065, 30.291447 ], [ -90.357478, 30.293072 ], [ -90.355825, 30.293954 ], [ -90.355636, 30.294056 ], [ -90.355446, 30.294157 ], [ -90.352691, 30.295627 ], [ -90.351912, 30.296021 ], [ -90.351399, 30.29628 ], [ -90.350886, 30.296539 ], [ -90.350308, 30.296831 ], [ -90.349005, 30.297208 ], [ -90.347074, 30.297354 ], [ -90.345492, 30.297005 ], [ -90.343536, 30.29628 ], [ -90.340662, 30.295646 ], [ -90.337356, 30.295282 ], [ -90.33695, 30.295277 ], [ -90.336783, 30.295276 ], [ -90.335608, 30.29526 ], [ -90.334432, 30.295243 ], [ -90.333637, 30.295233 ], [ -90.330937, 30.295693 ], [ -90.329358, 30.295987 ], [ -90.329182, 30.29602 ], [ -90.329005, 30.296052 ], [ -90.327861, 30.296266 ], [ -90.326503, 30.296905 ], [ -90.325187, 30.297525 ], [ -90.32344, 30.298381 ], [ -90.322311, 30.298717 ], [ -90.321923, 30.29886 ], [ -90.320842, 30.298953 ], [ -90.320464, 30.298985 ], [ -90.319848, 30.298846 ], [ -90.3195, 30.298768 ], [ -90.319394, 30.298708 ], [ -90.31565, 30.296602 ], [ -90.31307, 30.29564 ], [ -90.312218, 30.295322 ], [ -90.310639, 30.29507 ], [ -90.31002, 30.294983 ], [ -90.3094, 30.294896 ], [ -90.309339, 30.294887 ], [ -90.309257, 30.294876 ], [ -90.309114, 30.294856 ], [ -90.308762, 30.294807 ], [ -90.30795, 30.294807 ], [ -90.306327, 30.294895 ], [ -90.305411, 30.294886 ], [ -90.3041, 30.294874 ], [ -90.303574, 30.294841 ], [ -90.302724, 30.29479 ], [ -90.300923, 30.29468 ], [ -90.298664, 30.294113 ], [ -90.297826, 30.293903 ], [ -90.297375, 30.293658 ], [ -90.297005, 30.292446 ], [ -90.283427, 30.287205 ], [ -90.243402, 30.269971 ], [ -90.193312, 30.248406 ], [ -90.160636, 30.234337 ], [ -90.158175, 30.228128 ], [ -90.154914, 30.2094 ], [ -90.154034, 30.20348 ], [ -90.154151, 30.200728 ], [ -90.154252, 30.198394 ], [ -90.156256, 30.189613 ], [ -90.159252, 30.18903 ], [ -90.165041, 30.187907 ], [ -90.178622, 30.185273 ], [ -90.180731, 30.184801 ], [ -90.197687, 30.181012 ], [ -90.202986, 30.179829 ], [ -90.205278, 30.179316 ], [ -90.220332, 30.1756 ], [ -90.220354, 30.175595 ], [ -90.234693, 30.171482 ], [ -90.239848, 30.170004 ], [ -90.241785, 30.169449 ], [ -90.259889, 30.16341 ], [ -90.262107, 30.154811 ], [ -90.265391, 30.143956 ], [ -90.266859, 30.133218 ], [ -90.269535, 30.119628 ], [ -90.272604, 30.1078 ], [ -90.273106, 30.096145 ], [ -90.275555, 30.088877 ], [ -90.27584, 30.077991 ], [ -90.277632, 30.056995 ], [ -90.279198, 30.052529 ], [ -90.27922, 30.051839 ], [ -90.27922, 30.050213 ], [ -90.27922, 30.049173 ], [ -90.27922, 30.049118 ], [ -90.279242, 30.048479 ], [ -90.279288, 30.047127 ], [ -90.279404, 30.043693 ], [ -90.279434, 30.042793 ], [ -90.279434, 30.042257 ], [ -90.279495, 30.034759 ], [ -90.279567, 30.02387 ], [ -90.279569, 30.023519 ], [ -90.279571, 30.023229 ], [ -90.279573, 30.023092 ], [ -90.279739, 30.013338 ], [ -90.279685, 30.011323 ], [ -90.279502, 30.006974 ], [ -90.279495, 30.006797 ], [ -90.279498, 30.006727 ], [ -90.27951, 30.006448 ], [ -90.279587, 30.006125 ], [ -90.27961, 30.005997 ], [ -90.279606, 30.005939 ], [ -90.279598, 30.005877 ], [ -90.279602, 30.005795 ], [ -90.27961, 30.005578 ], [ -90.279609, 30.004724 ], [ -90.279647, 30.00448 ], [ -90.279647, 30.004287 ], [ -90.279602, 30.004158 ], [ -90.279602, 30.004041 ], [ -90.279655, 30.003913 ], [ -90.279632, 30.003812 ], [ -90.279632, 30.003507 ], [ -90.279602, 30.003208 ], [ -90.279617, 30.002824 ], [ -90.27967, 30.002389 ], [ -90.279624, 30.001676 ], [ -90.279632, 30.001344 ], [ -90.279624, 30.000434 ], [ -90.279617, 30.000144 ], [ -90.279647, 29.9997 ], [ -90.279678, 29.999244 ], [ -90.279731, 29.999166 ], [ -90.279823, 29.999116 ], [ -90.279859, 29.998171 ], [ -90.279861, 29.998121 ], [ -90.279865, 29.99802 ], [ -90.279866, 29.997998 ], [ -90.27993, 29.996315 ], [ -90.279937, 29.996195 ], [ -90.28006, 29.994139 ], [ -90.280067, 29.994024 ], [ -90.280093, 29.993586 ], [ -90.280128, 29.993001 ], [ -90.280143, 29.992744 ], [ -90.280097, 29.992496 ], [ -90.280061, 29.992291 ], [ -90.280052, 29.992242 ], [ -90.280057, 29.991706 ], [ -90.280138, 29.988853 ], [ -90.280144, 29.987169 ], [ -90.280161, 29.983101 ], [ -90.280163, 29.982511 ], [ -90.280164, 29.98217 ], [ -90.280166, 29.981557 ], [ -90.280174, 29.98003 ], [ -90.280181, 29.979511 ], [ -90.280169, 29.979346 ], [ -90.280165, 29.979294 ], [ -90.280162, 29.97925 ], [ -90.280138, 29.978933 ], [ -90.280105, 29.978482 ], [ -90.280128, 29.977407 ], [ -90.280131, 29.977311 ], [ -90.280134, 29.977051 ], [ -90.28016, 29.975944 ], [ -90.28017, 29.97533 ], [ -90.280281, 29.974159 ], [ -90.280281, 29.973703 ], [ -90.280281, 29.972944 ], [ -90.280296, 29.972618 ], [ -90.280162, 29.971803 ], [ -90.279533, 29.967971 ], [ -90.283958, 29.966304 ], [ -90.28762, 29.964694 ], [ -90.293083, 29.96194 ], [ -90.295112, 29.960483 ], [ -90.296546, 29.959161 ], [ -90.297828, 29.958026 ], [ -90.299095, 29.956796 ], [ -90.299934, 29.955865 ], [ -90.30017, 29.955623 ], [ -90.301216, 29.954538 ], [ -90.303596, 29.95206 ], [ -90.306999, 29.94835 ], [ -90.307968, 29.947212 ], [ -90.308738, 29.946527 ], [ -90.311981, 29.943468 ], [ -90.314559, 29.941574 ], [ -90.315315, 29.941013 ], [ -90.316261, 29.940313 ], [ -90.319953, 29.937589 ], [ -90.321647, 29.936981 ], [ -90.322311, 29.936689 ], [ -90.322931, 29.936489 ], [ -90.323183, 29.936437 ], [ -90.324558, 29.936083 ], [ -90.326792, 29.935451 ], [ -90.327716, 29.935265 ], [ -90.329607, 29.934911 ], [ -90.330788, 29.934743 ], [ -90.331669, 29.934576 ], [ -90.333345, 29.93426 ], [ -90.333423, 29.934249 ], [ -90.334698, 29.934074 ], [ -90.33504, 29.934056 ], [ -90.335752, 29.934019 ], [ -90.338394, 29.934056 ], [ -90.339315, 29.934109 ], [ -90.340712, 29.934221 ], [ -90.341872, 29.93437 ], [ -90.344174, 29.934689 ], [ -90.344926, 29.934782 ], [ -90.347603, 29.935071 ], [ -90.35074, 29.935499 ], [ -90.350884, 29.935526 ], [ -90.354801, 29.936281 ], [ -90.361893, 29.938425 ], [ -90.365985, 29.939699 ], [ -90.366438, 29.93984 ], [ -90.369022, 29.940644 ], [ -90.369051, 29.940656 ], [ -90.369733, 29.940805 ], [ -90.37143, 29.941215 ], [ -90.372612, 29.941624 ], [ -90.37386, 29.942178 ], [ -90.373964, 29.942224 ], [ -90.374204, 29.942349 ], [ -90.374379, 29.94244 ], [ -90.374848, 29.942684 ], [ -90.375255, 29.94315 ], [ -90.378631, 29.944531 ], [ -90.383041, 29.946861 ], [ -90.383605, 29.94713 ], [ -90.384414, 29.947622 ], [ -90.386352, 29.948797 ], [ -90.388122, 29.949869 ], [ -90.391601, 29.952188 ], [ -90.391962, 29.952555 ], [ -90.39434, 29.954977 ], [ -90.395263, 29.956634 ], [ -90.395416, 29.956914 ], [ -90.396124, 29.958934 ], [ -90.396392, 29.959695 ], [ -90.396522, 29.962171 ], [ -90.39669, 29.965187 ], [ -90.396751, 29.96816 ], [ -90.39683, 29.972463 ], [ -90.396835, 29.972724 ], [ -90.397125, 29.975593 ], [ -90.397193, 29.976276 ], [ -90.397399, 29.978265 ], [ -90.397658, 29.978835 ], [ -90.398406, 29.980476 ], [ -90.399414, 29.982664 ], [ -90.400802, 29.984312 ], [ -90.401306, 29.984909 ], [ -90.401687, 29.985359 ], [ -90.404685, 29.987739 ], [ -90.407691, 29.989547 ], [ -90.411743, 29.991273 ], [ -90.413764, 29.991962 ], [ -90.415123, 29.992426 ], [ -90.415641, 29.992603 ], [ -90.418197, 29.993282 ], [ -90.41883, 29.99345 ], [ -90.42131, 29.993961 ], [ -90.423263, 29.994138 ], [ -90.423942, 29.994201 ], [ -90.425994, 29.994255 ], [ -90.427665, 29.994298 ], [ -90.429885, 29.994297 ], [ -90.431323, 29.994297 ], [ -90.432281, 29.994297 ], [ -90.437034, 29.994335 ], [ -90.441749, 29.994579 ], [ -90.445936, 29.995232 ], [ -90.447113, 29.995416 ], [ -90.450347, 29.995681 ], [ -90.451446, 29.995632 ], [ -90.452476, 29.995586 ], [ -90.454479, 29.995723 ], [ -90.454808, 29.995746 ], [ -90.455932, 29.996017 ], [ -90.457534, 29.996318 ], [ -90.460372, 29.997234 ], [ -90.461265, 29.997428 ], [ -90.461654, 29.997493 ], [ -90.463241, 29.997865 ], [ -90.464683, 29.998279 ], [ -90.467277, 29.999076 ], [ -90.468948, 29.999649 ], [ -90.469022, 29.999684 ], [ -90.469551, 29.999938 ], [ -90.469879, 30.000179 ], [ -90.472229, 30.002967 ], [ -90.47298, 30.004239 ], [ -90.473204, 30.004619 ], [ -90.475165, 30.00888 ], [ -90.475578, 30.011171 ], [ -90.475173, 30.015289 ], [ -90.47422, 30.029993 ], [ -90.474238, 30.031353 ], [ -90.474272, 30.033848 ], [ -90.474307, 30.035495 ], [ -90.474353, 30.036218 ], [ -90.474527, 30.036921 ], [ -90.474934, 30.038468 ], [ -90.475378, 30.040115 ], [ -90.475866, 30.040959 ], [ -90.476771, 30.042546 ], [ -90.478536, 30.045659 ], [ -90.478666, 30.045881 ], [ -90.483984, 30.049838 ], [ -90.484773, 30.050441 ], [ -90.485528, 30.050983 ], [ -90.487723, 30.051667 ], [ -90.488327, 30.051847 ], [ -90.490393, 30.05249 ], [ -90.491125, 30.052711 ], [ -90.492367, 30.052731 ], [ -90.4939, 30.053253 ], [ -90.496582, 30.053253 ], [ -90.496948, 30.053252 ], [ -90.49613, 30.056547 ], [ -90.495129, 30.060576 ], [ -90.495039, 30.060942 ], [ -90.494995, 30.061124 ], [ -90.494194, 30.062292 ], [ -90.493989, 30.062608 ], [ -90.49398, 30.062622 ], [ -90.493888, 30.062768 ], [ -90.493515, 30.063344 ], [ -90.49339, 30.063539 ], [ -90.494445, 30.063493 ], [ -90.495155, 30.063463 ], [ -90.494407, 30.064912 ], [ -90.493675, 30.066425 ], [ -90.493019, 30.066122 ], [ -90.492156, 30.067686 ], [ -90.491752, 30.068452 ], [ -90.490852, 30.068073 ], [ -90.49044, 30.06788 ], [ -90.490081, 30.067708 ], [ -90.489418, 30.067398 ], [ -90.489158, 30.067258 ], [ -90.489106, 30.067221 ], [ -90.488624, 30.066884 ], [ -90.488464, 30.066743 ], [ -90.488082, 30.066411 ], [ -90.487632, 30.066015 ], [ -90.48738, 30.065799 ], [ -90.487149, 30.065598 ], [ -90.487052, 30.065513 ], [ -90.48645, 30.065023 ], [ -90.486289, 30.064897 ], [ -90.48558, 30.064325 ], [ -90.485542, 30.064289 ], [ -90.484985, 30.063842 ], [ -90.484565, 30.063507 ], [ -90.483337, 30.064298 ], [ -90.481658, 30.065376 ], [ -90.481445, 30.065519 ], [ -90.481384, 30.065557 ], [ -90.480842, 30.065914 ], [ -90.48064, 30.066048 ], [ -90.480584, 30.066085 ], [ -90.48025, 30.066307 ], [ -90.480954, 30.066763 ], [ -90.481101, 30.066858 ], [ -90.481277, 30.06697 ], [ -90.48145, 30.067081 ], [ -90.482673, 30.067861 ], [ -90.482925, 30.068027 ], [ -90.483245, 30.068231 ], [ -90.483497, 30.068372 ], [ -90.483695, 30.068487 ], [ -90.483901, 30.068599 ], [ -90.484184, 30.068752 ], [ -90.484138, 30.06882 ], [ -90.484062, 30.068937 ], [ -90.483123, 30.070003 ], [ -90.482704, 30.07043 ], [ -90.482009, 30.071262 ], [ -90.481491, 30.071617 ], [ -90.481384, 30.071741 ], [ -90.481056, 30.072107 ], [ -90.480957, 30.072191 ], [ -90.480434, 30.072788 ], [ -90.479782, 30.073534 ], [ -90.479209, 30.07414 ], [ -90.478904, 30.074501 ], [ -90.47853, 30.07489 ], [ -90.478271, 30.075204 ], [ -90.478126, 30.075345 ], [ -90.476943, 30.076633 ], [ -90.476547, 30.077096 ], [ -90.476287, 30.077369 ], [ -90.475646, 30.078079 ], [ -90.475494, 30.078216 ], [ -90.474952, 30.07883 ], [ -90.474761, 30.079019 ], [ -90.474456, 30.079381 ], [ -90.474151, 30.079673 ], [ -90.473968, 30.079906 ], [ -90.473854, 30.080013 ], [ -90.473747, 30.08015 ], [ -90.473014, 30.080926 ], [ -90.472755, 30.081245 ], [ -90.472572, 30.081417 ], [ -90.472122, 30.081939 ], [ -90.472045, 30.082021 ], [ -90.471954, 30.082065 ], [ -90.471946, 30.082124 ], [ -90.471679, 30.082406 ], [ -90.471321, 30.082824 ], [ -90.471267, 30.082859 ], [ -90.47113, 30.082994 ], [ -90.470077, 30.084192 ], [ -90.469955, 30.0843 ], [ -90.469772, 30.084537 ], [ -90.469741, 30.084554 ], [ -90.468681, 30.085691 ], [ -90.468673, 30.085735 ], [ -90.464866, 30.089933 ], [ -90.462944, 30.092054 ], [ -90.462478, 30.092567 ], [ -90.461616, 30.093614 ], [ -90.461288, 30.093991 ], [ -90.461093, 30.094217 ], [ -90.470535, 30.096921 ], [ -90.471542, 30.097209 ], [ -90.476715, 30.098888 ], [ -90.478157, 30.099367 ], [ -90.478401, 30.099445 ], [ -90.479167, 30.099682 ], [ -90.484001, 30.101259 ], [ -90.484649, 30.101467 ], [ -90.486022, 30.101913 ], [ -90.486213, 30.101976 ], [ -90.486208, 30.101703 ], [ -90.486198, 30.101203 ], [ -90.48619, 30.100406 ], [ -90.486305, 30.099229 ], [ -90.486282, 30.099161 ], [ -90.486213, 30.099088 ], [ -90.485877, 30.098798 ], [ -90.485855, 30.098726 ], [ -90.486, 30.098299 ], [ -90.48648, 30.096582 ], [ -90.486991, 30.094778 ], [ -90.487365, 30.093534 ], [ -90.48738, 30.093431 ], [ -90.487678, 30.092458 ], [ -90.487747, 30.09213 ], [ -90.487838, 30.091953 ], [ -90.488129, 30.091893 ], [ -90.488309, 30.091861 ], [ -90.488854, 30.091681 ], [ -90.489079, 30.090947 ], [ -90.489644, 30.088999 ], [ -90.490059, 30.087608 ], [ -90.489997, 30.087423 ], [ -90.489825, 30.087091 ], [ -90.48971, 30.086868 ], [ -90.48967, 30.086727 ], [ -90.48963, 30.086321 ], [ -90.489741, 30.085839 ], [ -90.489922, 30.085247 ], [ -90.489926, 30.084943 ], [ -90.490043, 30.084251 ], [ -90.48973, 30.084173 ], [ -90.489448, 30.084156 ], [ -90.487693, 30.084047 ], [ -90.487915, 30.083213 ], [ -90.488231, 30.082154 ], [ -90.488222, 30.08182 ], [ -90.488075, 30.081323 ], [ -90.487579, 30.080215 ], [ -90.487388, 30.079465 ], [ -90.487228, 30.078819 ], [ -90.487182, 30.077852 ], [ -90.487403, 30.076683 ], [ -90.487487, 30.076507 ], [ -90.487648, 30.076168 ], [ -90.48809, 30.075607 ], [ -90.488647, 30.075147 ], [ -90.489196, 30.074857 ], [ -90.489822, 30.074647 ], [ -90.490005, 30.074586 ], [ -90.490203, 30.074562 ], [ -90.490252, 30.073415 ], [ -90.49028, 30.072759 ], [ -90.490318, 30.072252 ], [ -90.49089, 30.072338 ], [ -90.490967, 30.07189 ], [ -90.491004, 30.071678 ], [ -90.491035, 30.071537 ], [ -90.49105, 30.071435 ], [ -90.491889, 30.071659 ], [ -90.491989, 30.071695 ], [ -90.492218, 30.071744 ], [ -90.492668, 30.071855 ], [ -90.493209, 30.071977 ], [ -90.493675, 30.07208 ], [ -90.494071, 30.07216 ], [ -90.494598, 30.072252 ], [ -90.494911, 30.072309 ], [ -90.496093, 30.072523 ], [ -90.496406, 30.072582 ], [ -90.496398, 30.07269 ], [ -90.496765, 30.072758 ], [ -90.496985, 30.072798 ], [ -90.497314, 30.072859 ], [ -90.497474, 30.072888 ], [ -90.497673, 30.072925 ], [ -90.497948, 30.072976 ], [ -90.498833, 30.073139 ], [ -90.498978, 30.073166 ], [ -90.5, 30.073354 ], [ -90.500076, 30.073367 ], [ -90.50074, 30.073482 ], [ -90.500697, 30.073716 ], [ -90.500679, 30.073816 ], [ -90.500617, 30.074249 ], [ -90.500648, 30.074678 ], [ -90.500692, 30.074886 ], [ -90.500724, 30.075035 ], [ -90.501045, 30.075763 ], [ -90.501127, 30.076014 ], [ -90.501342, 30.076669 ], [ -90.50142, 30.076996 ], [ -90.50163, 30.077875 ], [ -90.5018, 30.078586 ], [ -90.501884, 30.078935 ], [ -90.502014, 30.079612 ], [ -90.501991, 30.080085 ], [ -90.501914, 30.080547 ], [ -90.501831, 30.081037 ], [ -90.501838, 30.081542 ], [ -90.501869, 30.081769 ], [ -90.502547, 30.084687 ], [ -90.502906, 30.086235 ], [ -90.50315, 30.087247 ], [ -90.503471, 30.088609 ], [ -90.503753, 30.089691 ], [ -90.504165, 30.091573 ], [ -90.504402, 30.092555 ], [ -90.504661, 30.09362 ], [ -90.504966, 30.09513 ], [ -90.505121, 30.095765 ], [ -90.505472, 30.097199 ], [ -90.505599, 30.09799 ], [ -90.505622, 30.098487 ], [ -90.505577, 30.09913 ], [ -90.505424, 30.099752 ], [ -90.505291, 30.100146 ], [ -90.505271, 30.100208 ], [ -90.50524, 30.100265 ], [ -90.505004, 30.1007 ], [ -90.504623, 30.10123 ], [ -90.504463, 30.10143 ], [ -90.50386, 30.102062 ], [ -90.502815, 30.10284 ], [ -90.501715, 30.103594 ], [ -90.501115, 30.10421 ], [ -90.50106, 30.104238 ], [ -90.498893, 30.105794 ], [ -90.498626, 30.106006 ], [ -90.499206, 30.106191 ], [ -90.500907, 30.106691 ], [ -90.502388, 30.107063 ], [ -90.503814, 30.107378 ], [ -90.505561, 30.107706 ], [ -90.506111, 30.107778 ], [ -90.507209, 30.107923 ], [ -90.50833, 30.108035 ], [ -90.508598, 30.108062 ], [ -90.512458, 30.1084 ], [ -90.517374, 30.108853 ], [ -90.521224, 30.109209 ], [ -90.523129, 30.109378 ], [ -90.532585, 30.110214 ], [ -90.537436, 30.110658 ], [ -90.546813, 30.111516 ], [ -90.546774, 30.111038 ], [ -90.546768, 30.110958 ], [ -90.546768, 30.110864 ], [ -90.546676, 30.110898 ], [ -90.54663, 30.110858 ], [ -90.546638, 30.110801 ], [ -90.546592, 30.110702 ], [ -90.546607, 30.110637 ], [ -90.546569, 30.110595 ], [ -90.546585, 30.110544 ], [ -90.546569, 30.1105 ], [ -90.546577, 30.110361 ], [ -90.546607, 30.110229 ], [ -90.546569, 30.110124 ], [ -90.546592, 30.110076 ], [ -90.5466, 30.109989 ], [ -90.546577, 30.10997 ], [ -90.546592, 30.109912 ], [ -90.546554, 30.109878 ], [ -90.546554, 30.109859 ], [ -90.546577, 30.109748 ], [ -90.546592, 30.10972 ], [ -90.546615, 30.109714 ], [ -90.54663, 30.109653 ], [ -90.546607, 30.109609 ], [ -90.546569, 30.109594 ], [ -90.546562, 30.109453 ], [ -90.546592, 30.109413 ], [ -90.546577, 30.109361 ], [ -90.546615, 30.109264 ], [ -90.546585, 30.109233 ], [ -90.546562, 30.109161 ], [ -90.546592, 30.109132 ], [ -90.546646, 30.109132 ], [ -90.546684, 30.109066 ], [ -90.546554, 30.10901 ], [ -90.546554, 30.10893 ], [ -90.546592, 30.108898 ], [ -90.546592, 30.108867 ], [ -90.546562, 30.108856 ], [ -90.546569, 30.108814 ], [ -90.546615, 30.108804 ], [ -90.546623, 30.108785 ], [ -90.546539, 30.108766 ], [ -90.546539, 30.108726 ], [ -90.546554, 30.108707 ], [ -90.546524, 30.108631 ], [ -90.546562, 30.108568 ], [ -90.546554, 30.108497 ], [ -90.546577, 30.108489 ], [ -90.546546, 30.108423 ], [ -90.546615, 30.108345 ], [ -90.546592, 30.108312 ], [ -90.546562, 30.108301 ], [ -90.546577, 30.108224 ], [ -90.546554, 30.108205 ], [ -90.546546, 30.108161 ], [ -90.546554, 30.108114 ], [ -90.546577, 30.108095 ], [ -90.546562, 30.10806 ], [ -90.546577, 30.10799 ], [ -90.546562, 30.10795 ], [ -90.546592, 30.107925 ], [ -90.546562, 30.107898 ], [ -90.546562, 30.107803 ], [ -90.546592, 30.107782 ], [ -90.546554, 30.107765 ], [ -90.546546, 30.107728 ], [ -90.546524, 30.107713 ], [ -90.546531, 30.107667 ], [ -90.546562, 30.107645 ], [ -90.546531, 30.107576 ], [ -90.546585, 30.107578 ], [ -90.546569, 30.107557 ], [ -90.546524, 30.107547 ], [ -90.546531, 30.10741 ], [ -90.546546, 30.107391 ], [ -90.546585, 30.107385 ], [ -90.546577, 30.107362 ], [ -90.546516, 30.107339 ], [ -90.546546, 30.107278 ], [ -90.546562, 30.107172 ], [ -90.546516, 30.106956 ], [ -90.546531, 30.10695 ], [ -90.546524, 30.106908 ], [ -90.546562, 30.106897 ], [ -90.546554, 30.106853 ], [ -90.5466, 30.106821 ], [ -90.546546, 30.106826 ], [ -90.546516, 30.10679 ], [ -90.546546, 30.106731 ], [ -90.546516, 30.106693 ], [ -90.546516, 30.106649 ], [ -90.546539, 30.106641 ], [ -90.546516, 30.106529 ], [ -90.546539, 30.106504 ], [ -90.546524, 30.10646 ], [ -90.546539, 30.106412 ], [ -90.546516, 30.106349 ], [ -90.546562, 30.10625 ], [ -90.5466, 30.106262 ], [ -90.546625, 30.106229 ], [ -90.546531, 30.106197 ], [ -90.546501, 30.106101 ], [ -90.546524, 30.105991 ], [ -90.546508, 30.105892 ], [ -90.546539, 30.105894 ], [ -90.546516, 30.105844 ], [ -90.546562, 30.105791 ], [ -90.546531, 30.10577 ], [ -90.546546, 30.105733 ], [ -90.546516, 30.105644 ], [ -90.546554, 30.105583 ], [ -90.546539, 30.105482 ], [ -90.546585, 30.10543 ], [ -90.546577, 30.105381 ], [ -90.546607, 30.105369 ], [ -90.546577, 30.10535 ], [ -90.546569, 30.105289 ], [ -90.546577, 30.105266 ], [ -90.546684, 30.105236 ], [ -90.546699, 30.105161 ], [ -90.546585, 30.105148 ], [ -90.546554, 30.105096 ], [ -90.546569, 30.105041 ], [ -90.546524, 30.104791 ], [ -90.546501, 30.104755 ], [ -90.546516, 30.10469 ], [ -90.546539, 30.104681 ], [ -90.546531, 30.104631 ], [ -90.546501, 30.1046 ], [ -90.546485, 30.104539 ], [ -90.546524, 30.104505 ], [ -90.546501, 30.104473 ], [ -90.546531, 30.104148 ], [ -90.546585, 30.104139 ], [ -90.546524, 30.104116 ], [ -90.546501, 30.104072 ], [ -90.546524, 30.104019 ], [ -90.546501, 30.103977 ], [ -90.546516, 30.103929 ], [ -90.546478, 30.103908 ], [ -90.546508, 30.103879 ], [ -90.546531, 30.10379 ], [ -90.546485, 30.103717 ], [ -90.546516, 30.1037 ], [ -90.546531, 30.103738 ], [ -90.546562, 30.103738 ], [ -90.546569, 30.10367 ], [ -90.546516, 30.103652 ], [ -90.546463, 30.103593 ], [ -90.546463, 30.103559 ], [ -90.546493, 30.103544 ], [ -90.546493, 30.10349 ], [ -90.546447, 30.10341 ], [ -90.546478, 30.103336 ], [ -90.546516, 30.103302 ], [ -90.546501, 30.103275 ], [ -90.546516, 30.10326 ], [ -90.546478, 30.103242 ], [ -90.546501, 30.103189 ], [ -90.54647, 30.103157 ], [ -90.546478, 30.102993 ], [ -90.546539, 30.102968 ], [ -90.546455, 30.102939 ], [ -90.546447, 30.102705 ], [ -90.546493, 30.102674 ], [ -90.546447, 30.102636 ], [ -90.54644, 30.10254 ], [ -90.546455, 30.102493 ], [ -90.546493, 30.102462 ], [ -90.546493, 30.102434 ], [ -90.54647, 30.102405 ], [ -90.54644, 30.102399 ], [ -90.54644, 30.10238 ], [ -90.546485, 30.102329 ], [ -90.54644, 30.1023 ], [ -90.54644, 30.102243 ], [ -90.546463, 30.102212 ], [ -90.546424, 30.102157 ], [ -90.546447, 30.101957 ], [ -90.546508, 30.101926 ], [ -90.546447, 30.101919 ], [ -90.546394, 30.101823 ], [ -90.54644, 30.101793 ], [ -90.546501, 30.101818 ], [ -90.546524, 30.101804 ], [ -90.546463, 30.10177 ], [ -90.546432, 30.101684 ], [ -90.546493, 30.101511 ], [ -90.546447, 30.101491 ], [ -90.54644, 30.101472 ], [ -90.546463, 30.101444 ], [ -90.546447, 30.101434 ], [ -90.546485, 30.10136 ], [ -90.546493, 30.101289 ], [ -90.546577, 30.101251 ], [ -90.546447, 30.101196 ], [ -90.546447, 30.101152 ], [ -90.54647, 30.101118 ], [ -90.546447, 30.101095 ], [ -90.54647, 30.10103 ], [ -90.546447, 30.101001 ], [ -90.546447, 30.100948 ], [ -90.546455, 30.100904 ], [ -90.546478, 30.100883 ], [ -90.54644, 30.100803 ], [ -90.546432, 30.100471 ], [ -90.546455, 30.100429 ], [ -90.546478, 30.100419 ], [ -90.546485, 30.100387 ], [ -90.546463, 30.100379 ], [ -90.546432, 30.100313 ], [ -90.546447, 30.100208 ], [ -90.546424, 30.099868 ], [ -90.546447, 30.099805 ], [ -90.546493, 30.099769 ], [ -90.546455, 30.099729 ], [ -90.546463, 30.099704 ], [ -90.546432, 30.09966 ], [ -90.54644, 30.09962 ], [ -90.546478, 30.099582 ], [ -90.54644, 30.099456 ], [ -90.546447, 30.099367 ], [ -90.546424, 30.099233 ], [ -90.546455, 30.099168 ], [ -90.546417, 30.099115 ], [ -90.546409, 30.099014 ], [ -90.546417, 30.098995 ], [ -90.54647, 30.099 ], [ -90.546463, 30.098957 ], [ -90.546447, 30.098949 ], [ -90.546478, 30.098865 ], [ -90.546447, 30.098833 ], [ -90.546447, 30.098756 ], [ -90.546417, 30.098684 ], [ -90.546409, 30.098548 ], [ -90.546379, 30.098526 ], [ -90.546379, 30.098505 ], [ -90.54644, 30.098463 ], [ -90.54644, 30.098443 ], [ -90.546401, 30.098415 ], [ -90.546417, 30.09827 ], [ -90.546417, 30.097923 ], [ -90.546447, 30.097921 ], [ -90.546455, 30.097808 ], [ -90.54647, 30.097824 ], [ -90.546524, 30.09781 ], [ -90.546524, 30.097789 ], [ -90.546485, 30.09777 ], [ -90.546493, 30.097726 ], [ -90.546447, 30.097734 ], [ -90.546417, 30.0977 ], [ -90.546463, 30.09769 ], [ -90.54647, 30.097673 ], [ -90.54644, 30.097642 ], [ -90.546401, 30.097457 ], [ -90.546409, 30.097381 ], [ -90.546455, 30.097339 ], [ -90.546455, 30.097303 ], [ -90.546394, 30.097248 ], [ -90.546417, 30.097234 ], [ -90.546401, 30.097202 ], [ -90.546417, 30.097158 ], [ -90.546386, 30.097145 ], [ -90.546379, 30.097118 ], [ -90.546386, 30.097017 ], [ -90.54644, 30.097026 ], [ -90.546417, 30.096958 ], [ -90.546447, 30.0969 ], [ -90.546432, 30.096788 ], [ -90.546394, 30.096729 ], [ -90.546463, 30.09667 ], [ -90.54647, 30.096645 ], [ -90.546386, 30.096553 ], [ -90.546493, 30.096523 ], [ -90.546493, 30.096498 ], [ -90.546432, 30.096475 ], [ -90.546447, 30.096424 ], [ -90.546432, 30.096374 ], [ -90.546371, 30.096315 ], [ -90.546417, 30.096315 ], [ -90.546432, 30.096284 ], [ -90.546401, 30.096244 ], [ -90.546417, 30.096126 ], [ -90.54644, 30.096109 ], [ -90.54644, 30.096073 ], [ -90.546409, 30.095964 ], [ -90.546409, 30.095809 ], [ -90.546379, 30.095743 ], [ -90.546409, 30.095701 ], [ -90.546417, 30.095651 ], [ -90.546386, 30.095617 ], [ -90.546424, 30.095502 ], [ -90.546401, 30.09543 ], [ -90.546356, 30.095397 ], [ -90.546348, 30.095346 ], [ -90.546424, 30.09534 ], [ -90.546455, 30.095294 ], [ -90.546401, 30.095258 ], [ -90.54644, 30.095176 ], [ -90.546363, 30.095094 ], [ -90.546386, 30.095024 ], [ -90.546363, 30.094972 ], [ -90.546432, 30.094917 ], [ -90.546493, 30.094905 ], [ -90.546432, 30.094865 ], [ -90.546409, 30.0948 ], [ -90.546455, 30.094779 ], [ -90.546455, 30.094766 ], [ -90.546401, 30.094711 ], [ -90.546386, 30.094619 ], [ -90.546417, 30.094608 ], [ -90.546417, 30.094551 ], [ -90.546379, 30.094499 ], [ -90.546417, 30.094499 ], [ -90.546417, 30.094474 ], [ -90.546371, 30.094455 ], [ -90.546371, 30.094436 ], [ -90.546424, 30.094394 ], [ -90.546401, 30.094354 ], [ -90.546432, 30.094341 ], [ -90.54644, 30.094253 ], [ -90.546401, 30.094198 ], [ -90.546401, 30.094158 ], [ -90.546463, 30.094135 ], [ -90.546424, 30.094108 ], [ -90.546463, 30.094078 ], [ -90.546417, 30.094026 ], [ -90.546417, 30.093999 ], [ -90.54644, 30.094001 ], [ -90.546432, 30.093854 ], [ -90.546455, 30.093791 ], [ -90.546493, 30.093784 ], [ -90.546493, 30.093763 ], [ -90.546463, 30.093746 ], [ -90.546447, 30.093687 ], [ -90.546501, 30.093647 ], [ -90.54647, 30.093618 ], [ -90.546447, 30.093465 ], [ -90.546447, 30.093441 ], [ -90.546485, 30.093414 ], [ -90.546485, 30.093397 ], [ -90.54644, 30.093341 ], [ -90.54647, 30.093294 ], [ -90.546455, 30.093206 ], [ -90.546493, 30.093143 ], [ -90.54647, 30.093122 ], [ -90.546478, 30.093088 ], [ -90.546524, 30.09304 ], [ -90.546524, 30.092992 ], [ -90.546485, 30.092981 ], [ -90.546501, 30.092935 ], [ -90.546478, 30.092922 ], [ -90.546524, 30.092847 ], [ -90.546546, 30.092842 ], [ -90.546516, 30.0927 ], [ -90.546531, 30.092599 ], [ -90.546508, 30.092531 ], [ -90.546539, 30.092494 ], [ -90.546585, 30.09237 ], [ -90.546623, 30.09234 ], [ -90.546653, 30.092361 ], [ -90.546722, 30.092353 ], [ -90.546745, 30.092323 ], [ -90.546722, 30.092296 ], [ -90.54676, 30.092296 ], [ -90.546768, 30.092252 ], [ -90.546615, 30.092147 ], [ -90.546562, 30.092092 ], [ -90.546539, 30.092016 ], [ -90.546524, 30.09201 ], [ -90.546501, 30.091909 ], [ -90.546455, 30.091857 ], [ -90.546493, 30.091823 ], [ -90.546463, 30.091815 ], [ -90.54647, 30.091705 ], [ -90.546447, 30.091665 ], [ -90.546463, 30.091644 ], [ -90.546463, 30.091571 ], [ -90.546493, 30.091541 ], [ -90.546463, 30.09152 ], [ -90.546478, 30.0914 ], [ -90.546455, 30.091321 ], [ -90.546478, 30.091207 ], [ -90.54647, 30.091072 ], [ -90.546493, 30.091035 ], [ -90.54647, 30.090957 ], [ -90.546485, 30.090896 ], [ -90.54647, 30.090879 ], [ -90.546485, 30.090753 ], [ -90.546463, 30.090627 ], [ -90.546478, 30.090496 ], [ -90.546432, 30.090406 ], [ -90.546463, 30.090396 ], [ -90.54647, 30.09036 ], [ -90.546478, 30.090147 ], [ -90.546463, 30.089942 ], [ -90.54644, 30.089916 ], [ -90.546447, 30.089468 ], [ -90.546417, 30.08934 ], [ -90.546432, 30.088678 ], [ -90.546386, 30.088266 ], [ -90.546356, 30.087665 ], [ -90.546394, 30.08765 ], [ -90.546394, 30.087505 ], [ -90.546371, 30.087469 ], [ -90.546363, 30.087366 ], [ -90.546401, 30.087282 ], [ -90.546325, 30.087173 ], [ -90.546348, 30.087104 ], [ -90.54634, 30.086977 ], [ -90.546356, 30.086833 ], [ -90.546325, 30.086811 ], [ -90.54634, 30.086544 ], [ -90.546287, 30.086475 ], [ -90.546287, 30.086437 ], [ -90.546348, 30.086416 ], [ -90.546333, 30.086273 ], [ -90.546348, 30.08624 ], [ -90.546409, 30.086236 ], [ -90.546371, 30.086177 ], [ -90.546424, 30.086109 ], [ -90.546501, 30.086126 ], [ -90.5466, 30.08608 ], [ -90.54663, 30.086038 ], [ -90.54663, 30.085994 ], [ -90.546623, 30.085952 ], [ -90.546493, 30.085939 ], [ -90.546379, 30.085884 ], [ -90.546356, 30.085777 ], [ -90.546363, 30.085712 ], [ -90.546302, 30.085245 ], [ -90.54631, 30.085037 ], [ -90.546272, 30.084695 ], [ -90.546249, 30.084613 ], [ -90.546257, 30.083711 ], [ -90.54618, 30.083475 ], [ -90.546157, 30.083063 ], [ -90.546173, 30.082946 ], [ -90.546165, 30.082664 ], [ -90.546203, 30.08259 ], [ -90.546295, 30.082551 ], [ -90.546318, 30.082525 ], [ -90.546363, 30.082515 ], [ -90.546455, 30.082527 ], [ -90.546478, 30.082496 ], [ -90.546478, 30.082458 ], [ -90.54647, 30.08241 ], [ -90.546218, 30.082422 ], [ -90.546241, 30.081899 ], [ -90.546226, 30.081804 ], [ -90.546234, 30.081724 ], [ -90.546173, 30.081398 ], [ -90.546203, 30.081243 ], [ -90.546203, 30.081047 ], [ -90.546188, 30.080984 ], [ -90.546195, 30.080705 ], [ -90.546226, 30.080633 ], [ -90.546203, 30.080562 ], [ -90.546226, 30.080526 ], [ -90.546348, 30.080511 ], [ -90.546417, 30.08048 ], [ -90.546501, 30.080408 ], [ -90.546447, 30.080343 ], [ -90.546272, 30.080223 ], [ -90.546203, 30.080125 ], [ -90.546218, 30.07995 ], [ -90.54618, 30.079782 ], [ -90.54618, 30.079532 ], [ -90.546203, 30.079322 ], [ -90.546157, 30.078866 ], [ -90.54615, 30.078483 ], [ -90.546119, 30.078433 ], [ -90.546119, 30.078189 ], [ -90.546066, 30.077917 ], [ -90.546051, 30.077529 ], [ -90.546035, 30.077421 ], [ -90.546173, 30.077417 ], [ -90.546218, 30.077417 ], [ -90.546288, 30.077415 ], [ -90.547035, 30.077404 ], [ -90.548049, 30.077383 ], [ -90.548263, 30.077377 ], [ -90.549003, 30.077363 ], [ -90.549522, 30.077356 ], [ -90.550521, 30.077339 ], [ -90.551223, 30.077325 ], [ -90.551849, 30.077312 ], [ -90.552453, 30.077299 ], [ -90.553367, 30.07728 ], [ -90.553443, 30.077278 ], [ -90.554344, 30.077259 ], [ -90.556174, 30.077225 ], [ -90.557067, 30.077209 ], [ -90.558273, 30.077188 ], [ -90.558479, 30.077184 ], [ -90.559158, 30.077173 ], [ -90.559454, 30.077167 ], [ -90.559654, 30.077163 ], [ -90.55965, 30.07704 ], [ -90.559639, 30.076722 ], [ -90.559631, 30.076456 ], [ -90.559547, 30.074199 ], [ -90.559471, 30.071128 ], [ -90.559408, 30.071126 ], [ -90.559274, 30.071124 ], [ -90.559074, 30.071121 ], [ -90.558792, 30.071115 ], [ -90.558326, 30.071105 ], [ -90.557975, 30.071113 ], [ -90.557411, 30.071125 ], [ -90.556854, 30.071105 ], [ -90.555725, 30.071081 ], [ -90.555007, 30.071065 ], [ -90.554931, 30.068078 ], [ -90.554786, 30.063734 ], [ -90.554687, 30.061283 ], [ -90.554672, 30.06109 ], [ -90.553543, 30.061161 ], [ -90.551818, 30.061231 ], [ -90.551223, 30.06125 ], [ -90.548545, 30.061346 ], [ -90.548463, 30.061349 ], [ -90.548126, 30.061363 ], [ -90.545783, 30.06146 ], [ -90.545806, 30.060985 ], [ -90.545684, 30.057483 ], [ -90.545631, 30.056282 ], [ -90.545532, 30.052181 ], [ -90.545541, 30.051827 ], [ -90.545545, 30.051662 ], [ -90.545555, 30.051289 ], [ -90.545555, 30.05113 ], [ -90.545533, 30.047676 ], [ -90.545602, 30.047688 ], [ -90.546377, 30.047861 ], [ -90.546475, 30.047881 ], [ -90.548942, 30.048428 ], [ -90.549053, 30.048452 ], [ -90.549972, 30.048644 ], [ -90.550077, 30.048667 ], [ -90.551453, 30.048938 ], [ -90.552172, 30.049076 ], [ -90.558303, 30.050267 ], [ -90.558646, 30.050332 ], [ -90.559247, 30.050384 ], [ -90.559548, 30.05041 ], [ -90.559567, 30.050413 ], [ -90.559742, 30.050424 ], [ -90.560107, 30.05046 ], [ -90.561188, 30.050557 ], [ -90.561344, 30.050571 ], [ -90.562439, 30.050692 ], [ -90.56259, 30.050712 ], [ -90.563837, 30.050848 ], [ -90.565074, 30.050986 ], [ -90.568643, 30.051387 ], [ -90.56871, 30.051396 ], [ -90.568825, 30.051401 ], [ -90.568904, 30.051403 ], [ -90.569214, 30.051418 ], [ -90.569559, 30.051436 ], [ -90.570003, 30.051453 ], [ -90.570386, 30.051471 ], [ -90.570416, 30.051471 ], [ -90.570958, 30.051495 ], [ -90.571957, 30.051541 ], [ -90.572259, 30.051554 ], [ -90.572456, 30.051566 ], [ -90.572523, 30.051566 ], [ -90.573407, 30.051535 ], [ -90.574508, 30.051498 ], [ -90.575609, 30.051452 ], [ -90.576231, 30.051435 ], [ -90.57931, 30.051315 ], [ -90.580504, 30.051111 ], [ -90.580709, 30.05107 ], [ -90.581604, 30.050916 ], [ -90.583877, 30.050507 ], [ -90.585569, 30.050201 ], [ -90.586799, 30.049996 ], [ -90.587615, 30.049851 ], [ -90.587654, 30.04985 ], [ -90.587826, 30.049816 ], [ -90.588452, 30.049696 ], [ -90.589703, 30.049197 ], [ -90.59173, 30.048394 ], [ -90.593259, 30.047794 ], [ -90.594224, 30.047408 ], [ -90.594345, 30.047357 ], [ -90.594837, 30.047161 ], [ -90.595172, 30.047029 ], [ -90.595209, 30.047016 ], [ -90.596794, 30.046065 ], [ -90.597551, 30.045609 ], [ -90.599433, 30.044516 ], [ -90.600727, 30.043751 ], [ -90.601705, 30.043186 ], [ -90.602294, 30.042749 ], [ -90.60723, 30.039019 ], [ -90.608498, 30.038064 ], [ -90.609001, 30.037692 ], [ -90.610604, 30.036478 ], [ -90.612879, 30.034782 ], [ -90.619001, 30.032311 ], [ -90.620494, 30.031726 ], [ -90.620737, 30.031637 ], [ -90.621607, 30.031506 ], [ -90.622608, 30.031922 ], [ -90.622876, 30.032049 ], [ -90.623602, 30.03235 ], [ -90.625438, 30.033124 ], [ -90.625992, 30.033497 ], [ -90.626357, 30.033737 ], [ -90.62651, 30.033843 ], [ -90.627169, 30.034284 ], [ -90.627299, 30.034367 ], [ -90.627379, 30.034424 ], [ -90.628283, 30.035033 ], [ -90.631181, 30.037081 ], [ -90.631816, 30.037518 ], [ -90.632054, 30.037687 ], [ -90.632312, 30.037872 ], [ -90.632648, 30.038106 ], [ -90.632861, 30.038259 ], [ -90.632999, 30.038353 ], [ -90.63376, 30.038889 ], [ -90.634062, 30.039126 ], [ -90.634097, 30.039155 ], [ -90.634313, 30.039328 ], [ -90.634327, 30.039338 ], [ -90.636833, 30.041312 ], [ -90.639264, 30.04325 ], [ -90.641596, 30.045077 ], [ -90.642429, 30.045678 ], [ -90.645024, 30.047358 ], [ -90.647964, 30.049267 ], [ -90.6494, 30.050189 ], [ -90.651634, 30.050707 ], [ -90.652299, 30.050862 ], [ -90.654532, 30.051459 ], [ -90.65818, 30.051415 ], [ -90.658327, 30.051376 ], [ -90.658673, 30.051289 ], [ -90.659311, 30.05113 ], [ -90.660661, 30.050805 ], [ -90.660885, 30.050743 ], [ -90.661178, 30.050671 ], [ -90.661213, 30.050812 ], [ -90.661175, 30.050826 ], [ -90.661265, 30.051329 ], [ -90.661817, 30.053794 ], [ -90.662085, 30.054984 ], [ -90.662138, 30.055245 ], [ -90.662323, 30.056043 ], [ -90.662365, 30.056239 ], [ -90.662427, 30.056516 ], [ -90.662523, 30.056932 ], [ -90.662483, 30.057189 ], [ -90.66262, 30.057538 ], [ -90.662643, 30.057588 ], [ -90.662673, 30.057794 ], [ -90.662757, 30.058176 ], [ -90.662874, 30.058688 ], [ -90.66291, 30.058847 ], [ -90.663398, 30.060892 ], [ -90.663818, 30.063102 ], [ -90.664016, 30.063739 ], [ -90.664245, 30.064508 ], [ -90.664581, 30.065732 ], [ -90.664619, 30.066139 ], [ -90.664703, 30.066549 ], [ -90.665061, 30.068124 ], [ -90.665306, 30.069091 ], [ -90.665634, 30.070569 ], [ -90.665729, 30.07121 ], [ -90.665887, 30.071879 ], [ -90.66608, 30.072771 ], [ -90.666287, 30.073695 ], [ -90.666325, 30.073857 ], [ -90.666639, 30.075262 ], [ -90.670871, 30.094112 ], [ -90.670166, 30.094205 ], [ -90.653722, 30.096361 ], [ -90.65355, 30.097435 ], [ -90.653533, 30.097539 ], [ -90.649863, 30.120392 ], [ -90.64982, 30.120658 ], [ -90.649055, 30.125422 ], [ -90.645364, 30.147231 ], [ -90.644013, 30.155209 ], [ -90.643932, 30.155689 ], [ -90.643777, 30.156604 ], [ -90.643668, 30.157249 ], [ -90.642111, 30.166448 ], [ -90.69642, 30.155889 ], [ -90.701814, 30.154843 ], [ -90.707592, 30.153718 ], [ -90.70791, 30.153656 ], [ -90.708227, 30.153594 ], [ -90.708788, 30.153485 ], [ -90.728341, 30.149683 ], [ -90.7501, 30.14545 ], [ -90.759067, 30.143678 ], [ -90.759583, 30.143576 ], [ -90.761018, 30.143292 ], [ -90.761631, 30.143171 ], [ -90.762124, 30.143073 ], [ -90.763167, 30.142867 ], [ -90.766247, 30.142258 ], [ -90.76726, 30.142058 ], [ -90.785307, 30.138489 ], [ -90.785469, 30.138457 ], [ -90.785538, 30.138443 ], [ -90.785631, 30.138425 ], [ -90.785722, 30.138407 ], [ -90.785932, 30.138365 ], [ -90.786133, 30.138325 ], [ -90.786271, 30.138298 ], [ -90.788572, 30.137843 ], [ -90.802103, 30.135167 ], [ -90.811715, 30.133266 ], [ -90.814276, 30.13276 ], [ -90.827161, 30.130213 ], [ -90.850472, 30.125602 ], [ -90.850674, 30.125562 ], [ -90.850823, 30.125532 ], [ -90.855571, 30.124593 ], [ -90.857008, 30.124324 ], [ -90.85883, 30.123982 ], [ -90.863853, 30.123043 ], [ -90.864304, 30.122959 ], [ -90.866737, 30.122503 ], [ -90.867366, 30.122385 ], [ -90.869345, 30.122015 ], [ -90.875096, 30.120938 ], [ -90.888074, 30.118449 ], [ -90.888823, 30.118305 ], [ -90.902393, 30.115683 ], [ -90.906359, 30.114916 ], [ -90.910858, 30.11411 ], [ -90.911335, 30.11402 ], [ -90.911861, 30.113922 ], [ -90.911932, 30.113909 ], [ -90.913741, 30.113598 ], [ -90.915505, 30.113295 ], [ -90.915565, 30.113285 ], [ -90.915855, 30.114271 ], [ -90.917275, 30.119101 ], [ -90.919638, 30.125176 ], [ -90.923243, 30.130397 ], [ -90.927896, 30.134072 ], [ -90.931437, 30.135933 ], [ -90.931554, 30.135967 ], [ -90.931944, 30.136091 ], [ -90.932456, 30.13624 ], [ -90.932852, 30.136351 ], [ -90.933132, 30.136418 ], [ -90.934062, 30.136613 ], [ -90.934141, 30.136634 ], [ -90.934388, 30.136665 ], [ -90.93476, 30.136701 ], [ -90.934967, 30.136717 ], [ -90.935382, 30.136735 ], [ -90.935631, 30.136739 ], [ -90.935921, 30.136718 ], [ -90.936623, 30.136645 ], [ -90.937371, 30.136636 ], [ -90.937569, 30.136629 ], [ -90.937701, 30.136624 ], [ -90.937947, 30.136588 ], [ -90.938149, 30.136544 ], [ -90.938349, 30.136495 ], [ -90.938507, 30.136452 ], [ -90.938859, 30.136343 ], [ -90.939091, 30.136261 ], [ -90.939209, 30.136228 ], [ -90.939451, 30.136177 ], [ -90.93994, 30.136089 ], [ -90.939979, 30.136077 ], [ -90.94016, 30.135989 ], [ -90.940193, 30.135967 ], [ -90.941, 30.135291 ], [ -90.941165, 30.135181 ], [ -90.941474, 30.13494 ], [ -90.942069, 30.13449 ], [ -90.942165, 30.134422 ], [ -90.94256, 30.134157 ], [ -90.943073, 30.13379 ], [ -90.943322, 30.133599 ], [ -90.943759, 30.133391 ], [ -90.944242, 30.133108 ], [ -90.944342, 30.133044 ], [ -90.944404, 30.132997 ], [ -90.944691, 30.132688 ], [ -90.944944, 30.132402 ], [ -90.945376, 30.131872 ], [ -90.945623, 30.131582 ], [ -90.945703, 30.1315 ], [ -90.945967, 30.131176 ], [ -90.945984, 30.131143 ], [ -90.946124, 30.130804 ], [ -90.946392, 30.130198 ], [ -90.94653, 30.129897 ], [ -90.946677, 30.12956 ], [ -90.946734, 30.129313 ], [ -90.946791, 30.128992 ], [ -90.946827, 30.128742 ], [ -90.946849, 30.128526 ], [ -90.946893, 30.128388 ], [ -90.946993, 30.128112 ], [ -90.947051, 30.127939 ], [ -90.947249, 30.127277 ], [ -90.947294, 30.127175 ], [ -90.947303, 30.12714 ], [ -90.947319, 30.127034 ], [ -90.947405, 30.126172 ], [ -90.947416, 30.126028 ], [ -90.947443, 30.125452 ], [ -90.947446, 30.125308 ], [ -90.947439, 30.125091 ], [ -90.947454, 30.12484 ], [ -90.947461, 30.124551 ], [ -90.947478, 30.124119 ], [ -90.947479, 30.123543 ], [ -90.947487, 30.123363 ], [ -90.947506, 30.123111 ], [ -90.947492, 30.122895 ], [ -90.947486, 30.122643 ], [ -90.9475, 30.122211 ], [ -90.947509, 30.122103 ], [ -90.94743, 30.121567 ], [ -90.947174, 30.120806 ], [ -90.947135, 30.120556 ], [ -90.947093, 30.120198 ], [ -90.947068, 30.120019 ], [ -90.946902, 30.11913 ], [ -90.946829, 30.118775 ], [ -90.946735, 30.118498 ], [ -90.94664, 30.118037 ], [ -90.946525, 30.11758 ], [ -90.946382, 30.11687 ], [ -90.946311, 30.116551 ], [ -90.946284, 30.116409 ], [ -90.946293, 30.116085 ], [ -90.946321, 30.115761 ], [ -90.946369, 30.11544 ], [ -90.946438, 30.115121 ], [ -90.946505, 30.114876 ], [ -90.946574, 30.114668 ], [ -90.946663, 30.114466 ], [ -90.946832, 30.114172 ], [ -90.946882, 30.113923 ], [ -90.946998, 30.113173 ], [ -90.947033, 30.112887 ], [ -90.947103, 30.112386 ], [ -90.94714, 30.112172 ], [ -90.94716, 30.112103 ], [ -90.947407, 30.111769 ], [ -90.947524, 30.11162 ], [ -90.947646, 30.111474 ], [ -90.947903, 30.111191 ], [ -90.948023, 30.111091 ], [ -90.948269, 30.110898 ], [ -90.948426, 30.11078 ], [ -90.948811, 30.110505 ], [ -90.949093, 30.110292 ], [ -90.949253, 30.110177 ], [ -90.950141, 30.109582 ], [ -90.950541, 30.109324 ], [ -90.950576, 30.109305 ], [ -90.951119, 30.109123 ], [ -90.9513, 30.109034 ], [ -90.951691, 30.10883 ], [ -90.952017, 30.108671 ], [ -90.952459, 30.10847 ], [ -90.952761, 30.10835 ], [ -90.952996, 30.108278 ], [ -90.953393, 30.10817 ], [ -90.953592, 30.10812 ], [ -90.953837, 30.108078 ], [ -90.95386, 30.108076 ], [ -90.954291, 30.108033 ], [ -90.954785, 30.107975 ], [ -90.955031, 30.107942 ], [ -90.955724, 30.10782 ], [ -90.956279, 30.107714 ], [ -90.956333, 30.107699 ], [ -90.957102, 30.107549 ], [ -90.958248, 30.107377 ], [ -90.958703, 30.107337 ], [ -90.959233, 30.107246 ], [ -90.959484, 30.107207 ], [ -90.959733, 30.107198 ], [ -90.960189, 30.107175 ], [ -90.96048, 30.10717 ], [ -90.96102, 30.10717 ], [ -90.961851, 30.107182 ], [ -90.962308, 30.107195 ], [ -90.962557, 30.107206 ], [ -90.963303, 30.107252 ], [ -90.96351, 30.107269 ], [ -90.963633, 30.107283 ], [ -90.964495, 30.107405 ], [ -90.96503, 30.10747 ], [ -90.965316, 30.107512 ], [ -90.966138, 30.107622 ], [ -90.966588, 30.107692 ], [ -90.966951, 30.107769 ], [ -90.967311, 30.107857 ], [ -90.967548, 30.107924 ], [ -90.96821, 30.107973 ], [ -90.968912, 30.108046 ], [ -90.969282, 30.108094 ], [ -90.969896, 30.108185 ], [ -90.970059, 30.108214 ], [ -90.970463, 30.108297 ], [ -90.970823, 30.108384 ], [ -90.971691, 30.108635 ], [ -90.972205, 30.108779 ], [ -90.972991, 30.109013 ], [ -90.973811, 30.109271 ], [ -90.974134, 30.109355 ], [ -90.974448, 30.109437 ], [ -90.975467, 30.109743 ], [ -90.975822, 30.10984 ], [ -90.976822, 30.110093 ], [ -90.977378, 30.110251 ], [ -90.97776, 30.110392 ], [ -90.978118, 30.110488 ], [ -90.978558, 30.110593 ], [ -90.978837, 30.110664 ], [ -90.979272, 30.110787 ], [ -90.979665, 30.110904 ], [ -90.979989, 30.110969 ], [ -90.980679, 30.111098 ], [ -90.98104, 30.111183 ], [ -90.98148, 30.111293 ], [ -90.981681, 30.111339 ], [ -90.982408, 30.111491 ], [ -90.982851, 30.111589 ], [ -90.983396, 30.111694 ], [ -90.98384, 30.11189 ], [ -90.984408, 30.112113 ], [ -90.984602, 30.112179 ], [ -90.984914, 30.112278 ], [ -90.985191, 30.112354 ], [ -90.985591, 30.112452 ], [ -90.986121, 30.112576 ], [ -90.986153, 30.112584 ], [ -90.986556, 30.112672 ], [ -90.986756, 30.11272 ], [ -90.987788, 30.112997 ], [ -90.988312, 30.113112 ], [ -90.988516, 30.113143 ], [ -90.988751, 30.113217 ], [ -90.989276, 30.113364 ], [ -90.989462, 30.113417 ], [ -90.989742, 30.113487 ], [ -90.989944, 30.113528 ], [ -90.990189, 30.11357 ], [ -90.990679, 30.113647 ], [ -90.991377, 30.113743 ], [ -90.991707, 30.11378 ], [ -90.992079, 30.113814 ], [ -90.992986, 30.11391 ], [ -90.993562, 30.113983 ], [ -90.994593, 30.114093 ], [ -90.995128, 30.114161 ], [ -90.995335, 30.114179 ], [ -90.995956, 30.114223 ], [ -90.997365, 30.114313 ], [ -90.997905, 30.114333 ], [ -90.998361, 30.114356 ], [ -90.998777, 30.114365 ], [ -90.999234, 30.114363 ], [ -91.000314, 30.114329 ], [ -91.000519, 30.114303 ], [ -91.000851, 30.114318 ], [ -91.001555, 30.11437 ], [ -91.001886, 30.114391 ], [ -91.002136, 30.114391 ], [ -91.002676, 30.114386 ], [ -91.002717, 30.114389 ], [ -91.002921, 30.114416 ], [ -91.003372, 30.114481 ], [ -91.003734, 30.114523 ], [ -91.004025, 30.114528 ], [ -91.004482, 30.114523 ], [ -91.004589, 30.114516 ], [ -91.004814, 30.114501 ], [ -91.005144, 30.114469 ], [ -91.005503, 30.114472 ], [ -91.005767, 30.114475 ], [ -91.006141, 30.114472 ], [ -91.006639, 30.114448 ], [ -91.007429, 30.114445 ], [ -91.008176, 30.114413 ], [ -91.008632, 30.114385 ], [ -91.009379, 30.114346 ], [ -91.009711, 30.11434 ], [ -91.010167, 30.114317 ], [ -91.010666, 30.114306 ], [ -91.011371, 30.114337 ], [ -91.01241, 30.114362 ], [ -91.012908, 30.114349 ], [ -91.013157, 30.114364 ], [ -91.013821, 30.114393 ], [ -91.014984, 30.114425 ], [ -91.015482, 30.11445 ], [ -91.015648, 30.114454 ], [ -91.015898, 30.114447 ], [ -91.016147, 30.114454 ], [ -91.016437, 30.114473 ], [ -91.017223, 30.114537 ], [ -91.017677, 30.114586 ], [ -91.018424, 30.114612 ], [ -91.018838, 30.114645 ], [ -91.019336, 30.114623 ], [ -91.019543, 30.114619 ], [ -91.020125, 30.114625 ], [ -91.020955, 30.114661 ], [ -91.020996, 30.114669 ], [ -91.021233, 30.114736 ], [ -91.021909, 30.114913 ], [ -91.022185, 30.114992 ], [ -91.02247, 30.115044 ], [ -91.022841, 30.115087 ], [ -91.023172, 30.115115 ], [ -91.023553, 30.115158 ], [ -91.023826, 30.115243 ], [ -91.024576, 30.115458 ], [ -91.025472, 30.115748 ], [ -91.025774, 30.115868 ], [ -91.025884, 30.115918 ], [ -91.026486, 30.116163 ], [ -91.02671, 30.116259 ], [ -91.027063, 30.116367 ], [ -91.027296, 30.116443 ], [ -91.027525, 30.116528 ], [ -91.027712, 30.116605 ], [ -91.027939, 30.116764 ], [ -91.028137, 30.116894 ], [ -91.028242, 30.116953 ], [ -91.028456, 30.117064 ], [ -91.028724, 30.117234 ], [ -91.029441, 30.117667 ], [ -91.029613, 30.117767 ], [ -91.029803, 30.117907 ], [ -91.030153, 30.118215 ], [ -91.030374, 30.118431 ], [ -91.030573, 30.118615 ], [ -91.030676, 30.118728 ], [ -91.030813, 30.11895 ], [ -91.03088, 30.119082 ], [ -91.031097, 30.11955 ], [ -91.031274, 30.119916 ], [ -91.031289, 30.119949 ], [ -91.031347, 30.120084 ], [ -91.031429, 30.120289 ], [ -91.031612, 30.120805 ], [ -91.031683, 30.121087 ], [ -91.031765, 30.121366 ], [ -91.031797, 30.121608 ], [ -91.031799, 30.121621 ], [ -91.031804, 30.121725 ], [ -91.031793, 30.121905 ], [ -91.03176, 30.122155 ], [ -91.031689, 30.122765 ], [ -91.031601, 30.1233 ], [ -91.031537, 30.123838 ], [ -91.031475, 30.124194 ], [ -91.031423, 30.124442 ], [ -91.031315, 30.124752 ], [ -91.031182, 30.124977 ], [ -91.030975, 30.125375 ], [ -91.030836, 30.12556 ], [ -91.030686, 30.125733 ], [ -91.030531, 30.125902 ], [ -91.030423, 30.126011 ], [ -91.030005, 30.126412 ], [ -91.029713, 30.126718 ], [ -91.029485, 30.126928 ], [ -91.02928, 30.127106 ], [ -91.028876, 30.127292 ], [ -91.02832, 30.127537 ], [ -91.027192, 30.128076 ], [ -91.026338, 30.12865 ], [ -91.025899, 30.128856 ], [ -91.0254, 30.129115 ], [ -91.024389, 30.129614 ], [ -91.023851, 30.129888 ], [ -91.023389, 30.130132 ], [ -91.022923, 30.130368 ], [ -91.022027, 30.130749 ], [ -91.021189, 30.131066 ], [ -91.020114, 30.131452 ], [ -91.01988, 30.131528 ], [ -91.019494, 30.131662 ], [ -91.018868, 30.131856 ], [ -91.018561, 30.132041 ], [ -91.018354, 30.132161 ], [ -91.018136, 30.132267 ], [ -91.017915, 30.132367 ], [ -91.017653, 30.132476 ], [ -91.017273, 30.132623 ], [ -91.017043, 30.132705 ], [ -91.016732, 30.132807 ], [ -91.016545, 30.132887 ], [ -91.016179, 30.133057 ], [ -91.015994, 30.133138 ], [ -91.015768, 30.133231 ], [ -91.015464, 30.133348 ], [ -91.015428, 30.133365 ], [ -91.015229, 30.133496 ], [ -91.014989, 30.133638 ], [ -91.014743, 30.133772 ], [ -91.014527, 30.133881 ], [ -91.014308, 30.133984 ], [ -91.013937, 30.134147 ], [ -91.013562, 30.134301 ], [ -91.013334, 30.134389 ], [ -91.012894, 30.134661 ], [ -91.012722, 30.134763 ], [ -91.012193, 30.135048 ], [ -91.012013, 30.135139 ], [ -91.011867, 30.135208 ], [ -91.011606, 30.135319 ], [ -91.010887, 30.135602 ], [ -91.010657, 30.135686 ], [ -91.010347, 30.135789 ], [ -91.01031, 30.135806 ], [ -91.010207, 30.135867 ], [ -91.009738, 30.136118 ], [ -91.009452, 30.136265 ], [ -91.009276, 30.136361 ], [ -91.009104, 30.136462 ], [ -91.008631, 30.136757 ], [ -91.008335, 30.136955 ], [ -91.007795, 30.13735 ], [ -91.007239, 30.137727 ], [ -91.006613, 30.138202 ], [ -91.006522, 30.138276 ], [ -91.006316, 30.138454 ], [ -91.005968, 30.138902 ], [ -91.005719, 30.139234 ], [ -91.005599, 30.139382 ], [ -91.00545, 30.139555 ], [ -91.005363, 30.139633 ], [ -91.005242, 30.139732 ], [ -91.005053, 30.139872 ], [ -91.004667, 30.140146 ], [ -91.004201, 30.140506 ], [ -91.003979, 30.140669 ], [ -91.003919, 30.140719 ], [ -91.003631, 30.140978 ], [ -91.003379, 30.141264 ], [ -91.00316, 30.141571 ], [ -91.002778, 30.142043 ], [ -91.00268, 30.142159 ], [ -91.002098, 30.142817 ], [ -91.001693, 30.143265 ], [ -91.001658, 30.143296 ], [ -91.001488, 30.143501 ], [ -91.00125, 30.143797 ], [ -91.001048, 30.144026 ], [ -91.000917, 30.144165 ], [ -91.0007, 30.144384 ], [ -91.00045, 30.144625 ], [ -91.000262, 30.144817 ], [ -91.000124, 30.145039 ], [ -90.999955, 30.145329 ], [ -90.999819, 30.145709 ], [ -90.999761, 30.145919 ], [ -90.999718, 30.146096 ], [ -90.999639, 30.146523 ], [ -90.999583, 30.14677 ], [ -90.999525, 30.14709 ], [ -90.999489, 30.147364 ], [ -90.999478, 30.147448 ], [ -90.999449, 30.147772 ], [ -90.999438, 30.14806 ], [ -90.999448, 30.148276 ], [ -90.999498, 30.148851 ], [ -90.999532, 30.149174 ], [ -90.999576, 30.149785 ], [ -90.999598, 30.150036 ], [ -90.999621, 30.150468 ], [ -90.999629, 30.150721 ], [ -90.999626, 30.151081 ], [ -90.999645, 30.151296 ], [ -90.99965, 30.15144 ], [ -90.999648, 30.151657 ], [ -90.999638, 30.151873 ], [ -90.999673, 30.152232 ], [ -90.999692, 30.152556 ], [ -90.999695, 30.152772 ], [ -90.999808, 30.153303 ], [ -90.99985, 30.153553 ], [ -90.999878, 30.153801 ], [ -90.999887, 30.153875 ], [ -90.999909, 30.154235 ], [ -90.999916, 30.154487 ], [ -90.99991, 30.15492 ], [ -90.999914, 30.155172 ], [ -90.999877, 30.155567 ], [ -90.999868, 30.155711 ], [ -90.99987, 30.155747 ], [ -90.999923, 30.156068 ], [ -90.999994, 30.156386 ], [ -91.000111, 30.156806 ], [ -91.000234, 30.157188 ], [ -91.000294, 30.157361 ], [ -91.000386, 30.157822 ], [ -91.000507, 30.158316 ], [ -91.000494, 30.15864 ], [ -91.000494, 30.158892 ], [ -91.000534, 30.159467 ], [ -91.000674, 30.15992 ], [ -91.000792, 30.16015 ], [ -91.001008, 30.16054 ], [ -91.001164, 30.160795 ], [ -91.001191, 30.160863 ], [ -91.001233, 30.161002 ], [ -91.001321, 30.161243 ], [ -91.00147, 30.161618 ], [ -91.001679, 30.162089 ], [ -91.001808, 30.162354 ], [ -91.001895, 30.162518 ], [ -91.002044, 30.162776 ], [ -91.002131, 30.162898 ], [ -91.002347, 30.163288 ], [ -91.002537, 30.163649 ], [ -91.002579, 30.16371 ], [ -91.002677, 30.163827 ], [ -91.002958, 30.16431 ], [ -91.003245, 30.16483 ], [ -91.003379, 30.165054 ], [ -91.003482, 30.16521 ], [ -91.003722, 30.165846 ], [ -91.003764, 30.165948 ], [ -91.00395, 30.16627 ], [ -91.004088, 30.166492 ], [ -91.004498, 30.167119 ], [ -91.004714, 30.167427 ], [ -91.005124, 30.168175 ], [ -91.005237, 30.168368 ], [ -91.005297, 30.168463 ], [ -91.005453, 30.168676 ], [ -91.005776, 30.169095 ], [ -91.0059, 30.169241 ], [ -91.006103, 30.169468 ], [ -91.006222, 30.169658 ], [ -91.006388, 30.169908 ], [ -91.006541, 30.170123 ], [ -91.006634, 30.170243 ], [ -91.006871, 30.170532 ], [ -91.007164, 30.170889 ], [ -91.007315, 30.171061 ], [ -91.007498, 30.171256 ], [ -91.007626, 30.171483 ], [ -91.007984, 30.172093 ], [ -91.008185, 30.172409 ], [ -91.00835, 30.172616 ], [ -91.008501, 30.172788 ], [ -91.008659, 30.172956 ], [ -91.008901, 30.173203 ], [ -91.009191, 30.173555 ], [ -91.009536, 30.174005 ], [ -91.009644, 30.174159 ], [ -91.009767, 30.174347 ], [ -91.010206, 30.175043 ], [ -91.01028, 30.175172 ], [ -91.010437, 30.175384 ], [ -91.010647, 30.175652 ], [ -91.010804, 30.175865 ], [ -91.011043, 30.176203 ], [ -91.011659, 30.177016 ], [ -91.011742, 30.177141 ], [ -91.011957, 30.177491 ], [ -91.012044, 30.177614 ], [ -91.012113, 30.177703 ], [ -91.012248, 30.177886 ], [ -91.012584, 30.178298 ], [ -91.012814, 30.178598 ], [ -91.013086, 30.179003 ], [ -91.013323, 30.179299 ], [ -91.013469, 30.179474 ], [ -91.013621, 30.179645 ], [ -91.013779, 30.179813 ], [ -91.01397, 30.180003 ], [ -91.014158, 30.18034 ], [ -91.014333, 30.180627 ], [ -91.014458, 30.180814 ], [ -91.01474, 30.181214 ], [ -91.015222, 30.181929 ], [ -91.015433, 30.182281 ], [ -91.015761, 30.182864 ], [ -91.016077, 30.183452 ], [ -91.016239, 30.183744 ], [ -91.016484, 30.184035 ], [ -91.016627, 30.184255 ], [ -91.016799, 30.184543 ], [ -91.01702, 30.184848 ], [ -91.017178, 30.185102 ], [ -91.017272, 30.185262 ], [ -91.017368, 30.1855 ], [ -91.017554, 30.186016 ], [ -91.01792, 30.186558 ], [ -91.018214, 30.187035 ], [ -91.018439, 30.18738 ], [ -91.018692, 30.187794 ], [ -91.018915, 30.18814 ], [ -91.019128, 30.188491 ], [ -91.019411, 30.188972 ], [ -91.0196, 30.189333 ], [ -91.019779, 30.189696 ], [ -91.019958, 30.18994 ], [ -91.020215, 30.190268 ], [ -91.020658, 30.190878 ], [ -91.020785, 30.191064 ], [ -91.021023, 30.19136 ], [ -91.021432, 30.191903 ], [ -91.021673, 30.192239 ], [ -91.021785, 30.192433 ], [ -91.021901, 30.192664 ], [ -91.022189, 30.193184 ], [ -91.022327, 30.193406 ], [ -91.022691, 30.193845 ], [ -91.022945, 30.19413 ], [ -91.023085, 30.194309 ], [ -91.02346, 30.194741 ], [ -91.023579, 30.194888 ], [ -91.023973, 30.195397 ], [ -91.024928, 30.1963 ], [ -91.025201, 30.196573 ], [ -91.025477, 30.196842 ], [ -91.0258, 30.197123 ], [ -91.026223, 30.197469 ], [ -91.026511, 30.197729 ], [ -91.02679, 30.19803 ], [ -91.026801, 30.198058 ], [ -91.027371, 30.198693 ], [ -91.027559, 30.198885 ], [ -91.028089, 30.199393 ], [ -91.028413, 30.199672 ], [ -91.028772, 30.199973 ], [ -91.028888, 30.200076 ], [ -91.029163, 30.200347 ], [ -91.02951, 30.200658 ], [ -91.029839, 30.200933 ], [ -91.030211, 30.201273 ], [ -91.030683, 30.201679 ], [ -91.030899, 30.201899 ], [ -91.031094, 30.202085 ], [ -91.031586, 30.202526 ], [ -91.031916, 30.202801 ], [ -91.032091, 30.202954 ], [ -91.032232, 30.203087 ], [ -91.03236, 30.203229 ], [ -91.032712, 30.203536 ], [ -91.032993, 30.20375 ], [ -91.033283, 30.203955 ], [ -91.033569, 30.204164 ], [ -91.033848, 30.204381 ], [ -91.034054, 30.204559 ], [ -91.034887, 30.205314 ], [ -91.035155, 30.205541 ], [ -91.035416, 30.20572 ], [ -91.03559, 30.205818 ], [ -91.035838, 30.20595 ], [ -91.0362, 30.206127 ], [ -91.036348, 30.206193 ], [ -91.036536, 30.206271 ], [ -91.036905, 30.206438 ], [ -91.037021, 30.206495 ], [ -91.037374, 30.206671 ], [ -91.037582, 30.20679 ], [ -91.037924, 30.206995 ], [ -91.03809, 30.207104 ], [ -91.038351, 30.207283 ], [ -91.038462, 30.207332 ], [ -91.039134, 30.207692 ], [ -91.039343, 30.207811 ], [ -91.039748, 30.208064 ], [ -91.04004, 30.208266 ], [ -91.040367, 30.208419 ], [ -91.040077, 30.208559 ], [ -91.041365, 30.208891 ], [ -91.041591, 30.208949 ], [ -91.052749, 30.211825 ], [ -91.058576, 30.212975 ], [ -91.059124, 30.213084 ], [ -91.057895, 30.216465 ], [ -91.057384, 30.217869 ], [ -91.057241, 30.218261 ], [ -91.055885, 30.221974 ], [ -91.052837, 30.230331 ], [ -91.051364, 30.234366 ], [ -91.051023, 30.235301 ], [ -91.049868, 30.238464 ], [ -91.048778, 30.241451 ], [ -91.047372, 30.245305 ], [ -91.047046, 30.246196 ], [ -91.045531, 30.250346 ], [ -91.044909, 30.251966 ], [ -91.043589, 30.255404 ], [ -91.04336, 30.256001 ], [ -91.041113, 30.261854 ], [ -91.040305, 30.263959 ], [ -91.035155, 30.277361 ], [ -91.03289, 30.283255 ], [ -91.031689, 30.286383 ], [ -91.031152, 30.287778 ], [ -91.02878, 30.29395 ], [ -91.024299, 30.305612 ], [ -91.019415, 30.318324 ], [ -91.019367, 30.31845 ], [ -91.019324, 30.318561 ], [ -91.019337, 30.318572 ], [ -91.019358, 30.318589 ], [ -91.01941, 30.318644 ], [ -91.019433, 30.318674 ], [ -91.019472, 30.318738 ], [ -91.019473, 30.318752 ], [ -91.019479, 30.318773 ], [ -91.019475, 30.318916 ], [ -91.019406, 30.319161 ], [ -91.019394, 30.319268 ], [ -91.019394, 30.319304 ], [ -91.019406, 30.319375 ], [ -91.019444, 30.319438 ], [ -91.019467, 30.319468 ], [ -91.019496, 30.319494 ], [ -91.019563, 30.319536 ], [ -91.019638, 30.319568 ], [ -91.019678, 30.319578 ], [ -91.019844, 30.31957 ], [ -91.019885, 30.319574 ], [ -91.019925, 30.319583 ], [ -91.019964, 30.319598 ], [ -91.02, 30.319615 ], [ -91.020034, 30.319634 ], [ -91.02003, 30.319671 ], [ -91.020022, 30.319706 ], [ -91.02001, 30.319741 ], [ -91.019996, 30.319764 ], [ -91.019969, 30.319803 ], [ -91.019957, 30.319838 ], [ -91.019939, 30.31998 ], [ -91.019946, 30.320052 ], [ -91.019991, 30.320112 ], [ -91.020044, 30.320167 ], [ -91.020074, 30.320192 ], [ -91.020208, 30.320277 ], [ -91.020285, 30.320302 ], [ -91.020407, 30.320323 ], [ -91.02056, 30.320378 ], [ -91.020595, 30.320398 ], [ -91.020622, 30.320425 ], [ -91.020621, 30.32046 ], [ -91.020602, 30.32053 ], [ -91.020537, 30.320621 ], [ -91.020511, 30.320649 ], [ -91.020448, 30.320741 ], [ -91.020408, 30.320843 ], [ -91.020403, 30.320879 ], [ -91.02041, 30.320914 ], [ -91.020427, 30.320947 ], [ -91.020517, 30.321067 ], [ -91.020697, 30.321215 ], [ -91.020797, 30.32128 ], [ -91.020866, 30.321346 ], [ -91.021014, 30.321489 ], [ -91.021103, 30.321459 ], [ -91.021117, 30.321456 ], [ -91.021226, 30.321441 ], [ -91.021309, 30.321433 ], [ -91.021433, 30.321382 ], [ -91.021535, 30.321342 ], [ -91.021569, 30.321329 ], [ -91.022101, 30.321153 ], [ -91.02233, 30.321032 ], [ -91.022475, 30.320895 ], [ -91.022647, 30.320653 ], [ -91.022856, 30.320246 ], [ -91.023008, 30.320059 ], [ -91.023452, 30.319735 ], [ -91.02387, 30.319471 ], [ -91.024226, 30.319273 ], [ -91.024543, 30.319048 ], [ -91.024562, 30.319015 ], [ -91.025062, 30.318619 ], [ -91.025665, 30.318262 ], [ -91.026267, 30.317525 ], [ -91.02666, 30.317223 ], [ -91.027028, 30.316998 ], [ -91.027269, 30.316888 ], [ -91.0277, 30.316519 ], [ -91.027713, 30.316509 ], [ -91.027814, 30.316404 ], [ -91.028271, 30.31597 ], [ -91.028366, 30.315909 ], [ -91.028645, 30.315816 ], [ -91.028974, 30.315783 ], [ -91.0295, 30.315761 ], [ -91.029735, 30.315706 ], [ -91.030058, 30.315591 ], [ -91.030977, 30.31519 ], [ -91.031345, 30.315074 ], [ -91.031674, 30.314992 ], [ -91.032435, 30.314822 ], [ -91.03272, 30.314789 ], [ -91.033443, 30.314751 ], [ -91.033658, 30.314729 ], [ -91.034438, 30.314729 ], [ -91.035319, 30.314696 ], [ -91.03632, 30.314713 ], [ -91.036448, 30.314722 ], [ -91.036783, 30.314746 ], [ -91.037474, 30.314851 ], [ -91.037695, 30.314878 ], [ -91.038177, 30.314988 ], [ -91.038855, 30.315076 ], [ -91.039533, 30.315197 ], [ -91.040452, 30.315318 ], [ -91.040934, 30.315253 ], [ -91.04139, 30.315231 ], [ -91.041752, 30.315181 ], [ -91.042157, 30.315181 ], [ -91.042639, 30.315198 ], [ -91.043032, 30.315225 ], [ -91.04352, 30.315193 ], [ -91.044299, 30.315259 ], [ -91.044825, 30.315297 ], [ -91.044908, 30.315313 ], [ -91.04499, 30.31533 ], [ -91.045763, 30.315655 ], [ -91.046353, 30.315897 ], [ -91.046638, 30.316034 ], [ -91.046917, 30.316134 ], [ -91.047354, 30.316183 ], [ -91.047823, 30.316189 ], [ -91.048159, 30.316106 ], [ -91.048806, 30.315936 ], [ -91.049357, 30.315809 ], [ -91.049965, 30.315754 ], [ -91.050206, 30.31576 ], [ -91.050441, 30.315832 ], [ -91.050675, 30.315958 ], [ -91.050992, 30.316282 ], [ -91.051176, 30.316398 ], [ -91.051474, 30.316481 ], [ -91.051702, 30.316486 ], [ -91.051886, 30.316426 ], [ -91.052127, 30.316288 ], [ -91.052272, 30.316184 ], [ -91.052374, 30.316085 ], [ -91.05286, 30.315705 ], [ -91.052891, 30.315681 ], [ -91.052995, 30.315601 ], [ -91.05323, 30.31543 ], [ -91.053483, 30.31532 ], [ -91.05368, 30.31531 ], [ -91.053895, 30.315387 ], [ -91.053958, 30.315485 ], [ -91.053958, 30.315727 ], [ -91.053914, 30.315947 ], [ -91.053724, 30.316371 ], [ -91.053527, 30.316838 ], [ -91.053464, 30.317146 ], [ -91.053477, 30.317339 ], [ -91.053546, 30.317465 ], [ -91.053755, 30.317603 ], [ -91.054104, 30.317669 ], [ -91.054345, 30.317647 ], [ -91.054472, 30.317581 ], [ -91.054776, 30.317361 ], [ -91.054991, 30.317185 ], [ -91.055156, 30.317108 ], [ -91.055441, 30.31708 ], [ -91.055669, 30.317119 ], [ -91.055961, 30.317245 ], [ -91.056208, 30.317405 ], [ -91.056481, 30.317531 ], [ -91.056722, 30.317564 ], [ -91.056931, 30.317526 ], [ -91.057153, 30.317388 ], [ -91.057349, 30.317289 ], [ -91.057736, 30.317179 ], [ -91.058268, 30.317113 ], [ -91.058636, 30.317081 ], [ -91.059079, 30.317124 ], [ -91.059542, 30.317224 ], [ -91.059865, 30.317356 ], [ -91.060055, 30.317471 ], [ -91.060315, 30.317732 ], [ -91.060651, 30.31807 ], [ -91.060854, 30.31829 ], [ -91.060974, 30.318373 ], [ -91.061146, 30.318472 ], [ -91.061412, 30.318598 ], [ -91.062267, 30.318747 ], [ -91.06254, 30.318835 ], [ -91.062717, 30.318884 ], [ -91.062984, 30.318873 ], [ -91.063186, 30.318818 ], [ -91.063389, 30.318725 ], [ -91.063649, 30.318461 ], [ -91.063915, 30.318285 ], [ -91.064245, 30.318164 ], [ -91.064422, 30.318148 ], [ -91.064942, 30.318244 ], [ -91.065015, 30.318261 ], [ -91.065044, 30.318242 ], [ -91.065397, 30.318315 ], [ -91.0658, 30.318449 ], [ -91.065859, 30.318471 ], [ -91.066667, 30.31869 ], [ -91.066965, 30.31887 ], [ -91.067805, 30.319381 ], [ -91.068982, 30.319468 ], [ -91.069608, 30.319575 ], [ -91.070111, 30.319467 ], [ -91.071102, 30.31966 ], [ -91.071602, 30.319602 ], [ -91.07217, 30.319533 ], [ -91.07362, 30.319533 ], [ -91.075466, 30.319559 ], [ -91.077068, 30.319788 ], [ -91.078442, 30.319723 ], [ -91.07951, 30.319537 ], [ -91.080196, 30.319678 ], [ -91.081219, 30.319563 ], [ -91.081768, 30.319586 ], [ -91.082333, 30.319643 ], [ -91.082603, 30.319693 ], [ -91.083263, 30.319567 ], [ -91.084164, 30.319418 ], [ -91.08485, 30.319296 ], [ -91.085247, 30.319403 ], [ -91.085812, 30.319262 ], [ -91.08633, 30.31925 ], [ -91.087688, 30.319476 ], [ -91.088512, 30.319571 ], [ -91.089566, 30.319552 ], [ -91.090204, 30.319393 ], [ -91.09065, 30.319365 ], [ -91.09097, 30.319685 ], [ -91.091138, 30.320002 ], [ -91.091657, 30.320197 ], [ -91.092237, 30.320418 ], [ -91.09284, 30.320556 ], [ -91.093004, 30.320592 ], [ -91.093595, 30.320528 ], [ -91.094235, 30.320212 ], [ -91.09512, 30.319556 ], [ -91.095639, 30.319262 ], [ -91.096604, 30.319293 ], [ -91.097837, 30.31943 ], [ -91.098798, 30.319537 ], [ -91.099484, 30.319216 ], [ -91.10011, 30.318793 ], [ -91.100904, 30.318793 ], [ -91.101514, 30.318571 ], [ -91.101972, 30.318369 ], [ -91.102658, 30.318297 ], [ -91.103162, 30.31822 ], [ -91.10362, 30.31787 ], [ -91.10423, 30.317484 ], [ -91.104749, 30.317374 ], [ -91.105204, 30.317493 ], [ -91.105664, 30.317259 ], [ -91.106519, 30.316882 ], [ -91.107282, 30.31618 ], [ -91.107441, 30.316062 ], [ -91.108033, 30.315621 ], [ -91.108308, 30.315488 ], [ -91.108504, 30.315393 ], [ -91.109021, 30.315611 ], [ -91.109723, 30.315211 ], [ -91.110517, 30.315058 ], [ -91.11099, 30.315234 ], [ -91.111432, 30.315173 ], [ -91.111661, 30.314982 ], [ -91.112149, 30.314913 ], [ -91.113004, 30.314893 ], [ -91.113462, 30.314452 ], [ -91.113858, 30.313929 ], [ -91.114545, 30.313303 ], [ -91.114987, 30.31296 ], [ -91.115459, 30.312693 ], [ -91.11666, 30.312538 ], [ -91.117961, 30.312487 ], [ -91.118429, 30.312469 ], [ -91.118667, 30.31256 ], [ -91.118815, 30.312693 ], [ -91.119077, 30.31304 ], [ -91.119275, 30.313151 ], [ -91.119504, 30.313193 ], [ -91.119626, 30.313197 ], [ -91.12013, 30.313219 ], [ -91.120984, 30.313059 ], [ -91.121457, 30.312979 ], [ -91.121804, 30.313193 ], [ -91.122022, 30.313139 ], [ -91.1223, 30.313016 ], [ -91.122401, 30.31297 ], [ -91.122825, 30.312972 ], [ -91.123341, 30.312989 ], [ -91.123675, 30.313079 ], [ -91.123874, 30.313224 ], [ -91.123995, 30.313369 ], [ -91.124344, 30.313291 ], [ -91.124689, 30.313261 ], [ -91.124804, 30.313208 ], [ -91.124849, 30.313192 ], [ -91.125104, 30.313293 ], [ -91.125283, 30.313232 ], [ -91.125755, 30.313205 ], [ -91.126597, 30.31332 ], [ -91.127559, 30.313687 ], [ -91.127712, 30.313998 ], [ -91.128323, 30.314226 ], [ -91.128521, 30.31453 ], [ -91.129287, 30.314329 ], [ -91.130068, 30.314111 ], [ -91.130665, 30.313968 ], [ -91.1313, 30.313557 ], [ -91.131723, 30.313529 ], [ -91.132107, 30.313431 ], [ -91.132672, 30.31341 ], [ -91.132826, 30.313456 ], [ -91.133085, 30.31358 ], [ -91.133513, 30.31375 ], [ -91.133926, 30.313878 ], [ -91.134598, 30.31424 ], [ -91.134933, 30.314506 ], [ -91.135268, 30.314752 ], [ -91.135742, 30.314884 ], [ -91.136277, 30.315112 ], [ -91.136506, 30.315362 ], [ -91.136887, 30.315787 ], [ -91.137023, 30.316114 ], [ -91.137068, 30.316469 ], [ -91.137304, 30.316791 ], [ -91.137605, 30.316893 ], [ -91.137906, 30.317194 ], [ -91.139005, 30.317793 ], [ -91.13936, 30.317937 ], [ -91.139429, 30.317962 ], [ -91.139504, 30.317993 ], [ -91.139705, 30.318192 ], [ -91.141478, 30.3192 ], [ -91.142305, 30.319893 ], [ -91.142332, 30.320437 ], [ -91.142241, 30.321146 ], [ -91.142088, 30.322028 ], [ -91.142042, 30.322718 ], [ -91.142105, 30.323293 ], [ -91.142439, 30.324835 ], [ -91.142797, 30.325737 ], [ -91.145005, 30.331293 ], [ -91.14615, 30.332505 ], [ -91.147902, 30.334357 ], [ -91.148593, 30.335089 ], [ -91.150669, 30.337285 ], [ -91.150801, 30.337424 ], [ -91.151521, 30.337809 ], [ -91.154105, 30.339193 ], [ -91.155872, 30.339717 ], [ -91.161971, 30.341528 ], [ -91.16971, 30.343406 ], [ -91.170333, 30.343558 ], [ -91.174419, 30.344187 ], [ -91.180251, 30.345084 ], [ -91.187141, 30.34648 ], [ -91.187286, 30.34651 ], [ -91.188972, 30.346623 ], [ -91.194507, 30.346993 ], [ -91.194763, 30.346972 ], [ -91.204422, 30.345198 ], [ -91.214093, 30.342324 ], [ -91.222607, 30.340593 ], [ -91.225157, 30.340758 ], [ -91.230307, 30.341093 ], [ -91.234247, 30.343528 ], [ -91.235808, 30.344493 ], [ -91.236415, 30.345648 ], [ -91.23801, 30.348683 ], [ -91.239534, 30.351584 ], [ -91.241422, 30.357329 ], [ -91.241508, 30.357592 ], [ -91.241456, 30.357893 ], [ -91.241391, 30.358269 ], [ -91.241132, 30.359771 ], [ -91.240808, 30.361649 ], [ -91.240617, 30.362756 ], [ -91.240425, 30.363119 ], [ -91.238603, 30.366582 ], [ -91.238279, 30.367191 ], [ -91.237561, 30.368547 ], [ -91.237321, 30.368999 ], [ -91.237141, 30.369337 ], [ -91.237112, 30.369391 ], [ -91.237088, 30.369437 ], [ -91.236665, 30.370237 ], [ -91.236599, 30.370355 ], [ -91.236352, 30.370804 ], [ -91.236253, 30.370981 ], [ -91.235959, 30.371514 ], [ -91.235862, 30.371692 ], [ -91.23574, 30.371913 ], [ -91.235617, 30.372135 ], [ -91.235465, 30.372408 ], [ -91.234834, 30.373552 ], [ -91.234292, 30.374568 ], [ -91.233908, 30.375292 ], [ -91.233827, 30.37537 ], [ -91.233587, 30.375607 ], [ -91.233507, 30.375686 ], [ -91.232932, 30.376249 ], [ -91.231567, 30.377587 ], [ -91.231208, 30.37794 ], [ -91.230634, 30.378504 ], [ -91.230107, 30.379021 ], [ -91.22958, 30.379538 ], [ -91.228857, 30.380245 ], [ -91.228708, 30.380392 ], [ -91.227754, 30.381574 ], [ -91.224992, 30.384233 ], [ -91.223617, 30.385545 ], [ -91.221818, 30.387264 ], [ -91.221596, 30.387475 ], [ -91.220947, 30.388097 ], [ -91.220934, 30.388109 ], [ -91.220718, 30.388326 ], [ -91.219429, 30.389616 ], [ -91.21817, 30.390878 ], [ -91.215657, 30.393578 ], [ -91.215256, 30.39401 ], [ -91.214734, 30.394694 ], [ -91.21462, 30.394843 ], [ -91.214507, 30.394992 ], [ -91.214166, 30.395411 ], [ -91.213146, 30.396671 ], [ -91.212807, 30.397091 ], [ -91.211867, 30.398411 ], [ -91.209047, 30.402371 ], [ -91.208107, 30.403691 ], [ -91.207627, 30.404551 ], [ -91.206187, 30.407131 ], [ -91.205707, 30.407991 ], [ -91.204526, 30.41021 ], [ -91.203878, 30.411431 ], [ -91.20205, 30.414871 ], [ -91.200986, 30.41687 ], [ -91.200928, 30.416981 ], [ -91.199807, 30.419091 ], [ -91.199626, 30.419721 ], [ -91.199607, 30.419791 ], [ -91.199197, 30.421639 ], [ -91.199056, 30.422279 ], [ -91.198322, 30.422227 ], [ -91.19612, 30.422072 ], [ -91.195387, 30.422021 ], [ -91.195303, 30.422017 ], [ -91.194929, 30.422034 ], [ -91.193556, 30.422097 ], [ -91.193099, 30.422118 ], [ -91.193132, 30.422052 ], [ -91.193152, 30.421989 ], [ -91.193283, 30.421593 ], [ -91.193307, 30.421521 ], [ -91.193319, 30.421459 ], [ -91.193351, 30.421387 ], [ -91.19337, 30.421329 ], [ -91.193501, 30.420931 ], [ -91.193517, 30.420885 ], [ -91.193541, 30.420797 ], [ -91.193567, 30.420722 ], [ -91.193611, 30.420558 ], [ -91.193654, 30.420384 ], [ -91.193764, 30.419874 ], [ -91.193772, 30.419829 ], [ -91.193808, 30.419651 ], [ -91.193813, 30.419584 ], [ -91.193687, 30.419582 ], [ -91.193309, 30.419576 ], [ -91.193184, 30.419574 ], [ -91.193192, 30.419487 ], [ -91.193317, 30.418802 ], [ -91.193315, 30.418696 ], [ -91.19317, 30.418666 ], [ -91.19313, 30.418664 ], [ -91.189979, 30.418534 ], [ -91.189902, 30.418547 ], [ -91.189853, 30.418557 ], [ -91.189836, 30.418648 ], [ -91.189867, 30.419582 ], [ -91.189731, 30.419578 ], [ -91.189654, 30.419577 ], [ -91.189326, 30.419545 ], [ -91.189192, 30.419532 ], [ -91.189121, 30.419525 ], [ -91.189043, 30.419528 ], [ -91.188596, 30.419546 ], [ -91.188448, 30.419552 ], [ -91.188441, 30.419455 ], [ -91.18844, 30.419426 ], [ -91.18843, 30.419049 ], [ -91.18843, 30.419015 ], [ -91.188419, 30.418924 ], [ -91.188411, 30.418738 ], [ -91.18839, 30.41818 ], [ -91.188387, 30.418076 ], [ -91.188375, 30.418019 ], [ -91.188361, 30.418001 ], [ -91.188337, 30.417986 ], [ -91.188312, 30.417977 ], [ -91.188167, 30.417968 ], [ -91.18757, 30.417934 ], [ -91.187484, 30.41793 ], [ -91.187371, 30.417922 ], [ -91.187316, 30.417915 ], [ -91.187015, 30.417899 ], [ -91.185996, 30.417847 ], [ -91.185948, 30.417845 ], [ -91.185592, 30.417835 ], [ -91.1853, 30.417819 ], [ -91.184426, 30.417771 ], [ -91.184135, 30.417755 ], [ -91.184149, 30.418136 ], [ -91.184194, 30.419279 ], [ -91.184209, 30.41966 ], [ -91.181336, 30.419729 ], [ -91.180007, 30.419796 ], [ -91.180148, 30.417484 ], [ -91.180061, 30.417477 ], [ -91.180022, 30.417473 ], [ -91.179131, 30.4174 ], [ -91.178821, 30.417375 ], [ -91.178538, 30.417382 ], [ -91.178341, 30.417372 ], [ -91.177727, 30.417342 ], [ -91.177362, 30.41731 ], [ -91.176905, 30.417278 ], [ -91.176657, 30.417262 ], [ -91.176426, 30.417259 ], [ -91.176435, 30.417458 ], [ -91.176437, 30.4175 ], [ -91.176468, 30.41776 ], [ -91.17652, 30.418027 ], [ -91.176526, 30.418049 ], [ -91.176578, 30.418242 ], [ -91.17662, 30.418357 ], [ -91.176681, 30.418497 ], [ -91.176819, 30.41881 ], [ -91.176944, 30.419083 ], [ -91.17702, 30.41925 ], [ -91.177135, 30.419501 ], [ -91.177167, 30.419569 ], [ -91.177188, 30.419615 ], [ -91.17725, 30.419747 ], [ -91.177281, 30.419814 ], [ -91.17735, 30.419959 ], [ -91.177405, 30.420074 ], [ -91.17746, 30.420203 ], [ -91.177486, 30.420264 ], [ -91.177508, 30.420314 ], [ -91.177595, 30.420497 ], [ -91.177625, 30.420561 ], [ -91.177638, 30.420589 ], [ -91.177699, 30.420717 ], [ -91.177733, 30.420792 ], [ -91.177837, 30.421019 ], [ -91.177872, 30.421095 ], [ -91.177938, 30.42124 ], [ -91.178139, 30.421676 ], [ -91.178207, 30.421822 ], [ -91.178087, 30.421811 ], [ -91.177933, 30.421813 ], [ -91.177113, 30.421827 ], [ -91.17684, 30.421833 ], [ -91.176798, 30.421833 ], [ -91.176674, 30.421835 ], [ -91.176633, 30.421837 ], [ -91.176625, 30.421783 ], [ -91.176619, 30.421739 ], [ -91.176594, 30.421693 ], [ -91.176542, 30.421654 ], [ -91.176499, 30.421622 ], [ -91.176244, 30.42163 ], [ -91.175846, 30.421645 ], [ -91.175478, 30.421652 ], [ -91.175302, 30.421656 ], [ -91.175229, 30.421684 ], [ -91.175206, 30.421711 ], [ -91.175197, 30.421742 ], [ -91.175193, 30.421784 ], [ -91.175191, 30.421812 ], [ -91.175193, 30.42189 ], [ -91.1752, 30.422124 ], [ -91.175203, 30.422203 ], [ -91.175207, 30.422332 ], [ -91.17522, 30.422719 ], [ -91.175225, 30.422849 ], [ -91.175159, 30.422851 ], [ -91.174969, 30.422857 ], [ -91.174904, 30.422883 ], [ -91.174894, 30.422916 ], [ -91.174898, 30.423056 ], [ -91.174915, 30.423579 ], [ -91.174921, 30.423754 ], [ -91.174906, 30.423754 ], [ -91.174864, 30.423754 ], [ -91.174851, 30.423755 ], [ -91.174691, 30.423757 ], [ -91.174211, 30.423765 ], [ -91.174148, 30.423774 ], [ -91.174094, 30.423801 ], [ -91.174082, 30.423835 ], [ -91.174077, 30.423851 ], [ -91.174079, 30.423952 ], [ -91.174086, 30.424202 ], [ -91.174086, 30.424307 ], [ -91.174086, 30.424426 ], [ -91.174002, 30.42443 ], [ -91.173752, 30.424442 ], [ -91.173669, 30.424447 ], [ -91.173673, 30.424578 ], [ -91.173688, 30.42497 ], [ -91.173693, 30.425102 ], [ -91.173539, 30.425106 ], [ -91.17308, 30.42512 ], [ -91.172928, 30.425126 ], [ -91.172775, 30.42513 ], [ -91.172318, 30.425144 ], [ -91.172166, 30.425149 ], [ -91.172066, 30.42515 ], [ -91.171767, 30.425153 ], [ -91.171715, 30.425163 ], [ -91.171703, 30.425208 ], [ -91.171641, 30.425602 ], [ -91.171528, 30.426335 ], [ -91.171463, 30.426788 ], [ -91.171417, 30.427117 ], [ -91.171438, 30.427182 ], [ -91.171479, 30.427259 ], [ -91.171483, 30.427416 ], [ -91.171504, 30.428151 ], [ -91.171509, 30.428323 ], [ -91.17155, 30.428384 ], [ -91.171568, 30.428619 ], [ -91.171068, 30.428275 ], [ -91.170023, 30.427663 ], [ -91.169171, 30.427212 ], [ -91.168618, 30.426978 ], [ -91.168613, 30.427018 ], [ -91.168599, 30.427125 ], [ -91.168592, 30.427175 ], [ -91.168553, 30.427464 ], [ -91.168517, 30.427733 ], [ -91.168527, 30.428115 ], [ -91.168621, 30.428593 ], [ -91.168669, 30.428797 ], [ -91.168683, 30.428855 ], [ -91.168723, 30.42898 ], [ -91.168784, 30.429173 ], [ -91.168794, 30.429229 ], [ -91.168831, 30.429369 ], [ -91.168943, 30.429789 ], [ -91.168949, 30.429811 ], [ -91.169016, 30.429914 ], [ -91.169059, 30.430098 ], [ -91.169071, 30.430184 ], [ -91.169081, 30.43022 ], [ -91.169234, 30.430784 ], [ -91.169267, 30.430862 ], [ -91.169376, 30.431058 ], [ -91.169404, 30.431099 ], [ -91.169497, 30.431236 ], [ -91.169564, 30.431369 ], [ -91.169629, 30.43147 ], [ -91.169648, 30.431556 ], [ -91.169648, 30.431591 ], [ -91.169657, 30.431668 ], [ -91.169659, 30.431729 ], [ -91.169646, 30.431848 ], [ -91.169631, 30.431907 ], [ -91.169611, 30.431964 ], [ -91.169585, 30.432019 ], [ -91.16954, 30.432093 ], [ -91.169378, 30.432305 ], [ -91.169282, 30.43242 ], [ -91.169114, 30.432646 ], [ -91.16906, 30.43272 ], [ -91.168998, 30.432794 ], [ -91.168694, 30.433189 ], [ -91.168591, 30.433332 ], [ -91.168542, 30.433417 ], [ -91.16848, 30.433557 ], [ -91.168447, 30.433664 ], [ -91.16842, 30.433798 ], [ -91.168409, 30.433963 ], [ -91.168418, 30.434092 ], [ -91.168444, 30.434233 ], [ -91.168478, 30.434295 ], [ -91.168565, 30.434572 ], [ -91.16872, 30.435063 ], [ -91.168746, 30.435183 ], [ -91.168771, 30.43537 ], [ -91.168751, 30.435389 ], [ -91.168747, 30.435406 ], [ -91.168716, 30.435553 ], [ -91.168722, 30.435694 ], [ -91.168728, 30.435745 ], [ -91.168732, 30.435879 ], [ -91.168749, 30.436438 ], [ -91.168753, 30.436564 ], [ -91.168749, 30.436625 ], [ -91.168756, 30.436676 ], [ -91.168763, 30.43689 ], [ -91.168792, 30.437688 ], [ -91.168799, 30.437873 ], [ -91.168799, 30.437954 ], [ -91.168803, 30.438068 ], [ -91.168815, 30.438413 ], [ -91.16882, 30.438528 ], [ -91.168935, 30.438526 ], [ -91.169033, 30.438522 ], [ -91.169385, 30.43851 ], [ -91.169672, 30.438501 ], [ -91.169885, 30.438494 ], [ -91.169904, 30.438492 ], [ -91.169932, 30.438491 ], [ -91.170076, 30.43849 ], [ -91.170125, 30.43849 ], [ -91.17014, 30.438587 ], [ -91.170141, 30.438628 ], [ -91.170158, 30.439048 ], [ -91.170164, 30.439188 ], [ -91.170165, 30.439223 ], [ -91.170168, 30.439307 ], [ -91.170166, 30.439328 ], [ -91.170163, 30.439363 ], [ -91.170172, 30.439419 ], [ -91.170173, 30.439469 ], [ -91.170184, 30.439792 ], [ -91.170186, 30.43984 ], [ -91.170196, 30.439899 ], [ -91.17019, 30.439963 ], [ -91.170198, 30.440166 ], [ -91.170192, 30.440223 ], [ -91.170201, 30.44028 ], [ -91.170201, 30.440296 ], [ -91.170207, 30.44052 ], [ -91.17021, 30.440595 ], [ -91.17021, 30.440626 ], [ -91.170213, 30.440719 ], [ -91.170215, 30.44075 ], [ -91.170217, 30.440838 ], [ -91.170222, 30.441022 ], [ -91.170216, 30.441078 ], [ -91.170216, 30.441104 ], [ -91.170218, 30.441193 ], [ -91.170226, 30.44125 ], [ -91.170226, 30.441272 ], [ -91.170235, 30.441513 ], [ -91.170239, 30.441594 ], [ -91.170232, 30.441641 ], [ -91.170232, 30.441651 ], [ -91.170242, 30.441825 ], [ -91.170246, 30.441884 ], [ -91.17025, 30.442037 ], [ -91.170252, 30.442246 ], [ -91.170274, 30.442846 ], [ -91.170268, 30.442907 ], [ -91.170273, 30.442957 ], [ -91.170286, 30.443023 ], [ -91.170283, 30.443096 ], [ -91.170301, 30.443693 ], [ -91.170307, 30.443787 ], [ -91.170188, 30.44379 ], [ -91.169967, 30.443795 ], [ -91.169304, 30.443812 ], [ -91.169084, 30.443819 ], [ -91.168866, 30.443824 ], [ -91.168215, 30.443838 ], [ -91.167998, 30.443844 ], [ -91.167768, 30.443849 ], [ -91.167078, 30.443864 ], [ -91.166849, 30.44387 ], [ -91.166622, 30.443874 ], [ -91.165944, 30.443887 ], [ -91.165718, 30.443892 ], [ -91.165623, 30.443894 ], [ -91.165341, 30.4439 ], [ -91.165247, 30.443903 ], [ -91.165006, 30.443914 ], [ -91.164284, 30.443946 ], [ -91.164045, 30.44394 ], [ -91.163785, 30.443938 ], [ -91.163636, 30.443943 ], [ -91.163191, 30.443961 ], [ -91.163043, 30.443968 ], [ -91.162893, 30.443969 ], [ -91.162444, 30.443972 ], [ -91.162295, 30.443974 ], [ -91.162213, 30.443978 ], [ -91.16197, 30.443991 ], [ -91.16189, 30.443996 ], [ -91.161788, 30.443996 ], [ -91.161481, 30.443996 ], [ -91.16138, 30.443996 ], [ -91.161201, 30.444002 ], [ -91.160667, 30.444021 ], [ -91.160489, 30.444028 ], [ -91.160395, 30.444028 ], [ -91.160114, 30.444029 ], [ -91.160021, 30.44403 ], [ -91.159832, 30.444035 ], [ -91.159265, 30.44405 ], [ -91.159077, 30.444056 ], [ -91.158953, 30.444061 ], [ -91.158581, 30.444076 ], [ -91.158458, 30.444082 ], [ -91.158395, 30.444081 ], [ -91.158206, 30.444078 ], [ -91.158143, 30.444078 ], [ -91.15802, 30.444082 ], [ -91.157653, 30.444095 ], [ -91.157531, 30.4441 ], [ -91.157353, 30.444104 ], [ -91.15682, 30.444118 ], [ -91.156643, 30.444124 ], [ -91.156462, 30.444128 ], [ -91.155922, 30.44414 ], [ -91.155742, 30.444145 ], [ -91.155453, 30.44415 ], [ -91.154588, 30.444166 ], [ -91.154448, 30.444169 ], [ -91.1543, 30.444165 ], [ -91.154463, 30.444342 ], [ -91.154516, 30.444406 ], [ -91.154561, 30.444472 ], [ -91.154575, 30.444497 ], [ -91.1546, 30.44454 ], [ -91.154647, 30.444648 ], [ -91.154682, 30.444759 ], [ -91.154702, 30.444878 ], [ -91.154737, 30.445628 ], [ -91.154751, 30.445771 ], [ -91.154755, 30.4458 ], [ -91.15475, 30.446204 ], [ -91.154802, 30.447687 ], [ -91.154802, 30.447841 ], [ -91.154745, 30.448018 ], [ -91.154658, 30.448226 ], [ -91.154629, 30.44835 ], [ -91.154606, 30.448428 ], [ -91.154596, 30.44859 ], [ -91.154612, 30.44901 ], [ -91.154628, 30.449284 ], [ -91.154622, 30.449362 ], [ -91.154621, 30.449493 ], [ -91.154621, 30.44959 ], [ -91.154653, 30.450122 ], [ -91.154666, 30.450332 ], [ -91.154672, 30.450543 ], [ -91.154691, 30.451176 ], [ -91.154698, 30.451388 ], [ -91.154705, 30.451595 ], [ -91.154728, 30.452218 ], [ -91.154736, 30.452426 ], [ -91.154743, 30.452638 ], [ -91.154764, 30.453274 ], [ -91.154771, 30.453487 ], [ -91.154652, 30.453489 ], [ -91.154295, 30.453497 ], [ -91.154177, 30.453501 ], [ -91.154015, 30.4535 ], [ -91.153774, 30.4535 ], [ -91.153532, 30.453499 ], [ -91.153371, 30.453499 ], [ -91.153219, 30.453502 ], [ -91.152763, 30.453512 ], [ -91.152612, 30.453516 ], [ -91.152454, 30.45352 ], [ -91.151983, 30.453533 ], [ -91.151826, 30.453538 ], [ -91.151768, 30.453539 ], [ -91.151594, 30.453543 ], [ -91.151537, 30.453545 ], [ -91.151033, 30.453559 ], [ -91.150444, 30.453576 ], [ -91.150265, 30.453561 ], [ -91.150262, 30.453582 ], [ -91.149756, 30.453598 ], [ -91.149014, 30.453622 ], [ -91.14886, 30.453627 ], [ -91.148401, 30.453641 ], [ -91.148248, 30.453647 ], [ -91.148105, 30.453651 ], [ -91.147676, 30.453665 ], [ -91.147534, 30.45367 ], [ -91.146948, 30.453688 ], [ -91.145193, 30.453744 ], [ -91.144609, 30.453763 ], [ -91.144484, 30.453766 ], [ -91.144112, 30.453778 ], [ -91.143988, 30.453783 ], [ -91.143939, 30.453784 ], [ -91.143791, 30.453789 ], [ -91.143743, 30.453791 ], [ -91.143657, 30.453793 ], [ -91.143401, 30.453801 ], [ -91.143316, 30.453805 ], [ -91.143112, 30.453812 ], [ -91.142965, 30.453816 ], [ -91.141913, 30.453849 ], [ -91.141563, 30.453861 ], [ -91.141528, 30.453862 ], [ -91.141422, 30.453865 ], [ -91.141388, 30.453867 ], [ -91.141212, 30.453872 ], [ -91.140685, 30.453889 ], [ -91.14051, 30.453895 ], [ -91.140398, 30.453899 ], [ -91.140063, 30.453912 ], [ -91.139952, 30.453917 ], [ -91.139795, 30.453922 ], [ -91.139324, 30.453939 ], [ -91.139168, 30.453946 ], [ -91.139151, 30.453607 ], [ -91.139103, 30.452592 ], [ -91.139087, 30.452254 ], [ -91.139076, 30.451985 ], [ -91.139043, 30.451178 ], [ -91.139033, 30.45091 ], [ -91.138735, 30.45092 ], [ -91.13784, 30.45095 ], [ -91.137543, 30.450961 ], [ -91.136921, 30.450978 ], [ -91.135648, 30.451015 ], [ -91.135058, 30.451033 ], [ -91.134438, 30.451054 ], [ -91.134162, 30.451063 ], [ -91.133335, 30.45109 ], [ -91.13306, 30.4511 ], [ -91.13216, 30.451101 ], [ -91.131357, 30.451133 ], [ -91.130975, 30.451147 ], [ -91.13061, 30.451161 ], [ -91.13018, 30.451172 ], [ -91.129587, 30.451204 ], [ -91.128315, 30.451239 ], [ -91.127405, 30.451268 ], [ -91.126936, 30.451285 ], [ -91.125718, 30.451326 ], [ -91.125102, 30.451342 ], [ -91.12464, 30.451354 ], [ -91.124178, 30.45137 ], [ -91.122841, 30.451402 ], [ -91.122209, 30.451425 ], [ -91.121042, 30.451478 ], [ -91.119861, 30.451514 ], [ -91.118419, 30.45157 ], [ -91.116954, 30.451623 ], [ -91.11629, 30.451641 ], [ -91.115566, 30.451664 ], [ -91.114971, 30.451689 ], [ -91.114383, 30.4517 ], [ -91.113188, 30.451746 ], [ -91.112506, 30.451758 ], [ -91.11216, 30.451782 ], [ -91.112012, 30.451787 ], [ -91.111599, 30.451791 ], [ -91.110331, 30.451837 ], [ -91.109809, 30.451851 ], [ -91.109193, 30.451867 ], [ -91.108612, 30.451885 ], [ -91.107394, 30.451927 ], [ -91.105216, 30.452 ], [ -91.104221, 30.452026 ], [ -91.104006, 30.452034 ], [ -91.102485, 30.452076 ], [ -91.100618, 30.452209 ], [ -91.099571, 30.452342 ], [ -91.099241, 30.452389 ], [ -91.098774, 30.452455 ], [ -91.098341, 30.452524 ], [ -91.097828, 30.452606 ], [ -91.097279, 30.452694 ], [ -91.097043, 30.452733 ], [ -91.096611, 30.452805 ], [ -91.096449, 30.452832 ], [ -91.09597, 30.452912 ], [ -91.095801, 30.452937 ], [ -91.096133, 30.453359 ], [ -91.096383, 30.453741 ], [ -91.096606, 30.454019 ], [ -91.097075, 30.454701 ], [ -91.097359, 30.455103 ], [ -91.097575, 30.455391 ], [ -91.098061, 30.456037 ], [ -91.098275, 30.456351 ], [ -91.098504, 30.45668 ], [ -91.098807, 30.457109 ], [ -91.099029, 30.45742 ], [ -91.099127, 30.457546 ], [ -91.09957, 30.458179 ], [ -91.099642, 30.458289 ], [ -91.100002, 30.458831 ], [ -91.100498, 30.459516 ], [ -91.101125, 30.460383 ], [ -91.101635, 30.461087 ], [ -91.102245, 30.461951 ], [ -91.102383, 30.462146 ], [ -91.103186, 30.463256 ], [ -91.103441, 30.463609 ], [ -91.103651, 30.463894 ], [ -91.103933, 30.464295 ], [ -91.104057, 30.464468 ], [ -91.104653, 30.465296 ], [ -91.104659, 30.465304 ], [ -91.105409, 30.466364 ], [ -91.106075, 30.46731 ], [ -91.106729, 30.46824 ], [ -91.107559, 30.469395 ], [ -91.107769, 30.469694 ], [ -91.10809, 30.470138 ], [ -91.108624, 30.470876 ], [ -91.108749, 30.47109 ], [ -91.10887, 30.47128 ], [ -91.10914, 30.471662 ], [ -91.109225, 30.471781 ], [ -91.109239, 30.471801 ], [ -91.10951, 30.472183 ], [ -91.109975, 30.472792 ], [ -91.11026, 30.473165 ], [ -91.110928, 30.474125 ], [ -91.111478, 30.474914 ], [ -91.111971, 30.475604 ], [ -91.112021, 30.475674 ], [ -91.112171, 30.475884 ], [ -91.112222, 30.475955 ], [ -91.112324, 30.476098 ], [ -91.112633, 30.476529 ], [ -91.11266, 30.476567 ], [ -91.112736, 30.476674 ], [ -91.112552, 30.47674 ], [ -91.112038, 30.476926 ], [ -91.112001, 30.476939 ], [ -91.111818, 30.477005 ], [ -91.111447, 30.477138 ], [ -91.110429, 30.477506 ], [ -91.110337, 30.477536 ], [ -91.110142, 30.477601 ], [ -91.109964, 30.477661 ], [ -91.109766, 30.477726 ], [ -91.109175, 30.477924 ], [ -91.108978, 30.477991 ], [ -91.108953, 30.477932 ], [ -91.10864, 30.478043 ], [ -91.107521, 30.47844 ], [ -91.107149, 30.478573 ], [ -91.106842, 30.478681 ], [ -91.105924, 30.479005 ], [ -91.105618, 30.479114 ], [ -91.105044, 30.479318 ], [ -91.104229, 30.479609 ], [ -91.103319, 30.479925 ], [ -91.10317, 30.479977 ], [ -91.102741, 30.480116 ], [ -91.102474, 30.480192 ], [ -91.102082, 30.480306 ], [ -91.101672, 30.480415 ], [ -91.101405, 30.480487 ], [ -91.101184, 30.480546 ], [ -91.097738, 30.481463 ], [ -91.097603, 30.481485 ], [ -91.09732, 30.481574 ], [ -91.096158, 30.481886 ], [ -91.095493, 30.482064 ], [ -91.094675, 30.482283 ], [ -91.093501, 30.482599 ], [ -91.092837, 30.482778 ], [ -91.09238, 30.4829 ], [ -91.09101, 30.483268 ], [ -91.090554, 30.483392 ], [ -91.090491, 30.483409 ], [ -91.090382, 30.483438 ], [ -91.089869, 30.483575 ], [ -91.089698, 30.483622 ], [ -91.089692, 30.483652 ], [ -91.089682, 30.483704 ], [ -91.089675, 30.483743 ], [ -91.08967, 30.483774 ], [ -91.08963, 30.483993 ], [ -91.089615, 30.484162 ], [ -91.089546, 30.484911 ], [ -91.089526, 30.485138 ], [ -91.089534, 30.485433 ], [ -91.089538, 30.4862 ], [ -91.089529, 30.486434 ], [ -91.089512, 30.486651 ], [ -91.089492, 30.486842 ], [ -91.089453, 30.487105 ], [ -91.089393, 30.487453 ], [ -91.08922, 30.488318 ], [ -91.089009, 30.489379 ], [ -91.088996, 30.489441 ], [ -91.088984, 30.489502 ], [ -91.088966, 30.489587 ], [ -91.088878, 30.490027 ], [ -91.08885, 30.490174 ], [ -91.088808, 30.490371 ], [ -91.088682, 30.490962 ], [ -91.088641, 30.49116 ], [ -91.088605, 30.491442 ], [ -91.088547, 30.491918 ], [ -91.088534, 30.492294 ], [ -91.088525, 30.492579 ], [ -91.088535, 30.493021 ], [ -91.088565, 30.49435 ], [ -91.088576, 30.494793 ], [ -91.088574, 30.495157 ], [ -91.088567, 30.49625 ], [ -91.088566, 30.496615 ], [ -91.088567, 30.497075 ], [ -91.08857, 30.497762 ], [ -91.088516, 30.498217 ], [ -91.088463, 30.498447 ], [ -91.088384, 30.498801 ], [ -91.088354, 30.498894 ], [ -91.088165, 30.499478 ], [ -91.087599, 30.501231 ], [ -91.087411, 30.501816 ], [ -91.087358, 30.50195 ], [ -91.087246, 30.502238 ], [ -91.087188, 30.502349 ], [ -91.087123, 30.502478 ], [ -91.086978, 30.502724 ], [ -91.08684, 30.502922 ], [ -91.086813, 30.502962 ], [ -91.086582, 30.503247 ], [ -91.086441, 30.503395 ], [ -91.08621, 30.503616 ], [ -91.085722, 30.504031 ], [ -91.085321, 30.504373 ], [ -91.084324, 30.50522 ], [ -91.083756, 30.505703 ], [ -91.082851, 30.506467 ], [ -91.082429, 30.506889 ], [ -91.08214, 30.507266 ], [ -91.08193, 30.507616 ], [ -91.08179, 30.50789 ], [ -91.081702, 30.508077 ], [ -91.081176, 30.509206 ], [ -91.081149, 30.509263 ], [ -91.080603, 30.510349 ], [ -91.080128, 30.510976 ], [ -91.079501, 30.511494 ], [ -91.079006, 30.511782 ], [ -91.078035, 30.512178 ], [ -91.077224, 30.512429 ], [ -91.075575, 30.512902 ], [ -91.074034, 30.513367 ], [ -91.074057, 30.513471 ], [ -91.074097, 30.513648 ], [ -91.074159, 30.513819 ], [ -91.074209, 30.513917 ], [ -91.074271, 30.514011 ], [ -91.074389, 30.514159 ], [ -91.074442, 30.514214 ], [ -91.074465, 30.514244 ], [ -91.075115, 30.514941 ], [ -91.075358, 30.515231 ], [ -91.07541, 30.515287 ], [ -91.075552, 30.515464 ], [ -91.075709, 30.515676 ], [ -91.075755, 30.515776 ], [ -91.075766, 30.515847 ], [ -91.075764, 30.515917 ], [ -91.075857, 30.516037 ], [ -91.075999, 30.516168 ], [ -91.076247, 30.516359 ], [ -91.076364, 30.51646 ], [ -91.076486, 30.516558 ], [ -91.07655, 30.516603 ], [ -91.076669, 30.516703 ], [ -91.076805, 30.516784 ], [ -91.076953, 30.516848 ], [ -91.077109, 30.516896 ], [ -91.0776, 30.516979 ], [ -91.077801, 30.517024 ], [ -91.078006, 30.517058 ], [ -91.078686, 30.517224 ], [ -91.079258, 30.517323 ], [ -91.079749, 30.5174 ], [ -91.08012, 30.517437 ], [ -91.080452, 30.517447 ], [ -91.08078, 30.517419 ], [ -91.080882, 30.517385 ], [ -91.080947, 30.517357 ], [ -91.081099, 30.517266 ], [ -91.081244, 30.51717 ], [ -91.081549, 30.516995 ], [ -91.081612, 30.516963 ], [ -91.081678, 30.516938 ], [ -91.081709, 30.51692 ], [ -91.081951, 30.516855 ], [ -91.082057, 30.516831 ], [ -91.082198, 30.516805 ], [ -91.082556, 30.516775 ], [ -91.082663, 30.516778 ], [ -91.08277, 30.516787 ], [ -91.082875, 30.516802 ], [ -91.083256, 30.516873 ], [ -91.083493, 30.516937 ], [ -91.08379, 30.517032 ], [ -91.083918, 30.517084 ], [ -91.084134, 30.517185 ], [ -91.084198, 30.517212 ], [ -91.08444, 30.517337 ], [ -91.084676, 30.517471 ], [ -91.084761, 30.517525 ], [ -91.084921, 30.517643 ], [ -91.085069, 30.517772 ], [ -91.085224, 30.517939 ], [ -91.085395, 30.518132 ], [ -91.08545, 30.518211 ], [ -91.085496, 30.518293 ], [ -91.085554, 30.518423 ], [ -91.085565, 30.518452 ], [ -91.085627, 30.518563 ], [ -91.085701, 30.518666 ], [ -91.085734, 30.51872 ], [ -91.085813, 30.51899 ], [ -91.085871, 30.519135 ], [ -91.085928, 30.519313 ], [ -91.085964, 30.519466 ], [ -91.086009, 30.519609 ], [ -91.085998, 30.519616 ], [ -91.086705, 30.521917 ], [ -91.086844, 30.522137 ], [ -91.087026, 30.522332 ], [ -91.087148, 30.522477 ], [ -91.087257, 30.522585 ], [ -91.087377, 30.522684 ], [ -91.087546, 30.522787 ], [ -91.088078, 30.523063 ], [ -91.088335, 30.523179 ], [ -91.088763, 30.523394 ], [ -91.088872, 30.523444 ], [ -91.089082, 30.523555 ], [ -91.089542, 30.523827 ], [ -91.089558, 30.523837 ], [ -91.089747, 30.523977 ], [ -91.089897, 30.524102 ], [ -91.090009, 30.524207 ], [ -91.090127, 30.524309 ], [ -91.090201, 30.524395 ], [ -91.090247, 30.524456 ], [ -91.090327, 30.524581 ], [ -91.090378, 30.524679 ], [ -91.090601, 30.525024 ], [ -91.090651, 30.525161 ], [ -91.090694, 30.525263 ], [ -91.091003, 30.525771 ], [ -91.091186, 30.526052 ], [ -91.091234, 30.526111 ], [ -91.091506, 30.526381 ], [ -91.091572, 30.526425 ], [ -91.091646, 30.526457 ], [ -91.091686, 30.526466 ], [ -91.09181, 30.52648 ], [ -91.091976, 30.526468 ], [ -91.092141, 30.526446 ], [ -91.092345, 30.52641 ], [ -91.092505, 30.52637 ], [ -91.092613, 30.526317 ], [ -91.092788, 30.526219 ], [ -91.093015, 30.526061 ], [ -91.093216, 30.525932 ], [ -91.093342, 30.525838 ], [ -91.093736, 30.525573 ], [ -91.094078, 30.525368 ], [ -91.094266, 30.525291 ], [ -91.094462, 30.525231 ], [ -91.094503, 30.525225 ], [ -91.094703, 30.52518 ], [ -91.09491, 30.525157 ], [ -91.09505, 30.525155 ], [ -91.095133, 30.525161 ], [ -91.095256, 30.525178 ], [ -91.095336, 30.525199 ], [ -91.095487, 30.525259 ], [ -91.095755, 30.525428 ], [ -91.095814, 30.525478 ], [ -91.095945, 30.525617 ], [ -91.095986, 30.525679 ], [ -91.096111, 30.525906 ], [ -91.096157, 30.526044 ], [ -91.096168, 30.526187 ], [ -91.096168, 30.52633 ], [ -91.096146, 30.526472 ], [ -91.096098, 30.526647 ], [ -91.096015, 30.52685 ], [ -91.095951, 30.526982 ], [ -91.095856, 30.527142 ], [ -91.095728, 30.527327 ], [ -91.09566, 30.527417 ], [ -91.095608, 30.527473 ], [ -91.095466, 30.527605 ], [ -91.095229, 30.527801 ], [ -91.095107, 30.527903 ], [ -91.094918, 30.528045 ], [ -91.094859, 30.528095 ], [ -91.094694, 30.528256 ], [ -91.09455, 30.528433 ], [ -91.094469, 30.528558 ], [ -91.094317, 30.528729 ], [ -91.094296, 30.52876 ], [ -91.094247, 30.528859 ], [ -91.094096, 30.529307 ], [ -91.093903, 30.529932 ], [ -91.093881, 30.530037 ], [ -91.093868, 30.530144 ], [ -91.09386, 30.530216 ], [ -91.09383, 30.530394 ], [ -91.093739, 30.53067 ], [ -91.093709, 30.530748 ], [ -91.093686, 30.530806 ], [ -91.093657, 30.530899 ], [ -91.093606, 30.530997 ], [ -91.093539, 30.531143 ], [ -91.093283, 30.531593 ], [ -91.09324, 30.531668 ], [ -91.093199, 30.53173 ], [ -91.093132, 30.531858 ], [ -91.093108, 30.531888 ], [ -91.093076, 30.53191 ], [ -91.093005, 30.531947 ], [ -91.092931, 30.53198 ], [ -91.092815, 30.532018 ], [ -91.092736, 30.532038 ], [ -91.092659, 30.532063 ], [ -91.092071, 30.532397 ], [ -91.091961, 30.53255 ], [ -91.091824, 30.532771 ], [ -91.091774, 30.532908 ], [ -91.091749, 30.533014 ], [ -91.0917, 30.533298 ], [ -91.091695, 30.533441 ], [ -91.091716, 30.533547 ], [ -91.091759, 30.533647 ], [ -91.091793, 30.533713 ], [ -91.091913, 30.533901 ], [ -91.092019, 30.534009 ], [ -91.092115, 30.534076 ], [ -91.092183, 30.534116 ], [ -91.092361, 30.534207 ], [ -91.092473, 30.534251 ], [ -91.092512, 30.534267 ], [ -91.093019, 30.534431 ], [ -91.093172, 30.534488 ], [ -91.09328, 30.534542 ], [ -91.093521, 30.534682 ], [ -91.093628, 30.534737 ], [ -91.093738, 30.534788 ], [ -91.094191, 30.534973 ], [ -91.094348, 30.535021 ], [ -91.09462, 30.535112 ], [ -91.094725, 30.535169 ], [ -91.09486, 30.535254 ], [ -91.094989, 30.535345 ], [ -91.095082, 30.535417 ], [ -91.095196, 30.535521 ], [ -91.095316, 30.53562 ], [ -91.095371, 30.535675 ], [ -91.095421, 30.535732 ], [ -91.095461, 30.535795 ], [ -91.095494, 30.535861 ], [ -91.095603, 30.536015 ], [ -91.095685, 30.536178 ], [ -91.095688, 30.536214 ], [ -91.095682, 30.536322 ], [ -91.095694, 30.536501 ], [ -91.095697, 30.536609 ], [ -91.095687, 30.536789 ], [ -91.095646, 30.537146 ], [ -91.095628, 30.53754 ], [ -91.095642, 30.537825 ], [ -91.095641, 30.537897 ], [ -91.095649, 30.53804 ], [ -91.095699, 30.53825 ], [ -91.095752, 30.538424 ], [ -91.095936, 30.538785 ], [ -91.096095, 30.539036 ], [ -91.096237, 30.539213 ], [ -91.096312, 30.5393 ], [ -91.096393, 30.539382 ], [ -91.096507, 30.539487 ], [ -91.096602, 30.539556 ], [ -91.096799, 30.539688 ], [ -91.096935, 30.539771 ], [ -91.097116, 30.53986 ], [ -91.097471, 30.540047 ], [ -91.097697, 30.540139 ], [ -91.09789, 30.540207 ], [ -91.09827, 30.540354 ], [ -91.098471, 30.540402 ], [ -91.098594, 30.540421 ], [ -91.098835, 30.540477 ], [ -91.099192, 30.540575 ], [ -91.099433, 30.540632 ], [ -91.099555, 30.540656 ], [ -91.099966, 30.540706 ], [ -91.100171, 30.540736 ], [ -91.100322, 30.540796 ], [ -91.100405, 30.540877 ], [ -91.100489, 30.541 ], [ -91.100752, 30.541527 ], [ -91.100812, 30.541699 ], [ -91.100833, 30.541805 ], [ -91.100896, 30.542014 ], [ -91.100935, 30.542227 ], [ -91.101019, 30.542579 ], [ -91.101061, 30.542718 ], [ -91.101136, 30.542939 ], [ -91.101213, 30.543167 ], [ -91.101308, 30.543479 ], [ -91.101375, 30.543796 ], [ -91.101392, 30.543903 ], [ -91.101398, 30.544046 ], [ -91.101379, 30.544654 ], [ -91.10132, 30.544937 ], [ -91.101295, 30.545005 ], [ -91.101262, 30.545071 ], [ -91.101241, 30.54514 ], [ -91.101175, 30.545311 ], [ -91.101136, 30.545374 ], [ -91.101009, 30.545516 ], [ -91.100897, 30.545622 ], [ -91.10079, 30.545732 ], [ -91.100406, 30.546062 ], [ -91.10028, 30.546156 ], [ -91.100215, 30.5462 ], [ -91.099934, 30.546412 ], [ -91.099782, 30.546537 ], [ -91.099697, 30.546616 ], [ -91.099567, 30.546756 ], [ -91.099134, 30.547275 ], [ -91.098884, 30.547608 ], [ -91.098569, 30.547849 ], [ -91.09819, 30.548071 ], [ -91.097921, 30.54821 ], [ -91.097569, 30.548377 ], [ -91.097208, 30.548655 ], [ -91.096903, 30.548997 ], [ -91.096625, 30.549312 ], [ -91.096393, 30.549719 ], [ -91.096218, 30.550229 ], [ -91.096173, 30.550325 ], [ -91.095833, 30.551245 ], [ -91.095897, 30.551703 ], [ -91.096034, 30.552045 ], [ -91.096296, 30.552403 ], [ -91.096528, 30.552428 ], [ -91.096906, 30.552403 ], [ -91.097503, 30.552708 ], [ -91.097833, 30.552891 ], [ -91.098064, 30.553147 ], [ -91.098418, 30.553623 ], [ -91.099001, 30.554769 ], [ -91.09901, 30.55484 ], [ -91.099011, 30.554912 ], [ -91.098991, 30.555125 ], [ -91.098967, 30.555267 ], [ -91.09895, 30.555409 ], [ -91.098928, 30.55551 ], [ -91.098906, 30.55561 ], [ -91.098876, 30.555714 ], [ -91.098844, 30.555855 ], [ -91.098835, 30.555912 ], [ -91.098786, 30.556211 ], [ -91.098776, 30.556246 ], [ -91.098588, 30.556684 ], [ -91.098517, 30.556891 ], [ -91.09848, 30.557017 ], [ -91.098537, 30.557064 ], [ -91.098595, 30.55711 ], [ -91.099064, 30.557493 ], [ -91.100263, 30.558403 ], [ -91.100458, 30.558545 ], [ -91.100599, 30.558639 ], [ -91.100864, 30.558799 ], [ -91.101132, 30.558942 ], [ -91.101252, 30.558991 ], [ -91.101408, 30.559044 ], [ -91.101553, 30.559088 ], [ -91.101719, 30.559133 ], [ -91.101887, 30.559173 ], [ -91.102053, 30.559207 ], [ -91.102284, 30.559264 ], [ -91.102312, 30.559272 ], [ -91.102673, 30.559381 ], [ -91.102886, 30.559455 ], [ -91.103049, 30.559516 ], [ -91.1052, 30.560373 ], [ -91.105431, 30.560468 ], [ -91.105629, 30.560542 ], [ -91.105641, 30.560546 ], [ -91.10582, 30.560608 ], [ -91.106004, 30.560666 ], [ -91.106378, 30.560767 ], [ -91.106568, 30.56081 ], [ -91.106798, 30.560852 ], [ -91.107064, 30.560882 ], [ -91.10712, 30.560886 ], [ -91.10721, 30.560894 ], [ -91.107357, 30.560901 ], [ -91.108093, 30.560902 ], [ -91.108418, 30.560903 ], [ -91.108464, 30.562336 ], [ -91.108511, 30.563783 ], [ -91.108507, 30.563907 ], [ -91.108497, 30.564031 ], [ -91.108482, 30.564142 ], [ -91.10846, 30.564263 ], [ -91.108432, 30.564384 ], [ -91.108398, 30.564503 ], [ -91.10771, 30.566513 ], [ -91.107247, 30.567871 ], [ -91.105677, 30.572459 ], [ -91.105409, 30.573245 ], [ -91.105363, 30.57342 ], [ -91.105348, 30.573514 ], [ -91.105339, 30.573608 ], [ -91.105336, 30.573703 ], [ -91.105339, 30.573798 ], [ -91.105349, 30.573892 ], [ -91.105365, 30.573986 ], [ -91.105387, 30.574079 ], [ -91.105415, 30.574171 ], [ -91.105449, 30.574261 ], [ -91.105488, 30.574349 ], [ -91.105534, 30.574435 ], [ -91.105585, 30.574519 ], [ -91.105641, 30.574599 ], [ -91.105702, 30.574677 ], [ -91.105835, 30.574831 ], [ -91.105931, 30.574924 ], [ -91.106035, 30.57501 ], [ -91.106119, 30.575071 ], [ -91.106207, 30.575129 ], [ -91.106299, 30.575183 ], [ -91.106394, 30.575232 ], [ -91.106492, 30.575276 ], [ -91.106594, 30.575316 ], [ -91.106697, 30.575351 ], [ -91.106803, 30.575381 ], [ -91.10702, 30.575425 ], [ -91.107092, 30.575434 ], [ -91.107298, 30.57545 ], [ -91.112658, 30.575459 ], [ -91.112778, 30.575464 ], [ -91.112886, 30.575474 ], [ -91.113, 30.57549 ], [ -91.11311, 30.57551 ], [ -91.113218, 30.575536 ], [ -91.113324, 30.575568 ], [ -91.113427, 30.575604 ], [ -91.113538, 30.575649 ], [ -91.113722, 30.575741 ], [ -91.113831, 30.575807 ], [ -91.113921, 30.575869 ], [ -91.114022, 30.575947 ], [ -91.114107, 30.576023 ], [ -91.11418, 30.576096 ], [ -91.114313, 30.576252 ], [ -91.114626, 30.576767 ], [ -91.11545, 30.578211 ], [ -91.115553, 30.578384 ], [ -91.115613, 30.578466 ], [ -91.115677, 30.578545 ], [ -91.115746, 30.578621 ], [ -91.11584, 30.578714 ], [ -91.115943, 30.578799 ], [ -91.115993, 30.578837 ], [ -91.116027, 30.578862 ], [ -91.116116, 30.578921 ], [ -91.116208, 30.578976 ], [ -91.116304, 30.579026 ], [ -91.116404, 30.579072 ], [ -91.116506, 30.579113 ], [ -91.11661, 30.579149 ], [ -91.116717, 30.57918 ], [ -91.116826, 30.579206 ], [ -91.116936, 30.579227 ], [ -91.117047, 30.579242 ], [ -91.11716, 30.579252 ], [ -91.117272, 30.579257 ], [ -91.117332, 30.579257 ], [ -91.120755, 30.579246 ], [ -91.120865, 30.579245 ], [ -91.121196, 30.579244 ], [ -91.121307, 30.579244 ], [ -91.121558, 30.579242 ], [ -91.122312, 30.57924 ], [ -91.122564, 30.57924 ], [ -91.122767, 30.579239 ], [ -91.123364, 30.579238 ], [ -91.123378, 30.579238 ], [ -91.123582, 30.579246 ], [ -91.123686, 30.57925 ], [ -91.123916, 30.579266 ], [ -91.124136, 30.579292 ], [ -91.124331, 30.579322 ], [ -91.124492, 30.579356 ], [ -91.124775, 30.579423 ], [ -91.125004, 30.579492 ], [ -91.125196, 30.579558 ], [ -91.125444, 30.579669 ], [ -91.126547, 30.580181 ], [ -91.126602, 30.580182 ], [ -91.126709, 30.580184 ], [ -91.126744, 30.580034 ], [ -91.126815, 30.579796 ], [ -91.126918, 30.579488 ], [ -91.127128, 30.578834 ], [ -91.12724, 30.578487 ], [ -91.127414, 30.577924 ], [ -91.127937, 30.576237 ], [ -91.128112, 30.575675 ], [ -91.128899, 30.575668 ], [ -91.129097, 30.575674 ], [ -91.129283, 30.57568 ], [ -91.132054, 30.575646 ], [ -91.132182, 30.575645 ], [ -91.132616, 30.57564 ], [ -91.13304, 30.575635 ], [ -91.133392, 30.57563 ], [ -91.13445, 30.575618 ], [ -91.134803, 30.575614 ], [ -91.135303, 30.575608 ], [ -91.136807, 30.57559 ], [ -91.137308, 30.575584 ], [ -91.137436, 30.575582 ], [ -91.137824, 30.575578 ], [ -91.137953, 30.575577 ], [ -91.138083, 30.575576 ], [ -91.138367, 30.575572 ], [ -91.139598, 30.575556 ], [ -91.139612, 30.575556 ], [ -91.140027, 30.575562 ], [ -91.140047, 30.575561 ], [ -91.140108, 30.575559 ], [ -91.140129, 30.575559 ], [ -91.140242, 30.575557 ], [ -91.140582, 30.575555 ], [ -91.140696, 30.575555 ], [ -91.141368, 30.575546 ], [ -91.143384, 30.57552 ], [ -91.144057, 30.575512 ], [ -91.144379, 30.575508 ], [ -91.144949, 30.575501 ], [ -91.145349, 30.575497 ], [ -91.145672, 30.575494 ], [ -91.145884, 30.575493 ], [ -91.146524, 30.575492 ], [ -91.146737, 30.575492 ], [ -91.146779, 30.575491 ], [ -91.146908, 30.575489 ], [ -91.146951, 30.575489 ], [ -91.147111, 30.575487 ], [ -91.147592, 30.575483 ], [ -91.147753, 30.575482 ], [ -91.14776, 30.576113 ], [ -91.147783, 30.578006 ], [ -91.147791, 30.578637 ], [ -91.147777, 30.578831 ], [ -91.147764, 30.57894 ], [ -91.147735, 30.579112 ], [ -91.147499, 30.580529 ], [ -91.14743, 30.580951 ], [ -91.147413, 30.581 ], [ -91.147396, 30.581046 ], [ -91.147123, 30.582863 ], [ -91.147104, 30.582915 ], [ -91.148127, 30.582894 ], [ -91.148244, 30.582896 ], [ -91.148274, 30.582897 ], [ -91.148595, 30.582922 ], [ -91.148712, 30.582932 ], [ -91.148826, 30.582946 ], [ -91.149287, 30.582984 ], [ -91.151014, 30.583128 ], [ -91.15159, 30.583177 ], [ -91.15173, 30.583188 ], [ -91.152153, 30.583223 ], [ -91.15219, 30.583227 ], [ -91.152294, 30.583236 ], [ -91.152446, 30.583248 ], [ -91.152903, 30.583285 ], [ -91.152957, 30.58329 ], [ -91.153056, 30.583302 ], [ -91.153536, 30.583338 ], [ -91.15479, 30.583433 ], [ -91.154976, 30.583448 ], [ -91.155457, 30.583488 ], [ -91.155608, 30.5835 ], [ -91.156063, 30.583538 ], [ -91.156215, 30.583551 ], [ -91.156688, 30.58359 ], [ -91.158109, 30.583708 ], [ -91.158583, 30.583748 ], [ -91.160013, 30.583866 ], [ -91.160716, 30.58393 ], [ -91.161797, 30.58402 ], [ -91.16191, 30.584035 ], [ -91.162156, 30.584061 ], [ -91.162897, 30.584142 ], [ -91.163099, 30.584164 ], [ -91.163142, 30.584181 ], [ -91.163401, 30.58418 ], [ -91.164182, 30.584177 ], [ -91.164442, 30.584177 ], [ -91.164733, 30.584246 ], [ -91.164889, 30.584325 ], [ -91.164948, 30.584356 ], [ -91.165186, 30.58456 ], [ -91.165445, 30.584764 ], [ -91.165648, 30.584849 ], [ -91.165862, 30.584902 ], [ -91.166135, 30.5849 ], [ -91.16661, 30.584898 ], [ -91.168842, 30.584583 ], [ -91.169093, 30.58457 ], [ -91.169167, 30.584187 ], [ -91.169389, 30.583041 ], [ -91.169464, 30.582659 ], [ -91.169485, 30.58256 ], [ -91.16955, 30.582266 ], [ -91.169572, 30.582168 ], [ -91.169832, 30.580804 ], [ -91.169924, 30.580327 ], [ -91.170094, 30.579423 ], [ -91.170608, 30.576714 ], [ -91.170868, 30.575351 ], [ -91.170807, 30.575336 ], [ -91.170626, 30.575291 ], [ -91.170566, 30.575276 ], [ -91.17057, 30.57525 ], [ -91.170586, 30.575173 ], [ -91.170591, 30.575148 ], [ -91.170909, 30.573496 ], [ -91.171866, 30.568543 ], [ -91.172186, 30.566892 ], [ -91.172195, 30.566842 ], [ -91.172224, 30.566695 ], [ -91.172234, 30.566646 ], [ -91.172297, 30.566655 ], [ -91.172486, 30.566683 ], [ -91.172549, 30.566693 ], [ -91.17263, 30.566269 ], [ -91.172875, 30.564998 ], [ -91.172899, 30.564875 ], [ -91.172957, 30.564575 ], [ -91.172983, 30.564442 ], [ -91.17304, 30.564147 ], [ -91.173184, 30.563401 ], [ -91.173319, 30.562702 ], [ -91.173496, 30.561789 ], [ -91.173723, 30.560616 ], [ -91.173862, 30.559879 ], [ -91.174085, 30.558705 ], [ -91.174132, 30.558703 ], [ -91.174275, 30.558701 ], [ -91.174323, 30.558701 ], [ -91.174364, 30.5587 ], [ -91.174489, 30.558698 ], [ -91.174531, 30.558698 ], [ -91.174709, 30.558695 ], [ -91.174866, 30.558684 ], [ -91.175121, 30.558668 ], [ -91.175779, 30.558645 ], [ -91.175871, 30.558635 ], [ -91.175901, 30.558633 ], [ -91.176204, 30.558591 ], [ -91.17647, 30.558496 ], [ -91.176626, 30.55843 ], [ -91.177115, 30.558172 ], [ -91.179382, 30.556983 ], [ -91.179788, 30.556777 ], [ -91.180307, 30.556515 ], [ -91.180503, 30.556424 ], [ -91.180703, 30.556367 ], [ -91.180741, 30.556352 ], [ -91.180855, 30.556309 ], [ -91.180894, 30.556295 ], [ -91.18092, 30.556285 ], [ -91.182787, 30.555807 ], [ -91.184223, 30.555465 ], [ -91.18489, 30.555307 ], [ -91.185738, 30.555099 ], [ -91.186467, 30.554914 ], [ -91.189122, 30.554186 ], [ -91.190206, 30.553901 ], [ -91.191252, 30.55361 ], [ -91.193762, 30.552924 ], [ -91.194172, 30.552814 ], [ -91.194371, 30.552762 ], [ -91.195687, 30.552433 ], [ -91.197496, 30.55196 ], [ -91.197552, 30.551944 ], [ -91.197571, 30.55194 ], [ -91.197709, 30.55187 ], [ -91.197762, 30.551844 ], [ -91.197873, 30.551812 ], [ -91.198208, 30.551718 ], [ -91.198242, 30.551709 ], [ -91.19832, 30.551689 ], [ -91.198404, 30.551864 ], [ -91.198658, 30.552389 ], [ -91.198743, 30.552565 ], [ -91.199243, 30.553528 ], [ -91.199885, 30.55471 ], [ -91.202497, 30.559518 ], [ -91.203335, 30.561133 ], [ -91.203843, 30.562111 ], [ -91.204456, 30.56329 ], [ -91.206204, 30.562834 ], [ -91.206336, 30.5628 ], [ -91.211448, 30.561463 ], [ -91.213197, 30.561007 ], [ -91.213485, 30.560932 ], [ -91.214112, 30.560765 ], [ -91.21421, 30.560738 ], [ -91.216977, 30.559997 ], [ -91.217118, 30.559967 ], [ -91.217239, 30.559926 ], [ -91.217366, 30.559865 ], [ -91.217471, 30.559798 ], [ -91.217566, 30.559721 ], [ -91.217657, 30.559623 ], [ -91.217732, 30.559516 ], [ -91.217789, 30.559401 ], [ -91.217827, 30.55928 ], [ -91.217847, 30.559131 ], [ -91.217874, 30.558891 ], [ -91.217956, 30.558173 ], [ -91.217984, 30.557934 ], [ -91.21799, 30.557902 ], [ -91.218017, 30.557906 ], [ -91.21804, 30.557851 ], [ -91.218108, 30.557686 ], [ -91.218132, 30.557632 ], [ -91.218243, 30.557265 ], [ -91.218354, 30.556898 ], [ -91.218387, 30.55679 ], [ -91.218419, 30.556681 ], [ -91.218508, 30.556388 ], [ -91.218263, 30.555841 ], [ -91.217912, 30.555417 ], [ -91.217508, 30.554988 ], [ -91.217437, 30.554998 ], [ -91.216808, 30.555088 ], [ -91.215705, 30.553673 ], [ -91.214021, 30.551513 ], [ -91.213296, 30.550582 ], [ -91.212572, 30.549652 ], [ -91.210398, 30.546862 ], [ -91.208223, 30.544072 ], [ -91.208116, 30.543935 ], [ -91.208142, 30.543741 ], [ -91.208436, 30.541516 ], [ -91.208449, 30.54021 ], [ -91.208522, 30.539688 ], [ -91.208863, 30.537274 ], [ -91.208873, 30.535291 ], [ -91.208876, 30.534732 ], [ -91.208879, 30.534173 ], [ -91.208863, 30.532712 ], [ -91.208854, 30.531787 ], [ -91.20883, 30.529401 ], [ -91.208818, 30.52833 ], [ -91.208805, 30.527032 ], [ -91.208816, 30.52687 ], [ -91.208914, 30.526093 ], [ -91.209209, 30.523765 ], [ -91.209308, 30.522989 ], [ -91.209197, 30.522926 ], [ -91.209086, 30.522862 ], [ -91.209047, 30.522839 ], [ -91.208545, 30.522553 ], [ -91.208264, 30.522392 ], [ -91.208004, 30.522244 ], [ -91.207144, 30.521753 ], [ -91.204567, 30.52028 ], [ -91.203708, 30.519789 ], [ -91.202285, 30.518759 ], [ -91.200808, 30.517689 ], [ -91.199267, 30.514608 ], [ -91.19894, 30.513953 ], [ -91.198508, 30.513089 ], [ -91.198496, 30.513033 ], [ -91.198238, 30.511843 ], [ -91.197465, 30.508276 ], [ -91.197208, 30.507088 ], [ -91.197207, 30.507028 ], [ -91.197205, 30.506864 ], [ -91.197187, 30.505668 ], [ -91.197166, 30.504127 ], [ -91.197127, 30.501408 ], [ -91.197124, 30.501166 ], [ -91.197116, 30.500577 ], [ -91.197107, 30.499989 ], [ -91.197077, 30.498198 ], [ -91.197046, 30.496406 ], [ -91.197034, 30.495759 ], [ -91.196976, 30.492297 ], [ -91.196907, 30.488189 ], [ -91.196899, 30.487712 ], [ -91.196891, 30.487235 ], [ -91.196883, 30.486748 ], [ -91.196875, 30.486261 ], [ -91.196856, 30.485138 ], [ -91.196852, 30.484937 ], [ -91.196837, 30.484015 ], [ -91.196827, 30.483448 ], [ -91.19682, 30.483074 ], [ -91.196817, 30.482881 ], [ -91.196798, 30.481759 ], [ -91.196779, 30.480637 ], [ -91.196764, 30.479742 ], [ -91.196761, 30.479558 ], [ -91.196749, 30.478845 ], [ -91.19674, 30.478353 ], [ -91.196734, 30.47799 ], [ -91.19672, 30.477135 ], [ -91.196715, 30.476881 ], [ -91.196714, 30.476762 ], [ -91.196707, 30.47639 ], [ -91.196707, 30.476212 ], [ -91.196707, 30.475678 ], [ -91.196707, 30.475501 ], [ -91.196707, 30.475438 ], [ -91.196707, 30.475252 ], [ -91.196707, 30.47519 ], [ -91.196671, 30.474025 ], [ -91.196565, 30.47053 ], [ -91.19653, 30.469365 ], [ -91.196507, 30.46859 ], [ -91.196407, 30.46639 ], [ -91.196416, 30.466182 ], [ -91.196424, 30.465974 ], [ -91.196427, 30.46589 ], [ -91.196465, 30.464932 ], [ -91.196486, 30.464389 ], [ -91.196507, 30.46389 ], [ -91.196447, 30.46267 ], [ -91.196267, 30.45901 ], [ -91.196207, 30.45779 ], [ -91.196204, 30.45764 ], [ -91.196202, 30.457537 ], [ -91.196202, 30.457489 ], [ -91.196193, 30.457008 ], [ -91.196188, 30.456779 ], [ -91.196184, 30.456527 ], [ -91.19617, 30.455761 ], [ -91.196128, 30.453464 ], [ -91.196114, 30.452699 ], [ -91.196186, 30.452698 ], [ -91.197083, 30.452687 ], [ -91.198574, 30.45267 ], [ -91.199993, 30.452653 ], [ -91.200963, 30.452643 ], [ -91.201197, 30.452625 ], [ -91.2019, 30.452573 ], [ -91.202135, 30.452556 ], [ -91.202267, 30.452569 ], [ -91.202664, 30.452611 ], [ -91.202797, 30.452626 ], [ -91.202802, 30.452428 ], [ -91.202804, 30.45238 ], [ -91.202883, 30.452108 ], [ -91.202941, 30.451853 ], [ -91.202986, 30.451661 ], [ -91.203018, 30.451497 ], [ -91.203063, 30.451269 ], [ -91.203091, 30.451004 ], [ -91.20311, 30.450839 ], [ -91.203113, 30.450762 ], [ -91.203112, 30.450675 ], [ -91.203109, 30.450404 ], [ -91.203096, 30.450185 ], [ -91.203087, 30.450022 ], [ -91.203513, 30.450001 ], [ -91.204314, 30.449964 ], [ -91.204794, 30.449941 ], [ -91.205222, 30.449922 ], [ -91.205633, 30.449901 ], [ -91.206577, 30.449855 ], [ -91.206866, 30.449841 ], [ -91.207278, 30.449822 ], [ -91.20732, 30.449819 ], [ -91.207446, 30.449812 ], [ -91.207489, 30.44981 ], [ -91.207985, 30.449785 ], [ -91.208705, 30.44975 ], [ -91.209473, 30.449712 ], [ -91.20997, 30.449688 ], [ -91.209992, 30.449687 ], [ -91.210136, 30.449671 ], [ -91.210136, 30.44969 ], [ -91.210136, 30.449836 ], [ -91.21014, 30.450331 ], [ -91.210142, 30.450497 ], [ -91.21029, 30.450487 ], [ -91.210322, 30.450486 ], [ -91.210736, 30.450466 ], [ -91.210885, 30.45046 ], [ -91.210896, 30.450623 ], [ -91.21093, 30.451115 ], [ -91.210942, 30.451279 ], [ -91.21096, 30.451472 ], [ -91.211017, 30.452052 ], [ -91.211036, 30.452246 ], [ -91.211044, 30.452441 ], [ -91.211068, 30.453028 ], [ -91.211077, 30.453224 ], [ -91.211114, 30.453795 ], [ -91.211208, 30.455215 ], [ -91.211227, 30.45551 ], [ -91.211265, 30.456082 ], [ -91.211289, 30.45647 ], [ -91.211361, 30.457636 ], [ -91.211386, 30.458025 ], [ -91.211399, 30.458234 ], [ -91.211437, 30.458837 ], [ -91.211438, 30.458864 ], [ -91.211454, 30.459074 ], [ -91.211475, 30.459391 ], [ -91.211494, 30.459658 ], [ -91.211541, 30.460342 ], [ -91.211564, 30.46066 ], [ -91.211599, 30.461174 ], [ -91.211704, 30.462716 ], [ -91.21174, 30.463231 ], [ -91.215523, 30.46303 ], [ -91.216597, 30.462988 ], [ -91.216781, 30.46298 ], [ -91.217336, 30.462955 ], [ -91.217521, 30.462948 ], [ -91.217728, 30.46294 ], [ -91.218351, 30.462915 ], [ -91.218559, 30.462908 ], [ -91.218544, 30.462719 ], [ -91.218502, 30.462152 ], [ -91.218488, 30.461963 ], [ -91.218474, 30.46178 ], [ -91.218432, 30.461234 ], [ -91.218418, 30.461052 ], [ -91.218407, 30.460902 ], [ -91.218374, 30.460455 ], [ -91.218363, 30.460306 ], [ -91.219341, 30.460262 ], [ -91.222274, 30.460133 ], [ -91.223253, 30.46009 ], [ -91.223627, 30.460063 ], [ -91.22475, 30.459984 ], [ -91.224997, 30.459967 ], [ -91.225125, 30.459958 ], [ -91.225065, 30.459814 ], [ -91.225098, 30.459488 ], [ -91.225172, 30.458791 ], [ -91.225241, 30.458047 ], [ -91.225287, 30.457567 ], [ -91.225404, 30.456319 ], [ -91.225501, 30.455288 ], [ -91.225609, 30.45437 ], [ -91.225716, 30.453638 ], [ -91.226128, 30.452663 ], [ -91.226344, 30.452153 ], [ -91.226535, 30.451642 ], [ -91.226577, 30.451495 ], [ -91.227583, 30.451447 ], [ -91.227681, 30.451443 ], [ -91.228393, 30.451407 ], [ -91.2306, 30.451303 ], [ -91.231607, 30.451256 ], [ -91.233586, 30.451162 ], [ -91.2356, 30.451067 ], [ -91.237842, 30.45091 ], [ -91.23889, 30.450885 ], [ -91.239233, 30.450861 ], [ -91.239953, 30.450853 ], [ -91.240591, 30.450877 ], [ -91.241311, 30.450918 ], [ -91.24226, 30.451057 ], [ -91.242498, 30.451117 ], [ -91.242658, 30.451158 ], [ -91.243101, 30.45123 ], [ -91.243205, 30.451241 ], [ -91.243479, 30.451272 ], [ -91.243671, 30.451284 ], [ -91.243964, 30.45126 ], [ -91.244169, 30.451229 ], [ -91.244456, 30.451142 ], [ -91.244709, 30.451028 ], [ -91.244813, 30.450981 ], [ -91.245191, 30.450811 ], [ -91.24525, 30.450774 ], [ -91.245101, 30.450541 ], [ -91.245095, 30.450528 ], [ -91.245019, 30.450383 ], [ -91.244907, 30.450106 ], [ -91.244853, 30.449973 ], [ -91.244819, 30.449884 ], [ -91.244758, 30.449725 ], [ -91.244755, 30.449714 ], [ -91.244682, 30.449445 ], [ -91.244692, 30.44938 ], [ -91.244721, 30.44919 ], [ -91.244732, 30.449126 ], [ -91.244718, 30.449058 ], [ -91.244678, 30.448856 ], [ -91.244665, 30.448789 ], [ -91.244644, 30.448686 ], [ -91.244581, 30.448378 ], [ -91.244561, 30.448276 ], [ -91.244555, 30.448245 ], [ -91.244522, 30.448068 ], [ -91.244417, 30.447504 ], [ -91.244412, 30.447477 ], [ -91.244406, 30.447445 ], [ -91.244368, 30.447238 ], [ -91.244361, 30.447198 ], [ -91.244278, 30.446753 ], [ -91.244225, 30.446471 ], [ -91.244205, 30.446362 ], [ -91.244145, 30.446035 ], [ -91.244126, 30.445926 ], [ -91.244098, 30.445777 ], [ -91.244017, 30.445334 ], [ -91.24399, 30.445186 ], [ -91.24391, 30.444771 ], [ -91.243792, 30.444153 ], [ -91.243672, 30.443529 ], [ -91.243593, 30.443116 ], [ -91.243566, 30.442975 ], [ -91.243486, 30.442556 ], [ -91.24346, 30.442416 ], [ -91.243209, 30.441004 ], [ -91.243206, 30.440989 ], [ -91.24311, 30.440816 ], [ -91.243099, 30.440779 ], [ -91.243067, 30.440668 ], [ -91.243057, 30.440631 ], [ -91.242871, 30.440692 ], [ -91.242479, 30.440824 ], [ -91.242316, 30.440884 ], [ -91.242133, 30.440953 ], [ -91.241253, 30.441335 ], [ -91.239815, 30.441803 ], [ -91.238438, 30.44216 ], [ -91.237229, 30.442364 ], [ -91.235881, 30.442456 ], [ -91.23572, 30.442462 ], [ -91.234581, 30.442506 ], [ -91.234013, 30.442459 ], [ -91.233264, 30.442469 ], [ -91.232141, 30.442244 ], [ -91.231919, 30.442199 ], [ -91.230785, 30.442076 ], [ -91.22976, 30.441795 ], [ -91.22885, 30.441546 ], [ -91.2286, 30.441499 ], [ -91.228, 30.441227 ], [ -91.226177, 30.44057 ], [ -91.224458, 30.439651 ], [ -91.223704, 30.439272 ], [ -91.221516, 30.43817 ], [ -91.217396, 30.435824 ], [ -91.217323, 30.435783 ], [ -91.215874, 30.434958 ], [ -91.214116, 30.434164 ], [ -91.212477, 30.433393 ], [ -91.211439, 30.432744 ], [ -91.211327, 30.432664 ], [ -91.211223, 30.432591 ], [ -91.211127, 30.432523 ], [ -91.210944, 30.432391 ], [ -91.210928, 30.432379 ], [ -91.210878, 30.432342 ], [ -91.210812, 30.432293 ], [ -91.21076, 30.432251 ], [ -91.210964, 30.431975 ], [ -91.211028, 30.43201 ], [ -91.211076, 30.431951 ], [ -91.211389, 30.431554 ], [ -91.211453, 30.431472 ], [ -91.211878, 30.430872 ], [ -91.212403, 30.430147 ], [ -91.212466, 30.430063 ], [ -91.212756, 30.429681 ], [ -91.21404, 30.427851 ], [ -91.214308, 30.427491 ], [ -91.214571, 30.427161 ], [ -91.214646, 30.427069 ], [ -91.214676, 30.427036 ], [ -91.215059, 30.426626 ], [ -91.215747, 30.426033 ], [ -91.215974, 30.425816 ], [ -91.21606, 30.425726 ], [ -91.216233, 30.425548 ], [ -91.216432, 30.425282 ], [ -91.216557, 30.425116 ], [ -91.216678, 30.424953 ], [ -91.216806, 30.424782 ], [ -91.21708, 30.424403 ], [ -91.217157, 30.424298 ], [ -91.218021, 30.423123 ], [ -91.218121, 30.422987 ], [ -91.218161, 30.422932 ], [ -91.218206, 30.422873 ], [ -91.218278, 30.422775 ], [ -91.218345, 30.422681 ], [ -91.218413, 30.422585 ], [ -91.218549, 30.422398 ], [ -91.21891, 30.421896 ], [ -91.218927, 30.421874 ], [ -91.219056, 30.4217 ], [ -91.21927, 30.421413 ], [ -91.220608, 30.419593 ], [ -91.221473, 30.418419 ], [ -91.221745, 30.418045 ], [ -91.222014, 30.417678 ], [ -91.222312, 30.417267 ], [ -91.222561, 30.416923 ], [ -91.222833, 30.41655 ], [ -91.222893, 30.416466 ], [ -91.223077, 30.416214 ], [ -91.223138, 30.416131 ], [ -91.223406, 30.415773 ], [ -91.223452, 30.415712 ], [ -91.224185, 30.414695 ], [ -91.224191, 30.414686 ], [ -91.224458, 30.414327 ], [ -91.225286, 30.413212 ], [ -91.225519, 30.412899 ], [ -91.225866, 30.412418 ], [ -91.226021, 30.412203 ], [ -91.226728, 30.411224 ], [ -91.226926, 30.410957 ], [ -91.227746, 30.40985 ], [ -91.228015, 30.409489 ], [ -91.227782, 30.409387 ], [ -91.226905, 30.408922 ], [ -91.226576, 30.408957 ], [ -91.226533, 30.408966 ], [ -91.226509, 30.408966 ], [ -91.226473, 30.408968 ], [ -91.226429, 30.408957 ], [ -91.226399, 30.408927 ], [ -91.226381, 30.408898 ], [ -91.226365, 30.408874 ], [ -91.22636, 30.408861 ], [ -91.226337, 30.408798 ], [ -91.22626, 30.408767 ], [ -91.226002, 30.408673 ], [ -91.225087, 30.408341 ], [ -91.224997, 30.408308 ], [ -91.224663, 30.408185 ], [ -91.224222, 30.408017 ], [ -91.224098, 30.40797 ], [ -91.22374, 30.40781 ], [ -91.223461, 30.407686 ], [ -91.222916, 30.407482 ], [ -91.222475, 30.407317 ], [ -91.221744, 30.407027 ], [ -91.221614, 30.406976 ], [ -91.220182, 30.406443 ], [ -91.219535, 30.406201 ], [ -91.219248, 30.406094 ], [ -91.219116, 30.406082 ], [ -91.219042, 30.406063 ], [ -91.218759, 30.405951 ], [ -91.218841, 30.405844 ], [ -91.218989, 30.405665 ], [ -91.219097, 30.405549 ], [ -91.219338, 30.405345 ], [ -91.219632, 30.405098 ], [ -91.219883, 30.404894 ], [ -91.220017, 30.40477 ], [ -91.220151, 30.404636 ], [ -91.220292, 30.404461 ], [ -91.220408, 30.404302 ], [ -91.220734, 30.403838 ], [ -91.220764, 30.403795 ], [ -91.221178, 30.403222 ], [ -91.221514, 30.402737 ], [ -91.221533, 30.402711 ], [ -91.221992, 30.402126 ], [ -91.222404, 30.401618 ], [ -91.222632, 30.401365 ], [ -91.223028, 30.400927 ], [ -91.223046, 30.400906 ], [ -91.2231, 30.400845 ], [ -91.223119, 30.400825 ], [ -91.22336, 30.400555 ], [ -91.223518, 30.400349 ], [ -91.223527, 30.400338 ], [ -91.224129, 30.399456 ], [ -91.224554, 30.398798 ], [ -91.224574, 30.398768 ], [ -91.224821, 30.398394 ], [ -91.224896, 30.398279 ], [ -91.225378, 30.397545 ], [ -91.226, 30.396598 ], [ -91.226191, 30.396315 ], [ -91.226305, 30.39616 ], [ -91.226404, 30.396047 ], [ -91.226526, 30.39592 ], [ -91.226677, 30.395779 ], [ -91.226993, 30.395507 ], [ -91.227006, 30.395496 ], [ -91.22748, 30.395126 ], [ -91.227691, 30.394946 ], [ -91.227794, 30.394825 ], [ -91.228005, 30.394554 ], [ -91.228154, 30.394336 ], [ -91.228464, 30.393883 ], [ -91.229366, 30.392595 ], [ -91.229478, 30.392457 ], [ -91.229694, 30.392195 ], [ -91.229974, 30.391873 ], [ -91.230222, 30.391585 ], [ -91.230763, 30.390965 ], [ -91.230836, 30.390884 ], [ -91.230974, 30.390729 ], [ -91.231229, 30.390447 ], [ -91.231316, 30.390349 ], [ -91.231578, 30.390056 ], [ -91.231695, 30.389943 ], [ -91.231746, 30.389854 ], [ -91.231874, 30.389664 ], [ -91.2321, 30.38933 ], [ -91.232459, 30.388754 ], [ -91.23265, 30.388449 ], [ -91.233451, 30.387144 ], [ -91.233589, 30.386928 ], [ -91.233668, 30.386836 ], [ -91.233768, 30.386751 ], [ -91.234062, 30.386864 ], [ -91.234892, 30.387182 ], [ -91.235062, 30.387245 ], [ -91.235574, 30.387437 ], [ -91.235745, 30.387502 ], [ -91.235909, 30.387565 ], [ -91.236404, 30.387755 ], [ -91.236569, 30.387819 ], [ -91.237401, 30.38813 ], [ -91.238166, 30.38842 ], [ -91.238213, 30.388406 ], [ -91.238219, 30.388419 ], [ -91.238252, 30.388454 ], [ -91.239089, 30.388776 ], [ -91.239494, 30.388928 ], [ -91.239608, 30.388971 ], [ -91.240128, 30.389158 ], [ -91.240213, 30.389188 ], [ -91.240593, 30.389331 ], [ -91.240702, 30.389372 ], [ -91.241736, 30.389754 ], [ -91.242118, 30.389895 ], [ -91.242168, 30.389915 ], [ -91.24232, 30.389976 ], [ -91.242371, 30.389997 ], [ -91.24278, 30.389438 ], [ -91.243177, 30.388897 ], [ -91.244002, 30.387759 ], [ -91.244013, 30.387746 ], [ -91.244413, 30.387202 ], [ -91.244511, 30.387067 ], [ -91.244808, 30.386663 ], [ -91.244908, 30.386529 ], [ -91.244925, 30.386535 ], [ -91.244977, 30.386554 ], [ -91.244995, 30.386561 ], [ -91.245016, 30.386568 ], [ -91.245079, 30.386592 ], [ -91.2451, 30.3866 ], [ -91.245143, 30.386616 ], [ -91.245274, 30.386664 ], [ -91.245318, 30.386681 ], [ -91.245335, 30.386687 ], [ -91.245429, 30.386722 ], [ -91.245773, 30.386849 ], [ -91.245933, 30.386909 ], [ -91.245977, 30.386926 ], [ -91.246183, 30.387004 ], [ -91.247724, 30.387587 ], [ -91.247845, 30.387633 ], [ -91.247952, 30.387674 ], [ -91.248611, 30.387924 ], [ -91.24892, 30.388041 ], [ -91.249847, 30.388392 ], [ -91.250157, 30.38851 ], [ -91.250353, 30.388584 ], [ -91.250682, 30.388712 ], [ -91.252255, 30.389328 ], [ -91.25278, 30.389534 ], [ -91.253366, 30.389746 ], [ -91.253848, 30.389921 ], [ -91.255117, 30.390406 ], [ -91.2557, 30.390629 ], [ -91.255907, 30.390208 ], [ -91.25653, 30.388948 ], [ -91.256673, 30.388661 ], [ -91.256737, 30.388528 ], [ -91.256786, 30.388426 ], [ -91.256907, 30.388173 ], [ -91.256977, 30.388034 ], [ -91.257202, 30.387596 ], [ -91.257582, 30.386831 ], [ -91.257719, 30.386563 ], [ -91.257952, 30.386109 ], [ -91.257972, 30.386076 ], [ -91.257984, 30.386056 ], [ -91.258021, 30.386013 ], [ -91.258051, 30.385986 ], [ -91.258079, 30.385967 ], [ -91.258114, 30.385946 ], [ -91.258181, 30.385919 ], [ -91.258233, 30.385903 ], [ -91.25828, 30.385894 ], [ -91.258399, 30.38589 ], [ -91.25846, 30.385896 ], [ -91.258524, 30.385914 ], [ -91.258672, 30.385958 ], [ -91.258826, 30.386018 ], [ -91.259291, 30.386199 ], [ -91.259446, 30.38626 ], [ -91.259525, 30.386291 ], [ -91.25956, 30.386305 ], [ -91.259767, 30.386374 ], [ -91.259849, 30.386402 ], [ -91.260248, 30.386146 ], [ -91.260395, 30.386053 ], [ -91.260538, 30.385979 ], [ -91.260847, 30.385841 ], [ -91.261032, 30.385728 ], [ -91.261087, 30.385678 ], [ -91.26111, 30.385643 ], [ -91.261119, 30.385603 ], [ -91.261125, 30.385542 ], [ -91.261156, 30.38548 ], [ -91.2612, 30.385422 ], [ -91.261219, 30.385402 ], [ -91.261226, 30.385395 ], [ -91.261273, 30.385362 ], [ -91.261292, 30.385351 ], [ -91.261314, 30.385339 ], [ -91.261341, 30.385333 ], [ -91.261407, 30.385319 ], [ -91.261596, 30.385268 ], [ -91.261691, 30.385222 ], [ -91.261781, 30.385168 ], [ -91.261756, 30.385164 ], [ -91.261459, 30.385069 ], [ -91.260568, 30.384785 ], [ -91.260272, 30.384691 ], [ -91.260108, 30.384636 ], [ -91.259616, 30.384473 ], [ -91.259452, 30.384419 ], [ -91.258784, 30.384184 ], [ -91.256782, 30.383479 ], [ -91.256115, 30.383244 ], [ -91.255581, 30.383058 ], [ -91.254477, 30.382674 ], [ -91.254543, 30.382152 ], [ -91.254556, 30.382055 ], [ -91.254103, 30.381942 ], [ -91.254034, 30.381924 ], [ -91.253864, 30.381882 ], [ -91.253881, 30.381848 ], [ -91.253914, 30.381786 ], [ -91.25394, 30.381734 ], [ -91.254003, 30.381614 ], [ -91.254636, 30.381129 ], [ -91.254903, 30.380793 ], [ -91.255656, 30.379848 ], [ -91.255707, 30.379785 ], [ -91.255975, 30.37945 ], [ -91.25645, 30.379627 ], [ -91.25757, 30.380046 ], [ -91.257878, 30.38016 ], [ -91.258355, 30.380337 ], [ -91.258846, 30.380519 ], [ -91.260037, 30.380961 ], [ -91.26032, 30.381067 ], [ -91.260812, 30.381251 ], [ -91.261107, 30.381362 ], [ -91.261958, 30.381681 ], [ -91.261984, 30.381697 ], [ -91.262009, 30.381703 ], [ -91.262252, 30.381793 ], [ -91.263887, 30.382397 ], [ -91.264959, 30.382799 ], [ -91.26658, 30.383412 ], [ -91.267061, 30.383595 ], [ -91.267083, 30.383597 ], [ -91.267109, 30.383613 ], [ -91.267153, 30.383627 ], [ -91.267977, 30.383939 ], [ -91.268015, 30.383965 ], [ -91.268063, 30.383963 ], [ -91.26818, 30.383922 ], [ -91.268322, 30.383865 ], [ -91.26834, 30.383859 ], [ -91.268371, 30.38385 ], [ -91.268656, 30.383713 ], [ -91.268795, 30.383638 ], [ -91.268923, 30.38357 ], [ -91.268986, 30.383532 ], [ -91.269015, 30.383519 ], [ -91.269199, 30.383444 ], [ -91.269215, 30.383438 ], [ -91.269507, 30.383338 ], [ -91.269532, 30.383329 ], [ -91.269552, 30.383323 ], [ -91.26969, 30.383284 ], [ -91.269736, 30.383272 ], [ -91.270046, 30.383175 ], [ -91.270093, 30.383165 ], [ -91.270128, 30.383158 ], [ -91.270172, 30.383136 ], [ -91.270197, 30.383131 ], [ -91.27023, 30.383114 ], [ -91.270255, 30.383108 ], [ -91.27035, 30.383064 ], [ -91.270376, 30.383059 ], [ -91.270393, 30.383047 ], [ -91.270509, 30.382988 ], [ -91.270536, 30.382967 ], [ -91.270575, 30.382938 ], [ -91.27061, 30.382922 ], [ -91.270852, 30.382734 ], [ -91.270953, 30.382644 ], [ -91.270984, 30.382603 ], [ -91.271019, 30.382567 ], [ -91.271124, 30.382463 ], [ -91.27114, 30.382438 ], [ -91.2712, 30.382375 ], [ -91.27127, 30.382292 ], [ -91.271341, 30.382205 ], [ -91.271391, 30.382147 ], [ -91.27146, 30.382048 ], [ -91.271467, 30.382025 ], [ -91.271486, 30.381999 ], [ -91.271492, 30.381976 ], [ -91.271524, 30.381926 ], [ -91.271587, 30.381858 ], [ -91.271599, 30.381843 ], [ -91.271739, 30.381673 ], [ -91.271803, 30.381602 ], [ -91.271879, 30.381526 ], [ -91.271977, 30.381448 ], [ -91.272056, 30.381393 ], [ -91.272076, 30.381394 ], [ -91.272107, 30.381382 ], [ -91.27214, 30.381377 ], [ -91.272286, 30.381377 ], [ -91.272558, 30.38141 ], [ -91.272647, 30.381416 ], [ -91.272675, 30.381424 ], [ -91.272761, 30.381438 ], [ -91.272837, 30.38146 ], [ -91.272879, 30.381479 ], [ -91.272907, 30.381492 ], [ -91.272945, 30.381514 ], [ -91.272977, 30.381526 ], [ -91.273103, 30.381614 ], [ -91.273167, 30.381669 ], [ -91.273199, 30.381686 ], [ -91.273217, 30.381702 ], [ -91.273344, 30.381768 ], [ -91.27337, 30.381774 ], [ -91.273522, 30.381845 ], [ -91.273547, 30.38185 ], [ -91.273611, 30.381872 ], [ -91.273722, 30.381897 ], [ -91.273804, 30.381908 ], [ -91.274213, 30.381927 ], [ -91.274267, 30.381941 ], [ -91.274321, 30.381949 ], [ -91.274372, 30.381966 ], [ -91.274493, 30.382027 ], [ -91.274518, 30.382032 ], [ -91.274613, 30.382076 ], [ -91.27473, 30.382142 ], [ -91.274942, 30.382313 ], [ -91.274981, 30.382334 ], [ -91.275076, 30.382351 ], [ -91.275097, 30.382351 ], [ -91.275165, 30.382338 ], [ -91.275238, 30.382315 ], [ -91.275305, 30.382312 ], [ -91.275348, 30.382318 ], [ -91.275406, 30.382357 ], [ -91.275501, 30.382412 ], [ -91.275583, 30.382445 ], [ -91.275634, 30.382461 ], [ -91.275691, 30.382489 ], [ -91.275916, 30.382547 ], [ -91.276128, 30.382571 ], [ -91.276173, 30.382566 ], [ -91.276268, 30.382566 ], [ -91.276436, 30.382585 ], [ -91.276591, 30.382632 ], [ -91.276674, 30.382665 ], [ -91.2767, 30.382682 ], [ -91.276731, 30.382692 ], [ -91.276807, 30.382734 ], [ -91.276865, 30.382775 ], [ -91.276991, 30.382834 ], [ -91.277099, 30.382885 ], [ -91.2772, 30.382913 ], [ -91.277321, 30.382929 ], [ -91.27747, 30.382927 ], [ -91.277588, 30.382907 ], [ -91.277669, 30.382869 ], [ -91.277784, 30.382805 ], [ -91.277917, 30.382704 ], [ -91.277987, 30.382644 ], [ -91.278158, 30.38247 ], [ -91.278177, 30.382446 ], [ -91.278259, 30.382367 ], [ -91.278298, 30.38233 ], [ -91.278349, 30.382286 ], [ -91.278422, 30.382231 ], [ -91.278526, 30.382135 ], [ -91.278603, 30.382033 ], [ -91.278683, 30.381885 ], [ -91.278723, 30.381813 ], [ -91.278756, 30.381726 ], [ -91.278787, 30.381648 ], [ -91.278819, 30.381587 ], [ -91.278837, 30.381566 ], [ -91.2789, 30.38145 ], [ -91.278958, 30.381368 ], [ -91.279069, 30.381187 ], [ -91.279155, 30.381077 ], [ -91.279225, 30.381004 ], [ -91.279288, 30.380956 ], [ -91.279376, 30.380901 ], [ -91.279465, 30.380868 ], [ -91.27956, 30.380846 ], [ -91.279678, 30.380826 ], [ -91.279706, 30.380818 ], [ -91.279862, 30.380799 ], [ -91.280088, 30.380806 ], [ -91.280185, 30.38081 ], [ -91.280252, 30.380829 ], [ -91.280455, 30.380851 ], [ -91.280493, 30.380852 ], [ -91.280592, 30.380838 ], [ -91.280639, 30.380824 ], [ -91.280725, 30.380789 ], [ -91.28038, 30.380398 ], [ -91.280245, 30.380235 ], [ -91.279484, 30.379313 ], [ -91.278889, 30.378508 ], [ -91.278601, 30.378117 ], [ -91.278449, 30.377924 ], [ -91.277861, 30.378046 ], [ -91.277297, 30.378226 ], [ -91.271654, 30.376275 ], [ -91.271278, 30.376117 ], [ -91.270151, 30.375643 ], [ -91.269776, 30.375485 ], [ -91.267168, 30.374612 ], [ -91.259346, 30.371995 ], [ -91.256739, 30.371123 ], [ -91.256698, 30.371105 ], [ -91.256575, 30.371051 ], [ -91.256534, 30.371034 ], [ -91.256524, 30.371048 ], [ -91.256485, 30.371099 ], [ -91.256473, 30.371116 ], [ -91.256436, 30.371099 ], [ -91.256326, 30.371048 ], [ -91.25629, 30.371032 ], [ -91.256346, 30.370956 ], [ -91.256516, 30.370729 ], [ -91.256573, 30.370654 ], [ -91.257294, 30.369671 ], [ -91.257439, 30.369474 ], [ -91.258022, 30.368678 ], [ -91.259292, 30.366947 ], [ -91.259448, 30.366716 ], [ -91.259724, 30.36631 ], [ -91.259983, 30.365858 ], [ -91.260073, 30.365671 ], [ -91.260224, 30.365353 ], [ -91.260309, 30.365177 ], [ -91.260463, 30.36476 ], [ -91.260585, 30.364361 ], [ -91.260689, 30.364025 ], [ -91.260743, 30.363748 ], [ -91.260831, 30.363308 ], [ -91.260866, 30.362976 ], [ -91.26087, 30.362915 ], [ -91.260893, 30.362635 ], [ -91.260894, 30.362609 ], [ -91.260908, 30.362168 ], [ -91.260912, 30.362063 ], [ -91.260883, 30.361573 ], [ -91.260845, 30.361213 ], [ -91.260792, 30.360859 ], [ -91.260779, 30.360775 ], [ -91.260753, 30.360598 ], [ -91.260684, 30.360319 ], [ -91.260533, 30.359784 ], [ -91.260437, 30.359452 ], [ -91.260072, 30.358204 ], [ -91.260066, 30.358186 ], [ -91.259911, 30.357654 ], [ -91.259796, 30.357266 ], [ -91.259709, 30.356972 ], [ -91.259565, 30.356456 ], [ -91.259459, 30.356102 ], [ -91.259344, 30.355715 ], [ -91.259258, 30.355401 ], [ -91.259245, 30.355353 ], [ -91.259136, 30.354956 ], [ -91.258982, 30.354465 ], [ -91.258886, 30.354155 ], [ -91.258877, 30.354127 ], [ -91.258869, 30.3541 ], [ -91.258821, 30.353935 ], [ -91.258806, 30.353881 ], [ -91.258767, 30.353745 ], [ -91.25865, 30.353337 ], [ -91.258611, 30.353201 ], [ -91.258501, 30.352819 ], [ -91.258172, 30.351676 ], [ -91.258095, 30.351287 ], [ -91.258072, 30.351085 ], [ -91.258027, 30.350675 ], [ -91.25802, 30.350478 ], [ -91.258014, 30.350275 ], [ -91.258001, 30.34989 ], [ -91.258019, 30.349527 ], [ -91.258026, 30.34939 ], [ -91.258112, 30.34878 ], [ -91.258227, 30.348287 ], [ -91.258443, 30.347601 ], [ -91.258554, 30.347362 ], [ -91.258872, 30.346685 ], [ -91.259161, 30.346081 ], [ -91.260031, 30.344271 ], [ -91.260126, 30.344076 ], [ -91.260224, 30.343841 ], [ -91.260287, 30.343654 ], [ -91.260412, 30.343276 ], [ -91.260417, 30.343264 ], [ -91.260496, 30.342954 ], [ -91.260533, 30.342718 ], [ -91.260569, 30.342445 ], [ -91.260596, 30.342097 ], [ -91.260607, 30.341971 ], [ -91.260602, 30.3417 ], [ -91.260591, 30.341378 ], [ -91.26059, 30.341328 ], [ -91.260583, 30.341261 ], [ -91.260559, 30.341023 ], [ -91.260484, 30.340658 ], [ -91.260429, 30.34043 ], [ -91.260422, 30.340397 ], [ -91.260319, 30.340129 ], [ -91.260276, 30.340017 ], [ -91.260147, 30.339684 ], [ -91.260105, 30.339573 ], [ -91.260092, 30.33954 ], [ -91.259856, 30.339012 ], [ -91.259596, 30.338432 ], [ -91.259154, 30.33742 ], [ -91.259113, 30.33733 ], [ -91.258859, 30.336773 ], [ -91.25868, 30.336382 ], [ -91.258573, 30.336142 ], [ -91.257732, 30.334245 ], [ -91.257714, 30.334203 ], [ -91.257527, 30.333779 ], [ -91.257452, 30.333613 ], [ -91.257379, 30.333453 ], [ -91.25716, 30.332973 ], [ -91.257088, 30.332814 ], [ -91.256911, 30.332424 ], [ -91.256847, 30.332283 ], [ -91.256321, 30.33111 ], [ -91.256138, 30.330686 ], [ -91.255909, 30.330151 ], [ -91.255857, 30.33003 ], [ -91.255701, 30.329669 ], [ -91.25565, 30.329549 ], [ -91.255051, 30.32823 ], [ -91.254905, 30.327907 ], [ -91.254089, 30.326057 ], [ -91.253652, 30.325096 ], [ -91.253283, 30.324263 ], [ -91.252811, 30.323196 ], [ -91.253029, 30.323194 ], [ -91.253043, 30.323194 ], [ -91.253228, 30.323193 ], [ -91.253396, 30.323192 ], [ -91.263035, 30.323138 ], [ -91.264834, 30.322804 ], [ -91.265066, 30.32286 ], [ -91.265289, 30.322877 ], [ -91.265522, 30.322877 ], [ -91.266037, 30.322877 ], [ -91.26844, 30.322857 ], [ -91.274021, 30.322841 ], [ -91.278589, 30.322797 ], [ -91.279661, 30.322787 ], [ -91.280014, 30.322776 ], [ -91.280392, 30.322772 ], [ -91.283944, 30.322743 ], [ -91.284823, 30.322735 ], [ -91.285736, 30.322726 ], [ -91.286111, 30.322723 ], [ -91.287719, 30.322711 ], [ -91.288815, 30.322702 ], [ -91.288947, 30.322698 ], [ -91.291013, 30.322676 ], [ -91.293121, 30.322647 ], [ -91.294826, 30.322631 ], [ -91.295696, 30.322618 ], [ -91.298267, 30.322585 ], [ -91.298487, 30.322579 ], [ -91.299974, 30.32256 ], [ -91.300526, 30.322542 ], [ -91.301433, 30.322542 ], [ -91.302093, 30.322542 ], [ -91.302415, 30.322542 ], [ -91.303038, 30.322529 ], [ -91.304318, 30.322481 ], [ -91.305617, 30.322471 ], [ -91.30714, 30.322489 ], [ -91.30792, 30.322469 ], [ -91.308502, 30.322475 ], [ -91.308767, 30.322473 ], [ -91.309974, 30.322459 ], [ -91.311285, 30.322472 ], [ -91.31135, 30.322472 ], [ -91.311487, 30.322471 ], [ -91.311609, 30.322835 ], [ -91.319184, 30.343179 ], [ -91.31974, 30.344674 ], [ -91.322388, 30.346001 ], [ -91.322878, 30.346249 ], [ -91.323645, 30.346632 ], [ -91.325266, 30.347446 ], [ -91.325402, 30.347517 ], [ -91.325604, 30.344468 ], [ -91.325694, 30.342758 ], [ -91.325737, 30.340636 ], [ -91.32595, 30.338726 ], [ -91.325986, 30.337902 ], [ -91.326055, 30.336108 ], [ -91.32624, 30.333177 ], [ -91.326313, 30.330328 ], [ -91.326018, 30.328038 ], [ -91.325456, 30.325131 ], [ -91.324583, 30.322507 ], [ -91.323701, 30.319542 ], [ -91.322681, 30.316325 ], [ -91.321653, 30.312434 ], [ -91.320373, 30.308543 ], [ -91.319285, 30.305424 ], [ -91.318486, 30.303109 ], [ -91.318106, 30.301988 ], [ -91.317212, 30.298516 ], [ -91.316327, 30.29471 ], [ -91.315344, 30.292434 ], [ -91.315095, 30.290374 ], [ -91.314648, 30.288691 ], [ -91.314139, 30.287578 ], [ -91.314167, 30.28618 ], [ -91.314705, 30.284689 ], [ -91.316019, 30.2816 ], [ -91.316535, 30.280563 ], [ -91.318298, 30.277026 ], [ -91.319508, 30.27487 ], [ -91.319918, 30.273924 ], [ -91.320473, 30.273124 ], [ -91.320903, 30.268372 ], [ -91.321289, 30.264103 ], [ -91.321029, 30.262925 ], [ -91.320937, 30.2625 ], [ -91.320736, 30.262076 ], [ -91.319897, 30.262195 ], [ -91.318392, 30.261719 ], [ -91.31678, 30.260943 ], [ -91.316734, 30.260921 ], [ -91.316158, 30.260362 ], [ -91.315185, 30.259352 ], [ -91.314389, 30.258738 ], [ -91.312538, 30.257746 ], [ -91.312212, 30.257564 ], [ -91.311082, 30.256939 ], [ -91.310751, 30.256755 ], [ -91.30954, 30.256135 ], [ -91.309255, 30.25599 ], [ -91.308531, 30.255675 ], [ -91.308222, 30.255594 ], [ -91.30713, 30.255504 ], [ -91.306829, 30.255481 ], [ -91.306227, 30.255461 ], [ -91.304255, 30.254748 ], [ -91.302237, 30.254042 ], [ -91.301579, 30.253812 ], [ -91.299416, 30.253183 ], [ -91.297593, 30.252583 ], [ -91.295624, 30.251753 ], [ -91.29522, 30.251523 ], [ -91.29296, 30.250195 ], [ -91.292036, 30.249632 ], [ -91.291003, 30.24922 ], [ -91.289431, 30.248594 ], [ -91.287915, 30.248166 ], [ -91.28738, 30.248217 ], [ -91.286622, 30.248268 ], [ -91.28653, 30.248268 ], [ -91.285255, 30.248022 ], [ -91.283777, 30.247776 ], [ -91.280968, 30.247169 ], [ -91.280635, 30.24712 ], [ -91.28034, 30.24717 ], [ -91.278917, 30.247503 ], [ -91.277771, 30.247969 ], [ -91.27633, 30.248468 ], [ -91.272082, 30.249753 ], [ -91.271988, 30.249782 ], [ -91.271267, 30.250396 ], [ -91.271027, 30.250711 ], [ -91.270916, 30.250843 ], [ -91.270732, 30.251274 ], [ -91.270695, 30.251406 ], [ -91.270621, 30.252035 ], [ -91.270732, 30.253111 ], [ -91.270713, 30.253872 ], [ -91.270565, 30.254501 ], [ -91.270214, 30.255229 ], [ -91.269623, 30.255843 ], [ -91.269238, 30.256465 ], [ -91.268928, 30.257221 ], [ -91.267761, 30.25934 ], [ -91.267224, 30.26072 ], [ -91.266964, 30.262988 ], [ -91.266075, 30.264016 ], [ -91.264408, 30.265792 ], [ -91.263, 30.267649 ], [ -91.262389, 30.26885 ], [ -91.262298, 30.269008 ], [ -91.262009, 30.269596 ], [ -91.261849, 30.26942 ], [ -91.261531, 30.269072 ], [ -91.257909, 30.265075 ], [ -91.256467, 30.263496 ], [ -91.252621, 30.266177 ], [ -91.25379, 30.267545 ], [ -91.255694, 30.26966 ], [ -91.257567, 30.271254 ], [ -91.25752, 30.271309 ], [ -91.257043, 30.271958 ], [ -91.256657, 30.272216 ], [ -91.254854, 30.273428 ], [ -91.253562, 30.273622 ], [ -91.250444, 30.275382 ], [ -91.25021, 30.275705 ], [ -91.248431, 30.276649 ], [ -91.247642, 30.275673 ], [ -91.247479, 30.27552 ], [ -91.247232, 30.275337 ], [ -91.24712, 30.275246 ], [ -91.246889, 30.275044 ], [ -91.246613, 30.274745 ], [ -91.246002, 30.274056 ], [ -91.245763, 30.27379 ], [ -91.245384, 30.273366 ], [ -91.244906, 30.272819 ], [ -91.244781, 30.272686 ], [ -91.244594, 30.272483 ], [ -91.244531, 30.27244 ], [ -91.244496, 30.272444 ], [ -91.244452, 30.272449 ], [ -91.2442, 30.272631 ], [ -91.243869, 30.272833 ], [ -91.243537, 30.273077 ], [ -91.2435, 30.273102 ], [ -91.243348, 30.272957 ], [ -91.243274, 30.272887 ], [ -91.241929, 30.271569 ], [ -91.241743, 30.271395 ], [ -91.241657, 30.271315 ], [ -91.241464, 30.271135 ], [ -91.241381, 30.271058 ], [ -91.241152, 30.271206 ], [ -91.240786, 30.271483 ], [ -91.240704, 30.271394 ], [ -91.240409, 30.271622 ], [ -91.239671, 30.272194 ], [ -91.239538, 30.27207 ], [ -91.239277, 30.271825 ], [ -91.239075, 30.271601 ], [ -91.238741, 30.271295 ], [ -91.238205, 30.270802 ], [ -91.238246, 30.270767 ], [ -91.23844, 30.270606 ], [ -91.23793, 30.27011 ], [ -91.238646, 30.269505 ], [ -91.238727, 30.269438 ], [ -91.239093, 30.269129 ], [ -91.239277, 30.268972 ], [ -91.239561, 30.268734 ], [ -91.237962, 30.26718 ], [ -91.227455, 30.275908 ], [ -91.225567, 30.272663 ], [ -91.225421, 30.272409 ], [ -91.225075, 30.27274 ], [ -91.225066, 30.272809 ], [ -91.225013, 30.272863 ], [ -91.224667, 30.273158 ], [ -91.224567, 30.273251 ], [ -91.22435, 30.273448 ], [ -91.223998, 30.273733 ], [ -91.223479, 30.274182 ], [ -91.223193, 30.274373 ], [ -91.222872, 30.273142 ], [ -91.222581, 30.272166 ], [ -91.222357, 30.271459 ], [ -91.222204, 30.270911 ], [ -91.221949, 30.270106 ], [ -91.221836, 30.2697 ], [ -91.221784, 30.269574 ], [ -91.221498, 30.268683 ], [ -91.221475, 30.268587 ], [ -91.221269, 30.26795 ], [ -91.221142, 30.267543 ], [ -91.221063, 30.267325 ], [ -91.22095, 30.26691 ], [ -91.220468, 30.265284 ], [ -91.220324, 30.264881 ], [ -91.220165, 30.264487 ], [ -91.220032, 30.264187 ], [ -91.219866, 30.263838 ], [ -91.219704, 30.263446 ], [ -91.219358, 30.262812 ], [ -91.219292, 30.26269 ], [ -91.219074, 30.262317 ], [ -91.218803, 30.261879 ], [ -91.218698, 30.261752 ], [ -91.21843, 30.261318 ], [ -91.21755, 30.259951 ], [ -91.217439, 30.259758 ], [ -91.217135, 30.259416 ], [ -91.21706, 30.25933 ], [ -91.217031, 30.259298 ], [ -91.216082, 30.257977 ], [ -91.215232, 30.256694 ], [ -91.214142, 30.254934 ], [ -91.210458, 30.248988 ], [ -91.208709, 30.246164 ], [ -91.208224, 30.245381 ], [ -91.204134, 30.238768 ], [ -91.203942, 30.238481 ], [ -91.203883, 30.238371 ], [ -91.203863, 30.238334 ], [ -91.203555, 30.237834 ], [ -91.202926, 30.236815 ], [ -91.202956, 30.236693 ], [ -91.203091, 30.236562 ], [ -91.203384, 30.236265 ], [ -91.203806, 30.236059 ], [ -91.203975, 30.236041 ], [ -91.203453, 30.235151 ], [ -91.199304, 30.228065 ], [ -91.195999, 30.222421 ], [ -91.188694, 30.210324 ], [ -91.185465, 30.205342 ], [ -91.183238, 30.201629 ], [ -91.182697, 30.20073 ], [ -91.179607, 30.195498 ], [ -91.177185, 30.191468 ], [ -91.175484, 30.188617 ], [ -91.174448, 30.186907 ], [ -91.173914, 30.186034 ], [ -91.173089, 30.184845 ], [ -91.172563, 30.18413 ], [ -91.170173, 30.181416 ], [ -91.169007, 30.180339 ], [ -91.170169, 30.179595 ], [ -91.174165, 30.177038 ], [ -91.171741, 30.174454 ], [ -91.170964, 30.173624 ], [ -91.169048, 30.171592 ], [ -91.168383, 30.170886 ], [ -91.168026, 30.170506 ], [ -91.167916, 30.170415 ], [ -91.163988, 30.167157 ], [ -91.161789, 30.169928 ], [ -91.161261, 30.169584 ], [ -91.160655, 30.169469 ], [ -91.159732, 30.169057 ], [ -91.159363, 30.168965 ], [ -91.157722, 30.168162 ], [ -91.157663, 30.168247 ], [ -91.157051, 30.169222 ], [ -91.155148, 30.172251 ], [ -91.154127, 30.171989 ], [ -91.154431, 30.171461 ], [ -91.156112, 30.166524 ], [ -91.15649, 30.165413 ], [ -91.156745, 30.164705 ], [ -91.157572, 30.162411 ], [ -91.157598, 30.162251 ], [ -91.157677, 30.162136 ], [ -91.157735, 30.16197 ], [ -91.158786, 30.158951 ], [ -91.159208, 30.157897 ], [ -91.159233, 30.157765 ], [ -91.159261, 30.157622 ], [ -91.161679, 30.150694 ], [ -91.162612, 30.148022 ], [ -91.163685, 30.14503 ], [ -91.165118, 30.141034 ], [ -91.165593, 30.139888 ], [ -91.165567, 30.139407 ], [ -91.165514, 30.138697 ], [ -91.165304, 30.137643 ], [ -91.165198, 30.137459 ], [ -91.165198, 30.136795 ], [ -91.165188, 30.136732 ], [ -91.165146, 30.136703 ], [ -91.161244, 30.135969 ], [ -91.161297, 30.134732 ], [ -91.161025, 30.134416 ], [ -91.160981, 30.134434 ], [ -91.160691, 30.134732 ], [ -91.160084, 30.136038 ], [ -91.158731, 30.137631 ], [ -91.158611, 30.137913 ], [ -91.158501, 30.138162 ], [ -91.157523, 30.140404 ], [ -91.156766, 30.142178 ], [ -91.156685, 30.142389 ], [ -91.156298, 30.143273 ], [ -91.156134, 30.143649 ], [ -91.155878, 30.144318 ], [ -91.155395, 30.145661 ], [ -91.155246, 30.14613 ], [ -91.155199, 30.14628 ], [ -91.155059, 30.146616 ], [ -91.15418, 30.149091 ], [ -91.15166, 30.15619 ], [ -91.151437, 30.156815 ], [ -91.151084, 30.156499 ], [ -91.148841, 30.154667 ], [ -91.145848, 30.152223 ], [ -91.143591, 30.150381 ], [ -91.143322, 30.15214 ], [ -91.143072, 30.153793 ], [ -91.141524, 30.16429 ], [ -91.140579, 30.168005 ], [ -91.140575, 30.168078 ], [ -91.140535, 30.168215 ], [ -91.138345, 30.167453 ], [ -91.137132, 30.166922 ], [ -91.135247, 30.166023 ], [ -91.133447, 30.165035 ], [ -91.129416, 30.162809 ], [ -91.127092, 30.161513 ], [ -91.124373, 30.160026 ], [ -91.122489, 30.158976 ], [ -91.118572, 30.156825 ], [ -91.116022, 30.15542 ], [ -91.115146, 30.154926 ], [ -91.113297, 30.153933 ], [ -91.105442, 30.149606 ], [ -91.098581, 30.145829 ], [ -91.092954, 30.142717 ], [ -91.090251, 30.141205 ], [ -91.090097, 30.14111 ], [ -91.090115, 30.138168 ], [ -91.090109, 30.137601 ], [ -91.090097, 30.135606 ], [ -91.090094, 30.134781 ], [ -91.090074, 30.129654 ], [ -91.090062, 30.126363 ], [ -91.090057, 30.125245 ], [ -91.090049, 30.124716 ], [ -91.089984, 30.120872 ], [ -91.089981, 30.120694 ], [ -91.089934, 30.117948 ], [ -91.089877, 30.11455 ], [ -91.089849, 30.113075 ], [ -91.089922, 30.112862 ], [ -91.089922, 30.112799 ], [ -91.089886, 30.110778 ], [ -91.089852, 30.109443 ], [ -91.089834, 30.1087 ], [ -91.090042, 30.108698 ], [ -91.091812, 30.108679 ], [ -91.09348, 30.10866 ], [ -91.095029, 30.108643 ], [ -91.098101, 30.10861 ], [ -91.098187, 30.108609 ], [ -91.106559, 30.108519 ], [ -91.106554, 30.108098 ], [ -91.106524, 30.105709 ], [ -91.106405, 30.095968 ], [ -91.106397, 30.09467 ], [ -91.106382, 30.094159 ], [ -91.106346, 30.091171 ], [ -91.106345, 30.091125 ], [ -91.106341, 30.090732 ], [ -91.106262, 30.08436 ], [ -91.106228, 30.081575 ], [ -91.106124, 30.073098 ], [ -91.106115, 30.072395 ], [ -91.106104, 30.071454 ], [ -91.106005, 30.063384 ], [ -91.105997, 30.062749 ], [ -91.104862, 30.06275 ], [ -91.104617, 30.06275 ], [ -91.089108, 30.062802 ], [ -91.088989, 30.062803 ], [ -91.089088, 30.068094 ], [ -91.089111, 30.069253 ], [ -91.089184, 30.073128 ], [ -91.089212, 30.074692 ], [ -91.089244, 30.076314 ], [ -91.089248, 30.076596 ], [ -91.089253, 30.076797 ], [ -91.088116, 30.07683 ], [ -91.081049, 30.077094 ], [ -91.078244, 30.077196 ], [ -91.076783, 30.079047 ], [ -91.076313, 30.079642 ], [ -91.074654, 30.081744 ], [ -91.071597, 30.079932 ], [ -91.07103, 30.079596 ], [ -91.07055, 30.079311 ], [ -91.063841, 30.075334 ], [ -91.060562, 30.07339 ], [ -91.055879, 30.070613 ], [ -91.055825, 30.070581 ], [ -91.053723, 30.071845 ], [ -91.052593, 30.072525 ], [ -91.051022, 30.071795 ], [ -91.04581, 30.072708 ], [ -91.027277, 30.075951 ], [ -91.026393, 30.076105 ], [ -91.02636, 30.075943 ], [ -91.026167, 30.074921 ], [ -91.026141, 30.0746 ], [ -91.025384, 30.074766 ], [ -91.023649, 30.075153 ], [ -91.020861, 30.075774 ], [ -91.00983, 30.078233 ], [ -91.008093, 30.078557 ], [ -91.005748, 30.079106 ], [ -91.005211, 30.078574 ], [ -91.000826, 30.074122 ], [ -91.000678, 30.073971 ], [ -91.00055, 30.073841 ], [ -91.000153, 30.073629 ], [ -90.998476, 30.072708 ], [ -90.995834, 30.071257 ], [ -90.993226, 30.069824 ], [ -90.990959, 30.068579 ], [ -90.985062, 30.065338 ], [ -90.984709, 30.065143 ], [ -90.980581, 30.065186 ], [ -90.973908, 30.065258 ], [ -90.973615, 30.065261 ], [ -90.9732, 30.065266 ], [ -90.971385, 30.065285 ], [ -90.970974, 30.06529 ], [ -90.965977, 30.065343 ], [ -90.965925, 30.06535 ], [ -90.963745, 30.066831 ], [ -90.963755, 30.066406 ], [ -90.963652, 30.058495 ], [ -90.963648, 30.058156 ], [ -90.963643, 30.057721 ], [ -90.963537, 30.049628 ], [ -90.963432, 30.041554 ], [ -90.963357, 30.035783 ], [ -90.962467, 30.035799 ], [ -90.959579, 30.035841 ], [ -90.956096, 30.035893 ], [ -90.955057, 30.035909 ], [ -90.954621, 30.035916 ], [ -90.954228, 30.035922 ], [ -90.95321, 30.035937 ], [ -90.946373, 30.036042 ], [ -90.946368, 30.029822 ], [ -90.946362, 30.025835 ], [ -90.946342, 30.013629 ], [ -90.946325, 30.001307 ], [ -90.946325, 30.000957 ], [ -90.94631, 29.99001 ], [ -90.946294, 29.977932 ], [ -90.946092, 29.977936 ], [ -90.942965, 29.977989 ], [ -90.9397, 29.978042 ], [ -90.926076, 29.978266 ], [ -90.925073, 29.978282 ], [ -90.92105, 29.978348 ], [ -90.916595, 29.978421 ], [ -90.912002, 29.978497 ], [ -90.911804, 29.9785 ], [ -90.911802, 29.973309 ], [ -90.911792, 29.953909 ], [ -90.911791, 29.952145 ], [ -90.911791, 29.951356 ], [ -90.911791, 29.950732 ], [ -90.91179, 29.950046 ], [ -90.911784, 29.935072 ], [ -90.911373, 29.935081 ], [ -90.903282, 29.935263 ], [ -90.895156, 29.935447 ], [ -90.886706, 29.935638 ], [ -90.886306, 29.935647 ], [ -90.886306, 29.935624 ], [ -90.886096, 29.924235 ], [ -90.886086, 29.923702 ], [ -90.886084, 29.923581 ], [ -90.88594, 29.915572 ], [ -90.885841, 29.910381 ], [ -90.885833, 29.909901 ], [ -90.885752, 29.905502 ], [ -90.885749, 29.905348 ], [ -90.884561, 29.905387 ], [ -90.88387, 29.90541 ], [ -90.882311, 29.905461 ], [ -90.875083, 29.905702 ], [ -90.872479, 29.905755 ], [ -90.869201, 29.905822 ], [ -90.867626, 29.905853 ], [ -90.862902, 29.905947 ], [ -90.861328, 29.905979 ], [ -90.859865, 29.906007 ], [ -90.84296, 29.906366 ], [ -90.832437, 29.906589 ], [ -90.822602, 29.906797 ], [ -90.819966, 29.906853 ], [ -90.81884, 29.906877 ], [ -90.795603, 29.90737 ], [ -90.795444, 29.907373 ], [ -90.785427, 29.907585 ], [ -90.785465, 29.909154 ], [ -90.785507, 29.910878 ], [ -90.785517, 29.911312 ], [ -90.785759, 29.921423 ], [ -90.785765, 29.921694 ], [ -90.784124, 29.921767 ], [ -90.784107, 29.921768 ], [ -90.7787, 29.922007 ], [ -90.778348, 29.921671 ], [ -90.778281, 29.921607 ], [ -90.77822, 29.921548 ], [ -90.77804, 29.92122 ], [ -90.777955, 29.921062 ], [ -90.777934, 29.921024 ], [ -90.777904, 29.920969 ], [ -90.777887, 29.920936 ], [ -90.77785, 29.920823 ], [ -90.777816, 29.920721 ], [ -90.777805, 29.920687 ], [ -90.777767, 29.920573 ], [ -90.777553, 29.919921 ], [ -90.777094, 29.919249 ], [ -90.776632, 29.918581 ], [ -90.775957, 29.918031 ], [ -90.775231, 29.917449 ], [ -90.77349, 29.9173 ], [ -90.772215, 29.916778 ], [ -90.770401, 29.916531 ], [ -90.77034, 29.916523 ], [ -90.770136, 29.916495 ], [ -90.770026, 29.91648 ], [ -90.76997, 29.916472 ], [ -90.769918, 29.916465 ], [ -90.769872, 29.91645 ], [ -90.769837, 29.916438 ], [ -90.769801, 29.916426 ], [ -90.76975, 29.916409 ], [ -90.769664, 29.91638 ], [ -90.768507, 29.915989 ], [ -90.76776, 29.915781 ], [ -90.767233, 29.915634 ], [ -90.767016, 29.915551 ], [ -90.766059, 29.915186 ], [ -90.764477, 29.914627 ], [ -90.763483, 29.914004 ], [ -90.762945, 29.913648 ], [ -90.762892, 29.913613 ], [ -90.762626, 29.91345 ], [ -90.762491, 29.913386 ], [ -90.761965, 29.913134 ], [ -90.761032, 29.912982 ], [ -90.759992, 29.912842 ], [ -90.758804, 29.912844 ], [ -90.758071, 29.912966 ], [ -90.75762, 29.912851 ], [ -90.757123, 29.912524 ], [ -90.757054, 29.912479 ], [ -90.756951, 29.912411 ], [ -90.756924, 29.912393 ], [ -90.756787, 29.912276 ], [ -90.75675, 29.912243 ], [ -90.756647, 29.912152 ], [ -90.756482, 29.912005 ], [ -90.756309, 29.911851 ], [ -90.75622, 29.911773 ], [ -90.756171, 29.911729 ], [ -90.755997, 29.911575 ], [ -90.754347, 29.910637 ], [ -90.753539, 29.910086 ], [ -90.752309, 29.909321 ], [ -90.750507, 29.908376 ], [ -90.749463, 29.907889 ], [ -90.748252, 29.907398 ], [ -90.747146, 29.906993 ], [ -90.745837, 29.906626 ], [ -90.744744, 29.906247 ], [ -90.743956, 29.905943 ], [ -90.743034, 29.90564 ], [ -90.742193, 29.905328 ], [ -90.741265, 29.904944 ], [ -90.741135, 29.90489 ], [ -90.7408, 29.904786 ], [ -90.740576, 29.904717 ], [ -90.739842, 29.90449 ], [ -90.738939, 29.904461 ], [ -90.737518, 29.90441 ], [ -90.736517, 29.904498 ], [ -90.735536, 29.904754 ], [ -90.734637, 29.905108 ], [ -90.733656, 29.905429 ], [ -90.732705, 29.905506 ], [ -90.732119, 29.905322 ], [ -90.731854, 29.905237 ], [ -90.731797, 29.90522 ], [ -90.731146, 29.905048 ], [ -90.730326, 29.905037 ], [ -90.729527, 29.905402 ], [ -90.729214, 29.905624 ], [ -90.728916, 29.905958 ], [ -90.728629, 29.906186 ], [ -90.728586, 29.906138 ], [ -90.728567, 29.906067 ], [ -90.728473, 29.905995 ], [ -90.728309, 29.906111 ], [ -90.728157, 29.90616 ], [ -90.727936, 29.906122 ], [ -90.727879, 29.90611 ], [ -90.727633, 29.906061 ], [ -90.727286, 29.906039 ], [ -90.726643, 29.906045 ], [ -90.726068, 29.906117 ], [ -90.725469, 29.906271 ], [ -90.725451, 29.906277 ], [ -90.724775, 29.90654 ], [ -90.72444, 29.906711 ], [ -90.724131, 29.906722 ], [ -90.723734, 29.906772 ], [ -90.723456, 29.906882 ], [ -90.72341, 29.906908 ], [ -90.723273, 29.906988 ], [ -90.723224, 29.907007 ], [ -90.723191, 29.906991 ], [ -90.723045, 29.906864 ], [ -90.722799, 29.90662 ], [ -90.722486, 29.906286 ], [ -90.722255, 29.90608 ], [ -90.722165, 29.906007 ], [ -90.72207, 29.905937 ], [ -90.721954, 29.905834 ], [ -90.721929, 29.905806 ], [ -90.72187, 29.90571 ], [ -90.721829, 29.905609 ], [ -90.721782, 29.905509 ], [ -90.721579, 29.905237 ], [ -90.721505, 29.905108 ], [ -90.72138, 29.904922 ], [ -90.721301, 29.904838 ], [ -90.721269, 29.904815 ], [ -90.721164, 29.904758 ], [ -90.720778, 29.904628 ], [ -90.720591, 29.904549 ], [ -90.720317, 29.904425 ], [ -90.720077, 29.904316 ], [ -90.719938, 29.904239 ], [ -90.71953, 29.903934 ], [ -90.719055, 29.903533 ], [ -90.718894, 29.903403 ], [ -90.718859, 29.903375 ], [ -90.718661, 29.903214 ], [ -90.718408, 29.902976 ], [ -90.718276, 29.902839 ], [ -90.717851, 29.902352 ], [ -90.717842, 29.902345 ], [ -90.717869, 29.902316 ], [ -90.717952, 29.902232 ], [ -90.71798, 29.902204 ], [ -90.717939, 29.902083 ], [ -90.717932, 29.901885 ], [ -90.717983, 29.90161 ], [ -90.717871, 29.901139 ], [ -90.717773, 29.900727 ], [ -90.717724, 29.900522 ], [ -90.717717, 29.900362 ], [ -90.717749, 29.900164 ], [ -90.717774, 29.89995 ], [ -90.717768, 29.899719 ], [ -90.71778, 29.899361 ], [ -90.717827, 29.899066 ], [ -90.717856, 29.898883 ], [ -90.717799, 29.898537 ], [ -90.71778, 29.898064 ], [ -90.717808, 29.897906 ], [ -90.718001, 29.897734 ], [ -90.717994, 29.897591 ], [ -90.718013, 29.897476 ], [ -90.718045, 29.897371 ], [ -90.717868, 29.897058 ], [ -90.717809, 29.896975 ], [ -90.717634, 29.896728 ], [ -90.71747, 29.896678 ], [ -90.717344, 29.8967 ], [ -90.717218, 29.896678 ], [ -90.717136, 29.896596 ], [ -90.717054, 29.896558 ], [ -90.716835, 29.896604 ], [ -90.71677, 29.896618 ], [ -90.71552, 29.896651 ], [ -90.715192, 29.896602 ], [ -90.715114, 29.896601 ], [ -90.714542, 29.896597 ], [ -90.713886, 29.896536 ], [ -90.713363, 29.89655 ], [ -90.713261, 29.896553 ], [ -90.712624, 29.89652 ], [ -90.712204, 29.896531 ], [ -90.711989, 29.896536 ], [ -90.711759, 29.896542 ], [ -90.711412, 29.896625 ], [ -90.711359, 29.896641 ], [ -90.711155, 29.896707 ], [ -90.710562, 29.896822 ], [ -90.709878, 29.896954 ], [ -90.709531, 29.897021 ], [ -90.709423, 29.897052 ], [ -90.709295, 29.897092 ], [ -90.709172, 29.897164 ], [ -90.709135, 29.897462 ], [ -90.709173, 29.897604 ], [ -90.709229, 29.897697 ], [ -90.709291, 29.897829 ], [ -90.709583, 29.89845 ], [ -90.709778, 29.89889 ], [ -90.709861, 29.899242 ], [ -90.709917, 29.899616 ], [ -90.709892, 29.900061 ], [ -90.709905, 29.900606 ], [ -90.709735, 29.901106 ], [ -90.709668, 29.901307 ], [ -90.709514, 29.901777 ], [ -90.709356, 29.902085 ], [ -90.709205, 29.902261 ], [ -90.709104, 29.902294 ], [ -90.70907, 29.902295 ], [ -90.70909, 29.90233 ], [ -90.709119, 29.90238 ], [ -90.709152, 29.902436 ], [ -90.709174, 29.902471 ], [ -90.709131, 29.902474 ], [ -90.709091, 29.902472 ], [ -90.709007, 29.90247 ], [ -90.708884, 29.902485 ], [ -90.708842, 29.902487 ], [ -90.70876, 29.902492 ], [ -90.70868, 29.902454 ], [ -90.708614, 29.902412 ], [ -90.708482, 29.902273 ], [ -90.70839, 29.902112 ], [ -90.708318, 29.901997 ], [ -90.708272, 29.901922 ], [ -90.708095, 29.901679 ], [ -90.707952, 29.901503 ], [ -90.707845, 29.901393 ], [ -90.707698, 29.901266 ], [ -90.70757, 29.901175 ], [ -90.707431, 29.901097 ], [ -90.70728, 29.901038 ], [ -90.707041, 29.900981 ], [ -90.706712, 29.900959 ], [ -90.706691, 29.900959 ], [ -90.706463, 29.90096 ], [ -90.706177, 29.900988 ], [ -90.706022, 29.901038 ], [ -90.70588, 29.901081 ], [ -90.705866, 29.901086 ], [ -90.705829, 29.901103 ], [ -90.705502, 29.901311 ], [ -90.705378, 29.901391 ], [ -90.705062, 29.901593 ], [ -90.704936, 29.901685 ], [ -90.704474, 29.901989 ], [ -90.704264, 29.902135 ], [ -90.704217, 29.902169 ], [ -90.704156, 29.902217 ], [ -90.704059, 29.902285 ], [ -90.703683, 29.902508 ], [ -90.70339, 29.902639 ], [ -90.703049, 29.90277 ], [ -90.702662, 29.902896 ], [ -90.702591, 29.902932 ], [ -90.70186, 29.903265 ], [ -90.701745, 29.903305 ], [ -90.701469, 29.90338 ], [ -90.701227, 29.903426 ], [ -90.701104, 29.903439 ], [ -90.700815, 29.903451 ], [ -90.700733, 29.903443 ], [ -90.700528, 29.903431 ], [ -90.700241, 29.903404 ], [ -90.699793, 29.90334 ], [ -90.699514, 29.903274 ], [ -90.699279, 29.903205 ], [ -90.699217, 29.903179 ], [ -90.699093, 29.903126 ], [ -90.699017, 29.903099 ], [ -90.69887, 29.903031 ], [ -90.698868, 29.902983 ], [ -90.698863, 29.902935 ], [ -90.698854, 29.9029 ], [ -90.698814, 29.902798 ], [ -90.698798, 29.902728 ], [ -90.698566, 29.902352 ], [ -90.698375, 29.901922 ], [ -90.698312, 29.90179 ], [ -90.698193, 29.90149 ], [ -90.698172, 29.901421 ], [ -90.698144, 29.901356 ], [ -90.698014, 29.900949 ], [ -90.697974, 29.900889 ], [ -90.697968, 29.900854 ], [ -90.697945, 29.900825 ], [ -90.697929, 29.900794 ], [ -90.697919, 29.90076 ], [ -90.697883, 29.900699 ], [ -90.697869, 29.900666 ], [ -90.69783, 29.900606 ], [ -90.697749, 29.900524 ], [ -90.697691, 29.900475 ], [ -90.697658, 29.900455 ], [ -90.697585, 29.900423 ], [ -90.697474, 29.900381 ], [ -90.697433, 29.900376 ], [ -90.697354, 29.900375 ], [ -90.697233, 29.900366 ], [ -90.697193, 29.900359 ], [ -90.69703, 29.900358 ], [ -90.69695, 29.900373 ], [ -90.696829, 29.90039 ], [ -90.696789, 29.9004 ], [ -90.696714, 29.90043 ], [ -90.696534, 29.900517 ], [ -90.69638, 29.900634 ], [ -90.696297, 29.900714 ], [ -90.696219, 29.900797 ], [ -90.696101, 29.900943 ], [ -90.695953, 29.901159 ], [ -90.695917, 29.901223 ], [ -90.695842, 29.90139 ], [ -90.695745, 29.901506 ], [ -90.695734, 29.90154 ], [ -90.695702, 29.90168 ], [ -90.695648, 29.901815 ], [ -90.695621, 29.901921 ], [ -90.695609, 29.901955 ], [ -90.69547, 29.902009 ], [ -90.695396, 29.902107 ], [ -90.695297, 29.902234 ], [ -90.695279, 29.902266 ], [ -90.695184, 29.902383 ], [ -90.695155, 29.902409 ], [ -90.69494, 29.902576 ], [ -90.694461, 29.902912 ], [ -90.694335, 29.903005 ], [ -90.694111, 29.903161 ], [ -90.693509, 29.903535 ], [ -90.69306, 29.90378 ], [ -90.692945, 29.903833 ], [ -90.692446, 29.904027 ], [ -90.69242, 29.904038 ], [ -90.692269, 29.904093 ], [ -90.691883, 29.904216 ], [ -90.691469, 29.90437 ], [ -90.691133, 29.904503 ], [ -90.69106, 29.904535 ], [ -90.690681, 29.904672 ], [ -90.690582, 29.904714 ], [ -90.690423, 29.904783 ], [ -90.69031, 29.904826 ], [ -90.69027, 29.904836 ], [ -90.690195, 29.904865 ], [ -90.690155, 29.904873 ], [ -90.690113, 29.904875 ], [ -90.690032, 29.904864 ], [ -90.689956, 29.904835 ], [ -90.689912, 29.904783 ], [ -90.689892, 29.904752 ], [ -90.689865, 29.904683 ], [ -90.689845, 29.904614 ], [ -90.689842, 29.904578 ], [ -90.689849, 29.904435 ], [ -90.689846, 29.904399 ], [ -90.689801, 29.90415 ], [ -90.689779, 29.904081 ], [ -90.68975, 29.904015 ], [ -90.689683, 29.903924 ], [ -90.689655, 29.903898 ], [ -90.689533, 29.903802 ], [ -90.689367, 29.903695 ], [ -90.689152, 29.903589 ], [ -90.689072, 29.903567 ], [ -90.688994, 29.903547 ], [ -90.688727, 29.903451 ], [ -90.688687, 29.903442 ], [ -90.688671, 29.90344 ], [ -90.688645, 29.903438 ], [ -90.688604, 29.903439 ], [ -90.688523, 29.903455 ], [ -90.688484, 29.903468 ], [ -90.68844, 29.903407 ], [ -90.688414, 29.903379 ], [ -90.688328, 29.903301 ], [ -90.688295, 29.90328 ], [ -90.688075, 29.903181 ], [ -90.688047, 29.903163 ], [ -90.688008, 29.903138 ], [ -90.688001, 29.903031 ], [ -90.688002, 29.903002 ], [ -90.688007, 29.902887 ], [ -90.688025, 29.902817 ], [ -90.688051, 29.90275 ], [ -90.688067, 29.902679 ], [ -90.688075, 29.902624 ], [ -90.688088, 29.902537 ], [ -90.688221, 29.902049 ], [ -90.688347, 29.901671 ], [ -90.688374, 29.901603 ], [ -90.688404, 29.901511 ], [ -90.688408, 29.9015 ], [ -90.688455, 29.901287 ], [ -90.68846, 29.901233 ], [ -90.688523, 29.901186 ], [ -90.68854, 29.901168 ], [ -90.688576, 29.901131 ], [ -90.688612, 29.901066 ], [ -90.688624, 29.901031 ], [ -90.688659, 29.900799 ], [ -90.688668, 29.900748 ], [ -90.688671, 29.900676 ], [ -90.688702, 29.900499 ], [ -90.688702, 29.90039 ], [ -90.688693, 29.900358 ], [ -90.68866, 29.900335 ], [ -90.688632, 29.900308 ], [ -90.688565, 29.900218 ], [ -90.688551, 29.900184 ], [ -90.688497, 29.899974 ], [ -90.688474, 29.899905 ], [ -90.688377, 29.899695 ], [ -90.688304, 29.899538 ], [ -90.688293, 29.899467 ], [ -90.688294, 29.899359 ], [ -90.688299, 29.89932 ], [ -90.688251, 29.899226 ], [ -90.688232, 29.899156 ], [ -90.688148, 29.899076 ], [ -90.688056, 29.899003 ], [ -90.687921, 29.898921 ], [ -90.687808, 29.898876 ], [ -90.687536, 29.898787 ], [ -90.687294, 29.898739 ], [ -90.686843, 29.898688 ], [ -90.686678, 29.898678 ], [ -90.686455, 29.89869 ], [ -90.686183, 29.898705 ], [ -90.685773, 29.898745 ], [ -90.685607, 29.898749 ], [ -90.685525, 29.898746 ], [ -90.685196, 29.898721 ], [ -90.684788, 29.898659 ], [ -90.684194, 29.898505 ], [ -90.68412, 29.898473 ], [ -90.68398, 29.898396 ], [ -90.683886, 29.898326 ], [ -90.683832, 29.898272 ], [ -90.683678, 29.898058 ], [ -90.68353, 29.897761 ], [ -90.683456, 29.897593 ], [ -90.683438, 29.89756 ], [ -90.68331, 29.897375 ], [ -90.68295, 29.896981 ], [ -90.68278, 29.896778 ], [ -90.682674, 29.896667 ], [ -90.682468, 29.896491 ], [ -90.682324, 29.896361 ], [ -90.682077, 29.896119 ], [ -90.682011, 29.896027 ], [ -90.68185, 29.895735 ], [ -90.681735, 29.895544 ], [ -90.681601, 29.895321 ], [ -90.681496, 29.895125 ], [ -90.681328, 29.894796 ], [ -90.681219, 29.894524 ], [ -90.681149, 29.894394 ], [ -90.681102, 29.894294 ], [ -90.68109, 29.894259 ], [ -90.681013, 29.893833 ], [ -90.680997, 29.893726 ], [ -90.680997, 29.89369 ], [ -90.681004, 29.893642 ], [ -90.681007, 29.893624 ], [ -90.680992, 29.893591 ], [ -90.680948, 29.893451 ], [ -90.680855, 29.892918 ], [ -90.680841, 29.892877 ], [ -90.680799, 29.892782 ], [ -90.680691, 29.892588 ], [ -90.680667, 29.892559 ], [ -90.680637, 29.892534 ], [ -90.680601, 29.892516 ], [ -90.680444, 29.89247 ], [ -90.680403, 29.892464 ], [ -90.680155, 29.892451 ], [ -90.680073, 29.892458 ], [ -90.67991, 29.892484 ], [ -90.679399, 29.892629 ], [ -90.67924, 29.892666 ], [ -90.678958, 29.892724 ], [ -90.67873, 29.892758 ], [ -90.678429, 29.892805 ], [ -90.678058, 29.892826 ], [ -90.67795, 29.892809 ], [ -90.677784, 29.892866 ], [ -90.677702, 29.892876 ], [ -90.677578, 29.892872 ], [ -90.677496, 29.892864 ], [ -90.677325, 29.892883 ], [ -90.677004, 29.892918 ], [ -90.676963, 29.892919 ], [ -90.676932, 29.892915 ], [ -90.676798, 29.892901 ], [ -90.676717, 29.892888 ], [ -90.676678, 29.892876 ], [ -90.676616, 29.892907 ], [ -90.676538, 29.892931 ], [ -90.676168, 29.892974 ], [ -90.676003, 29.892969 ], [ -90.675966, 29.892968 ], [ -90.675673, 29.892965 ], [ -90.675549, 29.892959 ], [ -90.675221, 29.892923 ], [ -90.674978, 29.892879 ], [ -90.674858, 29.892853 ], [ -90.674702, 29.892805 ], [ -90.674551, 29.892745 ], [ -90.674515, 29.892727 ], [ -90.674194, 29.892501 ], [ -90.673954, 29.892321 ], [ -90.673911, 29.892289 ], [ -90.673578, 29.892019 ], [ -90.673545, 29.891997 ], [ -90.673474, 29.891961 ], [ -90.673356, 29.891925 ], [ -90.673203, 29.891714 ], [ -90.673196, 29.891703 ], [ -90.673044, 29.891461 ], [ -90.672973, 29.891373 ], [ -90.672891, 29.891207 ], [ -90.672834, 29.891111 ], [ -90.67275, 29.891023 ], [ -90.672649, 29.890917 ], [ -90.672606, 29.890855 ], [ -90.672584, 29.890827 ], [ -90.672571, 29.890822 ], [ -90.672507, 29.890799 ], [ -90.67233, 29.890706 ], [ -90.672267, 29.890659 ], [ -90.672254, 29.890645 ], [ -90.672214, 29.890604 ], [ -90.672069, 29.890476 ], [ -90.671822, 29.890289 ], [ -90.671718, 29.890225 ], [ -90.671572, 29.890157 ], [ -90.671331, 29.890091 ], [ -90.671132, 29.890062 ], [ -90.671092, 29.890053 ], [ -90.670978, 29.89001 ], [ -90.670862, 29.890012 ], [ -90.670697, 29.890007 ], [ -90.670289, 29.889957 ], [ -90.670001, 29.889938 ], [ -90.669837, 29.889916 ], [ -90.669597, 29.889864 ], [ -90.669519, 29.889841 ], [ -90.66898, 29.889655 ], [ -90.66859, 29.889537 ], [ -90.668358, 29.889461 ], [ -90.668308, 29.889447 ], [ -90.668279, 29.889439 ], [ -90.668167, 29.889394 ], [ -90.668035, 29.889481 ], [ -90.667999, 29.8895 ], [ -90.667851, 29.889563 ], [ -90.667534, 29.889643 ], [ -90.667379, 29.889694 ], [ -90.66677, 29.889916 ], [ -90.666576, 29.889979 ], [ -90.666455, 29.890001 ], [ -90.66629, 29.890017 ], [ -90.666132, 29.890013 ], [ -90.665919, 29.890007 ], [ -90.665837, 29.890019 ], [ -90.665759, 29.890044 ], [ -90.665721, 29.890044 ], [ -90.66568, 29.890035 ], [ -90.665515, 29.890026 ], [ -90.664869, 29.889902 ], [ -90.664292, 29.889856 ], [ -90.66392, 29.889865 ], [ -90.663838, 29.889874 ], [ -90.663718, 29.889903 ], [ -90.663253, 29.890054 ], [ -90.66268, 29.890263 ], [ -90.662521, 29.890305 ], [ -90.662277, 29.890341 ], [ -90.662195, 29.890349 ], [ -90.661616, 29.89033 ], [ -90.661301, 29.890305 ], [ -90.661282, 29.890304 ], [ -90.660973, 29.890323 ], [ -90.660922, 29.890331 ], [ -90.660774, 29.890375 ], [ -90.660682, 29.890415 ], [ -90.660513, 29.890346 ], [ -90.660215, 29.890242 ], [ -90.660105, 29.890198 ], [ -90.66007, 29.890181 ], [ -90.659704, 29.889964 ], [ -90.659291, 29.889684 ], [ -90.659094, 29.889563 ], [ -90.65889, 29.889449 ], [ -90.658778, 29.88941 ], [ -90.658738, 29.889403 ], [ -90.658618, 29.889391 ], [ -90.658458, 29.889389 ], [ -90.658016, 29.889372 ], [ -90.657938, 29.889354 ], [ -90.657901, 29.88934 ], [ -90.657764, 29.889266 ], [ -90.657667, 29.889291 ], [ -90.657503, 29.889314 ], [ -90.65742, 29.889311 ], [ -90.65738, 29.889305 ], [ -90.657219, 29.889269 ], [ -90.657054, 29.889261 ], [ -90.656973, 29.889248 ], [ -90.656895, 29.889224 ], [ -90.656823, 29.889187 ], [ -90.656788, 29.889182 ], [ -90.656711, 29.889212 ], [ -90.656592, 29.889244 ], [ -90.656511, 29.889255 ], [ -90.656345, 29.889246 ], [ -90.656312, 29.889246 ], [ -90.656274, 29.889245 ], [ -90.65618, 29.889245 ], [ -90.656163, 29.889245 ], [ -90.656127, 29.889246 ], [ -90.655892, 29.88925 ], [ -90.65585, 29.889251 ], [ -90.655728, 29.88927 ], [ -90.65557, 29.889314 ], [ -90.655496, 29.889347 ], [ -90.655363, 29.889432 ], [ -90.655339, 29.889461 ], [ -90.655241, 29.88962 ], [ -90.65511, 29.889923 ], [ -90.654965, 29.890182 ], [ -90.654942, 29.890212 ], [ -90.654882, 29.890261 ], [ -90.654642, 29.890403 ], [ -90.654577, 29.890428 ], [ -90.654567, 29.890433 ], [ -90.654488, 29.890455 ], [ -90.654425, 29.890538 ], [ -90.654366, 29.890589 ], [ -90.654296, 29.890628 ], [ -90.654149, 29.890693 ], [ -90.65411, 29.890707 ], [ -90.653835, 29.890783 ], [ -90.653753, 29.890793 ], [ -90.653711, 29.890794 ], [ -90.653671, 29.890788 ], [ -90.653576, 29.890842 ], [ -90.6535, 29.890871 ], [ -90.65346, 29.890881 ], [ -90.653337, 29.890896 ], [ -90.653213, 29.890895 ], [ -90.653007, 29.890886 ], [ -90.652842, 29.890874 ], [ -90.652594, 29.890878 ], [ -90.652472, 29.890898 ], [ -90.652392, 29.890917 ], [ -90.652278, 29.89096 ], [ -90.652141, 29.89104 ], [ -90.651991, 29.891165 ], [ -90.651908, 29.891245 ], [ -90.651787, 29.891391 ], [ -90.651675, 29.891497 ], [ -90.651609, 29.89154 ], [ -90.651573, 29.891558 ], [ -90.651336, 29.891622 ], [ -90.650613, 29.891783 ], [ -90.650531, 29.891787 ], [ -90.650324, 29.891784 ], [ -90.649749, 29.891717 ], [ -90.649089, 29.891679 ], [ -90.648718, 29.891645 ], [ -90.648616, 29.891638 ], [ -90.648307, 29.891619 ], [ -90.648017, 29.891625 ], [ -90.647647, 29.891653 ], [ -90.64759, 29.891705 ], [ -90.647525, 29.891751 ], [ -90.64749, 29.89177 ], [ -90.647416, 29.891802 ], [ -90.647279, 29.891936 ], [ -90.647161, 29.892084 ], [ -90.647085, 29.89217 ], [ -90.646945, 29.892302 ], [ -90.646847, 29.892369 ], [ -90.646803, 29.892415 ], [ -90.64679, 29.892427 ], [ -90.646753, 29.892466 ], [ -90.646741, 29.892479 ], [ -90.646626, 29.892477 ], [ -90.646421, 29.892453 ], [ -90.646258, 29.892429 ], [ -90.646055, 29.892406 ], [ -90.646011, 29.892402 ], [ -90.645929, 29.892397 ], [ -90.645764, 29.892399 ], [ -90.645558, 29.892419 ], [ -90.645193, 29.892483 ], [ -90.644461, 29.892596 ], [ -90.644093, 29.892639 ], [ -90.644003, 29.892647 ], [ -90.643805, 29.892668 ], [ -90.643642, 29.89269 ], [ -90.643325, 29.892764 ], [ -90.643282, 29.892774 ], [ -90.643258, 29.892782 ], [ -90.643206, 29.892802 ], [ -90.643059, 29.892869 ], [ -90.643006, 29.892897 ], [ -90.642896, 29.892938 ], [ -90.642676, 29.893082 ], [ -90.642517, 29.893184 ], [ -90.642456, 29.893182 ], [ -90.642104, 29.89318 ], [ -90.642053, 29.893198 ], [ -90.641815, 29.89328 ], [ -90.641593, 29.893159 ], [ -90.641279, 29.892985 ], [ -90.640891, 29.892842 ], [ -90.640205, 29.892785 ], [ -90.639846, 29.892818 ], [ -90.639732, 29.892829 ], [ -90.639403, 29.892861 ], [ -90.63929, 29.8929 ], [ -90.638474, 29.893163 ], [ -90.63786, 29.893259 ], [ -90.637653, 29.893358 ], [ -90.637415, 29.893414 ], [ -90.637248, 29.893454 ], [ -90.637046, 29.893555 ], [ -90.636735, 29.893843 ], [ -90.63643, 29.894043 ], [ -90.636221, 29.894238 ], [ -90.635903, 29.894437 ], [ -90.635497, 29.894724 ], [ -90.635292, 29.894823 ], [ -90.634676, 29.894921 ], [ -90.633625, 29.894754 ], [ -90.633455, 29.894727 ], [ -90.633142, 29.894727 ], [ -90.632116, 29.894535 ], [ -90.631771, 29.894532 ], [ -90.631608, 29.894537 ], [ -90.630989, 29.894731 ], [ -90.630467, 29.894929 ], [ -90.630406, 29.894944 ], [ -90.630059, 29.895032 ], [ -90.629753, 29.895126 ], [ -90.629134, 29.89523 ], [ -90.628102, 29.895229 ], [ -90.628003, 29.89523 ], [ -90.6276, 29.895135 ], [ -90.627098, 29.895042 ], [ -90.62713, 29.894982 ], [ -90.62715, 29.894944 ], [ -90.627163, 29.894923 ], [ -90.627263, 29.89474 ], [ -90.62731, 29.894653 ], [ -90.627363, 29.894556 ], [ -90.627376, 29.894435 ], [ -90.627351, 29.894298 ], [ -90.627231, 29.894149 ], [ -90.627086, 29.893935 ], [ -90.627036, 29.893715 ], [ -90.627093, 29.893258 ], [ -90.627194, 29.893039 ], [ -90.627371, 29.892874 ], [ -90.62745, 29.892835 ], [ -90.627598, 29.892764 ], [ -90.628349, 29.892324 ], [ -90.62874, 29.891978 ], [ -90.629264, 29.891341 ], [ -90.629429, 29.891104 ], [ -90.629631, 29.890395 ], [ -90.629618, 29.890203 ], [ -90.629543, 29.890076 ], [ -90.629366, 29.889961 ], [ -90.629253, 29.889856 ], [ -90.629158, 29.889521 ], [ -90.629051, 29.889383 ], [ -90.628351, 29.888998 ], [ -90.627972, 29.888715 ], [ -90.62796, 29.888706 ], [ -90.627872, 29.888575 ], [ -90.627821, 29.888316 ], [ -90.627783, 29.888206 ], [ -90.627273, 29.887662 ], [ -90.627027, 29.887299 ], [ -90.626983, 29.887073 ], [ -90.626775, 29.886925 ], [ -90.62663, 29.886815 ], [ -90.626409, 29.886507 ], [ -90.626119, 29.885968 ], [ -90.626025, 29.885676 ], [ -90.626016, 29.885667 ], [ -90.625918, 29.885572 ], [ -90.625728, 29.885434 ], [ -90.625684, 29.885368 ], [ -90.625741, 29.885198 ], [ -90.625893, 29.885011 ], [ -90.626164, 29.884786 ], [ -90.626587, 29.884417 ], [ -90.626726, 29.884198 ], [ -90.626909, 29.883664 ], [ -90.627036, 29.883263 ], [ -90.627276, 29.88257 ], [ -90.62727, 29.8824 ], [ -90.627194, 29.882153 ], [ -90.627377, 29.88174 ], [ -90.627365, 29.88152 ], [ -90.627384, 29.881223 ], [ -90.627415, 29.881148 ], [ -90.627466, 29.881031 ], [ -90.627637, 29.880833 ], [ -90.627883, 29.880597 ], [ -90.628047, 29.880339 ], [ -90.628237, 29.879794 ], [ -90.628262, 29.879662 ], [ -90.628849, 29.879525 ], [ -90.629543, 29.879267 ], [ -90.630359, 29.879074 ], [ -90.63047, 29.879048 ], [ -90.631461, 29.87896 ], [ -90.632054, 29.8789 ], [ -90.632369, 29.878746 ], [ -90.632634, 29.878609 ], [ -90.633398, 29.878367 ], [ -90.634805, 29.87784 ], [ -90.635455, 29.877527 ], [ -90.635821, 29.87729 ], [ -90.635947, 29.877235 ], [ -90.636073, 29.877131 ], [ -90.636294, 29.877016 ], [ -90.636436, 29.876902 ], [ -90.63661, 29.876763 ], [ -90.636913, 29.876472 ], [ -90.637222, 29.87601 ], [ -90.637304, 29.875867 ], [ -90.637437, 29.875581 ], [ -90.637614, 29.875334 ], [ -90.637671, 29.87523 ], [ -90.637706, 29.875157 ], [ -90.637817, 29.874928 ], [ -90.637886, 29.874686 ], [ -90.637918, 29.874329 ], [ -90.63812, 29.87401 ], [ -90.638194, 29.873932 ], [ -90.63841, 29.873708 ], [ -90.639168, 29.873087 ], [ -90.639351, 29.872911 ], [ -90.639559, 29.872642 ], [ -90.639887, 29.87229 ], [ -90.639976, 29.872109 ], [ -90.640153, 29.871856 ], [ -90.640487, 29.871664 ], [ -90.640626, 29.871521 ], [ -90.64067, 29.871433 ], [ -90.640747, 29.87095 ], [ -90.640803, 29.870603 ], [ -90.640778, 29.870377 ], [ -90.640746, 29.870152 ], [ -90.640829, 29.869778 ], [ -90.640886, 29.869629 ], [ -90.641037, 29.869338 ], [ -90.641264, 29.869096 ], [ -90.64151, 29.86897 ], [ -90.642047, 29.868794 ], [ -90.6424, 29.868646 ], [ -90.642804, 29.868487 ], [ -90.643309, 29.86819 ], [ -90.643575, 29.867946 ], [ -90.643599, 29.867926 ], [ -90.643971, 29.867679 ], [ -90.644382, 29.867415 ], [ -90.644634, 29.867305 ], [ -90.645019, 29.867107 ], [ -90.645467, 29.866987 ], [ -90.645852, 29.866789 ], [ -90.646325, 29.866613 ], [ -90.646994, 29.866207 ], [ -90.647202, 29.866119 ], [ -90.647498, 29.866036 ], [ -90.647927, 29.865976 ], [ -90.648401, 29.865883 ], [ -90.648596, 29.865789 ], [ -90.648653, 29.865767 ], [ -90.648987, 29.865553 ], [ -90.649227, 29.865289 ], [ -90.649448, 29.865058 ], [ -90.649776, 29.864789 ], [ -90.65013, 29.864586 ], [ -90.650603, 29.864421 ], [ -90.651063, 29.864333 ], [ -90.651599, 29.864322 ], [ -90.651801, 29.86435 ], [ -90.652098, 29.864361 ], [ -90.652392, 29.864403 ], [ -90.652628, 29.864438 ], [ -90.653157, 29.864488 ], [ -90.653889, 29.86457 ], [ -90.654337, 29.864527 ], [ -90.654652, 29.864367 ], [ -90.655, 29.864071 ], [ -90.655359, 29.863724 ], [ -90.655902, 29.863257 ], [ -90.656072, 29.863098 ], [ -90.656199, 29.862999 ], [ -90.656224, 29.862949 ], [ -90.656527, 29.862669 ], [ -90.656615, 29.862608 ], [ -90.656905, 29.862504 ], [ -90.657113, 29.862438 ], [ -90.65758, 29.862427 ], [ -90.657858, 29.862444 ], [ -90.658028, 29.862537 ], [ -90.658249, 29.862724 ], [ -90.658671, 29.862933 ], [ -90.658905, 29.862983 ], [ -90.659245, 29.862956 ], [ -90.659561, 29.862851 ], [ -90.659845, 29.862681 ], [ -90.660272, 29.862508 ], [ -90.660349, 29.862478 ], [ -90.660816, 29.862082 ], [ -90.660993, 29.861977 ], [ -90.661207, 29.861923 ], [ -90.661668, 29.861939 ], [ -90.662021, 29.862005 ], [ -90.662494, 29.862242 ], [ -90.662973, 29.862401 ], [ -90.66368, 29.862429 ], [ -90.664178, 29.862479 ], [ -90.664588, 29.862462 ], [ -90.664954, 29.862424 ], [ -90.665011, 29.862402 ], [ -90.665408, 29.862396 ], [ -90.665806, 29.862424 ], [ -90.666499, 29.862721 ], [ -90.667124, 29.863117 ], [ -90.667307, 29.863221 ], [ -90.667666, 29.863414 ], [ -90.667925, 29.863513 ], [ -90.668221, 29.863689 ], [ -90.668499, 29.863772 ], [ -90.668694, 29.863794 ], [ -90.669218, 29.863722 ], [ -90.669596, 29.863552 ], [ -90.669924, 29.863354 ], [ -90.670423, 29.862892 ], [ -90.671817, 29.861413 ], [ -90.672057, 29.861271 ], [ -90.672442, 29.861067 ], [ -90.672839, 29.860941 ], [ -90.673136, 29.860941 ], [ -90.673722, 29.861073 ], [ -90.67388, 29.861194 ], [ -90.674183, 29.861403 ], [ -90.674404, 29.861524 ], [ -90.674788, 29.861535 ], [ -90.675047, 29.861579 ], [ -90.675323, 29.861583 ], [ -90.675381, 29.861585 ], [ -90.675753, 29.86153 ], [ -90.675892, 29.861464 ], [ -90.676006, 29.861436 ], [ -90.67617, 29.861464 ], [ -90.676725, 29.861821 ], [ -90.676983, 29.861904 ], [ -90.677532, 29.861964 ], [ -90.677753, 29.861937 ], [ -90.677867, 29.861865 ], [ -90.677885, 29.86181 ], [ -90.677923, 29.861431 ], [ -90.677898, 29.860986 ], [ -90.677848, 29.860755 ], [ -90.677696, 29.86054 ], [ -90.677561, 29.860301 ], [ -90.677514, 29.860216 ], [ -90.677438, 29.859996 ], [ -90.677394, 29.859666 ], [ -90.677444, 29.859441 ], [ -90.67752, 29.859215 ], [ -90.677571, 29.85916 ], [ -90.6776, 29.859133 ], [ -90.677583, 29.859128 ], [ -90.677392, 29.859065 ], [ -90.677273, 29.859026 ], [ -90.676981, 29.858947 ], [ -90.67678, 29.858877 ], [ -90.676613, 29.858822 ], [ -90.676505, 29.858785 ], [ -90.676388, 29.858743 ], [ -90.676526, 29.858585 ], [ -90.676569, 29.858536 ], [ -90.676648, 29.85851 ], [ -90.676964, 29.85852 ], [ -90.677478, 29.85857 ], [ -90.677779, 29.858594 ], [ -90.67774, 29.858156 ], [ -90.677667, 29.857337 ], [ -90.677627, 29.856941 ], [ -90.677622, 29.856716 ], [ -90.677642, 29.856527 ], [ -90.677705, 29.856326 ], [ -90.677948, 29.855873 ], [ -90.678085, 29.855627 ], [ -90.678143, 29.855421 ], [ -90.678149, 29.855164 ], [ -90.678142, 29.853629 ], [ -90.67812, 29.852424 ], [ -90.678112, 29.851977 ], [ -90.678248, 29.850864 ], [ -90.678289, 29.850607 ], [ -90.678299, 29.850547 ], [ -90.678308, 29.850487 ], [ -90.678241, 29.85048 ], [ -90.678078, 29.850459 ], [ -90.677916, 29.850433 ], [ -90.677711, 29.850409 ], [ -90.677226, 29.850326 ], [ -90.677149, 29.850301 ], [ -90.676904, 29.850272 ], [ -90.6765, 29.850197 ], [ -90.676378, 29.850179 ], [ -90.675885, 29.850125 ], [ -90.675642, 29.850082 ], [ -90.675559, 29.850083 ], [ -90.675518, 29.85009 ], [ -90.67548, 29.850102 ], [ -90.675372, 29.850155 ], [ -90.675233, 29.850234 ], [ -90.67511, 29.850329 ], [ -90.675084, 29.850357 ], [ -90.674962, 29.850454 ], [ -90.674742, 29.850669 ], [ -90.674462, 29.850933 ], [ -90.674021, 29.851313 ], [ -90.673798, 29.851473 ], [ -90.673655, 29.851546 ], [ -90.673523, 29.851606 ], [ -90.673509, 29.851613 ], [ -90.673469, 29.851622 ], [ -90.673304, 29.851633 ], [ -90.673138, 29.851635 ], [ -90.673015, 29.851623 ], [ -90.67282, 29.851563 ], [ -90.672783, 29.851548 ], [ -90.672748, 29.851528 ], [ -90.6726, 29.851403 ], [ -90.672218, 29.851128 ], [ -90.671949, 29.850906 ], [ -90.67185, 29.850791 ], [ -90.671766, 29.850712 ], [ -90.671702, 29.850667 ], [ -90.6716, 29.850605 ], [ -90.671445, 29.850556 ], [ -90.671365, 29.850538 ], [ -90.671242, 29.850529 ], [ -90.670995, 29.850523 ], [ -90.670582, 29.85055 ], [ -90.670461, 29.850571 ], [ -90.670421, 29.850582 ], [ -90.67014, 29.85064 ], [ -90.670024, 29.850676 ], [ -90.669422, 29.850802 ], [ -90.669263, 29.85084 ], [ -90.669139, 29.850851 ], [ -90.668974, 29.85085 ], [ -90.668892, 29.850839 ], [ -90.668814, 29.850815 ], [ -90.668744, 29.850777 ], [ -90.668686, 29.850815 ], [ -90.66865, 29.850834 ], [ -90.668575, 29.850865 ], [ -90.668417, 29.850905 ], [ -90.668376, 29.850912 ], [ -90.668211, 29.850913 ], [ -90.667715, 29.850904 ], [ -90.667303, 29.850888 ], [ -90.667222, 29.850874 ], [ -90.667063, 29.850834 ], [ -90.666751, 29.850741 ], [ -90.666519, 29.850664 ], [ -90.666267, 29.850543 ], [ -90.665756, 29.85024 ], [ -90.665502, 29.850119 ], [ -90.665254, 29.84999 ], [ -90.665157, 29.849923 ], [ -90.665131, 29.849895 ], [ -90.664855, 29.849536 ], [ -90.664701, 29.849368 ], [ -90.664638, 29.849321 ], [ -90.664499, 29.849243 ], [ -90.664379, 29.849217 ], [ -90.664266, 29.849214 ], [ -90.664061, 29.849241 ], [ -90.663863, 29.849291 ], [ -90.663826, 29.849306 ], [ -90.66376, 29.84935 ], [ -90.663732, 29.849377 ], [ -90.663709, 29.849408 ], [ -90.663628, 29.849397 ], [ -90.663586, 29.849398 ], [ -90.663545, 29.849404 ], [ -90.663466, 29.849423 ], [ -90.663301, 29.849437 ], [ -90.663012, 29.849445 ], [ -90.662807, 29.849424 ], [ -90.662569, 29.849362 ], [ -90.662422, 29.849296 ], [ -90.662387, 29.849277 ], [ -90.662221, 29.84917 ], [ -90.662078, 29.849099 ], [ -90.661795, 29.848952 ], [ -90.661715, 29.848932 ], [ -90.661432, 29.848878 ], [ -90.661063, 29.848838 ], [ -90.660981, 29.848833 ], [ -90.660444, 29.848864 ], [ -90.660119, 29.848911 ], [ -90.659872, 29.848933 ], [ -90.659586, 29.848971 ], [ -90.659434, 29.849026 ], [ -90.659247, 29.849104 ], [ -90.658969, 29.849172 ], [ -90.658671, 29.849258 ], [ -90.658578, 29.849286 ], [ -90.658089, 29.849359 ], [ -90.657803, 29.849394 ], [ -90.6574, 29.849474 ], [ -90.657041, 29.849559 ], [ -90.656269, 29.849684 ], [ -90.656187, 29.849689 ], [ -90.656104, 29.849689 ], [ -90.655899, 29.849711 ], [ -90.655486, 29.849728 ], [ -90.655114, 29.849722 ], [ -90.655034, 29.849703 ], [ -90.654839, 29.849645 ], [ -90.654441, 29.849548 ], [ -90.654326, 29.849506 ], [ -90.654254, 29.849471 ], [ -90.654032, 29.849375 ], [ -90.653851, 29.849288 ], [ -90.653776, 29.849258 ], [ -90.653579, 29.849206 ], [ -90.653456, 29.849191 ], [ -90.653375, 29.849193 ], [ -90.653168, 29.849187 ], [ -90.653004, 29.849197 ], [ -90.652443, 29.849313 ], [ -90.652291, 29.849369 ], [ -90.652149, 29.849442 ], [ -90.652082, 29.849482 ], [ -90.651973, 29.849532 ], [ -90.651858, 29.849574 ], [ -90.651697, 29.849602 ], [ -90.651655, 29.849604 ], [ -90.651565, 29.849714 ], [ -90.651549, 29.849734 ], [ -90.65152, 29.84976 ], [ -90.651426, 29.84983 ], [ -90.651359, 29.849872 ], [ -90.651058, 29.849991 ], [ -90.650827, 29.850141 ], [ -90.650669, 29.850257 ], [ -90.650387, 29.850519 ], [ -90.650194, 29.850752 ], [ -90.650167, 29.850779 ], [ -90.649989, 29.850927 ], [ -90.64975, 29.851068 ], [ -90.649642, 29.851119 ], [ -90.649566, 29.851148 ], [ -90.649407, 29.851183 ], [ -90.649095, 29.851273 ], [ -90.648905, 29.851344 ], [ -90.648681, 29.851435 ], [ -90.648608, 29.851468 ], [ -90.648544, 29.851514 ], [ -90.648246, 29.851761 ], [ -90.6481, 29.851888 ], [ -90.648093, 29.852016 ], [ -90.648087, 29.852051 ], [ -90.648057, 29.852119 ], [ -90.647986, 29.852207 ], [ -90.647816, 29.852365 ], [ -90.647738, 29.852491 ], [ -90.647694, 29.852552 ], [ -90.647667, 29.852579 ], [ -90.647542, 29.852673 ], [ -90.647455, 29.85275 ], [ -90.647276, 29.852897 ], [ -90.647243, 29.852919 ], [ -90.647093, 29.852979 ], [ -90.646974, 29.853011 ], [ -90.64677, 29.853036 ], [ -90.646729, 29.853039 ], [ -90.646688, 29.853037 ], [ -90.646524, 29.853014 ], [ -90.646486, 29.853001 ], [ -90.64645, 29.852983 ], [ -90.646417, 29.852961 ], [ -90.646287, 29.852822 ], [ -90.646203, 29.852742 ], [ -90.646036, 29.852537 ], [ -90.645972, 29.852444 ], [ -90.645957, 29.85241 ], [ -90.645925, 29.852306 ], [ -90.645882, 29.852283 ], [ -90.645807, 29.852253 ], [ -90.645492, 29.852166 ], [ -90.64519, 29.852048 ], [ -90.645151, 29.852037 ], [ -90.644994, 29.851982 ], [ -90.644563, 29.851857 ], [ -90.644402, 29.851823 ], [ -90.644324, 29.8518 ], [ -90.644105, 29.851703 ], [ -90.643953, 29.851647 ], [ -90.643678, 29.851567 ], [ -90.643078, 29.85143 ], [ -90.643039, 29.851418 ], [ -90.642927, 29.851372 ], [ -90.642821, 29.851317 ], [ -90.642718, 29.851256 ], [ -90.642362, 29.850957 ], [ -90.64224, 29.850845 ], [ -90.642163, 29.850773 ], [ -90.642045, 29.850674 ], [ -90.641787, 29.850493 ], [ -90.641679, 29.850439 ], [ -90.641529, 29.850379 ], [ -90.64131, 29.850279 ], [ -90.640928, 29.850064 ], [ -90.640743, 29.849984 ], [ -90.640513, 29.849903 ], [ -90.640277, 29.849835 ], [ -90.640196, 29.849824 ], [ -90.639824, 29.849825 ], [ -90.639495, 29.849856 ], [ -90.639167, 29.849893 ], [ -90.638633, 29.849946 ], [ -90.638431, 29.849987 ], [ -90.638196, 29.850055 ], [ -90.637735, 29.850216 ], [ -90.637482, 29.850339 ], [ -90.637256, 29.850496 ], [ -90.637021, 29.850643 ], [ -90.636956, 29.850688 ], [ -90.636476, 29.851084 ], [ -90.636168, 29.851375 ], [ -90.636095, 29.851463 ], [ -90.635942, 29.851633 ], [ -90.635788, 29.85171 ], [ -90.635649, 29.851787 ], [ -90.63536, 29.851927 ], [ -90.635172, 29.852001 ], [ -90.635053, 29.852034 ], [ -90.634772, 29.852092 ], [ -90.634733, 29.852103 ], [ -90.634329, 29.852176 ], [ -90.633726, 29.852299 ], [ -90.633592, 29.85232 ], [ -90.633361, 29.852358 ], [ -90.632921, 29.852461 ], [ -90.632651, 29.852552 ], [ -90.632493, 29.852595 ], [ -90.632299, 29.852656 ], [ -90.631994, 29.852769 ], [ -90.631888, 29.852825 ], [ -90.631755, 29.85291 ], [ -90.631365, 29.853115 ], [ -90.631114, 29.853239 ], [ -90.630923, 29.853311 ], [ -90.630883, 29.853318 ], [ -90.630718, 29.853334 ], [ -90.630599, 29.853306 ], [ -90.630357, 29.853217 ], [ -90.630215, 29.853143 ], [ -90.629972, 29.853006 ], [ -90.629874, 29.852939 ], [ -90.629733, 29.852808 ], [ -90.629549, 29.852662 ], [ -90.629426, 29.852588 ], [ -90.629413, 29.852581 ], [ -90.629301, 29.852533 ], [ -90.628951, 29.852423 ], [ -90.628441, 29.852272 ], [ -90.627754, 29.852125 ], [ -90.627201, 29.851976 ], [ -90.626921, 29.851911 ], [ -90.626765, 29.851865 ], [ -90.62669, 29.851834 ], [ -90.626589, 29.851771 ], [ -90.626462, 29.851679 ], [ -90.626405, 29.851627 ], [ -90.62637, 29.851562 ], [ -90.626359, 29.851527 ], [ -90.626312, 29.851315 ], [ -90.626233, 29.850685 ], [ -90.626214, 29.850528 ], [ -90.626201, 29.850348 ], [ -90.626201, 29.850276 ], [ -90.626215, 29.850132 ], [ -90.626216, 29.84988 ], [ -90.626226, 29.849664 ], [ -90.626217, 29.849593 ], [ -90.626182, 29.849415 ], [ -90.626175, 29.849307 ], [ -90.626234, 29.849203 ], [ -90.626362, 29.848981 ], [ -90.626458, 29.849012 ], [ -90.626572, 29.849049 ], [ -90.62687, 29.848798 ], [ -90.626919, 29.84874 ], [ -90.626984, 29.848648 ], [ -90.627058, 29.848519 ], [ -90.62716, 29.848283 ], [ -90.627196, 29.848106 ], [ -90.627229, 29.847783 ], [ -90.627188, 29.847316 ], [ -90.627186, 29.847244 ], [ -90.627194, 29.847155 ], [ -90.627257, 29.847137 ], [ -90.627333, 29.847108 ], [ -90.627405, 29.847073 ], [ -90.627439, 29.847052 ], [ -90.6275, 29.847003 ], [ -90.627575, 29.846916 ], [ -90.627646, 29.846787 ], [ -90.627763, 29.846557 ], [ -90.628023, 29.846098 ], [ -90.628383, 29.84546 ], [ -90.628395, 29.845425 ], [ -90.628406, 29.845354 ], [ -90.628399, 29.845282 ], [ -90.628371, 29.84514 ], [ -90.628532, 29.844927 ], [ -90.628547, 29.84488 ], [ -90.628577, 29.844813 ], [ -90.628597, 29.844743 ], [ -90.628627, 29.844565 ], [ -90.628637, 29.844457 ], [ -90.628631, 29.844421 ], [ -90.628512, 29.844039 ], [ -90.62843, 29.843649 ], [ -90.628333, 29.843411 ], [ -90.628328, 29.843303 ], [ -90.628259, 29.843254 ], [ -90.628145, 29.84315 ], [ -90.628092, 29.843094 ], [ -90.62807, 29.843064 ], [ -90.627978, 29.842903 ], [ -90.627854, 29.84256 ], [ -90.627699, 29.842225 ], [ -90.627674, 29.842156 ], [ -90.627611, 29.841874 ], [ -90.627591, 29.841732 ], [ -90.627466, 29.841202 ], [ -90.627368, 29.840852 ], [ -90.627196, 29.840447 ], [ -90.627141, 29.84035 ], [ -90.627169, 29.840303 ], [ -90.627199, 29.840236 ], [ -90.627215, 29.840165 ], [ -90.627213, 29.840093 ], [ -90.626604, 29.83738 ], [ -90.626593, 29.837345 ], [ -90.626576, 29.837312 ], [ -90.62653, 29.837252 ], [ -90.626357, 29.837097 ], [ -90.626311, 29.836899 ], [ -90.626303, 29.836879 ], [ -90.626284, 29.836831 ], [ -90.626398, 29.83668 ], [ -90.62647, 29.83655 ], [ -90.626494, 29.836521 ], [ -90.626522, 29.836495 ], [ -90.626657, 29.836412 ], [ -90.62752, 29.835932 ], [ -90.630153, 29.834453 ], [ -90.630432, 29.8343 ], [ -90.630569, 29.83422 ], [ -90.630744, 29.834125 ], [ -90.630783, 29.834112 ], [ -90.630848, 29.8341 ], [ -90.630893, 29.83404 ], [ -90.630921, 29.834013 ], [ -90.630953, 29.833991 ], [ -90.633395, 29.83263 ], [ -90.638467, 29.829834 ], [ -90.639406, 29.829298 ], [ -90.642227, 29.82769 ], [ -90.642913, 29.8273 ], [ -90.643013, 29.827235 ], [ -90.643042, 29.82721 ], [ -90.643068, 29.827181 ], [ -90.643117, 29.827098 ], [ -90.643199, 29.82709 ], [ -90.643239, 29.827081 ], [ -90.643316, 29.827056 ], [ -90.643353, 29.827039 ], [ -90.64371, 29.82683 ], [ -90.645416, 29.825834 ], [ -90.645985, 29.825502 ], [ -90.647661, 29.824509 ], [ -90.647846, 29.824431 ], [ -90.648034, 29.824382 ], [ -90.648071, 29.824318 ], [ -90.648146, 29.824232 ], [ -90.648176, 29.824207 ], [ -90.648309, 29.824121 ], [ -90.648728, 29.82389 ], [ -90.649085, 29.823711 ], [ -90.649296, 29.823598 ], [ -90.649333, 29.823568 ], [ -90.652483, 29.821855 ], [ -90.655073, 29.820448 ], [ -90.656619, 29.819622 ], [ -90.656926, 29.81944 ], [ -90.657018, 29.819368 ], [ -90.657067, 29.819309 ], [ -90.657086, 29.819277 ], [ -90.657107, 29.819228 ], [ -90.657149, 29.819232 ], [ -90.657231, 29.81923 ], [ -90.657311, 29.819212 ], [ -90.657463, 29.819154 ], [ -90.658165, 29.818779 ], [ -90.658266, 29.818717 ], [ -90.658629, 29.818548 ], [ -90.6587, 29.818511 ], [ -90.659498, 29.818136 ], [ -90.661161, 29.817346 ], [ -90.66131, 29.817283 ], [ -90.661488, 29.817194 ], [ -90.661599, 29.817146 ], [ -90.662128, 29.816941 ], [ -90.665627, 29.815769 ], [ -90.665779, 29.815713 ], [ -90.667553, 29.815019 ], [ -90.667782, 29.814939 ], [ -90.66799, 29.814823 ], [ -90.668057, 29.814782 ], [ -90.668309, 29.81466 ], [ -90.668958, 29.81428 ], [ -90.669548, 29.813952 ], [ -90.670411, 29.813465 ], [ -90.67059, 29.813368 ], [ -90.672635, 29.812224 ], [ -90.672666, 29.812207 ], [ -90.674157, 29.811378 ], [ -90.674225, 29.811337 ], [ -90.676719, 29.809948 ], [ -90.676787, 29.809907 ], [ -90.677447, 29.809542 ], [ -90.677514, 29.809501 ], [ -90.677542, 29.809475 ], [ -90.677566, 29.809445 ], [ -90.677592, 29.809421 ], [ -90.677633, 29.809416 ], [ -90.677673, 29.809406 ], [ -90.677711, 29.809391 ], [ -90.679156, 29.808581 ], [ -90.679862, 29.808182 ], [ -90.681371, 29.807331 ], [ -90.681437, 29.807289 ], [ -90.681532, 29.807221 ], [ -90.681586, 29.807167 ], [ -90.681685, 29.807051 ], [ -90.68186, 29.8069 ], [ -90.681893, 29.806869 ], [ -90.681945, 29.806821 ], [ -90.682157, 29.806602 ], [ -90.682387, 29.806348 ], [ -90.68244, 29.806272 ], [ -90.682494, 29.806175 ], [ -90.68255, 29.80604 ], [ -90.682603, 29.805829 ], [ -90.682623, 29.805723 ], [ -90.682651, 29.805436 ], [ -90.682682, 29.805259 ], [ -90.682721, 29.804865 ], [ -90.682748, 29.804361 ], [ -90.682739, 29.80386 ], [ -90.682734, 29.803789 ], [ -90.682694, 29.801908 ], [ -90.682673, 29.800886 ], [ -90.682668, 29.800814 ], [ -90.682651, 29.799917 ], [ -90.68263, 29.799128 ], [ -90.682601, 29.797155 ], [ -90.682596, 29.797083 ], [ -90.682583, 29.796223 ], [ -90.682559, 29.795112 ], [ -90.682548, 29.793856 ], [ -90.68254, 29.793785 ], [ -90.682518, 29.793729 ], [ -90.682538, 29.793697 ], [ -90.682562, 29.793628 ], [ -90.682565, 29.793592 ], [ -90.68256, 29.793412 ], [ -90.682557, 29.792478 ], [ -90.682572, 29.791326 ], [ -90.682563, 29.788703 ], [ -90.682568, 29.78615 ], [ -90.682571, 29.786078 ], [ -90.682618, 29.785794 ], [ -90.682653, 29.785654 ], [ -90.68269, 29.785551 ], [ -90.682724, 29.785485 ], [ -90.682924, 29.785213 ], [ -90.683067, 29.785038 ], [ -90.683126, 29.784943 ], [ -90.68321, 29.784779 ], [ -90.68325, 29.784716 ], [ -90.683337, 29.784594 ], [ -90.683388, 29.784543 ], [ -90.684515, 29.783097 ], [ -90.685961, 29.781243 ], [ -90.687889, 29.778752 ], [ -90.688845, 29.777519 ], [ -90.688882, 29.777455 ], [ -90.688906, 29.777387 ], [ -90.688925, 29.777316 ], [ -90.688933, 29.777263 ], [ -90.688935, 29.777244 ], [ -90.688945, 29.777189 ], [ -90.688948, 29.777171 ], [ -90.688951, 29.777125 ], [ -90.688949, 29.777017 ], [ -90.688925, 29.776911 ], [ -90.688892, 29.776846 ], [ -90.688824, 29.776756 ], [ -90.688765, 29.776705 ], [ -90.688058, 29.776179 ], [ -90.687355, 29.775657 ], [ -90.685921, 29.77463 ], [ -90.684618, 29.773734 ], [ -90.68391, 29.773248 ], [ -90.683744, 29.773142 ], [ -90.68362, 29.773047 ], [ -90.683595, 29.773018 ], [ -90.683505, 29.772946 ], [ -90.683476, 29.772918 ], [ -90.683448, 29.772891 ], [ -90.683366, 29.772812 ], [ -90.683339, 29.772786 ], [ -90.683249, 29.772702 ], [ -90.683217, 29.772679 ], [ -90.683134, 29.772599 ], [ -90.682955, 29.772391 ], [ -90.681971, 29.771249 ], [ -90.681876, 29.771136 ], [ -90.681667, 29.770888 ], [ -90.681526, 29.770711 ], [ -90.681414, 29.770589 ], [ -90.681168, 29.770322 ], [ -90.681146, 29.770291 ], [ -90.681098, 29.77021 ], [ -90.681053, 29.770132 ], [ -90.681021, 29.770065 ], [ -90.681006, 29.770016 ], [ -90.680983, 29.769874 ], [ -90.680936, 29.769461 ], [ -90.680898, 29.769124 ], [ -90.680806, 29.768086 ], [ -90.680777, 29.767638 ], [ -90.680769, 29.767511 ], [ -90.680762, 29.767476 ], [ -90.680748, 29.767442 ], [ -90.680611, 29.767181 ], [ -90.68058, 29.767132 ], [ -90.68055, 29.767083 ], [ -90.680597, 29.767024 ], [ -90.680644, 29.766964 ], [ -90.681307, 29.766127 ], [ -90.683582, 29.763262 ], [ -90.684341, 29.762307 ], [ -90.685015, 29.761452 ], [ -90.686215, 29.759932 ], [ -90.686193, 29.759767 ], [ -90.68561, 29.759443 ], [ -90.685471, 29.759303 ], [ -90.685471, 29.759178 ], [ -90.685541, 29.759052 ], [ -90.685558, 29.75903 ], [ -90.686238, 29.75818 ], [ -90.686809, 29.757464 ], [ -90.688524, 29.755319 ], [ -90.689096, 29.754604 ], [ -90.689331, 29.754309 ], [ -90.690038, 29.753424 ], [ -90.690274, 29.75313 ], [ -90.690472, 29.752881 ], [ -90.691069, 29.752135 ], [ -90.691268, 29.751887 ], [ -90.69141, 29.751707 ], [ -90.691839, 29.751171 ], [ -90.691983, 29.750993 ], [ -90.693306, 29.749336 ], [ -90.693421, 29.749193 ], [ -90.697276, 29.744368 ], [ -90.6986, 29.742712 ], [ -90.69867, 29.742539 ], [ -90.698846, 29.742112 ], [ -90.698882, 29.742022 ], [ -90.698889, 29.742008 ], [ -90.698931, 29.741904 ], [ -90.698953, 29.74185 ], [ -90.699075, 29.741881 ], [ -90.69968, 29.741985 ], [ -90.699879, 29.742026 ], [ -90.699974, 29.742044 ], [ -90.70036, 29.742117 ], [ -90.700401, 29.742119 ], [ -90.70182, 29.742312 ], [ -90.701867, 29.742323 ], [ -90.701899, 29.74233 ], [ -90.702179, 29.74238 ], [ -90.702298, 29.742405 ], [ -90.702336, 29.742418 ], [ -90.702808, 29.742532 ], [ -90.702849, 29.742537 ], [ -90.702927, 29.742556 ], [ -90.703008, 29.74257 ], [ -90.703044, 29.742579 ], [ -90.70332, 29.742653 ], [ -90.703396, 29.742679 ], [ -90.703821, 29.742795 ], [ -90.703978, 29.742827 ], [ -90.704049, 29.742849 ], [ -90.704133, 29.742865 ], [ -90.704524, 29.742955 ], [ -90.704601, 29.742978 ], [ -90.70468, 29.742994 ], [ -90.704831, 29.743041 ], [ -90.704983, 29.743075 ], [ -90.70502, 29.74309 ], [ -90.705134, 29.74312 ], [ -90.705174, 29.743126 ], [ -90.705291, 29.743155 ], [ -90.705476, 29.743231 ], [ -90.70551, 29.74325 ], [ -90.705567, 29.743301 ], [ -90.705591, 29.74333 ], [ -90.705651, 29.74338 ], [ -90.705687, 29.743397 ], [ -90.705727, 29.743402 ], [ -90.70585, 29.743403 ], [ -90.70589, 29.743396 ], [ -90.705931, 29.743394 ], [ -90.705971, 29.743401 ], [ -90.706048, 29.743426 ], [ -90.706083, 29.743446 ], [ -90.706311, 29.743599 ], [ -90.706653, 29.743802 ], [ -90.706914, 29.743975 ], [ -90.707068, 29.74409 ], [ -90.707102, 29.74411 ], [ -90.707193, 29.744179 ], [ -90.707216, 29.744209 ], [ -90.707276, 29.744254 ], [ -90.707499, 29.744457 ], [ -90.707735, 29.744647 ], [ -90.707829, 29.744723 ], [ -90.707877, 29.744781 ], [ -90.708077, 29.745053 ], [ -90.708093, 29.745086 ], [ -90.708159, 29.745177 ], [ -90.708345, 29.745456 ], [ -90.708539, 29.745773 ], [ -90.708774, 29.74627 ], [ -90.708795, 29.746339 ], [ -90.708902, 29.746608 ], [ -90.708932, 29.746674 ], [ -90.709039, 29.746942 ], [ -90.709061, 29.74701 ], [ -90.709103, 29.747111 ], [ -90.709229, 29.747374 ], [ -90.709353, 29.747602 ], [ -90.70941, 29.747697 ], [ -90.709521, 29.747847 ], [ -90.709654, 29.748071 ], [ -90.709801, 29.748287 ], [ -90.709832, 29.748354 ], [ -90.709901, 29.748484 ], [ -90.709931, 29.748551 ], [ -90.710082, 29.748845 ], [ -90.710276, 29.749163 ], [ -90.710395, 29.749391 ], [ -90.710451, 29.749487 ], [ -90.710493, 29.749548 ], [ -90.710545, 29.749604 ], [ -90.710861, 29.749888 ], [ -90.710913, 29.749944 ], [ -90.711025, 29.750049 ], [ -90.711204, 29.750197 ], [ -90.711291, 29.750275 ], [ -90.711441, 29.750446 ], [ -90.711771, 29.750712 ], [ -90.711837, 29.750754 ], [ -90.712213, 29.751027 ], [ -90.712341, 29.751115 ], [ -90.712445, 29.751173 ], [ -90.712588, 29.751245 ], [ -90.712656, 29.751284 ], [ -90.713025, 29.751443 ], [ -90.713362, 29.751574 ], [ -90.713521, 29.751611 ], [ -90.714772, 29.751796 ], [ -90.714818, 29.751805 ], [ -90.715492, 29.751937 ], [ -90.715983, 29.752 ], [ -90.716267, 29.752044 ], [ -90.716347, 29.75206 ], [ -90.716738, 29.752102 ], [ -90.717084, 29.75214 ], [ -90.71778, 29.752223 ], [ -90.718023, 29.752263 ], [ -90.718182, 29.752302 ], [ -90.718711, 29.752377 ], [ -90.71912, 29.75243 ], [ -90.719277, 29.752473 ], [ -90.719436, 29.752511 ], [ -90.719546, 29.752532 ], [ -90.719636, 29.75255 ], [ -90.719921, 29.752582 ], [ -90.720001, 29.752595 ], [ -90.720366, 29.752637 ], [ -90.720728, 29.752689 ], [ -90.720807, 29.752704 ], [ -90.720897, 29.752715 ], [ -90.720921, 29.752675 ], [ -90.720947, 29.752636 ], [ -90.721084, 29.752417 ], [ -90.721131, 29.752343 ], [ -90.721127, 29.752313 ], [ -90.721126, 29.752262 ], [ -90.721123, 29.752182 ], [ -90.721114, 29.751894 ], [ -90.721101, 29.751744 ], [ -90.7211, 29.751693 ], [ -90.7211, 29.751529 ], [ -90.72246, 29.74765 ], [ -90.726468, 29.736213 ], [ -90.727894, 29.732403 ], [ -90.727922, 29.732297 ], [ -90.728007, 29.731981 ], [ -90.728021, 29.731932 ], [ -90.728036, 29.731876 ], [ -90.727569, 29.731829 ], [ -90.727523, 29.731825 ], [ -90.726505, 29.73173 ], [ -90.726345, 29.731703 ], [ -90.726305, 29.7317 ], [ -90.72617, 29.731677 ], [ -90.725946, 29.73164 ], [ -90.725869, 29.731621 ], [ -90.725749, 29.731601 ], [ -90.725709, 29.731598 ], [ -90.725558, 29.731572 ], [ -90.725518, 29.731571 ], [ -90.725277, 29.731538 ], [ -90.725197, 29.731523 ], [ -90.725035, 29.73151 ], [ -90.724877, 29.731482 ], [ -90.724796, 29.731474 ], [ -90.724717, 29.731459 ], [ -90.724558, 29.731435 ], [ -90.724519, 29.731425 ], [ -90.724296, 29.731397 ], [ -90.724057, 29.73136 ], [ -90.72378, 29.731304 ], [ -90.723699, 29.731293 ], [ -90.723263, 29.731208 ], [ -90.723184, 29.731189 ], [ -90.722905, 29.73114 ], [ -90.722513, 29.731033 ], [ -90.722244, 29.730943 ], [ -90.722173, 29.730907 ], [ -90.721971, 29.730786 ], [ -90.721841, 29.730698 ], [ -90.721747, 29.730581 ], [ -90.721684, 29.730489 ], [ -90.721647, 29.730426 ], [ -90.721604, 29.730365 ], [ -90.721579, 29.730338 ], [ -90.721513, 29.730247 ], [ -90.721453, 29.730075 ], [ -90.721492, 29.730017 ], [ -90.721502, 29.729982 ], [ -90.721502, 29.729875 ], [ -90.721517, 29.729769 ], [ -90.721567, 29.72949 ], [ -90.721583, 29.729421 ], [ -90.721592, 29.72935 ], [ -90.721601, 29.729315 ], [ -90.721597, 29.729294 ], [ -90.721618, 29.729214 ], [ -90.721632, 29.729109 ], [ -90.721629, 29.729075 ], [ -90.721646, 29.728868 ], [ -90.721647, 29.728798 ], [ -90.721658, 29.728729 ], [ -90.721664, 29.72864 ], [ -90.72167, 29.728556 ], [ -90.721668, 29.72852 ], [ -90.721673, 29.728416 ], [ -90.721684, 29.728346 ], [ -90.721684, 29.728205 ], [ -90.721691, 29.728099 ], [ -90.721699, 29.728065 ], [ -90.721719, 29.727855 ], [ -90.721728, 29.727608 ], [ -90.721737, 29.727538 ], [ -90.721734, 29.727502 ], [ -90.721747, 29.727432 ], [ -90.72175, 29.727254 ], [ -90.721729, 29.727111 ], [ -90.721719, 29.727076 ], [ -90.721686, 29.727011 ], [ -90.721659, 29.726985 ], [ -90.721612, 29.726926 ], [ -90.721494, 29.726827 ], [ -90.721332, 29.726716 ], [ -90.721265, 29.726675 ], [ -90.720716, 29.726371 ], [ -90.720645, 29.726337 ], [ -90.720511, 29.726256 ], [ -90.720365, 29.726192 ], [ -90.720058, 29.726017 ], [ -90.719992, 29.725975 ], [ -90.719855, 29.725898 ], [ -90.719755, 29.725836 ], [ -90.719627, 29.725746 ], [ -90.719557, 29.725713 ], [ -90.71949, 29.725672 ], [ -90.719455, 29.725655 ], [ -90.719252, 29.725538 ], [ -90.718953, 29.725351 ], [ -90.718549, 29.725109 ], [ -90.718479, 29.725072 ], [ -90.718178, 29.724885 ], [ -90.717817, 29.724647 ], [ -90.717545, 29.724488 ], [ -90.717475, 29.724453 ], [ -90.717201, 29.7243 ], [ -90.717134, 29.724259 ], [ -90.716547, 29.723937 ], [ -90.716475, 29.723906 ], [ -90.716406, 29.723869 ], [ -90.71637, 29.723854 ], [ -90.716232, 29.723779 ], [ -90.716159, 29.72375 ], [ -90.716052, 29.723701 ], [ -90.715978, 29.723674 ], [ -90.715907, 29.723641 ], [ -90.715759, 29.723583 ], [ -90.715417, 29.723467 ], [ -90.715383, 29.723447 ], [ -90.715272, 29.723402 ], [ -90.714431, 29.723132 ], [ -90.714123, 29.723036 ], [ -90.714085, 29.723022 ], [ -90.713517, 29.722841 ], [ -90.713443, 29.722812 ], [ -90.713024, 29.722677 ], [ -90.712947, 29.722656 ], [ -90.712605, 29.722544 ], [ -90.712102, 29.72238 ], [ -90.712009, 29.722349 ], [ -90.711731, 29.722259 ], [ -90.711639, 29.722229 ], [ -90.711422, 29.722156 ], [ -90.711356, 29.722135 ], [ -90.711279, 29.722114 ], [ -90.710769, 29.721945 ], [ -90.710553, 29.721874 ], [ -90.710305, 29.721791 ], [ -90.710227, 29.721772 ], [ -90.710152, 29.721744 ], [ -90.710085, 29.721722 ], [ -90.709697, 29.721597 ], [ -90.709622, 29.721568 ], [ -90.709318, 29.721468 ], [ -90.709241, 29.721447 ], [ -90.708709, 29.721272 ], [ -90.708682, 29.721263 ], [ -90.708331, 29.721143 ], [ -90.708253, 29.721123 ], [ -90.708217, 29.721106 ], [ -90.708128, 29.721081 ], [ -90.707711, 29.720943 ], [ -90.707637, 29.720913 ], [ -90.707561, 29.72089 ], [ -90.707524, 29.720875 ], [ -90.707107, 29.720737 ], [ -90.706954, 29.72069 ], [ -90.70688, 29.720661 ], [ -90.706765, 29.720625 ], [ -90.706428, 29.7205 ], [ -90.706388, 29.720492 ], [ -90.706194, 29.720436 ], [ -90.704288, 29.72 ], [ -90.703581, 29.719823 ], [ -90.703114, 29.719695 ], [ -90.702808, 29.7196 ], [ -90.702735, 29.719569 ], [ -90.702546, 29.719503 ], [ -90.702374, 29.719437 ], [ -90.702361, 29.719433 ], [ -90.701961, 29.71926 ], [ -90.701926, 29.719242 ], [ -90.701852, 29.719213 ], [ -90.701782, 29.719177 ], [ -90.701376, 29.719014 ], [ -90.7013, 29.718989 ], [ -90.701005, 29.718875 ], [ -90.700969, 29.718858 ], [ -90.700747, 29.718774 ], [ -90.700566, 29.718706 ], [ -90.700262, 29.718598 ], [ -90.700069, 29.718542 ], [ -90.699844, 29.718489 ], [ -90.699716, 29.718458 ], [ -90.699637, 29.718445 ], [ -90.699567, 29.718428 ], [ -90.699207, 29.718345 ], [ -90.698935, 29.718277 ], [ -90.698855, 29.718265 ], [ -90.698739, 29.718239 ], [ -90.698541, 29.718197 ], [ -90.698463, 29.718177 ], [ -90.698257, 29.718134 ], [ -90.69822, 29.718121 ], [ -90.698103, 29.718092 ], [ -90.698042, 29.71808 ], [ -90.698024, 29.718077 ], [ -90.697597, 29.717973 ], [ -90.697522, 29.717949 ], [ -90.697405, 29.717922 ], [ -90.697365, 29.717917 ], [ -90.697289, 29.717895 ], [ -90.697249, 29.717888 ], [ -90.697134, 29.717858 ], [ -90.696938, 29.717816 ], [ -90.696863, 29.717793 ], [ -90.696784, 29.717777 ], [ -90.696705, 29.717762 ], [ -90.696363, 29.717682 ], [ -90.696277, 29.717665 ], [ -90.6962, 29.717642 ], [ -90.696043, 29.717612 ], [ -90.695693, 29.717532 ], [ -90.695614, 29.717517 ], [ -90.695537, 29.717494 ], [ -90.695342, 29.717451 ], [ -90.695263, 29.717438 ], [ -90.69495, 29.717368 ], [ -90.694874, 29.717346 ], [ -90.694561, 29.717276 ], [ -90.694521, 29.71727 ], [ -90.694444, 29.71725 ], [ -90.694365, 29.717237 ], [ -90.694169, 29.717194 ], [ -90.694092, 29.717171 ], [ -90.694013, 29.717157 ], [ -90.693662, 29.717074 ], [ -90.693582, 29.717061 ], [ -90.693269, 29.71699 ], [ -90.693192, 29.716968 ], [ -90.692761, 29.71687 ], [ -90.692681, 29.716856 ], [ -90.692367, 29.716785 ], [ -90.69229, 29.716763 ], [ -90.691857, 29.716665 ], [ -90.691778, 29.716651 ], [ -90.6917, 29.716631 ], [ -90.691226, 29.716528 ], [ -90.691148, 29.716506 ], [ -90.690478, 29.71636 ], [ -90.690428, 29.716351 ], [ -90.690398, 29.716346 ], [ -90.689965, 29.716252 ], [ -90.689887, 29.716231 ], [ -90.68906, 29.716054 ], [ -90.688983, 29.716032 ], [ -90.688943, 29.716026 ], [ -90.688907, 29.716015 ], [ -90.6888, 29.715982 ], [ -90.688765, 29.715972 ], [ -90.688612, 29.715926 ], [ -90.688259, 29.715836 ], [ -90.687954, 29.715805 ], [ -90.687653, 29.715775 ], [ -90.687489, 29.715769 ], [ -90.686467, 29.715754 ], [ -90.686017, 29.715751 ], [ -90.685977, 29.715746 ], [ -90.685895, 29.715743 ], [ -90.685468, 29.715713 ], [ -90.68533, 29.715704 ], [ -90.68525, 29.715693 ], [ -90.685087, 29.715685 ], [ -90.685007, 29.715675 ], [ -90.684683, 29.71565 ], [ -90.684642, 29.715651 ], [ -90.684572, 29.715641 ], [ -90.684531, 29.715641 ], [ -90.684515, 29.715638 ], [ -90.684451, 29.715628 ], [ -90.68413, 29.715593 ], [ -90.684049, 29.715589 ], [ -90.68401, 29.71558 ], [ -90.683793, 29.715557 ], [ -90.683755, 29.715547 ], [ -90.683722, 29.715544 ], [ -90.683352, 29.715521 ], [ -90.683273, 29.71551 ], [ -90.683112, 29.715508 ], [ -90.682854, 29.715479 ], [ -90.682752, 29.715468 ], [ -90.682673, 29.715451 ], [ -90.682567, 29.715437 ], [ -90.682472, 29.715424 ], [ -90.682392, 29.715419 ], [ -90.682354, 29.71541 ], [ -90.682233, 29.715407 ], [ -90.681782, 29.715424 ], [ -90.6817, 29.715431 ], [ -90.68166, 29.715439 ], [ -90.681623, 29.715454 ], [ -90.681473, 29.715494 ], [ -90.68129, 29.715572 ], [ -90.681255, 29.71559 ], [ -90.68106, 29.715644 ], [ -90.680983, 29.715669 ], [ -90.680822, 29.715696 ], [ -90.680735, 29.715703 ], [ -90.680661, 29.715709 ], [ -90.68058, 29.715719 ], [ -90.680459, 29.715723 ], [ -90.680215, 29.71572 ], [ -90.679725, 29.715673 ], [ -90.679563, 29.71565 ], [ -90.67916, 29.715581 ], [ -90.678874, 29.715556 ], [ -90.678467, 29.715534 ], [ -90.678426, 29.715537 ], [ -90.678344, 29.715535 ], [ -90.67802, 29.715546 ], [ -90.677616, 29.715594 ], [ -90.677536, 29.7156 ], [ -90.676893, 29.715714 ], [ -90.676812, 29.715722 ], [ -90.67657, 29.715755 ], [ -90.676086, 29.715829 ], [ -90.675724, 29.715873 ], [ -90.675643, 29.715877 ], [ -90.675141, 29.715927 ], [ -90.675079, 29.715934 ], [ -90.675039, 29.715941 ], [ -90.674798, 29.715966 ], [ -90.674718, 29.715969 ], [ -90.674637, 29.71598 ], [ -90.674597, 29.715981 ], [ -90.674316, 29.716014 ], [ -90.673996, 29.716046 ], [ -90.673915, 29.716049 ], [ -90.673835, 29.71606 ], [ -90.673795, 29.716061 ], [ -90.673635, 29.716083 ], [ -90.673514, 29.716092 ], [ -90.673273, 29.716103 ], [ -90.673015, 29.716103 ], [ -90.672502, 29.716105 ], [ -90.672379, 29.716101 ], [ -90.6723, 29.71609 ], [ -90.672243, 29.716085 ], [ -90.672016, 29.716069 ], [ -90.671987, 29.716071 ], [ -90.671756, 29.716089 ], [ -90.671447, 29.716114 ], [ -90.671366, 29.716124 ], [ -90.671066, 29.716147 ], [ -90.670836, 29.716165 ], [ -90.670698, 29.716173 ], [ -90.670618, 29.716184 ], [ -90.670457, 29.716193 ], [ -90.670399, 29.716197 ], [ -90.670359, 29.716205 ], [ -90.670278, 29.716207 ], [ -90.670198, 29.716216 ], [ -90.669956, 29.716235 ], [ -90.669876, 29.716246 ], [ -90.669796, 29.71625 ], [ -90.669434, 29.716283 ], [ -90.669394, 29.716283 ], [ -90.669314, 29.716293 ], [ -90.669233, 29.716295 ], [ -90.668992, 29.716317 ], [ -90.668912, 29.716321 ], [ -90.668872, 29.716328 ], [ -90.668752, 29.716339 ], [ -90.668671, 29.716341 ], [ -90.668591, 29.71635 ], [ -90.668431, 29.716362 ], [ -90.668391, 29.71637 ], [ -90.668351, 29.716369 ], [ -90.667951, 29.71641 ], [ -90.667911, 29.716411 ], [ -90.666164, 29.716541 ], [ -90.666084, 29.716552 ], [ -90.666003, 29.716556 ], [ -90.665842, 29.716571 ], [ -90.665113, 29.716625 ], [ -90.665034, 29.716635 ], [ -90.664186, 29.716698 ], [ -90.664106, 29.716709 ], [ -90.663256, 29.716765 ], [ -90.662933, 29.716791 ], [ -90.662598, 29.716814 ], [ -90.662365, 29.71683 ], [ -90.6622, 29.716827 ], [ -90.662161, 29.716818 ], [ -90.661954, 29.71682 ], [ -90.661913, 29.716778 ], [ -90.661691, 29.716835 ], [ -90.661569, 29.716849 ], [ -90.661491, 29.716866 ], [ -90.661371, 29.716883 ], [ -90.661211, 29.716889 ], [ -90.661132, 29.716902 ], [ -90.660933, 29.716919 ], [ -90.660773, 29.716927 ], [ -90.660694, 29.71694 ], [ -90.660614, 29.716943 ], [ -90.660574, 29.716949 ], [ -90.660334, 29.716967 ], [ -90.660255, 29.716976 ], [ -90.660214, 29.716976 ], [ -90.660094, 29.716985 ], [ -90.660015, 29.716997 ], [ -90.659934, 29.717 ], [ -90.659894, 29.717006 ], [ -90.659694, 29.717022 ], [ -90.659613, 29.717025 ], [ -90.659413, 29.717043 ], [ -90.659292, 29.717049 ], [ -90.659213, 29.71706 ], [ -90.659132, 29.717062 ], [ -90.659092, 29.717068 ], [ -90.658768, 29.717073 ], [ -90.658604, 29.717069 ], [ -90.658441, 29.717053 ], [ -90.65832, 29.717034 ], [ -90.658129, 29.716974 ], [ -90.658093, 29.716958 ], [ -90.657601, 29.716697 ], [ -90.657467, 29.716616 ], [ -90.657404, 29.716572 ], [ -90.657336, 29.716532 ], [ -90.657019, 29.716364 ], [ -90.656881, 29.716298 ], [ -90.656735, 29.716235 ], [ -90.656394, 29.716117 ], [ -90.656097, 29.716004 ], [ -90.65602, 29.715981 ], [ -90.655834, 29.715911 ], [ -90.655761, 29.715879 ], [ -90.655686, 29.715854 ], [ -90.655465, 29.715768 ], [ -90.655389, 29.715744 ], [ -90.655279, 29.715699 ], [ -90.655055, 29.715621 ], [ -90.654979, 29.715598 ], [ -90.654906, 29.715566 ], [ -90.65472, 29.715498 ], [ -90.654643, 29.715474 ], [ -90.654608, 29.715455 ], [ -90.654532, 29.71543 ], [ -90.654127, 29.715268 ], [ -90.654055, 29.715235 ], [ -90.653906, 29.715181 ], [ -90.65387, 29.715163 ], [ -90.653495, 29.715016 ], [ -90.653423, 29.714983 ], [ -90.653384, 29.714971 ], [ -90.653217, 29.714905 ], [ -90.65184, 29.71436 ], [ -90.651619, 29.714265 ], [ -90.651468, 29.714209 ], [ -90.651428, 29.714205 ], [ -90.651248, 29.714168 ], [ -90.651113, 29.714141 ], [ -90.651033, 29.714131 ], [ -90.650994, 29.714122 ], [ -90.650557, 29.71405 ], [ -90.650477, 29.714042 ], [ -90.650278, 29.714009 ], [ -90.6502, 29.713992 ], [ -90.650174, 29.713987 ], [ -90.649643, 29.7139 ], [ -90.649562, 29.713891 ], [ -90.649243, 29.713839 ], [ -90.649044, 29.713803 ], [ -90.649028, 29.7138 ], [ -90.648845, 29.713772 ], [ -90.648764, 29.713764 ], [ -90.648685, 29.713749 ], [ -90.648645, 29.713745 ], [ -90.647875, 29.713623 ], [ -90.647814, 29.713617 ], [ -90.647795, 29.713616 ], [ -90.647235, 29.71353 ], [ -90.646836, 29.713465 ], [ -90.646755, 29.713458 ], [ -90.646195, 29.713369 ], [ -90.645351, 29.713248 ], [ -90.64532, 29.713241 ], [ -90.645272, 29.713232 ], [ -90.645231, 29.71323 ], [ -90.645175, 29.713223 ], [ -90.645097, 29.713207 ], [ -90.644936, 29.713187 ], [ -90.644489, 29.713119 ], [ -90.644459, 29.713114 ], [ -90.644379, 29.713105 ], [ -90.6443, 29.713089 ], [ -90.644034, 29.713048 ], [ -90.643982, 29.713041 ], [ -90.643942, 29.713039 ], [ -90.643703, 29.713006 ], [ -90.643625, 29.712988 ], [ -90.643465, 29.712971 ], [ -90.643426, 29.712961 ], [ -90.643143, 29.712928 ], [ -90.643063, 29.712915 ], [ -90.642817, 29.712912 ], [ -90.642664, 29.712918 ], [ -90.64241, 29.712929 ], [ -90.64237, 29.712935 ], [ -90.642206, 29.712948 ], [ -90.642127, 29.712954 ], [ -90.642042, 29.712957 ], [ -90.641601, 29.71299 ], [ -90.641552, 29.712996 ], [ -90.641521, 29.713 ], [ -90.641389, 29.71301 ], [ -90.640955, 29.713042 ], [ -90.640873, 29.713045 ], [ -90.640429, 29.713077 ], [ -90.640349, 29.713088 ], [ -90.639904, 29.713121 ], [ -90.639883, 29.713121 ], [ -90.639823, 29.713123 ], [ -90.6395, 29.713148 ], [ -90.639419, 29.713159 ], [ -90.639176, 29.713182 ], [ -90.638443, 29.713233 ], [ -90.638077, 29.71326 ], [ -90.637996, 29.71327 ], [ -90.637585, 29.713288 ], [ -90.637536, 29.713288 ], [ -90.637455, 29.713294 ], [ -90.637253, 29.713294 ], [ -90.637172, 29.71329 ], [ -90.637091, 29.713293 ], [ -90.637051, 29.71329 ], [ -90.63677, 29.713294 ], [ -90.63653, 29.713286 ], [ -90.636451, 29.713287 ], [ -90.636411, 29.713281 ], [ -90.636291, 29.713277 ], [ -90.636211, 29.713281 ], [ -90.635971, 29.713272 ], [ -90.635891, 29.713273 ], [ -90.635811, 29.713266 ], [ -90.635612, 29.713259 ], [ -90.635532, 29.713263 ], [ -90.635412, 29.713259 ], [ -90.635372, 29.713253 ], [ -90.635361, 29.713253 ], [ -90.635292, 29.713254 ], [ -90.635132, 29.713249 ], [ -90.635092, 29.713253 ], [ -90.635012, 29.713248 ], [ -90.634867, 29.713244 ], [ -90.634732, 29.713241 ], [ -90.634652, 29.713242 ], [ -90.634612, 29.713236 ], [ -90.634372, 29.713228 ], [ -90.634292, 29.713232 ], [ -90.634092, 29.713228 ], [ -90.634011, 29.713223 ], [ -90.633971, 29.713217 ], [ -90.633935, 29.713198 ], [ -90.633904, 29.713175 ], [ -90.633878, 29.713146 ], [ -90.633843, 29.713154 ], [ -90.633828, 29.713158 ], [ -90.633739, 29.713165 ], [ -90.633705, 29.713169 ], [ -90.633541, 29.713184 ], [ -90.633421, 29.713207 ], [ -90.633141, 29.713225 ], [ -90.632481, 29.713268 ], [ -90.631661, 29.713338 ], [ -90.631445, 29.713359 ], [ -90.630881, 29.713415 ], [ -90.630833, 29.713421 ], [ -90.630752, 29.713426 ], [ -90.629779, 29.713524 ], [ -90.629577, 29.71354 ], [ -90.629235, 29.713574 ], [ -90.629212, 29.713577 ], [ -90.628727, 29.713637 ], [ -90.628364, 29.713683 ], [ -90.628284, 29.71369 ], [ -90.627078, 29.713844 ], [ -90.626998, 29.71385 ], [ -90.626838, 29.71387 ], [ -90.626637, 29.713889 ], [ -90.626476, 29.713898 ], [ -90.626437, 29.713892 ], [ -90.626277, 29.713894 ], [ -90.626197, 29.713887 ], [ -90.626156, 29.713887 ], [ -90.626036, 29.713872 ], [ -90.625797, 29.713834 ], [ -90.625638, 29.7138 ], [ -90.625558, 29.713787 ], [ -90.625043, 29.713664 ], [ -90.624884, 29.713645 ], [ -90.624805, 29.713629 ], [ -90.62461, 29.713578 ], [ -90.624491, 29.713555 ], [ -90.624411, 29.713546 ], [ -90.624333, 29.713531 ], [ -90.624134, 29.713493 ], [ -90.623819, 29.713438 ], [ -90.62374, 29.71343 ], [ -90.623622, 29.713409 ], [ -90.62327, 29.713335 ], [ -90.623191, 29.713325 ], [ -90.623113, 29.713306 ], [ -90.623074, 29.713301 ], [ -90.622799, 29.71324 ], [ -90.622759, 29.713235 ], [ -90.62271, 29.713224 ], [ -90.622641, 29.713208 ], [ -90.622562, 29.713186 ], [ -90.622454, 29.713149 ], [ -90.622065, 29.713017 ], [ -90.621696, 29.7129 ], [ -90.621443, 29.712821 ], [ -90.6212, 29.712756 ], [ -90.621084, 29.712725 ], [ -90.620781, 29.71262 ], [ -90.62048, 29.71253 ], [ -90.620278, 29.71247 ], [ -90.62024, 29.712456 ], [ -90.619874, 29.712335 ], [ -90.619806, 29.712313 ], [ -90.619383, 29.712189 ], [ -90.61896, 29.712059 ], [ -90.618772, 29.711992 ], [ -90.61841, 29.711864 ], [ -90.618388, 29.711856 ], [ -90.61831, 29.711829 ], [ -90.61799, 29.711702 ], [ -90.617937, 29.711681 ], [ -90.616715, 29.711258 ], [ -90.61629, 29.711111 ], [ -90.61624, 29.711098 ], [ -90.616169, 29.711067 ], [ -90.616057, 29.711029 ], [ -90.616017, 29.711021 ], [ -90.615981, 29.711006 ], [ -90.615944, 29.710992 ], [ -90.615719, 29.710918 ], [ -90.615683, 29.710903 ], [ -90.615607, 29.71088 ], [ -90.615535, 29.710849 ], [ -90.615495, 29.710841 ], [ -90.61531, 29.710772 ], [ -90.615085, 29.710695 ], [ -90.615056, 29.710682 ], [ -90.615012, 29.710663 ], [ -90.614787, 29.710585 ], [ -90.614748, 29.710575 ], [ -90.614595, 29.710516 ], [ -90.614436, 29.710455 ], [ -90.614358, 29.710433 ], [ -90.61417, 29.71037 ], [ -90.614131, 29.710354 ], [ -90.614096, 29.71034 ], [ -90.613977, 29.710301 ], [ -90.613793, 29.710241 ], [ -90.613681, 29.7102 ], [ -90.613604, 29.710177 ], [ -90.613511, 29.710143 ], [ -90.613307, 29.710069 ], [ -90.613235, 29.710037 ], [ -90.613123, 29.709997 ], [ -90.613084, 29.709988 ], [ -90.613049, 29.70997 ], [ -90.61245, 29.709768 ], [ -90.612218, 29.709695 ], [ -90.61212, 29.709656 ], [ -90.612032, 29.709621 ], [ -90.611962, 29.709586 ], [ -90.611812, 29.709531 ], [ -90.611741, 29.709497 ], [ -90.611701, 29.709487 ], [ -90.611667, 29.709469 ], [ -90.611453, 29.709394 ], [ -90.610811, 29.70917 ], [ -90.610597, 29.709096 ], [ -90.610338, 29.709009 ], [ -90.610315, 29.709002 ], [ -90.610128, 29.708933 ], [ -90.609974, 29.708885 ], [ -90.609864, 29.708838 ], [ -90.609729, 29.70876 ], [ -90.609588, 29.708688 ], [ -90.609554, 29.708671 ], [ -90.609349, 29.708559 ], [ -90.609259, 29.708508 ], [ -90.609184, 29.70847 ], [ -90.609153, 29.708454 ], [ -90.608917, 29.708311 ], [ -90.6087, 29.708188 ], [ -90.608538, 29.708097 ], [ -90.608473, 29.708063 ], [ -90.608328, 29.707998 ], [ -90.608224, 29.707943 ], [ -90.608159, 29.707901 ], [ -90.608129, 29.707884 ], [ -90.608055, 29.707844 ], [ -90.607983, 29.707811 ], [ -90.60795, 29.707792 ], [ -90.607807, 29.707726 ], [ -90.607603, 29.707618 ], [ -90.607534, 29.707581 ], [ -90.607471, 29.707539 ], [ -90.607332, 29.707469 ], [ -90.607166, 29.707375 ], [ -90.607034, 29.707296 ], [ -90.606964, 29.707263 ], [ -90.606912, 29.707232 ], [ -90.606833, 29.707184 ], [ -90.606796, 29.70717 ], [ -90.60659, 29.70706 ], [ -90.606525, 29.707018 ], [ -90.60651, 29.70701 ], [ -90.606346, 29.706923 ], [ -90.606179, 29.706835 ], [ -90.606112, 29.706795 ], [ -90.605861, 29.706658 ], [ -90.605803, 29.706627 ], [ -90.605737, 29.706585 ], [ -90.605701, 29.706568 ], [ -90.60554, 29.706481 ], [ -90.605524, 29.706466 ], [ -90.605512, 29.706455 ], [ -90.605358, 29.706286 ], [ -90.605104, 29.706019 ], [ -90.604964, 29.705872 ], [ -90.604871, 29.705781 ], [ -90.604673, 29.70561 ], [ -90.60458, 29.70553 ], [ -90.604556, 29.705502 ], [ -90.604499, 29.705451 ], [ -90.60445, 29.705396 ], [ -90.604256, 29.705214 ], [ -90.60407, 29.705026 ], [ -90.603834, 29.704794 ], [ -90.6038, 29.704761 ], [ -90.603751, 29.704705 ], [ -90.603639, 29.704601 ], [ -90.603588, 29.704546 ], [ -90.603555, 29.704524 ], [ -90.603453, 29.704426 ], [ -90.603421, 29.704403 ], [ -90.60325, 29.704252 ], [ -90.603198, 29.704198 ], [ -90.603026, 29.704048 ], [ -90.602947, 29.703967 ], [ -90.602917, 29.703943 ], [ -90.602708, 29.703731 ], [ -90.60266, 29.703674 ], [ -90.602581, 29.703595 ], [ -90.60255, 29.703572 ], [ -90.602357, 29.703378 ], [ -90.602301, 29.703327 ], [ -90.602253, 29.703272 ], [ -90.602119, 29.70314 ], [ -90.60209, 29.703116 ], [ -90.602039, 29.703062 ], [ -90.602009, 29.703039 ], [ -90.601846, 29.702884 ], [ -90.601797, 29.702828 ], [ -90.601716, 29.702751 ], [ -90.601685, 29.702727 ], [ -90.601662, 29.702698 ], [ -90.601503, 29.702554 ], [ -90.601369, 29.702423 ], [ -90.601338, 29.7024 ], [ -90.601324, 29.702387 ], [ -90.601091, 29.702166 ], [ -90.601042, 29.70211 ], [ -90.600803, 29.701872 ], [ -90.600752, 29.701817 ], [ -90.600364, 29.701454 ], [ -90.600338, 29.701429 ], [ -90.600033, 29.701138 ], [ -90.600019, 29.701104 ], [ -90.599983, 29.701085 ], [ -90.599884, 29.700996 ], [ -90.599811, 29.700931 ], [ -90.599501, 29.700643 ], [ -90.599473, 29.700617 ], [ -90.599379, 29.700521 ], [ -90.59934, 29.700482 ], [ -90.59928, 29.700427 ], [ -90.599246, 29.700396 ], [ -90.598961, 29.700171 ], [ -90.598854, 29.700087 ], [ -90.598823, 29.700062 ], [ -90.59876, 29.700016 ], [ -90.598641, 29.699919 ], [ -90.598576, 29.699876 ], [ -90.598088, 29.6995 ], [ -90.598034, 29.699459 ], [ -90.598, 29.699441 ], [ -90.597905, 29.699376 ], [ -90.597845, 29.699328 ], [ -90.597828, 29.699317 ], [ -90.597553, 29.699142 ], [ -90.597492, 29.699095 ], [ -90.597425, 29.699056 ], [ -90.597267, 29.698947 ], [ -90.597206, 29.6989 ], [ -90.596953, 29.698726 ], [ -90.596885, 29.698687 ], [ -90.596444, 29.698377 ], [ -90.596416, 29.698352 ], [ -90.596232, 29.698214 ], [ -90.596165, 29.698174 ], [ -90.59601, 29.698063 ], [ -90.59595, 29.698015 ], [ -90.595761, 29.697882 ], [ -90.595608, 29.697768 ], [ -90.595542, 29.697728 ], [ -90.595358, 29.697592 ], [ -90.595329, 29.697566 ], [ -90.595083, 29.697386 ], [ -90.595049, 29.697367 ], [ -90.594989, 29.69732 ], [ -90.594922, 29.697281 ], [ -90.594799, 29.697189 ], [ -90.594681, 29.697106 ], [ -90.594452, 29.696947 ], [ -90.594291, 29.696839 ], [ -90.594039, 29.696662 ], [ -90.593978, 29.696614 ], [ -90.593725, 29.696438 ], [ -90.593659, 29.696397 ], [ -90.59363, 29.696372 ], [ -90.593352, 29.69618 ], [ -90.593327, 29.69616 ], [ -90.593291, 29.696132 ], [ -90.593161, 29.696046 ], [ -90.593102, 29.695998 ], [ -90.593037, 29.695955 ], [ -90.593008, 29.695931 ], [ -90.592755, 29.695752 ], [ -90.59269, 29.69571 ], [ -90.592423, 29.695521 ], [ -90.592343, 29.695464 ], [ -90.592314, 29.69544 ], [ -90.592249, 29.695397 ], [ -90.59219, 29.695349 ], [ -90.592155, 29.69533 ], [ -90.592125, 29.695305 ], [ -90.591795, 29.69507 ], [ -90.590808, 29.694365 ], [ -90.590479, 29.69413 ], [ -90.590437, 29.694103 ], [ -90.590377, 29.694055 ], [ -90.590222, 29.693942 ], [ -90.590177, 29.693914 ], [ -90.590156, 29.693902 ], [ -90.589598, 29.693495 ], [ -90.589532, 29.693454 ], [ -90.589471, 29.693408 ], [ -90.589438, 29.693388 ], [ -90.589272, 29.693266 ], [ -90.589252, 29.693252 ], [ -90.589223, 29.693227 ], [ -90.589035, 29.693094 ], [ -90.589001, 29.693075 ], [ -90.588973, 29.693049 ], [ -90.588938, 29.693029 ], [ -90.588879, 29.692982 ], [ -90.588863, 29.692971 ], [ -90.588561, 29.692761 ], [ -90.58853, 29.692739 ], [ -90.588421, 29.692661 ], [ -90.58831, 29.692581 ], [ -90.588247, 29.692535 ], [ -90.588213, 29.692515 ], [ -90.588155, 29.692474 ], [ -90.588086, 29.692426 ], [ -90.587977, 29.692347 ], [ -90.587868, 29.692267 ], [ -90.587805, 29.692221 ], [ -90.587123, 29.691714 ], [ -90.587059, 29.691669 ], [ -90.586991, 29.691631 ], [ -90.586928, 29.691587 ], [ -90.586699, 29.691441 ], [ -90.586603, 29.691374 ], [ -90.586343, 29.691144 ], [ -90.586247, 29.691029 ], [ -90.586187, 29.690947 ], [ -90.586116, 29.690995 ], [ -90.586025, 29.691055 ], [ -90.585907, 29.691068 ], [ -90.585631, 29.691102 ], [ -90.585091, 29.690338 ], [ -90.584184, 29.689777 ], [ -90.583989, 29.689702 ], [ -90.583794, 29.689628 ], [ -90.583355, 29.689431 ], [ -90.58295, 29.689249 ], [ -90.582333, 29.689013 ], [ -90.581961, 29.688815 ], [ -90.581218, 29.688348 ], [ -90.580971, 29.688193 ], [ -90.580482, 29.687886 ], [ -90.580252, 29.687741 ], [ -90.580214, 29.687711 ], [ -90.580168, 29.687689 ], [ -90.579952, 29.687552 ], [ -90.579175, 29.687063 ], [ -90.578916, 29.6869 ], [ -90.578788, 29.686819 ], [ -90.578584, 29.686691 ], [ -90.577588, 29.686065 ], [ -90.577257, 29.685857 ], [ -90.576414, 29.68533 ], [ -90.57593, 29.68498 ], [ -90.575715, 29.684824 ], [ -90.574959, 29.684131 ], [ -90.573851, 29.683175 ], [ -90.57324, 29.68252 ], [ -90.573183, 29.682432 ], [ -90.572749, 29.681998 ], [ -90.572617, 29.681888 ], [ -90.572436, 29.681744 ], [ -90.572138, 29.681509 ], [ -90.571213, 29.680728 ], [ -90.570767, 29.680352 ], [ -90.569425, 29.679222 ], [ -90.568988, 29.67885 ], [ -90.568889, 29.678765 ], [ -90.568547, 29.678472 ], [ -90.567983, 29.67799 ], [ -90.567265, 29.677294 ], [ -90.566849, 29.676891 ], [ -90.566723, 29.676759 ], [ -90.566264, 29.675989 ], [ -90.566229, 29.675934 ], [ -90.565502, 29.674801 ], [ -90.565288, 29.674428 ], [ -90.565005, 29.673674 ], [ -90.564885, 29.673383 ], [ -90.564753, 29.672921 ], [ -90.564735, 29.67287 ], [ -90.564363, 29.671789 ], [ -90.564223, 29.67139 ], [ -90.56413, 29.671123 ], [ -90.56383, 29.670184 ], [ -90.563702, 29.669782 ], [ -90.563595, 29.669494 ], [ -90.563494, 29.669221 ], [ -90.563291, 29.668626 ], [ -90.563192, 29.668336 ], [ -90.563148, 29.668182 ], [ -90.563096, 29.668029 ], [ -90.56279, 29.667117 ], [ -90.562688, 29.666813 ], [ -90.562574, 29.666495 ], [ -90.562424, 29.666076 ], [ -90.562333, 29.665517 ], [ -90.562279, 29.665185 ], [ -90.562254, 29.665105 ], [ -90.562247, 29.665081 ], [ -90.562287, 29.66486 ], [ -90.562298, 29.664806 ], [ -90.562305, 29.664779 ], [ -90.562367, 29.664515 ], [ -90.553136, 29.665531 ], [ -90.54682, 29.666342 ], [ -90.542936, 29.666842 ], [ -90.542253, 29.666926 ], [ -90.541453, 29.667025 ], [ -90.540202, 29.667159 ], [ -90.540055, 29.667175 ], [ -90.539523, 29.667267 ], [ -90.539385, 29.667249 ], [ -90.538974, 29.667195 ], [ -90.538931, 29.66719 ], [ -90.538837, 29.667178 ], [ -90.538837, 29.666957 ], [ -90.538839, 29.666556 ], [ -90.538834, 29.666413 ], [ -90.538817, 29.666297 ], [ -90.538814, 29.666271 ], [ -90.538811, 29.6662 ], [ -90.538793, 29.666079 ], [ -90.53879, 29.666058 ], [ -90.538786, 29.665952 ], [ -90.53879, 29.665456 ], [ -90.538795, 29.665385 ], [ -90.538796, 29.664886 ], [ -90.538793, 29.664815 ], [ -90.538796, 29.6641 ], [ -90.538822, 29.663449 ], [ -90.538838, 29.663059 ], [ -90.538841, 29.662556 ], [ -90.538773, 29.662129 ], [ -90.538769, 29.661841 ], [ -90.538783, 29.661733 ], [ -90.538858, 29.661417 ], [ -90.538921, 29.66109 ], [ -90.538945, 29.660731 ], [ -90.53903, 29.65998 ], [ -90.53905, 29.659837 ], [ -90.539122, 29.659483 ], [ -90.539168, 29.659197 ], [ -90.539364, 29.658537 ], [ -90.539456, 29.6583 ], [ -90.539492, 29.658235 ], [ -90.539535, 29.658175 ], [ -90.53989, 29.65761 ], [ -90.539907, 29.657577 ], [ -90.539968, 29.657484 ], [ -90.540083, 29.657335 ], [ -90.540389, 29.656995 ], [ -90.540775, 29.656527 ], [ -90.541034, 29.656167 ], [ -90.541146, 29.656013 ], [ -90.541164, 29.655981 ], [ -90.541384, 29.655724 ], [ -90.541579, 29.65541 ], [ -90.541738, 29.655078 ], [ -90.542096, 29.65435 ], [ -90.542166, 29.654144 ], [ -90.542233, 29.653853 ], [ -90.542247, 29.653791 ], [ -90.542286, 29.653652 ], [ -90.542294, 29.653511 ], [ -90.542354, 29.653191 ], [ -90.542366, 29.653044 ], [ -90.542385, 29.652833 ], [ -90.54234, 29.651969 ], [ -90.542313, 29.651791 ], [ -90.542297, 29.651722 ], [ -90.542268, 29.651547 ], [ -90.542262, 29.651477 ], [ -90.541929, 29.650785 ], [ -90.541866, 29.65068 ], [ -90.541738, 29.650467 ], [ -90.54147, 29.650063 ], [ -90.541427, 29.649986 ], [ -90.54125, 29.649733 ], [ -90.541089, 29.649601 ], [ -90.540017, 29.648722 ], [ -90.53988, 29.648634 ], [ -90.539445, 29.648356 ], [ -90.539488, 29.648281 ], [ -90.539532, 29.648206 ], [ -90.53959, 29.648106 ], [ -90.539607, 29.648075 ], [ -90.539647, 29.648005 ], [ -90.539848, 29.647879 ], [ -90.539953, 29.647821 ], [ -90.540256, 29.647634 ], [ -90.540488, 29.647483 ], [ -90.540672, 29.647401 ], [ -90.540919, 29.647271 ], [ -90.54128, 29.647096 ], [ -90.541609, 29.646878 ], [ -90.542145, 29.646542 ], [ -90.542869, 29.646125 ], [ -90.543511, 29.645799 ], [ -90.543717, 29.645678 ], [ -90.543777, 29.645648 ], [ -90.543861, 29.645608 ], [ -90.543893, 29.645585 ], [ -90.543968, 29.645499 ], [ -90.544011, 29.645437 ], [ -90.544039, 29.645411 ], [ -90.544101, 29.645364 ], [ -90.544678, 29.645014 ], [ -90.544743, 29.644971 ], [ -90.544975, 29.644818 ], [ -90.545089, 29.644778 ], [ -90.545163, 29.644747 ], [ -90.545269, 29.644691 ], [ -90.545333, 29.644645 ], [ -90.545435, 29.644547 ], [ -90.545445, 29.644539 ], [ -90.545855, 29.644296 ], [ -90.54622, 29.64406 ], [ -90.546584, 29.643876 ], [ -90.546828, 29.643753 ], [ -90.547227, 29.643497 ], [ -90.547553, 29.643303 ], [ -90.547637, 29.643254 ], [ -90.548137, 29.643 ], [ -90.548174, 29.642985 ], [ -90.54829, 29.642949 ], [ -90.548271, 29.64292 ], [ -90.548336, 29.642886 ], [ -90.548402, 29.642851 ], [ -90.549979, 29.642017 ], [ -90.552347, 29.640766 ], [ -90.554634, 29.639558 ], [ -90.558346, 29.637378 ], [ -90.558496, 29.637197 ], [ -90.558778, 29.636855 ], [ -90.558938, 29.636447 ], [ -90.559, 29.636289 ], [ -90.558985, 29.636139 ], [ -90.558934, 29.63562 ], [ -90.558062, 29.631297 ], [ -90.557907, 29.630746 ], [ -90.557873, 29.630624 ], [ -90.557038, 29.626219 ], [ -90.556997, 29.626017 ], [ -90.556876, 29.625413 ], [ -90.556836, 29.625212 ], [ -90.556584, 29.623934 ], [ -90.55653, 29.62318 ], [ -90.556238, 29.619037 ], [ -90.55622, 29.618781 ], [ -90.556129, 29.617436 ], [ -90.556116, 29.617246 ], [ -90.556142, 29.617022 ], [ -90.556266, 29.615998 ], [ -90.556617, 29.615253 ], [ -90.55666, 29.615162 ], [ -90.556703, 29.61507 ], [ -90.557186, 29.614045 ], [ -90.557668, 29.61302 ], [ -90.55903, 29.610127 ], [ -90.560391, 29.607234 ], [ -90.560666, 29.606719 ], [ -90.560942, 29.606205 ], [ -90.56135, 29.605442 ], [ -90.562572, 29.602977 ], [ -90.562903, 29.602563 ], [ -90.57247, 29.594263 ], [ -90.57298, 29.593771 ], [ -90.573164, 29.593593 ], [ -90.573349, 29.593415 ], [ -90.573801, 29.592979 ], [ -90.574253, 29.592543 ], [ -90.576096, 29.590766 ], [ -90.577939, 29.588989 ], [ -90.578011, 29.588919 ], [ -90.577933, 29.588868 ], [ -90.577702, 29.588715 ], [ -90.577625, 29.588665 ], [ -90.577603, 29.588651 ], [ -90.577585, 29.588619 ], [ -90.575688, 29.586442 ], [ -90.575588, 29.586328 ], [ -90.5743, 29.584877 ], [ -90.574275, 29.584849 ], [ -90.573986, 29.584516 ], [ -90.573404, 29.583845 ], [ -90.573379, 29.583816 ], [ -90.573067, 29.583481 ], [ -90.572866, 29.583253 ], [ -90.572834, 29.583236 ], [ -90.572816, 29.583227 ], [ -90.572245, 29.582812 ], [ -90.570955, 29.581916 ], [ -90.570927, 29.581897 ], [ -90.569523, 29.580894 ], [ -90.567665, 29.579595 ], [ -90.566304, 29.578626 ], [ -90.56606, 29.578442 ], [ -90.56074, 29.574651 ], [ -90.559722, 29.573926 ], [ -90.557405, 29.572305 ], [ -90.556802, 29.571868 ], [ -90.556738, 29.571823 ], [ -90.556482, 29.571641 ], [ -90.55642, 29.571593 ], [ -90.556368, 29.571494 ], [ -90.556315, 29.571394 ], [ -90.55625, 29.571386 ], [ -90.556169, 29.57137 ], [ -90.556093, 29.571343 ], [ -90.556023, 29.571305 ], [ -90.555233, 29.570726 ], [ -90.554008, 29.569814 ], [ -90.554008, 29.569574 ], [ -90.553787, 29.569559 ], [ -90.553612, 29.569471 ], [ -90.55352, 29.569284 ], [ -90.553513, 29.569229 ], [ -90.553459, 29.569206 ], [ -90.553345, 29.569244 ], [ -90.5532, 29.569393 ], [ -90.553001, 29.569361 ], [ -90.551842, 29.569107 ], [ -90.550438, 29.56953 ], [ -90.549587, 29.569568 ], [ -90.548836, 29.569601 ], [ -90.547791, 29.569613 ], [ -90.547636, 29.569556 ], [ -90.547598, 29.568458 ], [ -90.547588, 29.568027 ], [ -90.547563, 29.567885 ], [ -90.54755, 29.567851 ], [ -90.547511, 29.567787 ], [ -90.547439, 29.567699 ], [ -90.547371, 29.566368 ], [ -90.547371, 29.56635 ], [ -90.547369, 29.566223 ], [ -90.547296, 29.56619 ], [ -90.547259, 29.566174 ], [ -90.54718, 29.566153 ], [ -90.547139, 29.566146 ], [ -90.547057, 29.566143 ], [ -90.546463, 29.566145 ], [ -90.546424, 29.565537 ], [ -90.546384, 29.564248 ], [ -90.546337, 29.562265 ], [ -90.54632, 29.562133 ], [ -90.546349, 29.562021 ], [ -90.546406, 29.561899 ], [ -90.546192, 29.561866 ], [ -90.546073, 29.561878 ], [ -90.546098, 29.56177 ], [ -90.546177, 29.561446 ], [ -90.546204, 29.561339 ], [ -90.546438, 29.561305 ], [ -90.547062, 29.561316 ], [ -90.547079, 29.561233 ], [ -90.547129, 29.561003 ], [ -90.547092, 29.559912 ], [ -90.546984, 29.556639 ], [ -90.546948, 29.555549 ], [ -90.547594, 29.55558 ], [ -90.547633, 29.555582 ], [ -90.548199, 29.55562 ], [ -90.548696, 29.555643 ], [ -90.549224, 29.555725 ], [ -90.549523, 29.555775 ], [ -90.549551, 29.55578 ], [ -90.549608, 29.55578 ], [ -90.550017, 29.555857 ], [ -90.55015, 29.555917 ], [ -90.550126, 29.555418 ], [ -90.550059, 29.553926 ], [ -90.550035, 29.553428 ], [ -90.550238, 29.553479 ], [ -90.550262, 29.553485 ], [ -90.551783, 29.553921 ], [ -90.553429, 29.554437 ], [ -90.554406, 29.554708 ], [ -90.554909, 29.554835 ], [ -90.555298, 29.554875 ], [ -90.555915, 29.554922 ], [ -90.556867, 29.554937 ], [ -90.55809, 29.554923 ], [ -90.55872, 29.554913 ], [ -90.560614, 29.554882 ], [ -90.561171, 29.554874 ], [ -90.561243, 29.554874 ], [ -90.561286, 29.554873 ], [ -90.561354, 29.554872 ], [ -90.561688, 29.554874 ], [ -90.561779, 29.554874 ], [ -90.5618, 29.554874 ], [ -90.562001, 29.554868 ], [ -90.562603, 29.554852 ], [ -90.562806, 29.554864 ], [ -90.563464, 29.55489 ], [ -90.563779, 29.554959 ], [ -90.563982, 29.554998 ], [ -90.564308, 29.555111 ], [ -90.564894, 29.555297 ], [ -90.565672, 29.555573 ], [ -90.568684, 29.556635 ], [ -90.568812, 29.55668 ], [ -90.569084, 29.556776 ], [ -90.569902, 29.557066 ], [ -90.570175, 29.557163 ], [ -90.570639, 29.557328 ], [ -90.570738, 29.557363 ], [ -90.571245, 29.557543 ], [ -90.57203, 29.557832 ], [ -90.572202, 29.557896 ], [ -90.572489, 29.558014 ], [ -90.572902, 29.558183 ], [ -90.57308, 29.558256 ], [ -90.574133, 29.55871 ], [ -90.574544, 29.558887 ], [ -90.574591, 29.559064 ], [ -90.574611, 29.559141 ], [ -90.574935, 29.559126 ], [ -90.57735, 29.560338 ], [ -90.577417, 29.56037 ], [ -90.577586, 29.56046 ], [ -90.577896, 29.560625 ], [ -90.578065, 29.560715 ], [ -90.578655, 29.561051 ], [ -90.578848, 29.561161 ], [ -90.57907, 29.561287 ], [ -90.579292, 29.561436 ], [ -90.579445, 29.561527 ], [ -90.579707, 29.561683 ], [ -90.580833, 29.562359 ], [ -90.581819, 29.562981 ], [ -90.583257, 29.563944 ], [ -90.583583, 29.564184 ], [ -90.587322, 29.56667 ], [ -90.587882, 29.566948 ], [ -90.588241, 29.567127 ], [ -90.58854, 29.567226 ], [ -90.58911, 29.567415 ], [ -90.589339, 29.567491 ], [ -90.589761, 29.567631 ], [ -90.590391, 29.567915 ], [ -90.590546, 29.567985 ], [ -90.590566, 29.567994 ], [ -90.590613, 29.568015 ], [ -90.590842, 29.568118 ], [ -90.591294, 29.568322 ], [ -90.591438, 29.568387 ], [ -90.593596, 29.569498 ], [ -90.593882, 29.569717 ], [ -90.593969, 29.569774 ], [ -90.594184, 29.569886 ], [ -90.594567, 29.569993 ], [ -90.59493, 29.570095 ], [ -90.596041, 29.570453 ], [ -90.597483, 29.571015 ], [ -90.599663, 29.571874 ], [ -90.600379, 29.572154 ], [ -90.601488, 29.572619 ], [ -90.602059, 29.572856 ], [ -90.602126, 29.572896 ], [ -90.602723, 29.573249 ], [ -90.602959, 29.573428 ], [ -90.603635, 29.573936 ], [ -90.604546, 29.574852 ], [ -90.604624, 29.574965 ], [ -90.604673, 29.575035 ], [ -90.60475, 29.575103 ], [ -90.604905, 29.575329 ], [ -90.605093, 29.575599 ], [ -90.605172, 29.57576 ], [ -90.605218, 29.575843 ], [ -90.605285, 29.575931 ], [ -90.605521, 29.576241 ], [ -90.605797, 29.576641 ], [ -90.605816, 29.576718 ], [ -90.605867, 29.57691 ], [ -90.60671, 29.578192 ], [ -90.606994, 29.578543 ], [ -90.607387, 29.579025 ], [ -90.608105, 29.579908 ], [ -90.608293, 29.580126 ], [ -90.608781, 29.580798 ], [ -90.608949, 29.581116 ], [ -90.609095, 29.581287 ], [ -90.609236, 29.581452 ], [ -90.609376, 29.581616 ], [ -90.609639, 29.581924 ], [ -90.60975, 29.582054 ], [ -90.610032, 29.582383 ], [ -90.610468, 29.582892 ], [ -90.611441, 29.584027 ], [ -90.611578, 29.584187 ], [ -90.611638, 29.584257 ], [ -90.611674, 29.584299 ], [ -90.612453, 29.585188 ], [ -90.612837, 29.585584 ], [ -90.614368, 29.587016 ], [ -90.614528, 29.587175 ], [ -90.614689, 29.587365 ], [ -90.615372, 29.588035 ], [ -90.617524, 29.590556 ], [ -90.618016, 29.591492 ], [ -90.618107, 29.59196 ], [ -90.61816, 29.592448 ], [ -90.618191, 29.594044 ], [ -90.618046, 29.594926 ], [ -90.617996, 29.595652 ], [ -90.61803, 29.596061 ], [ -90.618062, 29.596518 ], [ -90.618354, 29.597217 ], [ -90.618524, 29.597495 ], [ -90.618802, 29.597828 ], [ -90.619124, 29.598181 ], [ -90.619586, 29.598538 ], [ -90.620165, 29.598837 ], [ -90.620574, 29.598997 ], [ -90.621164, 29.59919 ], [ -90.621627, 29.599309 ], [ -90.622548, 29.599514 ], [ -90.625273, 29.600043 ], [ -90.626124, 29.600294 ], [ -90.626289, 29.600319 ], [ -90.627031, 29.600407 ], [ -90.627525, 29.600454 ], [ -90.628277, 29.600523 ], [ -90.628331, 29.60053 ], [ -90.628788, 29.600583 ], [ -90.628828, 29.600588 ], [ -90.629819, 29.600718 ], [ -90.630175, 29.600765 ], [ -90.630531, 29.600822 ], [ -90.630958, 29.600903 ], [ -90.631287, 29.600976 ], [ -90.632262, 29.601193 ], [ -90.632956, 29.601347 ], [ -90.633127, 29.601385 ], [ -90.633623, 29.601495 ], [ -90.633713, 29.601515 ], [ -90.634099, 29.6016 ], [ -90.634666, 29.601726 ], [ -90.634995, 29.601792 ], [ -90.635294, 29.601836 ], [ -90.63576, 29.60189 ], [ -90.636453, 29.60197 ], [ -90.637014, 29.60201 ], [ -90.637452, 29.602032 ], [ -90.637836, 29.60203 ], [ -90.638228, 29.601988 ], [ -90.639374, 29.601749 ], [ -90.639656, 29.60169 ], [ -90.6399, 29.601639 ], [ -90.640414, 29.601533 ], [ -90.640789, 29.601465 ], [ -90.64122, 29.601425 ], [ -90.64124, 29.601423 ], [ -90.64162, 29.60141 ], [ -90.641663, 29.601409 ], [ -90.641828, 29.601415 ], [ -90.642026, 29.601423 ], [ -90.64237, 29.601457 ], [ -90.642593, 29.601489 ], [ -90.643874, 29.601671 ], [ -90.6443, 29.601739 ], [ -90.644909, 29.601836 ], [ -90.645052, 29.601865 ], [ -90.645431, 29.60194 ], [ -90.645771, 29.602017 ], [ -90.647983, 29.602519 ], [ -90.64821, 29.602571 ], [ -90.64894, 29.602757 ], [ -90.649582, 29.602948 ], [ -90.649894, 29.603041 ], [ -90.650007, 29.603075 ], [ -90.650636, 29.603286 ], [ -90.651629, 29.603666 ], [ -90.651841, 29.603758 ], [ -90.65206, 29.603867 ], [ -90.652445, 29.6041 ], [ -90.653458, 29.604767 ], [ -90.653627, 29.60488 ], [ -90.654737, 29.60566 ], [ -90.654797, 29.605699 ], [ -90.655154, 29.605932 ], [ -90.655423, 29.606092 ], [ -90.657202, 29.607048 ], [ -90.657411, 29.607174 ], [ -90.657456, 29.607206 ], [ -90.657558, 29.607277 ], [ -90.657696, 29.607393 ], [ -90.657745, 29.607448 ], [ -90.657859, 29.607576 ], [ -90.657917, 29.607649 ], [ -90.658044, 29.607858 ], [ -90.658374, 29.608629 ], [ -90.658696, 29.609391 ], [ -90.658904, 29.609883 ], [ -90.658989, 29.610085 ], [ -90.659152, 29.610396 ], [ -90.659235, 29.610553 ], [ -90.65934, 29.610713 ], [ -90.659604, 29.611068 ], [ -90.659834, 29.611356 ], [ -90.660071, 29.611632 ], [ -90.660237, 29.611814 ], [ -90.660392, 29.611967 ], [ -90.661284, 29.612744 ], [ -90.662488, 29.614035 ], [ -90.663182, 29.614779 ], [ -90.663372, 29.614983 ], [ -90.663468, 29.615086 ], [ -90.663493, 29.615122 ], [ -90.663634, 29.615322 ], [ -90.663937, 29.615753 ], [ -90.664041, 29.615937 ], [ -90.664114, 29.616076 ], [ -90.664272, 29.616336 ], [ -90.664327, 29.616455 ], [ -90.66435, 29.616497 ], [ -90.664454, 29.616683 ], [ -90.664641, 29.617018 ], [ -90.665308, 29.618183 ], [ -90.665644, 29.618771 ], [ -90.665655, 29.618793 ], [ -90.665703, 29.61889 ], [ -90.665953, 29.619398 ], [ -90.666636, 29.620865 ], [ -90.666747, 29.621078 ], [ -90.666846, 29.621255 ], [ -90.667035, 29.621545 ], [ -90.66766, 29.622454 ], [ -90.667854, 29.622737 ], [ -90.668385, 29.623508 ], [ -90.668608, 29.623832 ], [ -90.668902, 29.6242 ], [ -90.669691, 29.625185 ], [ -90.669739, 29.625243 ], [ -90.670133, 29.62573 ], [ -90.670927, 29.626708 ], [ -90.671064, 29.626877 ], [ -90.671144, 29.626976 ], [ -90.671191, 29.627034 ], [ -90.671848, 29.627844 ], [ -90.671913, 29.627924 ], [ -90.672275, 29.628414 ], [ -90.672603, 29.628903 ], [ -90.673694, 29.630558 ], [ -90.67371, 29.630583 ], [ -90.673777, 29.630682 ], [ -90.674827, 29.632234 ], [ -90.675273, 29.632915 ], [ -90.675416, 29.633124 ], [ -90.675533, 29.633297 ], [ -90.675629, 29.63344 ], [ -90.675964, 29.633925 ], [ -90.676154, 29.634165 ], [ -90.676374, 29.634444 ], [ -90.676399, 29.634471 ], [ -90.676908, 29.635001 ], [ -90.677061, 29.63515 ], [ -90.677462, 29.635542 ], [ -90.677471, 29.635551 ], [ -90.677572, 29.635649 ], [ -90.677634, 29.635721 ], [ -90.677657, 29.635748 ], [ -90.677983, 29.636128 ], [ -90.678235, 29.636457 ], [ -90.67831, 29.636555 ], [ -90.678373, 29.636639 ], [ -90.678521, 29.636833 ], [ -90.67903, 29.637505 ], [ -90.67904, 29.637519 ], [ -90.679374, 29.637904 ], [ -90.679689, 29.638267 ], [ -90.680163, 29.638814 ], [ -90.680229, 29.638888 ], [ -90.680587, 29.639287 ], [ -90.680598, 29.639298 ], [ -90.680739, 29.639451 ], [ -90.681083, 29.639756 ], [ -90.681482, 29.64009 ], [ -90.681919, 29.640454 ], [ -90.68209, 29.640597 ], [ -90.682329, 29.640796 ], [ -90.682764, 29.64116 ], [ -90.684612, 29.642715 ], [ -90.684925, 29.643007 ], [ -90.685035, 29.643109 ], [ -90.685575, 29.643615 ], [ -90.685844, 29.643867 ], [ -90.685942, 29.643958 ], [ -90.686242, 29.644238 ], [ -90.687572, 29.645354 ], [ -90.688372, 29.646025 ], [ -90.688655, 29.646269 ], [ -90.688682, 29.646293 ], [ -90.689301, 29.646829 ], [ -90.689732, 29.647191 ], [ -90.689942, 29.647367 ], [ -90.690024, 29.647436 ], [ -90.69028, 29.647651 ], [ -90.690677, 29.647985 ], [ -90.690918, 29.648201 ], [ -90.691059, 29.648327 ], [ -90.691138, 29.648408 ], [ -90.691612, 29.64889 ], [ -90.69168, 29.648959 ], [ -90.692082, 29.649368 ], [ -90.692424, 29.649716 ], [ -90.693174, 29.650479 ], [ -90.693603, 29.650916 ], [ -90.694051, 29.651372 ], [ -90.694493, 29.651879 ], [ -90.694734, 29.652178 ], [ -90.69518, 29.652733 ], [ -90.695329, 29.65292 ], [ -90.696173, 29.65397 ], [ -90.696462, 29.65433 ], [ -90.696659, 29.654575 ], [ -90.696712, 29.654641 ], [ -90.697179, 29.655223 ], [ -90.697188, 29.655234 ], [ -90.697417, 29.655515 ], [ -90.697602, 29.655758 ], [ -90.698119, 29.656417 ], [ -90.698549, 29.65697 ], [ -90.698888, 29.657384 ], [ -90.698988, 29.657507 ], [ -90.699432, 29.658075 ], [ -90.699819, 29.65855 ], [ -90.699964, 29.658728 ], [ -90.700067, 29.658863 ], [ -90.700856, 29.659845 ], [ -90.700995, 29.660018 ], [ -90.701072, 29.660108 ], [ -90.701095, 29.660134 ], [ -90.701365, 29.660452 ], [ -90.701523, 29.660619 ], [ -90.701756, 29.66085 ], [ -90.701992, 29.661068 ], [ -90.702009, 29.661082 ], [ -90.702246, 29.661279 ], [ -90.703048, 29.661948 ], [ -90.703286, 29.662162 ], [ -90.704554, 29.66325 ], [ -90.70507, 29.663681 ], [ -90.705206, 29.663795 ], [ -90.705344, 29.663911 ], [ -90.705784, 29.664238 ], [ -90.706093, 29.664433 ], [ -90.706443, 29.664625 ], [ -90.706627, 29.664727 ], [ -90.706686, 29.664759 ], [ -90.707287, 29.66509 ], [ -90.707368, 29.665134 ], [ -90.707502, 29.665208 ], [ -90.707639, 29.665283 ], [ -90.707702, 29.665317 ], [ -90.707733, 29.665332 ], [ -90.707832, 29.66538 ], [ -90.708165, 29.665539 ], [ -90.708918, 29.66588 ], [ -90.709269, 29.666038 ], [ -90.709644, 29.666207 ], [ -90.709759, 29.666259 ], [ -90.71033, 29.666517 ], [ -90.710969, 29.66679 ], [ -90.711215, 29.666886 ], [ -90.711708, 29.667057 ], [ -90.712076, 29.667159 ], [ -90.712566, 29.667262 ], [ -90.712983, 29.667329 ], [ -90.713401, 29.667385 ], [ -90.713609, 29.667423 ], [ -90.713715, 29.667448 ], [ -90.713857, 29.667482 ], [ -90.713944, 29.667503 ], [ -90.71402, 29.667521 ], [ -90.714208, 29.667574 ], [ -90.714249, 29.667585 ], [ -90.714329, 29.667608 ], [ -90.714592, 29.667697 ], [ -90.714782, 29.667762 ], [ -90.714851, 29.667791 ], [ -90.715068, 29.667882 ], [ -90.715314, 29.667986 ], [ -90.715628, 29.66814 ], [ -90.715774, 29.668217 ], [ -90.715998, 29.668334 ], [ -90.716393, 29.66854 ], [ -90.716569, 29.668636 ], [ -90.71667, 29.66869 ], [ -90.716938, 29.668836 ], [ -90.717039, 29.668898 ], [ -90.717388, 29.669111 ], [ -90.717563, 29.669218 ], [ -90.717673, 29.66929 ], [ -90.71822, 29.669648 ], [ -90.718548, 29.669863 ], [ -90.718654, 29.669932 ], [ -90.719315, 29.670365 ], [ -90.719777, 29.670668 ], [ -90.720194, 29.670937 ], [ -90.721171, 29.671565 ], [ -90.7216, 29.671838 ], [ -90.721714, 29.67191 ], [ -90.721913, 29.672043 ], [ -90.721978, 29.672087 ], [ -90.721987, 29.672095 ], [ -90.722273, 29.672287 ], [ -90.722559, 29.672498 ], [ -90.722571, 29.672506 ], [ -90.722599, 29.672527 ], [ -90.722783, 29.672668 ], [ -90.722841, 29.672714 ], [ -90.724204, 29.67383 ], [ -90.72431, 29.673912 ], [ -90.724696, 29.674213 ], [ -90.724945, 29.674408 ], [ -90.725006, 29.674447 ], [ -90.725034, 29.674465 ], [ -90.725116, 29.674517 ], [ -90.725368, 29.674679 ], [ -90.725472, 29.674745 ], [ -90.725518, 29.67477 ], [ -90.725989, 29.675021 ], [ -90.726117, 29.675084 ], [ -90.726153, 29.675101 ], [ -90.726196, 29.675122 ], [ -90.726252, 29.67515 ], [ -90.72631, 29.675178 ], [ -90.726385, 29.675215 ], [ -90.726653, 29.675333 ], [ -90.726816, 29.675405 ], [ -90.727161, 29.675537 ], [ -90.727261, 29.675569 ], [ -90.727302, 29.675582 ], [ -90.72761, 29.675656 ], [ -90.727646, 29.675662 ], [ -90.727826, 29.675694 ], [ -90.727982, 29.675712 ], [ -90.728049, 29.675717 ], [ -90.728571, 29.67575 ], [ -90.72865, 29.675748 ], [ -90.728709, 29.675746 ], [ -90.729018, 29.675739 ], [ -90.729172, 29.675727 ], [ -90.729591, 29.675675 ], [ -90.729749, 29.675645 ], [ -90.729848, 29.675627 ], [ -90.730095, 29.675561 ], [ -90.730699, 29.675399 ], [ -90.731151, 29.675301 ], [ -90.731382, 29.675257 ], [ -90.731421, 29.675249 ], [ -90.731659, 29.675204 ], [ -90.73204, 29.675147 ], [ -90.73222, 29.675128 ], [ -90.732434, 29.675107 ], [ -90.733108, 29.675069 ], [ -90.733481, 29.675048 ], [ -90.73363, 29.67504 ], [ -90.733678, 29.675037 ], [ -90.733896, 29.675025 ], [ -90.734059, 29.675017 ], [ -90.734554, 29.674996 ], [ -90.734829, 29.674985 ], [ -90.735484, 29.674983 ], [ -90.735505, 29.674982 ], [ -90.736332, 29.674995 ], [ -90.736635, 29.675004 ], [ -90.736748, 29.675013 ], [ -90.736828, 29.675019 ], [ -90.737322, 29.675079 ], [ -90.737593, 29.675112 ], [ -90.738143, 29.675206 ], [ -90.738708, 29.675303 ], [ -90.738944, 29.675343 ], [ -90.73921, 29.675389 ], [ -90.7395, 29.675439 ], [ -90.739751, 29.675482 ], [ -90.740033, 29.67553 ], [ -90.740238, 29.675565 ], [ -90.740606, 29.675642 ], [ -90.741074, 29.675775 ], [ -90.741212, 29.675814 ], [ -90.741479, 29.675896 ], [ -90.741629, 29.675942 ], [ -90.741954, 29.676042 ], [ -90.742453, 29.676208 ], [ -90.742703, 29.676298 ], [ -90.742979, 29.676398 ], [ -90.743366, 29.676548 ], [ -90.743509, 29.676606 ], [ -90.743954, 29.676789 ], [ -90.744066, 29.676843 ], [ -90.74437, 29.676991 ], [ -90.74465, 29.677141 ], [ -90.744966, 29.677309 ], [ -90.744985, 29.67732 ], [ -90.745361, 29.677548 ], [ -90.746368, 29.678271 ], [ -90.746553, 29.678401 ], [ -90.746786, 29.678564 ], [ -90.746849, 29.678608 ], [ -90.74693, 29.678665 ], [ -90.746995, 29.678714 ], [ -90.747051, 29.678756 ], [ -90.747093, 29.678788 ], [ -90.74736, 29.678989 ], [ -90.74762, 29.679225 ], [ -90.747817, 29.679405 ], [ -90.748322, 29.679903 ], [ -90.74915, 29.680776 ], [ -90.749289, 29.680923 ], [ -90.749697, 29.681353 ], [ -90.750146, 29.681825 ], [ -90.750232, 29.681915 ], [ -90.75051, 29.682204 ], [ -90.750837, 29.682551 ], [ -90.751073, 29.682776 ], [ -90.751484, 29.683179 ], [ -90.751759, 29.683438 ], [ -90.751978, 29.683645 ], [ -90.752312, 29.68393 ], [ -90.752881, 29.684435 ], [ -90.753369, 29.684886 ], [ -90.754125, 29.685623 ], [ -90.754673, 29.68609 ], [ -90.754924, 29.686314 ], [ -90.754946, 29.686353 ], [ -90.754972, 29.686391 ], [ -90.755014, 29.686433 ], [ -90.755173, 29.686579 ], [ -90.755374, 29.686745 ], [ -90.755423, 29.686786 ], [ -90.755976, 29.687241 ], [ -90.756178, 29.687407 ], [ -90.756758, 29.68788 ], [ -90.757223, 29.688261 ], [ -90.758067, 29.688894 ], [ -90.758555, 29.689223 ], [ -90.758576, 29.689237 ], [ -90.758632, 29.689276 ], [ -90.758691, 29.689314 ], [ -90.759223, 29.689636 ], [ -90.759513, 29.689811 ], [ -90.75984, 29.690022 ], [ -90.760182, 29.690261 ], [ -90.760216, 29.690287 ], [ -90.760507, 29.69051 ], [ -90.760723, 29.690681 ], [ -90.76079, 29.690735 ], [ -90.761594, 29.691401 ], [ -90.762232, 29.691929 ], [ -90.762785, 29.692386 ], [ -90.762819, 29.692414 ], [ -90.762975, 29.692543 ], [ -90.76389, 29.693301 ], [ -90.764618, 29.693903 ], [ -90.764868, 29.69411 ], [ -90.765365, 29.69456 ], [ -90.766453, 29.69564 ], [ -90.766672, 29.69586 ], [ -90.766757, 29.695945 ], [ -90.767335, 29.697094 ], [ -90.767788, 29.697999 ], [ -90.768488, 29.699397 ], [ -90.768525, 29.699468 ], [ -90.768031, 29.699685 ], [ -90.767725, 29.699817 ], [ -90.769179, 29.702487 ], [ -90.771497, 29.706746 ], [ -90.772572, 29.708721 ], [ -90.772594, 29.708764 ], [ -90.772608, 29.70879 ], [ -90.772066, 29.709015 ], [ -90.771846, 29.709109 ], [ -90.771731, 29.709156 ], [ -90.771715, 29.709163 ], [ -90.772727, 29.711089 ], [ -90.775735, 29.716816 ], [ -90.776627, 29.718516 ], [ -90.77755, 29.720273 ], [ -90.777652, 29.720387 ], [ -90.777948, 29.721089 ], [ -90.778071, 29.721335 ], [ -90.780086, 29.725237 ], [ -90.780883, 29.726761 ], [ -90.781462, 29.727829 ], [ -90.781595, 29.728075 ], [ -90.781673, 29.72819 ], [ -90.781843, 29.728444 ], [ -90.782427, 29.729554 ], [ -90.782596, 29.729833 ], [ -90.782836, 29.730298 ], [ -90.782853, 29.730329 ], [ -90.784192, 29.732909 ], [ -90.784361, 29.732847 ], [ -90.784513, 29.732791 ], [ -90.785263, 29.732439 ], [ -90.785345, 29.732399 ], [ -90.78604, 29.732093 ], [ -90.786142, 29.7324 ], [ -90.786162, 29.732471 ], [ -90.786891, 29.735236 ], [ -90.786912, 29.735318 ], [ -90.787472, 29.737446 ], [ -90.786395, 29.73792 ], [ -90.786007, 29.738091 ], [ -90.786413, 29.739446 ], [ -90.787587, 29.743374 ], [ -90.785931, 29.744045 ], [ -90.784491, 29.744629 ], [ -90.787912, 29.74728 ], [ -90.788171, 29.747482 ], [ -90.788232, 29.747528 ], [ -90.791794, 29.74633 ], [ -90.791927, 29.746285 ], [ -90.793264, 29.745835 ], [ -90.795437, 29.745104 ], [ -90.796014, 29.74492 ], [ -90.796093, 29.744902 ], [ -90.796796, 29.744647 ], [ -90.796915, 29.744607 ], [ -90.797082, 29.744551 ], [ -90.797255, 29.744492 ], [ -90.798839, 29.745514 ], [ -90.801838, 29.747449 ], [ -90.804993, 29.749484 ], [ -90.80491, 29.750221 ], [ -90.804795, 29.750957 ], [ -90.804742, 29.751294 ], [ -90.804436, 29.753244 ], [ -90.803818, 29.757179 ], [ -90.803686, 29.758303 ], [ -90.804621, 29.758558 ], [ -90.803986, 29.763003 ], [ -90.806094, 29.763333 ], [ -90.80621, 29.770928 ], [ -90.806066, 29.770902 ], [ -90.804336, 29.770507 ], [ -90.804228, 29.77048 ], [ -90.804282, 29.770643 ], [ -90.804616, 29.771412 ], [ -90.805102, 29.772505 ], [ -90.805918, 29.77442 ], [ -90.807693, 29.77552 ], [ -90.808571, 29.77576 ], [ -90.810182, 29.776201 ], [ -90.810364, 29.776199 ], [ -90.810872, 29.77627 ], [ -90.811107, 29.776341 ], [ -90.811909, 29.776444 ], [ -90.813894, 29.776805 ], [ -90.813931, 29.776816 ], [ -90.814064, 29.776848 ], [ -90.814092, 29.776854 ], [ -90.814217, 29.776871 ], [ -90.81457, 29.776933 ], [ -90.814611, 29.776941 ], [ -90.815162, 29.777064 ], [ -90.815266, 29.777073 ], [ -90.816038, 29.777135 ], [ -90.816126, 29.77714 ], [ -90.816197, 29.777146 ], [ -90.816592, 29.777208 ], [ -90.816778, 29.77723 ], [ -90.816831, 29.777197 ], [ -90.817329, 29.777231 ], [ -90.81764, 29.777242 ], [ -90.817789, 29.77721 ], [ -90.817962, 29.777181 ], [ -90.818197, 29.777215 ], [ -90.818756, 29.777433 ], [ -90.81964, 29.777787 ], [ -90.819681, 29.777803 ], [ -90.819932, 29.777902 ], [ -90.81999, 29.777926 ], [ -90.821404, 29.777558 ], [ -90.82311, 29.777171 ], [ -90.823391, 29.777107 ], [ -90.823691, 29.777044 ], [ -90.823771, 29.777015 ], [ -90.823875, 29.77697 ], [ -90.82392, 29.776936 ], [ -90.824184, 29.776792 ], [ -90.824357, 29.776728 ], [ -90.824404, 29.776702 ], [ -90.825053, 29.776443 ], [ -90.825705, 29.776221 ], [ -90.82572, 29.776216 ], [ -90.825873, 29.776164 ], [ -90.826109, 29.7761 ], [ -90.82622, 29.77607 ], [ -90.826397, 29.776039 ], [ -90.826676, 29.77599 ], [ -90.827799, 29.775828 ], [ -90.827735, 29.775778 ], [ -90.827403, 29.768238 ], [ -90.827598, 29.768287 ], [ -90.827691, 29.76831 ], [ -90.827701, 29.768108 ], [ -90.827804, 29.765782 ], [ -90.827857, 29.764618 ], [ -90.82789, 29.764603 ], [ -90.828536, 29.764316 ], [ -90.829093, 29.764068 ], [ -90.829432, 29.763916 ], [ -90.833439, 29.762131 ], [ -90.838979, 29.759664 ], [ -90.841582, 29.760017 ], [ -90.842137, 29.760092 ], [ -90.842195, 29.759863 ], [ -90.842751, 29.757688 ], [ -90.842855, 29.757281 ], [ -90.843223, 29.75584 ], [ -90.843348, 29.755871 ], [ -90.844085, 29.75606 ], [ -90.844243, 29.756101 ], [ -90.844213, 29.755882 ], [ -90.844198, 29.755772 ], [ -90.843876, 29.753456 ], [ -90.843418, 29.750148 ], [ -90.841429, 29.746382 ], [ -90.875135, 29.745979 ], [ -90.875371, 29.745976 ], [ -90.882087, 29.745897 ], [ -90.881948, 29.743757 ], [ -90.880351, 29.719221 ], [ -90.880337, 29.719006 ], [ -90.880311, 29.718595 ], [ -90.880294, 29.718342 ], [ -90.880265, 29.717915 ], [ -90.880194, 29.716809 ], [ -90.883036, 29.716753 ], [ -90.883965, 29.716735 ], [ -90.884695, 29.716732 ], [ -90.885781, 29.716718 ], [ -90.886275, 29.716712 ], [ -90.889157, 29.716673 ], [ -90.900255, 29.716526 ], [ -90.916036, 29.716319 ], [ -90.927228, 29.716169 ], [ -90.940201, 29.715998 ], [ -90.940543, 29.715993 ], [ -90.940614, 29.715992 ], [ -90.940853, 29.715989 ], [ -90.956228, 29.715782 ], [ -90.967554, 29.715605 ], [ -90.97405, 29.715504 ], [ -90.980947, 29.715394 ], [ -90.983215, 29.715359 ], [ -90.989665, 29.715259 ], [ -91.000237, 29.715093 ], [ -91.003036, 29.715093 ], [ -91.004136, 29.715094 ], [ -91.006196, 29.715094 ], [ -91.006265, 29.715093 ], [ -91.00689, 29.715093 ], [ -91.007381, 29.714524 ], [ -91.012404, 29.708693 ], [ -91.013768, 29.707098 ], [ -91.016505, 29.703911 ], [ -91.023282, 29.696018 ], [ -91.024065, 29.695101 ], [ -91.030875, 29.687164 ], [ -91.033953, 29.683576 ], [ -91.036521, 29.680582 ], [ -91.039542, 29.677061 ], [ -91.044083, 29.671764 ], [ -91.044526, 29.671247 ], [ -91.044599, 29.671161 ], [ -91.04515, 29.67052 ], [ -91.045332, 29.670307 ], [ -91.045378, 29.670255 ], [ -91.045501, 29.670111 ], [ -91.047062, 29.66829 ], [ -91.047201, 29.668128 ], [ -91.04731, 29.668001 ], [ -91.047416, 29.667877 ], [ -91.047607, 29.667656 ], [ -91.04828, 29.666873 ], [ -91.049887, 29.664997 ], [ -91.050399, 29.664393 ], [ -91.051982, 29.662555 ], [ -91.053964, 29.660242 ], [ -91.055142, 29.658867 ], [ -91.06198, 29.650891 ], [ -91.061965, 29.650804 ], [ -91.062081, 29.650773 ], [ -91.062682, 29.650072 ], [ -91.064242, 29.648252 ], [ -91.065733, 29.646509 ], [ -91.077049, 29.633307 ], [ -91.077294, 29.633022 ], [ -91.077445, 29.632846 ], [ -91.078849, 29.631209 ], [ -91.080073, 29.629781 ], [ -91.080709, 29.629037 ], [ -91.082056, 29.62746 ], [ -91.082339, 29.627131 ], [ -91.082611, 29.626814 ], [ -91.082617, 29.627128 ], [ -91.082612, 29.627935 ], [ -91.082613, 29.628165 ], [ -91.082616, 29.628662 ], [ -91.082695, 29.629324 ], [ -91.082885, 29.629971 ], [ -91.083393, 29.631224 ], [ -91.084782, 29.633177 ], [ -91.086163, 29.634838 ], [ -91.087776, 29.636267 ], [ -91.089628, 29.637624 ], [ -91.091612, 29.638716 ], [ -91.093468, 29.639476 ], [ -91.095188, 29.640009 ], [ -91.096171, 29.640216 ], [ -91.097387, 29.640473 ], [ -91.099633, 29.640904 ], [ -91.100746, 29.641095 ], [ -91.101546, 29.641219 ], [ -91.101759, 29.641253 ], [ -91.102568, 29.641443 ], [ -91.103543, 29.641763 ], [ -91.10415, 29.641992 ], [ -91.104609, 29.642309 ], [ -91.104749, 29.642395 ], [ -91.104912, 29.642496 ], [ -91.105149, 29.642828 ], [ -91.105249, 29.643012 ], [ -91.105354, 29.643206 ], [ -91.105395, 29.643281 ], [ -91.10554, 29.643718 ], [ -91.105579, 29.644141 ], [ -91.105347, 29.645497 ], [ -91.103936, 29.648131 ], [ -91.101275, 29.653863 ], [ -91.100235, 29.65641 ], [ -91.099907, 29.657921 ], [ -91.099612, 29.66041 ], [ -91.099478, 29.661546 ], [ -91.099475, 29.661578 ], [ -91.099251, 29.665007 ], [ -91.099041, 29.668437 ], [ -91.099031, 29.668596 ], [ -91.098911, 29.670579 ], [ -91.09891, 29.670602 ], [ -91.098908, 29.670633 ], [ -91.098905, 29.670687 ], [ -91.098902, 29.670743 ], [ -91.09879, 29.672786 ], [ -91.098618, 29.676252 ], [ -91.098584, 29.676953 ], [ -91.098601, 29.681602 ], [ -91.099012, 29.685644 ], [ -91.099071, 29.68662 ], [ -91.098969, 29.687902 ], [ -91.098947, 29.688186 ], [ -91.098093, 29.690663 ], [ -91.098089, 29.690675 ], [ -91.097373, 29.691644 ], [ -91.096132, 29.692837 ], [ -91.095151, 29.694261 ], [ -91.094998, 29.695465 ], [ -91.095213, 29.696239 ], [ -91.095303, 29.696318 ], [ -91.095814, 29.696769 ], [ -91.096248, 29.696944 ], [ -91.096507, 29.697049 ], [ -91.097024, 29.697007 ], [ -91.097423, 29.697153 ], [ -91.097809, 29.697294 ], [ -91.098586, 29.697545 ], [ -91.098966, 29.697816 ], [ -91.099524, 29.698497 ], [ -91.099953, 29.699217 ], [ -91.10001, 29.699402 ], [ -91.112275, 29.702927 ], [ -91.125101, 29.715527 ], [ -91.134117, 29.724073 ], [ -91.155315, 29.723864 ], [ -91.159696, 29.723821 ], [ -91.177686, 29.727829 ], [ -91.177837, 29.727863 ], [ -91.179058, 29.728135 ], [ -91.179313, 29.728191 ], [ -91.180475, 29.728451 ], [ -91.180909, 29.728548 ], [ -91.181339, 29.728644 ], [ -91.181957, 29.729166 ], [ -91.182027, 29.729225 ], [ -91.184497, 29.731309 ], [ -91.187707, 29.734018 ], [ -91.195289, 29.740419 ], [ -91.206105, 29.746258 ], [ -91.213417, 29.750206 ], [ -91.215195, 29.751211 ], [ -91.215395, 29.751178 ], [ -91.220792, 29.750304 ], [ -91.221399, 29.750206 ], [ -91.224836, 29.749705 ], [ -91.229398, 29.748922 ], [ -91.234924, 29.750206 ], [ -91.23806, 29.75091 ], [ -91.239142, 29.751153 ], [ -91.239964, 29.751347 ], [ -91.243136, 29.752098 ], [ -91.243986, 29.7523 ], [ -91.244145, 29.752333 ], [ -91.247918, 29.753131 ], [ -91.250104, 29.753751 ], [ -91.266634, 29.757574 ], [ -91.268626, 29.758035 ], [ -91.27858, 29.760337 ], [ -91.27961, 29.760576 ], [ -91.291148, 29.763245 ], [ -91.298584, 29.764966 ], [ -91.325614, 29.765635 ], [ -91.335495, 29.76588 ], [ -91.341628, 29.766032 ], [ -91.343843, 29.766087 ], [ -91.35177, 29.766284 ], [ -91.351979, 29.766378 ], [ -91.352348, 29.766552 ], [ -91.352951, 29.766836 ], [ -91.356902, 29.768862 ], [ -91.357428, 29.769126 ], [ -91.365181, 29.773021 ], [ -91.366441, 29.773654 ], [ -91.375107, 29.777972 ], [ -91.375928, 29.77833 ], [ -91.378804, 29.779825 ], [ -91.379962, 29.780406 ], [ -91.3809, 29.780877 ], [ -91.38103, 29.780942 ], [ -91.382399, 29.781629 ], [ -91.386072, 29.783471 ], [ -91.386491, 29.783681 ], [ -91.386276, 29.784338 ], [ -91.385118, 29.789044 ], [ -91.384766, 29.790474 ], [ -91.383766, 29.794543 ], [ -91.380496, 29.807585 ], [ -91.379768, 29.810491 ], [ -91.379526, 29.811461 ], [ -91.379324, 29.81227 ], [ -91.378536, 29.815408 ], [ -91.376229, 29.824596 ], [ -91.375124, 29.829 ], [ -91.374555, 29.830408 ], [ -91.373642, 29.834401 ], [ -91.374733, 29.835385 ], [ -91.375108, 29.835832 ], [ -91.376784, 29.838233 ], [ -91.377749, 29.839631 ], [ -91.37961, 29.842325 ], [ -91.380277, 29.843231 ], [ -91.380875, 29.844115 ], [ -91.382614, 29.846761 ], [ -91.384676, 29.849728 ], [ -91.386814, 29.852893 ], [ -91.387709, 29.854198 ], [ -91.389474, 29.85677 ], [ -91.389929, 29.857433 ], [ -91.390669, 29.85851 ], [ -91.392727, 29.861507 ], [ -91.393148, 29.86212 ], [ -91.394061, 29.863369 ], [ -91.394751, 29.864366 ], [ -91.40113, 29.873526 ], [ -91.401805, 29.875204 ], [ -91.402502, 29.877266 ], [ -91.403012, 29.878771 ], [ -91.404474, 29.88309 ], [ -91.404881, 29.884293 ], [ -91.406131, 29.887984 ], [ -91.407471, 29.89204 ], [ -91.409216, 29.897272 ], [ -91.409544, 29.898247 ], [ -91.410455, 29.90096 ], [ -91.411683, 29.902586 ], [ -91.412912, 29.904211 ], [ -91.413559, 29.904993 ], [ -91.416331, 29.90703 ], [ -91.454193, 29.934931 ], [ -91.463338, 29.941669 ], [ -91.465089, 29.942959 ], [ -91.466005, 29.943634 ], [ -91.466492, 29.943993 ], [ -91.466909, 29.9443 ], [ -91.470339, 29.94676 ], [ -91.47196, 29.947964 ], [ -91.471958, 29.949747 ], [ -91.471953, 29.956304 ], [ -91.471804, 29.956315 ], [ -91.471673, 29.956324 ], [ -91.466687, 29.956677 ], [ -91.46575, 29.956739 ], [ -91.46334, 29.956913 ], [ -91.462277, 29.956989 ], [ -91.44936, 29.957901 ], [ -91.446127, 29.958129 ], [ -91.445466, 29.958176 ], [ -91.441179, 29.958479 ], [ -91.435997, 29.958848 ], [ -91.433899, 29.958993 ], [ -91.429472, 29.959303 ], [ -91.42854, 29.959381 ], [ -91.424285, 29.959671 ], [ -91.41729, 29.96016 ], [ -91.415315, 29.960301 ], [ -91.414046, 29.960388 ], [ -91.407928, 29.960817 ], [ -91.399995, 29.961373 ], [ -91.396683, 29.961606 ], [ -91.396073, 29.961649 ], [ -91.395305, 29.961704 ], [ -91.39379, 29.961808 ], [ -91.391866, 29.961944 ], [ -91.389355, 29.962121 ], [ -91.382392, 29.962602 ], [ -91.375759, 29.96307 ], [ -91.375666, 29.963078 ], [ -91.37528, 29.963103 ], [ -91.375133, 29.963114 ], [ -91.374455, 29.963165 ], [ -91.371696, 29.963356 ], [ -91.371044, 29.963403 ], [ -91.370956, 29.96341 ], [ -91.36879, 29.963562 ], [ -91.368703, 29.963568 ], [ -91.368529, 29.96358 ], [ -91.366412, 29.963729 ], [ -91.364049, 29.963896 ], [ -91.363245, 29.963952 ], [ -91.361607, 29.964068 ], [ -91.357577, 29.964368 ], [ -91.356275, 29.964464 ], [ -91.3558, 29.9645 ], [ -91.352467, 29.964746 ], [ -91.348829, 29.965018 ], [ -91.34876, 29.965023 ], [ -91.348512, 29.965041 ], [ -91.340944, 29.965569 ], [ -91.335836, 29.965926 ], [ -91.335505, 29.965952 ], [ -91.334348, 29.96603 ], [ -91.331552, 29.966226 ], [ -91.330997, 29.966263 ], [ -91.33087, 29.966271 ], [ -91.327635, 29.966497 ], [ -91.327083, 29.966534 ], [ -91.327027, 29.966538 ], [ -91.324123, 29.966739 ], [ -91.322351, 29.966862 ], [ -91.32018, 29.967012 ], [ -91.320007, 29.967023 ], [ -91.315173, 29.967358 ], [ -91.315054, 29.967367 ], [ -91.314934, 29.967376 ], [ -91.314798, 29.967386 ], [ -91.307938, 29.967897 ], [ -91.307796, 29.967907 ], [ -91.307017, 29.96797 ], [ -91.305449, 29.968082 ], [ -91.305271, 29.968095 ], [ -91.303386, 29.968235 ], [ -91.302324, 29.968312 ], [ -91.302006, 29.968333 ], [ -91.295888, 29.968774 ], [ -91.295629, 29.968792 ], [ -91.29538, 29.96881 ], [ -91.29231, 29.96903 ], [ -91.292066, 29.969047 ], [ -91.290622, 29.969151 ], [ -91.288546, 29.969299 ], [ -91.285509, 29.969518 ], [ -91.28511, 29.969552 ], [ -91.284637, 29.96958 ], [ -91.279028, 29.969959 ], [ -91.274212, 29.970284 ], [ -91.273982, 29.9703 ], [ -91.273309, 29.970345 ], [ -91.273183, 29.970354 ], [ -91.272886, 29.970371 ], [ -91.269721, 29.970593 ], [ -91.265713, 29.970865 ], [ -91.263933, 29.970993 ], [ -91.262438, 29.971091 ], [ -91.262135, 29.97111 ], [ -91.260202, 29.971245 ], [ -91.258117, 29.971394 ], [ -91.258006, 29.971402 ], [ -91.256628, 29.971503 ], [ -91.255262, 29.9716 ], [ -91.255229, 29.971457 ], [ -91.254808, 29.971755 ], [ -91.254518, 29.972098 ], [ -91.254492, 29.972396 ], [ -91.254518, 29.972511 ], [ -91.255176, 29.973175 ], [ -91.255175, 29.973634 ], [ -91.255412, 29.974023 ], [ -91.255517, 29.974115 ], [ -91.25557, 29.974207 ], [ -91.255833, 29.974505 ], [ -91.255859, 29.974642 ], [ -91.255991, 29.974803 ], [ -91.255991, 29.974917 ], [ -91.256069, 29.974986 ], [ -91.256174, 29.975536 ], [ -91.256542, 29.976911 ], [ -91.256568, 29.977461 ], [ -91.256647, 29.977622 ], [ -91.256673, 29.978332 ], [ -91.256778, 29.978355 ], [ -91.256857, 29.978859 ], [ -91.256962, 29.979272 ], [ -91.256988, 29.979684 ], [ -91.25704, 29.980074 ], [ -91.257119, 29.98012 ], [ -91.257119, 29.980257 ], [ -91.257487, 29.980624 ], [ -91.257777, 29.980899 ], [ -91.257803, 29.981037 ], [ -91.257908, 29.981151 ], [ -91.257987, 29.98161 ], [ -91.258065, 29.982458 ], [ -91.258249, 29.983099 ], [ -91.258564, 29.983856 ], [ -91.25867, 29.984291 ], [ -91.258775, 29.98436 ], [ -91.258827, 29.984635 ], [ -91.258932, 29.984727 ], [ -91.258906, 29.984864 ], [ -91.259117, 29.985025 ], [ -91.259801, 29.985254 ], [ -91.259932, 29.985598 ], [ -91.259878, 29.987981 ], [ -91.2594, 29.999897 ], [ -91.259388, 30.0002 ], [ -91.259329, 30.000263 ], [ -91.258944, 30.000674 ], [ -91.25813, 30.001044 ], [ -91.255744, 30.001331 ], [ -91.253314, 30.001329 ], [ -91.25067, 30.001172 ], [ -91.250104, 30.001147 ], [ -91.250104, 30.001099 ], [ -91.249088, 30.001031 ], [ -91.246384, 30.000537 ], [ -91.244797, 30.0002 ], [ -91.243437, 30.0002 ], [ -91.240252, 30.0002 ], [ -91.239199, 30.0002 ], [ -91.237703, 30.0002 ], [ -91.236346, 30.000894 ], [ -91.235889, 30.001128 ], [ -91.23455, 30.002978 ], [ -91.233143, 30.00549 ], [ -91.231923, 30.00764 ], [ -91.230402, 30.011006 ], [ -91.228858, 30.015163 ], [ -91.226908, 30.01919 ], [ -91.225414, 30.022524 ], [ -91.225015, 30.023583 ], [ -91.22479, 30.024182 ], [ -91.224723, 30.02436 ], [ -91.224528, 30.024878 ], [ -91.224356, 30.025336 ], [ -91.22423, 30.02556 ], [ -91.224193, 30.025626 ], [ -91.223841, 30.026248 ], [ -91.223266, 30.027268 ], [ -91.223153, 30.027538 ], [ -91.22264, 30.028758 ], [ -91.222236, 30.029882 ], [ -91.221965, 30.030635 ], [ -91.221729, 30.031739 ], [ -91.221912, 30.037765 ], [ -91.222239, 30.039041 ], [ -91.223552, 30.040789 ], [ -91.225448, 30.042273 ], [ -91.226897, 30.042617 ], [ -91.228681, 30.042535 ], [ -91.230033, 30.041903 ], [ -91.231842, 30.040385 ], [ -91.233708, 30.038633 ], [ -91.234554, 30.037692 ], [ -91.236155, 30.03502 ], [ -91.237617, 30.03263 ], [ -91.238177, 30.031422 ], [ -91.238689, 30.03052 ], [ -91.239534, 30.029733 ], [ -91.2407, 30.02935 ], [ -91.241909, 30.029532 ], [ -91.244729, 30.031107 ], [ -91.250105, 30.034978 ], [ -91.251529, 30.036177 ], [ -91.254594, 30.038598 ], [ -91.255942, 30.039776 ], [ -91.257418, 30.041543 ], [ -91.258774, 30.043124 ], [ -91.259401, 30.044172 ], [ -91.260554, 30.046002 ], [ -91.261605, 30.047543 ], [ -91.262527, 30.048809 ], [ -91.263432, 30.049769 ], [ -91.264069, 30.050801 ], [ -91.263947, 30.051736 ], [ -91.263824, 30.053299 ], [ -91.264072, 30.054145 ], [ -91.264404, 30.054976 ], [ -91.265198, 30.055702 ], [ -91.266352, 30.056646 ], [ -91.26686, 30.057251 ], [ -91.267515, 30.058114 ], [ -91.268983, 30.05926 ], [ -91.269085, 30.059308 ], [ -91.26947, 30.059306 ], [ -91.273231, 30.059293 ], [ -91.273284, 30.059293 ], [ -91.275116, 30.059286 ], [ -91.276554, 30.059281 ], [ -91.278738, 30.059274 ], [ -91.284923, 30.059225 ], [ -91.286591, 30.059213 ], [ -91.291164, 30.05919 ], [ -91.303555, 30.059131 ], [ -91.313099, 30.059063 ], [ -91.318869, 30.059019 ], [ -91.319049, 30.059018 ], [ -91.329174, 30.059031 ], [ -91.336225, 30.059034 ], [ -91.336306, 30.059027 ], [ -91.336665, 30.058995 ], [ -91.337496, 30.059857 ], [ -91.33854, 30.060648 ], [ -91.339705, 30.061204 ], [ -91.340648, 30.061463 ], [ -91.341989, 30.061471 ], [ -91.343497, 30.0614 ], [ -91.346272, 30.060708 ], [ -91.34728, 30.060467 ], [ -91.348113, 30.0605 ], [ -91.34876, 30.060516 ], [ -91.349731, 30.06042 ], [ -91.351156, 30.060091 ], [ -91.352358, 30.060301 ], [ -91.353523, 30.060929 ], [ -91.353772, 30.061091 ], [ -91.353948, 30.06105 ], [ -91.354151, 30.060876 ], [ -91.354256, 30.06051 ], [ -91.354519, 30.059891 ], [ -91.354835, 30.059524 ], [ -91.355467, 30.058584 ], [ -91.355915, 30.058103 ], [ -91.357574, 30.05714 ], [ -91.359234, 30.056612 ], [ -91.359287, 30.056498 ], [ -91.359524, 30.056521 ], [ -91.360446, 30.056177 ], [ -91.361341, 30.055924 ], [ -91.362447, 30.05574 ], [ -91.363554, 30.055717 ], [ -91.364534, 30.055455 ], [ -91.365635, 30.054948 ], [ -91.366735, 30.054699 ], [ -91.366978, 30.055257 ], [ -91.36711, 30.055441 ], [ -91.367452, 30.055578 ], [ -91.367558, 30.055716 ], [ -91.367689, 30.055784 ], [ -91.3679, 30.05599 ], [ -91.368085, 30.056288 ], [ -91.368137, 30.056426 ], [ -91.368269, 30.056655 ], [ -91.368428, 30.05709 ], [ -91.368481, 30.057548 ], [ -91.368507, 30.057938 ], [ -91.368612, 30.058007 ], [ -91.368718, 30.058511 ], [ -91.368824, 30.058717 ], [ -91.368835, 30.058824 ], [ -91.36885, 30.058969 ], [ -91.368956, 30.059061 ], [ -91.368956, 30.059198 ], [ -91.369035, 30.059267 ], [ -91.369087, 30.05945 ], [ -91.369641, 30.060413 ], [ -91.370432, 30.061191 ], [ -91.371407, 30.061764 ], [ -91.37196, 30.062245 ], [ -91.371987, 30.062405 ], [ -91.372066, 30.062451 ], [ -91.372093, 30.064536 ], [ -91.371988, 30.064949 ], [ -91.371778, 30.065041 ], [ -91.371541, 30.065362 ], [ -91.371225, 30.065568 ], [ -91.369855, 30.066027 ], [ -91.369434, 30.066301 ], [ -91.369197, 30.066645 ], [ -91.369039, 30.067057 ], [ -91.36896, 30.068341 ], [ -91.368935, 30.069487 ], [ -91.368856, 30.070128 ], [ -91.368752, 30.072397 ], [ -91.368831, 30.072512 ], [ -91.368831, 30.072603 ], [ -91.369095, 30.072924 ], [ -91.369095, 30.073107 ], [ -91.369174, 30.073153 ], [ -91.369306, 30.074368 ], [ -91.369412, 30.074551 ], [ -91.369544, 30.074849 ], [ -91.369649, 30.075032 ], [ -91.369623, 30.07517 ], [ -91.369728, 30.075238 ], [ -91.369808, 30.075926 ], [ -91.370019, 30.076453 ], [ -91.370045, 30.076774 ], [ -91.370124, 30.076865 ], [ -91.370177, 30.077232 ], [ -91.370652, 30.079042 ], [ -91.370758, 30.079294 ], [ -91.371206, 30.079844 ], [ -91.371364, 30.080325 ], [ -91.371391, 30.080531 ], [ -91.371523, 30.080692 ], [ -91.371549, 30.080852 ], [ -91.37176, 30.081425 ], [ -91.37176, 30.081562 ], [ -91.373026, 30.08273 ], [ -91.37321, 30.083005 ], [ -91.373975, 30.083761 ], [ -91.374714, 30.084769 ], [ -91.375109, 30.0851 ], [ -91.375633, 30.085431 ], [ -91.375923, 30.085592 ], [ -91.37616, 30.085798 ], [ -91.376344, 30.086073 ], [ -91.376344, 30.086165 ], [ -91.376423, 30.086211 ], [ -91.376423, 30.086302 ], [ -91.37645, 30.086371 ], [ -91.376529, 30.086554 ], [ -91.376765, 30.087334 ], [ -91.376818, 30.087425 ], [ -91.376818, 30.087563 ], [ -91.376897, 30.087609 ], [ -91.377002, 30.088136 ], [ -91.377081, 30.088388 ], [ -91.377317, 30.089121 ], [ -91.377317, 30.089396 ], [ -91.377423, 30.089534 ], [ -91.377449, 30.089717 ], [ -91.377607, 30.090267 ], [ -91.377659, 30.090909 ], [ -91.377738, 30.091138 ], [ -91.377842, 30.092513 ], [ -91.377921, 30.092994 ], [ -91.378025, 30.094851 ], [ -91.378236, 30.094988 ], [ -91.378341, 30.095218 ], [ -91.378657, 30.095516 ], [ -91.380027, 30.096479 ], [ -91.380791, 30.096892 ], [ -91.381476, 30.097167 ], [ -91.38469, 30.098039 ], [ -91.385613, 30.098475 ], [ -91.385955, 30.098544 ], [ -91.386615, 30.098567 ], [ -91.388196, 30.099072 ], [ -91.38925, 30.099256 ], [ -91.389487, 30.09937 ], [ -91.390594, 30.100212 ], [ -91.390576, 30.100234 ], [ -91.38895, 30.102294 ], [ -91.388841, 30.102445 ], [ -91.389202, 30.102444 ], [ -91.389801, 30.102444 ], [ -91.392206, 30.102454 ], [ -91.406684, 30.102501 ], [ -91.41663, 30.102536 ], [ -91.423199, 30.10256 ], [ -91.429262, 30.102579 ], [ -91.457472, 30.102668 ], [ -91.461333, 30.102678 ], [ -91.463898, 30.102682 ], [ -91.463913, 30.102725 ], [ -91.463992, 30.102931 ], [ -91.463992, 30.103046 ], [ -91.464282, 30.103321 ], [ -91.464915, 30.104192 ], [ -91.466233, 30.105291 ], [ -91.466865, 30.106093 ], [ -91.467445, 30.106643 ], [ -91.468131, 30.107147 ], [ -91.46821, 30.107239 ], [ -91.468342, 30.107262 ], [ -91.468368, 30.107376 ], [ -91.469212, 30.108155 ], [ -91.46995, 30.109072 ], [ -91.470319, 30.109347 ], [ -91.470319, 30.109484 ], [ -91.47082, 30.110057 ], [ -91.470975, 30.110346 ], [ -91.471163, 30.110699 ], [ -91.471216, 30.110882 ], [ -91.471321, 30.110928 ], [ -91.471347, 30.11118 ], [ -91.471743, 30.111982 ], [ -91.47177, 30.112326 ], [ -91.471849, 30.112349 ], [ -91.47206, 30.113334 ], [ -91.472139, 30.114159 ], [ -91.472007, 30.114824 ], [ -91.471902, 30.115076 ], [ -91.47156, 30.115672 ], [ -91.470927, 30.116405 ], [ -91.469372, 30.11746 ], [ -91.46903, 30.11778 ], [ -91.46874, 30.118124 ], [ -91.468608, 30.118468 ], [ -91.468477, 30.118995 ], [ -91.468266, 30.119316 ], [ -91.468029, 30.119545 ], [ -91.46758, 30.119706 ], [ -91.467422, 30.120072 ], [ -91.467467, 30.120503 ], [ -91.467475, 30.120577 ], [ -91.467554, 30.120829 ], [ -91.467686, 30.120943 ], [ -91.467721, 30.121132 ], [ -91.464822, 30.12283 ], [ -91.464603, 30.12335 ], [ -91.464497, 30.123556 ], [ -91.46397, 30.124313 ], [ -91.46339, 30.124804 ], [ -91.463129, 30.125199 ], [ -91.462151, 30.128273 ], [ -91.4614, 30.13048 ], [ -91.461313, 30.131246 ], [ -91.461848, 30.132032 ], [ -91.463064, 30.133814 ], [ -91.46325, 30.134087 ], [ -91.464151, 30.134492 ], [ -91.464739, 30.134794 ], [ -91.46531, 30.135265 ], [ -91.465631, 30.13552 ], [ -91.465907, 30.135975 ], [ -91.466175, 30.136607 ], [ -91.46646, 30.137392 ], [ -91.466755, 30.13816 ], [ -91.46727, 30.138919 ], [ -91.468208, 30.139628 ], [ -91.468943, 30.13985 ], [ -91.46978, 30.140031 ], [ -91.470809, 30.140443 ], [ -91.471811, 30.141104 ], [ -91.472262, 30.141695 ], [ -91.4724, 30.142127 ], [ -91.472468, 30.142702 ], [ -91.472363, 30.142954 ], [ -91.472363, 30.143367 ], [ -91.472232, 30.144008 ], [ -91.471599, 30.145452 ], [ -91.47123, 30.146071 ], [ -91.470545, 30.146965 ], [ -91.470071, 30.147492 ], [ -91.469702, 30.14779 ], [ -91.468937, 30.148226 ], [ -91.468183, 30.148957 ], [ -91.468157, 30.150343 ], [ -91.468261, 30.154226 ], [ -91.468292, 30.155367 ], [ -91.468378, 30.158501 ], [ -91.467993, 30.159536 ], [ -91.467893, 30.160378 ], [ -91.468889, 30.16309 ], [ -91.468826, 30.164501 ], [ -91.468313, 30.165552 ], [ -91.468094, 30.166539 ], [ -91.468288, 30.167468 ], [ -91.469049, 30.168575 ], [ -91.469233, 30.168987 ], [ -91.469365, 30.16956 ], [ -91.469313, 30.170843 ], [ -91.469658, 30.171134 ], [ -91.470126, 30.171781 ], [ -91.470248, 30.172256 ], [ -91.470372, 30.172576 ], [ -91.470456, 30.172868 ], [ -91.470407, 30.173203 ], [ -91.470258, 30.173493 ], [ -91.470183, 30.173698 ], [ -91.470154, 30.17386 ], [ -91.470159, 30.17399 ], [ -91.470276, 30.174185 ], [ -91.470456, 30.174406 ], [ -91.470474, 30.174453 ], [ -91.470727, 30.174762 ], [ -91.470738, 30.174762 ], [ -91.47087, 30.175014 ], [ -91.471345, 30.175541 ], [ -91.471583, 30.175839 ], [ -91.471583, 30.176045 ], [ -91.471662, 30.176137 ], [ -91.471741, 30.176755 ], [ -91.471741, 30.176847 ], [ -91.471794, 30.176985 ], [ -91.472032, 30.178314 ], [ -91.472138, 30.178566 ], [ -91.472164, 30.179047 ], [ -91.472402, 30.17962 ], [ -91.472454, 30.179849 ], [ -91.47257, 30.18005 ], [ -91.472586, 30.180078 ], [ -91.472645, 30.180467 ], [ -91.472666, 30.180605 ], [ -91.472745, 30.180766 ], [ -91.472745, 30.181613 ], [ -91.472561, 30.182507 ], [ -91.472403, 30.182897 ], [ -91.472297, 30.183286 ], [ -91.47177, 30.18473 ], [ -91.471691, 30.185372 ], [ -91.471797, 30.186266 ], [ -91.471982, 30.186747 ], [ -91.472193, 30.187068 ], [ -91.472351, 30.187182 ], [ -91.472351, 30.187389 ], [ -91.472932, 30.188236 ], [ -91.473644, 30.189038 ], [ -91.475386, 30.19055 ], [ -91.475571, 30.190779 ], [ -91.476679, 30.191742 ], [ -91.47718, 30.192085 ], [ -91.479001, 30.192955 ], [ -91.480267, 30.19323 ], [ -91.480927, 30.193344 ], [ -91.482483, 30.193848 ], [ -91.483196, 30.194398 ], [ -91.484593, 30.195626 ], [ -91.485307, 30.196254 ], [ -91.48631, 30.196964 ], [ -91.48689, 30.197559 ], [ -91.487603, 30.198086 ], [ -91.488183, 30.19843 ], [ -91.488764, 30.198934 ], [ -91.489081, 30.199277 ], [ -91.489503, 30.200056 ], [ -91.489503, 30.200194 ], [ -91.489609, 30.200262 ], [ -91.489662, 30.200446 ], [ -91.489952, 30.201064 ], [ -91.49019, 30.201385 ], [ -91.490295, 30.201568 ], [ -91.490243, 30.201912 ], [ -91.488239, 30.203792 ], [ -91.488239, 30.204388 ], [ -91.488424, 30.204846 ], [ -91.488846, 30.205304 ], [ -91.489295, 30.205533 ], [ -91.489611, 30.205648 ], [ -91.489849, 30.205854 ], [ -91.489849, 30.206221 ], [ -91.489691, 30.206473 ], [ -91.489507, 30.206954 ], [ -91.489428, 30.207642 ], [ -91.489138, 30.2081 ], [ -91.488426, 30.208971 ], [ -91.488215, 30.20943 ], [ -91.488189, 30.20959 ], [ -91.488136, 30.21085 ], [ -91.487873, 30.211401 ], [ -91.486291, 30.21383 ], [ -91.485684, 30.214564 ], [ -91.485183, 30.214999 ], [ -91.484682, 30.215275 ], [ -91.482941, 30.217108 ], [ -91.482519, 30.217475 ], [ -91.481992, 30.217842 ], [ -91.481517, 30.218071 ], [ -91.481332, 30.218301 ], [ -91.481333, 30.218851 ], [ -91.48165, 30.219698 ], [ -91.481729, 30.21979 ], [ -91.481834, 30.220111 ], [ -91.481782, 30.220844 ], [ -91.481597, 30.221234 ], [ -91.481334, 30.221509 ], [ -91.480727, 30.222105 ], [ -91.480621, 30.222265 ], [ -91.480358, 30.222747 ], [ -91.47983, 30.223824 ], [ -91.479619, 30.22403 ], [ -91.479197, 30.224168 ], [ -91.477878, 30.224329 ], [ -91.477218, 30.224512 ], [ -91.476664, 30.224925 ], [ -91.47611, 30.225589 ], [ -91.475583, 30.226529 ], [ -91.475319, 30.227377 ], [ -91.475241, 30.228867 ], [ -91.475277, 30.229231 ], [ -91.475303, 30.229491 ], [ -91.478561, 30.231417 ], [ -91.480732, 30.232249 ], [ -91.483307, 30.233104 ], [ -91.487438, 30.23489 ], [ -91.489656, 30.23585 ], [ -91.492305, 30.236776 ], [ -91.494752, 30.237447 ], [ -91.497272, 30.237885 ], [ -91.500112, 30.238169 ], [ -91.503707, 30.239084 ], [ -91.508268, 30.240297 ], [ -91.51064, 30.240659 ], [ -91.513678, 30.240801 ], [ -91.514342, 30.241013 ], [ -91.517236, 30.241187 ], [ -91.521073, 30.240844 ], [ -91.526611, 30.240944 ], [ -91.530015, 30.24122 ], [ -91.531256, 30.241151 ], [ -91.532971, 30.240854 ], [ -91.534634, 30.240304 ], [ -91.536139, 30.239961 ], [ -91.538224, 30.239892 ], [ -91.539649, 30.240007 ], [ -91.541575, 30.240008 ], [ -91.542024, 30.239916 ], [ -91.542288, 30.239687 ], [ -91.54279, 30.23971 ], [ -91.545816, 30.239992 ], [ -91.550064, 30.24083 ], [ -91.554827, 30.241896 ], [ -91.555164, 30.241882 ], [ -91.5585, 30.241753 ], [ -91.559662, 30.241806 ], [ -91.56276, 30.241949 ], [ -91.566959, 30.243403 ], [ -91.570264, 30.244831 ], [ -91.573222, 30.246412 ], [ -91.575655, 30.247773 ], [ -91.57862, 30.250197 ], [ -91.588039, 30.257113 ], [ -91.590302, 30.260184 ], [ -91.591098, 30.263704 ], [ -91.590836, 30.266812 ], [ -91.588595, 30.269342 ], [ -91.587732, 30.273282 ], [ -91.589959, 30.277047 ], [ -91.590808, 30.277799 ], [ -91.598215, 30.284359 ], [ -91.603974, 30.289459 ], [ -91.609706, 30.296563 ], [ -91.61141, 30.298475 ], [ -91.619146, 30.307156 ], [ -91.621055, 30.309938 ], [ -91.622199, 30.313505 ], [ -91.624412, 30.32057 ], [ -91.625112, 30.322774 ], [ -91.625835, 30.323901 ], [ -91.627544, 30.330102 ], [ -91.627409, 30.331002 ], [ -91.627145, 30.331901 ], [ -91.626325, 30.332607 ], [ -91.626074, 30.332761 ], [ -91.625991, 30.332898 ], [ -91.62589, 30.33297 ], [ -91.625673, 30.333327 ], [ -91.625418, 30.333854 ], [ -91.625335, 30.334243 ], [ -91.625528, 30.334897 ], [ -91.625457, 30.335527 ], [ -91.625253, 30.336287 ], [ -91.625161, 30.336817 ], [ -91.625155, 30.336838 ], [ -91.625116, 30.336933 ], [ -91.625051, 30.337083 ], [ -91.624982, 30.337248 ], [ -91.624939, 30.337372 ], [ -91.62489, 30.337512 ], [ -91.624854, 30.337632 ], [ -91.624406, 30.338182 ], [ -91.624591, 30.338503 ], [ -91.624655, 30.341803 ], [ -91.625112, 30.343554 ], [ -91.625422, 30.343702 ], [ -91.625501, 30.344367 ], [ -91.625554, 30.344665 ], [ -91.625567, 30.344848 ], [ -91.625706, 30.345169 ], [ -91.625837, 30.345559 ], [ -91.626128, 30.345994 ], [ -91.626392, 30.346728 ], [ -91.626391, 30.346865 ], [ -91.626471, 30.346911 ], [ -91.626893, 30.348034 ], [ -91.627209, 30.349203 ], [ -91.627156, 30.349753 ], [ -91.626706, 30.350647 ], [ -91.626336, 30.351151 ], [ -91.625578, 30.352044 ], [ -91.625458, 30.35248 ], [ -91.625436, 30.352618 ], [ -91.625419, 30.352732 ], [ -91.625445, 30.353878 ], [ -91.625483, 30.354209 ], [ -91.628484, 30.355594 ], [ -91.628675, 30.355682 ], [ -91.629895, 30.356248 ], [ -91.629918, 30.356259 ], [ -91.630043, 30.356317 ], [ -91.630175, 30.356378 ], [ -91.630197, 30.356388 ], [ -91.63147, 30.356978 ], [ -91.631922, 30.357186 ], [ -91.632861, 30.357619 ], [ -91.633194, 30.357778 ], [ -91.634077, 30.358201 ], [ -91.635342, 30.358764 ], [ -91.637849, 30.359984 ], [ -91.640831, 30.361435 ], [ -91.640987, 30.361506 ], [ -91.641244, 30.361623 ], [ -91.641323, 30.361664 ], [ -91.641874, 30.361946 ], [ -91.644027, 30.363063 ], [ -91.644846, 30.363445 ], [ -91.644998, 30.363519 ], [ -91.645921, 30.36395 ], [ -91.647893, 30.364953 ], [ -91.648118, 30.365068 ], [ -91.648079, 30.365159 ], [ -91.648016, 30.365306 ], [ -91.647892, 30.365592 ], [ -91.647684, 30.366075 ], [ -91.647628, 30.366206 ], [ -91.6473, 30.366866 ], [ -91.64722, 30.367024 ], [ -91.647017, 30.36743 ], [ -91.646393, 30.368388 ], [ -91.646362, 30.368436 ], [ -91.645223, 30.370022 ], [ -91.644498, 30.371061 ], [ -91.644273, 30.371364 ], [ -91.644243, 30.371404 ], [ -91.644125, 30.371563 ], [ -91.644042, 30.371683 ], [ -91.644028, 30.371704 ], [ -91.643879, 30.371922 ], [ -91.643719, 30.372036 ], [ -91.643315, 30.37247 ], [ -91.641491, 30.373638 ], [ -91.638875, 30.373879 ], [ -91.638836, 30.373883 ], [ -91.638765, 30.37389 ], [ -91.638752, 30.373891 ], [ -91.636836, 30.374098 ], [ -91.636491, 30.374135 ], [ -91.636363, 30.374149 ], [ -91.636154, 30.374172 ], [ -91.633044, 30.375195 ], [ -91.632827, 30.375741 ], [ -91.629032, 30.377933 ], [ -91.627757, 30.379553 ], [ -91.62774, 30.381352 ], [ -91.628591, 30.383176 ], [ -91.628633, 30.383266 ], [ -91.626258, 30.386418 ], [ -91.626254, 30.386467 ], [ -91.625997, 30.389388 ], [ -91.625112, 30.392368 ], [ -91.624655, 30.394369 ], [ -91.62483, 30.394789 ], [ -91.625112, 30.396207 ], [ -91.625624, 30.396945 ], [ -91.627084, 30.399358 ], [ -91.626632, 30.401959 ], [ -91.628422, 30.404667 ], [ -91.630019, 30.407084 ], [ -91.630008, 30.409554 ], [ -91.630003, 30.410778 ], [ -91.628087, 30.413915 ], [ -91.629346, 30.416223 ], [ -91.632547, 30.417676 ], [ -91.634717, 30.419729 ], [ -91.634517, 30.421382 ], [ -91.634411, 30.422467 ], [ -91.634938, 30.423137 ], [ -91.6351, 30.423343 ], [ -91.639568, 30.429032 ], [ -91.637172, 30.434866 ], [ -91.639559, 30.441277 ], [ -91.640078, 30.442673 ], [ -91.640952, 30.442909 ], [ -91.645315, 30.444107 ], [ -91.64572, 30.444221 ], [ -91.645894, 30.444522 ], [ -91.646142, 30.444985 ], [ -91.646999, 30.446535 ], [ -91.647677, 30.448949 ], [ -91.647731, 30.449082 ], [ -91.654658, 30.454338 ], [ -91.655353, 30.454866 ], [ -91.655459, 30.454946 ], [ -91.658342, 30.457133 ], [ -91.662597, 30.460362 ], [ -91.663015, 30.46068 ], [ -91.661847, 30.460898 ], [ -91.661186, 30.461173 ], [ -91.661001, 30.461288 ], [ -91.660898, 30.461342 ], [ -91.674592, 30.47438 ], [ -91.674766, 30.474546 ], [ -91.677543, 30.475962 ], [ -91.685488, 30.476343 ], [ -91.6876, 30.4783 ], [ -91.688984, 30.479339 ], [ -91.689771, 30.47993 ], [ -91.692453, 30.481301 ], [ -91.701316, 30.492556 ], [ -91.701341, 30.497435 ], [ -91.701339, 30.497747 ], [ -91.716526, 30.497832 ], [ -91.717022, 30.497833 ], [ -91.71798, 30.49784 ], [ -91.719074, 30.497845 ], [ -91.719629, 30.49785 ], [ -91.739556, 30.497961 ], [ -91.740484, 30.497966 ], [ -91.741016, 30.497969 ], [ -91.74855, 30.498011 ], [ -91.748961, 30.498014 ], [ -91.749607, 30.498025 ], [ -91.750055, 30.498034 ], [ -91.750448, 30.49804 ], [ -91.75064, 30.498044 ], [ -91.753164, 30.49809 ], [ -91.753764, 30.498102 ], [ -91.75395, 30.498104 ], [ -91.755803, 30.498138 ], [ -91.756209, 30.498133 ], [ -91.756292, 30.500193 ], [ -91.75572, 30.501363 ], [ -91.754984, 30.504094 ], [ -91.753782, 30.506227 ], [ -91.752272, 30.507416 ], [ -91.751154, 30.508104 ], [ -91.750115, 30.508589 ], [ -91.747348, 30.509091 ], [ -91.743068, 30.508603 ], [ -91.735925, 30.50824 ], [ -91.733765, 30.509283 ], [ -91.732517, 30.510096 ], [ -91.731432, 30.512119 ], [ -91.731748, 30.514419 ], [ -91.731859, 30.515225 ], [ -91.731978, 30.517784 ], [ -91.732261, 30.518631 ], [ -91.732318, 30.5188 ], [ -91.732402, 30.519052 ], [ -91.732542, 30.519472 ], [ -91.732823, 30.520314 ], [ -91.734302, 30.522624 ], [ -91.736398, 30.525125 ], [ -91.738174, 30.526545 ], [ -91.739669, 30.527862 ], [ -91.741288, 30.530123 ], [ -91.742178, 30.53158 ], [ -91.743453, 30.534141 ], [ -91.744747, 30.536799 ], [ -91.745799, 30.539123 ], [ -91.74726, 30.542027 ], [ -91.748227, 30.544056 ], [ -91.748764, 30.545124 ], [ -91.74907, 30.545732 ], [ -91.749099, 30.545782 ], [ -91.749159, 30.545886 ], [ -91.749288, 30.546109 ], [ -91.74932, 30.546163 ], [ -91.749395, 30.546289 ], [ -91.749474, 30.546425 ], [ -91.749501, 30.546472 ], [ -91.749532, 30.546524 ], [ -91.749555, 30.546564 ], [ -91.749589, 30.546623 ], [ -91.749614, 30.546665 ], [ -91.749688, 30.546819 ], [ -91.75005, 30.547571 ], [ -91.750115, 30.547705 ], [ -91.750171, 30.547858 ], [ -91.751576, 30.551701 ], [ -91.753526, 30.554816 ], [ -91.755346, 30.558667 ], [ -91.75698, 30.562551 ], [ -91.757298, 30.564247 ], [ -91.757187, 30.566815 ], [ -91.756637, 30.568625 ], [ -91.755555, 30.570589 ], [ -91.754968, 30.571881 ], [ -91.754437, 30.574232 ], [ -91.754438, 30.577374 ], [ -91.754364, 30.580508 ], [ -91.754132, 30.584086 ], [ -91.754226, 30.586088 ], [ -91.753536, 30.588383 ], [ -91.752735, 30.592503 ], [ -91.752083, 30.596582 ], [ -91.751066, 30.598877 ], [ -91.750889, 30.601324 ], [ -91.751357, 30.603698 ], [ -91.752542, 30.606193 ], [ -91.753849, 30.608122 ], [ -91.754167, 30.610214 ], [ -91.754728, 30.612451 ], [ -91.754654, 30.614527 ], [ -91.754001, 30.617426 ], [ -91.752826, 30.619632 ], [ -91.752247, 30.620537 ], [ -91.751342, 30.621515 ], [ -91.750115, 30.622719 ], [ -91.748153, 30.623842 ], [ -91.747631, 30.624038 ], [ -91.746736, 30.624616 ], [ -91.745011, 30.625189 ], [ -91.743317, 30.627498 ], [ -91.741397, 30.630837 ], [ -91.740996, 30.632538 ], [ -91.743964, 30.639776 ], [ -91.746004, 30.652551 ], [ -91.74643, 30.658782 ], [ -91.74539, 30.661197 ], [ -91.744539, 30.662418 ], [ -91.741737, 30.663571 ], [ -91.738245, 30.664503 ], [ -91.734813, 30.666697 ], [ -91.732826, 30.667967 ], [ -91.731492, 30.669772 ], [ -91.73163, 30.670206 ], [ -91.732347, 30.672456 ], [ -91.735287, 30.677994 ], [ -91.736199, 30.679253 ], [ -91.736208, 30.68423 ], [ -91.735164, 30.688393 ], [ -91.734395, 30.690915 ], [ -91.734003, 30.692168 ], [ -91.733644, 30.696447 ], [ -91.733673, 30.70173 ], [ -91.733955, 30.703406 ], [ -91.734087, 30.703792 ], [ -91.734875, 30.706087 ], [ -91.735997, 30.708583 ], [ -91.736284, 30.70911 ], [ -91.736598, 30.709685 ], [ -91.737469, 30.711463 ], [ -91.738266, 30.712628 ], [ -91.739396, 30.714194 ], [ -91.740824, 30.715773 ], [ -91.74332, 30.7185 ], [ -91.744659, 30.720667 ], [ -91.745821, 30.722381 ], [ -91.746536, 30.723547 ], [ -91.747218, 30.725157 ], [ -91.747677, 30.726801 ], [ -91.748022, 30.728276 ], [ -91.748223, 30.728711 ], [ -91.748664, 30.729644 ], [ -91.750115, 30.732119 ], [ -91.751422, 30.734284 ], [ -91.751897, 30.735802 ], [ -91.754201, 30.737322 ], [ -91.75741, 30.740255 ], [ -91.757942, 30.74099 ], [ -91.758034, 30.742468 ], [ -91.757948, 30.745569 ], [ -91.757238, 30.74762 ], [ -91.756854, 30.748701 ], [ -91.755887, 30.750185 ], [ -91.755473, 30.753289 ], [ -91.75522, 30.756571 ], [ -91.756279, 30.760135 ], [ -91.758188, 30.762783 ], [ -91.760172, 30.765783 ], [ -91.760722, 30.767213 ], [ -91.762013, 30.769664 ], [ -91.76335, 30.772042 ], [ -91.763994, 30.774352 ], [ -91.764813, 30.777541 ], [ -91.765528, 30.77997 ], [ -91.766756, 30.781837 ], [ -91.767761, 30.783921 ], [ -91.768759, 30.785389 ], [ -91.77108, 30.787531 ], [ -91.773919, 30.790391 ], [ -91.777439, 30.793568 ], [ -91.779753, 30.795142 ], [ -91.78211, 30.796356 ], [ -91.783549, 30.796706 ], [ -91.784433, 30.796922 ], [ -91.786774, 30.797504 ], [ -91.78775, 30.79822 ], [ -91.789877, 30.799563 ], [ -91.790703, 30.800003 ], [ -91.792868, 30.801157 ], [ -91.79439, 30.802503 ], [ -91.795475, 30.803242 ], [ -91.797456, 30.804505 ], [ -91.799264, 30.805761 ], [ -91.801012, 30.806745 ], [ -91.803309, 30.807287 ], [ -91.80445, 30.80845 ], [ -91.805356, 30.809486 ], [ -91.80643, 30.810305 ], [ -91.807295, 30.811069 ], [ -91.807926, 30.813138 ], [ -91.808341, 30.814481 ], [ -91.808504, 30.816128 ], [ -91.808316, 30.817881 ], [ -91.807866, 30.819499 ], [ -91.807522, 30.820301 ], [ -91.806159, 30.821804 ], [ -91.8052, 30.82272 ], [ -91.803827, 30.823727 ], [ -91.801598, 30.824489 ], [ -91.798459, 30.828991 ], [ -91.799453, 30.834283 ], [ -91.801106, 30.837516 ], [ -91.804619, 30.840733 ], [ -91.809385, 30.843455 ], [ -91.813307, 30.846821 ], [ -91.815258, 30.848107 ], [ -91.817227, 30.849404 ], [ -91.819899, 30.852048 ], [ -91.82128, 30.853432 ], [ -91.822372, 30.854525 ], [ -91.823072, 30.856354 ], [ -91.822877, 30.858059 ], [ -91.822643, 30.859356 ], [ -91.822304, 30.860414 ], [ -91.821669, 30.86108 ], [ -91.821042, 30.861307 ], [ -91.817637, 30.861779 ], [ -91.809907, 30.861855 ], [ -91.806714, 30.862694 ], [ -91.80624, 30.862895 ], [ -91.804324, 30.863713 ], [ -91.803527, 30.865237 ], [ -91.802732, 30.867697 ], [ -91.802531, 30.869369 ], [ -91.802451, 30.870035 ], [ -91.802338, 30.870531 ], [ -91.801994, 30.872045 ], [ -91.801956, 30.873629 ], [ -91.801877, 30.874025 ], [ -91.80165, 30.875184 ], [ -91.802375, 30.87945 ], [ -91.802686, 30.883052 ], [ -91.802705, 30.883272 ], [ -91.801647, 30.892713 ], [ -91.801375, 30.896526 ], [ -91.801164, 30.89861 ], [ -91.801637, 30.900994 ], [ -91.801669, 30.90253 ], [ -91.801676, 30.903499 ], [ -91.80173, 30.906753 ], [ -91.801837, 30.913098 ], [ -91.80175, 30.914309 ], [ -91.801676, 30.914685 ], [ -91.801374, 30.916231 ], [ -91.80018, 30.924621 ], [ -91.800192, 30.92472 ], [ -91.800324, 30.925776 ], [ -91.800771, 30.927644 ], [ -91.802038, 30.935565 ], [ -91.802191, 30.936891 ], [ -91.802896, 30.938985 ], [ -91.803114, 30.940238 ], [ -91.803166, 30.941329 ], [ -91.802879, 30.943986 ], [ -91.802624, 30.948251 ], [ -91.802451, 30.950206 ], [ -91.802521, 30.951418 ], [ -91.802668, 30.954343 ], [ -91.802703, 30.954827 ], [ -91.802872, 30.957115 ], [ -91.803172, 30.958747 ], [ -91.803492, 30.959783 ], [ -91.804041, 30.961772 ], [ -91.804643, 30.964762 ], [ -91.804661, 30.964853 ], [ -91.804722, 30.965159 ], [ -91.804995, 30.966388 ], [ -91.805279, 30.967238 ], [ -91.80559, 30.968394 ], [ -91.805834, 30.969979 ], [ -91.805963, 30.972558 ], [ -91.805623, 30.9744 ], [ -91.805063, 30.975746 ], [ -91.803726, 30.977912 ], [ -91.803073, 30.978398 ], [ -91.802249, 30.979001 ], [ -91.801442, 30.979612 ], [ -91.800023, 30.980802 ], [ -91.797941, 30.982101 ], [ -91.797559, 30.982393 ], [ -91.796521, 30.982842 ], [ -91.794531, 30.983143 ], [ -91.790308, 30.984065 ], [ -91.788438, 30.984474 ], [ -91.784068, 30.985325 ], [ -91.78216, 30.985827 ], [ -91.780473, 30.986694 ], [ -91.779767, 30.987265 ], [ -91.778319, 30.988763 ], [ -91.776969, 30.990916 ], [ -91.776007, 30.993377 ], [ -91.775963, 30.993969 ], [ -91.775861, 30.995348 ], [ -91.774777, 31.000181 ], [ -91.774187, 31.002581 ], [ -91.774174, 31.002637 ], [ -91.772572, 31.00474 ], [ -91.770127, 31.007012 ], [ -91.769045, 31.007864 ], [ -91.767525, 31.009064 ], [ -91.767059, 31.009327 ], [ -91.766705, 31.009526 ], [ -91.765646, 31.010125 ], [ -91.765293, 31.010325 ], [ -91.764376, 31.010843 ], [ -91.762044, 31.011638 ], [ -91.762017, 31.011648 ], [ -91.759658, 31.012452 ], [ -91.758133, 31.013178 ], [ -91.755854, 31.014209 ], [ -91.754124, 31.015528 ], [ -91.752843, 31.016589 ], [ -91.752079, 31.017223 ], [ -91.750119, 31.018814 ], [ -91.748579, 31.01936 ], [ -91.747786, 31.019213 ], [ -91.745944, 31.018872 ], [ -91.743091, 31.017912 ], [ -91.738859, 31.01642 ], [ -91.735551, 31.015181 ], [ -91.73381, 31.01441 ], [ -91.731626, 31.013174 ], [ -91.730757, 31.012667 ], [ -91.72896, 31.011618 ], [ -91.725514, 31.009422 ], [ -91.724095, 31.008413 ], [ -91.721496, 31.007366 ], [ -91.719294, 31.006728 ], [ -91.717553, 31.00666 ], [ -91.714001, 31.006768 ], [ -91.710725, 31.007979 ], [ -91.709168, 31.009531 ], [ -91.708418, 31.01152 ], [ -91.707335, 31.013926 ], [ -91.705925, 31.016265 ], [ -91.703044, 31.018636 ], [ -91.699152, 31.019573 ], [ -91.696374, 31.020012 ], [ -91.693697, 31.019829 ], [ -91.690996, 31.019323 ], [ -91.687266, 31.018142 ], [ -91.684041, 31.016983 ], [ -91.680931, 31.015648 ], [ -91.677677, 31.01393 ], [ -91.67505, 31.012955 ], [ -91.671062, 31.010608 ], [ -91.668453, 31.008147 ] ] ] ] } }
]
}
