{
"type": "FeatureCollection",
"name": "DISTRICT_8",
"crs": { "type": "name", "properties": { "name": "urn:ogc:def:crs:OGC:1.3:CRS84" } },
"xy_coordinate_resolution": 1e-15,
"features": [
{ "type": "Feature", "properties": { "LONGNAME": "District 8", "SHORTNAME": "D8", "DISTRICT": 8, "COLOR": 1380109184, "TOTAL": 769220, "TARGET_DEV": -1 }, "geometry": { "type": "MultiPolygon", "coordinates": [ [ [ [ -80.8615789478973, 28.246563285163987 ], [ -80.861555947914823, 28.247309285345889 ], [ -80.861548947921079, 28.247565285408321 ], [ -80.861517947944648, 28.248567285652644 ], [ -80.861491947965121, 28.249430285863049 ], [ -80.861487947967731, 28.249546285891395 ], [ -80.861465947985621, 28.250293286073514 ], [ -80.861461947988033, 28.250403286100362 ], [ -80.861457947990417, 28.250513286127205 ], [ -80.8614519479938, 28.250671286165744 ], [ -80.861428948009149, 28.251349286331131 ], [ -80.861412948019321, 28.251805286442355 ], [ -80.861400948028063, 28.252181286534068 ], [ -80.8613979480306, 28.252286286559624 ], [ -80.861417948072912, 28.253407286831578 ], [ -80.861485948212248, 28.257079287722288 ], [ -80.861508948258802, 28.258303288019192 ], [ -80.861510948260914, 28.258350288030563 ], [ -80.86152894829759, 28.259315288264624 ], [ -80.861585948413179, 28.262355289001938 ], [ -80.861605948452066, 28.26337028924808 ], [ -80.86161294850406, 28.264904289620649 ], [ -80.861641948662651, 28.26951229073957 ], [ -80.861651948715632, 28.271049291112821 ], [ -80.861655948720866, 28.271174291143073 ], [ -80.86169194877921, 28.272641291498569 ], [ -80.861715948815785, 28.273549291718602 ], [ -80.861814948970732, 28.277417292655837 ], [ -80.861856949034987, 28.279010293041754 ], [ -80.861895949093352, 28.280451293390836 ], [ -80.86189794909734, 28.280556293416289 ], [ -80.86190794911326, 28.280955293512992 ], [ -80.862006949306334, 28.285987294732834 ], [ -80.862135949534547, 28.291828296148363 ], [ -80.86224494972646, 28.296731297336365 ], [ -80.862273949779635, 28.298099297667882 ], [ -80.862358949936919, 28.302156298650978 ], [ -80.862581950350247, 28.312810301232407 ], [ -80.862771950912332, 28.328293304986392 ], [ -80.862786950982084, 28.330291305471018 ], [ -80.862802951056182, 28.332410305984951 ], [ -80.862744951211567, 28.337669307262917 ], [ -80.862802951406948, 28.343115308583148 ], [ -80.862797951432469, 28.343937308782738 ], [ -80.862795951448774, 28.344453308908033 ], [ -80.862791951491531, 28.345792309233047 ], [ -80.862789951511061, 28.34640630938215 ], [ -80.862787951534088, 28.347127309557148 ], [ -80.862817951546134, 28.347226309580375 ], [ -80.862833951552588, 28.347280309593121 ], [ -80.862883951572542, 28.347444309631591 ], [ -80.862895951577229, 28.347481309640248 ], [ -80.862910951581995, 28.347492309642544 ], [ -80.864760952123419, 28.347533309605037 ], [ -80.870315953749142, 28.34765630949228 ], [ -80.871777954177034, 28.347689309462794 ], [ -80.872169954291451, 28.347689309452704 ], [ -80.877004955702802, 28.347686309327862 ], [ -80.881918957135724, 28.347640309190574 ], [ -80.88206095717716, 28.34763930918669 ], [ -80.882156957205169, 28.347638309183925 ], [ -80.88312895748858, 28.347629309156815 ], [ -80.884196957799958, 28.347618309126748 ], [ -80.88499195803179, 28.347610309104351 ], [ -80.885986958321936, 28.347601309076659 ], [ -80.887379958728104, 28.347588309037715 ], [ -80.887604958794299, 28.347603309035584 ], [ -80.895599961128099, 28.347608308831514 ], [ -80.903898963548272, 28.347546308603338 ], [ -80.911959965903037, 28.34761030841187 ], [ -80.912109965946911, 28.347612308408493 ], [ -80.920354968353124, 28.34761230819672 ], [ -80.921860968793411, 28.34763630816385 ], [ -80.922151968878524, 28.347641308157637 ], [ -80.925328969807325, 28.347692308088373 ], [ -80.925382969823033, 28.347690308086509 ], [ -80.926024970010346, 28.347690308070021 ], [ -80.928070970607465, 28.347691308017698 ], [ -80.928116970620877, 28.347691308016515 ], [ -80.928815970824829, 28.347690307998317 ], [ -80.930626971353362, 28.347690307951805 ], [ -80.9360689729413, 28.347689307811741 ], [ -80.937882973470636, 28.34768930776514 ], [ -80.938063973523427, 28.347688307760251 ], [ -80.938275973585334, 28.347690307755286 ], [ -80.9386069736819, 28.347689307746528 ], [ -80.938787973734719, 28.347689307741884 ], [ -80.939147973839724, 28.347688307732405 ], [ -80.939584973967229, 28.347688307721157 ], [ -80.940225974156434, 28.347753307720485 ], [ -80.940584974262407, 28.347790307720185 ], [ -80.940864974343938, 28.347786307712017 ], [ -80.941708974589915, 28.34777630768793 ], [ -80.941989974671785, 28.347773307679955 ], [ -80.942401974791892, 28.347768307668154 ], [ -80.942814974912224, 28.347763307656354 ], [ -80.944799975490653, 28.347740307599764 ], [ -80.946785976069364, 28.34771730754316 ], [ -80.946896976101726, 28.347716307540065 ], [ -80.949073976736145, 28.347691307478058 ], [ -80.95555097862939, 28.34779530733681 ], [ -80.961484980363792, 28.347890307207393 ], [ -80.963552980968387, 28.347928307163411 ], [ -80.963824981047907, 28.347933307157678 ], [ -80.964097981127651, 28.347936307151379 ], [ -80.968124982304886, 28.348008307065331 ], [ -80.969914982828215, 28.34804130702727 ], [ -80.988044988127896, 28.348368306640523 ], [ -80.994364989975267, 28.34848430650614 ], [ -80.994685990069058, 28.348489306499062 ], [ -80.999785991559918, 28.348589306392196 ], [ -81.00038799173474, 28.348565306370904 ], [ -81.009361994340949, 28.348221306056679 ], [ -81.010141994567434, 28.34819130602936 ], [ -81.010921994793961, 28.34816130600203 ], [ -81.015006995980201, 28.348004305858908 ], [ -81.015572996144613, 28.347982305839025 ], [ -81.016137996308657, 28.347960305819168 ], [ -81.01748699670037, 28.347907305771567 ], [ -81.022438998138227, 28.347714305597439 ], [ -81.023186998355584, 28.347690305572407 ], [ -81.025250998957915, 28.347703305522423 ], [ -81.02573099909803, 28.34770630551078 ], [ -81.026209999237807, 28.34770930549924 ], [ -81.031288000719798, 28.347741305376331 ], [ -81.031701000840286, 28.347743305366198 ], [ -81.032113000960507, 28.347746305356324 ], [ -81.033208001280087, 28.347753305329892 ], [ -81.034715001719889, 28.347763305293519 ], [ -81.035927002073578, 28.347770305264021 ], [ -81.036223002159943, 28.347772305256864 ], [ -81.042009003848364, 28.347808305116772 ], [ -81.042303003934165, 28.347810305109679 ], [ -81.042596004019671, 28.3478123051026 ], [ -81.047631005488896, 28.34784430498085 ], [ -81.048929005867663, 28.347852304949352 ], [ -81.050228006246698, 28.347860304917848 ], [ -81.05524600771092, 28.347891304796295 ], [ -81.056625008113272, 28.347900304762934 ], [ -81.05800500851592, 28.347909304729637 ], [ -81.058298008601412, 28.347911304722583 ], [ -81.058645008702683, 28.347913304714119 ], [ -81.058991008803631, 28.347915304705705 ], [ -81.063322010067282, 28.347942304600778 ], [ -81.065653010747425, 28.347957304544426 ], [ -81.067983011427202, 28.347971304487828 ], [ -81.071213012369583, 28.34799130440954 ], [ -81.071725012518968, 28.347994304397073 ], [ -81.07223801266862, 28.347998304384834 ], [ -81.072853012848057, 28.34800130436977 ], [ -81.073363012996808, 28.348004304357367 ], [ -81.073873013145615, 28.348007304344961 ], [ -81.074147013225513, 28.348008304338133 ], [ -81.085689016592838, 28.34808230405892 ], [ -81.08628901676785, 28.348086304044433 ], [ -81.086888016942623, 28.34809030403002 ], [ -81.087845017221724, 28.348093304006088 ], [ -81.088445017396651, 28.348094303990891 ], [ -81.088801017500458, 28.348095303981964 ], [ -81.091255018216017, 28.34810130392022 ], [ -81.091767018365346, 28.348103303907532 ], [ -81.092280018514955, 28.348104303894534 ], [ -81.093119018759566, 28.348106303873411 ], [ -81.093377018834801, 28.348107303867014 ], [ -81.094001019016773, 28.348109303851437 ], [ -81.094626019199012, 28.34811030383559 ], [ -81.094677019213862, 28.348110303834268 ], [ -81.094681019251141, 28.349208304100202 ], [ -81.094685019283972, 28.350170304333183 ], [ -81.094692019323318, 28.351303304607463 ], [ -81.094692019360593, 28.352436304882012 ], [ -81.094692019362867, 28.35250530489871 ], [ -81.094698019400781, 28.353604305164762 ], [ -81.094694019410568, 28.353936305245309 ], [ -81.094697019433468, 28.354606305407547 ], [ -81.094697019436779, 28.35470730543199 ], [ -81.094693019448044, 28.355084305523441 ], [ -81.094699019464599, 28.355534305632315 ], [ -81.094701019513636, 28.357006305988886 ], [ -81.094716019593193, 28.359289306541509 ], [ -81.094712019618356, 28.360088306735118 ], [ -81.094711019624825, 28.360293306784861 ], [ -81.094717019664984, 28.361460307067329 ], [ -81.09472601967633, 28.361725307131323 ], [ -81.094738019831382, 28.366325308245187 ], [ -81.094757019971823, 28.370418309236022 ], [ -81.094766019997536, 28.371119309405568 ], [ -81.094772020039144, 28.372329309698486 ], [ -81.094768020083379, 28.373706310032073 ], [ -81.094779020173846, 28.376351310672359 ], [ -81.094777020197881, 28.377099310853531 ], [ -81.094784020233845, 28.378126311102086 ], [ -81.094781020263838, 28.379062311328781 ], [ -81.094792020277339, 28.379374311404046 ], [ -81.094788020281669, 28.379541311444576 ], [ -81.09479302036452, 28.382009312042079 ], [ -81.094788020374722, 28.382361312127486 ], [ -81.094805020465259, 28.384955312755139 ], [ -81.094803020477769, 28.385352312851349 ], [ -81.094809020490246, 28.385677312929861 ], [ -81.094806020496577, 28.385895312982719 ], [ -81.09479002049396, 28.385958312998362 ], [ -81.094760020487186, 28.38601731301344 ], [ -81.094780020493786, 28.386040313018505 ], [ -81.094788020496551, 28.386053313021456 ], [ -81.094796020499771, 28.386081313028004 ], [ -81.094806020591335, 28.388766313677852 ], [ -81.094811020633557, 28.390001313976743 ], [ -81.094823020651077, 28.390425314079092 ], [ -81.094822020661297, 28.390745314156575 ], [ -81.094828020669198, 28.390930314201199 ], [ -81.094854020923577, 28.398402316009463 ], [ -81.094851020961514, 28.399577316293986 ], [ -81.094852020973406, 28.39992931637919 ], [ -81.094871021004721, 28.40070831656729 ], [ -81.094873021008695, 28.400811316592122 ], [ -81.094865021013575, 28.401030316645379 ], [ -81.09484502102751, 28.401627316790393 ], [ -81.094847021057817, 28.40252631700795 ], [ -81.094852021101644, 28.403809317318395 ], [ -81.094856021125878, 28.404507317487255 ], [ -81.094852021154239, 28.405400317703513 ], [ -81.094859021171857, 28.405871317817358 ], [ -81.094860021200461, 28.406728318024758 ], [ -81.094865021213579, 28.40708131811007 ], [ -81.094865021243422, 28.407983318328402 ], [ -81.094867021287385, 28.409296318646113 ], [ -81.094875021299586, 28.409593318717796 ], [ -81.094886021309691, 28.409802318768136 ], [ -81.094889021312838, 28.409871318784745 ], [ -81.094904021349805, 28.410856319022741 ], [ -81.094902021372206, 28.411551319190991 ], [ -81.094893021377189, 28.411780319246667 ], [ -81.09489902138462, 28.411952319288147 ], [ -81.094903021400256, 28.41239031939401 ], [ -81.094900021436061, 28.413499319662545 ], [ -81.094891021436041, 28.413577319681632 ], [ -81.094901021441075, 28.413642319697118 ], [ -81.094891021456618, 28.414199319832193 ], [ -81.094904021470896, 28.414517319908803 ], [ -81.094904021479039, 28.414763319968323 ], [ -81.094891021479626, 28.414895320000625 ], [ -81.094902021488224, 28.41505832003979 ], [ -81.094897021490056, 28.415157320063859 ], [ -81.094912021560788, 28.417164320549222 ], [ -81.094906021574289, 28.417624320660682 ], [ -81.094918021592221, 28.418060320765861 ], [ -81.094916021603694, 28.418424320853976 ], [ -81.094916021605698, 28.418484320868515 ], [ -81.094929021621383, 28.418845320955551 ], [ -81.0949380216815, 28.420581321375401 ], [ -81.094934021689426, 28.420857321442355 ], [ -81.094933021715917, 28.421666321638067 ], [ -81.094928021724797, 28.421978321713713 ], [ -81.094925021731655, 28.422211321770231 ], [ -81.094931021750071, 28.422715321892017 ], [ -81.094930021776221, 28.42351432208541 ], [ -81.09490502179905, 28.424423322305984 ], [ -81.094916021807208, 28.424572322341763 ], [ -81.094929021833764, 28.425260322507885 ], [ -81.094929021852593, 28.425829322645551 ], [ -81.094911021852596, 28.4259883226845 ], [ -81.094907021855647, 28.426115322715333 ], [ -81.094907021857409, 28.426168322728163 ], [ -81.094911021880307, 28.426825322887066 ], [ -81.094918021892823, 28.427140322963105 ], [ -81.094935021911851, 28.42756632306574 ], [ -81.094938021915553, 28.427650323085942 ], [ -81.094917021931153, 28.428306323245224 ], [ -81.094931021953272, 28.428851323376765 ], [ -81.094928021962829, 28.429166323453057 ], [ -81.094944021970178, 28.429247323472207 ], [ -81.09494702197496, 28.429365323500662 ], [ -81.094942021987777, 28.429796323605135 ], [ -81.094936021987905, 28.429852323618793 ], [ -81.094918021984441, 28.429906323632313 ], [ -81.094922021989404, 28.430021323660082 ], [ -81.0949440220013, 28.430187323699656 ], [ -81.094946022005232, 28.43028832372401 ], [ -81.094936022021031, 28.43085232386078 ], [ -81.094943022026811, 28.430965323887943 ], [ -81.094939022032008, 28.431157323934478 ], [ -81.094937022052832, 28.431803324090829 ], [ -81.094928022058667, 28.432059324152984 ], [ -81.094928022065247, 28.43225832420115 ], [ -81.094921022072114, 28.432526324266178 ], [ -81.094925022086059, 28.432912324359442 ], [ -81.094919022089428, 28.433066324396869 ], [ -81.09491302208896, 28.433104324406244 ], [ -81.094910022092463, 28.43323832443868 ], [ -81.094917022104255, 28.433531324509403 ], [ -81.094929022142665, 28.434585324764097 ], [ -81.094946022177254, 28.435480324980198 ], [ -81.094959022190821, 28.435774325050978 ], [ -81.094956022192164, 28.435842325067529 ], [ -81.094961022197992, 28.435973325099106 ], [ -81.094972022204743, 28.436080325124717 ], [ -81.094980022217285, 28.436389325199219 ], [ -81.094973022217758, 28.436464325217592 ], [ -81.094972022221313, 28.436580325245671 ], [ -81.09498202223466, 28.436894325321351 ], [ -81.094968022243251, 28.437277325414389 ], [ -81.094966022254042, 28.437620325497395 ], [ -81.094970022258281, 28.437713325519788 ], [ -81.094985022268204, 28.437880325559835 ], [ -81.094973022305297, 28.439105325856474 ], [ -81.094985022314972, 28.439291325901142 ], [ -81.094998022356577, 28.44043232617685 ], [ -81.094998022381631, 28.441188326359757 ], [ -81.094998022393384, 28.441542326445365 ], [ -81.0950060224163, 28.442162326595156 ], [ -81.095005022436737, 28.442787326746387 ], [ -81.095002022438109, 28.44285632676316 ], [ -81.094984022434701, 28.442910326776669 ], [ -81.094957022428162, 28.442952326787509 ], [ -81.095000022443131, 28.443025326804069 ], [ -81.095031022454521, 28.443095326820185 ], [ -81.095047022461614, 28.443169326837705 ], [ -81.095047022468805, 28.443386326890174 ], [ -81.095022022473117, 28.443736326975486 ], [ -81.095008022480684, 28.444086327060493 ], [ -81.095005022491421, 28.444436327145272 ], [ -81.095007022496134, 28.444561327175435 ], [ -81.095012022505088, 28.444787327229953 ], [ -81.095001022526773, 28.445538327411935 ], [ -81.095007022543129, 28.445977327517955 ], [ -81.095015022552687, 28.446196327570728 ], [ -81.095024022595396, 28.447405327862942 ], [ -81.095026022615897, 28.448004328007748 ], [ -81.095013022649013, 28.449117328277332 ], [ -81.095016022670023, 28.449724328424089 ], [ -81.095012022702349, 28.45073332866825 ], [ -81.095018022730429, 28.451527328860113 ], [ -81.095018022730798, 28.451538328862775 ], [ -81.095019022733936, 28.451624328883536 ], [ -81.095020022737401, 28.451720328906713 ], [ -81.099722024106313, 28.45166132877058 ], [ -81.100153024232156, 28.451667328760845 ], [ -81.101724024689688, 28.451652328716474 ], [ -81.101951024755834, 28.451651328710366 ], [ -81.104209025412672, 28.45160832864142 ], [ -81.106730026146664, 28.451579328569053 ], [ -81.107408026343748, 28.451561328547115 ], [ -81.108083026540257, 28.451554328527941 ], [ -81.108316026608207, 28.451554328521908 ], [ -81.108281026596487, 28.451509328511921 ], [ -81.108245026584498, 28.451463328501742 ], [ -81.109780027031348, 28.451443328457096 ], [ -81.111023027393102, 28.451426328420744 ], [ -81.111053027401837, 28.451426328419956 ], [ -81.112334027775205, 28.45142432838627 ], [ -81.11260602785454, 28.451425328379468 ], [ -81.117371029244481, 28.451451328262198 ], [ -81.119357029823732, 28.451461328213153 ], [ -81.122136030634366, 28.451477328144975 ], [ -81.122289030678985, 28.451479328141485 ], [ -81.125088031495366, 28.451492328071996 ], [ -81.125922031738625, 28.451497328051573 ], [ -81.127071032073843, 28.451506328023999 ], [ -81.133123033839098, 28.451541327875468 ], [ -81.133945034078778, 28.451545327855179 ], [ -81.13689803494006, 28.451562327782639 ], [ -81.137859035220302, 28.451566327758727 ], [ -81.1384380353892, 28.451570327744683 ], [ -81.139584035723587, 28.451580327717345 ], [ -81.140743036061565, 28.451586327688716 ], [ -81.141705036342174, 28.451592327665242 ], [ -81.144103037041504, 28.451605327606174 ], [ -81.144559037174531, 28.451608327595054 ], [ -81.144758037232521, 28.451609327590148 ], [ -81.14565103749284, 28.451610327567199 ], [ -81.145932037574951, 28.451615327561179 ], [ -81.147066037905645, 28.451622327533418 ], [ -81.14757803805476, 28.451618327519153 ], [ -81.149656038660964, 28.451636327469647 ], [ -81.1530870396615, 28.451654327384936 ], [ -81.154481040068021, 28.451662327350746 ], [ -81.155517040370256, 28.451671327326025 ], [ -81.155804040453944, 28.451672327318814 ], [ -81.157659040994787, 28.451680327272651 ], [ -81.158554041255528, 28.45167732724866 ], [ -81.159078041408534, 28.451686327237283 ], [ -81.159773041611132, 28.451688327219735 ], [ -81.160071041698075, 28.451689327212257 ], [ -81.160787041907099, 28.451701327196581 ], [ -81.160948041954015, 28.451700327192125 ], [ -81.161097041997436, 28.451701327188552 ], [ -81.161096042000295, 28.451795327211304 ], [ -81.163349042657373, 28.451811327156662 ], [ -81.163675042752345, 28.451809327147707 ], [ -81.16489204310723, 28.451816327117889 ], [ -81.16514304318018, 28.451811327110111 ], [ -81.16527304321805, 28.451810327106504 ], [ -81.165403043255878, 28.45180932710289 ], [ -81.165533043293763, 28.451809327099518 ], [ -81.165909043403445, 28.451812327090483 ], [ -81.16634304353002, 28.451815327079998 ], [ -81.167058043738592, 28.451821327062873 ], [ -81.167194043778366, 28.451825327060305 ], [ -81.167719043931783, 28.451839327050081 ], [ -81.167957044001312, 28.451843327044855 ], [ -81.168267044091849, 28.451849327038264 ], [ -81.170638044782237, 28.451833326972835 ], [ -81.171748045105488, 28.45182732694261 ], [ -81.1721660452272, 28.451823326930811 ], [ -81.172624045360479, 28.451819326917946 ], [ -81.180182047561658, 28.451782326712859 ], [ -81.180545047667181, 28.451775326701775 ], [ -81.184881048929981, 28.451755326584411 ], [ -81.185591049136576, 28.45174732656405 ], [ -81.189213050191455, 28.451732326466395 ], [ -81.189661050321774, 28.451726326453333 ], [ -81.190504050567341, 28.451725326431216 ], [ -81.191336050809554, 28.451719326408128 ], [ -81.191789050941608, 28.45172132639685 ], [ -81.193923051562876, 28.451706326337877 ], [ -81.198622052931057, 28.451677326208834 ], [ -81.199048053055193, 28.451678326198063 ], [ -81.201913053889513, 28.451666326120765 ], [ -81.203321054299437, 28.451657326082067 ], [ -81.203501054351847, 28.451656326077153 ], [ -81.203736054420219, 28.451654326070518 ], [ -81.204179054549385, 28.451656326059545 ], [ -81.204577054665151, 28.451652326048194 ], [ -81.204978054782032, 28.451653326038034 ], [ -81.206437055206848, 28.451645325998257 ], [ -81.207487055513454, 28.451666325976049 ], [ -81.208997055954669, 28.451705325946307 ], [ -81.209737056170056, 28.451699325925599 ], [ -81.210637056431523, 28.45167732589691 ], [ -81.211701056740296, 28.451641325860614 ], [ -81.212139056867656, 28.451634325847568 ], [ -81.212563056991101, 28.451632325836034 ], [ -81.213040057130314, 28.451640325825608 ], [ -81.21436905751726, 28.451633325789437 ], [ -81.218346058675223, 28.451614325681568 ], [ -81.219527059018901, 28.451604325648461 ], [ -81.219827059106251, 28.451601325639938 ], [ -81.220210059217749, 28.451599325629523 ], [ -81.220717059364844, 28.451582325612243 ], [ -81.221818059684992, 28.451564325579287 ], [ -81.224587060491231, 28.45155332550474 ], [ -81.225692060812605, 28.451538325472406 ], [ -81.227269061271727, 28.451529325429306 ], [ -81.228082061508232, 28.451520325405987 ], [ -81.228488061626322, 28.451515325394251 ], [ -81.228579061652908, 28.451517325392352 ], [ -81.229720061984779, 28.45150132535889 ], [ -81.230049062080639, 28.451502325350599 ], [ -81.230285062149434, 28.451504325344949 ], [ -81.230286062152842, 28.45159832536762 ], [ -81.230289062166619, 28.451986325461291 ], [ -81.23031106219338, 28.452598325608577 ], [ -81.230308062209005, 28.453094325728525 ], [ -81.23030606222467, 28.45358332584674 ], [ -81.230375062279734, 28.454634326098926 ], [ -81.230445062326851, 28.4554383262914 ], [ -81.230630062412885, 28.456403326519712 ], [ -81.230715062453569, 28.456883326633502 ], [ -81.230814062493323, 28.457210326709919 ], [ -81.230978062558961, 28.45774832683567 ], [ -81.231140062624164, 28.458289326962156 ], [ -81.231449062739074, 28.459038327135072 ], [ -81.231643062810548, 28.459486327238277 ], [ -81.232164062996489, 28.460514327473124 ], [ -81.232435063095224, 28.461109327609822 ], [ -81.232465063105764, 28.461164327622356 ], [ -81.232818063230511, 28.461822327772154 ], [ -81.233292063398864, 28.462732327979651 ], [ -81.233934063624915, 28.463906328246651 ], [ -81.23479906393041, 28.465513328612367 ], [ -81.235348064123755, 28.466518328840891 ], [ -81.235510064179905, 28.466788328901906 ], [ -81.236012064356828, 28.467708329111058 ], [ -81.236476064521298, 28.46858932931185 ], [ -81.236947064688067, 28.469477329514081 ], [ -81.237241064794333, 28.470096329655977 ], [ -81.237480064885034, 28.470729329802687 ], [ -81.237727064979126, 28.471394329956851 ], [ -81.237905065049006, 28.471935330082889 ], [ -81.238083065124485, 28.472645330249801 ], [ -81.238160065156961, 28.472947330320714 ], [ -81.238431065271158, 28.474005330569216 ], [ -81.238662065370619, 28.474971330796539 ], [ -81.238871065458824, 28.475790330988893 ], [ -81.239316065645667, 28.477509331392532 ], [ -81.239319065646939, 28.477521331395316 ], [ -81.239351065660728, 28.477654331426617 ], [ -81.239494065702658, 28.477663331425113 ], [ -81.23964406574666, 28.477672331423342 ], [ -81.239667065755498, 28.477736331438226 ], [ -81.23968006576149, 28.477803331454076 ], [ -81.239722065778224, 28.477938331485589 ], [ -81.240401066063157, 28.48055133209899 ], [ -81.240749066212658, 28.481995332438657 ], [ -81.240952066297666, 28.48277233262105 ], [ -81.241118066369921, 28.483490332790069 ], [ -81.241367066476897, 28.484523333033074 ], [ -81.241446066510917, 28.484852333110481 ], [ -81.241701066623435, 28.485999333380832 ], [ -81.242037066764269, 28.487287333683092 ], [ -81.242325066885982, 28.488421333949411 ], [ -81.2427010670459, 28.489931334304316 ], [ -81.242969067156864, 28.490917334535357 ], [ -81.243090067205742, 28.491326334631005 ], [ -81.243123067220679, 28.491487334669017 ], [ -81.243156067235546, 28.491643334705842 ], [ -81.243231067270528, 28.492037334798987 ], [ -81.243246067276431, 28.492083334809688 ], [ -81.243345067325208, 28.492681334951541 ], [ -81.243372067340275, 28.492897335002965 ], [ -81.243432067373448, 28.493366335114651 ], [ -81.243493067422307, 28.494298335338126 ], [ -81.243479067433441, 28.49475433544859 ], [ -81.243481067440314, 28.494943335494131 ], [ -81.243467067457701, 28.495585335649526 ], [ -81.243441067493777, 28.496892335965754 ], [ -81.243443067507798, 28.497295336063019 ], [ -81.243467067532237, 28.497818336188658 ], [ -81.24350706756087, 28.498328336310745 ], [ -81.24355406758886, 28.498755336412572 ], [ -81.24360106761408, 28.499100336494681 ], [ -81.243690067657198, 28.499615336616689 ], [ -81.243755067686962, 28.499941336693688 ], [ -81.243829067719432, 28.500267336770495 ], [ -81.243977067781032, 28.500821336900355 ], [ -81.244115067836603, 28.501282337008064 ], [ -81.244261067893788, 28.501720337109983 ], [ -81.244348067927049, 28.501957337164963 ], [ -81.24437706793799, 28.502032337182296 ], [ -81.244419067953672, 28.502135337206088 ], [ -81.244456067967604, 28.502229337227806 ], [ -81.244476067975171, 28.502281337239832 ], [ -81.244534067996852, 28.502425337273046 ], [ -81.24459506801945, 28.502569337306259 ], [ -81.244657068042315, 28.502713337339397 ], [ -81.24472106806563, 28.502855337372043 ], [ -81.245071068193582, 28.503632337550467 ], [ -81.245880068487665, 28.505381337951608 ], [ -81.247936069234811, 28.509819338969297 ], [ -81.247985069253019, 28.509937338996483 ], [ -81.248059069279719, 28.5100903390315 ], [ -81.249436069779847, 28.513053339710801 ], [ -81.249764069899953, 28.513788339879593 ], [ -81.249836069926829, 28.513964339920211 ], [ -81.249906069953141, 28.514141339961114 ], [ -81.249974069978904, 28.514319340002313 ], [ -81.250156070048689, 28.514821340118708 ], [ -81.250262070090898, 28.515159340197524 ], [ -81.250396070144703, 28.515603340301222 ], [ -81.250507070191404, 28.516032340401857 ], [ -81.2506040702348, 28.516484340508402 ], [ -81.250697070278349, 28.51697734062494 ], [ -81.250783070323195, 28.517568340765326 ], [ -81.250850070364862, 28.518230340923331 ], [ -81.250870070381112, 28.518542340998113 ], [ -81.250895070418622, 28.519446341215623 ], [ -81.250964070612994, 28.524655342470911 ], [ -81.25089407059258, 28.524655342472744 ], [ -81.250824070572165, 28.52465634247481 ], [ -81.250751070550933, 28.524656342476717 ], [ -81.250679070529998, 28.524657342478847 ], [ -81.250439070460118, 28.524658342485338 ], [ -81.25032007042546, 28.52465834248844 ], [ -81.250200070390534, 28.524658342491584 ], [ -81.249341070140488, 28.52466334251519 ], [ -81.248809069985711, 28.524669342530494 ], [ -81.24833606984815, 28.524675342544345 ], [ -81.248306069839401, 28.524675342545123 ], [ -81.247428069583719, 28.524677342568513 ], [ -81.246451069299226, 28.524681342594992 ], [ -81.244797068816894, 28.524665342634254 ], [ -81.244667068779123, 28.524668342638375 ], [ -81.244128068623354, 28.524705342661381 ], [ -81.24392206856335, 28.524705342666778 ], [ -81.243878068550515, 28.524705342667907 ], [ -81.243155068339419, 28.52469034268314 ], [ -81.241604067886598, 28.524660342716395 ], [ -81.241262067786835, 28.524656342724366 ], [ -81.240857067668941, 28.524658342735432 ], [ -81.240177067471024, 28.524663342754355 ], [ -81.240091067445888, 28.524661342756115 ], [ -81.240087067450162, 28.52482334279529 ], [ -81.240076067463292, 28.525312342913622 ], [ -81.240073067467875, 28.525475342953019 ], [ -81.240069067472049, 28.525634342991495 ], [ -81.240059067485092, 28.526112343107172 ], [ -81.240056067489576, 28.526272343145845 ], [ -81.240053067492468, 28.526384343172953 ], [ -81.240045067501384, 28.526720343254254 ], [ -81.240043067504587, 28.52683334328157 ], [ -81.240025067525679, 28.527620343471966 ], [ -81.239996067562629, 28.528976343799936 ], [ -81.239974067589841, 28.529981344042987 ], [ -81.239967067598855, 28.530312344123057 ], [ -81.23996506760885, 28.530628344199357 ], [ -81.239973067615907, 28.530768344232925 ], [ -81.239987067622593, 28.530847344251658 ], [ -81.240001067633983, 28.531065344303904 ], [ -81.240036067650351, 28.531250344347626 ], [ -81.240085067670748, 28.531433344390496 ], [ -81.240175067705238, 28.531680344447743 ], [ -81.240248067732182, 28.531849344486616 ], [ -81.24028806774551, 28.531900344497913 ], [ -81.240338067761783, 28.531950344508644 ], [ -81.24039606778129, 28.532029344526183 ], [ -81.240539067830099, 28.532241344573634 ], [ -81.240717067889463, 28.532466344623277 ], [ -81.240856067935241, 28.532624344657769 ], [ -81.24089106794672, 28.532663344666279 ], [ -81.241124068021733, 28.532875344711329 ], [ -81.241295068076141, 28.533013344740169 ], [ -81.242293068392584, 28.533780344899164 ], [ -81.242481068452847, 28.533945344934065 ], [ -81.242559068477789, 28.534012344948195 ], [ -81.242680068517103, 28.534133344974258 ], [ -81.24278406855116, 28.534246344998813 ], [ -81.243021068619186, 28.534214344984871 ], [ -81.243114068645866, 28.534203344979801 ], [ -81.243407068728288, 28.534115344950919 ], [ -81.24346606874505, 28.534101344945977 ], [ -81.243496068753501, 28.534093344943276 ], [ -81.243586068779024, 28.534073344936097 ], [ -81.243617068787785, 28.534066344933628 ], [ -81.243708068813589, 28.534045344926163 ], [ -81.243787068836028, 28.534027344919757 ], [ -81.243986068894216, 28.534033344916015 ], [ -81.244080068921747, 28.534037344914555 ], [ -81.24413606894079, 28.534120344933076 ], [ -81.24450406905892, 28.534445345001902 ], [ -81.245053069239816, 28.535072345138857 ], [ -81.24514006927474, 28.535358345205569 ], [ -81.245334069341396, 28.535660345273403 ], [ -81.245390069364291, 28.535858345319667 ], [ -81.245377069367024, 28.536051345366602 ], [ -81.245259069343646, 28.536381345449314 ], [ -81.245303069370308, 28.536794345547801 ], [ -81.245428069420541, 28.537206345643931 ], [ -81.245715069526099, 28.537861345794443 ], [ -81.245871069590848, 28.538439345929842 ], [ -81.245896069620656, 28.539110346091089 ], [ -81.245896069623981, 28.539209346114951 ], [ -81.245896069626397, 28.539281346132309 ], [ -81.245896069628827, 28.539353346149731 ], [ -81.245873069622107, 28.539353346150332 ], [ -81.245523069520289, 28.539358346160668 ], [ -81.244986069363506, 28.539348346172257 ], [ -81.244627069259096, 28.539353346182885 ], [ -81.244214069139318, 28.539368346197257 ], [ -81.243615068965539, 28.539390346218223 ], [ -81.242850068742513, 28.539385346236994 ], [ -81.242156068539899, 28.53937234625203 ], [ -81.242085068519188, 28.539371346253592 ], [ -81.239506067767579, 28.539361346318561 ], [ -81.239343067720455, 28.539371346325204 ], [ -81.239208067681417, 28.539380346330951 ], [ -81.238427067453927, 28.539381346351593 ], [ -81.238179067381481, 28.539375346356618 ], [ -81.23783206728011, 28.539368346363972 ], [ -81.236003066747614, 28.539377346413939 ], [ -81.235299066542666, 28.539381346433295 ], [ -81.234688066364797, 28.539385346450192 ], [ -81.233525066026274, 28.539394346482784 ], [ -81.232641065768988, 28.539401346507542 ], [ -81.23113406533038, 28.539414346549986 ], [ -81.230853065248823, 28.539424346559784 ], [ -81.230524065153915, 28.539451346574875 ], [ -81.23023306507045, 28.539490346591901 ], [ -81.230000065003821, 28.539527346606882 ], [ -81.229884064970719, 28.539549346615225 ], [ -81.229537064872318, 28.539629346643618 ], [ -81.229260064794218, 28.539706346669405 ], [ -81.22914106476091, 28.53974834668265 ], [ -81.228899064693337, 28.539834346709746 ], [ -81.228640064621629, 28.53994734674378 ], [ -81.228523064589297, 28.539999346759341 ], [ -81.228313064531406, 28.540097346788517 ], [ -81.228100064472869, 28.540202346819378 ], [ -81.227697064363042, 28.540429346884675 ], [ -81.227505064311231, 28.540552346919398 ], [ -81.227237064239631, 28.540745346972994 ], [ -81.227025064182996, 28.54089934701565 ], [ -81.226814064127524, 28.541078347064346 ], [ -81.226603064071938, 28.541253347112097 ], [ -81.22625206397835, 28.541512347183783 ], [ -81.226192063962344, 28.541557347196211 ], [ -81.225365063739972, 28.542110347351205 ], [ -81.224779063582943, 28.542519347465198 ], [ -81.224490063505215, 28.542712347519341 ], [ -81.22438606347724, 28.542783347539153 ], [ -81.223910063349948, 28.543122347633403 ], [ -81.22358006326229, 28.543376347703298 ], [ -81.223528063248537, 28.543417347714566 ], [ -81.223189063158003, 28.543663347782775 ], [ -81.222994063106398, 28.543819347825504 ], [ -81.222696063026802, 28.544034347885205 ], [ -81.222572062993407, 28.544115347907944 ], [ -81.222412062950369, 28.544222347937946 ], [ -81.22223906290472, 28.54436434797671 ], [ -81.22249406299963, 28.544980348118724 ], [ -81.222743063092182, 28.545577348256231 ], [ -81.222796063112213, 28.545713348287659 ], [ -81.223159063246172, 28.546555348481377 ], [ -81.223247063278762, 28.546762348529001 ], [ -81.223270063287586, 28.546825348543614 ], [ -81.223348063317275, 28.547034348591968 ], [ -81.223410063340253, 28.547180348625549 ], [ -81.222826063170999, 28.547207348647358 ], [ -81.222093062959033, 28.547255348678092 ], [ -81.221787062870703, 28.547279348691866 ], [ -81.221006062645813, 28.547359348731558 ], [ -81.21926206214431, 28.54755634882466 ], [ -81.218867062029872, 28.547576348839815 ], [ -81.218637061963648, 28.547599348851382 ], [ -81.218275061859586, 28.547641348870961 ], [ -81.21817506183082, 28.547653348876441 ], [ -81.217373061600398, 28.5477493489206 ], [ -81.216703061408154, 28.547838348959601 ], [ -81.214906060891806, 28.548054349058621 ], [ -81.213400060458369, 28.548215349136797 ], [ -81.212178060107448, 28.548367349205414 ], [ -81.211563059930526, 28.548434349237649 ], [ -81.211511059857528, 28.546709348822773 ], [ -81.21076405964024, 28.546720348844968 ], [ -81.210452059549127, 28.546714348851712 ], [ -81.210375059526839, 28.546718348854643 ], [ -81.210196059474953, 28.546726348861249 ], [ -81.210054059433617, 28.54672634886494 ], [ -81.209504059273399, 28.546729348880039 ], [ -81.209092059153633, 28.546737348892755 ], [ -81.208925059105084, 28.546741348898077 ], [ -81.20877205906055, 28.546741348902071 ], [ -81.208287058918899, 28.546731348912299 ], [ -81.207780058771348, 28.546736348926796 ], [ -81.206278058334206, 28.54675234896985 ], [ -81.205745058178962, 28.54675534898448 ], [ -81.205212058023776, 28.546757348998938 ], [ -81.204804057904838, 28.546757349009599 ], [ -81.204292057755666, 28.546757349022972 ], [ -81.204153057715317, 28.546761349027555 ], [ -81.203814057617564, 28.546793349044119 ], [ -81.203815057631658, 28.547203349143025 ], [ -81.20381505763379, 28.547266349158225 ], [ -81.203815057645357, 28.547612349241753 ], [ -81.203824057683903, 28.548685349500388 ], [ -81.203827057693204, 28.548937349561115 ], [ -81.203823057699481, 28.54915934961479 ], [ -81.203827057707073, 28.54935134966103 ], [ -81.203836057720679, 28.549679349739908 ], [ -81.203855057732483, 28.549866349784576 ], [ -81.203863057736953, 28.549929349799509 ], [ -81.203871057741381, 28.549992349814541 ], [ -81.203881057746358, 28.550054349829249 ], [ -81.203891057751378, 28.550116349843961 ], [ -81.203928057769431, 28.550333349895311 ], [ -81.203945057777574, 28.550429349918083 ], [ -81.203977057791349, 28.550561349949039 ], [ -81.204037057815171, 28.550751349993362 ], [ -81.204093057836516, 28.550900350027856 ], [ -81.204123057847283, 28.550961350041749 ], [ -81.204222057882802, 28.551159350086944 ], [ -81.204358057931501, 28.551430350148777 ], [ -81.204447057962938, 28.551594350186015 ], [ -81.204541057995755, 28.551756350222686 ], [ -81.204728058059828, 28.552042350286776 ], [ -81.204913058123353, 28.55233035035144 ], [ -81.205163058208797, 28.552706350435631 ], [ -81.205417058295396, 28.553080350519206 ], [ -81.205506058325653, 28.553209350548038 ], [ -81.2055810583512, 28.55332035057285 ], [ -81.205947058476042, 28.553863350694296 ], [ -81.206059058514327, 28.554032350732175 ], [ -81.20616805855164, 28.554197350769112 ], [ -81.206272058587558, 28.554364350806654 ], [ -81.206371058622082, 28.55453435084511 ], [ -81.206464058654973, 28.554707350884431 ], [ -81.206542058682643, 28.554854350917836 ], [ -81.206616058709201, 28.555003350951885 ], [ -81.206686058734661, 28.555154350986438 ], [ -81.206751058758741, 28.555307351021661 ], [ -81.206799058777264, 28.555442351052982 ], [ -81.206851058797653, 28.555600351089737 ], [ -81.20689405881518, 28.555748351124343 ], [ -81.206932058831256, 28.55589735115927 ], [ -81.206964058845756, 28.556052351195834 ], [ -81.20699105885889, 28.556208351232772 ], [ -81.20701305887053, 28.556364351269814 ], [ -81.207028058880127, 28.556521351307318 ], [ -81.20703805888833, 28.556678351344946 ], [ -81.207044058899399, 28.556956351411909 ], [ -81.207053058911384, 28.557235351478937 ], [ -81.207066058924497, 28.557513351545659 ], [ -81.207075058932134, 28.557663351581631 ], [ -81.207089058942287, 28.557844351624905 ], [ -81.207092058948689, 28.558009351664637 ], [ -81.207108058980623, 28.558822351860364 ], [ -81.207104058980875, 28.558864351870596 ], [ -81.207106058987705, 28.559050351915463 ], [ -81.207110059000541, 28.559398351999281 ], [ -81.207120059015452, 28.559757352085633 ], [ -81.207134059035297, 28.560226352198413 ], [ -81.207137059046062, 28.560521352269486 ], [ -81.207142059058043, 28.56083535234513 ], [ -81.207148059071883, 28.561195352431817 ], [ -81.207148059077781, 28.561371352474293 ], [ -81.207168059104305, 28.561989352622824 ], [ -81.207195059138797, 28.562781352813175 ], [ -81.207215059159381, 28.56322135291882 ], [ -81.207227059168375, 28.563386352958275 ], [ -81.207226059169471, 28.563427352968219 ], [ -81.207236059176083, 28.563538352994726 ], [ -81.207295059213379, 28.564137353137664 ], [ -81.207319059228098, 28.564367353192541 ], [ -81.207349059246184, 28.564646353259047 ], [ -81.207434059287962, 28.565153353379152 ], [ -81.207499059318351, 28.565494353459698 ], [ -81.2075750593539, 28.565892353553672 ], [ -81.207612059374171, 28.566176353621241 ], [ -81.207631059386841, 28.566388353671851 ], [ -81.207637059393221, 28.566527353705276 ], [ -81.207643059398563, 28.566633353730666 ], [ -81.207655059406378, 28.566762353761469 ], [ -81.207664059413801, 28.566906353795943 ], [ -81.207820059468261, 28.567174353856529 ], [ -81.207847059513256, 28.568279354122339 ], [ -81.207847059535851, 28.568952354284704 ], [ -81.208105059611214, 28.56895835427942 ], [ -81.208607059757909, 28.568971354269397 ], [ -81.209203059932193, 28.568989354258171 ], [ -81.209569060039243, 28.569001354251515 ], [ -81.209604060049486, 28.569002354250831 ], [ -81.209677060070717, 28.569001354248691 ], [ -81.209757060094702, 28.569022354251612 ], [ -81.209792060108796, 28.569137354278489 ], [ -81.209838060129044, 28.569341354326482 ], [ -81.210007060202841, 28.57007235449835 ], [ -81.210064060227225, 28.570304354552775 ], [ -81.210129060255028, 28.570568354614796 ], [ -81.210142060260765, 28.570625354628227 ], [ -81.210149060263802, 28.570656354635489 ], [ -81.210170060273143, 28.570752354658079 ], [ -81.210173060274457, 28.570765354661159 ], [ -81.210177060276237, 28.570784354665637 ], [ -81.21028406032373, 28.571269354779801 ], [ -81.210285060327308, 28.57136735480346 ], [ -81.210276060326024, 28.571408354813531 ], [ -81.210272060325622, 28.571431354819168 ], [ -81.21024706032037, 28.571491354834318 ], [ -81.209576060158682, 28.572499355095026 ], [ -81.209553060153326, 28.57253935510527 ], [ -81.209492060139738, 28.57266335513674 ], [ -81.209438060129045, 28.572814355174625 ], [ -81.209361060115199, 28.573069355238115 ], [ -81.2093320601101, 28.57316835526278 ], [ -81.209296060104847, 28.573325355301591 ], [ -81.209299060109188, 28.57342835532631 ], [ -81.209347060132046, 28.573693355388997 ], [ -81.20937106014361, 28.573829355421164 ], [ -81.209375060145163, 28.573841355423934 ], [ -81.209407060157673, 28.573935355445794 ], [ -81.209449060172943, 28.574025355466414 ], [ -81.209466060180304, 28.574096355483082 ], [ -81.209461060180814, 28.574156355497646 ], [ -81.209434060175468, 28.574231355516478 ], [ -81.209410060169716, 28.574268355525987 ], [ -81.20934906015377, 28.574323355540887 ], [ -81.209310060143167, 28.574344355546973 ], [ -81.209286060136364, 28.574350355549033 ], [ -81.209254060127321, 28.574359355552083 ], [ -81.209184060107034, 28.574362355554626 ], [ -81.209150060097159, 28.574364355555986 ], [ -81.208921060030008, 28.574351355558822 ], [ -81.208875060016609, 28.574351355560015 ], [ -81.208773059986996, 28.574353355563179 ], [ -81.208571059928119, 28.574353355568459 ], [ -81.208036059772326, 28.574356355583166 ], [ -81.207965059751572, 28.574354355584557 ], [ -81.2078530597189, 28.574353355587249 ], [ -81.207885059755228, 28.57515835578058 ], [ -81.207890059764964, 28.575403355839548 ], [ -81.207681059704399, 28.575414355847645 ], [ -81.207692059751182, 28.576711356160192 ], [ -81.207686059763205, 28.577122356259462 ], [ -81.207665059762363, 28.577278356297622 ], [ -81.207663059780828, 28.577846356434659 ], [ -81.207656059834548, 28.579506356835203 ], [ -81.207654059835249, 28.579544356844437 ], [ -81.207644059874525, 28.580799357147367 ], [ -81.207644059900872, 28.581583357336402 ], [ -81.207624059948927, 28.583187357723787 ], [ -81.207749059985133, 28.58318135771902 ], [ -81.207829060008336, 28.583177357715964 ], [ -81.208185060112157, 28.583179357707127 ], [ -81.208493060202088, 28.583186357700782 ], [ -81.208992060348223, 28.583208357693021 ], [ -81.209686060550922, 28.583222357678192 ], [ -81.210553060804202, 28.583240357659829 ], [ -81.210686060843031, 28.583242357656832 ], [ -81.21142106105772, 28.583258357641476 ], [ -81.211850061182972, 28.583266357632144 ], [ -81.212094061253879, 28.583260357624336 ], [ -81.212402061343411, 28.583253357614588 ], [ -81.213493061660984, 28.583244357583816 ], [ -81.213694061719679, 28.583247357579271 ], [ -81.214115061842648, 28.583256357570452 ], [ -81.214141061850242, 28.583257357569998 ], [ -81.214789062039529, 28.583270357556131 ], [ -81.215364062207598, 28.583286357544935 ], [ -81.215444062230929, 28.583287357543096 ], [ -81.215720062311505, 28.583291357536826 ], [ -81.2160380624033, 28.583266357522479 ], [ -81.21681606262554, 28.5831323574698 ], [ -81.217186062787007, 28.584730357845444 ], [ -81.217239062824135, 28.585374357999374 ], [ -81.217561062953067, 28.586419358242885 ], [ -81.217749063019582, 28.586768358322139 ], [ -81.217995063097334, 28.586949358359341 ], [ -81.2182580631805, 28.587143358399178 ], [ -81.219572063587677, 28.587867358539327 ], [ -81.220457063869063, 28.588564358684216 ], [ -81.220645063933745, 28.588859358750444 ], [ -81.221020064073684, 28.589771358960505 ], [ -81.221771064329445, 28.590870359205798 ], [ -81.222245064482962, 28.591328359303763 ], [ -81.222521064572291, 28.591594359360677 ], [ -81.224271065102229, 28.592189359458271 ], [ -81.224391065138164, 28.592218359462162 ], [ -81.224406065155833, 28.592613359556953 ], [ -81.224423065192894, 28.593567359786544 ], [ -81.224433065211855, 28.594045359901511 ], [ -81.224453065233917, 28.594527360017153 ], [ -81.224469065246097, 28.594750360070499 ], [ -81.224547065288846, 28.595346360212165 ], [ -81.224618065321309, 28.595696360294653 ], [ -81.224624065334226, 28.596027360374318 ], [ -81.224618065341161, 28.596286360436867 ], [ -81.224641065392532, 28.597612360755928 ], [ -81.224644065397598, 28.597737360786013 ], [ -81.224631065418237, 28.598463360961347 ], [ -81.224592065422328, 28.598923361073279 ], [ -81.224520065413685, 28.599289361163397 ], [ -81.224457065409553, 28.599712361267027 ], [ -81.224428065417186, 28.600189361382764 ], [ -81.224437065434003, 28.600612361484497 ], [ -81.224420065435737, 28.600809361532399 ], [ -81.224399065452303, 28.601483361695426 ], [ -81.224393065456226, 28.601651361736103 ], [ -81.224365065476633, 28.602501361941684 ], [ -81.224303065466927, 28.602748362002835 ], [ -81.224286065473663, 28.603096362087211 ], [ -81.224261065496833, 28.604000362305765 ], [ -81.22424906551305, 28.604586362447328 ], [ -81.224189065585094, 28.607245363089792 ], [ -81.224159065621592, 28.608588363414302 ], [ -81.224121065668967, 28.610324363833712 ], [ -81.224117065673767, 28.610500363876252 ], [ -81.224105065688164, 28.611030364004272 ], [ -81.224102065693231, 28.611207364047004 ], [ -81.224099065696223, 28.611323364075044 ], [ -81.224092065706017, 28.611673364159607 ], [ -81.224090065709362, 28.611790364187843 ], [ -81.222457065234309, 28.611812364235981 ], [ -81.218816064175002, 28.611861364343309 ], [ -81.218711064144387, 28.611861364346044 ], [ -81.218352064039806, 28.611862364355716 ], [ -81.217898063907555, 28.611863364367871 ], [ -81.215418063185282, 28.611874364435597 ], [ -81.21493606304486, 28.611876364448733 ], [ -81.21376006270259, 28.611888364482443 ], [ -81.213421062603899, 28.611891364492099 ], [ -81.212209062251119, 28.611903364526764 ], [ -81.211612062077421, 28.611910364544094 ], [ -81.209759061537355, 28.611907364591982 ], [ -81.209632061500159, 28.611902364594123 ], [ -81.207710060939391, 28.611881364639473 ], [ -81.207536060888586, 28.611878364643314 ], [ -81.207498060877583, 28.611881364645019 ], [ -81.207329060826751, 28.611833364637906 ], [ -81.206852060687552, 28.611829364649445 ], [ -81.206347060540566, 28.611833364663656 ], [ -81.205944060423093, 28.611833364674229 ], [ -81.205416060269243, 28.611833364688085 ], [ -81.204652060046854, 28.611840364709792 ], [ -81.204146059899372, 28.611840364723061 ], [ -81.203821059804739, 28.611842364732048 ], [ -81.203101059595085, 28.611847364752197 ], [ -81.202329059370399, 28.611855364774353 ], [ -81.201590059155123, 28.61185836479444 ], [ -81.201220059047344, 28.611860364804613 ], [ -81.200482058832449, 28.61186636482541 ], [ -81.199622058581937, 28.611869364848744 ], [ -81.198407058228113, 28.611877364882513 ], [ -81.197318057911005, 28.611884364912743 ], [ -81.196834057769934, 28.611884364925441 ], [ -81.196117057561153, 28.611888364945202 ], [ -81.195678057433312, 28.611892364957722 ], [ -81.194722057155104, 28.611903364985423 ], [ -81.194005056946182, 28.61190436500446 ], [ -81.194020056956205, 28.612073365044822 ], [ -81.192030056376694, 28.612086365100115 ], [ -81.191848056323352, 28.612077365102749 ], [ -81.190741055998814, 28.612020365117996 ], [ -81.189336055586878, 28.611948365137508 ], [ -81.188193055254089, 28.611957365169641 ], [ -81.187083054930937, 28.611969365201645 ], [ -81.186921054883783, 28.61197036520614 ], [ -81.184768054257077, 28.611993365268152 ], [ -81.183630053925839, 28.612007365301384 ], [ -81.183572053908975, 28.612009365303365 ], [ -81.177934052266551, 28.612033365456991 ], [ -81.177799052227371, 28.612038365461718 ], [ -81.174534051275884, 28.612043365548505 ], [ -81.174514051269568, 28.612028365545456 ], [ -81.17449305126317, 28.612021365544269 ], [ -81.174471051256646, 28.61201736554391 ], [ -81.174448051249854, 28.612015365544028 ], [ -81.174397051235033, 28.612016365545625 ], [ -81.174172051169478, 28.612016365551526 ], [ -81.173847051074745, 28.612017365560259 ], [ -81.173812051064601, 28.612018365561433 ], [ -81.173531050982731, 28.612020365569265 ], [ -81.173089050854045, 28.612023365581592 ], [ -81.172590050708706, 28.612026365595433 ], [ -81.171941050519692, 28.612031365613646 ], [ -81.171529050399656, 28.612034365625156 ], [ -81.17111705027969, 28.612037365636684 ], [ -81.170643050141621, 28.612040365649811 ], [ -81.170306050043493, 28.612043365659353 ], [ -81.169969049945308, 28.612044365668439 ], [ -81.169727049874766, 28.612045365675034 ], [ -81.169290049747559, 28.612049365687479 ], [ -81.168798049604277, 28.612053365701339 ], [ -81.168167049420362, 28.612053365717887 ], [ -81.167817049318472, 28.612057365728031 ], [ -81.16729904916761, 28.612060365742305 ], [ -81.166715048997446, 28.612062365758103 ], [ -81.166243048859954, 28.61206536577118 ], [ -81.165931048769096, 28.612068365780072 ], [ -81.165445048627575, 28.612073365794071 ], [ -81.164920048474698, 28.612077365808794 ], [ -81.160660047237343, 28.612208365952043 ], [ -81.1578150464087, 28.612230366031937 ], [ -81.146084042991987, 28.612322366361564 ], [ -81.141938041784996, 28.61237236648228 ], [ -81.137781040574779, 28.612422366603276 ], [ -81.130255038382501, 28.612481366814734 ], [ -81.128994038015193, 28.612492366850375 ], [ -81.128497037870375, 28.612494366863871 ], [ -81.127848037681304, 28.612499366882133 ], [ -81.125895037112386, 28.61251336693665 ], [ -81.123831036511106, 28.61252936699459 ], [ -81.123544036428115, 28.612550367007191 ], [ -81.121079035709457, 28.612551367072001 ], [ -81.118234034879904, 28.612552367146787 ], [ -81.117872034774166, 28.612546367154827 ], [ -81.117681034718402, 28.612543367159066 ], [ -81.117108034550981, 28.612534367171929 ], [ -81.116917034495216, 28.612531367176217 ], [ -81.116836034471532, 28.612530367178099 ], [ -81.116472034365515, 28.612533367188352 ], [ -81.115140033977582, 28.61254736722665 ], [ -81.114696033848304, 28.612553367239702 ], [ -81.112992033352086, 28.612571367288687 ], [ -81.111521032923676, 28.612588367331288 ], [ -81.108347031999315, 28.612623367422898 ], [ -81.107886031865092, 28.612628367436162 ], [ -81.107265031684221, 28.612635367454153 ], [ -81.106705031521102, 28.612641367470257 ], [ -81.106185031369705, 28.612648367485537 ], [ -81.098083029009999, 28.612736367718984 ], [ -81.098039028997192, 28.612736367720142 ], [ -81.095388028222288, 28.612681367776332 ], [ -81.095187028163664, 28.612681367781601 ], [ -81.094181027870263, 28.612681367807934 ], [ -81.094089027843452, 28.612681367810353 ], [ -81.093987027813668, 28.612681367813025 ], [ -81.08873802628284, 28.612680367950244 ], [ -81.072994021691073, 28.612680368362479 ], [ -81.067886020201186, 28.612680368496218 ], [ -81.067746020160442, 28.612682368500359 ], [ -81.065134019399864, 28.612721368578093 ], [ -81.057297017117946, 28.612842368812458 ], [ -81.054768016381502, 28.612881368888093 ], [ -81.05468601635765, 28.612882368890464 ], [ -81.054334016254955, 28.612882368899673 ], [ -81.05327801594683, 28.612880368926778 ], [ -81.052927015844489, 28.612880368935986 ], [ -81.050580015160463, 28.612900369002233 ], [ -81.043539013108557, 28.612960369201001 ], [ -81.041286012451948, 28.612980369264807 ], [ -81.04119301242477, 28.612980369267248 ], [ -81.04107101238921, 28.612980369270431 ], [ -81.040706012282726, 28.612980369279985 ], [ -81.040585012247405, 28.612980369283154 ], [ -81.037014011204477, 28.612945369368127 ], [ -81.030285009239151, 28.612880369528511 ], [ -81.026302008077096, 28.612880369632705 ], [ -81.022732007035515, 28.612880369726128 ], [ -81.019632006131019, 28.612880369807204 ], [ -81.010332003417489, 28.612880370050505 ], [ -81.007234002513499, 28.612880370131531 ], [ -81.005251001934866, 28.612880370183401 ], [ -81.004785001798879, 28.61288037019559 ], [ -80.999784000342927, 28.612980370350559 ], [ -80.999311000205495, 28.612998370367272 ], [ -80.997332999630984, 28.613078370438284 ], [ -80.996314999335624, 28.613129370477264 ], [ -80.995377999063848, 28.61317737051337 ], [ -80.995135998992751, 28.613163370516276 ], [ -80.993263998443169, 28.613065370541612 ], [ -80.992749998292325, 28.613039370548801 ], [ -80.992246998144694, 28.613014370555852 ], [ -80.992237998141476, 28.612997370552019 ], [ -80.992228998138287, 28.612980370548147 ], [ -80.991232997847717, 28.612984370575148 ], [ -80.988247996977094, 28.612997370656355 ], [ -80.987252996686891, 28.61300237068356 ], [ -80.98673999653775, 28.613019370701096 ], [ -80.985974996315392, 28.613046370727602 ], [ -80.985202996090791, 28.613066370752641 ], [ -80.984690995941818, 28.613080370769364 ], [ -80.983909995713802, 28.613078370789303 ], [ -80.981572995031669, 28.613075370849696 ], [ -80.980794994804697, 28.613076370870285 ], [ -80.980784994801667, 28.613074370870073 ], [ -80.980428994698059, 28.613082370881287 ], [ -80.979470994416332, 28.613019370891177 ], [ -80.977139993730958, 28.612866370915164 ], [ -80.975682993302513, 28.612771370930336 ], [ -80.975536993259539, 28.612761370931697 ], [ -80.974226992874364, 28.612676370945429 ], [ -80.971876992188314, 28.612670371005418 ], [ -80.971704992138058, 28.612669371009677 ], [ -80.97153299208783, 28.612669371014182 ], [ -80.971057991949166, 28.612668371026352 ], [ -80.970581991810207, 28.612667371038562 ], [ -80.97012899167801, 28.612667371050406 ], [ -80.969284991433739, 28.612727371086965 ], [ -80.969056991367736, 28.612743371096748 ], [ -80.968895991320693, 28.612743371100958 ], [ -80.968797991292107, 28.612743371103541 ], [ -80.967758990988756, 28.612740371129966 ], [ -80.967734990981711, 28.612739371130356 ], [ -80.967655990958406, 28.612732371130747 ], [ -80.967490990909837, 28.612719371131906 ], [ -80.967347990867694, 28.612707371132775 ], [ -80.96724599083764, 28.612699371133466 ], [ -80.966857990725757, 28.612739371153282 ], [ -80.965695990390628, 28.612860371212907 ], [ -80.965308990279055, 28.612901371232876 ], [ -80.965139990230412, 28.612920371241895 ], [ -80.964636990085467, 28.612977371268837 ], [ -80.964468990037133, 28.612997371278052 ], [ -80.964465990036572, 28.613006371280289 ], [ -80.96446099003586, 28.613030371286207 ], [ -80.964455990034892, 28.613044371289739 ], [ -80.964614990087099, 28.613217371327302 ], [ -80.964625990091122, 28.613240371332573 ], [ -80.964649990099659, 28.613286371343033 ], [ -80.964690990115315, 28.613395371368309 ], [ -80.9646539901252, 28.614012371518264 ], [ -80.964638990129558, 28.61427337158165 ], [ -80.964634990130421, 28.61433337159626 ], [ -80.964634990131827, 28.614375371606403 ], [ -80.964649990201082, 28.616307372072459 ], [ -80.964672990308202, 28.619296372793414 ], [ -80.964683990357486, 28.620669373124571 ], [ -80.964713990424741, 28.622409373543867 ], [ -80.964749990503606, 28.624445374034369 ], [ -80.96478899052012, 28.62459737407006 ], [ -80.96490799057014, 28.625053374177 ], [ -80.964947990586964, 28.625205374212673 ], [ -80.964946990589155, 28.625279374230537 ], [ -80.964931990641986, 28.626982374642015 ], [ -80.965009990886642, 28.633582376232983 ], [ -80.965052991018098, 28.637117377085012 ], [ -80.96515799138669, 28.64716137950607 ], [ -80.965186991519673, 28.650858380397363 ], [ -80.965188991530354, 28.651158380469717 ], [ -80.96519199154136, 28.651459380542253 ], [ -80.96524099176321, 28.657621382027664 ], [ -80.965241991767854, 28.657750382058733 ], [ -80.965248991802312, 28.658712382290631 ], [ -80.965267991892276, 28.66121738289446 ], [ -80.965268991897091, 28.661351382926757 ], [ -80.96526999190047, 28.661443382948928 ], [ -80.965283991965251, 28.663243383382785 ], [ -80.965296992029693, 28.66504338381667 ], [ -80.965304992066592, 28.666067384063485 ], [ -80.965312992103406, 28.667090384310029 ], [ -80.965313992105294, 28.667137384321322 ], [ -80.965321992138698, 28.668058384543301 ], [ -80.9653489922445, 28.670962385243044 ], [ -80.965358992280088, 28.671931385476483 ], [ -80.965361992287029, 28.672111385519855 ], [ -80.965371992308292, 28.672654385650532 ], [ -80.965375992315558, 28.672835385694096 ], [ -80.965391992351243, 28.673754385915359 ], [ -80.965403992377432, 28.674427386077351 ], [ -80.965431992439335, 28.676020386460838 ], [ -80.965439992458315, 28.676512386579294 ], [ -80.96545299248541, 28.677204386745817 ], [ -80.965458992494916, 28.677432386800685 ], [ -80.965473992518525, 28.678003386937988 ], [ -80.965476992522596, 28.678098386960805 ], [ -80.965478992526343, 28.678190386982937 ], [ -80.965517992589241, 28.679717387350184 ], [ -80.965530992609814, 28.680214387469704 ], [ -80.96553199261264, 28.680289387487736 ], [ -80.965536992623868, 28.680579387557557 ], [ -80.965538992627572, 28.680671387579675 ], [ -80.965544992642208, 28.681052387671421 ], [ -80.965550992655594, 28.681397387754497 ], [ -80.965550992657398, 28.681450387767267 ], [ -80.965555992668669, 28.681741387837306 ], [ -80.965561992683035, 28.682115387927372 ], [ -80.965579992726234, 28.683239388197975 ], [ -80.965586992740938, 28.68361438828817 ], [ -80.965588992745737, 28.683739388318294 ], [ -80.965590992750577, 28.683864388348329 ], [ -80.965590992751686, 28.683897388356325 ], [ -80.965600992773176, 28.684447388488671 ], [ -80.965604992784407, 28.684745388560408 ], [ -80.965609992795422, 28.685029388628791 ], [ -80.965616992813409, 28.685500388742192 ], [ -80.965640992868146, 28.686913389082321 ], [ -80.965648992885178, 28.687349389187222 ], [ -80.965647992886076, 28.687384389195707 ], [ -80.965646992886377, 28.687401389199795 ], [ -80.965646992888182, 28.687455389212843 ], [ -80.965646992888793, 28.687473389217203 ], [ -80.965637992902458, 28.687955389333649 ], [ -80.965659992927655, 28.688511389467152 ], [ -80.96578399306901, 28.691624390214486 ], [ -80.965789993075447, 28.691763390247846 ], [ -80.965799993087401, 28.692030390311967 ], [ -80.965820993111024, 28.692547390436054 ], [ -80.965822993115481, 28.692662390463759 ], [ -80.965827993125728, 28.692923390526559 ], [ -80.965844993157205, 28.693707390715087 ], [ -80.965850993167805, 28.693969390778129 ], [ -80.965856993174512, 28.694116390813456 ], [ -80.965873993192972, 28.694515390909178 ], [ -80.965874993194774, 28.694560390919989 ], [ -80.965881993201862, 28.694709390955758 ], [ -80.965912993252402, 28.695936391250711 ], [ -80.965913993258155, 28.696098391289812 ], [ -80.965943993407862, 28.700268392294348 ], [ -80.965953993457859, 28.701659392629466 ], [ -80.965953993458854, 28.701689392636659 ], [ -80.965953993461937, 28.701780392658609 ], [ -80.965954993463285, 28.70181139266602 ], [ -80.965958993487021, 28.702479392826991 ], [ -80.965973993559331, 28.704486393310418 ], [ -80.96598099358404, 28.705157393471985 ], [ -80.96598699360014, 28.705582393574296 ], [ -80.965987993603761, 28.705680393597877 ], [ -80.965994993616931, 28.706008393676782 ], [ -80.966001993632304, 28.706403393771787 ], [ -80.966009993647944, 28.706797393866587 ], [ -80.96601799366583, 28.707255393976752 ], [ -80.966023993677581, 28.707551394047947 ], [ -80.966029993687059, 28.707780394103011 ], [ -80.966043993712347, 28.708406394253522 ], [ -80.966045993716079, 28.708499394275897 ], [ -80.966047993719826, 28.708593394298532 ], [ -80.966052993729619, 28.708840394357932 ], [ -80.96606599375464, 28.709466394508443 ], [ -80.966132993877778, 28.712527395244503 ], [ -80.966175993958032, 28.714527395725447 ], [ -80.966213994026205, 28.716214396131061 ], [ -80.966251994145466, 28.719408396899862 ], [ -80.966338994416432, 28.726657398644498 ], [ -80.966411994516875, 28.728992399205264 ], [ -80.966511994654283, 28.732186399972267 ], [ -80.966512994657265, 28.732263399990767 ], [ -80.966518994666842, 28.732495400046492 ], [ -80.966523994670979, 28.732574400065442 ], [ -80.966525994673944, 28.732644400082243 ], [ -80.966544994701025, 28.733279400234725 ], [ -80.966610994792276, 28.735402400744515 ], [ -80.966633994823056, 28.736111400914755 ], [ -80.966646994839735, 28.736493401006452 ], [ -80.966688994890887, 28.737639401281459 ], [ -80.966702994907976, 28.738022401373378 ], [ -80.966715994937232, 28.738772401553703 ], [ -80.966756995025492, 28.741022402094693 ], [ -80.966770995055072, 28.741773402275239 ], [ -80.966773995060151, 28.741897402305067 ], [ -80.966783995075744, 28.742270402394617 ], [ -80.966787995081162, 28.742395402424666 ], [ -80.966796995095223, 28.742733402505849 ], [ -80.966823995137617, 28.743750402750141 ], [ -80.966833995152058, 28.744089402831531 ], [ -80.966837995159125, 28.744263402873361 ], [ -80.96685299518127, 28.744786402998947 ], [ -80.966857995188647, 28.744961403040989 ], [ -80.966864995199785, 28.745229403105352 ], [ -80.966885995233298, 28.746036403299236 ], [ -80.966893995244732, 28.746305403363824 ], [ -80.966911995276959, 28.747099403554603 ], [ -80.966965995373613, 28.749481404126978 ], [ -80.966983995405769, 28.750275404317748 ], [ -80.967046995521059, 28.753128405003331 ], [ -80.967235995867071, 28.761688407060035 ], [ -80.967298995982418, 28.764542407745687 ], [ -80.967332996042913, 28.766029408102888 ], [ -80.967436996225018, 28.770491409174618 ], [ -80.967471996285809, 28.77197940953198 ], [ -80.967512996358693, 28.773770409962175 ], [ -80.967638996578472, 28.779147411253444 ], [ -80.967680996651652, 28.780939411683811 ], [ -80.967684996659656, 28.781138411731632 ], [ -80.967697996683725, 28.781735411874969 ], [ -80.967702996691941, 28.781934411922752 ], [ -80.967707996700753, 28.782148411974166 ], [ -80.967709996704315, 28.782236411995317 ], [ -80.967712996709537, 28.782364412026023 ], [ -80.967718996721018, 28.782650412094736 ], [ -80.967728996737648, 28.78305241219126 ], [ -80.967730996741565, 28.783150412214777 ], [ -80.967738996754278, 28.78345641228826 ], [ -80.967743996766885, 28.783783412366816 ], [ -80.967766996807143, 28.784769412603595 ], [ -80.967776996821343, 28.785099412682783 ], [ -80.96780899687748, 28.786474413012943 ], [ -80.967897997030448, 28.790202413907984 ], [ -80.967498996914074, 28.790206413919567 ], [ -80.96612399651319, 28.790222413959714 ], [ -80.966005996478771, 28.790223413963052 ], [ -80.965654996376372, 28.790226413973052 ], [ -80.965537996342292, 28.790228413976685 ], [ -80.965385996297897, 28.790228413980717 ], [ -80.964932996165814, 28.790233413993867 ], [ -80.964783996122449, 28.790236413998525 ], [ -80.96465799608562, 28.790235414001611 ], [ -80.964284995976826, 28.790238414012194 ], [ -80.964161995941055, 28.790242414016397 ], [ -80.963360995707461, 28.790250414039519 ], [ -80.963048995616518, 28.790254414048746 ], [ -80.96193699529222, 28.790266414080982 ], [ -80.961534995175015, 28.790271414092782 ], [ -80.961133995058105, 28.790275414104411 ], [ -80.960960995007653, 28.790277414109443 ], [ -80.960646994916104, 28.790281414118709 ], [ -80.960160994774355, 28.790286414132737 ], [ -80.958243994215366, 28.790307414188455 ], [ -80.955876993525152, 28.790333414257269 ], [ -80.952494992538917, 28.790369414355336 ], [ -80.951593992276173, 28.790379414381544 ], [ -80.9513489922047, 28.790381414388484 ], [ -80.951103992133241, 28.790384414395685 ], [ -80.950840992056541, 28.790387414403408 ], [ -80.950578991980166, 28.790390414411039 ], [ -80.950373991920387, 28.790392414416925 ], [ -80.950169991860889, 28.79039441442281 ], [ -80.94979099175039, 28.790399414434013 ], [ -80.949411991639849, 28.790403414444956 ], [ -80.949261991596089, 28.790404414449174 ], [ -80.9467029908499, 28.790434414524047 ], [ -80.945310990443957, 28.790449414564424 ], [ -80.944011990065135, 28.790464414602383 ], [ -80.943993990059866, 28.790464414602852 ], [ -80.94343198989597, 28.790470414619147 ], [ -80.941747989404789, 28.790485414667273 ], [ -80.941186989241203, 28.790492414683751 ], [ -80.941009989189581, 28.790494414688922 ], [ -80.940832989137945, 28.790496414694044 ], [ -80.940501989041394, 28.790499414703586 ], [ -80.940170988944899, 28.790503414713282 ], [ -80.939988988891727, 28.790504414718324 ], [ -80.939221988668081, 28.790513414740751 ], [ -80.938272988391347, 28.790524414768491 ], [ -80.938108988343501, 28.790525414773061 ], [ -80.937944988295698, 28.790527414777856 ], [ -80.936570987894981, 28.790542414817732 ], [ -80.936394987843613, 28.7905434148227 ], [ -80.935197987494547, 28.790557414857638 ], [ -80.932203986621218, 28.790586414943718 ], [ -80.923224984002047, 28.790674415202137 ], [ -80.920232983129281, 28.79070441528842 ], [ -80.919866983022516, 28.790708415299061 ], [ -80.919201982828696, 28.790720415319491 ], [ -80.916111981928253, 28.790778415415097 ], [ -80.915082981628387, 28.790798415447085 ], [ -80.915053981619977, 28.790799415448092 ], [ -80.91398398130778, 28.79080941547873 ], [ -80.910688980346592, 28.790843415573988 ], [ -80.909590980026323, 28.79085541560584 ], [ -80.908771979787403, 28.790863415629445 ], [ -80.907590979442844, 28.790875415663475 ], [ -80.906316979071221, 28.790888415700294 ], [ -80.905591978859746, 28.790896415721342 ], [ -80.905498978832625, 28.790897415724043 ], [ -80.905412978807561, 28.790898415726552 ], [ -80.90457097856185, 28.790906415750758 ], [ -80.904102978425385, 28.790911415764302 ], [ -80.902792978043166, 28.790925415802306 ], [ -80.902528977966156, 28.790927415809744 ], [ -80.902263977888865, 28.790930415817453 ], [ -80.901788977750272, 28.790934415830954 ], [ -80.90156297768435, 28.790937415837632 ], [ -80.900861977479877, 28.790945415858072 ], [ -80.90063697741428, 28.790948415864776 ], [ -80.899962977217911, 28.790963415886143 ], [ -80.899758977158513, 28.790968415892728 ], [ -80.899738977152637, 28.79096841589325 ], [ -80.899703977142394, 28.790968415894177 ], [ -80.89959597711092, 28.790970415897558 ], [ -80.899566977102495, 28.790971415898568 ], [ -80.899306977026598, 28.790973415905903 ], [ -80.898631976829662, 28.790978415924918 ], [ -80.898390976759316, 28.790980415931756 ], [ -80.897696976556801, 28.790986415951512 ], [ -80.89731197644447, 28.7909894159624 ], [ -80.896926976332111, 28.790992415973264 ], [ -80.895308975859905, 28.791004416018922 ], [ -80.894863975730004, 28.791007416031377 ], [ -80.893689975387446, 28.791017416064836 ], [ -80.893492975330048, 28.791022416071204 ], [ -80.892930975166621, 28.791044416091381 ], [ -80.892903975158731, 28.791043416091835 ], [ -80.892708975101755, 28.791043416096986 ], [ -80.89238997500847, 28.791039416104464 ], [ -80.891436974729615, 28.791025416126228 ], [ -80.891266974679866, 28.791023416130255 ], [ -80.891119974637022, 28.791025416134612 ], [ -80.890593974483551, 28.791031416149917 ], [ -80.889017974023886, 28.791051416196368 ], [ -80.888492973870768, 28.791058416211865 ], [ -80.887324973530539, 28.791086416249531 ], [ -80.883824972511221, 28.791176416363587 ], [ -80.882735972194098, 28.791206416399543 ], [ -80.882659972171965, 28.791208416402043 ], [ -80.882569972145603, 28.791205416403685 ], [ -80.882292972064306, 28.791194416408338 ], [ -80.881196971742739, 28.791153416427449 ], [ -80.880832971636011, 28.791141416434133 ], [ -80.880764971616145, 28.791141416435927 ], [ -80.88056397155745, 28.791142416441478 ], [ -80.880496971537909, 28.791143416443465 ], [ -80.880297971479848, 28.791145416449222 ], [ -80.879700971305738, 28.791152416466705 ], [ -80.879502971247973, 28.791155416472648 ], [ -80.879464971236843, 28.791155416473639 ], [ -80.877810970753799, 28.791158416518037 ], [ -80.874778969868274, 28.791165416599728 ], [ -80.874311969731977, 28.791169416613027 ], [ -80.872851969305955, 28.791184416655199 ], [ -80.871199968823902, 28.791200416702665 ], [ -80.87080296870802, 28.791203416713859 ], [ -80.869613968361165, 28.791217416748584 ], [ -80.86921896824596, 28.791223416760488 ], [ -80.869217968247725, 28.791284416775181 ], [ -80.869063968202539, 28.791278416777818 ], [ -80.868909968157411, 28.791274416780919 ], [ -80.868795968124005, 28.791271416783236 ], [ -80.867536967755058, 28.791238416808472 ], [ -80.867119967632988, 28.791230416817587 ], [ -80.867060967615743, 28.79123041681914 ], [ -80.865534967169737, 28.791225416858214 ], [ -80.862818966375968, 28.791215416927475 ], [ -80.85972096547043, 28.791204417006615 ], [ -80.85663096456733, 28.79119441708573 ], [ -80.856492964527007, 28.791194417089372 ], [ -80.856438964511213, 28.791194417090782 ], [ -80.856409964502291, 28.791181417088467 ], [ -80.855745964308269, 28.791179417105493 ], [ -80.853585963677034, 28.791175417161558 ], [ -80.852866963466923, 28.791174417180304 ], [ -80.852378963324043, 28.791166417191189 ], [ -80.851810963157817, 28.791157417204055 ], [ -80.850920962897263, 28.791143417224152 ], [ -80.850755962849007, 28.791141417228022 ], [ -80.850552962789607, 28.791138417232681 ], [ -80.850436962755694, 28.791138417235722 ], [ -80.850385962740887, 28.79114041723755 ], [ -80.849599962511292, 28.791142417258765 ], [ -80.849199962394422, 28.791142417269313 ], [ -80.848487962186425, 28.791144417288582 ], [ -80.845494961312184, 28.791152417369524 ], [ -80.844259960951504, 28.791156417403066 ], [ -80.843992960873464, 28.791155417409868 ], [ -80.843191960639317, 28.791153417430532 ], [ -80.842924960561277, 28.791153417437581 ], [ -80.841872960253994, 28.791156417466052 ], [ -80.838716959332245, 28.791168417552178 ], [ -80.837665959025358, 28.791173417581167 ], [ -80.837642959018623, 28.791173417581764 ], [ -80.83759895900576, 28.791173417582936 ], [ -80.837573958998448, 28.791173417583597 ], [ -80.837550958991741, 28.791173417584208 ], [ -80.837353958934202, 28.79117441758963 ], [ -80.83611095857124, 28.791181417624085 ], [ -80.836070958559546, 28.791181417625154 ], [ -80.835981958533552, 28.791182417627741 ], [ -80.835531958402157, 28.791184417640089 ], [ -80.834490958098158, 28.791190417668993 ], [ -80.833473957801075, 28.791194417696769 ], [ -80.829474956633121, 28.791211417806359 ], [ -80.827456956043733, 28.791221417862058 ], [ -80.827413956031066, 28.791218417862467 ], [ -80.827285955993489, 28.791212417864351 ], [ -80.827243955981174, 28.791211417865238 ], [ -80.827212955972016, 28.791209417865574 ], [ -80.827119955944724, 28.791205417867072 ], [ -80.827089955935932, 28.791204417867629 ], [ -80.823978955027371, 28.791220417953568 ], [ -80.821232954225437, 28.791236418029811 ], [ -80.819670953769219, 28.791244418072981 ], [ -80.819414953694519, 28.791247418080438 ], [ -80.819320953667088, 28.791248418083164 ], [ -80.819225953639332, 28.791248418085669 ], [ -80.817352953092566, 28.791267418139675 ], [ -80.814645952302357, 28.791293418217307 ], [ -80.813541951980142, 28.791305418249298 ], [ -80.811536951391318, 28.791221418281982 ], [ -80.811262951311662, 28.79123341829208 ], [ -80.810441951072917, 28.791269418322411 ], [ -80.810168950993571, 28.791282418332717 ], [ -80.809708950859502, 28.791292418347272 ], [ -80.808328950457295, 28.791324418391369 ], [ -80.807869950323507, 28.791336418406377 ], [ -80.807643950259703, 28.79140141842803 ], [ -80.807492950214467, 28.791370418424489 ], [ -80.807288950153477, 28.791329418419998 ], [ -80.806765950000667, 28.791330418434011 ], [ -80.806334949873147, 28.791284418434298 ], [ -80.805948949758985, 28.791244418434893 ], [ -80.805875949737882, 28.791251418438481 ], [ -80.805473949621799, 28.791292418458973 ], [ -80.804135949228169, 28.791217418476144 ], [ -80.803368949002561, 28.791175418486297 ], [ -80.798685947633047, 28.791151418604009 ], [ -80.796869947102024, 28.791143418649931 ], [ -80.796811947084876, 28.791138418650267 ], [ -80.796640947034405, 28.791124418651382 ], [ -80.796583947017638, 28.791120418651925 ], [ -80.794989946551866, 28.791124418694906 ], [ -80.791790945617137, 28.791133418781463 ], [ -80.790210945155479, 28.791137418824075 ], [ -80.788618944690285, 28.791142418867249 ], [ -80.788563944674266, 28.791142418868699 ], [ -80.788400944626559, 28.791142418872997 ], [ -80.788345944610512, 28.791142418874436 ], [ -80.788039944521046, 28.791142418882515 ], [ -80.787733944431693, 28.791143418890812 ], [ -80.787652944407967, 28.79114341889295 ], [ -80.787172944267752, 28.791145418906076 ], [ -80.786028943933431, 28.791147418936706 ], [ -80.785576943801331, 28.791148418948858 ], [ -80.78488694359973, 28.791151418967825 ], [ -80.784753943560887, 28.791150418971043 ], [ -80.784353943443975, 28.791151418981883 ], [ -80.784221943405399, 28.791152418985618 ], [ -80.78371194325635, 28.791153418999272 ], [ -80.782185942810443, 28.79115741904047 ], [ -80.781676942661733, 28.79115941905437 ], [ -80.774440940547251, 28.791180419250171 ], [ -80.769716939166798, 28.791194419378019 ], [ -80.752732934203195, 28.791243419837485 ], [ -80.749773933338417, 28.791252419917598 ], [ -80.745687932142943, 28.791228420019483 ], [ -80.745498932087742, 28.791229420024688 ], [ -80.745425932066368, 28.791227420026146 ], [ -80.745211932003684, 28.791225420031303 ], [ -80.745142931983523, 28.791225420033136 ], [ -80.744926931920247, 28.791221420037864 ], [ -80.744892931910286, 28.791221420038742 ], [ -80.744285931733756, 28.791249420061472 ], [ -80.744266931728248, 28.791250420062227 ], [ -80.74407493167223, 28.791253420067989 ], [ -80.744003931651406, 28.791251420069383 ], [ -80.743928931629455, 28.791251420071365 ], [ -80.743796931590822, 28.791250420074594 ], [ -80.743730931571605, 28.791253420077073 ], [ -80.742939931340246, 28.791250420097175 ], [ -80.74056693064621, 28.791244420158268 ], [ -80.740371930589205, 28.791244420163409 ], [ -80.739777930415613, 28.791246420179522 ], [ -80.739751930408289, 28.791254420182124 ], [ -80.738656930088013, 28.791251420210255 ], [ -80.738558930059355, 28.791251420212838 ], [ -80.73755692976637, 28.791251420239234 ], [ -80.735671929215187, 28.791251420288877 ], [ -80.734979929012852, 28.791250420306902 ], [ -80.733786928664031, 28.791250420338336 ], [ -80.733622928616001, 28.791249420342403 ], [ -80.733571928601108, 28.791249420343739 ], [ -80.733356928538271, 28.791249420349402 ], [ -80.733161928481238, 28.791249420354553 ], [ -80.733130928472178, 28.791249420355367 ], [ -80.732966928424233, 28.791250420359916 ], [ -80.731449927980137, 28.791234420396009 ], [ -80.731086927873918, 28.791231420404863 ], [ -80.729268927341721, 28.791214420448636 ], [ -80.725448926223478, 28.79117942054085 ], [ -80.723569925673488, 28.791162420586225 ], [ -80.711547922154054, 28.791048420875359 ], [ -80.67548491159495, 28.790706421742296 ], [ -80.663463908074775, 28.790593422031407 ], [ -80.635575898551593, 28.75027341303425 ], [ -80.624772894885822, 28.73531040970456 ], [ -80.611467890457931, 28.719438406219297 ], [ -80.536487865357799, 28.625277385403958 ], [ -80.526848862177786, 28.61452938305225 ], [ -80.524171861249314, 28.610184382069605 ], [ -80.522975860834521, 28.608243381630572 ], [ -80.519143859397886, 28.598791379440829 ], [ -80.515064857835327, 28.587720376864709 ], [ -80.511348856332432, 28.575238373936685 ], [ -80.508821855283387, 28.565928371745848 ], [ -80.508147854981601, 28.562782371000761 ], [ -80.506251854132515, 28.553922368902199 ], [ -80.504943853463331, 28.545293366844025 ], [ -80.503587852903138, 28.540367365684677 ], [ -80.501218852087604, 28.536683364852539 ], [ -80.500003851641949, 28.533966364225051 ], [ -80.499888851599778, 28.533709364165702 ], [ -80.49977285155731, 28.533451364106174 ], [ -80.486610846870477, 28.508244358331314 ], [ -80.482452845390227, 28.500281356506235 ], [ -80.478056843845039, 28.492456354720471 ], [ -80.474850842642539, 28.484454352860684 ], [ -80.470556840986006, 28.472334350028721 ], [ -80.46860784011082, 28.46308334783247 ], [ -80.469392840012091, 28.453102345388277 ], [ -80.47234084055647, 28.443415342959508 ], [ -80.47622584138864, 28.434133340604856 ], [ -80.479337842122831, 28.428753339217891 ], [ -80.481211842565031, 28.4255163383833 ], [ -80.487676844222335, 28.418357336477985 ], [ -80.493601845782592, 28.413060335038832 ], [ -80.499773847473662, 28.409548334027154 ], [ -80.499888847503726, 28.409439333997714 ], [ -80.500004847534143, 28.409331333968524 ], [ -80.500412847640931, 28.408947333864756 ], [ -80.501486847922209, 28.407939333592257 ], [ -80.502329848142892, 28.407147333378202 ], [ -80.502969848310556, 28.406547333215936 ], [ -80.506331849190843, 28.403389332362348 ], [ -80.516417851831861, 28.393918329802119 ], [ -80.519430852620829, 28.391089329037307 ], [ -80.519553852641621, 28.390626328921666 ], [ -80.522492853140122, 28.379585326162605 ], [ -80.522586853156099, 28.379233326074662 ], [ -80.523085853240673, 28.37735632560555 ], [ -80.524584853495085, 28.371725324198231 ], [ -80.52508485358004, 28.369849323729365 ], [ -80.525141853589702, 28.369633323675359 ], [ -80.52531385361884, 28.368988323514202 ], [ -80.52537185362884, 28.368773323460399 ], [ -80.525895853717657, 28.366801322967568 ], [ -80.527469853984911, 28.360888321489544 ], [ -80.527994854074109, 28.358917320996817 ], [ -80.528740854200692, 28.35611132029544 ], [ -80.530980854581259, 28.34769531819148 ], [ -80.531728854708533, 28.344890317490147 ], [ -80.532409854824124, 28.34232731684941 ], [ -80.534172855124027, 28.335708315194399 ], [ -80.53433885513698, 28.334617314924738 ], [ -80.53473785516826, 28.331996314276992 ], [ -80.535079855194851, 28.32974331372019 ], [ -80.536107855275347, 28.322984312049549 ], [ -80.53645085530232, 28.32073231149289 ], [ -80.536737855324802, 28.318844311026243 ], [ -80.537597855392022, 28.313182309626587 ], [ -80.537885855414842, 28.311295309160055 ], [ -80.539501855541843, 28.300669306532885 ], [ -80.541171855673525, 28.289690303818077 ], [ -80.543870855887079, 28.271953299431207 ], [ -80.544001855897633, 28.271097299219445 ], [ -80.541122854704881, 28.260284296659485 ], [ -80.53417285182681, 28.234178290476514 ], [ -80.532213850964922, 28.225242288348696 ], [ -80.529633849829921, 28.213467285544255 ], [ -80.529476849760925, 28.212752285373938 ], [ -80.529006849554236, 28.210608284863238 ], [ -80.528850849485551, 28.209894284693142 ], [ -80.528624849386262, 28.208865284448066 ], [ -80.527947849088648, 28.205778283712689 ], [ -80.527722848989683, 28.204750283467728 ], [ -80.527483848884657, 28.203661283208344 ], [ -80.526767848569989, 28.200398282430939 ], [ -80.526529848465245, 28.19931028217167 ], [ -80.525342847943477, 28.193893280880957 ], [ -80.523862847293117, 28.187144279272669 ], [ -80.523711847226778, 28.186456279108668 ], [ -80.523258847027805, 28.184392278616809 ], [ -80.52310884696179, 28.183705278453044 ], [ -80.522902846871418, 28.182769278230012 ], [ -80.52228784660123, 28.179964277561435 ], [ -80.522083846511464, 28.179029277338586 ], [ -80.521845846406876, 28.177943277079695 ], [ -80.521131846093283, 28.174688276303833 ], [ -80.520894845989076, 28.173603276045164 ], [ -80.520592845856498, 28.172227275717127 ], [ -80.519687845458975, 28.168099274733038 ], [ -80.519386845326736, 28.166724274405205 ], [ -80.519047845177909, 28.165179274036831 ], [ -80.518031844731865, 28.160547272932458 ], [ -80.517693844583377, 28.159003272564266 ], [ -80.517528844510949, 28.158252272385234 ], [ -80.517034844294074, 28.155999271847985 ], [ -80.51687084422197, 28.155248271668839 ], [ -80.516614844109654, 28.154081271390545 ], [ -80.515846843772593, 28.150580270555661 ], [ -80.51559184366053, 28.149414270277536 ], [ -80.515152843467945, 28.14741426980056 ], [ -80.513837842890723, 28.141414268369452 ], [ -80.513399842698504, 28.139415267892581 ], [ -80.512371842247489, 28.134728266774506 ], [ -80.509289840895406, 28.120667263419541 ], [ -80.508262840445013, 28.115981262301254 ], [ -80.507377840056989, 28.111945261338036 ], [ -80.504723838893483, 28.099839258448306 ], [ -80.503839838505911, 28.095804257484993 ], [ -80.50305883816371, 28.092243256634795 ], [ -80.501920837664926, 28.087049255394554 ], [ -80.500717837137913, 28.081562254084236 ], [ -80.500001836824183, 28.078295253303992 ], [ -80.499969836810209, 28.078149253269139 ], [ -80.499937836796136, 28.078002253234018 ], [ -80.499775836725263, 28.077265253058044 ], [ -80.499775836724382, 28.077238253051398 ], [ -80.49641783550976, 28.069951251355096 ], [ -80.492601834163992, 28.062750249690914 ], [ -80.492137834000445, 28.061875249488708 ], [ -80.488429832692944, 28.054879247871582 ], [ -80.485043831498857, 28.048481246392377 ], [ -80.484350831254446, 28.047171246089484 ], [ -80.482271830521299, 28.043243245181134 ], [ -80.481579830277283, 28.041934244878412 ], [ -80.481165830131275, 28.041151244697357 ], [ -80.479923829693348, 28.038805244154766 ], [ -80.479509829547411, 28.038023243973971 ], [ -80.478983829361951, 28.037031243744558 ], [ -80.477408828806645, 28.034055243056173 ], [ -80.477028828672701, 28.033336242889849 ], [ -80.476900828626285, 28.033055242824364 ], [ -80.476197828371568, 28.031510242464094 ], [ -80.474088827607432, 28.026876241383569 ], [ -80.473864827526199, 28.026383241268569 ], [ -80.473339827340013, 28.025355241030237 ], [ -80.470780826432318, 28.020344239868528 ], [ -80.463103823709702, 28.00531123638256 ], [ -80.460544822802262, 28.000301235220512 ], [ -80.460464822774227, 28.000153235186303 ], [ -80.46038382274584, 28.000006235152352 ], [ -80.457664821792591, 27.995022234000519 ], [ -80.453266820250604, 27.986957232136248 ], [ -80.449028818764916, 27.979185230339407 ], [ -80.446150817756092, 27.973907229118961 ], [ -80.440743815851036, 27.963678226748897 ], [ -80.429013811719145, 27.941487221605282 ], [ -80.424184810044522, 27.933179219689709 ], [ -80.418370808028584, 27.923176217382789 ], [ -80.414507806689301, 27.916530215849694 ], [ -80.41290480613101, 27.913692215193812 ], [ -80.406019803733471, 27.90150021237557 ], [ -80.39944080149364, 27.89147221007952 ], [ -80.396545800452145, 27.885273208630895 ], [ -80.394032799548114, 27.879892207373235 ], [ -80.392024798816863, 27.87530620629795 ], [ -80.391949798790208, 27.875156206263046 ], [ -80.391874798763553, 27.875006206228075 ], [ -80.390633798322497, 27.872518205648436 ], [ -80.388473797554809, 27.868187204639259 ], [ -80.386461796839868, 27.864154203699474 ], [ -80.385071796345883, 27.861367203049952 ], [ -80.397475799972597, 27.8612772027213 ], [ -80.408328803145636, 27.861200202434148 ], [ -80.431456809904049, 27.860950201801028 ], [ -80.434686810847879, 27.860915201712562 ], [ -80.434818810886483, 27.860914201709033 ], [ -80.441824812933078, 27.860825201513954 ], [ -80.444939813843021, 27.860786201427327 ], [ -80.446237814222229, 27.86077020139135 ], [ -80.446670814348664, 27.860764201379112 ], [ -80.447090814471409, 27.86076020136775 ], [ -80.44735081454408, 27.860652201334815 ], [ -80.447764814659934, 27.860484201283416 ], [ -80.448099814751231, 27.860270201222647 ], [ -80.448337814816085, 27.860119201179725 ], [ -80.448355814821042, 27.860109201176797 ], [ -80.448554814875351, 27.859984201141241 ], [ -80.4490568150093, 27.859573201028017 ], [ -80.449189815044122, 27.8594422009926 ], [ -80.449278815067402, 27.859355200969038 ], [ -80.44949981512535, 27.859140200910812 ], [ -80.451387815604562, 27.8568072002919 ], [ -80.45164181567182, 27.856583200230684 ], [ -80.452554815913757, 27.855780200011093 ], [ -80.453434816149496, 27.855089199819844 ], [ -80.454035816316292, 27.854802199734625 ], [ -80.454637816488002, 27.854662199685347 ], [ -80.45490281656501, 27.854646199674914 ], [ -80.457476817317769, 27.854643199610543 ], [ -80.473206821917799, 27.85462519921715 ], [ -80.478450823451254, 27.854620199086245 ], [ -80.478488823462314, 27.854620199085314 ], [ -80.478605823496565, 27.854620199082415 ], [ -80.478644823507977, 27.854620199081424 ], [ -80.478684823519671, 27.854620199080443 ], [ -80.478805823555078, 27.854620199077466 ], [ -80.478846823567025, 27.854620199076447 ], [ -80.481173824247492, 27.854617199018094 ], [ -80.488155826289045, 27.854610198843705 ], [ -80.490483826969722, 27.854608198785659 ], [ -80.490616827008594, 27.854607198782119 ], [ -80.490725827040478, 27.854607198779423 ], [ -80.490967827111234, 27.854606198773208 ], [ -80.491018827126112, 27.85460519877169 ], [ -80.491081827144555, 27.854606198770359 ], [ -80.491144827161932, 27.85457219876044 ], [ -80.491190827174506, 27.854544198752457 ], [ -80.491235827186813, 27.854517198744741 ], [ -80.492714827591968, 27.853645198494291 ], [ -80.492773827608175, 27.853611198484526 ], [ -80.493586827825212, 27.852950198302263 ], [ -80.493613827832036, 27.852916198293286 ], [ -80.494042827940845, 27.852385198152451 ], [ -80.494423828037583, 27.851916198027979 ], [ -80.494789828114094, 27.850942197780089 ], [ -80.494820828109908, 27.850517197675082 ], [ -80.494809828092471, 27.850064197564272 ], [ -80.494337827874844, 27.84752119695224 ], [ -80.494306827860498, 27.84735119691134 ], [ -80.494269827827949, 27.846657196742061 ], [ -80.494389827840592, 27.845939196562956 ], [ -80.495728828104504, 27.841861195529642 ], [ -80.496823828320501, 27.838528194685065 ], [ -80.496903828339612, 27.838393194649964 ], [ -80.49707882838149, 27.838095194572542 ], [ -80.497323828443314, 27.837781194489459 ], [ -80.498699828790663, 27.836023194024254 ], [ -80.499158828906602, 27.835437193869179 ], [ -80.499261828932504, 27.835303193833742 ], [ -80.499574829011422, 27.834900193727137 ], [ -80.499681829038636, 27.83476919369236 ], [ -80.499765829059498, 27.834652193661594 ], [ -80.500024829126559, 27.834374193586971 ], [ -80.500855829341887, 27.833489193349358 ], [ -80.501097829404543, 27.833230193279864 ], [ -80.501155829419616, 27.833170193263712 ], [ -80.501362829473194, 27.832948193204118 ], [ -80.50145582949736, 27.832850193177805 ], [ -80.501935829621843, 27.832343193041556 ], [ -80.502346829728651, 27.831916192926652 ], [ -80.503197829949997, 27.831036192689758 ], [ -80.504272830229496, 27.829922192389944 ], [ -80.504473830281739, 27.829713192333671 ], [ -80.505038830428717, 27.829130192176692 ], [ -80.505109830447154, 27.829056192156806 ], [ -80.505342830507772, 27.828816192092145 ], [ -80.505501830552205, 27.828750192072114 ], [ -80.505816830640242, 27.828620192032414 ], [ -80.506131830728279, 27.828490191992742 ], [ -80.506347830788641, 27.828400191965311 ], [ -80.506995830969771, 27.82813319188379 ], [ -80.507212831030401, 27.828044191856605 ], [ -80.50733583106485, 27.82799419184132 ], [ -80.50734483106659, 27.827967191834482 ], [ -80.507434831084467, 27.827697191766024 ], [ -80.507570831111678, 27.827295191664057 ], [ -80.507795831156457, 27.826623191493621 ], [ -80.507859831169171, 27.826430191444679 ], [ -80.507898831176973, 27.826315191415496 ], [ -80.508001831197461, 27.826008191337682 ], [ -80.508262831249525, 27.825231191140571 ], [ -80.508580831312983, 27.824286190900899 ], [ -80.508924831372212, 27.822963190567879 ], [ -80.508939831373709, 27.822870190544638 ], [ -80.509077831388865, 27.822063190343286 ], [ -80.509156831411957, 27.822063190341339 ], [ -80.509393831481219, 27.822063190335474 ], [ -80.509473831504636, 27.822063190333516 ], [ -80.509652831556977, 27.822063190329089 ], [ -80.510190831714354, 27.822065190316298 ], [ -80.510371831767287, 27.822065190311832 ], [ -80.510424831782714, 27.822064190310265 ], [ -80.510592831831843, 27.822065190306361 ], [ -80.510649831848582, 27.822067190305468 ], [ -80.511225832016962, 27.822067190291229 ], [ -80.512959832524047, 27.822070190249143 ], [ -80.513522832688764, 27.82207219023573 ], [ -80.513538832693428, 27.822073190235596 ], [ -80.518781834226644, 27.822084190108797 ], [ -80.519046834304135, 27.82208419010226 ], [ -80.519836834535141, 27.822086190083297 ], [ -80.52666783653261, 27.822100189918014 ], [ -80.527200836688465, 27.822100189904848 ], [ -80.527734836844573, 27.822100189891678 ], [ -80.528296837008966, 27.822103189878497 ], [ -80.528727837134994, 27.822104189868096 ], [ -80.529158837261022, 27.822105189857705 ], [ -80.535570839135843, 27.822117189702325 ], [ -80.538848840094275, 27.822124189623068 ], [ -80.541079840746605, 27.822130189569467 ], [ -80.542441841145063, 27.822139189538042 ], [ -80.546527842340268, 27.822166189443699 ], [ -80.547889842738712, 27.822175189412299 ], [ -80.549259843139268, 27.822178189379194 ], [ -80.551421843771436, 27.822185189327481 ], [ -80.553372844341808, 27.822190189280505 ], [ -80.554464844661126, 27.822193189254271 ], [ -80.554798844758821, 27.822195189246493 ], [ -80.555371844926327, 27.822196189232589 ], [ -80.555529844972554, 27.822198189229201 ], [ -80.555692845020261, 27.822198189225194 ], [ -80.556182845163491, 27.822200189213561 ], [ -80.556346845211493, 27.82220118920976 ], [ -80.557107845433947, 27.822203189191448 ], [ -80.559393846102395, 27.822211189136926 ], [ -80.560156846325512, 27.822214189118796 ], [ -80.561644846760515, 27.822217189082767 ], [ -80.566109848065906, 27.822230188975659 ], [ -80.567599848501573, 27.822236188940302 ], [ -80.568386848731663, 27.822238188921343 ], [ -80.570748849422216, 27.822245188864731 ], [ -80.571536849652588, 27.822248188846004 ], [ -80.572826850029756, 27.822251188814846 ], [ -80.576702851162892, 27.822263188721994 ], [ -80.577593851423373, 27.822266188700748 ], [ -80.577794851482139, 27.822267188696031 ], [ -80.577994851540637, 27.822268188691314 ], [ -80.578214851604855, 27.822266188685404 ], [ -80.578433851668919, 27.822267188680229 ], [ -80.583852853253035, 27.822283188550209 ], [ -80.601427858390579, 27.822337188129126 ], [ -80.607112860052297, 27.822355187992969 ], [ -80.60728786010344, 27.822356187988952 ], [ -80.610576861065141, 27.822377187912728 ], [ -80.61350686192182, 27.822396187844966 ], [ -80.613571861940841, 27.822396187843339 ], [ -80.613602861949957, 27.822397187842807 ], [ -80.620446863951003, 27.822441187684412 ], [ -80.623737864913195, 27.822463187608435 ], [ -80.624778865218403, 27.822497187591075 ], [ -80.630507866893808, 27.82254818746188 ], [ -80.643910870813144, 27.822670187160323 ], [ -80.648749872228109, 27.822714187051417 ], [ -80.65082287283424, 27.8227331870048 ], [ -80.657596874814971, 27.822795186852456 ], [ -80.660771875742867, 27.822811186777866 ], [ -80.670303878528642, 27.822862186554538 ], [ -80.673482879457723, 27.822881186480544 ], [ -80.673924879586963, 27.822885186470586 ], [ -80.675214879963605, 27.822881186437694 ], [ -80.68041388148167, 27.822869186306086 ], [ -80.682148881988297, 27.822866186262413 ], [ -80.683812882474797, 27.822883186225447 ], [ -80.688810883936114, 27.822935186114485 ], [ -80.690477884423501, 27.822953186077648 ], [ -80.690492884427925, 27.822954186077538 ], [ -80.691114884609519, 27.822953186061898 ], [ -80.693814885397899, 27.822949185994087 ], [ -80.703826888321288, 27.82293718574336 ], [ -80.707165889296235, 27.822934185659953 ], [ -80.709207889892724, 27.822940185610872 ], [ -80.710450890255757, 27.822943185580897 ], [ -80.740776899113015, 27.823032184851883 ], [ -80.740802899120041, 27.823014184846823 ], [ -80.741241899248209, 27.823013184835713 ], [ -80.74132989927385, 27.823012184833281 ], [ -80.741368899285305, 27.823013184832572 ], [ -80.741494899322035, 27.823012184829196 ], [ -80.741632899362301, 27.823012184825799 ], [ -80.741660899370487, 27.823013184825331 ], [ -80.742034899480203, 27.823029184819951 ], [ -80.742479899610643, 27.823045184812877 ], [ -80.742761899693292, 27.823056184808607 ], [ -80.742910899737097, 27.823066184807349 ], [ -80.743437899892086, 27.823103184803387 ], [ -80.743557899927268, 27.823106184801134 ], [ -80.743678899962688, 27.823110184799102 ], [ -80.743874900020117, 27.823116184795701 ], [ -80.744071900077799, 27.823121184792111 ], [ -80.745195900406969, 27.823155184772574 ], [ -80.745220900414338, 27.823156184772184 ], [ -80.74795490121501, 27.823237184724338 ], [ -80.749858901772654, 27.823294184691118 ], [ -80.751662902300481, 27.823332184655772 ], [ -80.753604902868688, 27.823374184617965 ], [ -80.761511905182189, 27.823543184463485 ], [ -80.766030906504355, 27.823640184375321 ], [ -80.766139906536182, 27.82364018437265 ], [ -80.766465906631424, 27.823644184365527 ], [ -80.766574906663294, 27.823645184363077 ], [ -80.767036906798339, 27.823650184352829 ], [ -80.767234906856103, 27.823651184348176 ], [ -80.767385906900245, 27.823652184344681 ], [ -80.767432906913982, 27.823653184343769 ], [ -80.769816907610576, 27.823675184290082 ], [ -80.770117907698491, 27.823678184283349 ], [ -80.770094907676111, 27.823178184161492 ], [ -80.778506910130034, 27.823132183941837 ], [ -80.803743917492213, 27.82302518329028 ], [ -80.812156919946204, 27.822990183073241 ], [ -80.813550920352839, 27.82298418303716 ], [ -80.817734921573233, 27.822969182929842 ], [ -80.819129921980149, 27.822964182894047 ], [ -80.819267922020387, 27.82296318289038 ], [ -80.819950922219576, 27.822958182872178 ], [ -80.822416922938714, 27.822946182808163 ], [ -80.823239923178804, 27.822943182787021 ], [ -80.82409092342688, 27.822935182763935 ], [ -80.826652924174013, 27.822923182697515 ], [ -80.827510924424402, 27.822922182675999 ], [ -80.829219924920665, 27.822845182614756 ], [ -80.834349926410312, 27.822618182432006 ], [ -80.835763926820917, 27.822555182381517 ], [ -80.836061926907448, 27.822543182371227 ], [ -80.842152928683774, 27.822516182213622 ], [ -80.843789929161076, 27.822506182170553 ], [ -80.843980929216684, 27.822503182165086 ], [ -80.844925929492263, 27.822499182140692 ], [ -80.848174930439527, 27.822479182055236 ], [ -80.850264931048898, 27.822467182000445 ], [ -80.850633931156523, 27.822465181990804 ], [ -80.852526931708539, 27.822458181942178 ], [ -80.852542931713188, 27.822458181941773 ], [ -80.868883936482433, 27.822527181553419 ], [ -80.868885936493101, 27.822849181632172 ], [ -80.868892936525697, 27.823821181869913 ], [ -80.868893936527414, 27.823867181881162 ], [ -80.868894936536421, 27.824145181949142 ], [ -80.868902936572582, 27.825223182212774 ], [ -80.868926936681177, 27.828460183004388 ], [ -80.868935936717747, 27.82954018326847 ], [ -80.868939936737519, 27.830133183413469 ], [ -80.868952936797172, 27.831913183848727 ], [ -80.868957936817324, 27.832507183993933 ], [ -80.86896193683711, 27.833100184138956 ], [ -80.868974936896777, 27.834880184574224 ], [ -80.868979936916858, 27.83547418471943 ], [ -80.868981936927668, 27.835797184798455 ], [ -80.868988936960221, 27.836769185036104 ], [ -80.86899193697127, 27.837093185115297 ], [ -80.869012937068078, 27.839979185820908 ], [ -80.869076937358955, 27.848638187937837 ], [ -80.869093937435011, 27.850897188490034 ], [ -80.869098937456158, 27.851524188643321 ], [ -80.869100937463003, 27.851724188692202 ], [ -80.869100937464495, 27.851771188703687 ], [ -80.86910293747917, 27.85221918881324 ], [ -80.86911693754908, 27.854310189324405 ], [ -80.869123937573107, 27.855010189495449 ], [ -80.869126937594899, 27.855675189658022 ], [ -80.869142937662573, 27.857676190147103 ], [ -80.869148937685253, 27.85834219030987 ], [ -80.869170937807624, 27.86202619121045 ], [ -80.869242938176839, 27.873081193912356 ], [ -80.869257938251366, 27.875306194456019 ], [ -80.869251938295704, 27.876767194813439 ], [ -80.869304938656242, 27.887710197487777 ], [ -80.869474939743355, 27.920547205509653 ], [ -80.869534940107457, 27.931496208183365 ], [ -80.869541940151677, 27.932828208508596 ], [ -80.869564940285187, 27.936830209485723 ], [ -80.86957394033017, 27.938166209811833 ], [ -80.869573940357057, 27.939015210019257 ], [ -80.869572940372905, 27.939524210143656 ], [ -80.869571940501942, 27.943604211140276 ], [ -80.869572940531839, 27.944538211368389 ], [ -80.869568940545932, 27.945019211486013 ], [ -80.869434940508569, 27.945074211502767 ], [ -80.869376940493638, 27.945137211519608 ], [ -80.869337940486986, 27.945287211557247 ], [ -80.869346940516181, 27.946123211761233 ], [ -80.869355940558123, 27.947364212064109 ], [ -80.869363940562536, 27.947428212079551 ], [ -80.869380940570466, 27.947523212102318 ], [ -80.86946694060147, 27.947709212145572 ], [ -80.869568940636384, 27.947871212182584 ], [ -80.869635940661212, 27.948038212221743 ], [ -80.869652940668175, 27.948102212236957 ], [ -80.869660940672986, 27.948179212255532 ], [ -80.869658940674114, 27.948233212268757 ], [ -80.869646940672908, 27.948306212286909 ], [ -80.86960894066506, 27.948409212312978 ], [ -80.869430940623943, 27.948748212400243 ], [ -80.869394940617582, 27.948879212433152 ], [ -80.869360940615096, 27.949115212491666 ], [ -80.869358940614944, 27.949128212494873 ], [ -80.869352940621283, 27.949383212557329 ], [ -80.869360940648448, 27.950167212748564 ], [ -80.869377940703487, 27.951744213133313 ], [ -80.869395940758906, 27.953326213519276 ], [ -80.869407940795796, 27.95437921377609 ], [ -80.869420940837415, 27.955570214066654 ], [ -80.869436940888463, 27.957031214423054 ], [ -80.869429940896921, 27.957363214504326 ], [ -80.869438940904701, 27.957524214543398 ], [ -80.869473940922433, 27.957762214600685 ], [ -80.869510940945219, 27.958139214691766 ], [ -80.869498940944382, 27.958222214712347 ], [ -80.869498940948404, 27.958349214743397 ], [ -80.869453940942662, 27.958582214801389 ], [ -80.869443940957282, 27.959135214936712 ], [ -80.869433940973565, 27.959739215084465 ], [ -80.869436940993097, 27.960327215227981 ], [ -80.869437941001379, 27.960579215289499 ], [ -80.869441941026579, 27.961336215474201 ], [ -80.8694439410352, 27.961589215535977 ], [ -80.86943894104013, 27.961790215585193 ], [ -80.869506941109904, 27.963363215967608 ], [ -80.869488941105772, 27.963398215976575 ], [ -80.869425941096011, 27.963670216044559 ], [ -80.86941694109737, 27.963795216075344 ], [ -80.869404941098935, 27.963955216114702 ], [ -80.869437941122627, 27.964397216221766 ], [ -80.869612941254658, 27.966946216839837 ], [ -80.86959894125556, 27.96710421687877 ], [ -80.869614941276282, 27.967609217001641 ], [ -80.869635941301837, 27.968220217150311 ], [ -80.869616941302596, 27.96841921719939 ], [ -80.869616941313879, 27.968774217286072 ], [ -80.869617941342113, 27.96965321750066 ], [ -80.869602941343771, 27.969844217547646 ], [ -80.869601941343902, 27.969857217550867 ], [ -80.869574941346897, 27.970199217635042 ], [ -80.869578941350753, 27.97028421765572 ], [ -80.869574941353406, 27.970404217685086 ], [ -80.869556941367691, 27.971019217835707 ], [ -80.869551941372791, 27.971225217886136 ], [ -80.86956094141793, 27.972563218212574 ], [ -80.869575941490211, 27.974699218733686 ], [ -80.869581941517879, 27.975515218932749 ], [ -80.869587941553362, 27.97657721919186 ], [ -80.869593941579552, 27.977344219378971 ], [ -80.869599941599461, 27.97791621951847 ], [ -80.86981294166759, 27.978105219559279 ], [ -80.86990194177173, 27.98056322015707 ], [ -80.86997594185739, 27.982576220646653 ], [ -80.869902941986993, 27.987321221806752 ], [ -80.86989594198549, 27.987337221810808 ], [ -80.869893942004211, 27.987944221959019 ], [ -80.869893942005945, 27.987998221972234 ], [ -80.869896942026955, 27.988631222126653 ], [ -80.869922942092472, 27.990452222570479 ], [ -80.869947942153203, 27.992130222979377 ], [ -80.869958942179025, 27.99284022315242 ], [ -80.869937942223302, 27.994423223539279 ], [ -80.869902942299049, 27.997124224199375 ], [ -80.869901942300089, 27.997165224209397 ], [ -80.86987994234714, 27.998844224619688 ], [ -80.869860942388087, 28.000302224975989 ], [ -80.869848942422777, 28.001502225269121 ], [ -80.869848942424468, 28.00155522528209 ], [ -80.86977494265534, 28.009476227216833 ], [ -80.869751942730971, 28.012058227847376 ], [ -80.869750942733106, 28.012135227866217 ], [ -80.869747942748376, 28.012641227989729 ], [ -80.869745942753667, 28.012825228034664 ], [ -80.869717942896045, 28.0175462291872 ], [ -80.869716942905242, 28.017844229259939 ], [ -80.86970494296213, 28.019735229721562 ], [ -80.869677943091446, 28.024036230771497 ], [ -80.869663943163843, 28.026431231356113 ], [ -80.869628943340558, 28.03228523278494 ], [ -80.869587943549206, 28.039190234470048 ], [ -80.869587943549817, 28.03920923447469 ], [ -80.86957694360548, 28.041050234923979 ], [ -80.869542943773936, 28.046630236285615 ], [ -80.869532943830578, 28.0484912367397 ], [ -80.869651943920218, 28.05020823715537 ], [ -80.870015944191337, 28.055363238403142 ], [ -80.870137944281993, 28.057082238819159 ], [ -80.869966944283348, 28.058684239214056 ], [ -80.869786944285124, 28.06038023963211 ], [ -80.869453944287713, 28.063494240399663 ], [ -80.869285944290098, 28.065100240795417 ], [ -80.86928694430253, 28.065479240887804 ], [ -80.869287944369987, 28.067576241398953 ], [ -80.869294944509079, 28.071854242441596 ], [ -80.869296944537751, 28.072728242654602 ], [ -80.869297944555498, 28.073273242787412 ], [ -80.869297944572921, 28.073817242920004 ], [ -80.869298944611458, 28.07501024321077 ], [ -80.869303944692419, 28.077490243815159 ], [ -80.869305944739423, 28.078938244168011 ], [ -80.869311944880522, 28.083283245226809 ], [ -80.869315944928161, 28.084732245579819 ], [ -80.868302944632646, 28.084735245606112 ], [ -80.865318943762276, 28.084747245684365 ], [ -80.8652639437462, 28.084747245685765 ], [ -80.864251943450896, 28.084748245711555 ], [ -80.864170943427311, 28.084748245713577 ], [ -80.863976943370659, 28.084748245718465 ], [ -80.863153943130555, 28.084749245739474 ], [ -80.862879943050643, 28.084750245746651 ], [ -80.862836943233447, 28.090838247231375 ], [ -80.862829943265112, 28.091890247487928 ], [ -80.862828943266322, 28.091936247499142 ], [ -80.862827943268158, 28.0920032475155 ], [ -80.862825943271403, 28.09212224754453 ], [ -80.862824943273893, 28.092208247565519 ], [ -80.862825943276405, 28.092278247582566 ], [ -80.86282094328611, 28.092625247667254 ], [ -80.862793943309796, 28.093608247907458 ], [ -80.862687943407153, 28.097604248883886 ], [ -80.86265394344008, 28.098937249209516 ], [ -80.862669943484931, 28.100189249514187 ], [ -80.862674943493204, 28.100402249565946 ], [ -80.862623943914386, 28.113968252872301 ], [ -80.862622943924578, 28.114294252951716 ], [ -80.862607944049358, 28.118310253930375 ], [ -80.862570944366453, 28.128497256412441 ], [ -80.862555944407887, 28.129921256759641 ], [ -80.862514944533572, 28.134195257801515 ], [ -80.86250294457605, 28.135622258149336 ], [ -80.862492944605478, 28.136626258394049 ], [ -80.862462944693831, 28.139639259128494 ], [ -80.862453944723612, 28.140644259373452 ], [ -80.862434944779721, 28.14255725983973 ], [ -80.862380944949152, 28.148301261239595 ], [ -80.862364945006306, 28.15021726170648 ], [ -80.862361945007578, 28.150284261722867 ], [ -80.862358945013355, 28.150491261773325 ], [ -80.862358945015615, 28.150561261790344 ], [ -80.862346945058192, 28.151988262138062 ], [ -80.862311945186136, 28.156271263181644 ], [ -80.862303945219708, 28.157383263452505 ], [ -80.862302945223263, 28.157502263481476 ], [ -80.862300945229052, 28.157699263529505 ], [ -80.862288945264055, 28.158893263820463 ], [ -80.86225194536901, 28.162477264693777 ], [ -80.862240945404395, 28.163673264985164 ], [ -80.862239945408305, 28.163803265016846 ], [ -80.862238945414049, 28.16399026506242 ], [ -80.862235945419883, 28.164198265113114 ], [ -80.86223594542416, 28.164330265145249 ], [ -80.862232945432879, 28.164627265217604 ], [ -80.862224945459261, 28.165517265434413 ], [ -80.862222945468289, 28.165815265507025 ], [ -80.862202945540744, 28.168238266097223 ], [ -80.862144945758729, 28.17550726786779 ], [ -80.862128945820331, 28.177557268367035 ], [ -80.862119945829662, 28.177927268457324 ], [ -80.862125945831949, 28.177944268461271 ], [ -80.862125945832659, 28.177966268466616 ], [ -80.862119945851219, 28.178594268619612 ], [ -80.86210794589924, 28.1801882690078 ], [ -80.862103945910874, 28.180583269104051 ], [ -80.862103945914058, 28.180681269127888 ], [ -80.862099945928819, 28.181174269247961 ], [ -80.862098945930867, 28.181246269265486 ], [ -80.862096945935889, 28.181419269307643 ], [ -80.862092945951588, 28.18194026943452 ], [ -80.862091945956934, 28.182114269476902 ], [ -80.862089945962353, 28.182301269522434 ], [ -80.862083945978782, 28.182863269659347 ], [ -80.862083945984864, 28.183051269705075 ], [ -80.862064946050822, 28.185262270243509 ], [ -80.862057946076888, 28.186130270454925 ], [ -80.862011946250249, 28.19190227186041 ], [ -80.861995946317307, 28.194118272399955 ], [ -80.861992946325685, 28.194404272469583 ], [ -80.861981946364693, 28.195707272786848 ], [ -80.861947946497139, 28.200104273857391 ], [ -80.861944946508387, 28.200478273948423 ], [ -80.861932946556408, 28.202069274335756 ], [ -80.861929946560366, 28.202218274372044 ], [ -80.861925946573848, 28.202670274482163 ], [ -80.861925946578779, 28.202822274519082 ], [ -80.861922946588095, 28.203136274595551 ], [ -80.861914946616253, 28.204077274824648 ], [ -80.861913946626174, 28.204392274901299 ], [ -80.861907946641935, 28.204933275033039 ], [ -80.861893946690444, 28.206555275427924 ], [ -80.861891946707445, 28.207098275560028 ], [ -80.861886946720304, 28.207541275667936 ], [ -80.861876946760773, 28.208879275993596 ], [ -80.861873946774438, 28.209327276102641 ], [ -80.861866946799537, 28.21016427630639 ], [ -80.861854946845966, 28.211705276681514 ], [ -80.861846946875175, 28.212677276918111 ], [ -80.861842946891912, 28.213230277052723 ], [ -80.861839946900247, 28.213515277122067 ], [ -80.861838946901557, 28.213564277134015 ], [ -80.861837946904387, 28.213660277157423 ], [ -80.861834946917625, 28.214095277263272 ], [ -80.861834946919274, 28.214146277275663 ], [ -80.861833946922005, 28.214239277298322 ], [ -80.861829946930769, 28.214545277372849 ], [ -80.861820946958048, 28.215466277597056 ], [ -80.861820946968095, 28.21577627767245 ], [ -80.861779947103955, 28.220333278781695 ], [ -80.861669947516063, 28.234016282111536 ], [ -80.86165494757438, 28.235947282581396 ], [ -80.861642947621789, 28.23751228296214 ], [ -80.861641947656153, 28.238579283221579 ], [ -80.861642947657089, 28.238599283226364 ], [ -80.861642947659035, 28.238659283240953 ], [ -80.861642947659703, 28.23867928324584 ], [ -80.861641947661269, 28.238737283260001 ], [ -80.861638947666108, 28.238914283303039 ], [ -80.861638947668027, 28.238973283317435 ], [ -80.861628947706834, 28.24025628362957 ], [ -80.861627947709309, 28.240341283650263 ], [ -80.861618947745612, 28.241538283941473 ], [ -80.861601947810129, 28.243676284461639 ], [ -80.861594947833098, 28.24444628464898 ], [ -80.861584947874704, 28.245815284982015 ], [ -80.861582947878972, 28.245964285018314 ], [ -80.861578947892411, 28.246413285127478 ], [ -80.8615789478973, 28.246563285163987 ] ] ] ] } }
]
}
