{
"type": "FeatureCollection",
"name": "DISTRICT_9",
"crs": { "type": "name", "properties": { "name": "urn:ogc:def:crs:OGC:1.3:CRS84" } },
"xy_coordinate_resolution": 1e-15,
"features": [
{ "type": "Feature", "properties": { "LONGNAME": "District 9", "SHORTNAME": "D9", "DISTRICT": 9, "COLOR": -120339520, "TOTAL": 769221, "TARGET_DEV": 0 }, "geometry": { "type": "MultiPolygon", "coordinates": [ [ [ [ -80.447538805236306, 27.557791126861673 ], [ -80.447585805250029, 27.557791126860529 ], [ -80.448325805466311, 27.557788126841803 ], [ -80.450688806157032, 27.557782126783053 ], [ -80.451097806276593, 27.557781126772909 ], [ -80.451299806335641, 27.557781126767999 ], [ -80.451476806387404, 27.557781126763711 ], [ -80.452309806630879, 27.557778126742797 ], [ -80.452880806797808, 27.557778126728941 ], [ -80.454814807364343, 27.557813126690711 ], [ -80.455650807609231, 27.557829126674338 ], [ -80.456476807851232, 27.557844126658022 ], [ -80.458954808577118, 27.557891126609533 ], [ -80.458985808586206, 27.55789212660903 ], [ -80.459471808728694, 27.557904126600221 ], [ -80.459781808819557, 27.557911126594423 ], [ -80.459893808852399, 27.557914126592451 ], [ -80.460620809065489, 27.557932126579278 ], [ -80.463140809804145, 27.557995126533701 ], [ -80.463836810008175, 27.558012126520968 ], [ -80.463963810045385, 27.558016126518936 ], [ -80.463980810050359, 27.558016126518517 ], [ -80.464879810313136, 27.558014126496218 ], [ -80.466268810719157, 27.558011126461743 ], [ -80.467576811101807, 27.558019126432043 ], [ -80.468476811365079, 27.558025126411685 ], [ -80.468865811478864, 27.558027126402738 ], [ -80.469751811738078, 27.558034126382957 ], [ -80.470033811820457, 27.558032126375657 ], [ -80.470423811934452, 27.558031126365936 ], [ -80.470814812048729, 27.558029126355979 ], [ -80.471990812392434, 27.558027126326962 ], [ -80.472382812507007, 27.558026126317202 ], [ -80.472751812614874, 27.558025126308024 ], [ -80.473862812939558, 27.558022126280356 ], [ -80.474232813047692, 27.558022126271386 ], [ -80.474632813164675, 27.558022126261665 ], [ -80.475835813516426, 27.558024126232986 ], [ -80.476236813633619, 27.558025126223512 ], [ -80.476591813737301, 27.55802112621393 ], [ -80.477658814049022, 27.558013126186061 ], [ -80.477896814118537, 27.558012126180028 ], [ -80.478014814153141, 27.558016126178199 ], [ -80.478482814290558, 27.558035126171493 ], [ -80.479886814702795, 27.558094126151992 ], [ -80.480263814813483, 27.558110126146801 ], [ -80.480355814840379, 27.558111126144833 ], [ -80.480808814972889, 27.558114126134566 ], [ -80.484239815976679, 27.558139126057519 ], [ -80.487485816926295, 27.558164125984948 ], [ -80.492438818375405, 27.558207125875427 ], [ -80.495893819386978, 27.5582621258052 ], [ -80.496293819504132, 27.558269125797199 ], [ -80.496522819571169, 27.558273125792624 ], [ -80.499778820524753, 27.558333125728435 ], [ -80.500448820720479, 27.558329125711218 ], [ -80.502459821307909, 27.558318125659675 ], [ -80.503130821503973, 27.558315125642693 ], [ -80.504173821809047, 27.558323125619328 ], [ -80.506849822591903, 27.558346125560071 ], [ -80.507305822725257, 27.558349125549764 ], [ -80.508349823030727, 27.55835812552667 ], [ -80.508965823210886, 27.558363125512951 ], [ -80.50901182322437, 27.558364125512064 ], [ -80.510997823806392, 27.55841512547644 ], [ -80.511660824000685, 27.558432125464559 ], [ -80.512674824297733, 27.558454125445387 ], [ -80.515716825188861, 27.558522125388329 ], [ -80.516655825464028, 27.558544125370975 ], [ -80.516730825485936, 27.558546125369645 ], [ -80.516805825507873, 27.558547125368058 ], [ -80.516920825541547, 27.558549125365765 ], [ -80.516970825556285, 27.558551125365046 ], [ -80.517031825574065, 27.558551125363547 ], [ -80.517107825596312, 27.558551125361713 ], [ -80.517952825843523, 27.558560125343444 ], [ -80.518236825926664, 27.558564125337544 ], [ -80.520486826584985, 27.558588125288846 ], [ -80.521332826832506, 27.558598125270784 ], [ -80.522206827088638, 27.558621125255225 ], [ -80.524831827858051, 27.558694125209563 ], [ -80.525567828073747, 27.558715125196873 ], [ -80.525706828114522, 27.558719125194482 ], [ -80.526363828304468, 27.558651125161784 ], [ -80.527514828637223, 27.558533125104795 ], [ -80.528336828874814, 27.558448125063901 ], [ -80.528994829065113, 27.558381125031435 ], [ -80.529059829083863, 27.558373125027842 ], [ -80.529259829141608, 27.558352125017858 ], [ -80.529327829161303, 27.558346125014694 ], [ -80.529392829180111, 27.558339125011411 ], [ -80.532565830107728, 27.558351124937339 ], [ -80.54228283294853, 27.558391124711385 ], [ -80.54552283389576, 27.55840612463647 ], [ -80.545546833902776, 27.558406124635887 ], [ -80.545622833924938, 27.558406124634029 ], [ -80.54564783393225, 27.558406124633429 ], [ -80.548907834885256, 27.558419124557542 ], [ -80.558689837744836, 27.558461124330389 ], [ -80.561868838674073, 27.558475124256692 ], [ -80.561950838697996, 27.558475124254709 ], [ -80.5620058387141, 27.558475124253345 ], [ -80.562170838762285, 27.558475124249352 ], [ -80.562226838778713, 27.558476124248248 ], [ -80.562312838803877, 27.558477124246394 ], [ -80.578102843419146, 27.558543123879289 ], [ -80.578232843456902, 27.558535123874208 ], [ -80.578432843514975, 27.558523123866348 ], [ -80.578488843531204, 27.558520123864263 ], [ -80.578578843557509, 27.558520123862074 ], [ -80.58700784602091, 27.558552123665262 ], [ -80.587746846236868, 27.558554123647866 ], [ -80.603463850829925, 27.558615123281132 ], [ -80.615521854353389, 27.55866112299957 ], [ -80.622404856364597, 27.558688122839019 ], [ -80.622513856396381, 27.558688122836362 ], [ -80.624780857058795, 27.558697122783549 ], [ -80.628748858214763, 27.558603122663996 ], [ -80.632327859257487, 27.558519122556351 ], [ -80.64065786168932, 27.558491122347061 ], [ -80.64462786284831, 27.558478122247369 ], [ -80.644726862877135, 27.558476122244485 ], [ -80.645025862964431, 27.558475122236963 ], [ -80.645127862994286, 27.558477122234976 ], [ -80.645414863078059, 27.558475122227524 ], [ -80.645982863243887, 27.558474122213461 ], [ -80.646282863331393, 27.558472122205707 ], [ -80.646572863416097, 27.558472122198644 ], [ -80.646876863504815, 27.558469122190505 ], [ -80.647418863663006, 27.55846612217664 ], [ -80.647759863762516, 27.558464122167866 ], [ -80.64779486377266, 27.558463122166689 ], [ -80.648101863862379, 27.558465122159802 ], [ -80.648403863950534, 27.55846412215223 ], [ -80.648705864038817, 27.558466122145365 ], [ -80.649748864343621, 27.558474122121964 ], [ -80.649990864414335, 27.558475122116331 ], [ -80.654294865672185, 27.558509122020123 ], [ -80.654603865762525, 27.55851212201334 ], [ -80.655662866070898, 27.558484121980687 ], [ -80.65745686659335, 27.558439121925993 ], [ -80.65755486662205, 27.558441121924105 ], [ -80.657941866735158, 27.558444121915478 ], [ -80.658397866868498, 27.558452121906374 ], [ -80.659107867076159, 27.558462121891541 ], [ -80.659390867158933, 27.558467121885915 ], [ -80.659497867190282, 27.558470121884056 ], [ -80.659950867322706, 27.558475121874277 ], [ -80.66058686750867, 27.558484121860996 ], [ -80.66082486757837, 27.558489121856486 ], [ -80.661315867721726, 27.558489121844552 ], [ -80.66177286785522, 27.558491121833935 ], [ -80.662488868064344, 27.558493121817023 ], [ -80.664636868691787, 27.558502121766999 ], [ -80.665353868901278, 27.558505121750319 ], [ -80.665449868929159, 27.558501121746993 ], [ -80.665740869013874, 27.558493121737982 ], [ -80.665838869042474, 27.558491121735109 ], [ -80.66815786971965, 27.558494121679477 ], [ -80.668268869752083, 27.558494121676766 ], [ -80.668548869833842, 27.558494121669973 ], [ -80.66859686984786, 27.558495121669047 ], [ -80.668971869957403, 27.558496121660159 ], [ -80.676016872014642, 27.558505121491127 ], [ -80.676681872208576, 27.558499121473485 ], [ -80.679392872999514, 27.558479121402655 ], [ -80.679478873024607, 27.558478121400324 ], [ -80.679603873061041, 27.558477121397026 ], [ -80.679736873099841, 27.558475121393339 ], [ -80.67982387312523, 27.558475121391215 ], [ -80.679794873095048, 27.557765121217155 ], [ -80.679717873069038, 27.557651121190979 ], [ -80.679769873001447, 27.554945120523762 ], [ -80.679769872885018, 27.551138119586781 ], [ -80.679821872759206, 27.546529118451037 ], [ -80.67979587268502, 27.544350117915368 ], [ -80.679821872644254, 27.542768117525245 ], [ -80.679873872538181, 27.53880111654744 ], [ -80.679899872487638, 27.536898116078355 ], [ -80.679873872464626, 27.536393115954631 ], [ -80.679899872393094, 27.533803115316356 ], [ -80.679873872327406, 27.531900114848519 ], [ -80.680002872337738, 27.531005114625 ], [ -80.67992587223614, 27.528414113988948 ], [ -80.680002872204028, 27.526625113546547 ], [ -80.679976872176852, 27.525983113389138 ], [ -80.679947872131905, 27.524789113095828 ], [ -80.679879872037546, 27.522347112496142 ], [ -80.679875872030138, 27.522142112445753 ], [ -80.679857872000056, 27.521329112246029 ], [ -80.679849871827969, 27.515763110875557 ], [ -80.67984987182497, 27.515664110851183 ], [ -80.679847871816619, 27.515409110788397 ], [ -80.679845871802613, 27.51496911068012 ], [ -80.679843871798028, 27.514838110647897 ], [ -80.67984287178183, 27.514316110519388 ], [ -80.679698871416207, 27.503699107907927 ], [ -80.679656871314819, 27.500771107187699 ], [ -80.679649871311142, 27.500719107175087 ], [ -80.67958787128093, 27.500321107078541 ], [ -80.679506871217697, 27.499021106760246 ], [ -80.679498871211678, 27.498901106730916 ], [ -80.679479871173086, 27.497814106463601 ], [ -80.679478871171966, 27.49778710645694 ], [ -80.679461871140447, 27.496915106242582 ], [ -80.679459871135251, 27.496763106205165 ], [ -80.679364870944525, 27.491408104888219 ], [ -80.679298870832341, 27.488354104137443 ], [ -80.679294870825942, 27.488183104095381 ], [ -80.679268870781385, 27.486968103796656 ], [ -80.679265870777556, 27.486871103772838 ], [ -80.679183870631775, 27.482863102787302 ], [ -80.679182870629418, 27.482797102771062 ], [ -80.679135870509995, 27.479320101915409 ], [ -80.679132870498918, 27.478984101832683 ], [ -80.679039870257029, 27.471917100093396 ], [ -80.679040870254312, 27.471818100069001 ], [ -80.679042870252246, 27.47173110004751 ], [ -80.679132870130132, 27.466845098841169 ], [ -80.679273869867458, 27.456833096369959 ], [ -80.679276869863031, 27.456659096327034 ], [ -80.67929086983807, 27.455702096090754 ], [ -80.678895869623162, 27.452418095290746 ], [ -80.678853869600374, 27.452071095206257 ], [ -80.67871286952365, 27.450898094920486 ], [ -80.678613869429441, 27.448745094392066 ], [ -80.678611869427527, 27.448701094381271 ], [ -80.678611869424557, 27.448603094357129 ], [ -80.678612869422366, 27.448521094336883 ], [ -80.678615869413306, 27.448194094256216 ], [ -80.678617869408257, 27.448008094210316 ], [ -80.67862386939035, 27.447358094049928 ], [ -80.678626869383152, 27.44709209398426 ], [ -80.678637869352116, 27.445963093705643 ], [ -80.678639869347549, 27.445793093663664 ], [ -80.678656869302458, 27.444142093256218 ], [ -80.678658869297749, 27.443967093213022 ], [ -80.678666869274863, 27.443133093007173 ], [ -80.678668869270354, 27.442966092965992 ], [ -80.678677869248048, 27.442143092762834 ], [ -80.678677869245377, 27.442055092741139 ], [ -80.67868686922111, 27.441168092522233 ], [ -80.6786888692167, 27.441002092481209 ], [ -80.678698869193184, 27.440129092265778 ], [ -80.678700869186642, 27.439895092207998 ], [ -80.67870886916694, 27.439167092028317 ], [ -80.678710869161662, 27.438974091980661 ], [ -80.678720869140491, 27.438179091784395 ], [ -80.678722869134788, 27.437971091733079 ], [ -80.678730869111988, 27.437141091528225 ], [ -80.678733869103056, 27.436816091447987 ], [ -80.678748869065743, 27.435441091108565 ], [ -80.678751869058345, 27.435168091041202 ], [ -80.678759869037194, 27.434391090849434 ], [ -80.678761869029984, 27.434134090785978 ], [ -80.678764869022871, 27.433870090720841 ], [ -80.678768869013979, 27.433538090638855 ], [ -80.678799868939365, 27.430775089956732 ], [ -80.678823868884436, 27.428728089451351 ], [ -80.67882286888198, 27.428657089433869 ], [ -80.678821868880732, 27.428626089426281 ], [ -80.678776868766874, 27.425297088606349 ], [ -80.6787758687652, 27.425252088595268 ], [ -80.678688868544228, 27.418784087002063 ], [ -80.678642868429435, 27.415433086176677 ], [ -80.678628868392906, 27.414359085912057 ], [ -80.678552868194387, 27.408525084474764 ], [ -80.6784868680339, 27.403848083322519 ], [ -80.678367867730486, 27.394949081129745 ], [ -80.678367867722528, 27.394685081064605 ], [ -80.678371867687446, 27.393484080768175 ], [ -80.67837286768021, 27.39323508070672 ], [ -80.678374867663251, 27.392652080562794 ], [ -80.678375867647958, 27.392135080435192 ], [ -80.678377867631099, 27.391557080292504 ], [ -80.678379867615561, 27.391023080160679 ], [ -80.678381867599825, 27.39048208002713 ], [ -80.678382867584673, 27.389970079900799 ], [ -80.678383867581516, 27.389856079872651 ], [ -80.678376867571444, 27.389589079806928 ], [ -80.678371867564465, 27.389407079762151 ], [ -80.678358867544262, 27.388862079627913 ], [ -80.678349867531111, 27.388515079542511 ], [ -80.678339867521871, 27.388305079490959 ], [ -80.678315867499023, 27.387779079361707 ], [ -80.678288867473512, 27.387194079217988 ], [ -80.678267867453243, 27.386725079102789 ], [ -80.678265867451216, 27.386677079090948 ], [ -80.678235867400232, 27.385278078746417 ], [ -80.678180867306935, 27.382715078115211 ], [ -80.678165867281876, 27.382030077946553 ], [ -80.678150867258012, 27.381382077786974 ], [ -80.678136867234755, 27.380746077630342 ], [ -80.678109867188667, 27.379478077318062 ], [ -80.678101867175201, 27.379111077227645 ], [ -80.678016867039673, 27.375434076322154 ], [ -80.678083866978596, 27.372757075659813 ], [ -80.67809186697157, 27.372446075582822 ], [ -80.678079866838729, 27.368152074523206 ], [ -80.678079866837095, 27.368098074509824 ], [ -80.678079866836057, 27.368064074501483 ], [ -80.678055866661794, 27.362507073130207 ], [ -80.678028866464018, 27.356194071572229 ], [ -80.678012866350215, 27.352565070676601 ], [ -80.677988866166714, 27.346693069227236 ], [ -80.67798386612877, 27.345479068927609 ], [ -80.677952865900323, 27.338174067124307 ], [ -80.677834865025631, 27.310157060206262 ], [ -80.677832865007517, 27.309573060062011 ], [ -80.677827864992864, 27.309132059953122 ], [ -80.677787864857834, 27.305013058936321 ], [ -80.677728864780605, 27.303008058442302 ], [ -80.67775086478386, 27.302902058415562 ], [ -80.677755864765501, 27.302240058251879 ], [ -80.677755864764976, 27.302223058247666 ], [ -80.677756864761207, 27.302087058214024 ], [ -80.67775986475317, 27.301789058140319 ], [ -80.677786864670381, 27.298761057391435 ], [ -80.677722864511409, 27.294070056233625 ], [ -80.678689864793157, 27.294053056206319 ], [ -80.678429863716872, 27.260561047933074 ], [ -80.678398863589621, 27.256597046953587 ], [ -80.678395863579027, 27.256271046873028 ], [ -80.678345863387264, 27.250328045404462 ], [ -80.678302863354347, 27.249645045236626 ], [ -80.678005863123516, 27.244806044046847 ], [ -80.677992863113616, 27.24460004399625 ], [ -80.677994863112332, 27.244537043980582 ], [ -80.678045863060774, 27.2423070434278 ], [ -80.67795686299722, 27.241045043117769 ], [ -80.678035863015566, 27.2408850430763 ], [ -80.678062862922786, 27.237505042239629 ], [ -80.677952862667738, 27.230013040388858 ], [ -80.677949862660441, 27.229796040335216 ], [ -80.677897862219311, 27.215469036791621 ], [ -80.677890862155124, 27.213375036273639 ], [ -80.677869861973591, 27.2074690348126 ], [ -80.677864861928313, 27.205993034447374 ], [ -80.677860861892313, 27.204820034157198 ], [ -80.677858861873858, 27.204217034007986 ], [ -80.677854861855508, 27.203639033865059 ], [ -80.677851861837496, 27.203061033722076 ], [ -80.677853861834919, 27.202955033695755 ], [ -80.677848861756289, 27.200354033052161 ], [ -80.67784286165103, 27.196864032188465 ], [ -80.677834861520807, 27.192551031121027 ], [ -80.677819861266798, 27.184129029036459 ], [ -80.677817861255505, 27.183767028946875 ], [ -80.677736860762366, 27.167909025022269 ], [ -80.677736860760945, 27.167861025010335 ], [ -80.677725860698757, 27.165866024516585 ], [ -80.677709860602803, 27.162780023752703 ], [ -80.677708860598997, 27.162661023723288 ], [ -80.677693860495253, 27.15930102289143 ], [ -80.677682860467698, 27.158477022687645 ], [ -80.677680860462644, 27.158325022650047 ], [ -80.677676860453218, 27.158046022581047 ], [ -80.677555860138042, 27.148575020237988 ], [ -80.67755186012738, 27.148253020158322 ], [ -80.677464859918146, 27.142027018618016 ], [ -80.677437859841731, 27.139704018043151 ], [ -80.677421859797406, 27.138361017710764 ], [ -80.677417859787226, 27.138055017635104 ], [ -80.677358859627574, 27.133228016440498 ], [ -80.677387859488263, 27.128214015197457 ], [ -80.677403859407903, 27.125332014482918 ], [ -80.67742185940007, 27.124888014372452 ], [ -80.677421859394812, 27.124709014328094 ], [ -80.677427859322364, 27.122190013703712 ], [ -80.677427859320403, 27.122124013687358 ], [ -80.67742985930812, 27.121687013579031 ], [ -80.677429859306272, 27.121624013563412 ], [ -80.67777185939751, 27.121334013483466 ], [ -80.677960859447907, 27.121173013439115 ], [ -80.678150859498658, 27.121013013394986 ], [ -80.678371859557643, 27.120827013343639 ], [ -80.679222859784829, 27.120109013145683 ], [ -80.681623860425759, 27.118082012586704 ], [ -80.683753860994329, 27.116284012090883 ], [ -80.685638861497551, 27.114694011652347 ], [ -80.693507863598256, 27.108056009821659 ], [ -80.722918871491359, 27.084675003333469 ], [ -80.736258875071272, 27.074069000390335 ], [ -80.741890876582602, 27.069590999147682 ], [ -80.747523878094185, 27.065112997905018 ], [ -80.748653878397377, 27.064213997655568 ], [ -80.749783878700612, 27.063315997406338 ], [ -80.750026878766064, 27.063130997354779 ], [ -80.757914880891107, 27.057146995685706 ], [ -80.765801883015911, 27.051162994016654 ], [ -80.799269892031489, 27.025769986934129 ], [ -80.832737901046215, 27.000376979851708 ], [ -80.832789901060181, 27.000336979840558 ], [ -80.8364449020428, 26.997501979051755 ], [ -80.844989904337652, 26.990791977187246 ], [ -80.853534906632404, 26.984081975322734 ], [ -80.864160909485975, 26.97573897300439 ], [ -80.874786912339459, 26.967394970685852 ], [ -80.885641915255945, 26.958923968330375 ], [ -80.888275915741588, 26.949236965865271 ], [ -80.89767791761885, 26.9195549582791 ], [ -80.911423920366985, 26.876156947182796 ], [ -80.935284925147286, 26.800825927908946 ], [ -80.936229925336974, 26.797846927146402 ], [ -80.937627925626032, 26.793728926090143 ], [ -80.941525926406058, 26.781342922919887 ], [ -80.942775926650697, 26.77717792185517 ], [ -80.943003926696733, 26.776466921673027 ], [ -80.943107926717602, 26.776137921588841 ], [ -80.945321927160904, 26.769103919788112 ], [ -80.955851930224853, 26.769017919523812 ], [ -80.956403930385534, 26.76901391951008 ], [ -80.957285930642129, 26.769006919488017 ], [ -80.958474930988018, 26.768996919458143 ], [ -80.959424931264465, 26.768988919434182 ], [ -80.959768931364479, 26.76898391942499 ], [ -80.96744893359768, 26.768876919221203 ], [ -80.96960493422506, 26.76886391916825 ], [ -80.972047934935972, 26.768849919108391 ], [ -80.977742936593174, 26.76881691896881 ], [ -80.985673938901172, 26.76877691877581 ], [ -81.001817943598098, 26.768672918377383 ], [ -81.005617944703843, 26.768658918286224 ], [ -81.010003945979506, 26.768619918175286 ], [ -81.014326947237009, 26.768589918068006 ], [ -81.014545947300789, 26.768589918062958 ], [ -81.015955947710978, 26.768580918028174 ], [ -81.028083951239552, 26.76852891773531 ], [ -81.031977952372443, 26.768511917641174 ], [ -81.04820995709342, 26.768401917239085 ], [ -81.074741964811892, 26.76832291660681 ], [ -81.080604966517313, 26.768305916467153 ], [ -81.082828967164275, 26.768300916414553 ], [ -81.083102967244002, 26.768300916408243 ], [ -81.083348967315587, 26.76830091640257 ], [ -81.105166973662108, 26.768262915889114 ], [ -81.113394976054622, 26.768225915689815 ], [ -81.113633976124078, 26.768223915683802 ], [ -81.113691976140956, 26.76822291568222 ], [ -81.114933976501916, 26.768211915650816 ], [ -81.115499976666456, 26.768207915636768 ], [ -81.11868297759294, 26.768228915568368 ], [ -81.128397980417759, 26.768189915334279 ], [ -81.130119980918536, 26.768187915293993 ], [ -81.135542982496546, 26.768210915174404 ], [ -81.136498982774725, 26.768213915153044 ], [ -81.137679983118346, 26.768218915126969 ], [ -81.143346984766197, 26.768204914992516 ], [ -81.145696985449263, 26.768191914935013 ], [ -81.160089989634727, 26.768179914599365 ], [ -81.171731993019904, 26.768166914327072 ], [ -81.171927993076864, 26.768166914322542 ], [ -81.17314199342988, 26.768165914294244 ], [ -81.173389993503832, 26.768230914304667 ], [ -81.173515993541258, 26.768257914308425 ], [ -81.173690993592984, 26.768286914311552 ], [ -81.175024993982362, 26.768338914293629 ], [ -81.176482994406598, 26.768347914262215 ], [ -81.185608997061763, 26.768403914065114 ], [ -81.194396999618434, 26.768456913875127 ], [ -81.204406002529581, 26.768496913653589 ], [ -81.20592000296989, 26.768502913620114 ], [ -81.211937004719786, 26.768525913486688 ], [ -81.227367009205338, 26.768527913130345 ], [ -81.230018009975979, 26.76853091306975 ], [ -81.233139010883292, 26.768533912998311 ], [ -81.235977011708314, 26.768537912933649 ], [ -81.238568012461542, 26.768541912874696 ], [ -81.239230012653977, 26.76854191285938 ], [ -81.240486013019066, 26.76854391283084 ], [ -81.242558013621405, 26.768546912783687 ], [ -81.247366015019097, 26.768554912674436 ], [ -81.247749015130466, 26.768556912666075 ], [ -81.255493017381696, 26.768574912491417 ], [ -81.271684022088053, 26.768611912125952 ], [ -81.278137023963993, 26.768635911982631 ], [ -81.2878560267891, 26.768671911766646 ], [ -81.304089031506038, 26.768685911394464 ], [ -81.306368032168308, 26.76868891134243 ], [ -81.309246033004442, 26.768689911276073 ], [ -81.310847033469656, 26.76869291123975 ], [ -81.3115420336716, 26.768693911223917 ], [ -81.311542033670804, 26.768665911216985 ], [ -81.312158033849812, 26.76866691120297 ], [ -81.312180033855071, 26.768626911192531 ], [ -81.316041034976834, 26.768630911104129 ], [ -81.316041034977232, 26.768644911107643 ], [ -81.316367035071949, 26.76864391109984 ], [ -81.324382037400682, 26.768655910917261 ], [ -81.324706037494764, 26.768654910909511 ], [ -81.324704037493817, 26.768641910906354 ], [ -81.328506038598405, 26.768645910819323 ], [ -81.329001038742263, 26.768647910808355 ], [ -81.32900003874235, 26.768660910811622 ], [ -81.336969041057529, 26.768671910629827 ], [ -81.341150042272076, 26.768676910534253 ], [ -81.346128043718068, 26.768679910419738 ], [ -81.349958044830657, 26.768682910331854 ], [ -81.35318604576841, 26.768689910258818 ], [ -81.353365045820368, 26.768689910254682 ], [ -81.357624047057527, 26.768695910157533 ], [ -81.358259047241972, 26.768696910143074 ], [ -81.358833047408694, 26.76869691012978 ], [ -81.37089305091169, 26.768715909855207 ], [ -81.37384005176763, 26.768718909787701 ], [ -81.376539052551536, 26.768722909726179 ], [ -81.376665052588066, 26.768719909722503 ], [ -81.376786052623004, 26.76871390971823 ], [ -81.376916052660462, 26.768702909712488 ], [ -81.377041052696356, 26.768687909705903 ], [ -81.377165052731769, 26.768668909698309 ], [ -81.377411052801833, 26.768620909680703 ], [ -81.377521052833004, 26.768593909671473 ], [ -81.378856053220758, 26.768596909641296 ], [ -81.37963205344623, 26.768599909624044 ], [ -81.380598053726828, 26.768602909602414 ], [ -81.384104054745279, 26.768616909524699 ], [ -81.386194055352462, 26.76862490947827 ], [ -81.386389055409083, 26.768624909473751 ], [ -81.387850055833454, 26.768628909440867 ], [ -81.38842305599988, 26.768630909428115 ], [ -81.38863405606115, 26.768631909423451 ], [ -81.390301056545425, 26.768639909386881 ], [ -81.390853056705851, 26.768642909374805 ], [ -81.39123105681557, 26.768641909365819 ], [ -81.394020057625582, 26.768647909302679 ], [ -81.39495105789598, 26.768650909281838 ], [ -81.396285058283482, 26.768656909252435 ], [ -81.399829059312722, 26.768662909171852 ], [ -81.400124059398323, 26.768661909164774 ], [ -81.401341059751459, 26.768653909134553 ], [ -81.402614060121053, 26.768653909105076 ], [ -81.403905060495902, 26.76865290907492 ], [ -81.408331061780757, 26.76864790897115 ], [ -81.417512064447678, 26.768695908770354 ], [ -81.418614064767851, 26.768703908746811 ], [ -81.41864106477567, 26.76870390874619 ], [ -81.422349065852629, 26.768719908664206 ], [ -81.424692066533154, 26.768730908612675 ], [ -81.425053066638, 26.768732908604793 ], [ -81.426107066944084, 26.768735908581117 ], [ -81.428437067620791, 26.768747908530059 ], [ -81.430170068124113, 26.768755908491936 ], [ -81.430236068143344, 26.768757908490887 ], [ -81.430820068312912, 26.768758908477597 ], [ -81.433867069197902, 26.768773908410726 ], [ -81.434183069289674, 26.768775908403889 ], [ -81.434349069337856, 26.768775908400048 ], [ -81.43439006934976, 26.768775908399093 ], [ -81.434560069399112, 26.768776908395406 ], [ -81.434937069508607, 26.768778908387173 ], [ -81.43493606951192, 26.768903908418149 ], [ -81.434938069544714, 26.770023908695787 ], [ -81.434938069551336, 26.770253908752775 ], [ -81.434938069552075, 26.770279908759289 ], [ -81.4349390695794, 26.771219908992247 ], [ -81.434939069589475, 26.771569909079037 ], [ -81.434939069616718, 26.772516909313815 ], [ -81.434941069690709, 26.77506790994612 ], [ -81.434924069927504, 26.783464912027931 ], [ -81.43496906994055, 26.783464912026886 ], [ -81.435456070081926, 26.783464912015578 ], [ -81.435497070093845, 26.783464912014637 ], [ -81.435673070144958, 26.78346491201054 ], [ -81.435711070155932, 26.783464912009663 ], [ -81.435825070189068, 26.783465912007262 ], [ -81.435864070200424, 26.783466912006602 ], [ -81.436693070441336, 26.783474911989384 ], [ -81.437113070563257, 26.783474911979653 ], [ -81.437526070682949, 26.783468911968548 ], [ -81.437813070766168, 26.783464911960909 ], [ -81.438133070859053, 26.783464911953494 ], [ -81.438301070907784, 26.783464911949576 ], [ -81.438805071054119, 26.783464911937884 ], [ -81.438973071102865, 26.783464911934004 ], [ -81.439374071219333, 26.783466911925196 ], [ -81.440580071569599, 26.783472911898716 ], [ -81.440983071686659, 26.783474911889872 ], [ -81.441380071801788, 26.783471911879872 ], [ -81.442423072104376, 26.783464911853969 ], [ -81.44257407214819, 26.783464911850444 ], [ -81.442973072263996, 26.783464911841193 ], [ -81.443053072287256, 26.783464911839349 ], [ -81.443305072360417, 26.783465911833744 ], [ -81.444301072649708, 26.783471911812125 ], [ -81.444633072746171, 26.783474911805193 ], [ -81.445010072855695, 26.783479911797667 ], [ -81.445230072919685, 26.78348391179356 ], [ -81.445293072938014, 26.783484911792332 ], [ -81.446144073185039, 26.783484911772586 ], [ -81.446523073295069, 26.783484911763807 ], [ -81.446883073399576, 26.783484911755448 ], [ -81.447053073448885, 26.783484911751493 ], [ -81.448643073910617, 26.783491911716318 ], [ -81.449138074054389, 26.783494911705578 ], [ -81.449173074064532, 26.783494911704778 ], [ -81.449208074074647, 26.783492911703487 ], [ -81.449317074106133, 26.783486911699466 ], [ -81.449353074116488, 26.783484911698135 ], [ -81.449707074219248, 26.783484911689929 ], [ -81.4507690745275, 26.783484911665287 ], [ -81.45112307463026, 26.783484911657069 ], [ -81.451891074853137, 26.78348391163901 ], [ -81.457176076386872, 26.783473911513898 ], [ -81.459331077012322, 26.783471911463373 ], [ -81.459333077003478, 26.783145911382558 ], [ -81.4593440769697, 26.781862911064351 ], [ -81.459348076958563, 26.781435910958443 ], [ -81.459348076958236, 26.781424910955739 ], [ -81.459348076957284, 26.781391910947519 ], [ -81.459348076956999, 26.781381910945086 ], [ -81.459349076953444, 26.78124891091208 ], [ -81.459352076942864, 26.78085091081336 ], [ -81.45935407693969, 26.780718910780614 ], [ -81.459357076930246, 26.780360910691797 ], [ -81.459366076901873, 26.779285910425227 ], [ -81.459370076892739, 26.778928910336642 ], [ -81.45937207688533, 26.778651910267904 ], [ -81.459379076863542, 26.77782291006233 ], [ -81.459382076856457, 26.777546909993823 ], [ -81.459384076849062, 26.777269909925135 ], [ -81.459389076834498, 26.776713909787201 ], [ -81.459391076827217, 26.776440909719483 ], [ -81.459394076820132, 26.77616490965104 ], [ -81.459395076813109, 26.775910909588081 ], [ -81.45939907680102, 26.775448909473447 ], [ -81.459404076783372, 26.774785909309035 ], [ -81.459412076757104, 26.773792909062749 ], [ -81.459417076737211, 26.773051908878962 ], [ -81.459418076735446, 26.772980908861353 ], [ -81.459425076715064, 26.772200908667831 ], [ -81.459431076695608, 26.771464908485257 ], [ -81.459437076695195, 26.771389908466553 ], [ -81.4594420766947, 26.771322908449811 ], [ -81.459446076677111, 26.770669908287871 ], [ -81.459453076646454, 26.76953390800611 ], [ -81.459457076628269, 26.768860907839244 ], [ -81.459868076747867, 26.768872907832652 ], [ -81.46060307696186, 26.768894907821071 ], [ -81.461131077115041, 26.768894907808832 ], [ -81.461513077225931, 26.768894907799964 ], [ -81.461553077237554, 26.768894907799048 ], [ -81.461900077338214, 26.768891907790284 ], [ -81.462713077573952, 26.768884907769724 ], [ -81.462833077608778, 26.768884907766925 ], [ -81.462943077640702, 26.768884907764392 ], [ -81.463291077741701, 26.768884907756313 ], [ -81.463745077873483, 26.768884907745793 ], [ -81.46510807826904, 26.768884907714192 ], [ -81.46556307840109, 26.768884907703644 ], [ -81.46598207852243, 26.768874907691441 ], [ -81.46601307853139, 26.768874907690716 ], [ -81.467063078836162, 26.768874907666365 ], [ -81.467243078888487, 26.76887790766293 ], [ -81.46766307901062, 26.768884907654968 ], [ -81.468072079129485, 26.768890907646952 ], [ -81.468883079365256, 26.768904907631612 ], [ -81.469302079486667, 26.768898907620407 ], [ -81.469713079605839, 26.768894907609894 ], [ -81.470673079884421, 26.768894907587658 ], [ -81.470887079946621, 26.768896907583173 ], [ -81.471529080133081, 26.768902907569764 ], [ -81.471743080195282, 26.768904907565293 ], [ -81.471947080254481, 26.768904907560561 ], [ -81.472559080432077, 26.768904907546386 ], [ -81.472763080491276, 26.768904907541653 ], [ -81.473166080608308, 26.768906907532859 ], [ -81.474378080960207, 26.76891290750623 ], [ -81.474673081045879, 26.768914907499887 ], [ -81.474783081077817, 26.768914907497333 ], [ -81.475585081310527, 26.768914907478745 ], [ -81.476283081513088, 26.768914907462563 ], [ -81.477513081870626, 26.768934907439004 ], [ -81.477990082009057, 26.768934907427948 ], [ -81.478793082242106, 26.768934907409335 ], [ -81.478923082279834, 26.768934907406333 ], [ -81.478940082284737, 26.768934907405924 ], [ -81.4793810824129, 26.768939907396923 ], [ -81.479528082455644, 26.768941907394005 ], [ -81.481245082954032, 26.768946907355428 ], [ -81.486375084443296, 26.768966907241463 ], [ -81.492487086217764, 26.768997907107469 ], [ -81.497715087735926, 26.769037906996104 ], [ -81.510627091485233, 26.769135906721019 ], [ -81.517016093340317, 26.76918290658449 ], [ -81.518631093809105, 26.769192906549467 ], [ -81.520654094396363, 26.769204906505585 ], [ -81.530896097369222, 26.769256906280887 ], [ -81.532967097970413, 26.76927090623634 ], [ -81.533086098004958, 26.769271906233836 ], [ -81.535133098599673, 26.769302906194 ], [ -81.535762098782328, 26.769308906180882 ], [ -81.541274100382878, 26.769363906066701 ], [ -81.54944410275516, 26.769445905897424 ], [ -81.550328103011807, 26.769453905878933 ], [ -81.551153103251366, 26.76946290586201 ], [ -81.55474010429279, 26.769496905787246 ], [ -81.556193104714694, 26.769511905757206 ], [ -81.559016105534283, 26.769539905698693 ], [ -81.563536106846612, 26.769584905604955 ], [ -81.564014106985439, 26.769590905595336 ], [ -81.564070107001655, 26.769589905593804 ], [ -81.565751107489632, 26.769605905558766 ], [ -81.565752107490923, 26.769640905567378 ], [ -81.565741107568385, 26.772439906260892 ], [ -81.565713107802182, 26.780834908340633 ], [ -81.565704107880265, 26.783634909034276 ], [ -81.565702107886551, 26.78387290909323 ], [ -81.56570010790665, 26.784589909270831 ], [ -81.565700107913585, 26.784829909330277 ], [ -81.565695107945885, 26.785999909620109 ], [ -81.565683108043672, 26.789511910490035 ], [ -81.565679108076338, 26.790682910780077 ], [ -81.565669108096088, 26.791467910974674 ], [ -81.56563910815531, 26.793821911558187 ], [ -81.565630108175398, 26.794607911753019 ], [ -81.565623108187197, 26.795086911871753 ], [ -81.565606108223818, 26.796526912228682 ], [ -81.56560110823628, 26.797007912347908 ], [ -81.565599108237961, 26.797085912367237 ], [ -81.56559710824412, 26.797320912425519 ], [ -81.565596108246098, 26.797399912445055 ], [ -81.565590108256117, 26.797805912545726 ], [ -81.565575108286922, 26.799024912847841 ], [ -81.565571108297533, 26.799431912948695 ], [ -81.565539108363211, 26.802026913591924 ], [ -81.565443108560359, 26.809812915521501 ], [ -81.565412108626376, 26.812408916164863 ], [ -81.565404108641943, 26.813026916317973 ], [ -81.565381108688968, 26.814883916778165 ], [ -81.565374108704859, 26.815502916931536 ], [ -81.565373108705558, 26.815538916940483 ], [ -81.565371108708106, 26.815646916967268 ], [ -81.565371108709172, 26.815683916976397 ], [ -81.565340108771295, 26.818141917585471 ], [ -81.565250108958594, 26.825516919412806 ], [ -81.565220109021098, 26.827975920021998 ], [ -81.565183109042863, 26.829098920300755 ], [ -81.565123109079977, 26.83098192076816 ], [ -81.565107109089425, 26.831466920888495 ], [ -81.56510410909145, 26.831566920913357 ], [ -81.565075109107696, 26.832419921125094 ], [ -81.565074109108906, 26.832470921137723 ], [ -81.565038109131052, 26.833594921416715 ], [ -81.565037109131367, 26.833615921421924 ], [ -81.56503610913299, 26.833681921438291 ], [ -81.565036109133629, 26.833703921443735 ], [ -81.565013109157348, 26.834754921704306 ], [ -81.565009109162546, 26.834973921758568 ], [ -81.564993109188109, 26.836014922016506 ], [ -81.564973109210399, 26.836984922256974 ], [ -81.564963109242242, 26.838184922554163 ], [ -81.564953109256734, 26.838783922702582 ], [ -81.56493310928775, 26.840054923017536 ], [ -81.564944109328309, 26.841344923336429 ], [ -81.564980109451014, 26.845215924293292 ], [ -81.564992109491968, 26.84650692461237 ], [ -81.564990109494104, 26.846602924636159 ], [ -81.564989109498271, 26.846755924674039 ], [ -81.564988109501371, 26.846872924703 ], [ -81.564987109501686, 26.846893924708223 ], [ -81.564986109504218, 26.846990924732282 ], [ -81.564985109507518, 26.847114924762963 ], [ -81.564983109510536, 26.847237924793447 ], [ -81.564961109555512, 26.849008925232038 ], [ -81.564886109709505, 26.855064926731878 ], [ -81.564862109761137, 26.857083927231852 ], [ -81.564895109772294, 26.857139927244962 ], [ -81.564997109806811, 26.857307927284122 ], [ -81.565031109818293, 26.857364927297439 ], [ -81.56481711006623, 26.868036929941916 ], [ -81.564796110062545, 26.868119929962905 ], [ -81.564733110051591, 26.868371930026687 ], [ -81.564713110048217, 26.868455930047958 ], [ -81.564705110061482, 26.868991930180709 ], [ -81.564684110102249, 26.870603930579868 ], [ -81.564677110115838, 26.871140930712777 ], [ -81.564616110232208, 26.875752931854702 ], [ -81.56443511058238, 26.889590935280424 ], [ -81.564375110699302, 26.89420393642224 ], [ -81.564357110732587, 26.895525936749429 ], [ -81.564305110833104, 26.899491937731046 ], [ -81.564288110866698, 26.900814938058442 ], [ -81.564271110899099, 26.902092938374729 ], [ -81.56422011099599, 26.905925939323314 ], [ -81.564204111028701, 26.907204939639826 ], [ -81.564199111035734, 26.907497939712353 ], [ -81.5641881110583, 26.90837993993058 ], [ -81.564185111065996, 26.908673940003318 ], [ -81.564139111153835, 26.912141940861506 ], [ -81.564002111417864, 26.922547943436268 ], [ -81.563957111506156, 26.92601694429446 ], [ -81.563911111594891, 26.929510945158821 ], [ -81.56387511166588, 26.932296945848005 ], [ -81.563836111741452, 26.935269946583414 ], [ -81.563773111861281, 26.93999294775168 ], [ -81.563764111880033, 26.940722947932208 ], [ -81.563735111937447, 26.942971948488449 ], [ -81.563728111950468, 26.94348794861607 ], [ -81.563747111985137, 26.944483948861642 ], [ -81.56375611199023, 26.944566948881956 ], [ -81.563770111998267, 26.944703948915461 ], [ -81.563803112015862, 26.944976948982109 ], [ -81.563821112025522, 26.945128949019249 ], [ -81.563818112028173, 26.945250949049413 ], [ -81.563773112071573, 26.947179949526973 ], [ -81.563647112194374, 26.952621950874033 ], [ -81.563629112209995, 26.953332951050093 ], [ -81.563615112223999, 26.95394995120277 ], [ -81.563587112250985, 26.955148951499588 ], [ -81.563582112256455, 26.955384951557964 ], [ -81.56357711226606, 26.955761951651219 ], [ -81.563563112295157, 26.956893951931079 ], [ -81.563559112305072, 26.957271952024541 ], [ -81.563533112358485, 26.959351952538807 ], [ -81.563457112519373, 26.965593954082063 ], [ -81.563433112573421, 26.967674954596443 ], [ -81.563410112621241, 26.969531955055565 ], [ -81.563356112736997, 26.974011956162897 ], [ -81.563342112764929, 26.975102956432636 ], [ -81.563320112813074, 26.976959956891619 ], [ -81.563307112838729, 26.977961957139325 ], [ -81.563270112916257, 26.980968957882524 ], [ -81.563259112942561, 26.98197195813044 ], [ -81.563240112981219, 26.983476958502408 ], [ -81.563185113097859, 26.987991959618228 ], [ -81.563167113136856, 26.989497959990391 ], [ -81.563142113190182, 26.991557960499499 ], [ -81.563066113349805, 26.997737962026608 ], [ -81.563042113403455, 26.999798962535859 ], [ -81.563038113410613, 27.000080962605519 ], [ -81.56302811343258, 27.000927962814817 ], [ -81.563025113440062, 27.001210962884763 ], [ -81.56301711345526, 27.001805963031757 ], [ -81.562996113501626, 27.003589963472511 ], [ -81.562989113517162, 27.004185963619797 ], [ -81.562977113541194, 27.005121963851035 ], [ -81.562943113614082, 27.00793296454551 ], [ -81.562932113638453, 27.008869964777034 ], [ -81.562534114254447, 27.033691970910397 ], [ -81.562629114282089, 27.03369297090839 ], [ -81.562627114285846, 27.033839970944722 ], [ -81.56262311432512, 27.035211971283239 ], [ -81.562532114298619, 27.035207971284418 ], [ -81.562496114301396, 27.03565597139573 ], [ -81.562478114314871, 27.036289971552595 ], [ -81.562469114330867, 27.036921971708676 ], [ -81.562479114337137, 27.037033971736076 ], [ -81.562490114343575, 27.037144971763194 ], [ -81.562498114350291, 27.037292971799477 ], [ -81.562506114356964, 27.037440971835814 ], [ -81.562616114404619, 27.037973971964657 ], [ -81.562601114553956, 27.043180973249314 ], [ -81.562535114558059, 27.043967973444964 ], [ -81.56255511459311, 27.0449589736889 ], [ -81.562543114666454, 27.047558974330368 ], [ -81.562535114688458, 27.04838397453403 ], [ -81.562540114693789, 27.048512974565721 ], [ -81.562529114697398, 27.048743974622958 ], [ -81.562524114800695, 27.052288975497238 ], [ -81.562486114882532, 27.055431976273201 ], [ -81.562509114903264, 27.055906976389785 ], [ -81.562520114935282, 27.056880976629671 ], [ -81.562529114969024, 27.057934976889378 ], [ -81.562540115018408, 27.059495977273997 ], [ -81.562509115037031, 27.060430977505305 ], [ -81.562529115109513, 27.062684978060549 ], [ -81.562519115125767, 27.063331978220315 ], [ -81.562509115131036, 27.063608978288837 ], [ -81.56250411517594, 27.065175978675327 ], [ -81.562504115213883, 27.066457978991391 ], [ -81.562509115310291, 27.069666979782372 ], [ -81.562466115304346, 27.069887979837876 ], [ -81.562438115301219, 27.070055979879939 ], [ -81.562396115294135, 27.070228979923598 ], [ -81.562339115285383, 27.070490979989568 ], [ -81.562309115307272, 27.071525980245433 ], [ -81.562422115770431, 27.086053983823778 ], [ -81.562471116056813, 27.095228986083733 ], [ -81.562491116210154, 27.100202987308972 ], [ -81.562510116261819, 27.101757987691673 ], [ -81.562519116339217, 27.104275988311901 ], [ -81.562634116873028, 27.12111799245837 ], [ -81.562658116930166, 27.122804992873359 ], [ -81.562667117004892, 27.125229993470473 ], [ -81.562884118420229, 27.170596004635474 ], [ -81.562949118737933, 27.180596007095058 ], [ -81.562971118926143, 27.186676008590716 ], [ -81.562921119130579, 27.19399201039209 ], [ -81.563072119512157, 27.205271013163351 ], [ -81.56308411951683, 27.205310013172667 ], [ -81.563133119661259, 27.209655014240319 ], [ -81.563109119666095, 27.210048014337545 ], [ -81.562979119686204, 27.211978014815401 ], [ -81.563024119815225, 27.215845015765506 ], [ -81.563056119908666, 27.218649016454346 ], [ -81.563172120250812, 27.228927018979238 ], [ -81.563279120567245, 27.23842902131307 ], [ -81.56333212071668, 27.242887022407849 ], [ -81.563398120904026, 27.248479023781009 ], [ -81.563450121054387, 27.252976024885214 ], [ -81.563468121104947, 27.254482025254976 ], [ -81.563533121297908, 27.260265026674869 ], [ -81.563594121477848, 27.265652027997373 ], [ -81.563657121665514, 27.271273029377234 ], [ -81.563720121852199, 27.276858030748116 ], [ -81.563760122022401, 27.282115032038821 ], [ -81.563857122169523, 27.286058033005233 ], [ -81.563860122261303, 27.289070033745144 ], [ -81.564120122568795, 27.296752035626003 ], [ -81.56400312254209, 27.296992035687779 ], [ -81.563999122556638, 27.297513035815864 ], [ -81.564006122562418, 27.29763603584593 ], [ -81.564003122569886, 27.297911035913543 ], [ -81.564000122577099, 27.298181035979926 ], [ -81.563994122591097, 27.298701036107818 ], [ -81.564067122668064, 27.300547036559465 ], [ -81.56408712272453, 27.302224036970852 ], [ -81.564090122734115, 27.302512037041545 ], [ -81.564122122883234, 27.307136038176495 ], [ -81.564116122889672, 27.307406038242966 ], [ -81.564078122933665, 27.309225038690577 ], [ -81.564075122986935, 27.311015039130286 ], [ -81.564070122997904, 27.311425039231064 ], [ -81.564061123038357, 27.312850039581217 ], [ -81.564052123089681, 27.314632040019038 ], [ -81.564046123129387, 27.316001040355381 ], [ -81.564052123145544, 27.316478040472365 ], [ -81.564046123198622, 27.318289040917261 ], [ -81.56405212325528, 27.320103041362508 ], [ -81.564058123311298, 27.321896041802638 ], [ -81.564052123365556, 27.323745042256789 ], [ -81.564043123405639, 27.325156042603464 ], [ -81.564049123430621, 27.325922042791397 ], [ -81.564040123471656, 27.327363043145404 ], [ -81.564046123526822, 27.3291260435781 ], [ -81.564038123526515, 27.329193043594739 ], [ -81.56403512352783, 27.329265043612477 ], [ -81.564039123581807, 27.331008044040335 ], [ -81.564053123825644, 27.338917045981557 ], [ -81.564066123848278, 27.339540046134218 ], [ -81.564065123881562, 27.340646046405706 ], [ -81.563999123863113, 27.340670046413205 ], [ -81.563984123873851, 27.341166046535314 ], [ -81.563988123893623, 27.341780046685919 ], [ -81.563988123899136, 27.341962046730607 ], [ -81.56398812390421, 27.342129046771621 ], [ -81.563984123925735, 27.342877046955312 ], [ -81.564002124098749, 27.348406048311976 ], [ -81.564016124110267, 27.348653048372274 ], [ -81.563988124385773, 27.357993050665108 ], [ -81.563960124841074, 27.373238054406539 ], [ -81.564089124880581, 27.373307054420319 ], [ -81.564093124898804, 27.373866054557311 ], [ -81.564099124920489, 27.374523054718413 ], [ -81.564105124947972, 27.375369054925773 ], [ -81.564110124965339, 27.375892055053956 ], [ -81.564119125002122, 27.377014055329006 ], [ -81.564129125042641, 27.378251055632234 ], [ -81.56414612511216, 27.380373056152376 ], [ -81.564150125128876, 27.380884056277637 ], [ -81.564157125160037, 27.381841056512279 ], [ -81.564165125221777, 27.383792056990625 ], [ -81.564160125246872, 27.384663057204431 ], [ -81.564152125294598, 27.386308057608112 ], [ -81.564136125378994, 27.389230058325225 ], [ -81.564124125446668, 27.391566058898501 ], [ -81.564122125458695, 27.391980059000058 ], [ -81.56411112551875, 27.394056059509509 ], [ -81.564099125583397, 27.396290060057662 ], [ -81.564093125617518, 27.397467060346532 ], [ -81.564090125630955, 27.397938060462092 ], [ -81.564087125650573, 27.398609060626686 ], [ -81.564074125724346, 27.401151061250395 ], [ -81.564064125778899, 27.403036061712921 ], [ -81.564015126046357, 27.412267063977616 ], [ -81.563999126063351, 27.412976064151849 ], [ -81.564005126120847, 27.41480206459941 ], [ -81.564004126126463, 27.414995064646725 ], [ -81.563793126062819, 27.414918064633 ], [ -81.564003126130174, 27.415126064678883 ], [ -81.564002126136074, 27.415329064728667 ], [ -81.563987126249046, 27.419171065670991 ], [ -81.56396312642029, 27.42500406710154 ], [ -81.563943126547173, 27.429345068166135 ], [ -81.563936126588047, 27.430748068510194 ], [ -81.563935126593393, 27.430932068555336 ], [ -81.563932126616322, 27.431712068746609 ], [ -81.563893126675936, 27.434030069315718 ], [ -81.563888126679117, 27.434181069352814 ], [ -81.563899126808678, 27.4383130703653 ], [ -81.563871127013854, 27.445282072073869 ], [ -81.563859127112408, 27.448615072890899 ], [ -81.563855127151768, 27.449938073215218 ], [ -81.563862127340116, 27.456020074705311 ], [ -81.563766127769668, 27.47093607836193 ], [ -81.563751127986038, 27.478128080123909 ], [ -81.563755127993531, 27.478332080173772 ], [ -81.563724128030415, 27.479828080540987 ], [ -81.563744128098719, 27.481863081038863 ], [ -81.563736128207211, 27.485469081922187 ], [ -81.563735128210212, 27.485576081948452 ], [ -81.563731128278576, 27.487838082502542 ], [ -81.563731128315439, 27.489038082796384 ], [ -81.563724128465566, 27.493989084008962 ], [ -81.563715128652902, 27.500164085521153 ], [ -81.563695129096388, 27.514758089094478 ], [ -81.563695129210245, 27.518454089999189 ], [ -81.563695129296036, 27.521238090680633 ], [ -81.563695129360767, 27.523338091194592 ], [ -81.563694129395216, 27.524465091470464 ], [ -81.563684129586633, 27.53076709301304 ], [ -81.56365112970704, 27.534979094044587 ], [ -81.563620129849284, 27.539878095244145 ], [ -81.563613129982926, 27.544273096319667 ], [ -81.563600130239593, 27.55270209838223 ], [ -81.563606130310973, 27.554955098933245 ], [ -81.563693130468181, 27.559222099974864 ], [ -81.563695130470308, 27.559272099987034 ], [ -81.563682130580233, 27.562949100886797 ], [ -81.563621130588785, 27.563796101095459 ], [ -81.563606130660702, 27.566262101699007 ], [ -81.563608130670119, 27.566548101768912 ], [ -81.563568130779458, 27.570456102725693 ], [ -81.563563130835618, 27.572317103180964 ], [ -81.563560130881456, 27.573824103549583 ], [ -81.563558130892048, 27.574185103637916 ], [ -81.563541130905364, 27.57477510378261 ], [ -81.563541130906515, 27.574812103791675 ], [ -81.563547130956863, 27.576382104175412 ], [ -81.563545130966602, 27.57671510425692 ], [ -81.563542130984828, 27.577332104407915 ], [ -81.563524131090603, 27.580915105284536 ], [ -81.563496131254936, 27.586479106645687 ], [ -81.563487131308904, 27.588304107092124 ], [ -81.563486131327352, 27.588907107239596 ], [ -81.563573131434609, 27.591552107884102 ], [ -81.563573131435362, 27.591576107889974 ], [ -81.563589131716085, 27.600475110065087 ], [ -81.563590131724808, 27.600747110131582 ], [ -81.563590131729612, 27.600902110169432 ], [ -81.563603131768929, 27.602046110448768 ], [ -81.563593131885824, 27.605905111392342 ], [ -81.563467131971734, 27.609848112359199 ], [ -81.563466132098199, 27.613928113356391 ], [ -81.563464132189452, 27.616882114078365 ], [ -81.563464132205027, 27.617383114200774 ], [ -81.563463132210629, 27.617573114247275 ], [ -81.563526132657799, 27.631363117615368 ], [ -81.563528132693449, 27.632488117890187 ], [ -81.563531132779858, 27.63523611856149 ], [ -81.563539133011403, 27.642597120359593 ], [ -81.563536133136836, 27.646650121349733 ], [ -81.563321133074439, 27.64665212135553 ], [ -81.563114133014309, 27.646650121360153 ], [ -81.561232132467282, 27.646628121401285 ], [ -81.55955413197951, 27.646609121438182 ], [ -81.559463131953095, 27.646609121440409 ], [ -81.55569213085785, 27.646597121530665 ], [ -81.555589130827968, 27.646597121533183 ], [ -81.555374130765557, 27.646598121538744 ], [ -81.555161130703738, 27.646598121544027 ], [ -81.554848130612882, 27.646598121551747 ], [ -81.554555130527731, 27.64659612155851 ], [ -81.554427130490524, 27.646595121561429 ], [ -81.551501129640386, 27.646576121629089 ], [ -81.551285129577693, 27.646575121634147 ], [ -81.550682129402574, 27.64657412164884 ], [ -81.550203129263437, 27.646571121659957 ], [ -81.547067128352225, 27.64655112173255 ], [ -81.54518212780458, 27.646539121776151 ], [ -81.544908127725051, 27.646540121783179 ], [ -81.544377127570939, 27.646542121796838 ], [ -81.544106127492086, 27.646537121802261 ], [ -81.543539127327151, 27.64652712181385 ], [ -81.543515127320163, 27.646526121814201 ], [ -81.543178127222319, 27.646526121822536 ], [ -81.541478126728606, 27.646524121864054 ], [ -81.533923124534724, 27.64651812204924 ], [ -81.533359124370904, 27.6465171220629 ], [ -81.532524124128386, 27.646516122083288 ], [ -81.532250124048829, 27.646516122090055 ], [ -81.531988123972766, 27.646516122096532 ], [ -81.53188812394373, 27.646516122098987 ], [ -81.531788123914708, 27.64651612210147 ], [ -81.531719123894689, 27.646516122103201 ], [ -81.531651123874923, 27.646516122104867 ], [ -81.53152012383687, 27.646516122108086 ], [ -81.530862123645804, 27.646515122124111 ], [ -81.530788123624276, 27.646515122125944 ], [ -81.530572123561555, 27.646515122131259 ], [ -81.530335123492705, 27.646514122136878 ], [ -81.529964123382285, 27.646427122124781 ], [ -81.529903123364548, 27.646427122126294 ], [ -81.530831123658714, 27.647220122297171 ], [ -81.531503123873222, 27.64784212243249 ], [ -81.53169512393508, 27.648036122475165 ], [ -81.531830123978622, 27.648176122506023 ], [ -81.532081124059417, 27.648430122561845 ], [ -81.532458124181446, 27.648833122650995 ], [ -81.532678124253238, 27.649088122707916 ], [ -81.532998124358386, 27.649479122795501 ], [ -81.533203124426166, 27.6497441228552 ], [ -81.533300124458478, 27.649877122885304 ], [ -81.5346661249135, 27.651750123309121 ], [ -81.53527012511519, 27.652595123500586 ], [ -81.535904125326454, 27.653465123697455 ], [ -81.536195125423575, 27.653869123788972 ], [ -81.536620125565378, 27.654461123923078 ], [ -81.539091126389152, 27.657869124694493 ], [ -81.539367126480855, 27.658240124778271 ], [ -81.539734126602823, 27.658733124889633 ], [ -81.540280126785063, 27.659493125061765 ], [ -81.54126212711293, 27.660863125372135 ], [ -81.541432127169656, 27.661100125425794 ], [ -81.541571127216088, 27.661294125469752 ], [ -81.541622127233126, 27.661364125485587 ], [ -81.54233412747034, 27.662342125706825 ], [ -81.544419128165842, 27.665229126360408 ], [ -81.544964128347246, 27.66597112652812 ], [ -81.54625212877697, 27.667757126932422 ], [ -81.546893128990334, 27.668629127129527 ], [ -81.547377129151812, 27.669301127281607 ], [ -81.547609129229215, 27.669622127354298 ], [ -81.548319129466748, 27.670627127582119 ], [ -81.548982129687616, 27.671536127787704 ], [ -81.55034313014167, 27.673420128214044 ], [ -81.551627130569315, 27.675176128611053 ], [ -81.552787130956773, 27.676798128978355 ], [ -81.553238131106454, 27.677398129113726 ], [ -81.553431131171209, 27.677676129176781 ], [ -81.553608131230561, 27.677931129234736 ], [ -81.553628131237289, 27.677960129241288 ], [ -81.553646131243298, 27.677985129246959 ], [ -81.553659131247656, 27.678004129251271 ], [ -81.553787131290605, 27.678189129293248 ], [ -81.553926131337221, 27.678390129338887 ], [ -81.554569131551091, 27.679258129534922 ], [ -81.555643131908752, 27.680725129866488 ], [ -81.556267132117014, 27.681592130062668 ], [ -81.557581132554958, 27.683398130471069 ], [ -81.557677132587358, 27.683541130503581 ], [ -81.557738132607838, 27.683631130524038 ], [ -81.557916132666861, 27.683866130576977 ], [ -81.559588133223627, 27.686145131091976 ], [ -81.559767133283444, 27.686398131149272 ], [ -81.559884133322683, 27.68656513118713 ], [ -81.559982133355462, 27.686704131218622 ], [ -81.560145133410032, 27.686936131271253 ], [ -81.562205134096743, 27.689768131911514 ], [ -81.562629134238833, 27.690374132048881 ], [ -81.562722134270317, 27.690518132081763 ], [ -81.562830134306637, 27.690677132117887 ], [ -81.563219134439152, 27.691303132261059 ], [ -81.563315134472475, 27.691478132301356 ], [ -81.563326134476299, 27.691497132305717 ], [ -81.563409134505008, 27.691645132339826 ], [ -81.563671134596618, 27.692141132454402 ], [ -81.563710134610233, 27.692214132471232 ], [ -81.563776134633713, 27.692352132503277 ], [ -81.563846134658974, 27.692510132540097 ], [ -81.5638821346718, 27.692587132558035 ], [ -81.563957134698597, 27.692746132594973 ], [ -81.564145134766946, 27.693187132697947 ], [ -81.564337134838155, 27.693682132813997 ], [ -81.564450134881042, 27.694004132889823 ], [ -81.564600134939383, 27.694476133001327 ], [ -81.564733134992878, 27.694951133113953 ], [ -81.564849135041527, 27.695430133227969 ], [ -81.564918135071991, 27.695763133307551 ], [ -81.565007135113547, 27.696265133427854 ], [ -81.565080135150453, 27.696768133548794 ], [ -81.565131135180295, 27.697247133664476 ], [ -81.565168135208822, 27.697816133802423 ], [ -81.565185135231616, 27.698385133940839 ], [ -81.565181135245439, 27.698864134057906 ], [ -81.565162135253928, 27.699312134167652 ], [ -81.565111135261233, 27.700017134341032 ], [ -81.565068135260347, 27.700388134432608 ], [ -81.565011135255332, 27.700757134524103 ], [ -81.564944135246222, 27.701088134606515 ], [ -81.564908135240614, 27.701241134644764 ], [ -81.564884135237563, 27.701366134675894 ], [ -81.564881135237144, 27.701380134679347 ], [ -81.564856135233171, 27.701485134705589 ], [ -81.564742135214914, 27.701960134824358 ], [ -81.564599135190591, 27.702509134961854 ], [ -81.564516135175168, 27.702786135031563 ], [ -81.564377135147737, 27.703199135135787 ], [ -81.564228135116736, 27.703590135234872 ], [ -81.564171135104303, 27.70372213526851 ], [ -81.564150135099808, 27.703773135281512 ], [ -81.564108135090748, 27.703873135306932 ], [ -81.564066135081731, 27.703975135332893 ], [ -81.563941135054222, 27.70425413540406 ], [ -81.563695134998781, 27.704764135534646 ], [ -81.563343134918043, 27.705451135711019 ], [ -81.562810134795015, 27.706462135970963 ], [ -81.562916134833159, 27.706698136025903 ], [ -81.562002134623043, 27.708461136478864 ], [ -81.561735134563421, 27.709032136624806 ], [ -81.561613134536756, 27.709313136696423 ], [ -81.561502134513489, 27.709597136768462 ], [ -81.56144413450177, 27.709761136809949 ], [ -81.561400134492857, 27.70988513684129 ], [ -81.561309134475536, 27.710175136914302 ], [ -81.561164134450308, 27.710712137048965 ], [ -81.561081134437771, 27.711082137141279 ], [ -81.561013134429714, 27.711455137233997 ], [ -81.560968134426105, 27.711756137308544 ], [ -81.560935134423474, 27.711979137363802 ], [ -81.560893134424248, 27.712393137465842 ], [ -81.56087713442831, 27.71267013753388 ], [ -81.560869134447273, 27.713350137699987 ], [ -81.560880134463133, 27.713753137798051 ], [ -81.560893134473446, 27.713962137848711 ], [ -81.560923134492469, 27.714290137928021 ], [ -81.560995134531026, 27.71485413806386 ], [ -81.561044134555587, 27.715184138143126 ], [ -81.561143134599575, 27.715669138259049 ], [ -81.561260134648151, 27.716135138369857 ], [ -81.561351134684273, 27.716444138442935 ], [ -81.561453134723408, 27.716749138514864 ], [ -81.561614134783611, 27.717177138615291 ], [ -81.561784134845681, 27.71758313871014 ], [ -81.561907134889793, 27.71785013877221 ], [ -81.5621071349602, 27.718245138863605 ], [ -81.562319135034016, 27.718634138953295 ], [ -81.562547135112126, 27.719015139040586 ], [ -81.562793135195264, 27.719388139125456 ], [ -81.562922135238367, 27.719568139166164 ], [ -81.56296713525343, 27.719631139180422 ], [ -81.563396135397568, 27.720256139322291 ], [ -81.565868136226072, 27.723788140122565 ], [ -81.566897136570503, 27.725242140451687 ], [ -81.567386136734754, 27.725952140612772 ], [ -81.567660136826532, 27.726342140701078 ], [ -81.569229137352195, 27.728576141207046 ], [ -81.569343137390476, 27.728741141244491 ], [ -81.569436137421675, 27.72887514127483 ], [ -81.571170138003183, 27.731361141838139 ], [ -81.571644138161261, 27.732013141985419 ], [ -81.572093138312098, 27.732665142133271 ], [ -81.572663138503955, 27.733505142323981 ], [ -81.572751138533619, 27.733636142353745 ], [ -81.572973138598158, 27.733638142348717 ], [ -81.573789138835338, 27.733647142330597 ], [ -81.574256138970767, 27.733642142317777 ], [ -81.574591139068119, 27.73364514231017 ], [ -81.576143139519758, 27.733678142279651 ], [ -81.577534139923415, 27.733672142243613 ], [ -81.578808140292779, 27.733657142208262 ], [ -81.581821141167325, 27.733651142131865 ], [ -81.582023141225974, 27.733651142126853 ], [ -81.58204814123323, 27.733651142126231 ], [ -81.582054141235588, 27.733671142130966 ], [ -81.582268141304837, 27.733897142180787 ], [ -81.582309141317992, 27.733936142189211 ], [ -81.582552141396704, 27.734198142247092 ], [ -81.58602714252099, 27.737872143056681 ], [ -81.586412142645685, 27.73828314314731 ], [ -81.587720143068708, 27.739661143450853 ], [ -81.588177143216697, 27.74014914355844 ], [ -81.588380143282251, 27.740360143604885 ], [ -81.588611143357184, 27.740609143659849 ], [ -81.588910143453901, 27.740925143729466 ], [ -81.592050144469766, 27.744244144460634 ], [ -81.592310144554091, 27.744525144522683 ], [ -81.592348144566444, 27.744566144531699 ], [ -81.592515144620535, 27.744745144571198 ], [ -81.592732144691141, 27.744987144624812 ], [ -81.592946144761015, 27.74523314467946 ], [ -81.593235144855896, 27.745583144757649 ], [ -81.593512144947169, 27.745929144835106 ], [ -81.593702145010141, 27.746176144890587 ], [ -81.594002145110011, 27.74658314498237 ], [ -81.594599145310582, 27.747449145178599 ], [ -81.597156146171827, 27.751232146037271 ], [ -81.597511146291495, 27.751759146156957 ], [ -81.597330146238988, 27.75176114616194 ], [ -81.588982143816864, 27.751802146379831 ], [ -81.589016143941336, 27.755443147266703 ], [ -81.588576143813569, 27.755443147277656 ], [ -81.588297143732632, 27.755444147284862 ], [ -81.58803314365602, 27.755445147291674 ], [ -81.588057143664074, 27.755480147299586 ], [ -81.588721143886673, 27.7564291475144 ], [ -81.589115144018464, 27.756981147639184 ], [ -81.589478144140585, 27.757513147759784 ], [ -81.589861144268809, 27.758054147882184 ], [ -81.590029144325314, 27.758299147937695 ], [ -81.590148144365244, 27.758471147976682 ], [ -81.590515144487966, 27.758985148092833 ], [ -81.590646144531874, 27.759171148134914 ], [ -81.590467144482616, 27.759257148160355 ], [ -81.59050514449531, 27.759309148172051 ], [ -81.59076214458166, 27.759683148256848 ], [ -81.591026144670366, 27.760066148343665 ], [ -81.591231144738728, 27.760347148407011 ], [ -81.591692144893059, 27.760999148554458 ], [ -81.591846144944995, 27.761228148606431 ], [ -81.592741145245128, 27.762508148896163 ], [ -81.593380145458994, 27.763409149099871 ], [ -81.594050145683781, 27.764370149317418 ], [ -81.594137145713049, 27.764497149346226 ], [ -81.594286145763093, 27.764712149394899 ], [ -81.594486145830174, 27.764998149459654 ], [ -81.594981145997593, 27.76575114963082 ], [ -81.5951771460646, 27.766073149704457 ], [ -81.595591146209074, 27.766843149881808 ], [ -81.595953146338985, 27.767631150064865 ], [ -81.596119146399616, 27.768027150157192 ], [ -81.596286146462177, 27.768472150261506 ], [ -81.59636214649133, 27.768698150314702 ], [ -81.596424146515176, 27.768883150358231 ], [ -81.596559146568097, 27.769319150461172 ], [ -81.596658146608519, 27.769690150549099 ], [ -81.596813146674478, 27.770355150707335 ], [ -81.596920146722354, 27.770888150834576 ], [ -81.596962146742712, 27.771147150896642 ], [ -81.597031146780537, 27.771712151032613 ], [ -81.597066146803826, 27.772129151133406 ], [ -81.597069146805666, 27.772160151140856 ], [ -81.59709514682919, 27.772667151263811 ], [ -81.597114146871917, 27.773847151550886 ], [ -81.597116146880779, 27.774110151614948 ], [ -81.597124146912051, 27.775027151838188 ], [ -81.594594146177442, 27.775023151900331 ], [ -81.594062146022011, 27.774991151905841 ], [ -81.593914145976413, 27.774908151889267 ], [ -81.593204145762272, 27.774653151844863 ], [ -81.593326145790869, 27.774438151789397 ], [ -81.5934691458245, 27.774188151724886 ], [ -81.593673145872458, 27.773831151632802 ], [ -81.593846145913147, 27.773528151554647 ], [ -81.593964145940873, 27.773321151501285 ], [ -81.594137145981563, 27.773018151423081 ], [ -81.594770146152712, 27.772618151309786 ], [ -81.594926146188286, 27.77230915123064 ], [ -81.594279145924915, 27.769914150662995 ], [ -81.594074145841518, 27.769155150483169 ], [ -81.59385614576955, 27.768879150421302 ], [ -81.593168145548631, 27.768207150274645 ], [ -81.592803145431617, 27.767856150198234 ], [ -81.592583145344292, 27.767112150022371 ], [ -81.592250145242232, 27.766941149988959 ], [ -81.591896145112742, 27.766092149790904 ], [ -81.591230144915002, 27.765953149773559 ], [ -81.590891144798704, 27.765385149643571 ], [ -81.590372144635111, 27.764975149556584 ], [ -81.59001914452277, 27.764662149489087 ], [ -81.586736143529109, 27.763375149257186 ], [ -81.586228143387459, 27.763559149314695 ], [ -81.586030143332096, 27.763626149335963 ], [ -81.585209143108045, 27.764080149467091 ], [ -81.584276142867751, 27.765052149727275 ], [ -81.584180142846591, 27.765264149781355 ], [ -81.583261142595717, 27.765770149927615 ], [ -81.582247142313221, 27.766148150045023 ], [ -81.581555142116585, 27.766284150095444 ], [ -81.581181141994975, 27.765869150003603 ], [ -81.580939141915934, 27.76559114994183 ], [ -81.580671141833818, 27.765454149915133 ], [ -81.580415141758664, 27.765427149914924 ], [ -81.58017214168612, 27.765364149905615 ], [ -81.579808141574262, 27.765168149866902 ], [ -81.579157141368199, 27.764626149750999 ], [ -81.578793141252248, 27.76430014968064 ], [ -81.578587141188976, 27.764192149659426 ], [ -81.578310141103998, 27.764046149630744 ], [ -81.5780651410291, 27.76392714960782 ], [ -81.577793140946198, 27.763802149584158 ], [ -81.577230140775271, 27.763565149540373 ], [ -81.576964140695864, 27.763496149530177 ], [ -81.576532140565305, 27.763333149501225 ], [ -81.576213140471836, 27.763305149502362 ], [ -81.575567140281422, 27.763215149496535 ], [ -81.575339140212847, 27.763140149483895 ], [ -81.574464139956135, 27.763055149484998 ], [ -81.574027139828956, 27.763045149493433 ], [ -81.573792139759988, 27.763022149493647 ], [ -81.573725139742152, 27.763074149507986 ], [ -81.573721139742929, 27.763135149522984 ], [ -81.573620139719807, 27.763331149573315 ], [ -81.57341813966184, 27.763353149583704 ], [ -81.573311139629951, 27.763327149580054 ], [ -81.573241139608257, 27.763283149571038 ], [ -81.573143139575478, 27.763145149539856 ], [ -81.573089139558803, 27.763115149533846 ], [ -81.572688139443386, 27.763147149551681 ], [ -81.572216139307017, 27.763169149568807 ], [ -81.571880139211487, 27.763233149592786 ], [ -81.571781139183713, 27.763263149602547 ], [ -81.57123413902417, 27.763239149610328 ], [ -81.570931138945269, 27.763529149688598 ], [ -81.570850138922836, 27.763562149698625 ], [ -81.57063613886065, 27.763562149703969 ], [ -81.570239138749614, 27.763695149746273 ], [ -81.570012138689123, 27.763867149793885 ], [ -81.569804138635376, 27.76407914985074 ], [ -81.569683138605896, 27.764258149897387 ], [ -81.569406138530397, 27.764414149942315 ], [ -81.569217138475111, 27.764402149944086 ], [ -81.568991138407711, 27.76434514993586 ], [ -81.568790138348959, 27.764333149937897 ], [ -81.568601138296202, 27.764400149958952 ], [ -81.56841213824589, 27.764545149999066 ], [ -81.568065138154623, 27.764846150081055 ], [ -81.567712138056649, 27.764990150125008 ], [ -81.567510138003257, 27.765157150170715 ], [ -81.567509138014628, 27.76552715026093 ], [ -81.567507138026684, 27.765929150358978 ], [ -81.567393138004178, 27.76626515044374 ], [ -81.567479138040426, 27.766623150528893 ], [ -81.567503138060104, 27.767026150626538 ], [ -81.56766513811418, 27.767250150677093 ], [ -81.567903138195661, 27.767642150766733 ], [ -81.567951138225823, 27.768157150891078 ], [ -81.568049138272571, 27.768739151030513 ], [ -81.568109138295341, 27.768908151070253 ], [ -81.568085138298713, 27.769236151150782 ], [ -81.567946138266933, 27.769508151220531 ], [ -81.567860138248619, 27.769720151274409 ], [ -81.567891138261501, 27.769843151303597 ], [ -81.568150138345501, 27.770122151365193 ], [ -81.568311138397661, 27.770294151403061 ], [ -81.568440138441176, 27.770486151446683 ], [ -81.568655138508944, 27.770657151482979 ], [ -81.568683138518495, 27.770702151493246 ], [ -81.568769138547665, 27.770835151523531 ], [ -81.568761138547501, 27.770903151540299 ], [ -81.568745138546944, 27.771033151572404 ], [ -81.568905138602446, 27.771320151638395 ], [ -81.569168138691097, 27.771710151726893 ], [ -81.569283138725794, 27.771751151734041 ], [ -81.569425138765922, 27.771717151722164 ], [ -81.569644138833866, 27.771855151750341 ], [ -81.569674138847361, 27.772005151786189 ], [ -81.569604138831693, 27.772155151824503 ], [ -81.569604138835572, 27.772278151854479 ], [ -81.569787138894796, 27.772469151896491 ], [ -81.569963138948893, 27.772566151915729 ], [ -81.570185139018093, 27.772716151946781 ], [ -81.570292139053251, 27.772846151975791 ], [ -81.570414139091696, 27.772942151996158 ], [ -81.57061413915001, 27.772950151993111 ], [ -81.570820139215428, 27.773128152031358 ], [ -81.570920139247733, 27.773231152053977 ], [ -81.571027139280943, 27.77329915206791 ], [ -81.571203139332681, 27.773320152068642 ], [ -81.571425139400844, 27.77343715209161 ], [ -81.571724139496553, 27.773718152152632 ], [ -81.572394139703079, 27.774100152229025 ], [ -81.572574139759396, 27.774229152255998 ], [ -81.572791139823622, 27.774266152259642 ], [ -81.572961139876227, 27.774368152280221 ], [ -81.573063139909721, 27.774492152307914 ], [ -81.573139139931854, 27.774496152307012 ], [ -81.573244139962554, 27.774502152305828 ], [ -81.573533140045498, 27.774471152291099 ], [ -81.573688140091079, 27.774489152291565 ], [ -81.573925140161791, 27.774550152300534 ], [ -81.57441714030513, 27.774566152292177 ], [ -81.574652140373558, 27.774570152287293 ], [ -81.575018140479415, 27.774558152275276 ], [ -81.575348140573951, 27.774517152257033 ], [ -81.575719140679951, 27.774464152234827 ], [ -81.576252140831457, 27.774360152196223 ], [ -81.576432140883156, 27.774342152187348 ], [ -81.576608140931469, 27.774255152161725 ], [ -81.576926141020977, 27.774164152131622 ], [ -81.577168141089487, 27.774110152112453 ], [ -81.577427141162431, 27.774037152088155 ], [ -81.577747141253198, 27.773970152063846 ], [ -81.577943141307088, 27.773874152035582 ], [ -81.578104141348788, 27.773714151992582 ], [ -81.578285141398595, 27.773627151966846 ], [ -81.578466141443499, 27.773384151903073 ], [ -81.57857214147144, 27.77329415187851 ], [ -81.578946141567343, 27.772893151771481 ], [ -81.57929214166974, 27.772953151777443 ], [ -81.579563141754122, 27.773134151814773 ], [ -81.58010114191147, 27.773170151810184 ], [ -81.580376141996865, 27.77334715184648 ], [ -81.580731142104909, 27.773505151876122 ], [ -81.58086414214722, 27.773621151901072 ], [ -81.580788142145963, 27.774283152064321 ], [ -81.580810142206147, 27.775989152479578 ], [ -81.58071814218026, 27.776015152488217 ], [ -81.580325142066158, 27.776014152497755 ], [ -81.579982141977482, 27.776362152591162 ], [ -81.579930141972937, 27.776696152673868 ], [ -81.579656141894347, 27.77672615268802 ], [ -81.579281141778708, 27.776512152645164 ], [ -81.579108141712965, 27.776019152529326 ], [ -81.578891141638152, 27.775645152443612 ], [ -81.578756141589338, 27.775340152372614 ], [ -81.578466141500826, 27.775203152346474 ], [ -81.578124141402469, 27.775232152362033 ], [ -81.578004141375715, 27.775490152427938 ], [ -81.577883141345382, 27.775642152468041 ], [ -81.577593141257779, 27.775534152448937 ], [ -81.577372141186885, 27.775321152402512 ], [ -81.577149141127933, 27.775503152452465 ], [ -81.577012141096247, 27.775761152518736 ], [ -81.576943141080974, 27.775912152557261 ], [ -81.576686141006377, 27.775912152563684 ], [ -81.576516140953117, 27.775789152537918 ], [ -81.576107140826679, 27.775545152488636 ], [ -81.575697140710517, 27.775635152520795 ], [ -81.574654140407574, 27.775632152546091 ], [ -81.574091140238792, 27.775463152518974 ], [ -81.573493140063164, 27.775400152518518 ], [ -81.572930139894353, 27.775231152491337 ], [ -81.572520139774838, 27.775215152497701 ], [ -81.572181139675635, 27.775191152500302 ], [ -81.572075139644312, 27.775174152498796 ], [ -81.571531139472711, 27.774741152406833 ], [ -81.571139139355054, 27.774618152386601 ], [ -81.570608139207039, 27.774814152447618 ], [ -81.569879139019505, 27.775579152652277 ], [ -81.569056138812101, 27.776581152917004 ], [ -81.569023138808205, 27.776760152961465 ], [ -81.568973138802136, 27.777030153028534 ], [ -81.568950138799551, 27.777160153060791 ], [ -81.568965138808437, 27.77730315309525 ], [ -81.56349913722282, 27.77735115324332 ], [ -81.555332134856656, 27.777520153488155 ], [ -81.555295134845949, 27.777520153489071 ], [ -81.555291134850819, 27.777711153535765 ], [ -81.555278134845693, 27.777669153525853 ], [ -81.555260134839045, 27.777624153515333 ], [ -81.555220134826271, 27.777586153507052 ], [ -81.555126134797405, 27.777538153497691 ], [ -81.554784134698338, 27.777545153507898 ], [ -81.55402613447842, 27.777552153528571 ], [ -81.553348134281961, 27.777565153548597 ], [ -81.552712134097916, 27.777585153569337 ], [ -81.55201813389651, 27.777589153587599 ], [ -81.551214133663606, 27.777606153611824 ], [ -81.551207133675021, 27.778034153716323 ], [ -81.551206133692105, 27.778585153850635 ], [ -81.551216133766189, 27.780842154400624 ], [ -81.551209133779295, 27.781323154518006 ], [ -81.551211133800038, 27.781963154673953 ], [ -81.551234133894127, 27.784734155348858 ], [ -81.551233133897256, 27.784842155375149 ], [ -81.551231133908487, 27.78521715546664 ], [ -81.551242133931936, 27.785858155622577 ], [ -81.551252133969157, 27.786947155887805 ], [ -81.551250133986116, 27.787503156023369 ], [ -81.551256134005854, 27.788074156162391 ], [ -81.551251134020859, 27.788595156289485 ], [ -81.551254134038473, 27.78912615641886 ], [ -81.551250134055621, 27.789706156560282 ], [ -81.551252134071447, 27.790189156677975 ], [ -81.551253134078863, 27.790415156733015 ], [ -81.555331135260872, 27.790345156614169 ], [ -81.555331135260204, 27.790324156609074 ], [ -81.55533113525594, 27.790189156576172 ], [ -81.555332135132332, 27.786263155619245 ], [ -81.555428135160312, 27.786264155617097 ], [ -81.558558136069522, 27.786274155541467 ], [ -81.559126136266968, 27.787305155778586 ], [ -81.559536136409491, 27.788049155949693 ], [ -81.560293136672655, 27.789423156265649 ], [ -81.560609136786823, 27.790133156430766 ], [ -81.560011136615032, 27.790192156460094 ], [ -81.559475136461117, 27.79024515648636 ], [ -81.559557136529293, 27.791652156827254 ], [ -81.559561136532494, 27.791717156842996 ], [ -81.559597136542649, 27.791707156839621 ], [ -81.56031313674427, 27.791507156773008 ], [ -81.560566136815495, 27.791437156749641 ], [ -81.560773136873763, 27.791379156730379 ], [ -81.56067213684689, 27.791456156751636 ], [ -81.560456136789355, 27.791621156797223 ], [ -81.559876136634884, 27.792063156919436 ], [ -81.559801136614936, 27.792120156935223 ], [ -81.559769136605937, 27.792129156938184 ], [ -81.5596731365804, 27.792205156959067 ], [ -81.559691136587261, 27.792256156971103 ], [ -81.559775136619749, 27.792512157031375 ], [ -81.560053136712483, 27.792893157117291 ], [ -81.560307136790257, 27.79302115714216 ], [ -81.561521137143245, 27.793035157115234 ], [ -81.56152013722, 27.795476157710144 ], [ -81.561519137222746, 27.795572157733552 ], [ -81.561413137195032, 27.795668157759568 ], [ -81.561303137166206, 27.795767157786472 ], [ -81.561257137154186, 27.795809157797809 ], [ -81.561205137140547, 27.795856157810615 ], [ -81.561095137111664, 27.795954157837222 ], [ -81.561010137089468, 27.796031157858085 ], [ -81.560972137080185, 27.796087157872723 ], [ -81.560877137057005, 27.796226157908933 ], [ -81.56082513704915, 27.796457157966508 ], [ -81.560816137050196, 27.796572157994763 ], [ -81.560762137057495, 27.797299158173292 ], [ -81.560316136939647, 27.797669158274573 ], [ -81.560203136916201, 27.797966158349766 ], [ -81.560209136949936, 27.798979158596435 ], [ -81.560214136978885, 27.799850158808589 ], [ -81.560224137030531, 27.801392159184047 ], [ -81.560225137039964, 27.801681159254439 ], [ -81.560498137151285, 27.802696159494946 ], [ -81.560885137312624, 27.804246159862945 ], [ -81.560885137314401, 27.804302159876638 ], [ -81.560885137319787, 27.804473159918256 ], [ -81.560705137285666, 27.805047160062632 ], [ -81.559058136847113, 27.806303160409826 ], [ -81.555672135866558, 27.806388160515105 ], [ -81.555670135844906, 27.805721160352679 ], [ -81.555320135744864, 27.805772160373834 ], [ -81.555300135740339, 27.805813160384314 ], [ -81.555318135746475, 27.805841160390685 ], [ -81.55533713575285, 27.805869160397016 ], [ -81.555344135755519, 27.805889160401712 ], [ -81.555369135778847, 27.80639816052512 ], [ -81.555385135785755, 27.806469160542015 ], [ -81.555415135796594, 27.806537160557845 ], [ -81.555346135776631, 27.806539160560053 ], [ -81.551193134576323, 27.806719160707683 ], [ -81.549403134057584, 27.80675416076096 ], [ -81.549405134043809, 27.806300160650249 ], [ -81.54920513398767, 27.806362160670343 ], [ -81.548866133892574, 27.806468160704668 ], [ -81.548697133845735, 27.806537160725703 ], [ -81.548205133710965, 27.806795160800828 ], [ -81.548135133691574, 27.806824160809672 ], [ -81.548061133670799, 27.806846160816882 ], [ -81.547985133649163, 27.806861160822411 ], [ -81.547869133615777, 27.806870160827536 ], [ -81.547815133600011, 27.806867160828162 ], [ -81.547162133410438, 27.806869160844951 ], [ -81.547150133408095, 27.806906160854243 ], [ -81.5471531334302, 27.807578161017911 ], [ -81.547161133444249, 27.807948161107884 ], [ -81.547178133451794, 27.808032161127912 ], [ -81.547169133451163, 27.808094161143245 ], [ -81.547190133471503, 27.808545161252606 ], [ -81.547186133478249, 27.808794161313386 ], [ -81.547200133490534, 27.809056161376901 ], [ -81.547188133487751, 27.809077161382312 ], [ -81.547200133522253, 27.81005916162124 ], [ -81.54722213354421, 27.810551161740573 ], [ -81.547223133545373, 27.810579161747363 ], [ -81.547233133555025, 27.810792161799029 ], [ -81.547238133559958, 27.810902161825712 ], [ -81.547227133561023, 27.811036161858656 ], [ -81.547245133574322, 27.811293161920791 ], [ -81.547239133582039, 27.811591161993519 ], [ -81.547257133601633, 27.812046162103989 ], [ -81.54727013361601, 27.812382162185532 ], [ -81.54729613363827, 27.812846162297912 ], [ -81.547334133686931, 27.814038162587373 ], [ -81.547355133697735, 27.814186162622917 ], [ -81.547350133700306, 27.81431216265371 ], [ -81.547381133736891, 27.815186162865899 ], [ -81.547402133757558, 27.815646162977472 ], [ -81.547416133776281, 27.816109163089884 ], [ -81.547434133799328, 27.816672163226595 ], [ -81.547447133828172, 27.817466163419692 ], [ -81.547483133864276, 27.818276163616144 ], [ -81.547518133906237, 27.819282163860354 ], [ -81.547559133947445, 27.820208164084914 ], [ -81.547602133984483, 27.820984164272925 ], [ -81.54761613398918, 27.821003164277133 ], [ -81.545279133310714, 27.821011164337559 ], [ -81.544679133136867, 27.821024164355713 ], [ -81.543673132845882, 27.82106016438966 ], [ -81.543399132766368, 27.821064164397473 ], [ -81.543348132751689, 27.821067164399469 ], [ -81.542619132539741, 27.821060164416007 ], [ -81.541894132329716, 27.82107616443804 ], [ -81.541767132292904, 27.821079164441958 ], [ -81.541114132103516, 27.82108716446022 ], [ -81.540227131845583, 27.821076164479756 ], [ -81.53935013158943, 27.821031164490698 ], [ -81.53872313140711, 27.821024164504653 ], [ -81.537855131155112, 27.821028164527366 ], [ -81.537298130994515, 27.821065164550269 ], [ -81.537230130974962, 27.821072164553719 ], [ -81.535256130402104, 27.821085164606213 ], [ -81.535242130396497, 27.821037164594866 ], [ -81.535245130395055, 27.820964164577035 ], [ -81.535237130388381, 27.820826164543615 ], [ -81.535233130381826, 27.820655164502035 ], [ -81.535232130364221, 27.820108164368833 ], [ -81.535206130339446, 27.819562164236398 ], [ -81.535196130331556, 27.819406164198696 ], [ -81.533164129741479, 27.819408164249975 ], [ -81.533164129740911, 27.819391164245811 ], [ -81.532894129662594, 27.819394164253293 ], [ -81.532691129603663, 27.819395164258626 ], [ -81.531081129136425, 27.819408164302036 ], [ -81.531082129138667, 27.819469164316857 ], [ -81.531084129141817, 27.819551164336811 ], [ -81.531087129144154, 27.819596164347715 ], [ -81.529053128553372, 27.81959616439854 ], [ -81.527000127957066, 27.819596164449859 ], [ -81.527031128012041, 27.821050164803385 ], [ -81.526069127732825, 27.821055164828632 ], [ -81.524522127283504, 27.821056164867553 ], [ -81.523237126910146, 27.821052164898706 ], [ -81.523114126874233, 27.82104716490052 ], [ -81.523069126861003, 27.821042164900447 ], [ -81.523026126847981, 27.821024164897132 ], [ -81.522988126836182, 27.821000164892229 ], [ -81.522967126829428, 27.820979164887628 ], [ -81.522943126821318, 27.82094416487973 ], [ -81.522927126815432, 27.820905164870634 ], [ -81.522922126812702, 27.820864164860762 ], [ -81.522928126805127, 27.820570164788968 ], [ -81.522918126794153, 27.820314164726863 ], [ -81.522908126774368, 27.819781164597241 ], [ -81.522911126757847, 27.819231164463147 ], [ -81.522894126728417, 27.818456164274721 ], [ -81.522882126703664, 27.81778416411127 ], [ -81.526954127886881, 27.817799164013163 ], [ -81.526900127812894, 27.815954163564943 ], [ -81.526932127804315, 27.815390163426724 ], [ -81.522861126620768, 27.815355163519968 ], [ -81.522861126612355, 27.815089163455152 ], [ -81.522854126601644, 27.814814163388327 ], [ -81.522850126591806, 27.814539163321353 ], [ -81.522858126581411, 27.814137163223187 ], [ -81.522858126580289, 27.814102163214692 ], [ -81.522786126559367, 27.814101163216264 ], [ -81.521401126156931, 27.814097163249901 ], [ -81.517378124987758, 27.814076163345309 ], [ -81.517329124973429, 27.814073163345807 ], [ -81.516186124641393, 27.814073163374367 ], [ -81.515197124353918, 27.814066163397342 ], [ -81.514569124171203, 27.814057163410855 ], [ -81.514019124011696, 27.814064163426277 ], [ -81.510536123000051, 27.814068163514268 ], [ -81.508601122438463, 27.814084163566541 ], [ -81.507156122018714, 27.814084163602637 ], [ -81.506948121957976, 27.814075163605665 ], [ -81.50674212189719, 27.81404516360346 ], [ -81.506607121856987, 27.814014163599307 ], [ -81.506475121817374, 27.813974163592835 ], [ -81.506280121758039, 27.813888163576735 ], [ -81.506094121700812, 27.813786163556561 ], [ -81.505919121646286, 27.813670163532667 ], [ -81.505863121628664, 27.813628163523823 ], [ -81.505529121522528, 27.813340163461952 ], [ -81.505044121367177, 27.812881163362249 ], [ -81.504947121335917, 27.812783163340757 ], [ -81.504780121282437, 27.812627163306896 ], [ -81.504389121156905, 27.812248163224332 ], [ -81.503031120722142, 27.810975162947972 ], [ -81.502027120400228, 27.810016162739302 ], [ -81.501878120352771, 27.809884162710894 ], [ -81.501739120307903, 27.809742162679722 ], [ -81.501613120266612, 27.809593162646575 ], [ -81.501498120228206, 27.809436162611185 ], [ -81.501397120193701, 27.809272162573706 ], [ -81.501234120136488, 27.80895916250153 ], [ -81.501056120073983, 27.808617162422586 ], [ -81.500887120014639, 27.808293162347844 ], [ -81.500491119876628, 27.807565162180303 ], [ -81.500089119737311, 27.806852162016547 ], [ -81.499979119700939, 27.806712161985168 ], [ -81.499607119593094, 27.806720161996381 ], [ -81.499440119544403, 27.806714161999093 ], [ -81.499036119426947, 27.806711162008472 ], [ -81.498487119266997, 27.806696162018515 ], [ -81.497979119119023, 27.806684162028237 ], [ -81.49738411894613, 27.806682162042605 ], [ -81.496947118819648, 27.806697162057205 ], [ -81.496919118811931, 27.806710162061098 ], [ -81.496387118658149, 27.806735162080461 ], [ -81.495850118503796, 27.806787162106541 ], [ -81.495538118413691, 27.806803162118246 ], [ -81.495148118300406, 27.806805162128459 ], [ -81.494845118211941, 27.806790162132341 ], [ -81.494644118152877, 27.806769162132234 ], [ -81.494445118094106, 27.806739162129926 ], [ -81.494247118035304, 27.806699162125113 ], [ -81.493827117912588, 27.806676162129996 ], [ -81.492459117514741, 27.806662162160702 ], [ -81.490510116947533, 27.806632162202071 ], [ -81.489934116779537, 27.806610162211079 ], [ -81.489852116755614, 27.806607162212405 ], [ -81.48917411655826, 27.806595162226429 ], [ -81.487946116201229, 27.806587162255109 ], [ -81.487892116184881, 27.806566162251325 ], [ -81.487661116118389, 27.806585162261744 ], [ -81.485149115389021, 27.806599162327878 ], [ -81.477289113105485, 27.806602162524829 ], [ -81.474350112251116, 27.806587162594514 ], [ -81.473559112021434, 27.806593162615709 ], [ -81.472866111820338, 27.806599162634523 ], [ -81.468554110566188, 27.806560162732609 ], [ -81.449049104896957, 27.806513163207942 ], [ -81.449054104927541, 27.807436163432879 ], [ -81.449044104930451, 27.807620163477971 ], [ -81.449022104929824, 27.807803163523133 ], [ -81.448988104925675, 27.807985163568368 ], [ -81.448941104917679, 27.808164163613185 ], [ -81.448883104906344, 27.808340163657569 ], [ -81.448812104891189, 27.808513163701519 ], [ -81.448730104872737, 27.808682163744745 ], [ -81.448637104850931, 27.808847163787327 ], [ -81.448533104825657, 27.809005163828473 ], [ -81.448456104806453, 27.809106163854977 ], [ -81.448423104798295, 27.809151163866773 ], [ -81.44830410476817, 27.809291163903875 ], [ -81.448178104735746, 27.809425163939686 ], [ -81.448043104700545, 27.809553163974286 ], [ -81.447901104663117, 27.809674164007308 ], [ -81.447752104623433, 27.80978916403906 ], [ -81.447597104581746, 27.809896164069038 ], [ -81.447428104535916, 27.8099991640984 ], [ -81.44733810451136, 27.810049164112822 ], [ -81.447267104491971, 27.810088164124121 ], [ -81.447094104444318, 27.810172164148867 ], [ -81.446215104199922, 27.810522164256188 ], [ -81.445342103957671, 27.810885164366461 ], [ -81.444908103837463, 27.811072164422875 ], [ -81.444802103808613, 27.811134164440649 ], [ -81.444702103781779, 27.811204164460225 ], [ -81.44461110375785, 27.811284164482018 ], [ -81.444580103749871, 27.811317164490813 ], [ -81.444530103737023, 27.811370164505014 ], [ -81.444458103719072, 27.811464164529699 ], [ -81.444397103704461, 27.81156316455537 ], [ -81.444347103693218, 27.811667164581976 ], [ -81.444309103685583, 27.811775164609273 ], [ -81.444283103681542, 27.811886164636988 ], [ -81.444267103681696, 27.812039164674665 ], [ -81.444260103681785, 27.812106164691176 ], [ -81.444086103682892, 27.813743165094671 ], [ -81.443845103680928, 27.81589716562587 ], [ -81.443810103675162, 27.816037165660862 ], [ -81.443777103668467, 27.816128165683843 ], [ -81.443734103658784, 27.816217165706636 ], [ -81.443684103646902, 27.81630116572838 ], [ -81.443603103626884, 27.816413165757702 ], [ -81.441859103184242, 27.818447166297126 ], [ -81.441785103165628, 27.818537166320926 ], [ -81.441758103158833, 27.818570166329621 ], [ -81.441606103121742, 27.818795166388256 ], [ -81.441517103100523, 27.818942166426353 ], [ -81.441413103076471, 27.819136166476255 ], [ -81.441321103055998, 27.819334166526794 ], [ -81.441254103041857, 27.819503166569689 ], [ -81.441176103026933, 27.819749166631638 ], [ -81.441163103024707, 27.819797166643646 ], [ -81.441111103015885, 27.819998166693946 ], [ -81.441064103010021, 27.820244166755092 ], [ -81.441032103014948, 27.820694166865621 ], [ -81.441016103017574, 27.820925166922297 ], [ -81.441004103021683, 27.82116416698091 ], [ -81.440926103049293, 27.822756167370922 ], [ -81.440895103069451, 27.823678167596469 ], [ -81.440874103077547, 27.824127167706447 ], [ -81.439691102732951, 27.824103167730154 ], [ -81.438344102336742, 27.823954167727518 ], [ -81.437837102260957, 27.826217168291826 ], [ -81.437751102254538, 27.826805168437314 ], [ -81.43774410226176, 27.827097168508672 ], [ -81.437720102257217, 27.827174168528071 ], [ -81.437689102254453, 27.827372168577071 ], [ -81.437645102247558, 27.82755916862379 ], [ -81.437559102241153, 27.828148168769523 ], [ -81.437503102231176, 27.828346168819198 ], [ -81.43750310223588, 27.828495168855486 ], [ -81.437491102235171, 27.82858316887722 ], [ -81.437497102242503, 27.828759168920001 ], [ -81.437522102255528, 27.828941168963745 ], [ -81.437559102270583, 27.829078168996194 ], [ -81.437546102269607, 27.829166169017967 ], [ -81.437553102274592, 27.829260169040705 ], [ -81.437590102290059, 27.829408169075894 ], [ -81.43760210230154, 27.829662169137496 ], [ -81.437590102307482, 27.829959169210156 ], [ -81.437608102330287, 27.83051416934503 ], [ -81.43757110232508, 27.830691169389098 ], [ -81.437559102342107, 27.831340169547616 ], [ -81.437571102349082, 27.831450169574079 ], [ -81.437509102334857, 27.831571169605166 ], [ -81.437509102346013, 27.831923169690931 ], [ -81.437522102354691, 27.83207716972813 ], [ -81.437472102346433, 27.832275169777667 ], [ -81.437447102345999, 27.832490169830727 ], [ -81.437453102350332, 27.832573169850775 ], [ -81.437404102347926, 27.832947169943179 ], [ -81.437410102352089, 27.833024169961778 ], [ -81.437379102348615, 27.833200170005451 ], [ -81.437324102337172, 27.833343170041751 ], [ -81.437274102331003, 27.833607170107271 ], [ -81.43722410232067, 27.833739170140706 ], [ -81.437138102309788, 27.834185170251587 ], [ -81.437095102300745, 27.834295170279464 ], [ -81.4370821022992, 27.834367170297345 ], [ -81.436952102269146, 27.834609170359599 ], [ -81.436903102260757, 27.834796170406378 ], [ -81.436828102245599, 27.835005170459187 ], [ -81.436766102236106, 27.83527517052655 ], [ -81.4367601022375, 27.835374170550871 ], [ -81.436735102231438, 27.835412170560705 ], [ -81.43671710223056, 27.83555017059485 ], [ -81.436630102209264, 27.8356761706277 ], [ -81.436618102209138, 27.835781170653597 ], [ -81.436568102200624, 27.835973170701646 ], [ -81.436358102153207, 27.836403170811664 ], [ -81.436339102151166, 27.836513170838966 ], [ -81.436259102132624, 27.836661170877072 ], [ -81.435816102050325, 27.838130171246188 ], [ -81.435788102045194, 27.83822417126979 ], [ -81.435343101944213, 27.839121171499549 ], [ -81.43462410177969, 27.84052517185977 ], [ -81.433745101590063, 27.842605172388666 ], [ -81.433541101544336, 27.84303417249831 ], [ -81.433436101517088, 27.843138172526302 ], [ -81.433423101518258, 27.843293172564358 ], [ -81.433361101504744, 27.843436172600786 ], [ -81.433312101492746, 27.843507172619312 ], [ -81.433299101490192, 27.843546172629171 ], [ -81.433287101490734, 27.843672172660128 ], [ -81.433250101481534, 27.843722172673289 ], [ -81.433213101476142, 27.843892172715613 ], [ -81.433194101471898, 27.843931172725615 ], [ -81.433188101472197, 27.843997172741854 ], [ -81.433163101467386, 27.844074172761218 ], [ -81.433157101468083, 27.844151172780172 ], [ -81.433083101452013, 27.844322172823659 ], [ -81.433058101449291, 27.844465172859174 ], [ -81.433002101438021, 27.844624172899316 ], [ -81.432996101437865, 27.844674172911652 ], [ -81.43300210144065, 27.844707172919502 ], [ -81.432959101432473, 27.844844172953977 ], [ -81.432928101433404, 27.845158173031269 ], [ -81.432860101422918, 27.845450173104126 ], [ -81.432848101422891, 27.845560173131254 ], [ -81.43284110142659, 27.845741173175529 ], [ -81.432984101479803, 27.846110173261923 ], [ -81.432947101509683, 27.847392173575265 ], [ -81.432792101501946, 27.848570173866211 ], [ -81.432773101504964, 27.848840173932491 ], [ -81.432742101498761, 27.848928173954707 ], [ -81.432606101468224, 27.849214174027757 ], [ -81.432476101436066, 27.849390174073925 ], [ -81.432247101375268, 27.849572174124006 ], [ -81.43217910135742, 27.849632174140361 ], [ -81.432098101336805, 27.849726174165276 ], [ -81.431954101298786, 27.849846174198152 ], [ -81.431826101265273, 27.849962174229617 ], [ -81.4316591012212, 27.850105174268602 ], [ -81.431603101206008, 27.850138174278097 ], [ -81.431386101148149, 27.85030317432372 ], [ -81.431331101133068, 27.850331174331899 ], [ -81.431306101126509, 27.850353174337876 ], [ -81.431188101093781, 27.850402174352777 ], [ -81.431108101072567, 27.850468174370874 ], [ -81.431039101053244, 27.850490174377956 ], [ -81.430978101037056, 27.850540174391654 ], [ -81.430649100946695, 27.85070517444014 ], [ -81.430451100893322, 27.850837174477267 ], [ -81.430235100833855, 27.850942174508212 ], [ -81.430148100809419, 27.850969174516973 ], [ -81.430080100790889, 27.851008174528193 ], [ -81.430024100776194, 27.851057174541506 ], [ -81.429931100751091, 27.851118174558742 ], [ -81.429783100709798, 27.851173174575816 ], [ -81.429560100648814, 27.851294174610914 ], [ -81.429485100627886, 27.851321174619365 ], [ -81.429337100585911, 27.851354174631112 ], [ -81.429256100563791, 27.85139817464383 ], [ -81.428953100478097, 27.851475174670213 ], [ -81.428780100430131, 27.851547174692062 ], [ -81.428526100360116, 27.851668174727898 ], [ -81.428303100297924, 27.851751174753719 ], [ -81.428111100245445, 27.851855174783889 ], [ -81.42801210021787, 27.851894174795898 ], [ -81.427752100147018, 27.852042174838431 ], [ -81.427417100052281, 27.852125174867027 ], [ -81.427343100031621, 27.852152174875478 ], [ -81.427287100015519, 27.852158174878326 ], [ -81.427164099980999, 27.85219617489069 ], [ -81.427052099948781, 27.85220717489614 ], [ -81.426978099928334, 27.852240174906054 ], [ -81.426495099789307, 27.852284174928876 ], [ -81.426315099736826, 27.852279174932164 ], [ -81.426167099694709, 27.852306174942449 ], [ -81.426105099676661, 27.852306174943987 ], [ -81.425727099565222, 27.852257174941517 ], [ -81.425486099494833, 27.852246174944831 ], [ -81.425331099449224, 27.852229174944572 ], [ -81.425263099429657, 27.852235174947765 ], [ -81.425071099373341, 27.852218174948423 ], [ -81.42504009936394, 27.852207174946482 ], [ -81.424947099337103, 27.852213174950297 ], [ -81.424730099273532, 27.85219617495158 ], [ -81.42462509924249, 27.852180174950295 ], [ -81.424495099204478, 27.852174174952115 ], [ -81.424446099189751, 27.852158174949405 ], [ -81.424334099156837, 27.852146174949333 ], [ -81.42401209906393, 27.852168174962753 ], [ -81.42376409899272, 27.852196174975752 ], [ -81.423678098968594, 27.85222317498447 ], [ -81.423294098856118, 27.852196174987533 ], [ -81.42306509878992, 27.852207174995897 ], [ -81.42266209867104, 27.8521521749926 ], [ -81.422551098638593, 27.852146174993926 ], [ -81.422408098597742, 27.85216817500288 ], [ -81.422235098548455, 27.852201175015235 ], [ -81.42224109855961, 27.852498175087451 ], [ -81.422229098560706, 27.852642175122867 ], [ -81.422173098551156, 27.852856175176395 ], [ -81.422142098547766, 27.853032175220068 ], [ -81.422105098545202, 27.853291175284141 ], [ -81.422074098538999, 27.853379175306323 ], [ -81.422049098539745, 27.853632175368645 ], [ -81.422031098537133, 27.853715175389265 ], [ -81.422037098540073, 27.853753175398396 ], [ -81.422018098536483, 27.853814175413749 ], [ -81.422018098538558, 27.85388017542984 ], [ -81.422006098536841, 27.853935175443528 ], [ -81.422062098556751, 27.854050175470139 ], [ -81.422414098663793, 27.854199175497662 ], [ -81.422526098698796, 27.854276175513601 ], [ -81.422644098734651, 27.854326175522882 ], [ -81.422662098740616, 27.854348175527704 ], [ -81.422848098797445, 27.854436175544528 ], [ -81.423034098856178, 27.854584175575976 ], [ -81.423114098881044, 27.854634175586121 ], [ -81.423164098897644, 27.854700175600975 ], [ -81.423269098931314, 27.8547991756225 ], [ -81.423343098955598, 27.85488717564203 ], [ -81.42357809903109, 27.855113175691244 ], [ -81.423671099061764, 27.855228175716977 ], [ -81.424018099173253, 27.855564175790175 ], [ -81.424092099196656, 27.855624175802891 ], [ -81.424340099277131, 27.855889175861304 ], [ -81.424409099298899, 27.855943175872689 ], [ -81.424341099282941, 27.856063175903671 ], [ -81.424054099216704, 27.856604176042687 ], [ -81.424018099209562, 27.856710176069377 ], [ -81.423998099207225, 27.856819176096451 ], [ -81.423994099209565, 27.856930176123605 ], [ -81.424007099216851, 27.857040176150097 ], [ -81.424036099228672, 27.857148176175674 ], [ -81.424081099244731, 27.85724217619747 ], [ -81.424159099271137, 27.857360176224233 ], [ -81.424229099294053, 27.857441176242276 ], [ -81.425462099684708, 27.858459176459437 ], [ -81.426196099917817, 27.859082176592874 ], [ -81.426245099933766, 27.859136176604792 ], [ -81.426282099946434, 27.859196176618529 ], [ -81.426306099955525, 27.859262176633994 ], [ -81.426317099960869, 27.859331176650549 ], [ -81.426319099974194, 27.859733176748446 ], [ -81.425266099668832, 27.859756176780394 ], [ -81.424890099560344, 27.859780176795653 ], [ -81.424640099488471, 27.859805176808003 ], [ -81.424267099381638, 27.859856176829759 ], [ -81.424007099307573, 27.85990217684747 ], [ -81.423736099230695, 27.859962176868891 ], [ -81.423486099160129, 27.860030176891716 ], [ -81.423339099118891, 27.860076176906617 ], [ -81.423080099046487, 27.860168176935503 ], [ -81.422804098969891, 27.860282176970191 ], [ -81.420667098378743, 27.861229177254458 ], [ -81.420393098303549, 27.861369177295405 ], [ -81.420256098266591, 27.861459177320761 ], [ -81.420442098327896, 27.861688177371956 ], [ -81.420611098384214, 27.861914177422786 ], [ -81.420770098437785, 27.862146177475331 ], [ -81.420847098464264, 27.862276177505105 ], [ -81.420956098502842, 27.862493177555212 ], [ -81.421046098536124, 27.862718177607764 ], [ -81.421118098564307, 27.862947177661759 ], [ -81.421410098688639, 27.864191177957597 ], [ -81.421689098804478, 27.865286178217364 ], [ -81.422005098937376, 27.86658017852476 ], [ -81.42233009907298, 27.867878178832822 ], [ -81.422341099079134, 27.867970178855018 ], [ -81.422346099083498, 27.868062178877302 ], [ -81.422344099088747, 27.868246178922174 ], [ -81.422335099089025, 27.868338178944814 ], [ -81.422305099086074, 27.868520178989911 ], [ -81.422282099082267, 27.86861117901266 ], [ -81.422224099070988, 27.86878717905698 ], [ -81.422124099047934, 27.868976179105527 ], [ -81.422004099018721, 27.869154179151902 ], [ -81.42193709900198, 27.869240179174533 ], [ -81.421866098983884, 27.869322179196317 ], [ -81.421790098964351, 27.869402179217666 ], [ -81.421710098943549, 27.869478179238232 ], [ -81.421539098898265, 27.869619179276853 ], [ -81.420389098596758, 27.870651179557097 ], [ -81.420314098577904, 27.870743179581389 ], [ -81.420243098560263, 27.870839179606552 ], [ -81.420179098544807, 27.870937179632016 ], [ -81.420120098530859, 27.871039179658361 ], [ -81.42005609851644, 27.871171179692137 ], [ -81.420022098509065, 27.871249179711974 ], [ -81.419982098500896, 27.871358179739531 ], [ -81.419948098494444, 27.871468179767188 ], [ -81.41992109849015, 27.871579179794892 ], [ -81.419901098487898, 27.871692179822933 ], [ -81.419846098505005, 27.872734180078165 ], [ -81.419845098506087, 27.872777180088665 ], [ -81.419818098537192, 27.87400418038829 ], [ -81.419708098615658, 27.877484181238792 ], [ -81.419700098619032, 27.877665181283081 ], [ -81.419663098616354, 27.877918181345631 ], [ -81.41955009860331, 27.878542181500485 ], [ -81.419516098600539, 27.878767181556132 ], [ -81.419439098577811, 27.878755181555167 ], [ -81.419358098553815, 27.87874218155401 ], [ -81.419306098538456, 27.878734181553391 ], [ -81.419108098479924, 27.878703181550776 ], [ -81.416175097613731, 27.878274181519792 ], [ -81.41569309747149, 27.878208181515806 ], [ -81.414282097054908, 27.878005181501706 ], [ -81.412874096638717, 27.877788181484156 ], [ -81.411469096222973, 27.877557181463054 ], [ -81.410122095823198, 27.87729918143398 ], [ -81.409211095551768, 27.877092181406397 ], [ -81.408820095435075, 27.876996181392759 ], [ -81.408211095253051, 27.8768391813698 ], [ -81.407605095071588, 27.876672181344304 ], [ -81.407002094890728, 27.876497181316768 ], [ -81.404587094164782, 27.87574418119387 ], [ -81.404253094064273, 27.875637181176121 ], [ -81.403671093889557, 27.875463181148309 ], [ -81.400914093060877, 27.874606181008602 ], [ -81.400658092983733, 27.874522180994592 ], [ -81.400433092916145, 27.874453180983355 ], [ -81.400258092863638, 27.874400180974824 ], [ -81.400087092812228, 27.874347180966243 ], [ -81.399483092630717, 27.874161180936056 ], [ -81.398115092219314, 27.873728180864777 ], [ -81.39778809212099, 27.873627180848388 ], [ -81.396901091854602, 27.873357180804827 ], [ -81.395060091301133, 27.872782180710814 ], [ -81.39481309122705, 27.872711180699707 ], [ -81.394728091201571, 27.872687180696012 ], [ -81.394683091187872, 27.872667180692243 ], [ -81.394634091173302, 27.872657180691071 ], [ -81.394274091064744, 27.872534180670065 ], [ -81.394048090996733, 27.872462180658214 ], [ -81.393457090818657, 27.872264180624761 ], [ -81.392870090641381, 27.872055180588553 ], [ -81.392288090465257, 27.871837180549996 ], [ -81.391711090290244, 27.87160918050888 ], [ -81.391381090189824, 27.8714681804828 ], [ -81.390534089931819, 27.871096180413343 ], [ -81.390237089840824, 27.870950180385236 ], [ -81.389755089693367, 27.870720180341273 ], [ -81.389117089497773, 27.870401180279529 ], [ -81.388486089303811, 27.870070180214636 ], [ -81.387806089093615, 27.869676180135638 ], [ -81.387628089038444, 27.869568180113838 ], [ -81.38756308902181, 27.869639180132758 ], [ -81.387480089000277, 27.869722180155019 ], [ -81.38738308897517, 27.869819180181114 ], [ -81.387203088930818, 27.870070180246774 ], [ -81.387174088923942, 27.870119180259447 ], [ -81.387126088913249, 27.870223180286015 ], [ -81.387093088907093, 27.870331180313094 ], [ -81.387083088905953, 27.870386180326786 ], [ -81.387074088906857, 27.8704981803543 ], [ -81.38708108891241, 27.870610180381437 ], [ -81.387093088944155, 27.871500180597963 ], [ -81.387094089003497, 27.873362181051696 ], [ -81.387089089022339, 27.874001181207515 ], [ -81.387106089123961, 27.877048181949576 ], [ -81.387100089144198, 27.877742182118851 ], [ -81.387108089187507, 27.879032182432951 ], [ -81.387107089203383, 27.879542182557241 ], [ -81.387105089233344, 27.880504182791647 ], [ -81.387096089271225, 27.881781183103023 ], [ -81.387093089369102, 27.884891183860802 ], [ -81.387078089482586, 27.888603184765515 ], [ -81.387074089519018, 27.889786185053833 ], [ -81.387076089549737, 27.890735185284971 ], [ -81.387070089563707, 27.891229185405457 ], [ -81.387068089651066, 27.893997186079812 ], [ -81.387066089669347, 27.894590186224292 ], [ -81.387080089707084, 27.895650186482136 ], [ -81.38708308972852, 27.896296186639432 ], [ -81.387076089742095, 27.896788186759466 ], [ -81.387039089753713, 27.89749218693186 ], [ -81.387025089763085, 27.89791518703526 ], [ -81.387026089767076, 27.898032187063713 ], [ -81.387055089876668, 27.901214187838026 ], [ -81.387044089875047, 27.901263187850226 ], [ -81.387019089869256, 27.901309187862061 ], [ -81.38698208985943, 27.901339187870324 ], [ -81.386937089846896, 27.901356187875557 ], [ -81.38691208983974, 27.901360187877188 ], [ -81.384705089197539, 27.901344187928675 ], [ -81.383261088777076, 27.901325187960264 ], [ -81.382790088639965, 27.901320187970896 ], [ -81.379235087605849, 27.901306188056662 ], [ -81.378271087325132, 27.901293188077716 ], [ -81.377194087011858, 27.901290188103964 ], [ -81.37716008700167, 27.901280188102398 ], [ -81.377116086987996, 27.901252188096702 ], [ -81.377085086977672, 27.90121218808773 ], [ -81.377064086975111, 27.901322188115046 ], [ -81.376965086947195, 27.90135018812434 ], [ -81.376791086897271, 27.901372188134058 ], [ -81.376624086847684, 27.90133918813024 ], [ -81.37645908680021, 27.901354188137983 ], [ -81.376389086779213, 27.901334188134889 ], [ -81.376358086769258, 27.901305188128617 ], [ -81.376298086750126, 27.901251188116976 ], [ -81.376257086736757, 27.901205188106807 ], [ -81.376223086725332, 27.901158188096215 ], [ -81.376251086727081, 27.900958188046801 ], [ -81.374136086115456, 27.901064188125641 ], [ -81.373993086076183, 27.901136188146815 ], [ -81.374012086089593, 27.901384188206737 ], [ -81.374068086106547, 27.901406188210704 ], [ -81.375002086380775, 27.9014881882072 ], [ -81.375721086592151, 27.901560188206709 ], [ -81.375640086588362, 27.902182188360257 ], [ -81.375002086406496, 27.902297188404273 ], [ -81.374347086213589, 27.902220188401984 ], [ -81.374229086179099, 27.902214188403487 ], [ -81.374105086141128, 27.90215418839195 ], [ -81.374025086109484, 27.901890188329649 ], [ -81.374031086105987, 27.901725188289316 ], [ -81.373987086090025, 27.901626188266281 ], [ -81.373740086023105, 27.901780188310003 ], [ -81.373715086019686, 27.901901188340137 ], [ -81.373672086008952, 27.901956188354578 ], [ -81.373622085998605, 27.902088188387989 ], [ -81.373604085996149, 27.9021761884099 ], [ -81.373592086002276, 27.902479188483973 ], [ -81.373598086012251, 27.902737188546705 ], [ -81.373685086044347, 27.902952188596867 ], [ -81.373716086054287, 27.902980188602932 ], [ -81.373747086064824, 27.903029188614092 ], [ -81.37386408610044, 27.903079188623323 ], [ -81.373945086125772, 27.903134188634674 ], [ -81.374026086153535, 27.903266188664787 ], [ -81.374081086174556, 27.903425188702133 ], [ -81.374131086195391, 27.903623188749098 ], [ -81.374168086207931, 27.903678188761628 ], [ -81.374187086215898, 27.903755188779872 ], [ -81.374193086231983, 27.904207188889824 ], [ -81.374156086226137, 27.904361188928256 ], [ -81.374144086225613, 27.904454188951206 ], [ -81.374125086222179, 27.904520188967762 ], [ -81.374094086215123, 27.904581188983411 ], [ -81.374051086210656, 27.904834189046113 ], [ -81.374020086204055, 27.904911189065629 ], [ -81.37401408620498, 27.904994189086008 ], [ -81.373940086188711, 27.905159189128032 ], [ -81.373878086173463, 27.905247189151027 ], [ -81.373822086158611, 27.905291189163158 ], [ -81.373643086107933, 27.905335189178359 ], [ -81.373376086031726, 27.905379189195784 ], [ -81.37320308598278, 27.905423189210843 ], [ -81.37296808591816, 27.905539189245001 ], [ -81.372677085839484, 27.905726189297877 ], [ -81.372503085794307, 27.905897189343857 ], [ -81.372293085740779, 27.906133189406631 ], [ -81.372218085719808, 27.906161189415343 ], [ -81.372070085677166, 27.90617218942171 ], [ -81.371766085590835, 27.906238189445418 ], [ -81.371351085478963, 27.906514189523111 ], [ -81.371252085455382, 27.906679189565757 ], [ -81.371098085428002, 27.907224189702362 ], [ -81.371048085422302, 27.907504189771789 ], [ -81.370931085394091, 27.907686189819096 ], [ -81.370652085315967, 27.907780189848996 ], [ -81.370559085286629, 27.907708189833802 ], [ -81.37031108521802, 27.907818189866767 ], [ -81.369704085054835, 27.908237189984092 ], [ -81.36968608506325, 27.908666190089029 ], [ -81.369537085022344, 27.908743190111537 ], [ -81.36933908496475, 27.908743190116535 ], [ -81.36916008491481, 27.908809190137024 ], [ -81.369104084899789, 27.908848190147953 ], [ -81.369079084895148, 27.908930190168569 ], [ -81.368974084868427, 27.909051190200664 ], [ -81.368831084827065, 27.909057190205701 ], [ -81.368689084784918, 27.909030190202706 ], [ -81.36850908472924, 27.90892519018168 ], [ -81.368330084677027, 27.908920190184904 ], [ -81.368200084640065, 27.908947190194809 ], [ -81.368088084609596, 27.909013190213642 ], [ -81.367704084510549, 27.909410190319967 ], [ -81.367549084469658, 27.909542190356035 ], [ -81.367475084450632, 27.909619190376617 ], [ -81.367320084406401, 27.909646190387132 ], [ -81.367178084366316, 27.909685190400161 ], [ -81.366955084305701, 27.909817190437909 ], [ -81.366788084258715, 27.909867190454289 ], [ -81.366664084223174, 27.909883190461297 ], [ -81.366323084129775, 27.910065190514192 ], [ -81.365933084027574, 27.910417190609728 ], [ -81.365667083952346, 27.910484190632726 ], [ -81.365555083922558, 27.910572190656982 ], [ -81.365326083858946, 27.910665190685364 ], [ -81.365184083820452, 27.910753190710381 ], [ -81.365054083785651, 27.91084719073654 ], [ -81.364688083694276, 27.911320190860923 ], [ -81.364595083671617, 27.911458190896848 ], [ -81.364397083620005, 27.911645190947358 ], [ -81.36415008355479, 27.911854191004505 ], [ -81.363982083511218, 27.91202019104913 ], [ -81.363636083423543, 27.912427191156944 ], [ -81.363258083323757, 27.912746191244118 ], [ -81.36299808325397, 27.912928191294977 ], [ -81.362744083184509, 27.913066191335027 ], [ -81.362496083117037, 27.91321419137725 ], [ -81.36231708306785, 27.913302191403183 ], [ -81.36197008297323, 27.91350119146038 ], [ -81.361549082857451, 27.913710191521826 ], [ -81.361258082776189, 27.913815191554747 ], [ -81.361146082744497, 27.913842191564104 ], [ -81.36088608266887, 27.91384219157063 ], [ -81.360780082636808, 27.913804191564029 ], [ -81.360650082596706, 27.913732191549791 ], [ -81.36054508256359, 27.913650191532415 ], [ -81.360427082525788, 27.913540191508638 ], [ -81.360136082430657, 27.913210191435553 ], [ -81.359975082378952, 27.913056191402084 ], [ -81.359789082320617, 27.912924191374564 ], [ -81.359460082220423, 27.912781191348031 ], [ -81.359231082150984, 27.912693191332341 ], [ -81.359083082107077, 27.912665191329243 ], [ -81.358928082061496, 27.912649191329216 ], [ -81.358804082025813, 27.912660191334997 ], [ -81.358587081965268, 27.912742191360437 ], [ -81.358463081926942, 27.912671191346274 ], [ -81.358203081845744, 27.912495191309905 ], [ -81.358029081792694, 27.912418191295544 ], [ -81.357949081767345, 27.912352191281478 ], [ -81.357732081700178, 27.912225191255953 ], [ -81.357428081603004, 27.911950191196624 ], [ -81.357279081555873, 27.911829191170916 ], [ -81.357112081503772, 27.911719191148332 ], [ -81.356722081384603, 27.911538191114015 ], [ -81.356604081347996, 27.911466191099393 ], [ -81.356418081291835, 27.911400191088052 ], [ -81.356288081251762, 27.911329191073968 ], [ -81.356177081218433, 27.911296191068747 ], [ -81.355929081143145, 27.911197191050878 ], [ -81.355755081090791, 27.911142191041804 ], [ -81.355693081071692, 27.911109191035365 ], [ -81.355569081034417, 27.911070191028962 ], [ -81.355322080973266, 27.911406191117006 ], [ -81.354864080855322, 27.911885191245169 ], [ -81.354480080754612, 27.912232191339296 ], [ -81.354133080663189, 27.912529191420404 ], [ -81.354052080643797, 27.912661191454589 ], [ -81.354052080646795, 27.91275519147748 ], [ -81.354120080669873, 27.91285919150106 ], [ -81.354176080687097, 27.912887191506513 ], [ -81.354579080807255, 27.912980191519054 ], [ -81.354895080903205, 27.913107191542025 ], [ -81.355056080953503, 27.913217191564776 ], [ -81.355124080979763, 27.913420191612509 ], [ -81.355112080979282, 27.913514191635691 ], [ -81.355038080961918, 27.913646191669713 ], [ -81.354939080935779, 27.913729191692433 ], [ -81.354753080884308, 27.913811191717105 ], [ -81.35459808084083, 27.913861191733154 ], [ -81.354294080753931, 27.913910191752699 ], [ -81.354127080705055, 27.913899191754258 ], [ -81.353997080666034, 27.913861191748232 ], [ -81.353898080635858, 27.913817191739991 ], [ -81.353569080530718, 27.913520191675943 ], [ -81.353452080495089, 27.913470191666651 ], [ -81.353396080479143, 27.91348119167079 ], [ -81.353353080469262, 27.913564191692096 ], [ -81.353340080469025, 27.91367419171921 ], [ -81.353340080474283, 27.91383919175939 ], [ -81.353470080520125, 27.914092191817744 ], [ -81.353495080532994, 27.914268191859989 ], [ -81.353495080539844, 27.914483191912314 ], [ -81.35342708052201, 27.91454419192889 ], [ -81.353297080485746, 27.914593191944096 ], [ -81.35318608045381, 27.914604191949586 ], [ -81.353056080415641, 27.914593191950125 ], [ -81.352956080383962, 27.914511191932718 ], [ -81.352870080354421, 27.914368191900003 ], [ -81.352814080330901, 27.914142191846349 ], [ -81.352622080265988, 27.913856191781555 ], [ -81.352522080236525, 27.913845191781359 ], [ -81.352436080212243, 27.913867191788878 ], [ -81.352380080197847, 27.913927191804927 ], [ -81.352380080200859, 27.914021191827807 ], [ -81.352455080230584, 27.91426919188633 ], [ -81.352597080276738, 27.914423191920282 ], [ -81.3527520803257, 27.914544191945851 ], [ -81.352913080377405, 27.914698191979308 ], [ -81.35300008040727, 27.914841192011945 ], [ -81.353043080424001, 27.914973192043025 ], [ -81.352944080401272, 27.915165192092307 ], [ -81.352814080366088, 27.915248192115751 ], [ -81.352659080321743, 27.915270192125 ], [ -81.352399080246116, 27.915270192131512 ], [ -81.352158080177247, 27.915309192147099 ], [ -81.352027080139493, 27.915320192153096 ], [ -81.351774080065937, 27.915320192159445 ], [ -81.351600080014663, 27.915298192158442 ], [ -81.351427079964324, 27.91529819216278 ], [ -81.351297079928443, 27.915359192180883 ], [ -81.351241079915511, 27.915463192207643 ], [ -81.351241079919347, 27.915584192237102 ], [ -81.351272079932201, 27.915705192265822 ], [ -81.35140207997371, 27.9158211922908 ], [ -81.351619080040635, 27.915942192314798 ], [ -81.351786080092893, 27.916057192338624 ], [ -81.351873080121351, 27.916156192360567 ], [ -81.351873080127689, 27.916355192409064 ], [ -81.35181708011558, 27.916487192442549 ], [ -81.351762080102745, 27.916586192468078 ], [ -81.351520080034618, 27.916657192491449 ], [ -81.351291079972569, 27.916800192532001 ], [ -81.351235079961214, 27.916955192571177 ], [ -81.351260079973017, 27.917098192605405 ], [ -81.351334079999475, 27.917252192641012 ], [ -81.351409080025121, 27.917373192668638 ], [ -81.351607080085671, 27.917466192686323 ], [ -81.351675080105807, 27.917477192687254 ], [ -81.351793080140098, 27.917477192684281 ], [ -81.351966080188888, 27.917428192668016 ], [ -81.352047080210824, 27.917378192653814 ], [ -81.352177080247927, 27.917356192645201 ], [ -81.352462080330469, 27.917345192635388 ], [ -81.352561080362563, 27.917449192658189 ], [ -81.352666080398905, 27.917631192699886 ], [ -81.352636080397403, 27.917857192755676 ], [ -81.352611080393388, 27.917961192781661 ], [ -81.352437080349688, 27.918176192838374 ], [ -81.352264080302859, 27.918286192869509 ], [ -81.35204108024675, 27.918561192942132 ], [ -81.352091080275599, 27.919012193050719 ], [ -81.352246080338048, 27.91955719317955 ], [ -81.352308080358554, 27.91963419319671 ], [ -81.352382080382341, 27.919706193212388 ], [ -81.353076080596438, 27.92009119328878 ], [ -81.353206080638273, 27.920217193316162 ], [ -81.3532440806555, 27.92041019336224 ], [ -81.353300080684505, 27.920811193458519 ], [ -81.353269080677265, 27.920866193472641 ], [ -81.353262080676785, 27.920916193484988 ], [ -81.353219080666918, 27.920999193506308 ], [ -81.353207080665001, 27.921048193518523 ], [ -81.353114080641475, 27.921158193547672 ], [ -81.352841080567003, 27.921312193592033 ], [ -81.352668080528247, 27.921676193685009 ], [ -81.352662080535453, 27.921956193753328 ], [ -81.352606080530521, 27.922314193841956 ], [ -81.352563080520454, 27.922391193861799 ], [ -81.352408080477659, 27.922463193883218 ], [ -81.35231508045149, 27.922490193892127 ], [ -81.352228080426528, 27.922501193897006 ], [ -81.35211708039391, 27.922490193897101 ], [ -81.352042080372286, 27.922496193900422 ], [ -81.351212080130736, 27.922491193920081 ], [ -81.350816080017495, 27.922551193944656 ], [ -81.350611079960188, 27.922623193967343 ], [ -81.350407079904514, 27.92273819400047 ], [ -81.350271079868477, 27.922848194030664 ], [ -81.350178079844909, 27.922959194060031 ], [ -81.350122079832516, 27.92308019409089 ], [ -81.350091079828758, 27.923245194131912 ], [ -81.350017079824909, 27.923801194269117 ], [ -81.34975707975947, 27.924120194353339 ], [ -81.349763079764358, 27.924219194377304 ], [ -81.349794079776984, 27.92433419440454 ], [ -81.349831079789865, 27.924400194419686 ], [ -81.349881079806366, 27.924461194433313 ], [ -81.350209079911593, 27.924769194500048 ], [ -81.350433079982722, 27.924956194539998 ], [ -81.350569080025238, 27.925050194559478 ], [ -81.350687080066365, 27.92526419460858 ], [ -81.350712080082914, 27.925556194679086 ], [ -81.350705080087394, 27.925759194728688 ], [ -81.350718080093415, 27.925831194745868 ], [ -81.350792080121266, 27.926029194792235 ], [ -81.350836080135849, 27.926084194804577 ], [ -81.350842080143877, 27.926282194852636 ], [ -81.350811080137817, 27.926376194876315 ], [ -81.350761080125537, 27.926447194894838 ], [ -81.350718080113936, 27.926475194902721 ], [ -81.350681080104778, 27.926524194915576 ], [ -81.350644080094341, 27.926535194919218 ], [ -81.350408080030292, 27.926679194960183 ], [ -81.350173079963838, 27.926739194980748 ], [ -81.3499000798829, 27.92669019497567 ], [ -81.349708079827025, 27.92669019498048 ], [ -81.349330079720801, 27.926805195017995 ], [ -81.348915079608304, 27.927064195091472 ], [ -81.34835207945352, 27.92734519517408 ], [ -81.348129079390262, 27.927395195191821 ], [ -81.347639079246036, 27.927340195190791 ], [ -81.346964079056875, 27.927565195262531 ], [ -81.346747078996401, 27.927648195288164 ], [ -81.346425078903096, 27.927659195298968 ], [ -81.346282078860625, 27.927632195295924 ], [ -81.346109078808055, 27.927560195282762 ], [ -81.34583007872196, 27.927406195252257 ], [ -81.345520078631282, 27.927390195256191 ], [ -81.3453340785763, 27.927362195254005 ], [ -81.345099078507815, 27.927357195258718 ], [ -81.34488207844575, 27.927390195272221 ], [ -81.344163078248528, 27.927764195381354 ], [ -81.344046078216095, 27.927814195396486 ], [ -81.343877078171687, 27.927962195436752 ], [ -81.343785078146269, 27.92800619544979 ], [ -81.343716078129063, 27.92809519547318 ], [ -81.343562078088851, 27.928238195511874 ], [ -81.343481078068933, 27.928353195541959 ], [ -81.343388078048221, 27.928551195592473 ], [ -81.343357078040398, 27.928590195602766 ], [ -81.343345078040102, 27.928689195627165 ], [ -81.343363078045854, 27.928705195630613 ], [ -81.343388078056975, 27.9288261956595 ], [ -81.343494078094096, 27.929025195705247 ], [ -81.343611078139205, 27.929371195786587 ], [ -81.343618078146832, 27.929547195829304 ], [ -81.343599078141978, 27.929569195835128 ], [ -81.343574078135092, 27.929580195838415 ], [ -81.343543078126089, 27.929580195839179 ], [ -81.343481078106635, 27.929536195830035 ], [ -81.343438078090259, 27.92941519580166 ], [ -81.34324007802023, 27.929025195711635 ], [ -81.343147077989499, 27.928909195685705 ], [ -81.343085077970244, 27.928871195678063 ], [ -81.343010077947724, 27.928849195674591 ], [ -81.342893077913715, 27.928849195677518 ], [ -81.342843077899715, 27.928865195682643 ], [ -81.342700077858439, 27.928876195688932 ], [ -81.342515077801139, 27.928766195666782 ], [ -81.342415077771378, 27.928744195663946 ], [ -81.342254077724135, 27.928733195665277 ], [ -81.342155077696262, 27.928761195674625 ], [ -81.342106077683411, 27.928805195686593 ], [ -81.342081077677378, 27.928843195696412 ], [ -81.342075077678928, 27.928948195722167 ], [ -81.342050077674273, 27.929030195742772 ], [ -81.342062077686052, 27.929289195805524 ], [ -81.341864077651934, 27.930026195989996 ], [ -81.341889077663623, 27.930165196023204 ], [ -81.341877077662602, 27.930242196042236 ], [ -81.341784077639417, 27.930363196074087 ], [ -81.341716077620703, 27.930396196083812 ], [ -81.341592077584934, 27.930407196089629 ], [ -81.341213077473299, 27.930363196088425 ], [ -81.340971077405015, 27.930429196110595 ], [ -81.340916077390787, 27.930484196125342 ], [ -81.340903077387864, 27.930512196132486 ], [ -81.340940077401271, 27.930594196151524 ], [ -81.341033077429756, 27.930639196160151 ], [ -81.341604077597765, 27.930699196160425 ], [ -81.341648077611794, 27.930737196168554 ], [ -81.341735077640735, 27.930853196194661 ], [ -81.341747077648634, 27.930991196227954 ], [ -81.341710077639789, 27.93105119624347 ], [ -81.341604077610739, 27.931106196259552 ], [ -81.341549077596113, 27.931150196271659 ], [ -81.341393077552482, 27.931205196288936 ], [ -81.34109507746777, 27.931266196311277 ], [ -81.340910077414321, 27.931277196318611 ], [ -81.340655077339918, 27.931271196323571 ], [ -81.340581077317566, 27.931244196318836 ], [ -81.340575077315123, 27.931222196313648 ], [ -81.340544077305893, 27.931216196312963 ], [ -81.34044507727468, 27.931139196296691 ], [ -81.34032107723759, 27.93110619629179 ], [ -81.340278077224355, 27.931084196287504 ], [ -81.340228077209602, 27.931079196287559 ], [ -81.340135077183419, 27.931106196296458 ], [ -81.340073077166835, 27.931150196308742 ], [ -81.340054077162549, 27.93118919631867 ], [ -81.340023077154541, 27.931222196327514 ], [ -81.340011077152667, 27.931272196339989 ], [ -81.340055077169836, 27.931409196372247 ], [ -81.340117077191238, 27.931514196396275 ], [ -81.340309077250211, 27.931613196415519 ], [ -81.340433077289106, 27.931701196433856 ], [ -81.341299077564599, 27.932443196592764 ], [ -81.341417077602031, 27.932541196613712 ], [ -81.341649077675882, 27.93274019665629 ], [ -81.341705077694755, 27.932822196674874 ], [ -81.341786077720798, 27.932899196691576 ], [ -81.341978077783963, 27.933130196743047 ], [ -81.34212007783141, 27.933323196786418 ], [ -81.34376307839382, 27.935975197390942 ], [ -81.343906078440341, 27.936129197424844 ], [ -81.343993078468102, 27.936206197441383 ], [ -81.344092078497582, 27.936228197444255 ], [ -81.344370078576659, 27.936173197423898 ], [ -81.344457078600016, 27.936112197406825 ], [ -81.344550078620401, 27.935903197353635 ], [ -81.344587078625054, 27.935710197305674 ], [ -81.344820078688514, 27.935576197267192 ], [ -81.345463078878936, 27.935682197276847 ], [ -81.345776078973074, 27.935779197292586 ], [ -81.346738079284009, 27.93675619750633 ], [ -81.34688607933316, 27.936948197549313 ], [ -81.347097079405273, 27.937284197625843 ], [ -81.347159079427968, 27.937432197660332 ], [ -81.347227079454768, 27.937652197712193 ], [ -81.347296079480131, 27.937818197750875 ], [ -81.347401079521703, 27.938164197832446 ], [ -81.347488079553358, 27.938362197878494 ], [ -81.347513079564109, 27.938472197904652 ], [ -81.34756907959509, 27.938934198015701 ], [ -81.347525079592558, 27.939254198094787 ], [ -81.347401079557514, 27.939287198105898 ], [ -81.347296079528888, 27.939347198123169 ], [ -81.347203079504837, 27.939441198148373 ], [ -81.347054079465394, 27.939562198181573 ], [ -81.346912079426858, 27.939650198206579 ], [ -81.346683079362208, 27.939711198227201 ], [ -81.346497079310367, 27.939782198249134 ], [ -81.346361079278381, 27.94001919831031 ], [ -81.346243079247586, 27.940129198340056 ], [ -81.346159079226254, 27.940227198366017 ], [ -81.346144079222455, 27.940245198370782 ], [ -81.346107079217859, 27.940437198418437 ], [ -81.346163079240426, 27.940635198465259 ], [ -81.346039079208467, 27.940762198499311 ], [ -81.345853079155134, 27.940789198510561 ], [ -81.34573507912441, 27.940900198540554 ], [ -81.345822079153024, 27.94100419856365 ], [ -81.34611907924274, 27.941109198581774 ], [ -81.346441079335833, 27.941092198569521 ], [ -81.346361079316637, 27.941219198602475 ], [ -81.346218079277136, 27.94128519862214 ], [ -81.346064079233599, 27.941323198635292 ], [ -81.345890079186347, 27.941428198665172 ], [ -81.345876079183128, 27.941456198672341 ], [ -81.34552807908085, 27.941422198672843 ], [ -81.345058078945883, 27.941477198698035 ], [ -81.344394078752629, 27.941474198714001 ], [ -81.343487078485083, 27.941356198708117 ], [ -81.342636078229205, 27.941094198665681 ], [ -81.342155078081575, 27.940851198618667 ], [ -81.341565077907063, 27.940759198611101 ], [ -81.341497077886345, 27.940730198605721 ], [ -81.341366077845919, 27.940658198591503 ], [ -81.341261077814494, 27.940631198587567 ], [ -81.34116807778797, 27.940647198593815 ], [ -81.340914077714672, 27.940664198604303 ], [ -81.340772077673236, 27.940659198606674 ], [ -81.340621077629521, 27.94066619861216 ], [ -81.340391077558891, 27.940549198589469 ], [ -81.339738077363549, 27.9403791985645 ], [ -81.338986077131224, 27.939954198479935 ], [ -81.338949077116325, 27.939823198448945 ], [ -81.338894077097081, 27.939722198425724 ], [ -81.338869077085292, 27.939580198391791 ], [ -81.338838077073447, 27.939491198370892 ], [ -81.338713077032182, 27.939338198336763 ], [ -81.338558076984128, 27.939245198318037 ], [ -81.338401076937103, 27.939202198311495 ], [ -81.338236076889117, 27.93920219831567 ], [ -81.338473076983078, 27.939988198501084 ], [ -81.338380076970083, 27.940428198610594 ], [ -81.33837407697186, 27.940538198637519 ], [ -81.338219076944483, 27.941094198776771 ], [ -81.338070076912771, 27.941457198868967 ], [ -81.338039076908785, 27.941617198908684 ], [ -81.337952076889465, 27.941804198956394 ], [ -81.337915076883107, 27.941941198990673 ], [ -81.337773076854589, 27.942343199092146 ], [ -81.337624076829002, 27.942899199231285 ], [ -81.337562076816027, 27.943058199271544 ], [ -81.337377076774175, 27.943433199367476 ], [ -81.337284076753804, 27.943642199420744 ], [ -81.337234076744338, 27.943802199460929 ], [ -81.337166076728934, 27.943939199496011 ], [ -81.336658076626122, 27.945348199851814 ], [ -81.336621076626059, 27.945684199934551 ], [ -81.336609076631717, 27.94597020000451 ], [ -81.336572076634994, 27.946410200112609 ], [ -81.336578076642866, 27.946603200159398 ], [ -81.336553076641579, 27.94679020020553 ], [ -81.336547076650504, 27.947125200287275 ], [ -81.336491076651072, 27.947654200417492 ], [ -81.336653076759859, 27.949585200883572 ], [ -81.336827076820953, 27.949915200959492 ], [ -81.337037076891932, 27.950224201029453 ], [ -81.337502077042402, 27.950702201134085 ], [ -81.337589077069325, 27.950752201144081 ], [ -81.338203077255756, 27.950999201188758 ], [ -81.338872077455861, 27.951170201213582 ], [ -81.339231077557443, 27.951082201183119 ], [ -81.339777077713421, 27.950993201147718 ], [ -81.339901077749161, 27.950982201141947 ], [ -81.340229077842963, 27.950933201121718 ], [ -81.340520077927266, 27.950922201111737 ], [ -81.340905078042965, 27.951037201130017 ], [ -81.341022078079789, 27.951125201148518 ], [ -81.341090078102042, 27.951202201165529 ], [ -81.341165078125755, 27.951263201178531 ], [ -81.341630078272274, 27.951615201252515 ], [ -81.342057078410889, 27.95206620135157 ], [ -81.342206078460848, 27.952275201398681 ], [ -81.342281078485158, 27.952352201415501 ], [ -81.342411078529608, 27.952561201463169 ], [ -81.34256007857752, 27.952704201494203 ], [ -81.342839078668334, 27.953007201560972 ], [ -81.342963078706873, 27.953084201576569 ], [ -81.343093078745753, 27.953117201581293 ], [ -81.3432040787782, 27.953122201579774 ], [ -81.343279078800535, 27.953139201582001 ], [ -81.343372078827571, 27.953139201579635 ], [ -81.343681078912908, 27.952996201537076 ], [ -81.344022079005569, 27.952792201478839 ], [ -81.343966078983641, 27.952616201437394 ], [ -81.34373707891649, 27.952599201438993 ], [ -81.343694078902772, 27.952561201430854 ], [ -81.343657078890089, 27.952500201416925 ], [ -81.343594078869302, 27.9524232013998 ], [ -81.343570078860566, 27.952368201386989 ], [ -81.343582078861957, 27.95230220137061 ], [ -81.343632078875487, 27.952269201361357 ], [ -81.343681078889361, 27.95225820135742 ], [ -81.343756078911142, 27.952258201355523 ], [ -81.343861078941359, 27.952247201350225 ], [ -81.344134079021288, 27.952264201347521 ], [ -81.344319079075092, 27.95226420134285 ], [ -81.344518079133692, 27.952286201343181 ], [ -81.344729079197137, 27.9523522013539 ], [ -81.345131079312281, 27.952296201330167 ], [ -81.345491079419801, 27.95238420134255 ], [ -81.345708079485391, 27.952461201355806 ], [ -81.345795079511419, 27.952483201358969 ], [ -81.346055079590357, 27.95258820137801 ], [ -81.346321079673345, 27.952764201414166 ], [ -81.346551079743733, 27.952874201435158 ], [ -81.346638079771523, 27.952951201451697 ], [ -81.346848079839603, 27.95317120149997 ], [ -81.346997079887174, 27.953303201528364 ], [ -81.347133079930074, 27.953408201550459 ], [ -81.34727007997202, 27.953474201563086 ], [ -81.347431080020257, 27.95351820156975 ], [ -81.347598080068849, 27.953518201565537 ], [ -81.347772080118744, 27.953495201555562 ], [ -81.347939080166086, 27.953457201542154 ], [ -81.347989080177271, 27.953352201515315 ], [ -81.347902080149495, 27.953275201498741 ], [ -81.347765080108942, 27.953253201496807 ], [ -81.347691080084473, 27.953160201476045 ], [ -81.347858080131076, 27.953099201457025 ], [ -81.348057080189847, 27.95312720145883 ], [ -81.348751080396084, 27.953264201474713 ], [ -81.348993080468603, 27.953330201484683 ], [ -81.349086080497216, 27.953380201494486 ], [ -81.349848080736237, 27.953924201607727 ], [ -81.350059080814631, 27.954458201732418 ], [ -81.350059080820245, 27.95463420177526 ], [ -81.350016080814754, 27.954854201829907 ], [ -81.349948080801838, 27.955069201883951 ], [ -81.349725080742061, 27.955228201928254 ], [ -81.349551080688684, 27.955140201911203 ], [ -81.349539080679193, 27.954953201866012 ], [ -81.349582080686289, 27.95478320182352 ], [ -81.349526080664504, 27.954612201783331 ], [ -81.349445080639214, 27.954557201771941 ], [ -81.349293080585795, 27.954269201705717 ], [ -81.349053080515858, 27.954265201710751 ], [ -81.348459080381744, 27.955475202020246 ], [ -81.34828508036297, 27.956473202267528 ], [ -81.348314080395866, 27.95723720245277 ], [ -81.348168080382507, 27.958149202678467 ], [ -81.348156080404124, 27.958935202870094 ], [ -81.348007080394368, 27.95998720312992 ], [ -81.347982080398864, 27.960355203220111 ], [ -81.347964080403798, 27.96067420329819 ], [ -81.347982080418191, 27.960960203367371 ], [ -81.347987080420481, 27.960987203373801 ], [ -81.348128080473742, 27.961370203463467 ], [ -81.348170080488231, 27.961441203479676 ], [ -81.348275080524871, 27.961632203523575 ], [ -81.34841308057149, 27.961835203569489 ], [ -81.348462080590991, 27.962000203608383 ], [ -81.34882708071639, 27.962602203745735 ], [ -81.34895008075641, 27.962734203774769 ], [ -81.34940308090394, 27.963228203883599 ], [ -81.349642080984509, 27.963573203961538 ], [ -81.349834081046396, 27.963763204002898 ], [ -81.349924081074263, 27.963816204013593 ], [ -81.350181081153806, 27.96396520404334 ], [ -81.354563082509515, 27.96650820455184 ], [ -81.357650083465202, 27.968318204914571 ], [ -81.360570084371432, 27.97010020527458 ], [ -81.363583085304867, 27.971887205633479 ], [ -81.364328085536116, 27.972343205725636 ], [ -81.364421085565453, 27.972415205740869 ], [ -81.364836085694378, 27.972673205793161 ], [ -81.365151085793229, 27.972900205840403 ], [ -81.365728085963781, 27.97298520584658 ], [ -81.366309086135573, 27.973072205853093 ], [ -81.366381086155926, 27.973055205847164 ], [ -81.366433086170616, 27.973042205842646 ], [ -81.366609086224173, 27.973115205856011 ], [ -81.366857086297344, 27.973148205857747 ], [ -81.368691086852024, 27.973814205973593 ], [ -81.368936086934738, 27.974172206054522 ], [ -81.368941086958287, 27.974863206222491 ], [ -81.368779086922828, 27.975227206315125 ], [ -81.368760086918954, 27.975279206328295 ], [ -81.368760086920176, 27.9753172063375 ], [ -81.368757086920709, 27.975361206348285 ], [ -81.36875908692258, 27.975401206357972 ], [ -81.368761086924181, 27.975433206365732 ], [ -81.368844086953175, 27.975586206400841 ], [ -81.369148087059386, 27.976142206528454 ], [ -81.369354087131086, 27.976510206612769 ], [ -81.369508087184698, 27.976786206676085 ], [ -81.370599087538622, 27.977932206927402 ], [ -81.371208087710571, 27.977771206872809 ], [ -81.371307087738941, 27.97775720686694 ], [ -81.371338087747816, 27.977753206865195 ], [ -81.371470087785696, 27.977737206857956 ], [ -81.371746087864736, 27.977699206841752 ], [ -81.371799087879964, 27.977692206838721 ], [ -81.372007087939565, 27.977665206826909 ], [ -81.372153087981403, 27.977646206818616 ], [ -81.37230308802441, 27.977626206809951 ], [ -81.372357088039024, 27.977593206800595 ], [ -81.372385088046428, 27.977568206793727 ], [ -81.372605088104322, 27.977380206742477 ], [ -81.373047088222421, 27.977053206651799 ], [ -81.373097088236506, 27.977039206647113 ], [ -81.373137088247987, 27.977034206644905 ], [ -81.373173088258326, 27.977029206642747 ], [ -81.373214088270302, 27.977031206642234 ], [ -81.373292088293624, 27.9770512066451 ], [ -81.373371088317029, 27.977064206646308 ], [ -81.373612088387887, 27.97708920664628 ], [ -81.373671088405459, 27.977101206647752 ], [ -81.37375408842982, 27.977108206647333 ], [ -81.373807088447322, 27.97717420666206 ], [ -81.373847088461474, 27.977252206680003 ], [ -81.373930088493594, 27.977503206739009 ], [ -81.374491088668236, 27.977862206812155 ], [ -81.374628088710907, 27.977950206830123 ], [ -81.375009088829529, 27.978195206880109 ], [ -81.375257088901293, 27.978184206871212 ], [ -81.375411088946805, 27.978206206872674 ], [ -81.375672089022189, 27.978189206861959 ], [ -81.375771089051, 27.978190206859683 ], [ -81.376185089174285, 27.97828220687164 ], [ -81.376508089267432, 27.978256206857161 ], [ -81.376743089394409, 27.980089207297141 ], [ -81.376731089400266, 27.980380207368238 ], [ -81.3767300894296, 27.981305207593273 ], [ -81.376742089449934, 27.981833207721451 ], [ -81.376600089409379, 27.981855207730394 ], [ -81.376438089363688, 27.981899207745162 ], [ -81.376537089400529, 27.98215120780398 ], [ -81.376550089406265, 27.982212207818495 ], [ -81.376630089433036, 27.982322207843243 ], [ -81.376790089501512, 27.983008208006062 ], [ -81.376647089460889, 27.983037208016725 ], [ -81.37650408942028, 27.983067208027656 ], [ -81.376360089379332, 27.983097208038565 ], [ -81.376216089338413, 27.983126208049224 ], [ -81.376332089383951, 27.983495208136102 ], [ -81.376558089474088, 27.984258208316007 ], [ -81.377873089998246, 27.988685209359637 ], [ -81.378052090070042, 27.989301209504994 ], [ -81.378374090187535, 27.990044209677581 ], [ -81.378381090192562, 27.990138209700255 ], [ -81.378319090178209, 27.990253209729794 ], [ -81.378325090181249, 27.99029220973912 ], [ -81.378393090202209, 27.990330209746638 ], [ -81.378566090259383, 27.990545209794572 ], [ -81.37873409031674, 27.990809209854557 ], [ -81.378826090350742, 27.991035209907206 ], [ -81.378925090391107, 27.991398209993001 ], [ -81.378975090412709, 27.991618210045207 ], [ -81.378962090417602, 27.991888210111206 ], [ -81.378925090416701, 27.992196210187039 ], [ -81.378919090419544, 27.992339210222021 ], [ -81.379092090488399, 27.992917210358208 ], [ -81.379172090522403, 27.993253210437903 ], [ -81.379191090534988, 27.993473210490922 ], [ -81.379178090549857, 27.994056210633069 ], [ -81.37923409058223, 27.99455721075352 ], [ -81.379265090603909, 27.99495321084904 ], [ -81.379314090627673, 27.99525021092002 ], [ -81.37935709065961, 27.995856211066332 ], [ -81.379363090685715, 27.996615211250738 ], [ -81.379301090679505, 27.996984211342081 ], [ -81.379306090724313, 27.998337211670993 ], [ -81.379214090708203, 27.998668211753827 ], [ -81.379157090698357, 27.998877211806075 ], [ -81.379176090708739, 27.999031211843057 ], [ -81.379213090722359, 27.999119211863533 ], [ -81.379275090741956, 27.999168211873851 ], [ -81.379504090813185, 27.999312211903099 ], [ -81.37957809083872, 27.999438211931878 ], [ -81.379783090912085, 27.999867212031013 ], [ -81.379801090919827, 27.999945212049514 ], [ -81.379794090919717, 28.000005212064305 ], [ -81.379502090849996, 28.000479212186939 ], [ -81.379428090833258, 28.000627212224828 ], [ -81.379174090770633, 28.0009792123168 ], [ -81.379074090744766, 28.001078212343451 ], [ -81.378733090659708, 28.001518212459015 ], [ -81.378541090609687, 28.00170021250813 ], [ -81.378460090590565, 28.001837212543492 ], [ -81.378243090533957, 28.002041212598584 ], [ -81.378175090518226, 28.002167212630951 ], [ -81.377678090395193, 28.00283821280669 ], [ -81.377449090339596, 28.003180212895661 ], [ -81.377306090305908, 28.003427212959334 ], [ -81.377151090270331, 28.003724213035468 ], [ -81.377095090258152, 28.003851213067762 ], [ -81.376958090231881, 28.004274213174114 ], [ -81.376927090226914, 28.00440121320576 ], [ -81.376896090224108, 28.004594213253505 ], [ -81.376815090210414, 28.00490221333046 ], [ -81.376778090202862, 28.005001213355442 ], [ -81.376753090198932, 28.005105213381363 ], [ -81.376679090183728, 28.00530321343134 ], [ -81.376623090174718, 28.005529213487716 ], [ -81.376511090152732, 28.005859213570812 ], [ -81.376368090134449, 28.006585213750967 ], [ -81.376356090135175, 28.006717213783347 ], [ -81.376306090127187, 28.006921213834225 ], [ -81.376275090121311, 28.007020213859136 ], [ -81.376157090096029, 28.007301213930422 ], [ -81.376113090087273, 28.007427213962178 ], [ -81.376101090089449, 28.007603214005226 ], [ -81.376076090085718, 28.00771321403262 ], [ -81.376026090086853, 28.008203214153053 ], [ -81.375945090071994, 28.008473214220746 ], [ -81.375858090053555, 28.008687214275 ], [ -81.375666090003548, 28.008869214324115 ], [ -81.375585089981584, 28.008918214338074 ], [ -81.37539908992963, 28.008984214358819 ], [ -81.375319089906512, 28.008990214362289 ], [ -81.375213089873711, 28.008929214350115 ], [ -81.375096089836887, 28.008841214331675 ], [ -81.375003089808601, 28.008802214324561 ], [ -81.374166089539415, 28.007999214150438 ], [ -81.37342708930737, 28.007465214039232 ], [ -81.372044088882618, 28.006762213903251 ], [ -81.370829088516558, 28.006366213837705 ], [ -81.369843088223789, 28.006179213817095 ], [ -81.368808087920314, 28.006102213824576 ], [ -81.367642087583491, 28.006174213871514 ], [ -81.366383087221237, 28.006296213932973 ], [ -81.366154087154641, 28.006296213938761 ], [ -81.366011087111843, 28.006258213933179 ], [ -81.366005087107254, 28.006170213911929 ], [ -81.366488087236803, 28.005828213816546 ], [ -81.366656087278059, 28.005592213754891 ], [ -81.366891087331226, 28.005118213633683 ], [ -81.366854087314991, 28.004948213593316 ], [ -81.366786087292397, 28.004860213573618 ], [ -81.366761087284786, 28.004849213571564 ], [ -81.366668087257892, 28.004854213575108 ], [ -81.36661808724476, 28.004898213587076 ], [ -81.366439087202934, 28.005217213669148 ], [ -81.366395087191236, 28.005251213678569 ], [ -81.36633308717407, 28.00527821368669 ], [ -81.366191087133316, 28.005295213694431 ], [ -81.366104087107473, 28.005278213692481 ], [ -81.366017087080593, 28.005229213682757 ], [ -81.365725086987723, 28.004981213629833 ], [ -81.365657086967218, 28.004959213626197 ], [ -81.364981086761432, 28.004673213573707 ], [ -81.364516086627589, 28.004717213596145 ], [ -81.364336086576344, 28.004751213609001 ], [ -81.364182086533091, 28.00480021362479 ], [ -81.363890086452244, 28.004927213663091 ], [ -81.363617086376053, 28.005026213694041 ], [ -81.363239086271747, 28.005202213746401 ], [ -81.363010086209556, 28.005340213785736 ], [ -81.362725086132698, 28.005527213838395 ], [ -81.36262008611061, 28.005791213905265 ], [ -81.362582086104482, 28.005945213943672 ], [ -81.362570086108079, 28.006165213997505 ], [ -81.36260108612538, 28.006424214059695 ], [ -81.362595086125069, 28.006468214070544 ], [ -81.362564086117828, 28.006523214084719 ], [ -81.36255808611817, 28.006589214100881 ], [ -81.362521086109751, 28.006661214119358 ], [ -81.362539086118815, 28.006782214148323 ], [ -81.362558086125588, 28.006820214157074 ], [ -81.362639086151447, 28.006892214172549 ], [ -81.362806086203008, 28.00698521419093 ], [ -81.363228086329656, 28.007106214209678 ], [ -81.36350108641345, 28.007244214236394 ], [ -81.363575086435475, 28.007260214238364 ], [ -81.363600086443327, 28.007277214241881 ], [ -81.363730086479492, 28.007227214226443 ], [ -81.363873086520272, 28.007200214216283 ], [ -81.363959086544156, 28.007167214206063 ], [ -81.363990086553386, 28.007172214206467 ], [ -81.364003086557645, 28.007188214210053 ], [ -81.364028086565312, 28.007199214212122 ], [ -81.364040086569673, 28.007227214218631 ], [ -81.364065086581718, 28.007376214254204 ], [ -81.364065086584702, 28.007469214276849 ], [ -81.3640460865834, 28.007601214309382 ], [ -81.363972086570016, 28.00785421437282 ], [ -81.363824086546728, 28.00847121452659 ], [ -81.363737086528346, 28.008685214580858 ], [ -81.363694086521321, 28.008856214623481 ], [ -81.363539086490704, 28.009307214737078 ], [ -81.363223086432015, 28.010342214996761 ], [ -81.363136086414656, 28.010590215059253 ], [ -81.363099086408795, 28.010744215097649 ], [ -81.363025086401265, 28.011179215205278 ], [ -81.362982086399711, 28.011520215289284 ], [ -81.362963086405273, 28.011866215373921 ], [ -81.362970086414919, 28.012103215431356 ], [ -81.362957086420877, 28.01240621550539 ], [ -81.362976086433818, 28.012637215561085 ], [ -81.363032086457835, 28.012879215618515 ], [ -81.363187086532065, 28.013787215835368 ], [ -81.363386086609907, 28.014409215981587 ], [ -81.363436086627985, 28.014519216007098 ], [ -81.363554086673034, 28.014854216085595 ], [ -81.363659086709447, 28.015036216127168 ], [ -81.363690086722869, 28.015173216159717 ], [ -81.363765086750519, 28.01535521620205 ], [ -81.363833086774719, 28.015493216233867 ], [ -81.363908086808323, 28.01586121632144 ], [ -81.363914086812727, 28.015944216341499 ], [ -81.363895086815376, 28.016197216403476 ], [ -81.363908086825106, 28.016384216448607 ], [ -81.363896086823786, 28.01645021646496 ], [ -81.363896086826443, 28.016533216485147 ], [ -81.36394608685687, 28.017028216604263 ], [ -81.36393308685642, 28.017132216629889 ], [ -81.363946086863223, 28.0172262166524 ], [ -81.363927086861736, 28.017352216683481 ], [ -81.363927086865814, 28.017479216714378 ], [ -81.363902086866318, 28.017721216773882 ], [ -81.363871086859987, 28.017804216794872 ], [ -81.363791086840223, 28.017914216823574 ], [ -81.363741086826408, 28.017936216830186 ], [ -81.363673086806998, 28.017947216834607 ], [ -81.363611086788367, 28.017930216832035 ], [ -81.363568086775871, 28.017930216833115 ], [ -81.363307086696452, 28.017820216812961 ], [ -81.363214086669359, 28.017820216815313 ], [ -81.36310908663836, 28.01780421681412 ], [ -81.363034086615784, 28.017782216810673 ], [ -81.362749086533654, 28.01780421682323 ], [ -81.362588086487534, 28.017826216832653 ], [ -81.362476086455871, 28.017854216842281 ], [ -81.361900086295009, 28.018063216907635 ], [ -81.361813086271312, 28.018113216921989 ], [ -81.36167708623546, 28.018228216953386 ], [ -81.361509086193507, 28.018443217009921 ], [ -81.361305086140888, 28.018652217065899 ], [ -81.361243086126024, 28.018751217091545 ], [ -81.361162086104741, 28.018823217111116 ], [ -81.361020086069118, 28.018999217157511 ], [ -81.360852086027649, 28.019230217217885 ], [ -81.360784086011606, 28.019346217247811 ], [ -81.360586085965707, 28.019709217341074 ], [ -81.360499085948717, 28.01996821740628 ], [ -81.360450085939775, 28.020133217447619 ], [ -81.360301085905746, 28.020424217522127 ], [ -81.360245085891265, 28.020479217536899 ], [ -81.360177085876217, 28.020628217574878 ], [ -81.360109085865616, 28.020914217646148 ], [ -81.36001208585354, 28.021416217770632 ], [ -81.360010085853489, 28.021432217774603 ], [ -81.359948085857539, 28.022120217943399 ], [ -81.359942085863736, 28.022367218003609 ], [ -81.359948085867771, 28.022439218020967 ], [ -81.359905085858259, 28.022532218044706 ], [ -81.359855085845851, 28.022598218061976 ], [ -81.359812085837405, 28.022725218093953 ], [ -81.359800085835516, 28.022774218106171 ], [ -81.359806085839026, 28.022829218119416 ], [ -81.359843085852972, 28.022928218142528 ], [ -81.359843085854934, 28.022989218157374 ], [ -81.359794085844541, 28.02311021818803 ], [ -81.359794085846488, 28.023171218202851 ], [ -81.359756085836693, 28.023209218213079 ], [ -81.359732085831482, 28.023264218227023 ], [ -81.359521085775924, 28.023446218276607 ], [ -81.359341085727621, 28.023572218311813 ], [ -81.358932085616814, 28.02382621838392 ], [ -81.35855408551339, 28.024029218442827 ], [ -81.358331085452761, 28.024162218480818 ], [ -81.358089085388258, 28.024343218530923 ], [ -81.357971085356269, 28.024415218551397 ], [ -81.357890085334816, 28.024481218569509 ], [ -81.357804085311543, 28.02453621858508 ], [ -81.357704085283558, 28.024569218595591 ], [ -81.357432085206554, 28.024635218618549 ], [ -81.356997085084245, 28.024767218661641 ], [ -81.356756085017196, 28.024861218690585 ], [ -81.356253084874709, 28.024982218732703 ], [ -81.355875084766538, 28.025037218755671 ], [ -81.355640084699601, 28.025081218772318 ], [ -81.355491084657515, 28.025120218785588 ], [ -81.355360084621083, 28.025170218801041 ], [ -81.355063084540674, 28.025357218854005 ], [ -81.354598084419919, 28.025808218975403 ], [ -81.354462084383741, 28.025913219004405 ], [ -81.354381084361719, 28.025962219018364 ], [ -81.35413908429399, 28.026045219044658 ], [ -81.354065084272818, 28.026056219049192 ], [ -81.353997084252867, 28.026050219049463 ], [ -81.35394108423769, 28.026084219059126 ], [ -81.353897084226304, 28.026128219070927 ], [ -81.353879084224388, 28.026232219096695 ], [ -81.353879084226008, 28.026282219108836 ], [ -81.353897084233537, 28.026353219125642 ], [ -81.35397208425853, 28.026452219147842 ], [ -81.35409008429599, 28.026551219168905 ], [ -81.354108084302666, 28.026595219179157 ], [ -81.35418908432942, 28.026694219201136 ], [ -81.354201084334306, 28.026738219211552 ], [ -81.354195084339992, 28.026969219267908 ], [ -81.354183084338274, 28.027025219281796 ], [ -81.354245084359817, 28.027134219306728 ], [ -81.354320084383573, 28.02719521931968 ], [ -81.35435008439255, 28.027201219320379 ], [ -81.35459808446376, 28.027173219307304 ], [ -81.355033084591483, 28.027211219305492 ], [ -81.355312084672818, 28.027217219299956 ], [ -81.355591084755943, 28.027277219307422 ], [ -81.355684084783007, 28.027277219305066 ], [ -81.356093084899811, 28.027211219278676 ], [ -81.356199084930665, 28.027211219275991 ], [ -81.356403084993161, 28.027310219294957 ], [ -81.356496085020581, 28.027321219295228 ], [ -81.357073085183984, 28.027183219247089 ], [ -81.357284085241801, 28.027073219215001 ], [ -81.357383085269674, 28.027045219205707 ], [ -81.357445085288077, 28.027056219206791 ], [ -81.357476085298174, 28.027089219214034 ], [ -81.357420085284744, 28.027178219237108 ], [ -81.357278085245568, 28.027244219256744 ], [ -81.356769085101732, 28.027376219301743 ], [ -81.355082084621472, 28.027701219423395 ], [ -81.354946084583531, 28.027751219438972 ], [ -81.354568084480647, 28.027971219502028 ], [ -81.354517084468199, 28.028044219521071 ], [ -81.354444084450407, 28.028152219549195 ], [ -81.354444084451927, 28.028199219560602 ], [ -81.354444084452723, 28.028224219566667 ], [ -81.354456084458178, 28.028286219581453 ], [ -81.354475084466529, 28.028373219602141 ], [ -81.354574084494999, 28.028362219596996 ], [ -81.354611084506445, 28.028384219601342 ], [ -81.354636084514581, 28.028411219607328 ], [ -81.354661084523258, 28.028455219617388 ], [ -81.354748084555993, 28.028686219671325 ], [ -81.354804084575818, 28.028796219696673 ], [ -81.354878084599804, 28.028873219713489 ], [ -81.354946084622611, 28.028967219734611 ], [ -81.354928084621605, 28.029099219767154 ], [ -81.354804084591564, 28.029286219815795 ], [ -81.354779084589453, 28.029446219855355 ], [ -81.354792084596198, 28.029539219877606 ], [ -81.354779084595464, 28.029633219900763 ], [ -81.354798084603814, 28.029721219921708 ], [ -81.354897084638978, 28.029919219967336 ], [ -81.354953084657694, 28.029996219984614 ], [ -81.355059084691533, 28.030089220004523 ], [ -81.355133084714453, 28.030133220013361 ], [ -81.355257084752509, 28.030194220025077 ], [ -81.355375084788236, 28.030238220032782 ], [ -81.355592084853313, 28.030298220041836 ], [ -81.355803084917468, 28.030386220057895 ], [ -81.355952084964215, 28.030491220079671 ], [ -81.35604508499425, 28.030584220099936 ], [ -81.356101085015467, 28.030738220135952 ], [ -81.356095085017131, 28.030843220161657 ], [ -81.356119085026208, 28.030909220177083 ], [ -81.356126085030951, 28.030992220197067 ], [ -81.355977084996411, 28.031267220267722 ], [ -81.355971084997677, 28.03136022029048 ], [ -81.355977085003659, 28.031492220322413 ], [ -81.355996085011313, 28.031558220337928 ], [ -81.356064085034603, 28.031668220362967 ], [ -81.356145085061328, 28.031767220385014 ], [ -81.356256085095936, 28.031839220399696 ], [ -81.356386085134972, 28.031877220405651 ], [ -81.356498085167587, 28.031877220402837 ], [ -81.356573085188671, 28.031855220395578 ], [ -81.356690085220606, 28.031789220376563 ], [ -81.356752085236835, 28.031734220361589 ], [ -81.356870085269065, 28.03166822034256 ], [ -81.356914085281701, 28.031663220340253 ], [ -81.35703808531828, 28.031679220341015 ], [ -81.357087085333916, 28.031723220350475 ], [ -81.357087085335323, 28.031767220361171 ], [ -81.357062085330895, 28.031855220383196 ], [ -81.357025085320657, 28.031872220388212 ], [ -81.356976085308006, 28.031921220401408 ], [ -81.356821085265736, 28.03200922042668 ], [ -81.356795085258767, 28.032027220431711 ], [ -81.356517085184421, 28.032229220487878 ], [ -81.35620708510362, 28.032521220566704 ], [ -81.356095085075481, 28.032659220603087 ], [ -81.356058085066678, 28.032719220618628 ], [ -81.356027085061356, 28.032835220647598 ], [ -81.356021085062096, 28.032912220666503 ], [ -81.356040085073289, 28.033088220708763 ], [ -81.356077085085289, 28.033127220717326 ], [ -81.356120085098283, 28.033143220720149 ], [ -81.356178085115189, 28.03314322071866 ], [ -81.356195085119793, 28.033132220715537 ], [ -81.356238085124886, 28.032901220658317 ], [ -81.356337085148709, 28.032747220618344 ], [ -81.356387085161998, 28.032708220607645 ], [ -81.35642408517225, 28.032692220602812 ], [ -81.356511085197354, 28.03268622059916 ], [ -81.356567085214351, 28.032708220603102 ], [ -81.356598085225016, 28.032758220614443 ], [ -81.356685085252877, 28.032840220632146 ], [ -81.356821085298307, 28.03302222067294 ], [ -81.356902085321693, 28.033016220669456 ], [ -81.356939085330893, 28.032967220656619 ], [ -81.356945085331731, 28.032939220649663 ], [ -81.356933085322893, 28.032774220609838 ], [ -81.356957085326883, 28.032681220586635 ], [ -81.357088085359507, 28.032510220541763 ], [ -81.357261085407174, 28.032427220517196 ], [ -81.357751085540016, 28.0321252204314 ], [ -81.357869085571451, 28.032036220406788 ], [ -81.358160085654177, 28.031976220384795 ], [ -81.358439085734759, 28.031959220373597 ], [ -81.358514085756809, 28.031965220373188 ], [ -81.35866308580718, 28.032185220422846 ], [ -81.358669085809822, 28.032212220429326 ], [ -81.358657085808076, 28.032267220442968 ], [ -81.358694085820986, 28.032333220458074 ], [ -81.358774085846889, 28.032416220476264 ], [ -81.358799085855381, 28.032454220484823 ], [ -81.358867085875872, 28.032476220488462 ], [ -81.358917085890809, 28.032487220489877 ], [ -81.35899808591418, 28.032482220486564 ], [ -81.359060085932384, 28.032487220486264 ], [ -81.359432086037728, 28.032399220455449 ], [ -81.359686086108653, 28.032306220426431 ], [ -81.35979808614033, 28.032278220416753 ], [ -81.359946086182788, 28.032261220408898 ], [ -81.360095086226693, 28.032278220409232 ], [ -81.360201086259664, 28.032344220422583 ], [ -81.360232086269534, 28.032371220428416 ], [ -81.360257086278054, 28.032410220437221 ], [ -81.360288086289685, 28.032492220456387 ], [ -81.360281086289277, 28.032542220468709 ], [ -81.360251086283554, 28.032635220492079 ], [ -81.36023808628066, 28.032663220499238 ], [ -81.360114086249069, 28.032801220535926 ], [ -81.360027086225315, 28.032850220550014 ], [ -81.360002086220163, 28.032916220566701 ], [ -81.360065086241534, 28.033010220587961 ], [ -81.360077086246193, 28.033048220596903 ], [ -81.360120086259641, 28.033076220602609 ], [ -81.36014508626775, 28.033103220608531 ], [ -81.360226086295071, 28.033219220634663 ], [ -81.360232086297657, 28.033246220641068 ], [ -81.3602260862977, 28.033301220654604 ], [ -81.360189086291697, 28.033450220691734 ], [ -81.360220086302661, 28.033510220705558 ], [ -81.36032508633356, 28.033521220705612 ], [ -81.36037508634702, 28.033488220696285 ], [ -81.360412086355865, 28.033428220680808 ], [ -81.360443086362039, 28.033340220658626 ], [ -81.360455086362876, 28.03325722063812 ], [ -81.360437086354082, 28.033147220611848 ], [ -81.360412086344709, 28.033081220596436 ], [ -81.360387086330917, 28.032878220547708 ], [ -81.360424086339705, 28.032817220531907 ], [ -81.360474086353207, 28.032784220522668 ], [ -81.360530086367348, 28.032718220505206 ], [ -81.36063508639613, 28.032663220489201 ], [ -81.360765086430931, 28.032569220463014 ], [ -81.360840086445151, 28.032333220403764 ], [ -81.36082108643059, 28.032052220335913 ], [ -81.360796086421004, 28.031980220319049 ], [ -81.360740086401151, 28.03187022029373 ], [ -81.360653086371485, 28.031733220262616 ], [ -81.360560086337344, 28.031513220211483 ], [ -81.360541086329732, 28.031447220195993 ], [ -81.360548086330837, 28.031419220188948 ], [ -81.360591086342311, 28.031386220179872 ], [ -81.360765086389932, 28.031293220152865 ], [ -81.360975086449031, 28.031232220132715 ], [ -81.361168086504989, 28.031226220126392 ], [ -81.361354086559786, 28.031248220127015 ], [ -81.361658086650479, 28.031320220136802 ], [ -81.361769086685271, 28.031397220152691 ], [ -81.361813086701758, 28.031512220179533 ], [ -81.361794086697472, 28.03155122018951 ], [ -81.361763086689535, 28.03158422019834 ], [ -81.361751086688145, 28.031650220214708 ], [ -81.36172008668072, 28.031699220227381 ], [ -81.361708086679869, 28.031782220247838 ], [ -81.361726086691476, 28.031980220295502 ], [ -81.361782086712594, 28.032129220330326 ], [ -81.361881086746465, 28.032288220366489 ], [ -81.36193708676474, 28.03234922037991 ], [ -81.362036086795825, 28.032420220394656 ], [ -81.362105086818346, 28.032497220411599 ], [ -81.362179086843412, 28.032607220436486 ], [ -81.362204086853041, 28.032679220453325 ], [ -81.362210086857402, 28.032761220473137 ], [ -81.362347086904506, 28.032987220524614 ], [ -81.362403086922882, 28.033053220539241 ], [ -81.362459086940078, 28.03308022054437 ], [ -81.362545086965994, 28.033108220548971 ], [ -81.362607086984156, 28.033113220548675 ], [ -81.362645086995073, 28.033108220546442 ], [ -81.362713087013589, 28.033069220535296 ], [ -81.36279308703439, 28.032992220514522 ], [ -81.362930087071248, 28.032899220488442 ], [ -81.36301008709323, 28.032860220476937 ], [ -81.363066087109559, 28.032860220475527 ], [ -81.363097087119783, 28.032899220484218 ], [ -81.3631340871313, 28.032921220488642 ], [ -81.363252087170707, 28.033080220524308 ], [ -81.363283087181657, 28.033141220538365 ], [ -81.36360008728947, 28.033625220647959 ], [ -81.363656087309437, 28.033740220674485 ], [ -81.363656087312123, 28.033823220694682 ], [ -81.363687087322162, 28.033856220701953 ], [ -81.363705087329322, 28.03391622071603 ], [ -81.363662087329757, 28.034318220814857 ], [ -81.363675087338848, 28.034483220854614 ], [ -81.363650087335515, 28.034604220884699 ], [ -81.363669087345258, 28.034736220916315 ], [ -81.363687087352929, 28.034813220934556 ], [ -81.363731087368748, 28.034907220956264 ], [ -81.363780087384811, 28.034962220968428 ], [ -81.36383608740428, 28.035061220991071 ], [ -81.36393608743721, 28.035182221017923 ], [ -81.363929087436603, 28.035226221028793 ], [ -81.363948087444101, 28.035287221043159 ], [ -81.363954087452015, 28.035479221089705 ], [ -81.36401608747218, 28.035545221104176 ], [ -81.364085087493507, 28.035584221111876 ], [ -81.364147087512038, 28.035600221114215 ], [ -81.364164087516983, 28.035599221113511 ], [ -81.364246087540664, 28.035595221110505 ], [ -81.364382087577908, 28.035523221089573 ], [ -81.364444087594535, 28.035479221077299 ], [ -81.364686087658029, 28.035264221018881 ], [ -81.364798087686921, 28.035149220988096 ], [ -81.364984087733191, 28.034906220924327 ], [ -81.365083087757185, 28.03475822088588 ], [ -81.365138087771811, 28.034714220873774 ], [ -81.365176087782686, 28.03470822087132 ], [ -81.365207087791163, 28.034692220866678 ], [ -81.365281087812832, 28.034697220866008 ], [ -81.36534308783159, 28.0347192208698 ], [ -81.365455087868753, 28.034862220901687 ], [ -81.365529087892398, 28.034928220915877 ], [ -81.365604087915315, 28.034961220922025 ], [ -81.365678087937368, 28.034978220924231 ], [ -81.365715087947891, 28.034972220921841 ], [ -81.365864087991596, 28.03498322092079 ], [ -81.365970088023147, 28.035005220923445 ], [ -81.366019088038641, 28.035044220931642 ], [ -81.366069088053891, 28.035066220935736 ], [ -81.366137088075945, 28.035137220951256 ], [ -81.366236088106731, 28.035198220963611 ], [ -81.366379088150055, 28.035253220973381 ], [ -81.366547088201898, 28.035346220991737 ], [ -81.366596088218515, 28.035418221007976 ], [ -81.366665088240708, 28.035484221022269 ], [ -81.366714088257069, 28.035550221037074 ], [ -81.366752088272193, 28.035676221066705 ], [ -81.366752088273245, 28.035709221074775 ], [ -81.366727088267879, 28.035770221090232 ], [ -81.366628088242678, 28.03588022111942 ], [ -81.366559088227191, 28.036023221155961 ], [ -81.366553088227036, 28.036072221168027 ], [ -81.366566088232744, 28.036133221182553 ], [ -81.366603088245441, 28.036193221196161 ], [ -81.366665088264952, 28.036238221205512 ], [ -81.366684088271356, 28.036265221211636 ], [ -81.366696088276782, 28.036326221226116 ], [ -81.366690088276115, 28.03635922123431 ], [ -81.366659088268804, 28.03641422124846 ], [ -81.365791088029326, 28.036816221368163 ], [ -81.365692088002262, 28.036871221384004 ], [ -81.365568087969066, 28.036959221408548 ], [ -81.365344087913471, 28.037256221486437 ], [ -81.365276087898465, 28.037405221524352 ], [ -81.365171087872653, 28.037553221563016 ], [ -81.365066087845705, 28.037663221592407 ], [ -81.364927087807288, 28.037727221611437 ], [ -81.364861087789095, 28.037757221620424 ], [ -81.364700087742577, 28.037768221627172 ], [ -81.364483087679005, 28.037752221628814 ], [ -81.36430908762712, 28.037713221623736 ], [ -81.36416008758232, 28.037669221616781 ], [ -81.364005087536441, 28.037642221614167 ], [ -81.363726087459312, 28.037768221651827 ], [ -81.36363908743968, 28.037945221697044 ], [ -81.363590087429856, 28.038082221731592 ], [ -81.363552087425148, 28.038280221780681 ], [ -81.363497087413634, 28.038418221815625 ], [ -81.363323087371327, 28.03867722188301 ], [ -81.363361087390544, 28.038930221943524 ], [ -81.363311087381661, 28.039106221987577 ], [ -81.3633050873852, 28.039271222027821 ], [ -81.363404087427654, 28.039695222128362 ], [ -81.363411087434628, 28.039849222165625 ], [ -81.363367087425885, 28.039975222197356 ], [ -81.36319408737873, 28.040074222225826 ], [ -81.362995087322886, 28.040135222245659 ], [ -81.362822087274978, 28.040212222268799 ], [ -81.362679087236984, 28.040322222299146 ], [ -81.362586087215192, 28.040487222341575 ], [ -81.362555087209557, 28.040592222367906 ], [ -81.362543087210142, 28.040718222398812 ], [ -81.362561087219774, 28.040856222431863 ], [ -81.362549087221808, 28.041027222473758 ], [ -81.362487087215456, 28.04139022256355 ], [ -81.362562087243617, 28.041588222609789 ], [ -81.36264208727151, 28.041731222642515 ], [ -81.362767087312832, 28.041885222676775 ], [ -81.362872087349004, 28.042061222716921 ], [ -81.362947087376156, 28.042226222755104 ], [ -81.362934087379983, 28.042463222813051 ], [ -81.36281008735223, 28.042721222878878 ], [ -81.362637087308698, 28.042931222934339 ], [ -81.362389087242363, 28.043112222984593 ], [ -81.362135087173399, 28.043266223028432 ], [ -81.362048087151365, 28.043366223054946 ], [ -81.361930087120172, 28.043465223081991 ], [ -81.36184908710284, 28.043657223130726 ], [ -81.361868087110508, 28.043723223146291 ], [ -81.361936087132761, 28.043800223163263 ], [ -81.361955087139989, 28.043855223176188 ], [ -81.362110087190757, 28.044031223214986 ], [ -81.362371087271654, 28.044185223245826 ], [ -81.362650087359015, 28.044378223285683 ], [ -81.362824087413998, 28.044515223314558 ], [ -81.362898087438566, 28.044609223335513 ], [ -81.363090087505412, 28.04495022341354 ], [ -81.363351087607299, 28.045759223603525 ], [ -81.363420087631496, 28.045885223632446 ], [ -81.363476087650227, 28.045962223649695 ], [ -81.363662087709102, 28.046111223681226 ], [ -81.36385408776853, 28.04622122370311 ], [ -81.364158087864354, 28.046452223751526 ], [ -81.364295087908602, 28.046589223781343 ], [ -81.364468087968348, 28.046881223847929 ], [ -81.364487087976201, 28.046953223864943 ], [ -81.364512087989283, 28.047134223908277 ], [ -81.364512087996189, 28.047349223960563 ], [ -81.364494087997841, 28.047563224012997 ], [ -81.364444087988474, 28.047723224053133 ], [ -81.364283087953325, 28.048086224145493 ], [ -81.364066087903126, 28.048488224248619 ], [ -81.363948087880502, 28.048851224339899 ], [ -81.363843087864154, 28.04929222444968 ], [ -81.363806087859786, 28.049490224498733 ], [ -81.363794087863525, 28.049715224553729 ], [ -81.363812087873555, 28.049864224589509 ], [ -81.363868087896222, 28.050062224636168 ], [ -81.36398608794012, 28.050359224705407 ], [ -81.364160088003104, 28.050744224794521 ], [ -81.36422808802854, 28.050920224835544 ], [ -81.364309088061518, 28.051212224904447 ], [ -81.364347088079313, 28.051421224954314 ], [ -81.364359088088094, 28.051586224994065 ], [ -81.364341088086391, 28.051696225021292 ], [ -81.364223088067519, 28.052175225140662 ], [ -81.364161088056207, 28.052384225193002 ], [ -81.364130088059952, 28.052780225290036 ], [ -81.364155088072366, 28.052940225328275 ], [ -81.364267088114531, 28.053237225397613 ], [ -81.364329088135747, 28.053336225420118 ], [ -81.364621088230081, 28.053628225483685 ], [ -81.364707088258442, 28.053732225506742 ], [ -81.364788088286218, 28.053864225536781 ], [ -81.364838088306669, 28.054046225579725 ], [ -81.364863088320149, 28.054238225625763 ], [ -81.364919088340983, 28.054381225659089 ], [ -81.365027088385546, 28.054789225755481 ], [ -81.36513608843039, 28.055196225851617 ], [ -81.365124088427734, 28.055223225858519 ], [ -81.365068088413452, 28.055284225874701 ], [ -81.364963088386091, 28.055383225901476 ], [ -81.364721088324004, 28.055642225970502 ], [ -81.364622088301275, 28.055829226018467 ], [ -81.364554088286624, 28.055988226058865 ], [ -81.364529088283433, 28.05611522609032 ], [ -81.364616088319593, 28.056451226169749 ], [ -81.364616088322563, 28.056544226192354 ], [ -81.364572088312613, 28.056632226214866 ], [ -81.364455088280181, 28.056682226229949 ], [ -81.364287088232516, 28.056720226243471 ], [ -81.364163088198097, 28.056770226258742 ], [ -81.364064088173876, 28.056913226296039 ], [ -81.364095088187369, 28.057051226328785 ], [ -81.36413208820143, 28.057155226353075 ], [ -81.36420108822611, 28.05729822638612 ], [ -81.364232088239959, 28.057447226421491 ], [ -81.364250088248696, 28.057557226447777 ], [ -81.364269088270376, 28.058058226569017 ], [ -81.364319088291282, 28.058256226615867 ], [ -81.364387088314402, 28.058360226639433 ], [ -81.364493088348453, 28.058459226660791 ], [ -81.364679088406646, 28.058586226686941 ], [ -81.36491508848205, 28.058795226731721 ], [ -81.364940088492503, 28.058894226755179 ], [ -81.364884088480849, 28.059037226791329 ], [ -81.364933088495931, 28.059064226796639 ], [ -81.364983088512602, 28.059130226811416 ], [ -81.365070088540406, 28.059207226827954 ], [ -81.365138088563029, 28.059295226847563 ], [ -81.365417088653359, 28.059581226910002 ], [ -81.365436088664055, 28.059741226948383 ], [ -81.365424088666799, 28.059934226995594 ], [ -81.36544308867866, 28.060132227043219 ], [ -81.365412088681737, 28.060506227134862 ], [ -81.365468088703835, 28.060687227177407 ], [ -81.36556108873414, 28.060787227199381 ], [ -81.36584608882265, 28.060963227234947 ], [ -81.366336088972616, 28.061193227278363 ], [ -81.366429089001599, 28.061254227290803 ], [ -81.366721089094, 28.061485227339553 ], [ -81.366814089127061, 28.06167222738263 ], [ -81.366796089128428, 28.061876227432649 ], [ -81.366697089105656, 28.062063227480561 ], [ -81.366424089035618, 28.062354227558195 ], [ -81.366194088978006, 28.062641227633769 ], [ -81.366182088986193, 28.063004227722264 ], [ -81.366238089013677, 28.063351227805196 ], [ -81.366269089026602, 28.063472227833767 ], [ -81.366276089033946, 28.063637227873667 ], [ -81.366170089007213, 28.063763227906989 ], [ -81.36591608893805, 28.063912227949597 ], [ -81.365655088866433, 28.064044227988301 ], [ -81.365358088784163, 28.064171228026701 ], [ -81.365227088749251, 28.064270228054063 ], [ -81.36513508872693, 28.064408228089977 ], [ -81.365085088717819, 28.064578228132508 ], [ -81.365060088714657, 28.064705228164026 ], [ -81.365104088732934, 28.064875228204162 ], [ -81.365402088833491, 28.065304228300828 ], [ -81.36549508886533, 28.065453228334686 ], [ -81.365588088898051, 28.065629228375116 ], [ -81.36566308892607, 28.06582222842006 ], [ -81.365719088951963, 28.066119228490852 ], [ -81.365712088957139, 28.066344228545685 ], [ -81.365589088938606, 28.06687822867849 ], [ -81.365576088945446, 28.067208228759029 ], [ -81.365583088953727, 28.067401228805707 ], [ -81.365577088960109, 28.067654228867355 ], [ -81.365502088945959, 28.067891228926815 ], [ -81.365391088920759, 28.068111228983089 ], [ -81.365298088894065, 28.068121228987849 ], [ -81.365205088867398, 28.068133228993151 ], [ -81.365118088843673, 28.068183229007506 ], [ -81.365012088814254, 28.068227229020874 ], [ -81.363859088505535, 28.069053229250823 ], [ -81.363784088487463, 28.069168229280667 ], [ -81.363146088319411, 28.06971322942923 ], [ -81.362973088271971, 28.069801229454995 ], [ -81.362681088191835, 28.069950229498627 ], [ -81.362445088125114, 28.070011229519402 ], [ -81.362147088036863, 28.069961229514814 ], [ -81.361998087990486, 28.069868229496038 ], [ -81.361886087953991, 28.069747229469492 ], [ -81.361731087900452, 28.069483229409276 ], [ -81.361675087876321, 28.069240229351639 ], [ -81.361619087858273, 28.069185229339727 ], [ -81.361495087818625, 28.069075229316137 ], [ -81.36135908777608, 28.068982229297017 ], [ -81.361216087732885, 28.068932229288436 ], [ -81.361055087682658, 28.068828229267289 ], [ -81.360875087628003, 28.068757229254629 ], [ -81.360726087581313, 28.068652229232892 ], [ -81.36059508753965, 28.068542229209481 ], [ -81.360521087515465, 28.068459229191177 ], [ -81.36046508749844, 28.068437229187246 ], [ -81.360422087484508, 28.068393229177683 ], [ -81.360099087387368, 28.068294229161797 ], [ -81.359621087246978, 28.068251229163483 ], [ -81.359243087133621, 28.068146229147573 ], [ -81.359026087069267, 28.06810822914386 ], [ -81.358901087034155, 28.068146229156273 ], [ -81.358833087017402, 28.06824022918082 ], [ -81.358616086957809, 28.06835022921306 ], [ -81.35854808693891, 28.068377229221348 ], [ -81.35838708689208, 28.068377229225419 ], [ -81.358331086875054, 28.068355229221488 ], [ -81.358301086864216, 28.068289229206229 ], [ -81.358319086866629, 28.068201229184378 ], [ -81.35843608689747, 28.068102229157372 ], [ -81.358449086899483, 28.068047229143669 ], [ -81.358431086892679, 28.067998229132218 ], [ -81.358338086863114, 28.067921229115882 ], [ -81.358190086818794, 28.067882229110158 ], [ -81.357923086740101, 28.067850229109126 ], [ -81.357491086611262, 28.067751229096039 ], [ -81.357323086561678, 28.067728229094726 ], [ -81.356798086409583, 28.067749229113154 ], [ -81.356142086212216, 28.067545229080224 ], [ -81.356001086169087, 28.067479229067789 ], [ -81.355698086081162, 28.067485229076894 ], [ -81.355567086043564, 28.067501229084133 ], [ -81.355475086016085, 28.067479229081119 ], [ -81.355407085995424, 28.067451229076035 ], [ -81.355401085991517, 28.067385229060164 ], [ -81.355426085995262, 28.067276229033041 ], [ -81.355593086037885, 28.067090228983631 ], [ -81.355525086015234, 28.067002228963958 ], [ -81.355445085990709, 28.066963228956489 ], [ -81.355352085962792, 28.066936228952311 ], [ -81.355197085916785, 28.06690822894944 ], [ -81.355153085904178, 28.066914228952008 ], [ -81.355029085868665, 28.066930228959055 ], [ -81.354873085824508, 28.066968228972197 ], [ -81.354749085790587, 28.067035228991632 ], [ -81.354699085778876, 28.067123229014296 ], [ -81.35462408576403, 28.067339229068686 ], [ -81.35457508575297, 28.067438229093973 ], [ -81.35451808573815, 28.06749322910882 ], [ -81.354388085700322, 28.067493229112092 ], [ -81.354225085651166, 28.067438229102855 ], [ -81.354064085601095, 28.067338229082662 ], [ -81.353939085561663, 28.067243229062694 ], [ -81.353696085487499, 28.067134229042416 ], [ -81.353497085427406, 28.067066229030964 ], [ -81.353316085374615, 28.067061229034305 ], [ -81.353185085337728, 28.067100229047117 ], [ -81.353042085297929, 28.067155229064142 ], [ -81.352911085263884, 28.067281229098036 ], [ -81.352949085277771, 28.067370229118691 ], [ -81.35308008531679, 28.067398229122148 ], [ -81.353310085383328, 28.067387229113695 ], [ -81.353410085412804, 28.067398229113802 ], [ -81.353478085435086, 28.067476229131056 ], [ -81.353490085440313, 28.067531229144073 ], [ -81.353379085411632, 28.067641229173628 ], [ -81.353216085365744, 28.067690229189648 ], [ -81.353029085310666, 28.067668229189053 ], [ -81.352893085269542, 28.067619229180604 ], [ -81.35269908521451, 28.067663229196221 ], [ -81.352506085160869, 28.067740229219858 ], [ -81.35234408511765, 28.067861229253349 ], [ -81.352188085077202, 28.068014229294501 ], [ -81.352096085053404, 28.06810522931892 ], [ -81.351860084986981, 28.06817622934215 ], [ -81.351457084871171, 28.06822022936306 ], [ -81.351308084829981, 28.068286229382903 ], [ -81.351072084766471, 28.068446229427757 ], [ -81.35075008467588, 28.068540229458751 ], [ -81.350483084599404, 28.068578229474777 ], [ -81.350309084547703, 28.068545229471138 ], [ -81.35022208452061, 28.068490229460004 ], [ -81.350117084487977, 28.068424229446627 ], [ -81.350024084458795, 28.068358229432956 ], [ -81.349695084354053, 28.068078229373278 ], [ -81.349571084312444, 28.067907229334864 ], [ -81.349472084282255, 28.06786322932669 ], [ -81.349304084231619, 28.067808229317606 ], [ -81.348988084138114, 28.067759229313669 ], [ -81.348795084081402, 28.067742229314469 ], [ -81.348640084037385, 28.067775229326394 ], [ -81.348578084019877, 28.06779222933212 ], [ -81.348398083971048, 28.067902229363408 ], [ -81.347995083868568, 28.068359229484649 ], [ -81.347871083834804, 28.068430229505033 ], [ -81.347679083781046, 28.068496229525955 ], [ -81.347536083743222, 28.068612229557761 ], [ -81.34732508369305, 28.068959229647451 ], [ -81.347226083670051, 28.069140229693954 ], [ -81.347084083639956, 28.069487229781824 ], [ -81.347034083628813, 28.069592229808638 ], [ -81.346966083612216, 28.069691229834383 ], [ -81.346935083603185, 28.069692229835404 ], [ -81.346860083581518, 28.069696229838282 ], [ -81.346835083570895, 28.069592229813686 ], [ -81.346804083554261, 28.069355229756848 ], [ -81.346742083534451, 28.069300229745092 ], [ -81.346562083482269, 28.06930622975111 ], [ -81.346482083459833, 28.069333229759675 ], [ -81.346414083442042, 28.069394229776226 ], [ -81.346358083428967, 28.069493229801679 ], [ -81.346339083429257, 28.069674229846136 ], [ -81.346358083438346, 28.069784229872397 ], [ -81.346445083470783, 28.070005229923904 ], [ -81.34647608348368, 28.0701262299525 ], [ -81.346482083488624, 28.070225229976426 ], [ -81.346470083488697, 28.070335230003465 ], [ -81.346389083474847, 28.07063723007888 ], [ -81.34639508348225, 28.070813230121484 ], [ -81.346420083494664, 28.070973230159723 ], [ -81.346489083523153, 28.071232230220922 ], [ -81.346694083598905, 28.071732230337208 ], [ -81.346756083622566, 28.071908230378387 ], [ -81.346818083649879, 28.072195230446503 ], [ -81.346830083656954, 28.072305230472917 ], [ -81.346979083710181, 28.072613230543979 ], [ -81.34702908373167, 28.072827230594697 ], [ -81.34701008373095, 28.072976230631394 ], [ -81.346992083726931, 28.073014230641096 ], [ -81.346942083712776, 28.073026230645254 ], [ -81.346927083708266, 28.073022230644678 ], [ -81.346880083694188, 28.073009230642743 ], [ -81.346855083686208, 28.072987230638027 ], [ -81.346719083644331, 28.072915230623952 ], [ -81.346675083631354, 28.072910230623854 ], [ -81.346557083598114, 28.072943230634902 ], [ -81.346489083581531, 28.073042230660661 ], [ -81.346477083581405, 28.073147230686494 ], [ -81.346502083609806, 28.073802230844983 ], [ -81.346577083670098, 28.074996231133156 ], [ -81.346564083670415, 28.075122231164084 ], [ -81.346589083682133, 28.075260231197031 ], [ -81.346614083689929, 28.075276231200228 ], [ -81.34669508371384, 28.075287231200868 ], [ -81.346763083733137, 28.075271231195245 ], [ -81.346868083760981, 28.075188231172412 ], [ -81.346881083763321, 28.075144231161371 ], [ -81.346899083759553, 28.074864231092914 ], [ -81.346930083766239, 28.074792231074639 ], [ -81.346925083764205, 28.074774231070407 ], [ -81.34694908377034, 28.07474823106346 ], [ -81.346965083774876, 28.074743231061863 ], [ -81.346986083780763, 28.074737231059828 ], [ -81.347017083789765, 28.074737231059039 ], [ -81.347054083801609, 28.074770231066157 ], [ -81.347098083822388, 28.075017231125045 ], [ -81.347098083832861, 28.075342231203972 ], [ -81.347185083866293, 28.075595231263215 ], [ -81.34727208389657, 28.075749231298428 ], [ -81.347334083919591, 28.07590323133428 ], [ -81.347334083923883, 28.076036231366597 ], [ -81.347303083917893, 28.076129231389981 ], [ -81.347247083903696, 28.076195231407429 ], [ -81.347189083890257, 28.07630023143442 ], [ -81.347079083864628, 28.076498231485342 ], [ -81.347023083856286, 28.076745231546695 ], [ -81.34700408385234, 28.076795231559387 ], [ -81.346968083848836, 28.077009231612269 ], [ -81.346981083858267, 28.077186231654952 ], [ -81.347024083878594, 28.077428231712638 ], [ -81.347111083909041, 28.077587231749078 ], [ -81.347229083947965, 28.077730231780787 ], [ -81.347359083989005, 28.077829231801573 ], [ -81.347428084011739, 28.077912231819941 ], [ -81.347465084030333, 28.078154231877804 ], [ -81.347384084012788, 28.078341231925261 ], [ -81.347279083995232, 28.078743232025623 ], [ -81.347248084006267, 28.079365232177505 ], [ -81.347261084020374, 28.079684232254667 ], [ -81.347230084016289, 28.079838232292886 ], [ -81.347230084026776, 28.080163232371799 ], [ -81.347261084040596, 28.080311232406991 ], [ -81.34731708405991, 28.080405232428419 ], [ -81.347404084087174, 28.08046523244079 ], [ -81.347484084110803, 28.080476232441406 ], [ -81.347571084136149, 28.080476232439192 ], [ -81.347652084158426, 28.080438232427948 ], [ -81.347788084192828, 28.080278232385563 ], [ -81.347863084211312, 28.080174232358448 ], [ -81.347968084239525, 28.080102232338305 ], [ -81.348074084269456, 28.080074232328752 ], [ -81.348154084292702, 28.080074232326744 ], [ -81.348216084311289, 28.080091232329302 ], [ -81.348241084320335, 28.080146232342052 ], [ -81.348074084280853, 28.080427232414522 ], [ -81.347999084265084, 28.080614232461851 ], [ -81.348030084276559, 28.080691232479801 ], [ -81.348086084294764, 28.080751232492911 ], [ -81.348161084318377, 28.080806232504401 ], [ -81.348241084343044, 28.080850232513061 ], [ -81.348303084362726, 28.080900232523614 ], [ -81.348341084377154, 28.081004232547933 ], [ -81.348465084421903, 28.081274232610383 ], [ -81.348558084453046, 28.081401232638825 ], [ -81.348676084490975, 28.081511232662567 ], [ -81.348775084526849, 28.081731232713512 ], [ -81.348794084535399, 28.08182423273562 ], [ -81.348788084537745, 28.081951232766631 ], [ -81.348769084536272, 28.082077232797687 ], [ -81.348701084521309, 28.08222623283563 ], [ -81.348633084504911, 28.082331232862877 ], [ -81.348434084453601, 28.082534232917226 ], [ -81.348304084419127, 28.082639232946025 ], [ -81.348223084398597, 28.082732232970642 ], [ -81.348099084368386, 28.082914233017998 ], [ -81.348025084351704, 28.083063233056109 ], [ -81.348025084357175, 28.083233233097427 ], [ -81.348075084378451, 28.083442233146915 ], [ -81.347876084327837, 28.08366823320684 ], [ -81.347845084321335, 28.083745233226331 ], [ -81.347845084325442, 28.083872233257186 ], [ -81.347827084324251, 28.083998233288256 ], [ -81.347783084313576, 28.084064233305437 ], [ -81.347684084285689, 28.08409223331472 ], [ -81.34759708426003, 28.084081233314233 ], [ -81.347430084210004, 28.0840372333078 ], [ -81.347355084188564, 28.084048233312384 ], [ -81.347213084148308, 28.084081233323978 ], [ -81.347101084119828, 28.084207233357464 ], [ -81.347033084101653, 28.0842572333713 ], [ -81.346946084077217, 28.084284233380096 ], [ -81.346691084004604, 28.084334233398742 ], [ -81.346629083986258, 28.084323233397605 ], [ -81.346555083966805, 28.084389233415525 ], [ -81.346468083946363, 28.084538233453948 ], [ -81.346468083948835, 28.08461523347265 ], [ -81.346431083940544, 28.084692233492241 ], [ -81.346421083937955, 28.084701233494734 ], [ -81.34979408492039, 28.084740233418565 ], [ -81.350165085028479, 28.084744233410085 ], [ -81.359583087771625, 28.084854233197635 ], [ -81.373481091819343, 28.085016232883962 ], [ -81.374796092202388, 28.085032232854473 ], [ -81.374796092204932, 28.085111232873615 ], [ -81.37487209222698, 28.085110232871433 ], [ -81.375101092293477, 28.085107232864921 ], [ -81.375470092400775, 28.085105232855067 ], [ -81.375815092508063, 28.085321232898718 ], [ -81.376014092572007, 28.085508232939112 ], [ -81.37607609259679, 28.085717232988269 ], [ -81.376082092607959, 28.086009233059027 ], [ -81.376100092620149, 28.08622423311083 ], [ -81.376199092654261, 28.086389233148353 ], [ -81.376460092735869, 28.08656523318448 ], [ -81.376590092779551, 28.086747233225374 ], [ -81.376565092778449, 28.086939233272595 ], [ -81.376565092784872, 28.087137233320693 ], [ -81.37658309279756, 28.087368233376324 ], [ -81.376652092821359, 28.087484233402723 ], [ -81.376949092912355, 28.087627233429956 ], [ -81.377191092987573, 28.087776233459959 ], [ -81.377446093073715, 28.088145233543106 ], [ -81.377687093150172, 28.088343233585086 ], [ -81.377780093185564, 28.088602233645585 ], [ -81.378004093259037, 28.088860233702583 ], [ -81.378401093380987, 28.089059233740773 ], [ -81.378624093438361, 28.08882823367901 ], [ -81.378866093499852, 28.088552233605871 ], [ -81.379003093539708, 28.088553233602617 ], [ -81.379158093587819, 28.088646233621255 ], [ -81.379573093720794, 28.089026233702999 ], [ -81.379710093770413, 28.089329233773075 ], [ -81.379796093808778, 28.089742233871203 ], [ -81.379815093818735, 28.089879233903986 ], [ -81.379939093859235, 28.090017233934336 ], [ -81.38016209393048, 28.09021523397676 ], [ -81.380317093978633, 28.090309233995654 ], [ -81.380578094057924, 28.090413234014285 ], [ -81.380671094089564, 28.09055623404662 ], [ -81.380925094174117, 28.090887234120544 ], [ -81.381024094205912, 28.090980234140634 ], [ -81.38132209429439, 28.091035234146396 ], [ -81.381484094335292, 28.090843234095679 ], [ -81.381682094391834, 28.090810234082596 ], [ -81.381924094464097, 28.090870234091025 ], [ -81.382079094511738, 28.090948234106015 ], [ -81.382476094637511, 28.091267234173358 ], [ -81.382942094772886, 28.091262234160336 ], [ -81.38299109478821, 28.091295234167131 ], [ -81.383047094811374, 28.091509234217632 ], [ -81.383326094907886, 28.091983234325635 ], [ -81.38353109497443, 28.092197234372421 ], [ -81.383673095019091, 28.092302234394261 ], [ -81.38384109506849, 28.092318234393904 ], [ -81.384021095115855, 28.092164234351909 ], [ -81.384201095165764, 28.092088234328912 ], [ -81.38444309523058, 28.091917234281215 ], [ -81.384834095331911, 28.091532234177787 ], [ -81.384896095349518, 28.091521234173573 ], [ -81.384989095376596, 28.091521234171207 ], [ -81.385107095411655, 28.091543234173557 ], [ -81.385281095463867, 28.091593234181261 ], [ -81.385380095493886, 28.091631234187989 ], [ -81.385498095530309, 28.091697234201011 ], [ -81.385603095561237, 28.091708234201004 ], [ -81.385709095591736, 28.091697234195642 ], [ -81.385783095612339, 28.091670234187177 ], [ -81.386013095672126, 28.091450234127961 ], [ -81.3860690956854, 28.091356234103646 ], [ -81.386125095700933, 28.091334234096895 ], [ -81.386261095739428, 28.091301234085453 ], [ -81.386404095780122, 28.091274234075271 ], [ -81.386596095836708, 28.091296234075728 ], [ -81.386770095888593, 28.091335234080805 ], [ -81.386888095924675, 28.091390234091122 ], [ -81.386987095953231, 28.091384234087169 ], [ -81.387087095981485, 28.091357234078014 ], [ -81.387211096015918, 28.091307234062754 ], [ -81.387316096046106, 28.091296234057445 ], [ -81.387422096078211, 28.091335234064214 ], [ -81.387496096102183, 28.09141223408102 ], [ -81.387688096163359, 28.091577234116176 ], [ -81.387757096185027, 28.091627234126552 ], [ -81.387868096218909, 28.091676234135676 ], [ -81.388011096258751, 28.091621234118652 ], [ -81.388123096289192, 28.09155523409979 ], [ -81.388290096336306, 28.091511234084845 ], [ -81.388433096377057, 28.091484234074677 ], [ -81.388532096407587, 28.091539234085531 ], [ -81.388656096447008, 28.091643234107593 ], [ -81.38873709647342, 28.091731234126922 ], [ -81.388755096480992, 28.091803234143939 ], [ -81.388774096487609, 28.091836234151486 ], [ -81.388811096504014, 28.092012234193298 ], [ -81.388848096518188, 28.092117234217824 ], [ -81.388941096551264, 28.092304234260901 ], [ -81.388991096567025, 28.092342234268827 ], [ -81.389066096589772, 28.092370234273695 ], [ -81.389165096618726, 28.092375234272417 ], [ -81.389283096653926, 28.092403234276215 ], [ -81.389363096677229, 28.09240323427418 ], [ -81.389587096743071, 28.092425234273847 ], [ -81.389618096753836, 28.092480234286366 ], [ -81.389674096772296, 28.092546234300979 ], [ -81.389711096785518, 28.092623234318765 ], [ -81.389860096835449, 28.092827234364506 ], [ -81.389984096872553, 28.092860234369329 ], [ -81.39008909690223, 28.092832234359882 ], [ -81.390189096929191, 28.09276623434134 ], [ -81.390393096986031, 28.092689234317461 ], [ -81.390505097019357, 28.092712234320185 ], [ -81.390598097048894, 28.092789234336493 ], [ -81.390629097061051, 28.092888234359734 ], [ -81.390672097080852, 28.093113234413256 ], [ -81.390641097074706, 28.093201234435423 ], [ -81.390567097055623, 28.093278234456033 ], [ -81.390505097039068, 28.093322234468292 ], [ -81.390356096995703, 28.093322234472097 ], [ -81.390108096920216, 28.093218234453097 ], [ -81.389990096885569, 28.093207234453462 ], [ -81.389890096858934, 28.09328423447468 ], [ -81.389859096853485, 28.093394234502188 ], [ -81.389872096859378, 28.093460234517881 ], [ -81.389983096896671, 28.093614234552472 ], [ -81.390101096935254, 28.093746234581516 ], [ -81.390337097007276, 28.093851234600976 ], [ -81.390542097069371, 28.093928234614499 ], [ -81.390660097105979, 28.093999234628726 ], [ -81.390715097124314, 28.094071234644783 ], [ -81.390759097139622, 28.094148234662367 ], [ -81.390821097164235, 28.094351234710061 ], [ -81.390889097189188, 28.094511234747234 ], [ -81.391199097284982, 28.094687234782025 ], [ -81.391317097323082, 28.094803234807255 ], [ -81.391379097343915, 28.094891234827003 ], [ -81.391435097368614, 28.095150234888482 ], [ -81.391459097398354, 28.095854235058756 ], [ -81.391447097402519, 28.096091235116635 ], [ -81.391453097409268, 28.096245235153898 ], [ -81.391546097443225, 28.096459235203458 ], [ -81.391614097465322, 28.096531235219185 ], [ -81.391726097498619, 28.096553235221691 ], [ -81.391819097523523, 28.096487235203302 ], [ -81.392055097589306, 28.09639923517592 ], [ -81.392160097619637, 28.09639323517181 ], [ -81.392266097651046, 28.096410235173252 ], [ -81.392371097683323, 28.096465235183903 ], [ -81.392427097702324, 28.096548235202665 ], [ -81.392446097709978, 28.096614235218205 ], [ -81.39245209771579, 28.096740235248649 ], [ -81.39250109773414, 28.096867235278225 ], [ -81.392601097773763, 28.097192235354619 ], [ -81.392625097784801, 28.097318235384545 ], [ -81.392687097809386, 28.097522235432514 ], [ -81.392762097836581, 28.097687235470698 ], [ -81.392811097853837, 28.097780235492003 ], [ -81.392861097869599, 28.097819235500236 ], [ -81.392929097892406, 28.097912235521076 ], [ -81.393140097959517, 28.098089235558618 ], [ -81.393196097978077, 28.098160235574483 ], [ -81.393208097988193, 28.098364235623698 ], [ -81.393034097951457, 28.098793235732273 ], [ -81.393084097970586, 28.098936235765702 ], [ -81.393202098010079, 28.099096235801522 ], [ -81.393400098073172, 28.099266235837792 ], [ -81.393531098113399, 28.099332235850497 ], [ -81.393711098167941, 28.099399235862197 ], [ -81.393779098189285, 28.099448235872341 ], [ -81.393816098201668, 28.099498235883516 ], [ -81.393940098239881, 28.099564235896388 ], [ -81.394021098265725, 28.099635235911563 ], [ -81.394213098329018, 28.099866235962743 ], [ -81.394287098355946, 28.100032236001198 ], [ -81.394281098357723, 28.100142236028056 ], [ -81.394287098362724, 28.100241236051922 ], [ -81.394368098390302, 28.100367236080459 ], [ -81.394486098427819, 28.100466236101472 ], [ -81.394597098461375, 28.100505236108141 ], [ -81.394746098508122, 28.100610236129789 ], [ -81.394753098512609, 28.10068723614835 ], [ -81.394715098506367, 28.100835236185205 ], [ -81.394728098512985, 28.100923236206267 ], [ -81.394901098569008, 28.101099236244583 ], [ -81.394939098582725, 28.101182236263789 ], [ -81.394939098584487, 28.101237236277111 ], [ -81.39492009858202, 28.101330236300161 ], [ -81.394883098573914, 28.101413236321264 ], [ -81.394845098564431, 28.101462236334118 ], [ -81.394783098547705, 28.101501236345175 ], [ -81.394640098511971, 28.101683236393004 ], [ -81.394622098510453, 28.101798236421359 ], [ -81.394647098521517, 28.101914236448877 ], [ -81.394814098575765, 28.102090236487371 ], [ -81.395006098636188, 28.102233236517236 ], [ -81.395137098676983, 28.102316236534026 ], [ -81.39528609872319, 28.102404236551603 ], [ -81.395658098835426, 28.102530236572722 ], [ -81.395739098859721, 28.102552236576027 ], [ -81.396030098945403, 28.102585236576591 ], [ -81.396458099070799, 28.102613236572502 ], [ -81.396831099179479, 28.102619236564486 ], [ -81.397147099272985, 28.102668236568356 ], [ -81.397302099319063, 28.102701236572393 ], [ -81.397470099373479, 28.102872236609645 ], [ -81.397606099420514, 28.10310323666225 ], [ -81.397643099435371, 28.103230236692152 ], [ -81.397674099449361, 28.103384236728754 ], [ -81.397699099461974, 28.103549236768171 ], [ -81.397693099463439, 28.103648236792328 ], [ -81.397786099497779, 28.10387423684481 ], [ -81.397860099523911, 28.104017236877677 ], [ -81.397960099557679, 28.104160236909831 ], [ -81.398046099585116, 28.10423723692637 ], [ -81.398202099633849, 28.104341236947594 ], [ -81.398276099656314, 28.104369236952515 ], [ -81.398382099689613, 28.104446236968517 ], [ -81.398599099756993, 28.104578236995042 ], [ -81.39866109977774, 28.104661237013588 ], [ -81.398841099832381, 28.104732237026301 ], [ -81.398952099867714, 28.104826237046275 ], [ -81.398983099881704, 28.104980237082888 ], [ -81.398934099870502, 28.105074237106937 ], [ -81.398909099863729, 28.105090237111416 ], [ -81.398859099851549, 28.105162237130223 ], [ -81.398853099853312, 28.10527223715707 ], [ -81.398890099868524, 28.105409237189367 ], [ -81.398927099881817, 28.105486237207099 ], [ -81.399008099912791, 28.105717237261103 ], [ -81.399002099913915, 28.105805237282606 ], [ -81.398971099907769, 28.105893237304763 ], [ -81.398989099918708, 28.106070237347279 ], [ -81.398952099912037, 28.106196237378832 ], [ -81.398946099917396, 28.106416237432335 ], [ -81.398952099921658, 28.10649323745092 ], [ -81.398989099935591, 28.106592237473969 ], [ -81.399032099948997, 28.106620237479653 ], [ -81.399138099980561, 28.106642237482308 ], [ -81.399243100013607, 28.106719237498353 ], [ -81.399305100034098, 28.106796237515436 ], [ -81.399312100039367, 28.106895237539337 ], [ -81.399336100050448, 28.10702223756951 ], [ -81.399380100064477, 28.107060237577638 ], [ -81.399423100077541, 28.107077237580693 ], [ -81.399479100095206, 28.10712123758994 ], [ -81.39950410010691, 28.107258237622567 ], [ -81.399578100135074, 28.107462237670191 ], [ -81.399622100147823, 28.107462237669072 ], [ -81.399746100181062, 28.107374237644549 ], [ -81.40002510024901, 28.106967237538683 ], [ -81.400106100270449, 28.106901237520571 ], [ -81.400193100295411, 28.106890237515657 ], [ -81.400317100331449, 28.106890237512513 ], [ -81.400422100363571, 28.106939237521779 ], [ -81.400503100388931, 28.106994237533037 ], [ -81.400571100410673, 28.107055237546128 ], [ -81.400658100439685, 28.107171237572071 ], [ -81.400671100445777, 28.107242237588942 ], [ -81.400652100446152, 28.107424237633616 ], [ -81.400571100429573, 28.107638237687642 ], [ -81.400466100405595, 28.107842237739831 ], [ -81.400404100393402, 28.108023237785343 ], [ -81.40041610040231, 28.108189237825311 ], [ -81.400410100411548, 28.108530237908209 ], [ -81.400459100433139, 28.108755237961578 ], [ -81.40046310043536, 28.10878823796952 ], [ -81.400471100439646, 28.108849237984099 ], [ -81.400459100437615, 28.108893237995073 ], [ -81.400509100455679, 28.109003238020509 ], [ -81.400552100476389, 28.109256238080793 ], [ -81.400533100477276, 28.109454238129363 ], [ -81.400508100473587, 28.10956423815669 ], [ -81.400453100462173, 28.109707238192829 ], [ -81.400422100454804, 28.109757238205759 ], [ -81.400179100401203, 28.110285238340069 ], [ -81.400173100402526, 28.110379238363024 ], [ -81.400185100408649, 28.110461238382648 ], [ -81.400291100443766, 28.110593238411997 ], [ -81.400365100466516, 28.110632238419583 ], [ -81.400700100565729, 28.110687238424379 ], [ -81.40094910063992, 28.110742238431364 ], [ -81.401029100664843, 28.110792238441526 ], [ -81.401110100691071, 28.110874238459328 ], [ -81.4011471007057, 28.110995238487785 ], [ -81.401191100721363, 28.11108323850803 ], [ -81.401135100711713, 28.111287238558962 ], [ -81.401097100703481, 28.111375238581292 ], [ -81.40106610069806, 28.111485238608726 ], [ -81.400979100677176, 28.111622238644252 ], [ -81.400948100671371, 28.111722238669291 ], [ -81.400992100684348, 28.111727238669374 ], [ -81.401048100699924, 28.111705238662609 ], [ -81.401122100720173, 28.111666238651296 ], [ -81.401234100749932, 28.111579238627314 ], [ -81.401308100771601, 28.111584238626634 ], [ -81.401358100786894, 28.111606238630703 ], [ -81.401408100802485, 28.111639238637412 ], [ -81.40142010080703, 28.111672238645138 ], [ -81.401482100825064, 28.111672238643571 ], [ -81.401550100844133, 28.111650238636475 ], [ -81.401575100849627, 28.111595238622467 ], [ -81.40157510084785, 28.111540238609159 ], [ -81.401613100857091, 28.111485238594806 ], [ -81.401662100870652, 28.111463238588282 ], [ -81.401701100882278, 28.11147223858945 ], [ -81.401886100937404, 28.1115132385947 ], [ -81.401960100958703, 28.111507238591305 ], [ -81.402066100987966, 28.111458238576738 ], [ -81.402165101013168, 28.11134823854751 ], [ -81.402227101030149, 28.111315238537927 ], [ -81.402357101067253, 28.111293238529292 ], [ -81.40242610108784, 28.11130923853143 ], [ -81.402494101109028, 28.111353238540392 ], [ -81.402519101118628, 28.111425238557217 ], [ -81.402506101115762, 28.111452238564091 ], [ -81.402512101119811, 28.111524238581399 ], [ -81.402543101130959, 28.111590238596648 ], [ -81.402612101152798, 28.111645238608251 ], [ -81.402649101164982, 28.111689238618006 ], [ -81.402723101188286, 28.111744238629441 ], [ -81.402810101217142, 28.111854238653923 ], [ -81.402829101228221, 28.112025238694891 ], [ -81.402804101227716, 28.1122342387463 ], [ -81.402816101236539, 28.112399238786022 ], [ -81.403015101302231, 28.112641238839714 ], [ -81.403102101328486, 28.11266923884429 ], [ -81.403164101348096, 28.112718238854573 ], [ -81.403232101368943, 28.112751238860898 ], [ -81.403251101375176, 28.112773238865756 ], [ -81.403344101410966, 28.113043238928896 ], [ -81.4033751014221, 28.113109238944155 ], [ -81.403424101438645, 28.113180238960148 ], [ -81.403462101452575, 28.113268238980496 ], [ -81.403499101468327, 28.11342223901697 ], [ -81.403536101482288, 28.113522239040275 ], [ -81.403548101488653, 28.113610239061323 ], [ -81.403585101503296, 28.113731239089727 ], [ -81.403604101516649, 28.113973239147985 ], [ -81.403629101526946, 28.114066239169915 ], [ -81.403610101525757, 28.114198239202459 ], [ -81.403635101538384, 28.114364239242061 ], [ -81.403622101547768, 28.11477123934116 ], [ -81.403629101553165, 28.114875239366253 ], [ -81.403579101540942, 28.114947239384982 ], [ -81.403554101536017, 28.115018239402847 ], [ -81.403504101523239, 28.115073239417491 ], [ -81.40345510150955, 28.115090239422901 ], [ -81.403281101461772, 28.115178239448692 ], [ -81.403138101424659, 28.115315239485572 ], [ -81.403082101409609, 28.115354239496437 ], [ -81.403045101400835, 28.115414239511953 ], [ -81.403057101406617, 28.115486239529083 ], [ -81.403132101433755, 28.115651239567278 ], [ -81.403473101542431, 28.115943239629448 ], [ -81.403734101625062, 28.116152239673504 ], [ -81.403926101690743, 28.11645523974213 ], [ -81.404038101728318, 28.116609239776658 ], [ -81.404137101764917, 28.116851239832879 ], [ -81.404160101780661, 28.117130239899971 ], [ -81.404174101790503, 28.117308239942812 ], [ -81.404093101781186, 28.117748240051696 ], [ -81.403851101719695, 28.118023240124575 ], [ -81.403534101635728, 28.118276240194049 ], [ -81.403404101602533, 28.118419240232043 ], [ -81.403404101613773, 28.118766240316287 ], [ -81.403503101648099, 28.118936240354987 ], [ -81.403646101690924, 28.118975240360825 ], [ -81.403646101694136, 28.119074240384869 ], [ -81.403602101684726, 28.119179240411466 ], [ -81.403634101699083, 28.119333240448004 ], [ -81.403776101745351, 28.119487240481767 ], [ -81.403987101808994, 28.119558240493625 ], [ -81.404185101866304, 28.119549240486414 ], [ -81.404322101905905, 28.11954224048117 ], [ -81.404664102002656, 28.119459240452368 ], [ -81.404856102057451, 28.119426240439452 ], [ -81.40494910208912, 28.119569240471797 ], [ -81.405067102130943, 28.119801240525067 ], [ -81.405415102233036, 28.119828240522768 ], [ -81.405675102313637, 28.119982240553519 ], [ -81.405868102380495, 28.120313240628946 ], [ -81.406097102456513, 28.120604240693734 ], [ -81.406172102485286, 28.12081924074397 ], [ -81.406184102493398, 28.12096224077834 ], [ -81.406246102517883, 28.121160240824807 ], [ -81.406339102551343, 28.121358240870499 ], [ -81.406600102633092, 28.121540240908026 ], [ -81.40668710266111, 28.12162324092596 ], [ -81.406718102674589, 28.121760240958398 ], [ -81.406705102677208, 28.121958241006798 ], [ -81.406811102718592, 28.122283241082929 ], [ -81.406984102780086, 28.12263024116276 ], [ -81.407394102915205, 28.123119241270935 ], [ -81.407605102977826, 28.123158241275032 ], [ -81.407872103061919, 28.123356241316287 ], [ -81.408014103106026, 28.123444241334038 ], [ -81.408076103127826, 28.123560241360604 ], [ -81.408331103213555, 28.123918241440972 ], [ -81.408399103235297, 28.123978241453752 ], [ -81.408815103359345, 28.124072241466006 ], [ -81.408983103408175, 28.124072241461732 ], [ -81.409125103450023, 28.124088241461948 ], [ -81.409398103531188, 28.124143241468374 ], [ -81.40952310356893, 28.124187241475862 ], [ -81.409634103606578, 28.124352241513066 ], [ -81.40970210363102, 28.124496241546243 ], [ -81.409721103638489, 28.124556241560335 ], [ -81.409858103686545, 28.12480924161823 ], [ -81.409913103704525, 28.124870241631626 ], [ -81.409982103726009, 28.124914241640553 ], [ -81.410671103927612, 28.12495324163249 ], [ -81.412124104349999, 28.12494724159394 ], [ -81.412191104369455, 28.124947241592249 ], [ -81.41253310446676, 28.124881241567511 ], [ -81.412682104508889, 28.124843241554551 ], [ -81.412930104580639, 28.124832241545523 ], [ -81.413067104620637, 28.124837241543279 ], [ -81.413327104695696, 28.124821241532757 ], [ -81.413464104734118, 28.12477724151859 ], [ -81.413849104844431, 28.124727241496661 ], [ -81.414004104889884, 28.124738241495358 ], [ -81.414258104964844, 28.124771241496887 ], [ -81.414488105032106, 28.124783241493933 ], [ -81.414643105078994, 28.124838241503362 ], [ -81.415177105234577, 28.124849241492399 ], [ -81.415556105349779, 28.125003241520094 ], [ -81.417050105804876, 28.125639241636321 ], [ -81.418366106206278, 28.126217241743056 ], [ -81.41870110631011, 28.126415241782553 ], [ -81.419154106455053, 28.126822241869757 ], [ -81.419651106612434, 28.12721924195337 ], [ -81.420216106787578, 28.127554242020242 ], [ -81.420929107016164, 28.128209242160995 ], [ -81.421941107331705, 28.128864242294089 ], [ -81.422299107445411, 28.129161242357068 ], [ -81.422525107517245, 28.129349242396881 ], [ -81.422804107609053, 28.129679242469876 ], [ -81.423437107815076, 28.130356242617943 ], [ -81.423834107943378, 28.130752242703856 ], [ -81.424057108018772, 28.13107724277706 ], [ -81.42435510812146, 28.131572242889533 ], [ -81.424672108229359, 28.132056242998811 ], [ -81.42509410837404, 28.132733243152298 ], [ -81.425424108485061, 28.133198243256714 ], [ -81.425609108547363, 28.133459243315265 ], [ -81.425758108605123, 28.133905243419669 ], [ -81.425901108673912, 28.134742243619041 ], [ -81.425963108716545, 28.135501243801578 ], [ -81.425944108720898, 28.135804243875612 ], [ -81.425950108725118, 28.135881243894108 ], [ -81.425987108740713, 28.136029243929094 ], [ -81.426018108752189, 28.136106243946955 ], [ -81.426105108781968, 28.136244243978201 ], [ -81.426217108818307, 28.13636024400348 ], [ -81.426347108859275, 28.136459244024213 ], [ -81.426739108975795, 28.13653624403284 ], [ -81.427037109064926, 28.136613244043971 ], [ -81.427154109099661, 28.13663524404631 ], [ -81.427310109145026, 28.136635244042353 ], [ -81.427558109216065, 28.136602244027973 ], [ -81.427719109261432, 28.136558244013205 ], [ -81.42778810928165, 28.136563244012653 ], [ -81.427906109317803, 28.136618244023012 ], [ -81.428073109367233, 28.136646244025528 ], [ -81.428216109408879, 28.136646244021875 ], [ -81.428340109444534, 28.13663524401607 ], [ -81.428508109490849, 28.136558243993079 ], [ -81.428650109528263, 28.13643724396012 ], [ -81.428967109612572, 28.136195243893329 ], [ -81.429327109711707, 28.136024243842627 ], [ -81.429544109774227, 28.136008243833277 ], [ -81.429768109842584, 28.136107243851544 ], [ -81.429886109883881, 28.136321243900468 ], [ -81.430140109961499, 28.136437243922121 ], [ -81.430444110050743, 28.136464243920891 ], [ -81.430742110139931, 28.136541243931958 ], [ -81.430842110171838, 28.136629243950754 ], [ -81.430860110181555, 28.136767243983765 ], [ -81.430836110177992, 28.136872244009844 ], [ -81.430873110192508, 28.136987244036799 ], [ -81.431053110248044, 28.137086244056274 ], [ -81.43121411029486, 28.137086244052163 ], [ -81.431301110316952, 28.136987244025896 ], [ -81.431438110356083, 28.136965244017055 ], [ -81.431549110389071, 28.136987244019558 ], [ -81.431655110423776, 28.137108244046246 ], [ -81.431748110460077, 28.137394244113189 ], [ -81.431748110462948, 28.137482244134553 ], [ -81.431810110486694, 28.137658244175654 ], [ -81.431794110483011, 28.13768824418333 ], [ -81.43176111047552, 28.137752244199703 ], [ -81.431742110472143, 28.137818244216199 ], [ -81.43184111050364, 28.137901244233817 ], [ -81.431990110547787, 28.13792824423658 ], [ -81.432369110657845, 28.137923244225696 ], [ -81.43245011068052, 28.137895244216846 ], [ -81.432592110713927, 28.137653244154503 ], [ -81.432704110742762, 28.137538244123771 ], [ -81.432822110774538, 28.13746024410181 ], [ -81.432928110804141, 28.13742224408993 ], [ -81.433002110825441, 28.137416244086559 ], [ -81.433120110860102, 28.137427244086233 ], [ -81.433213110888545, 28.137471244094524 ], [ -81.433443110957654, 28.137538244104928 ], [ -81.43363511101667, 28.137637244124008 ], [ -81.433846111082502, 28.137774244151853 ], [ -81.434138111177035, 28.138071244216448 ], [ -81.434324111234972, 28.13819024424058 ], [ -81.434647111335579, 28.138396244282298 ], [ -81.43488311140689, 28.138479244296366 ], [ -81.435119111477107, 28.138528244302272 ], [ -81.435255111519126, 28.138605244317461 ], [ -81.435386111560803, 28.138715244340808 ], [ -81.435522111605536, 28.138875244376134 ], [ -81.435572111624339, 28.139007244406898 ], [ -81.435647111650852, 28.139150244439623 ], [ -81.435696111669742, 28.139293244473091 ], [ -81.435758111691072, 28.139397244496706 ], [ -81.435844111718652, 28.139476244513709 ], [ -81.4359881117648, 28.139607244541796 ], [ -81.436081111793797, 28.139667244553955 ], [ -81.436174111822254, 28.13971124456226 ], [ -81.436559111934926, 28.139733244557778 ], [ -81.436720111983334, 28.139783244565773 ], [ -81.436907112040771, 28.139876244583597 ], [ -81.436932112048751, 28.139898244588238 ], [ -81.437081112099364, 28.14012424463931 ], [ -81.437161112130511, 28.140366244695912 ], [ -81.437174112137669, 28.140471244721073 ], [ -81.437174112143552, 28.140652244764979 ], [ -81.437099112132685, 28.14098824484838 ], [ -81.437105112140117, 28.14116424489092 ], [ -81.437136112154889, 28.141340244932834 ], [ -81.437217112188776, 28.141659245008128 ], [ -81.437292112216156, 28.141830245047643 ], [ -81.437391112250637, 28.142006245087803 ], [ -81.437478112278455, 28.142083245104292 ], [ -81.437621112327179, 28.142303245153965 ], [ -81.437782112384511, 28.142628245228721 ], [ -81.437807112395561, 28.142743245255968 ], [ -81.437813112401443, 28.142870245286559 ], [ -81.437770112397658, 28.143139245352899 ], [ -81.437763112400816, 28.143299245391926 ], [ -81.437782112410247, 28.143420245420778 ], [ -81.437819112424421, 28.143525245445314 ], [ -81.43786311243953, 28.143596245461406 ], [ -81.43796211247151, 28.143695245482878 ], [ -81.438266112566012, 28.143882245520423 ], [ -81.438403112609251, 28.143987245542416 ], [ -81.43848211263537, 28.144085245564138 ], [ -81.438558112660559, 28.144179245585057 ], [ -81.438602112676961, 28.144290245610851 ], [ -81.43867611270791, 28.144581245679493 ], [ -81.438738112730235, 28.144713245709912 ], [ -81.438794112748994, 28.144790245727201 ], [ -81.438850112769586, 28.144922245757787 ], [ -81.438887112784442, 28.145049245787611 ], [ -81.438881112785737, 28.145142245810309 ], [ -81.438800112767055, 28.145291245848529 ], [ -81.438751112756876, 28.145418245880606 ], [ -81.438751112760968, 28.145544245911118 ], [ -81.438769112769464, 28.1456432459347 ], [ -81.438844112794143, 28.145731245954131 ], [ -81.439005112845237, 28.145863245981996 ], [ -81.43932811295204, 28.14626024607005 ], [ -81.439384112971723, 28.146364246093871 ], [ -81.439390112975246, 28.146419246107012 ], [ -81.439371112972779, 28.146513246130286 ], [ -81.439278112951598, 28.146694246176548 ], [ -81.439244112944351, 28.146775246197084 ], [ -81.439191112933102, 28.146903246229485 ], [ -81.439154112931107, 28.147173246295917 ], [ -81.439167112941178, 28.147366246342354 ], [ -81.439235112970238, 28.147652246409969 ], [ -81.439316112999876, 28.147839246453227 ], [ -81.439465113048541, 28.148004246489503 ], [ -81.44003011323052, 28.148549246607214 ], [ -81.440166113273634, 28.14865924663042 ], [ -81.440421113351761, 28.148780246653239 ], [ -81.440619113415877, 28.148983246697412 ], [ -81.440663113430659, 28.1490442467111 ], [ -81.44066911343495, 28.149121246729599 ], [ -81.440576113421443, 28.14953924683336 ], [ -81.440588113428703, 28.149655246861158 ], [ -81.440657113453611, 28.149803246895253 ], [ -81.44090511353518, 28.15009524695974 ], [ -81.441066113585407, 28.150200246981097 ], [ -81.44116011361325, 28.150216246982595 ], [ -81.441327113662183, 28.150227246980961 ], [ -81.441373113675894, 28.150237246982272 ], [ -81.441976113820303, 28.149285246735957 ], [ -81.442690113994999, 28.148275246472878 ], [ -81.442935114053313, 28.147877246370086 ], [ -81.44325211413485, 28.147550246282677 ], [ -81.443485114193649, 28.147273246209572 ], [ -81.443596114232548, 28.147477246256191 ], [ -81.443160114119735, 28.147908246371838 ], [ -81.442977114074822, 28.14816324643839 ], [ -81.442670114000819, 28.148633246560141 ], [ -81.441538113726864, 28.150330247000603 ], [ -81.44160011374764, 28.150414247019384 ], [ -81.441619113755522, 28.150486247036348 ], [ -81.441675113778032, 28.150678247081441 ], [ -81.441693113787906, 28.150821247115708 ], [ -81.441774113814517, 28.150915247136425 ], [ -81.441929113863537, 28.151036247161787 ], [ -81.442054113904661, 28.151184247194497 ], [ -81.442078113915201, 28.151294247220566 ], [ -81.442078113918811, 28.151405247247467 ], [ -81.442060113918203, 28.151548247282598 ], [ -81.442078113927224, 28.151663247310026 ], [ -81.442134113946366, 28.151751247329951 ], [ -81.442221113974909, 28.151850247351703 ], [ -81.442321114009857, 28.152032247393262 ], [ -81.442370114029856, 28.152208247434707 ], [ -81.442376114037117, 28.152379247476031 ], [ -81.442333114036458, 28.152742247565147 ], [ -81.44232711404112, 28.152940247613333 ], [ -81.442377114061358, 28.15311624765474 ], [ -81.442538114119856, 28.153474247737361 ], [ -81.442563114131218, 28.153600247767312 ], [ -81.442548114128044, 28.153637247776668 ], [ -81.442564114133589, 28.153664247782817 ], [ -81.442616114150454, 28.153718247794547 ], [ -81.442825114222615, 28.154068247874108 ], [ -81.44287711423955, 28.154124247886326 ], [ -81.442973114269577, 28.154189247899623 ], [ -81.443260114357386, 28.154323247924797 ], [ -81.443325114377657, 28.15436524793332 ], [ -81.443354114386878, 28.15438924793839 ], [ -81.443482114426942, 28.154477247956471 ], [ -81.443752114510531, 28.15463324798742 ], [ -81.4439131145609, 28.154743248009979 ], [ -81.44407011461027, 28.154857248033597 ], [ -81.44415711463806, 28.154933248049787 ], [ -81.444234114663104, 28.155016248067952 ], [ -81.444319114691794, 28.155138248095355 ], [ -81.444400114721944, 28.155342248142738 ], [ -81.444420114731315, 28.155451248168664 ], [ -81.444468114753306, 28.155698248227324 ], [ -81.44447211475601, 28.155744248238371 ], [ -81.444489114767592, 28.155950248287859 ], [ -81.444495114770575, 28.155986248296486 ], [ -81.444581114802105, 28.156188248343252 ], [ -81.444666114832103, 28.156351248380588 ], [ -81.444786114871704, 28.156496248412697 ], [ -81.444922114915656, 28.15663024844174 ], [ -81.445012114944191, 28.156703248457116 ], [ -81.445232115013255, 28.1568612484898 ], [ -81.445466115085949, 28.157003248518222 ], [ -81.445564115116483, 28.157067248531249 ], [ -81.445875115212417, 28.15723624856431 ], [ -81.446111115285603, 28.157377248592461 ], [ -81.446182115307408, 28.157413248599333 ], [ -81.44636211536239, 28.157494248614398 ], [ -81.446527115413787, 28.157598248635406 ], [ -81.446641115450262, 28.157701248657443 ], [ -81.446664115457935, 28.157731248664163 ], [ -81.446717115476474, 28.157828248686315 ], [ -81.446786115502036, 28.157997248725493 ], [ -81.446866115527982, 28.158079248743348 ], [ -81.446965115558882, 28.158145248756842 ], [ -81.447046115583561, 28.158178248762734 ], [ -81.447102115600345, 28.158195248765434 ], [ -81.44730711566082, 28.158222248766723 ], [ -81.447909115834975, 28.158195248744825 ], [ -81.448139115908305, 28.158393248786954 ], [ -81.448282115954896, 28.158547248820653 ], [ -81.448524116030811, 28.158717248855638 ], [ -81.448778116109295, 28.158860248883876 ], [ -81.449132116217427, 28.159020248913617 ], [ -81.449331116277037, 28.159075248921823 ], [ -81.449585116351287, 28.159086248918037 ], [ -81.450126116503213, 28.158921248864168 ], [ -81.450213116528502, 28.15892124886194 ], [ -81.450299116554191, 28.158943248865093 ], [ -81.450579116642061, 28.159141248905954 ], [ -81.45063511666153, 28.159240248928544 ], [ -81.450691116684638, 28.159449248977765 ], [ -81.450747116706268, 28.159614249016318 ], [ -81.450834116735876, 28.159746249046112 ], [ -81.451026116797081, 28.15991124908118 ], [ -81.45109411681922, 28.159983249096946 ], [ -81.451101116824432, 28.160082249120759 ], [ -81.450821116759343, 28.160583249249328 ], [ -81.450741116742151, 28.160770249296757 ], [ -81.450716116738988, 28.160896249327916 ], [ -81.450741116750379, 28.161023249358074 ], [ -81.450865116793736, 28.161248249409471 ], [ -81.450958116827451, 28.16145224945652 ], [ -81.450970116833602, 28.161535249476366 ], [ -81.451039116878519, 28.16229924965975 ], [ -81.450946116857992, 28.162498249710382 ], [ -81.450926116853466, 28.162538249720605 ], [ -81.450936116858671, 28.162608249737318 ], [ -81.450945116862385, 28.16264324974561 ], [ -81.450975116873295, 28.162710249761066 ], [ -81.45097811687539, 28.162746249769693 ], [ -81.450967116873272, 28.162780249778237 ], [ -81.450908116857718, 28.162830249791856 ], [ -81.450882116851091, 28.162858249799296 ], [ -81.450819116838318, 28.163029249842374 ], [ -81.450749116823474, 28.163198249885117 ], [ -81.450738116821441, 28.163233249893906 ], [ -81.450699116815883, 28.163411249938068 ], [ -81.450695116815908, 28.163447249946838 ], [ -81.450749116838466, 28.163658249996665 ], [ -81.450860116878303, 28.163891250050295 ], [ -81.450961116916645, 28.164166250114356 ], [ -81.450978116922613, 28.164197250121475 ], [ -81.451041116942363, 28.164242250130762 ], [ -81.451076116953132, 28.164260250134245 ], [ -81.45118711698683, 28.164304250142088 ], [ -81.451377117046448, 28.164439250169949 ], [ -81.451733117159506, 28.164732250231882 ], [ -81.451902117213763, 28.164889250265542 ], [ -81.452026117254405, 28.165031250296853 ], [ -81.45212411728923, 28.165226250341579 ], [ -81.452128117293114, 28.165308250361356 ], [ -81.452132117296287, 28.165370250376309 ], [ -81.45257911743343, 28.165590250418219 ], [ -81.452815117505239, 28.16568925043617 ], [ -81.453026117571198, 28.16583225046541 ], [ -81.453182117621068, 28.165970250494926 ], [ -81.453331117669421, 28.166124250528394 ], [ -81.453430117704059, 28.166305250569746 ], [ -81.453536117740271, 28.166470250607063 ], [ -81.453660117781197, 28.166619250639979 ], [ -81.453778117817819, 28.166690250654167 ], [ -81.453958117872133, 28.166751250664355 ], [ -81.454243117956608, 28.166800250668963 ], [ -81.454467118021881, 28.166806250664713 ], [ -81.454771118110074, 28.166800250655452 ], [ -81.454914118153084, 28.166844250662457 ], [ -81.455001118178728, 28.166855250662934 ], [ -81.455162118231087, 28.167026250700239 ], [ -81.455252118262521, 28.167187250736994 ], [ -81.455430118324614, 28.167505250809533 ], [ -81.455703118411847, 28.167747250861161 ], [ -81.456547118667274, 28.168055250914261 ], [ -81.456709118717612, 28.168154250934155 ], [ -81.456858118765041, 28.168280250960837 ], [ -81.456970118802118, 28.168418250991419 ], [ -81.457144118862672, 28.168726251061642 ], [ -81.45746011896135, 28.168935251104198 ], [ -81.457690119032208, 28.169056251127692 ], [ -81.457926119106006, 28.16921625116041 ], [ -81.458100119161074, 28.169353251189182 ], [ -81.458417119273832, 28.169986251334489 ], [ -81.458510119304805, 28.170107251361443 ], [ -81.45866511935327, 28.170211251382682 ], [ -81.458808119396437, 28.170261251391135 ], [ -81.459007119454824, 28.17027725138994 ], [ -81.459491119592911, 28.170195251357658 ], [ -81.459659119642083, 28.17020625135606 ], [ -81.459926119723832, 28.170332251379712 ], [ -81.460032119758239, 28.170442251403685 ], [ -81.460081119774628, 28.170508251418447 ], [ -81.460097119780926, 28.170558251430133 ], [ -81.460112119789727, 28.170696251463209 ], [ -81.460100119791818, 28.170866251504719 ], [ -81.459982119766593, 28.171147251575817 ], [ -81.459994119775644, 28.171317251616756 ], [ -81.460324119898502, 28.172143251808539 ], [ -81.460411119926434, 28.172225251826138 ], [ -81.460609119985449, 28.172269251831747 ], [ -81.460734120021101, 28.172247251823197 ], [ -81.461056120109319, 28.172082251775002 ], [ -81.461410120207759, 28.171944251732526 ], [ -81.461440120216778, 28.171954251734128 ], [ -81.461771120316641, 28.172065251752571 ], [ -81.462044120400662, 28.172208251780297 ], [ -81.462298120481478, 28.172423251825855 ], [ -81.462590120579833, 28.172836251918476 ], [ -81.462628120593777, 28.172924251938824 ], [ -81.462622120604948, 28.173320252034991 ], [ -81.462541120597336, 28.173810252155832 ], [ -81.462473120583468, 28.173991252201443 ], [ -81.462355120555628, 28.17418925225244 ], [ -81.462063120480082, 28.174476252329438 ], [ -81.46164112037566, 28.17503725247618 ], [ -81.461405120320336, 28.175444252580853 ], [ -81.461268120294861, 28.175884252691038 ], [ -81.461269120324374, 28.176781252908405 ], [ -81.461294120341336, 28.177079252979961 ], [ -81.461405120380789, 28.177299253030462 ], [ -81.461517120418165, 28.177447253063413 ], [ -81.461735120487447, 28.177629253101944 ], [ -81.462336120672774, 28.177954253165364 ], [ -81.462579120747705, 28.178085253190893 ], [ -81.462778120812573, 28.178300253237875 ], [ -81.463300120990525, 28.179103253419136 ], [ -81.463437121040727, 28.179422253492913 ], [ -81.463474121057246, 28.17959825353465 ], [ -81.463524121086493, 28.180050253642897 ], [ -81.463598121119816, 28.180413253728961 ], [ -81.463729121164889, 28.180627253777491 ], [ -81.463816121192352, 28.180693253791198 ], [ -81.464338121350906, 28.180902253828524 ], [ -81.464555121420474, 28.181100253870973 ], [ -81.464654121450138, 28.181128253875205 ], [ -81.464946121535206, 28.181133253868939 ], [ -81.465046121566587, 28.181205253883817 ], [ -81.465170121608395, 28.181381253923302 ], [ -81.465338121662413, 28.181540253957518 ], [ -81.465505121712795, 28.181595253966602 ], [ -81.465822121805132, 28.181601253959911 ], [ -81.466176121911644, 28.181711253977522 ], [ -81.466300121950695, 28.181804253996884 ], [ -81.46638112197769, 28.181909254020237 ], [ -81.466443122002119, 28.182107254066615 ], [ -81.466511122027484, 28.182278254106336 ], [ -81.466586122053428, 28.182404254134912 ], [ -81.466636122068863, 28.182432254140455 ], [ -81.467294122280038, 28.183042254271438 ], [ -81.467487122345673, 28.183334254337232 ], [ -81.467760122443892, 28.183912254470265 ], [ -81.467952122511221, 28.184266254551126 ], [ -81.467971122517937, 28.184302254559398 ], [ -81.468183122586268, 28.184506254603399 ], [ -81.468450122668699, 28.184654254632406 ], [ -81.46897112282879, 28.184918254683041 ], [ -81.469183122895217, 28.185067254713744 ], [ -81.469265122923275, 28.185195254742606 ], [ -81.469462122990464, 28.18550125481174 ], [ -81.469587123041237, 28.185942254915414 ], [ -81.46976712310267, 28.186222254978617 ], [ -81.469860123131696, 28.186283254991036 ], [ -81.470140123215813, 28.1863652550037 ], [ -81.470519123338164, 28.186739255084628 ], [ -81.470643123389323, 28.187202255193657 ], [ -81.470736123424018, 28.187438255248431 ], [ -81.470829123455587, 28.18757625527947 ], [ -81.470941123491158, 28.187669255299138 ], [ -81.470955123496068, 28.187694255304834 ], [ -81.471053123530382, 28.187873255345693 ], [ -81.471246123595648, 28.188153255408618 ], [ -81.471538123691701, 28.188495255483989 ], [ -81.471755123761582, 28.18870425552905 ], [ -81.472227123911523, 28.189094255611494 ], [ -81.472401123968936, 28.189303255657663 ], [ -81.47246312399254, 28.189474255697473 ], [ -81.47245112399348, 28.189611255731013 ], [ -81.472414123985843, 28.189705255754731 ], [ -81.471961123872248, 28.190261255900982 ], [ -81.471836123848163, 28.190635255994824 ], [ -81.471824123856308, 28.190993256081899 ], [ -81.471874123878251, 28.191218256135116 ], [ -81.472512124108263, 28.192584256449731 ], [ -81.472589124135979, 28.192748256487477 ], [ -81.472750124195599, 28.193139256578053 ], [ -81.47291212425074, 28.193386256633747 ], [ -81.473073124300782, 28.193485256653641 ], [ -81.473260124357452, 28.193557256666281 ], [ -81.4733841243998, 28.193749256709584 ], [ -81.473738124530158, 28.194591256904509 ], [ -81.473850124577282, 28.195037257009716 ], [ -81.473900124602437, 28.195361257086898 ], [ -81.474024124646178, 28.195598257141103 ], [ -81.474167124693281, 28.195768257178671 ], [ -81.474453124793897, 28.196302257300701 ], [ -81.474814124909798, 28.196638257372843 ], [ -81.475261125055695, 28.19712725747981 ], [ -81.475460125121842, 28.197380257536036 ], [ -81.475572125160696, 28.197573257579876 ], [ -81.475926125288254, 28.198327257753501 ], [ -81.476050125331597, 28.198552257804824 ], [ -81.476181125372591, 28.198640257822777 ], [ -81.476560125484198, 28.198684257823729 ], [ -81.476671125517569, 28.198717257828847 ], [ -81.476746125542576, 28.19881625785089 ], [ -81.476814125566108, 28.198932257877289 ], [ -81.477082125660914, 28.199449257995667 ], [ -81.477243125714551, 28.199658258042152 ], [ -81.47741712576854, 28.19976225806283 ], [ -81.47761612582697, 28.199779258061866 ], [ -81.47784612589308, 28.199757258050635 ], [ -81.478001125938519, 28.199768258049343 ], [ -81.478175125992436, 28.199872258070059 ], [ -81.478305126031174, 28.199900258073555 ], [ -81.478597126114053, 28.199839258051277 ], [ -81.478753126160854, 28.199883258057941 ], [ -81.479244126311144, 28.200114258101294 ], [ -81.479498126383518, 28.200070258084125 ], [ -81.479629126422324, 28.20009225808608 ], [ -81.479747126459685, 28.200185258105584 ], [ -81.479896126507867, 28.20033425813789 ], [ -81.480032126548494, 28.200367258142368 ], [ -81.480231126606697, 28.200378258139946 ], [ -81.480660126729248, 28.200312258112966 ], [ -81.480796126769135, 28.200323258112121 ], [ -81.480977126822637, 28.200350258114071 ], [ -81.481144126873659, 28.200427258128411 ], [ -81.48126912691383, 28.200543258153296 ], [ -81.481461126981827, 28.20091725823897 ], [ -81.481513127001065, 28.201042258267897 ], [ -81.481530127007318, 28.201082258277165 ], [ -81.481604127030621, 28.201137258288565 ], [ -81.481834127099262, 28.201192258296008 ], [ -81.481977127144035, 28.20129125831631 ], [ -81.482126127190256, 28.201379258333819 ], [ -81.482399127272132, 28.201456258345484 ], [ -81.482648127348114, 28.201566258365766 ], [ -81.482841127409969, 28.201742258403396 ], [ -81.483021127468405, 28.201929258444121 ], [ -81.483151127513921, 28.202165258497903 ], [ -81.483276127559392, 28.202446258562802 ], [ -81.483406127601526, 28.202578258591391 ], [ -81.483636127671758, 28.202682258610707 ], [ -81.483965127773359, 28.202864258646347 ], [ -81.4844251279101, 28.202957258657072 ], [ -81.484518127939481, 28.203029258672164 ], [ -81.48484812804746, 28.203397258752815 ], [ -81.485556128251631, 28.203348258722801 ], [ -81.485798128321989, 28.203348258716606 ], [ -81.48600312838191, 28.203358258713745 ], [ -81.486115128415022, 28.203375258714981 ], [ -81.486295128470942, 28.203485258737032 ], [ -81.486450128520843, 28.203633258768875 ], [ -81.486668128589642, 28.203798258803282 ], [ -81.487128128731413, 28.204046258851548 ], [ -81.487308128787703, 28.204167258876215 ], [ -81.487407128822781, 28.204359258920213 ], [ -81.487488128849009, 28.20444225893819 ], [ -81.48759412888073, 28.204469258941998 ], [ -81.487792128939347, 28.204502258944952 ], [ -81.487942128984201, 28.204541258950552 ], [ -81.488115129038093, 28.204651258972781 ], [ -81.488364129117841, 28.204876259020882 ], [ -81.488495129164193, 28.205129259078788 ], [ -81.488557129184741, 28.205206259095824 ], [ -81.488681129222911, 28.205272259108639 ], [ -81.488812129261731, 28.205294259110598 ], [ -81.489017129321866, 28.205311259109457 ], [ -81.489104129347879, 28.20533325911256 ], [ -81.489172129369592, 28.20539325912539 ], [ -81.489352129425882, 28.205514259150043 ], [ -81.489694129529241, 28.205635259170556 ], [ -81.489942129605481, 28.205762259194991 ], [ -81.490185129688868, 28.206152259283183 ], [ -81.490284129721218, 28.206262259307294 ], [ -81.490402129758422, 28.206350259325582 ], [ -81.490471129781014, 28.206427259342423 ], [ -81.49050812979533, 28.206537259368126 ], [ -81.490514129799095, 28.206598259382755 ], [ -81.490508129806656, 28.206884259452192 ], [ -81.490583129832459, 28.207005259479551 ], [ -81.49064512985224, 28.207060259491307 ], [ -81.490850129915216, 28.207164259511199 ], [ -81.490887129927771, 28.207219259523615 ], [ -81.490900129933962, 28.207291259540693 ], [ -81.49095612995508, 28.207440259575328 ], [ -81.491012129972447, 28.207473259581896 ], [ -81.491123130005263, 28.20748925958295 ], [ -81.491428130091364, 28.207412259556452 ], [ -81.491645130153373, 28.2073792595429 ], [ -81.49178813019509, 28.207384259540426 ], [ -81.491918130234353, 28.207428259547761 ], [ -81.49219813032019, 28.207566259574019 ], [ -81.492583130441986, 28.20786825963722 ], [ -81.492851130529601, 28.208165259702337 ], [ -81.492987130573098, 28.208286259728109 ], [ -81.493112130611962, 28.208363259743525 ], [ -81.493267130657941, 28.208391259746371 ], [ -81.493522130732359, 28.208401259742224 ], [ -81.493919130849207, 28.208445259742717 ], [ -81.494385130989158, 28.208583259764165 ], [ -81.494752131100199, 28.208715259786722 ], [ -81.494988131176839, 28.208962259840483 ], [ -81.49537313130763, 28.209540259970602 ], [ -81.495591131378575, 28.209771260020929 ], [ -81.495858131460139, 28.209892260043365 ], [ -81.496075131525757, 28.209969260056468 ], [ -81.496225131575613, 28.210161260099095 ], [ -81.496293131601121, 28.210337260139994 ], [ -81.496331131617936, 28.210513260181632 ], [ -81.496238131619876, 28.211399260398537 ], [ -81.496250131627136, 28.211515260426296 ], [ -81.496319131648434, 28.211553260433764 ], [ -81.496548131713951, 28.211520260419906 ], [ -81.49665413174472, 28.211520260417181 ], [ -81.496809131792673, 28.211608260434552 ], [ -81.496903131823586, 28.211718260458714 ], [ -81.496971131847488, 28.211845260487738 ], [ -81.497120131903429, 28.212230260577133 ], [ -81.497214131933049, 28.212301260591907 ], [ -81.497456132004146, 28.212323260591038 ], [ -81.49779813210661, 28.212417260604997 ], [ -81.49800913217598, 28.212664260659409 ], [ -81.498115132215446, 28.212928260720627 ], [ -81.498109132223803, 28.213236260795366 ], [ -81.498183132250546, 28.213396260832209 ], [ -81.498345132302077, 28.213533260861208 ], [ -81.49845713233988, 28.213693260897081 ], [ -81.49848813235451, 28.213864260937719 ], [ -81.49869313241804, 28.213985260961731 ], [ -81.498929132490588, 28.214106260985009 ], [ -81.499066132530189, 28.214100260980011 ], [ -81.499209132570186, 28.214050260964228 ], [ -81.4993211326031, 28.214061260964055 ], [ -81.500009132815649, 28.214447261039844 ], [ -81.500183132865729, 28.214431261031496 ], [ -81.500233132880609, 28.214442261032836 ], [ -81.500351132916492, 28.214491261041722 ], [ -81.500494132959531, 28.214535261048727 ], [ -81.500643133003734, 28.214563261051662 ], [ -81.500773133039729, 28.214508261034958 ], [ -81.500891133071306, 28.214425261011879 ], [ -81.50097813309425, 28.214354260992465 ], [ -81.501140133139756, 28.21430426097616 ], [ -81.501295133186403, 28.214354260984337 ], [ -81.501463133239056, 28.214470261008113 ], [ -81.501630133292437, 28.214618261039615 ], [ -81.50169913331338, 28.214646261044599 ], [ -81.501798133342191, 28.214646261042081 ], [ -81.501966133391917, 28.214674261044596 ], [ -81.501997133401474, 28.214690261047622 ], [ -81.502071133425332, 28.214762261063186 ], [ -81.502102133436821, 28.214839261081021 ], [ -81.502183133465266, 28.21498726111481 ], [ -81.502344133519429, 28.215213261165399 ], [ -81.502674133623287, 28.215455261215475 ], [ -81.502860133682731, 28.215620261250695 ], [ -81.503027133737746, 28.215819261294584 ], [ -81.503145133777295, 28.215978261330047 ], [ -81.503232133805412, 28.216066261349123 ], [ -81.503481133885003, 28.216286261395968 ], [ -81.503661133941833, 28.216424261424745 ], [ -81.503735133964653, 28.216463261432306 ], [ -81.503928134023212, 28.216540261446017 ], [ -81.504182134098883, 28.216595261452813 ], [ -81.504630134233267, 28.216722261472068 ], [ -81.504766134274959, 28.216788261484567 ], [ -81.504897134316039, 28.216881261503726 ], [ -81.505238134421518, 28.217074261541651 ], [ -81.505431134481739, 28.217201261567457 ], [ -81.505586134529679, 28.217289261584803 ], [ -81.505766134584164, 28.217355261596168 ], [ -81.50584113460593, 28.21735526159425 ], [ -81.505953134639753, 28.217394261600816 ], [ -81.506071134676986, 28.217482261619036 ], [ -81.506251134732182, 28.217570261635732 ], [ -81.506375134769058, 28.217597261639121 ], [ -81.506468134797373, 28.217636261646145 ], [ -81.506536134818745, 28.21768526165625 ], [ -81.506574134831965, 28.217751261671257 ], [ -81.506598134842207, 28.217851261694872 ], [ -81.506617134853656, 28.21803226173822 ], [ -81.506636134861907, 28.218115261757834 ], [ -81.50666713487233, 28.218159261767688 ], [ -81.506809134915571, 28.21821926177855 ], [ -81.506946134956095, 28.218241261780353 ], [ -81.507101135004021, 28.218329261797685 ], [ -81.507201135038017, 28.218478261831212 ], [ -81.507250135055472, 28.218577261853895 ], [ -81.507319135084728, 28.218858261920193 ], [ -81.507368135103974, 28.21901226195617 ], [ -81.507933135292518, 28.219755262121545 ], [ -81.508064135335303, 28.219898262152835 ], [ -81.508523135487621, 28.220476262280929 ], [ -81.508635135525182, 28.220630262315353 ], [ -81.508771135573923, 28.220911262379911 ], [ -81.508870135621279, 28.22147826251463 ], [ -81.508883135629873, 28.221626262550149 ], [ -81.508920135645511, 28.221775262585243 ], [ -81.508945135659076, 28.2219672626311 ], [ -81.509149135741069, 28.222661262793828 ], [ -81.509230135772015, 28.222886262846217 ], [ -81.509373135822386, 28.223156262907906 ], [ -81.509497135865303, 28.223365262955358 ], [ -81.509565135890298, 28.223525262992315 ], [ -81.509565135893197, 28.223613263013654 ], [ -81.509547135890656, 28.22369626303416 ], [ -81.509478135873835, 28.22379526305993 ], [ -81.509397135853149, 28.22388326308333 ], [ -81.50934813584233, 28.22398726310972 ], [ -81.509310135835776, 28.22412526314416 ], [ -81.509267135832829, 28.224416263215652 ], [ -81.509298135847601, 28.224592263257463 ], [ -81.509341135865, 28.224741263292454 ], [ -81.50944713589864, 28.224829263311033 ], [ -81.509527135924642, 28.224912263329035 ], [ -81.509596135949181, 28.225049263360489 ], [ -81.509577135946898, 28.225148263384913 ], [ -81.509602135969274, 28.225610263496087 ], [ -81.509663136002715, 28.226089263610511 ], [ -81.509856136073083, 28.226524263710814 ], [ -81.510054136143552, 28.226920263801627 ], [ -81.510203136200388, 28.227333263897734 ], [ -81.510259136223198, 28.22753126394424 ], [ -81.510272136233439, 28.227729263991854 ], [ -81.510334136261022, 28.228021264060946 ], [ -81.510364136279094, 28.228307264129352 ], [ -81.510489136326086, 28.228632264204844 ], [ -81.51056313635118, 28.228742264229581 ], [ -81.510675136386794, 28.228835264249209 ], [ -81.510874136447924, 28.22893526426828 ], [ -81.510936136466299, 28.228946264269368 ], [ -81.511010136488679, 28.228973264274003 ], [ -81.511203136548559, 28.229089264297119 ], [ -81.511290136575084, 28.22912726430409 ], [ -81.511476136630279, 28.229160264307275 ], [ -81.511557136653778, 28.229160264305186 ], [ -81.511594136665281, 28.229182264309586 ], [ -81.512010136801123, 28.229639264409482 ], [ -81.512103136833389, 28.229799264445862 ], [ -81.51238913692589, 28.230085264507707 ], [ -81.512575136987707, 28.230322264560307 ], [ -81.51266913701798, 28.230410264579216 ], [ -81.512830137070509, 28.230586264617635 ], [ -81.512929137102361, 28.230680264637879 ], [ -81.512991137121645, 28.230718264645457 ], [ -81.513227137196679, 28.230916264687309 ], [ -81.507623135561147, 28.230711264781725 ], [ -81.505098134824209, 28.230619264824334 ], [ -81.499791133281576, 28.230616264959941 ], [ -81.493728131519646, 28.230632265119606 ], [ -81.487621129749868, 28.230798265316643 ], [ -81.487365129675709, 28.230806265325146 ], [ -81.48738512982132, 28.235074266357852 ], [ -81.487411129884521, 28.236773266768438 ], [ -81.487385129935575, 28.23856126720192 ], [ -81.487411130033209, 28.241310267866673 ], [ -81.487437130130658, 28.244051268529446 ], [ -81.487444130177693, 28.24542526886184 ], [ -81.487317130320093, 28.250891270187914 ], [ -81.48732413032532, 28.250989270211505 ], [ -81.487346130341365, 28.25128327028208 ], [ -81.487354130346901, 28.251381270305572 ], [ -81.487360130360159, 28.251733270390613 ], [ -81.487305130359545, 28.25220127050531 ], [ -81.487289130357354, 28.252276270523851 ], [ -81.487261130353971, 28.252421270559626 ], [ -81.486995130311669, 28.253489270824971 ], [ -81.486703130260707, 28.254523271082704 ], [ -81.486605130244286, 28.254890271174013 ], [ -81.486511130228777, 28.255250271263563 ], [ -81.486374130205746, 28.255761271390767 ], [ -81.486364130204251, 28.25580527140168 ], [ -81.486123130132256, 28.255745271393341 ], [ -81.486095130126799, 28.255828271414163 ], [ -81.486070130125313, 28.25600427145735 ], [ -81.485998130113117, 28.256270271523555 ], [ -81.48596413010749, 28.256400271555922 ], [ -81.485927130112472, 28.256879271672762 ], [ -81.485946130124304, 28.25707127171875 ], [ -81.485936130152638, 28.258024271949608 ], [ -81.48593413015945, 28.258249272004111 ], [ -81.485947130175191, 28.258612272091611 ], [ -81.485947130176797, 28.25866127210347 ], [ -81.485947130181671, 28.258809272139299 ], [ -81.485948130183573, 28.258859272151341 ], [ -81.485985130194337, 28.258860272150631 ], [ -81.486097130227051, 28.258865272149023 ], [ -81.486135130238196, 28.258867272148521 ], [ -81.486267130276758, 28.258873272146548 ], [ -81.486666130393417, 28.258893272141144 ], [ -81.486799130432331, 28.258900272139378 ], [ -81.487660130683878, 28.258938272126436 ], [ -81.488653130974015, 28.258983272111767 ], [ -81.488869131037106, 28.258993272108587 ], [ -81.490207131427866, 28.259046272087055 ], [ -81.490340131466681, 28.259051272084811 ], [ -81.491605131836096, 28.259103272064813 ], [ -81.492115131985472, 28.259136272059688 ], [ -81.492830132195508, 28.259204272057758 ], [ -81.493552132408553, 28.259301272062633 ], [ -81.494199132600485, 28.259417272074032 ], [ -81.494606132721231, 28.259491272081437 ], [ -81.495203132899064, 28.259621272097547 ], [ -81.496008133139995, 28.259832272127845 ], [ -81.496522133295201, 28.260009272157465 ], [ -81.496772133370015, 28.260074272166754 ], [ -81.497209133500803, 28.260188272183083 ], [ -81.497732133657749, 28.260338272205939 ], [ -81.499090134065028, 28.260720272263413 ], [ -81.499224134105248, 28.260758272269161 ], [ -81.499861134296523, 28.260943272297528 ], [ -81.500554134504284, 28.261137272326589 ], [ -81.500672134539698, 28.261169272331308 ], [ -81.50188713490401, 28.261508272382049 ], [ -81.503107135269673, 28.261844272431937 ], [ -81.503919135513073, 28.262068272465225 ], [ -81.504732135756839, 28.262295272499216 ], [ -81.505551136002381, 28.262524272533515 ], [ -81.506550136301755, 28.262796272573599 ], [ -81.507174136488857, 28.262970272599642 ], [ -81.507988136732919, 28.26319727263358 ], [ -81.508566136906083, 28.263355272656923 ], [ -81.508907137008265, 28.263449272670883 ], [ -81.510299137425747, 28.263840272729592 ], [ -81.51087713759911, 28.264003272754177 ], [ -81.512472138077214, 28.264443272819516 ], [ -81.512849138190234, 28.264548272835224 ], [ -81.513775138467963, 28.264809272874551 ], [ -81.515781139069233, 28.265363272956865 ], [ -81.517221139500919, 28.265763273016525 ], [ -81.518684139939353, 28.266164273075869 ], [ -81.518766139963844, 28.266186273079096 ], [ -81.519719140249521, 28.266449273118099 ], [ -81.520741140555572, 28.266724273158346 ], [ -81.520656140539913, 28.266999273227054 ], [ -81.520402140493189, 28.267824273433106 ], [ -81.520318140477841, 28.268100273502096 ], [ -81.520295140473493, 28.268171273519844 ], [ -81.520230140461692, 28.268387273573726 ], [ -81.520208140457669, 28.268459273591755 ], [ -81.520614140579013, 28.268561273605926 ], [ -81.521833140943528, 28.268869273649038 ], [ -81.521911140966793, 28.268889273651865 ], [ -81.522159141041243, 28.268961273662889 ], [ -81.522227141062459, 28.269005273671763 ], [ -81.522246141065438, 28.268928273652616 ], [ -81.522328141081843, 28.268701273595614 ], [ -81.522660141148606, 28.26779827336863 ], [ -81.522707141158165, 28.267673273337234 ], [ -81.522781141174093, 28.267502273293964 ], [ -81.5228371411891, 28.267464273283291 ], [ -81.522874141199495, 28.267453273279699 ], [ -81.523272141316653, 28.2674972732801 ], [ -81.523546141397915, 28.267547273285121 ], [ -81.523925141509153, 28.267580273283382 ], [ -81.524739141746124, 28.26759127326503 ], [ -81.525074141845138, 28.267641273268481 ], [ -81.52508014188048, 28.268664273515814 ], [ -81.525167141924243, 28.269226273649494 ], [ -81.525471142049085, 28.270337273910368 ], [ -81.525614142104814, 28.27076627401042 ], [ -81.5256701421375, 28.271267274130146 ], [ -81.525763142186605, 28.27193927429029 ], [ -81.525801142201331, 28.272050274316161 ], [ -81.52589314223674, 28.272313274377428 ], [ -81.526372142403972, 28.273166274571381 ], [ -81.526788142537569, 28.273551274653766 ], [ -81.527173142656167, 28.273755274693183 ], [ -81.527745142827101, 28.273898274712984 ], [ -81.528472143043444, 28.27405227473152 ], [ -81.529330143300655, 28.27428927476673 ], [ -81.529734143424207, 28.274476274801525 ], [ -81.530181143562785, 28.274740274853865 ], [ -81.530548143677279, 28.274977274901683 ], [ -81.530828143766058, 28.275203274949142 ], [ -81.531045143835684, 28.275401274991424 ], [ -81.531163143874281, 28.275533275020315 ], [ -81.531319143920726, 28.275566275024264 ], [ -81.532251144192116, 28.275583275004369 ], [ -81.532245144192729, 28.275654275021662 ], [ -81.532226144210739, 28.276370275195312 ], [ -81.532244144219788, 28.276485275222662 ], [ -81.53329514456162, 28.277591275463021 ], [ -81.535568145298939, 28.279922275968111 ], [ -81.538136146131919, 28.282556276538788 ], [ -81.538137146337917, 28.288803278049162 ], [ -81.538109146335486, 28.288976278091717 ], [ -81.533300144939787, 28.289036278230331 ], [ -81.529472143827647, 28.289049278332236 ], [ -81.525999142819344, 28.289082278429834 ], [ -81.524863142489806, 28.289103278464214 ], [ -81.524772142464826, 28.289147278477213 ], [ -81.524668142437889, 28.289246278503825 ], [ -81.524619142429245, 28.289417278546445 ], [ -81.52461814244117, 28.289788278636156 ], [ -81.524628142491906, 28.291240278986933 ], [ -81.524671142635924, 28.295232279951048 ], [ -81.524720143029867, 28.306752282734646 ], [ -81.524857143069312, 28.306741282728485 ], [ -81.5252461431824, 28.306742282718666 ], [ -81.525283143366877, 28.31200828399059 ], [ -81.525299143385269, 28.312424284090667 ], [ -81.525400143502935, 28.315101284735075 ], [ -81.525388143502568, 28.315195284758104 ], [ -81.523695143010784, 28.315205284804311 ], [ -81.521359142332358, 28.31522128486856 ], [ -81.521279142310817, 28.315274284883426 ], [ -81.520892142197908, 28.315261284890255 ], [ -81.520909142361333, 28.320062286050181 ], [ -81.521239142453709, 28.319956286016033 ], [ -81.521220142605657, 28.324725287169038 ], [ -81.521219142618463, 28.325122287264968 ], [ -81.521214142652653, 28.326200287525584 ], [ -81.521208142706868, 28.327894287935155 ], [ -81.521197142795273, 28.3306672886055 ], [ -81.521259142821663, 28.330920288664998 ], [ -81.521384142864733, 28.331123288710813 ], [ -81.521413142873584, 28.331137288713474 ], [ -81.521999143053321, 28.331421288766901 ], [ -81.522329143158188, 28.331691288823603 ], [ -81.522428143194404, 28.331916288875419 ], [ -81.522440143206893, 28.332188288940817 ], [ -81.522466143232023, 28.332720289068693 ], [ -81.522476143236901, 28.332781289083194 ], [ -81.522483143240891, 28.332840289097245 ], [ -81.52248914324403, 28.332882289107246 ], [ -81.522483143243278, 28.332913289114874 ], [ -81.522637143287952, 28.332909289109935 ], [ -81.522769143326244, 28.332907289106046 ], [ -81.523067143412817, 28.332906289098091 ], [ -81.523151143437119, 28.332902289094957 ], [ -81.523120143429196, 28.332935289103702 ], [ -81.522582143292595, 28.333533289262128 ], [ -81.522620143306426, 28.33361728928147 ], [ -81.522720143340095, 28.333757289312697 ], [ -81.522913143405219, 28.334029289373426 ], [ -81.523696143680795, 28.335482289704249 ], [ -81.523839143729163, 28.335686289749837 ], [ -81.524348143893903, 28.336195289859607 ], [ -81.527606144948592, 28.339451290561925 ], [ -81.530976146041723, 28.342885291304217 ], [ -81.531220146120688, 28.343127291356371 ], [ -81.53193414635146, 28.343832291508171 ], [ -81.532611146572478, 28.344564291667499 ], [ -81.533105146730222, 28.344992291758093 ], [ -81.533343146806274, 28.345199291801926 ], [ -81.533202146770336, 28.345351291842285 ], [ -81.53324314678278, 28.345368291845354 ], [ -81.533433146843308, 28.345528291879077 ], [ -81.533266146801026, 28.34571729192902 ], [ -81.532042146492898, 28.347157292308559 ], [ -81.531927146463858, 28.347289292343444 ], [ -81.531638146379862, 28.347289292350922 ], [ -81.531531146348641, 28.347287292353229 ], [ -81.531275146274226, 28.347285292359381 ], [ -81.529231145679489, 28.34726729240796 ], [ -81.529009145614765, 28.347262292412495 ], [ -81.528726145532474, 28.347260292419381 ], [ -81.524659144348988, 28.347220292515022 ], [ -81.522156143621089, 28.347210292577397 ], [ -81.519495142847603, 28.347211292646609 ], [ -81.5155011416863, 28.347204292748295 ], [ -81.514501141395598, 28.34720329277398 ], [ -81.514074141271465, 28.347203292785021 ], [ -81.511906140641159, 28.347200292840441 ], [ -81.511246140449259, 28.34720029285754 ], [ -81.510533140241975, 28.347199292875754 ], [ -81.510283140169392, 28.347201292882719 ], [ -81.509877140051259, 28.347198292892504 ], [ -81.509350139898046, 28.347198292906167 ], [ -81.507971139497101, 28.347196292941376 ], [ -81.50547313877081, 28.34719429300559 ], [ -81.499806137123088, 28.347188293150815 ], [ -81.493301135230126, 28.347136293306658 ], [ -81.489239134048134, 28.347105293404358 ], [ -81.488938133960559, 28.347102293411446 ], [ -81.488036133697989, 28.347094293432825 ], [ -81.487942133670629, 28.347093293435009 ], [ -81.487594133569473, 28.347093293444029 ], [ -81.487496133540944, 28.347093293446548 ], [ -81.486550133266093, 28.347099293472539 ], [ -81.479620131252688, 28.347145293663033 ], [ -81.468595128049301, 28.347218293966009 ], [ -81.457753124898801, 28.347289294263721 ], [ -81.457753124901899, 28.34738329428642 ], [ -81.457754124904994, 28.347468294306946 ], [ -81.457756124918518, 28.34785729440091 ], [ -81.457669124893187, 28.347857294403152 ], [ -81.455841124361882, 28.347866294452661 ], [ -81.452542123403006, 28.347882294541844 ], [ -81.452350123347074, 28.347880294546329 ], [ -81.44793112206294, 28.347910294667958 ], [ -81.447248121864718, 28.347923294688744 ], [ -81.446093121529529, 28.347943294723478 ], [ -81.445022121218642, 28.347962294755781 ], [ -81.444057120938538, 28.347979294784881 ], [ -81.44388112088744, 28.347982294790132 ], [ -81.440511119907086, 28.347974294875353 ], [ -81.439534119622834, 28.347972294900167 ], [ -81.439352119569918, 28.347972294904874 ], [ -81.438291119261237, 28.347970294931837 ], [ -81.437155118930775, 28.347967294960501 ], [ -81.436777118820856, 28.347967294970285 ], [ -81.434696118215371, 28.347962295022935 ], [ -81.428454116399351, 28.347947295180745 ], [ -81.426374115794218, 28.347943295233591 ], [ -81.425936115666786, 28.347942295244678 ], [ -81.42462411528507, 28.347939295277911 ], [ -81.424444115232689, 28.347938295282322 ], [ -81.424187115157949, 28.347938295288962 ], [ -81.423734115026107, 28.347937295300433 ], [ -81.423281114894351, 28.347937295312178 ], [ -81.422907114785559, 28.347936295321588 ], [ -81.422501114667398, 28.347934295331616 ], [ -81.422173114571976, 28.347934295340089 ], [ -81.421073114251939, 28.347932295368071 ], [ -81.420552114100332, 28.347930295381001 ], [ -81.419887113906867, 28.347928295397722 ], [ -81.419784113876872, 28.347928295400393 ], [ -81.419742113864643, 28.347928295401488 ], [ -81.419644113836142, 28.347928295404021 ], [ -81.419545113807303, 28.347927295406333 ], [ -81.419531113803259, 28.347927295406688 ], [ -81.419353113751484, 28.347927295411306 ], [ -81.419281113730534, 28.34792729541314 ], [ -81.418522113509695, 28.347925295432315 ], [ -81.417800113299592, 28.347923295450514 ], [ -81.416245112847136, 28.347919295489785 ], [ -81.415487112626607, 28.347918295509132 ], [ -81.413202111961738, 28.347912295566804 ], [ -81.412157111657663, 28.347910295593334 ], [ -81.408828110688987, 28.347902295677457 ], [ -81.406350109967917, 28.347896295740092 ], [ -81.405717109783751, 28.347895295756221 ], [ -81.404185109337945, 28.347891295794867 ], [ -81.404161109330957, 28.347891295795517 ], [ -81.404066109303344, 28.347891295797947 ], [ -81.403971109275687, 28.347890295800166 ], [ -81.403368109100157, 28.347887295815067 ], [ -81.403048109006917, 28.347882295822082 ], [ -81.402906108965524, 28.347881295825513 ], [ -81.40277110892626, 28.347881295828998 ], [ -81.401624108592245, 28.34787029585603 ], [ -81.399426107952067, 28.347848295907529 ], [ -81.398267107614501, 28.347837295934813 ], [ -81.397943107520177, 28.347834295942473 ], [ -81.397950107523712, 28.34788029595342 ], [ -81.397570107413273, 28.347883295963953 ], [ -81.395723106875806, 28.347880296010999 ], [ -81.394745106591245, 28.347878296035812 ], [ -81.392426105916599, 28.347878296095761 ], [ -81.392143105834833, 28.347896296107447 ], [ -81.392171105839452, 28.347789296080826 ], [ -81.391896105759471, 28.347791296088406 ], [ -81.391511105647837, 28.347802296101069 ], [ -81.389532105074096, 28.347863296166931 ], [ -81.388873104883032, 28.347883296188805 ], [ -81.388846104875213, 28.347884296189736 ], [ -81.388677104849251, 28.348587296364141 ], [ -81.388518104822708, 28.349184296512576 ], [ -81.388386104797462, 28.349582296612237 ], [ -81.388257104770858, 28.349912296695308 ], [ -81.388130104743269, 28.350196296767283 ], [ -81.387990104711804, 28.350476296838639 ], [ -81.387837104676393, 28.35075229690931 ], [ -81.387715104647555, 28.35095329696107 ], [ -81.387672104637389, 28.351024296979329 ], [ -81.387493104594085, 28.351290297048301 ], [ -81.387302104547047, 28.351549297115838 ], [ -81.387098104496005, 28.351800297181754 ], [ -81.386420104324486, 28.352579297387663 ], [ -81.385514104094113, 28.353584297654095 ], [ -81.38544210407585, 28.353665297675509 ], [ -81.385353104053237, 28.35376429770178 ], [ -81.385146104000583, 28.353993297762504 ], [ -81.382865103420457, 28.3565222984329 ], [ -81.382513103331007, 28.356913298536504 ], [ -81.379585102586418, 28.360160299397279 ], [ -81.378277102253733, 28.361610299781653 ], [ -81.376969101921091, 28.363060300166012 ], [ -81.375137101455351, 28.365095300705388 ], [ -81.374733101352675, 28.365545300824643 ], [ -81.37442910127632, 28.365910300920742 ], [ -81.374206101221134, 28.366204300997573 ], [ -81.374021101176183, 28.366474301067608 ], [ -81.373943101157607, 28.366597301099404 ], [ -81.373848101135025, 28.366750301138811 ], [ -81.373685101097095, 28.367038301212634 ], [ -81.3735151010587, 28.367372301297806 ], [ -81.373365101026309, 28.367713301384114 ], [ -81.373250101002739, 28.368012301459352 ], [ -81.373195100992234, 28.368177301500701 ], [ -81.373187100990535, 28.368197301505756 ], [ -81.373139100981319, 28.368341301541797 ], [ -81.373118100977536, 28.368411301559235 ], [ -81.373097100973752, 28.368481301576686 ], [ -81.373017100960311, 28.368778301650568 ], [ -81.372962100952336, 28.369021301710724 ], [ -81.372923100948199, 28.369238301764202 ], [ -81.372866100944819, 28.369638301862395 ], [ -81.372849100945871, 28.369820301906817 ], [ -81.372838100946709, 28.369941301936329 ], [ -81.372828100951764, 28.370183301995105 ], [ -81.37282810095445, 28.370264302014675 ], [ -81.372828100965961, 28.370612302098824 ], [ -81.372843100983175, 28.371000302192197 ], [ -81.373047101133452, 28.373747302850887 ], [ -81.373228101264573, 28.376117303419058 ], [ -81.373378101372808, 28.378068303886742 ], [ -81.373384101377255, 28.37815030390643 ], [ -81.373403101390991, 28.378397303965638 ], [ -81.373410101395734, 28.37848030398548 ], [ -81.373542101491694, 28.380217304401864 ], [ -81.373942101780685, 28.385428305650901 ], [ -81.374064101868825, 28.387017306031765 ], [ -81.37407510187694, 28.387165306067207 ], [ -81.374110101902644, 28.387634306179631 ], [ -81.374217101980506, 28.389044306517626 ], [ -81.374253102006591, 28.389514306630229 ], [ -81.374256102009113, 28.389564306642274 ], [ -81.374268102017581, 28.389715306678415 ], [ -81.37427210202047, 28.389766306690653 ], [ -81.374286102030837, 28.389957306736431 ], [ -81.374330102062686, 28.390531306874013 ], [ -81.37434510207342, 28.390723306920002 ], [ -81.374400102113725, 28.391457307095965 ], [ -81.374494102181785, 28.392685307390224 ], [ -81.374568102235756, 28.39366230762441 ], [ -81.374620102273511, 28.394345307788072 ], [ -81.37462210227585, 28.394398307800827 ], [ -81.374633102282985, 28.39451630782909 ], [ -81.374715102341995, 28.395577308083315 ], [ -81.375014102559561, 28.399515309027038 ], [ -81.375143102651037, 28.401140309416299 ], [ -81.375153102658132, 28.401265309446195 ], [ -81.37518910268652, 28.401806309575964 ], [ -81.37523610272072, 28.402425309724322 ], [ -81.375520102926302, 28.40612931061176 ], [ -81.375532102934841, 28.406282310648422 ], [ -81.375536102937573, 28.406328310659429 ], [ -81.375542102942063, 28.406411310679349 ], [ -81.375324102886765, 28.406657310744443 ], [ -81.375129102837548, 28.406882310803841 ], [ -81.3750861028266, 28.406929310816317 ], [ -81.374935102788754, 28.407114310864898 ], [ -81.374845102766756, 28.407240310897699 ], [ -81.374746102743273, 28.407400310938915 ], [ -81.374652102721612, 28.407573310983171 ], [ -81.374584102707189, 28.40773431102382 ], [ -81.374525102695756, 28.407906311066853 ], [ -81.374474102687017, 28.408089311112409 ], [ -81.374446102683621, 28.408234311148171 ], [ -81.374428102683552, 28.408390311186331 ], [ -81.37440510269478, 28.408930311317381 ], [ -81.374399102696415, 28.409031311341913 ], [ -81.374356102709726, 28.409809311531003 ], [ -81.374347102710914, 28.409923311558753 ], [ -81.374263102724811, 28.411079311840162 ], [ -81.374241102739234, 28.411706311992202 ], [ -81.374130102722248, 28.412167312106465 ], [ -81.373970102691601, 28.412646312226308 ], [ -81.373572102606147, 28.413561312457691 ], [ -81.37302110248514, 28.414745312757958 ], [ -81.372825102442164, 28.415168312865227 ], [ -81.372475102372604, 28.416140313109086 ], [ -81.372387102355134, 28.416385313170551 ], [ -81.372133102306833, 28.417156313363375 ], [ -81.372002102287212, 28.417713313501324 ], [ -81.371950102279186, 28.417928313554576 ], [ -81.371854102264635, 28.418331313654399 ], [ -81.371743102247748, 28.418795313769387 ], [ -81.371520102238108, 28.420458314176852 ], [ -81.371464102241134, 28.421038314318402 ], [ -81.37135610221533, 28.421208314362229 ], [ -81.371348102215364, 28.421279314379582 ], [ -81.371353102218848, 28.421340314394211 ], [ -81.371333102215345, 28.421410314411613 ], [ -81.371314102214313, 28.42154631444496 ], [ -81.371312102214659, 28.421573314451518 ], [ -81.371262102222204, 28.422238314613455 ], [ -81.371241102225667, 28.422526314683559 ], [ -81.371175102238254, 28.423483314916396 ], [ -81.371141102237331, 28.423753314982498 ], [ -81.371021102222542, 28.424359315131962 ], [ -81.370892102197416, 28.424733315225666 ], [ -81.370744102167194, 28.425119315322736 ], [ -81.370648102146319, 28.425331315376397 ], [ -81.370583102132215, 28.425476315413153 ], [ -81.370445102103375, 28.425815315498586 ], [ -81.370372102088254, 28.426001315545388 ], [ -81.370273102068467, 28.426272315613417 ], [ -81.370149102042092, 28.426565315687398 ], [ -81.370075102026931, 28.426756315735467 ], [ -81.369852101979632, 28.427285315868993 ], [ -81.369642101936179, 28.427816316002716 ], [ -81.369560101920612, 28.428066316065216 ], [ -81.369494101909837, 28.428320316128254 ], [ -81.369444101903852, 28.428577316191596 ], [ -81.369430101903859, 28.428701316221922 ], [ -81.369402101907895, 28.429066316310792 ], [ -81.36939110192256, 28.429603316440772 ], [ -81.369393101925553, 28.429676316458323 ], [ -81.369250101884134, 28.429683316463773 ], [ -81.368398101636387, 28.429687316486877 ], [ -81.367447101359545, 28.42968631651134 ], [ -81.36744810136625, 28.429879316557891 ], [ -81.367452101386831, 28.430461316698342 ], [ -81.367454101393832, 28.430655316745163 ], [ -81.367643101448706, 28.43065231673954 ], [ -81.36798010154665, 28.43064831672978 ], [ -81.368212101614191, 28.430649316724008 ], [ -81.36840210166956, 28.430651316719587 ], [ -81.368403101676265, 28.430843316765895 ], [ -81.368409101697239, 28.431422316905582 ], [ -81.36841110170424, 28.431615316952094 ], [ -81.368409101710384, 28.43181731700092 ], [ -81.368409101714121, 28.43192931702799 ], [ -81.36841910173348, 28.432423317147013 ], [ -81.368420101734245, 28.432438317150634 ], [ -81.368414101738722, 28.43262631719616 ], [ -81.368484101759549, 28.432640317197755 ], [ -81.368544101777474, 28.432653317199296 ], [ -81.368606101796232, 28.43267431720275 ], [ -81.368687101821052, 28.43271331721008 ], [ -81.368753101841321, 28.432745317216135 ], [ -81.368681101823583, 28.43284131724117 ], [ -81.36846510177034, 28.43312931731634 ], [ -81.368394101752855, 28.433226317341582 ], [ -81.368308101731699, 28.433341317371603 ], [ -81.36812210168587, 28.433591317436786 ], [ -81.36805310166902, 28.433689317462289 ], [ -81.3679721016494, 28.433807317492867 ], [ -81.367848101619231, 28.433985317539079 ], [ -81.367734101593086, 28.434196317592992 ], [ -81.367664101577986, 28.434355317633198 ], [ -81.367606101566508, 28.434518317674044 ], [ -81.367589101563667, 28.434580317689495 ], [ -81.367549101557003, 28.434730317726753 ], [ -81.36753910155609, 28.434791317741702 ], [ -81.367513101553712, 28.434947317780065 ], [ -81.367501101554424, 28.435072317810583 ], [ -81.367500101554796, 28.435092317815432 ], [ -81.367496101558501, 28.435238317850779 ], [ -81.367503101583296, 28.435923318016041 ], [ -81.367507101593887, 28.436207318084463 ], [ -81.367507101596416, 28.436282318102634 ], [ -81.367507101602627, 28.436469318147775 ], [ -81.367509101621948, 28.437033318283895 ], [ -81.367494101624402, 28.437238318333787 ], [ -81.36749110162414, 28.437256318338235 ], [ -81.36746310162215, 28.437441318383609 ], [ -81.367445101619367, 28.437515318401928 ], [ -81.367417101614933, 28.437626318429441 ], [ -81.367342101603057, 28.437925318503648 ], [ -81.367332101601306, 28.437960318512335 ], [ -81.367301101595999, 28.438071318539947 ], [ -81.367275101591545, 28.438165318563321 ], [ -81.367240101585324, 28.438285318593234 ], [ -81.367204101578864, 28.438404318622879 ], [ -81.367028101545969, 28.438955318760485 ], [ -81.366992101539282, 28.43907031878922 ], [ -81.366948101531193, 28.439212318824655 ], [ -81.366904101523147, 28.439355318860294 ], [ -81.366229101401927, 28.441615319423576 ], [ -81.365965101354661, 28.442502319644582 ], [ -81.36572210131078, 28.443309319845756 ], [ -81.365529101276536, 28.443968320009869 ], [ -81.365252101228194, 28.444937320251022 ], [ -81.365199101218565, 28.445110320294212 ], [ -81.365052101191381, 28.445579320411266 ], [ -81.364979101177624, 28.445805320467741 ], [ -81.364935101169436, 28.445943320502181 ], [ -81.364904101163759, 28.446045320527595 ], [ -81.36467810112363, 28.446815320719423 ], [ -81.36458710110611, 28.447084320786669 ], [ -81.364518101092756, 28.447286320837236 ], [ -81.364419101073921, 28.447584320911812 ], [ -81.364308101051876, 28.447893320989252 ], [ -81.364237101037972, 28.448095321039883 ], [ -81.364126101015913, 28.448404321117387 ], [ -81.364047101000352, 28.448628321173512 ], [ -81.363965100986064, 28.448914321244718 ], [ -81.363901100977074, 28.449204321316394 ], [ -81.363875100974525, 28.449354321353272 ], [ -81.363868100973946, 28.44939932136429 ], [ -81.363812100966896, 28.449676321432673 ], [ -81.363799100965892, 28.449760321453248 ], [ -81.363774100963951, 28.449920321492517 ], [ -81.363772100963871, 28.449935321496213 ], [ -81.363742100965197, 28.450236321569655 ], [ -81.363731100968977, 28.450446321620646 ], [ -81.363731100971677, 28.450528321640423 ], [ -81.363731100978072, 28.450719321686574 ], [ -81.36373210098165, 28.450819321710657 ], [ -81.363737100985503, 28.45088932172742 ], [ -81.363749100993516, 28.451026321760228 ], [ -81.363774101010065, 28.451304321826694 ], [ -81.363789101017574, 28.45139832184897 ], [ -81.363813101029706, 28.451553321885793 ], [ -81.363878101060649, 28.451913321971006 ], [ -81.363927101082851, 28.45215232202743 ], [ -81.363949101092558, 28.452252322050992 ], [ -81.3644741013089, 28.454159322497706 ], [ -81.36451010132356, 28.454285322527159 ], [ -81.364618101367469, 28.454658322614407 ], [ -81.364741101418034, 28.455103322718657 ], [ -81.364808101445647, 28.455346322775529 ], [ -81.364818101449714, 28.45538032278349 ], [ -81.365024101532683, 28.456071322944958 ], [ -81.365097101561986, 28.456313323001421 ], [ -81.365114101568864, 28.45637132301502 ], [ -81.365375101674843, 28.457272323225727 ], [ -81.365652101787987, 28.458247323453836 ], [ -81.365857101872081, 28.458980323625482 ], [ -81.365968101917616, 28.459377323718371 ], [ -81.366472102124433, 28.461181324140746 ], [ -81.366536102150619, 28.461408324193869 ], [ -81.366595102177115, 28.46168732425965 ], [ -81.366600102178921, 28.461698324262212 ], [ -81.366682102209893, 28.461913324311954 ], [ -81.366691102213693, 28.46194632431968 ], [ -81.367007102343493, 28.463081324585382 ], [ -81.367319102471029, 28.464183324843265 ], [ -81.367493102543008, 28.464824324993405 ], [ -81.36754810256808, 28.465095325057387 ], [ -81.367585102587967, 28.465368325122359 ], [ -81.367599102598135, 28.46555132516616 ], [ -81.367607102604126, 28.465662325192742 ], [ -81.367631102622269, 28.465995325272441 ], [ -81.367639102628317, 28.466107325299269 ], [ -81.367661102646565, 28.466462325384398 ], [ -81.367682102664546, 28.46681832546977 ], [ -81.367698102673955, 28.466960325503603 ], [ -81.367703102679741, 28.467090325534866 ], [ -81.367707102684605, 28.467201325561565 ], [ -81.367691102691595, 28.467551325646482 ], [ -81.367735102720644, 28.46803832576283 ], [ -81.367755102731394, 28.468185325797812 ], [ -81.367764102736416, 28.46825832581516 ], [ -81.367765102737167, 28.468270325818047 ], [ -81.36777110274096, 28.468332325832847 ], [ -81.367776102744841, 28.468405325850309 ], [ -81.367784102752069, 28.468553325885843 ], [ -81.367786102760022, 28.468774325939144 ], [ -81.367800102777053, 28.469162326032407 ], [ -81.367801102784071, 28.469363326080884 ], [ -81.367802102784921, 28.469380326084984 ], [ -81.36780910282134, 28.470411326333643 ], [ -81.367814102840995, 28.470955326464786 ], [ -81.368562103049527, 28.470681326379175 ], [ -81.368733103119112, 28.471274326517801 ], [ -81.368791103135706, 28.471267326514631 ], [ -81.368839103155281, 28.471434326553648 ], [ -81.368985103214499, 28.471935326670742 ], [ -81.369034103234355, 28.47210332671003 ], [ -81.36903810323598, 28.472117326713292 ], [ -81.369078103252164, 28.472253326745051 ], [ -81.369214103306817, 28.472705326850573 ], [ -81.369260103325246, 28.47285632688585 ], [ -81.369283103334681, 28.472938326905041 ], [ -81.369354103363534, 28.473184326962553 ], [ -81.369378103373293, 28.47326732698194 ], [ -81.369436103396851, 28.473467327028683 ], [ -81.369612103468128, 28.474067327168939 ], [ -81.369671103491982, 28.474268327215889 ], [ -81.369729103515226, 28.474458327260201 ], [ -81.369872103572462, 28.474927327369674 ], [ -81.369914103587945, 28.475024327391953 ], [ -81.369944103598925, 28.475092327407587 ], [ -81.370005103620372, 28.475202327432552 ], [ -81.369572103494548, 28.475208327445323 ], [ -81.368272103116823, 28.475227327483744 ], [ -81.367840102991337, 28.475234327496736 ], [ -81.367594102919853, 28.475237327503844 ], [ -81.367465102882363, 28.475239327507694 ], [ -81.367060102764484, 28.475239327518256 ], [ -81.366855102704847, 28.475240327523817 ], [ -81.366817102693815, 28.475241327525044 ], [ -81.3666101026337, 28.475244327531161 ], [ -81.366101102485828, 28.475252327546396 ], [ -81.36607510251558, 28.476371327817059 ], [ -81.366071102531777, 28.476891327942635 ], [ -81.366060102536451, 28.477126327999681 ], [ -81.366098102547866, 28.477138328001537 ], [ -81.366202102581099, 28.477226328020091 ], [ -81.366303102613827, 28.47732532804136 ], [ -81.366528102681897, 28.477402328054069 ], [ -81.36659010270246, 28.477479328070999 ], [ -81.366596102705955, 28.477530328083187 ], [ -81.366609102712772, 28.477622328105063 ], [ -81.36666910273226, 28.477682328117996 ], [ -81.366764102763085, 28.477777328138409 ], [ -81.366902102807799, 28.477914328167909 ], [ -81.366970102830919, 28.478013328189977 ], [ -81.367009102845032, 28.478096328209006 ], [ -81.36702010284894, 28.47811832821403 ], [ -81.367099102874604, 28.478197328230998 ], [ -81.367285102934943, 28.478383328271082 ], [ -81.367575103029026, 28.4786733283335 ], [ -81.367699103071573, 28.478866328376803 ], [ -81.367761103094125, 28.479002328408004 ], [ -81.367836103121363, 28.479163328444898 ], [ -81.367892103139795, 28.479228328459122 ], [ -81.367949103158665, 28.479295328473818 ], [ -81.367954103160386, 28.479304328475898 ], [ -81.368011103180493, 28.479410328499945 ], [ -81.367995103181755, 28.479586328542826 ], [ -81.36799210318236, 28.479630328553522 ], [ -81.368096103212565, 28.47962932855058 ], [ -81.368140103232449, 28.479841328600564 ], [ -81.368191103257146, 28.480136328670419 ], [ -81.368075103222836, 28.480120328669617 ], [ -81.368080103225807, 28.480164328680093 ], [ -81.368217103272116, 28.48035732872307 ], [ -81.368261103292284, 28.480577328775034 ], [ -81.368286103302111, 28.480654328792983 ], [ -81.368429103354728, 28.480984328868853 ], [ -81.368432103357506, 28.481041328882551 ], [ -81.368435103359928, 28.481088328893819 ], [ -81.368423103359802, 28.481187328917986 ], [ -81.36836710334822, 28.481330328953984 ], [ -81.368180103305619, 28.481683329044003 ], [ -81.36813010329621, 28.481837329082474 ], [ -81.368006103268726, 28.482095329147995 ], [ -81.367925103253455, 28.482343329209939 ], [ -81.367894103251572, 28.482558329262595 ], [ -81.367857103245058, 28.482684329293971 ], [ -81.367807103233233, 28.482767329315276 ], [ -81.367714103208911, 28.482849329337522 ], [ -81.367291103100882, 28.483301329457575 ], [ -81.367110103059233, 28.483631329541943 ], [ -81.366948103017975, 28.483807329588643 ], [ -81.36642510287902, 28.484204329698045 ], [ -81.366251102829636, 28.484242329711769 ], [ -81.366089102786006, 28.484347329741343 ], [ -81.366032102772053, 28.484425329761628 ], [ -81.365927102746397, 28.484572329799839 ], [ -81.365741102697811, 28.484738329844731 ], [ -81.365604102663795, 28.484914329890781 ], [ -81.365473102633032, 28.485134329947222 ], [ -81.365454102634487, 28.485343329998202 ], [ -81.365438102632808, 28.485433330020339 ], [ -81.365420102632172, 28.485571330054089 ], [ -81.365485102653366, 28.485639330068796 ], [ -81.365506102666117, 28.485838330116273 ], [ -81.365534102684322, 28.486139330188163 ], [ -81.365273102609365, 28.486168330201938 ], [ -81.3651271025673, 28.486182330209143 ], [ -81.364793102471339, 28.486218330226563 ], [ -81.363721102180904, 28.486864330410345 ], [ -81.363467102128538, 28.48750933057261 ], [ -81.36342210211707, 28.487558330585578 ], [ -81.363382102107721, 28.487627330603281 ], [ -81.363059102028771, 28.488079330720762 ], [ -81.363034102022255, 28.488101330726728 ], [ -81.362994102009893, 28.488078330722221 ], [ -81.36296610200111, 28.488061330718836 ], [ -81.362732101941845, 28.488325330788641 ], [ -81.362672101925895, 28.488371330801304 ], [ -81.362448101868054, 28.488591330860238 ], [ -81.362317101836595, 28.488789330911452 ], [ -81.362305101835091, 28.488849330926193 ], [ -81.362149101793548, 28.48896533095829 ], [ -81.361937101734995, 28.4890593309865 ], [ -81.361782101690409, 28.489075330994414 ], [ -81.361645101650382, 28.489070330996732 ], [ -81.361389101575995, 28.489075331004681 ], [ -81.360785101403906, 28.48918633104714 ], [ -81.360592101350136, 28.489257331069368 ], [ -81.360499101325473, 28.489329331089156 ], [ -81.360287101267048, 28.489428331118539 ], [ -81.360032101194861, 28.489489331139925 ], [ -81.359776101121511, 28.489522331154546 ], [ -81.359661101089188, 28.489557331165994 ], [ -81.359596101070935, 28.489577331172523 ], [ -81.359166100953331, 28.489802331238028 ], [ -81.358954100896185, 28.489940331276856 ], [ -81.358774100848763, 28.49008933131752 ], [ -81.358674100823521, 28.490204331347861 ], [ -81.358593100803816, 28.490320331377962 ], [ -81.358425100760087, 28.490474331419485 ], [ -81.358282100724281, 28.490650331465648 ], [ -81.358201100705372, 28.490788331501104 ], [ -81.358158100698518, 28.490958331543215 ], [ -81.358119100698062, 28.491284331622921 ], [ -81.358154100713435, 28.491438331659104 ], [ -81.358121100710235, 28.491631331706557 ], [ -81.358079100704288, 28.491819331752971 ], [ -81.35808010070933, 28.491962331787494 ], [ -81.358048100703357, 28.492061331812199 ], [ -81.357840100650748, 28.49229833187481 ], [ -81.357862100659275, 28.492361331889413 ], [ -81.357864100661217, 28.492402331899257 ], [ -81.357751100631972, 28.492511331928515 ], [ -81.357719100627463, 28.492656331964355 ], [ -81.357670100614158, 28.492684331972391 ], [ -81.357596100593483, 28.492709331980326 ], [ -81.356979100413568, 28.492701331994532 ], [ -81.356873100380213, 28.492624331978654 ], [ -81.356784100353224, 28.492592331973299 ], [ -81.356388100237155, 28.492569331978093 ], [ -81.355726100046084, 28.492617332006933 ], [ -81.355383099945698, 28.492600332011765 ], [ -81.354954099811565, 28.492323331956129 ], [ -81.354954099814336, 28.492405331975881 ], [ -81.354723099743694, 28.492305331957802 ], [ -81.35456409968964, 28.492072331905764 ], [ -81.354563099688136, 28.492036331897083 ], [ -81.354031099524533, 28.491773331847469 ], [ -81.353972099507743, 28.491785331851919 ], [ -81.353860099475142, 28.491785331854857 ], [ -81.353511099374828, 28.491824331873381 ], [ -81.353150099268447, 28.49178533187337 ], [ -81.352857099183154, 28.491785331881015 ], [ -81.352777099161045, 28.491819331891289 ], [ -81.352739099153794, 28.491934331920074 ], [ -81.352739099155968, 28.491998331935456 ], [ -81.35273909915675, 28.492022331941264 ], [ -81.35269609914738, 28.492116331965107 ], [ -81.352621099128143, 28.492193331985614 ], [ -81.352465099085663, 28.492281332010922 ], [ -81.35233609904941, 28.492320332023709 ], [ -81.352322099045537, 28.492325332025256 ], [ -81.352098098984726, 28.49245733206298 ], [ -81.351762098895193, 28.492705332131564 ], [ -81.35172409888591, 28.492758332145311 ], [ -81.351713098885227, 28.492833332163684 ], [ -81.351693098883317, 28.492950332192468 ], [ -81.351671098879891, 28.493039332214526 ], [ -81.351585098861591, 28.493241332265512 ], [ -81.351484098839435, 28.493458332320465 ], [ -81.351456098833168, 28.493514332334744 ], [ -81.351407098820118, 28.493550332344672 ], [ -81.351358098807097, 28.493587332354881 ], [ -81.351290098788908, 28.49363533236825 ], [ -81.351195098763739, 28.493709332388555 ], [ -81.351098098737893, 28.493782332408742 ], [ -81.351061098728096, 28.493809332416202 ], [ -81.350990098710326, 28.493898332439528 ], [ -81.350480098574153, 28.494264332541139 ], [ -81.350426098559126, 28.494286332547841 ], [ -81.350349098538686, 28.49434433256387 ], [ -81.350301098523232, 28.494299332554267 ], [ -81.350249098507305, 28.494275332549783 ], [ -81.349769098371624, 28.494397332591777 ], [ -81.349570098314388, 28.494418332602038 ], [ -81.349228098216344, 28.49446333262182 ], [ -81.34905809816766, 28.494486332631784 ], [ -81.348886098118214, 28.494505332640866 ], [ -81.348779098087476, 28.49451833264677 ], [ -81.348447097993329, 28.494593332673553 ], [ -81.348398097979683, 28.494611332679135 ], [ -81.348362097972782, 28.494717332705648 ], [ -81.348386097985653, 28.494893332747498 ], [ -81.348409097994349, 28.494953332761412 ], [ -81.348491098018144, 28.494952332759016 ], [ -81.348641098061805, 28.494951332754876 ], [ -81.348519098029428, 28.495044332780488 ], [ -81.348462098014394, 28.495092332793551 ], [ -81.348430098006034, 28.495120332801129 ], [ -81.348346097989676, 28.495362332861742 ], [ -81.348340097995035, 28.495574332912998 ], [ -81.348336097995713, 28.495629332926395 ], [ -81.348279097988495, 28.49591033299567 ], [ -81.348218097976215, 28.496075333037037 ], [ -81.348112097950576, 28.496230333077214 ], [ -81.348094097946202, 28.496256333083945 ], [ -81.348061097937006, 28.496269333087955 ], [ -81.347959097908756, 28.496311333100767 ], [ -81.347904097893419, 28.496332333107262 ], [ -81.347822097870107, 28.496348333113289 ], [ -81.347591097804369, 28.496394333130432 ], [ -81.347530097787057, 28.496406333134868 ], [ -81.347277097714979, 28.496453333152814 ], [ -81.34719109769155, 28.496501333166631 ], [ -81.347136097676383, 28.496527333174377 ], [ -81.346970097631626, 28.496633333204251 ], [ -81.346930097620401, 28.496646333208435 ], [ -81.346809097586359, 28.49668133322001 ], [ -81.346656097543217, 28.496723333234158 ], [ -81.346573097518743, 28.496714333234163 ], [ -81.346350097452728, 28.496681333231983 ], [ -81.346036097357256, 28.496560333211022 ], [ -81.345970097336007, 28.49649833319776 ], [ -81.345960097332252, 28.496472333191754 ], [ -81.345938097324492, 28.496432333182668 ], [ -81.345973097331367, 28.496332333157639 ], [ -81.346017097340095, 28.496210333127046 ], [ -81.346107097364495, 28.496156333111692 ], [ -81.346207097390632, 28.496068333087834 ], [ -81.34640609743775, 28.495744333004495 ], [ -81.346468097451762, 28.495623332973647 ], [ -81.346524097468219, 28.495628332973425 ], [ -81.346562097478142, 28.495595332964466 ], [ -81.346581097481135, 28.495518332945409 ], [ -81.346586097463998, 28.494962332811102 ], [ -81.346605097460881, 28.494704332748405 ], [ -81.346611097453405, 28.49442833268159 ], [ -81.346606097450206, 28.494375332668977 ], [ -81.346555097430823, 28.494241332637966 ], [ -81.346337097362465, 28.494093332607914 ], [ -81.345982097258016, 28.494060332609248 ], [ -81.345870097225415, 28.494060332612161 ], [ -81.34569609717569, 28.494088332623456 ], [ -81.34554609713426, 28.494154332643308 ], [ -81.345316097072043, 28.494297332683782 ], [ -81.345272097061809, 28.494374332703526 ], [ -81.345278097066171, 28.494451332721937 ], [ -81.345266097066499, 28.494566332749983 ], [ -81.345135097032028, 28.494676332779946 ], [ -81.344998096994559, 28.494748332800931 ], [ -81.34421309676641, 28.494759332824028 ], [ -81.343815096652065, 28.494803332845041 ], [ -81.343397096533138, 28.494886332875964 ], [ -81.343105096449449, 28.494925332892976 ], [ -81.34295209640581, 28.494953332903748 ], [ -81.342787096358876, 28.494985332915757 ], [ -81.342761096351566, 28.494992332918113 ], [ -81.34251309628192, 28.495068332942942 ], [ -81.342364096240516, 28.495128332961258 ], [ -81.342083096160422, 28.495178332980704 ], [ -81.341778096071977, 28.495189332991281 ], [ -81.341560096008394, 28.495184332995791 ], [ -81.341435095971036, 28.495156332992309 ], [ -81.341423095964444, 28.495063332970137 ], [ -81.341280095924432, 28.495112332985723 ], [ -81.341105095872393, 28.495079332982296 ], [ -81.341105095875534, 28.495173333004985 ], [ -81.340981095838714, 28.495151333002898 ], [ -81.340831095793192, 28.495096332993562 ], [ -81.340719095758558, 28.495035332981743 ], [ -81.340638095731535, 28.494931332958799 ], [ -81.340644095727015, 28.494744332913481 ], [ -81.340601095711918, 28.494667332896029 ], [ -81.340376095643492, 28.494579332880679 ], [ -81.340028095536653, 28.494413332849732 ], [ -81.339859095485977, 28.494369332843529 ], [ -81.339822095476308, 28.49440333285267 ], [ -81.339785095465942, 28.494414332856302 ], [ -81.339716095444373, 28.494370332847488 ], [ -81.339641095421428, 28.494337332841454 ], [ -81.339579095404147, 28.494359332848386 ], [ -81.339548095395969, 28.494386332855694 ], [ -81.339529095393218, 28.494469332876225 ], [ -81.339293095324351, 28.494463332880972 ], [ -81.339149095277847, 28.494326332851653 ], [ -81.339056095248708, 28.494265332839337 ], [ -81.338962095216928, 28.494133332809938 ], [ -81.338782095154443, 28.493831332741813 ], [ -81.338565095074316, 28.493322332624597 ], [ -81.338507095052123, 28.493164332587995 ], [ -81.338314094989968, 28.492986332550078 ], [ -81.338138094936909, 28.492930332541167 ], [ -81.337970094886202, 28.492877332532728 ], [ -81.337908094868141, 28.492877332534356 ], [ -81.337908094860282, 28.492642332477679 ], [ -81.337903094856657, 28.492576332461883 ], [ -81.337934094859634, 28.492395332417377 ], [ -81.338071094889031, 28.49208133233806 ], [ -81.338127094904735, 28.492064332332497 ], [ -81.338165094917116, 28.492103332340896 ], [ -81.338208094929811, 28.49210833234098 ], [ -81.338258094943242, 28.492075332331751 ], [ -81.338277094946406, 28.492004332314131 ], [ -81.338327094959666, 28.491965332303405 ], [ -81.338358094968669, 28.491965332302591 ], [ -81.338432094989344, 28.491938332294151 ], [ -81.338588095031255, 28.49183333226474 ], [ -81.338738095070099, 28.491690332226327 ], [ -81.338781095080236, 28.491618332207786 ], [ -81.33880009507584, 28.491321332135648 ], [ -81.338756095061385, 28.491272332124971 ], [ -81.338750095058558, 28.491239332117217 ], [ -81.338806095074091, 28.491217332110427 ], [ -81.338843095083774, 28.491184332101469 ], [ -81.338868095089765, 28.491145332091392 ], [ -81.338775095052412, 28.490837332019527 ], [ -81.338762095045865, 28.490755332000056 ], [ -81.338775095046714, 28.490667331978486 ], [ -81.33882509505905, 28.490601331961241 ], [ -81.338824095053781, 28.490452331925361 ], [ -81.338856095061971, 28.490419331916542 ], [ -81.338943095086947, 28.490408331911624 ], [ -81.338949095084118, 28.490270331878193 ], [ -81.339017095102278, 28.490221331864539 ], [ -81.339204095155765, 28.490193331852925 ], [ -81.339620095275507, 28.490153331832413 ], [ -81.339603095268458, 28.490089331817465 ], [ -81.339603095265517, 28.490001331796229 ], [ -81.339516095238338, 28.48994633178517 ], [ -81.339435095211584, 28.489852331764634 ], [ -81.339410095202282, 28.489791331750538 ], [ -81.339410095194211, 28.489549331692192 ], [ -81.339379095181357, 28.489434331665187 ], [ -81.339298095155357, 28.489362331649929 ], [ -81.3389990950634, 28.489214331622055 ], [ -81.338905095034931, 28.489181331616528 ], [ -81.338762094992902, 28.489170331617618 ], [ -81.338681094968251, 28.489137331611737 ], [ -81.338519094917231, 28.489021331587971 ], [ -81.33824909482918, 28.488738331526751 ], [ -81.338214094817744, 28.488702331518951 ], [ -81.338058094767774, 28.488565331489976 ], [ -81.337697094654018, 28.488306331436842 ], [ -81.337516094595458, 28.488130331399162 ], [ -81.337323094535051, 28.488004331373752 ], [ -81.337161094483093, 28.48786033134326 ], [ -81.33699909443267, 28.48776233132379 ], [ -81.33693709441404, 28.487745331321292 ], [ -81.336731094350185, 28.48762933129867 ], [ -81.336594094305184, 28.487475331265074 ], [ -81.336463094264829, 28.487409331252614 ], [ -81.336401094244408, 28.487338331237051 ], [ -81.336276094196833, 28.487002331159214 ], [ -81.336276094186189, 28.48668333108224 ], [ -81.336214094156347, 28.486331330998958 ], [ -81.336183094134867, 28.485957330909493 ], [ -81.336282094150448, 28.485561330811311 ], [ -81.336363094169997, 28.485440330780033 ], [ -81.336399094179455, 28.485411330772109 ], [ -81.336544094217714, 28.485291330739319 ], [ -81.336594094231771, 28.485276330734436 ], [ -81.336330094143705, 28.484941330660469 ], [ -81.336137094078978, 28.484684330603489 ], [ -81.336133094060187, 28.484156330476164 ], [ -81.332827093098473, 28.484177330567402 ], [ -81.332812093076924, 28.483663330443719 ], [ -81.332785093036932, 28.48270033021198 ], [ -81.332698093011714, 28.482704330215292 ], [ -81.33261609298782, 28.482704330217416 ], [ -81.332072092829478, 28.482704330231588 ], [ -81.331740092732801, 28.482704330240239 ], [ -81.331377092627221, 28.482706330250181 ], [ -81.331167092566417, 28.4827153302578 ], [ -81.330969092508639, 28.482711330261996 ], [ -81.330868092479164, 28.48270933026415 ], [ -81.330880092476264, 28.482518330217712 ], [ -81.330888092458437, 28.481913330071482 ], [ -81.330878092424314, 28.48097932984637 ], [ -81.330873092409036, 28.480564329746361 ], [ -81.330808092390228, 28.480568329748984 ], [ -81.33069309235681, 28.480569329752221 ], [ -81.33043309227989, 28.48053432975053 ], [ -81.329488092005349, 28.480550329779014 ], [ -81.328305091660226, 28.48052832980455 ], [ -81.327937091553196, 28.480530329814609 ], [ -81.325769090922392, 28.480542329874016 ], [ -81.325721090908374, 28.480540329874735 ], [ -81.324617090587253, 28.480549329905685 ], [ -81.324046090421191, 28.480553329921527 ], [ -81.32391509038311, 28.480555329925402 ], [ -81.323822090356074, 28.480556329928092 ], [ -81.323807090351693, 28.480556329928461 ], [ -81.323486090258285, 28.480557329937078 ], [ -81.323379090227149, 28.480558329940109 ], [ -81.323264090193689, 28.480558329943111 ], [ -81.323005090118315, 28.480559329950076 ], [ -81.322921090093914, 28.480560329952507 ], [ -81.322807090060763, 28.480561329955719 ], [ -81.322708090031909, 28.480561329958302 ], [ -81.322558089988291, 28.480562329962439 ], [ -81.322521089977513, 28.480562329963394 ], [ -81.322414089946378, 28.48056332996644 ], [ -81.322316089917891, 28.480564329969294 ], [ -81.322143089867552, 28.480565329974027 ], [ -81.322013089829724, 28.480566329977659 ], [ -81.321964089815467, 28.480566329978945 ], [ -81.321624089716622, 28.480570329988744 ], [ -81.321490089677681, 28.480572329992722 ], [ -81.321451089666297, 28.480572329993723 ], [ -81.321341089634331, 28.480572329996601 ], [ -81.321010089538007, 28.480574330005691 ], [ -81.320998089534498, 28.480574330006011 ], [ -81.320901089506307, 28.480575330008776 ], [ -81.320802089477496, 28.480575330011369 ], [ -81.320508089391979, 28.480577330019493 ], [ -81.320410089363463, 28.480578330022258 ], [ -81.320019089249712, 28.480580330032939 ], [ -81.31884508890812, 28.480586330064973 ], [ -81.318455088794636, 28.480589330075901 ], [ -81.318427088786478, 28.480589330076626 ], [ -81.318346088763008, 28.480590330078986 ], [ -81.318319088755118, 28.480591330079918 ], [ -81.318167088710936, 28.480592330084118 ], [ -81.317714088579095, 28.480595330096637 ], [ -81.317563088535252, 28.480597330101034 ], [ -81.317417088492689, 28.480596330104603 ], [ -81.316982088366061, 28.48059633011594 ], [ -81.316837088323808, 28.480596330119731 ], [ -81.316625088262072, 28.480595330125009 ], [ -81.315992088077692, 28.480593330141005 ], [ -81.315885088046571, 28.480593330143815 ], [ -81.315781088016507, 28.48059933014796 ], [ -81.315649087978343, 28.480607330153298 ], [ -81.315510087937724, 28.480602330155708 ], [ -81.31545708792224, 28.480602330157108 ], [ -81.314486087639622, 28.480604330182878 ], [ -81.314163087545666, 28.480606330191765 ], [ -81.31386908746012, 28.480607330199671 ], [ -81.312988087203664, 28.48060933022315 ], [ -81.312695087118428, 28.480611330231252 ], [ -81.312674087112327, 28.48061133023181 ], [ -81.312613087094547, 28.480611330233401 ], [ -81.312593087088715, 28.480611330233909 ], [ -81.312294087001689, 28.480611330241697 ], [ -81.312263086992658, 28.480612330242757 ], [ -81.311399086740892, 28.480605330263529 ], [ -81.311101086654077, 28.48060333027081 ], [ -81.310960086612937, 28.48060233027423 ], [ -81.31079508656488, 28.480601330278297 ], [ -81.310539086490635, 28.480609330286953 ], [ -81.310399086450062, 28.480614330291782 ], [ -81.3103720864422, 28.480615330292729 ], [ -81.310338086432324, 28.480615330293606 ], [ -81.310223086398906, 28.480617330297086 ], [ -81.31015508637914, 28.480618330299102 ], [ -81.310095086361713, 28.480620330301157 ], [ -81.309994086332367, 28.480621330304011 ], [ -81.309914086309078, 28.480622330306343 ], [ -81.30937308615178, 28.480628330321849 ], [ -81.309340086142242, 28.480629330322934 ], [ -81.309193086099427, 28.480630330327021 ], [ -81.309079086066262, 28.480631330330244 ], [ -81.308711085959203, 28.480633330340353 ], [ -81.307268085539334, 28.480642330380082 ], [ -81.306787085399463, 28.480646330393572 ], [ -81.30651108531913, 28.480647330401005 ], [ -81.305683085078201, 28.480652330423759 ], [ -81.305408084998234, 28.480655330431684 ], [ -81.305115084912885, 28.480654330439084 ], [ -81.304238084657484, 28.480652330461393 ], [ -81.303946084572431, 28.480652330468999 ], [ -81.303787084526206, 28.48065333047338 ], [ -81.303313084388265, 28.48065533048625 ], [ -81.303155084342308, 28.48065733049085 ], [ -81.30289208426575, 28.480658330497942 ], [ -81.302761084227669, 28.480660330501841 ], [ -81.302367084113072, 28.480663330512808 ], [ -81.302104084036458, 28.480662330519433 ], [ -81.301842083960111, 28.480661330526004 ], [ -81.301637083900388, 28.480660330531077 ], [ -81.301153083759445, 28.480658330543246 ], [ -81.301025083722237, 28.480661330547289 ], [ -81.300821083663081, 28.480668330554263 ], [ -81.300605083600431, 28.480674330561325 ], [ -81.300199083482212, 28.480674330571908 ], [ -81.298333082939024, 28.480679330621761 ], [ -81.297712082758267, 28.480681330638408 ], [ -81.296885082517562, 28.480685330660894 ], [ -81.294669081872641, 28.480694330720787 ], [ -81.29440408179552, 28.480696330728136 ], [ -81.293577081554858, 28.480701330750929 ], [ -81.29345208151851, 28.480701330754183 ], [ -81.293076081409097, 28.480704330764681 ], [ -81.292952081373087, 28.480706330768388 ], [ -81.292740081311379, 28.480708330774402 ], [ -81.292509081244177, 28.480709330780652 ], [ -81.292107081127227, 28.480713330792081 ], [ -81.291896081065929, 28.480716330798302 ], [ -81.291663080998063, 28.480717330804588 ], [ -81.291619080985285, 28.480718330805981 ], [ -81.291530080959291, 28.480715330807584 ], [ -81.2912650808819, 28.480707330812564 ], [ -81.290968080794556, 28.48068133081404 ], [ -81.290899080774224, 28.480676330814592 ], [ -81.290738080726555, 28.480652330812998 ], [ -81.290674080707618, 28.480643330812491 ], [ -81.290553080671629, 28.480620330810098 ], [ -81.290450080640966, 28.480600330807931 ], [ -81.290230080575128, 28.480546330800681 ], [ -81.290114080540235, 28.480512330795445 ], [ -81.289830080454507, 28.480422330781121 ], [ -81.289649080399514, 28.480354330769416 ], [ -81.289473080345743, 28.480278330755667 ], [ -81.289420080329492, 28.480253330751012 ], [ -81.289377080316868, 28.48025033075141 ], [ -81.289375080309398, 28.480044330701691 ], [ -81.289364080305447, 28.480022330696666 ], [ -81.289343080298963, 28.480011330694587 ], [ -81.289071080215024, 28.479869330667398 ], [ -81.288578080059892, 28.479522330596424 ], [ -81.288200079939529, 28.479212330531421 ], [ -81.288125079915602, 28.479151330518686 ], [ -81.288029079891643, 28.479270330549895 ], [ -81.288002079884834, 28.479301330558044 ], [ -81.287855079836902, 28.479148330524986 ], [ -81.287867079839884, 28.479132330520788 ], [ -81.287959079862546, 28.479009330488672 ], [ -81.287610079750834, 28.478707330424871 ], [ -81.287141079601369, 28.478319330343417 ], [ -81.286673079452171, 28.477932330262195 ], [ -81.286423079372653, 28.477730330219899 ], [ -81.285995079237651, 28.477419330155946 ], [ -81.285816079183974, 28.477373330149533 ], [ -81.285434079061901, 28.477048330080972 ], [ -81.285401079051326, 28.477020330075071 ], [ -81.285390079047843, 28.477011330073204 ], [ -81.285358079037607, 28.476984330067474 ], [ -81.285348079034421, 28.476975330065581 ], [ -81.2852480790025, 28.47689233004813 ], [ -81.285156078973131, 28.476815330031947 ], [ -81.284952078908063, 28.476644329995953 ], [ -81.284351078716341, 28.476142329890422 ], [ -81.283769078530241, 28.475644329785315 ], [ -81.283578078469105, 28.47548032975071 ], [ -81.283378078405164, 28.475309329714602 ], [ -81.283023078291535, 28.475000329649223 ], [ -81.282594078154176, 28.474627329570346 ], [ -81.281966077952731, 28.474070329452207 ], [ -81.28163307784591, 28.473775329389628 ], [ -81.281615077840129, 28.473759329386219 ], [ -81.281552077819796, 28.473700329373621 ], [ -81.281362077758601, 28.473523329335837 ], [ -81.281300077738564, 28.473464329323185 ], [ -81.281198077705739, 28.473369329302912 ], [ -81.280894077607684, 28.473084329241978 ], [ -81.28079307757514, 28.47299032922194 ], [ -81.280777077569979, 28.472975329218698 ], [ -81.280762077565115, 28.472961329215757 ], [ -81.280664077532478, 28.472837329188334 ], [ -81.280403077445513, 28.472509329115955 ], [ -81.280370077434526, 28.472467329106657 ], [ -81.280272077401847, 28.47234432907948 ], [ -81.280038077324264, 28.472060329017022 ], [ -81.279885077273534, 28.471875328976342 ], [ -81.279878077271235, 28.471866328974322 ], [ -81.279704077212912, 28.47163732892356 ], [ -81.279678077204153, 28.471602328915747 ], [ -81.279510077147862, 28.47137932886632 ], [ -81.279154077027101, 28.470867328751943 ], [ -81.278808076909002, 28.47034832863562 ], [ -81.278466076792256, 28.469833328520153 ], [ -81.278429076779702, 28.469778328507772 ], [ -81.278320076742474, 28.469614328471032 ], [ -81.278284076730174, 28.469560328458961 ], [ -81.278138076680378, 28.469341328409854 ], [ -81.277959076619254, 28.469071328349308 ], [ -81.277705076532413, 28.468685328262708 ], [ -81.277562076483491, 28.468467328213784 ], [ -81.277399076427727, 28.468217328157632 ], [ -81.276910076260336, 28.467468327989508 ], [ -81.276748076204896, 28.467219327933591 ], [ -81.276636076166639, 28.467050327895659 ], [ -81.27659307615238, 28.466998327884244 ], [ -81.276418076094359, 28.466786327837593 ], [ -81.276294076053503, 28.466643327806267 ], [ -81.276055075973716, 28.466338327738853 ], [ -81.275881075915663, 28.466116327689747 ], [ -81.275854075906651, 28.466082327682209 ], [ -81.275777075881066, 28.465986327661039 ], [ -81.275750075872097, 28.465953327653811 ], [ -81.275660075845948, 28.465954327656384 ], [ -81.275613075832254, 28.465956327658095 ], [ -81.275589075824101, 28.465921327650221 ], [ -81.275530075804085, 28.465835327630991 ], [ -81.275523075801274, 28.465813327625852 ], [ -81.275491075790669, 28.465773327617093 ], [ -81.27548407578827, 28.465762327614556 ], [ -81.275615075826565, 28.465766327612105 ], [ -81.275300075718675, 28.465281327503206 ], [ -81.274881075578193, 28.464727327380281 ], [ -81.274601075484526, 28.464362327299426 ], [ -81.274181075343847, 28.463812327177486 ], [ -81.274088075311738, 28.463660327143234 ], [ -81.273914075251568, 28.463375327078914 ], [ -81.273725075186348, 28.463069327009883 ], [ -81.273410075077862, 28.462566326896614 ], [ -81.273320075047408, 28.46243932686826 ], [ -81.273224075014753, 28.462299326836945 ], [ -81.27269007483342, 28.461522326663193 ], [ -81.272648074818918, 28.461454326647861 ], [ -81.27252707477696, 28.461253326602463 ], [ -81.272486074762824, 28.461186326587349 ], [ -81.271972074589087, 28.460463326426087 ], [ -81.271945074579932, 28.460424326417357 ], [ -81.271604074462914, 28.45989432629818 ], [ -81.27156507444964, 28.459835326284971 ], [ -81.271365074381194, 28.459529326216241 ], [ -81.271141074304438, 28.459183326138515 ], [ -81.271068074279469, 28.459071326113342 ], [ -81.270841074201783, 28.458723326035173 ], [ -81.270815074192754, 28.458681326025758 ], [ -81.27076807417663, 28.458607326009041 ], [ -81.270676074145342, 28.458472325978853 ], [ -81.270522074093279, 28.458256325930709 ], [ -81.270285074011554, 28.45787332584435 ], [ -81.270064073936027, 28.457538325769175 ], [ -81.27004007392793, 28.457504325761558 ], [ -81.269976073906321, 28.457415325741728 ], [ -81.26978607384099, 28.457114325673977 ], [ -81.269650073794239, 28.456899325625546 ], [ -81.26960507377882, 28.456830325610071 ], [ -81.269551073760908, 28.456765325595768 ], [ -81.269444073723534, 28.456579325553619 ], [ -81.269318073680452, 28.456386325510316 ], [ -81.269294073672086, 28.456344325500773 ], [ -81.269262073660926, 28.456290325488535 ], [ -81.269023073580414, 28.455961325415306 ], [ -81.268588073433847, 28.455364325282375 ], [ -81.268199073300266, 28.454755325145367 ], [ -81.267649073111528, 28.453895324951933 ], [ -81.267470073050745, 28.453635324893732 ], [ -81.266395072677554, 28.451828324485163 ], [ -81.266318072651316, 28.451713324459391 ], [ -81.266223072618914, 28.451572324427818 ], [ -81.265652072422796, 28.45067532422593 ], [ -81.265123072242602, 28.449888324049542 ], [ -81.264842072146578, 28.449462323953931 ], [ -81.26456607205229, 28.449043323859847 ], [ -81.264312071966017, 28.44867332377709 ], [ -81.262604071468218, 28.448662323818827 ], [ -81.260860070960305, 28.448662323864127 ], [ -81.260616070889114, 28.448659323869688 ], [ -81.260136070749041, 28.44865032388002 ], [ -81.259186070473021, 28.448669323909296 ], [ -81.258381070241114, 28.448746323948772 ], [ -81.257639070027452, 28.448819323985738 ], [ -81.257147069886557, 28.448891324015893 ], [ -81.256207069618569, 28.449064324082084 ], [ -81.255315069365352, 28.449262324153093 ], [ -81.254017069000056, 28.449646324279584 ], [ -81.253739068921405, 28.449715324303479 ], [ -81.253483068849491, 28.449794324329236 ], [ -81.251434068273682, 28.450424324534662 ], [ -81.250370067974259, 28.450740324638655 ], [ -81.250326067961822, 28.450752324642671 ], [ -81.250202067926693, 28.450781324652926 ], [ -81.249405067700664, 28.45096532471808 ], [ -81.249035067595798, 28.451052324748726 ], [ -81.248376067407648, 28.451165324793156 ], [ -81.247488067153199, 28.451292324846861 ], [ -81.246210066784201, 28.451388324903309 ], [ -81.245755066652293, 28.451408324919949 ], [ -81.244729066354466, 28.451437324953588 ], [ -81.244401066259499, 28.451455324966471 ], [ -81.243158065897134, 28.451445324996318 ], [ -81.242589065732346, 28.451473325017865 ], [ -81.241153065313483, 28.451455325050844 ], [ -81.240714065185955, 28.451466325064871 ], [ -81.238825064636416, 28.451485325118544 ], [ -81.238267064474329, 28.451499325136435 ], [ -81.237113064137432, 28.451478325161325 ], [ -81.236483063953813, 28.451474325176694 ], [ -81.23551506367204, 28.451478325202839 ], [ -81.235314063613657, 28.45148332520926 ], [ -81.234716063439066, 28.451472325222117 ], [ -81.233677063137065, 28.451491325253702 ], [ -81.232017062654052, 28.451507325300685 ], [ -81.231889062616446, 28.451498325301859 ], [ -81.231683062556002, 28.451484325303813 ], [ -81.231062062375642, 28.451500325323813 ], [ -81.230825062306835, 28.451507325331626 ], [ -81.230587062237447, 28.451505325337344 ], [ -81.230458062199929, 28.451507325341169 ], [ -81.230285062149434, 28.451504325344949 ], [ -81.230049062080639, 28.451502325350599 ], [ -81.229720061984779, 28.45150132535889 ], [ -81.228579061652908, 28.451517325392352 ], [ -81.228488061626322, 28.451515325394251 ], [ -81.228082061508232, 28.451520325405987 ], [ -81.227269061271727, 28.451529325429306 ], [ -81.225692060812605, 28.451538325472406 ], [ -81.224587060491231, 28.45155332550474 ], [ -81.221818059684992, 28.451564325579287 ], [ -81.220717059364844, 28.451582325612243 ], [ -81.220210059217749, 28.451599325629523 ], [ -81.219827059106251, 28.451601325639938 ], [ -81.219527059018901, 28.451604325648461 ], [ -81.218346058675223, 28.451614325681568 ], [ -81.21436905751726, 28.451633325789437 ], [ -81.213040057130314, 28.451640325825608 ], [ -81.212563056991101, 28.451632325836034 ], [ -81.212139056867656, 28.451634325847568 ], [ -81.211701056740296, 28.451641325860614 ], [ -81.210637056431523, 28.45167732589691 ], [ -81.209737056170056, 28.451699325925599 ], [ -81.208997055954669, 28.451705325946307 ], [ -81.207487055513454, 28.451666325976049 ], [ -81.206437055206848, 28.451645325998257 ], [ -81.204978054782032, 28.451653326038034 ], [ -81.204577054665151, 28.451652326048194 ], [ -81.204179054549385, 28.451656326059545 ], [ -81.203736054420219, 28.451654326070518 ], [ -81.203501054351847, 28.451656326077153 ], [ -81.203321054299437, 28.451657326082067 ], [ -81.201913053889513, 28.451666326120765 ], [ -81.199048053055193, 28.451678326198063 ], [ -81.198622052931057, 28.451677326208834 ], [ -81.193923051562876, 28.451706326337877 ], [ -81.191789050941608, 28.45172132639685 ], [ -81.191336050809554, 28.451719326408128 ], [ -81.190504050567341, 28.451725326431216 ], [ -81.189661050321774, 28.451726326453333 ], [ -81.189213050191455, 28.451732326466395 ], [ -81.185591049136576, 28.45174732656405 ], [ -81.184881048929981, 28.451755326584411 ], [ -81.180545047667181, 28.451775326701775 ], [ -81.180182047561658, 28.451782326712859 ], [ -81.172624045360479, 28.451819326917946 ], [ -81.1721660452272, 28.451823326930811 ], [ -81.171748045105488, 28.45182732694261 ], [ -81.170638044782237, 28.451833326972835 ], [ -81.168267044091849, 28.451849327038264 ], [ -81.167957044001312, 28.451843327044855 ], [ -81.167719043931783, 28.451839327050081 ], [ -81.167194043778366, 28.451825327060305 ], [ -81.167058043738592, 28.451821327062873 ], [ -81.16634304353002, 28.451815327079998 ], [ -81.165909043403445, 28.451812327090483 ], [ -81.165533043293763, 28.451809327099518 ], [ -81.165403043255878, 28.45180932710289 ], [ -81.16527304321805, 28.451810327106504 ], [ -81.16514304318018, 28.451811327110111 ], [ -81.16489204310723, 28.451816327117889 ], [ -81.163675042752345, 28.451809327147707 ], [ -81.163349042657373, 28.451811327156662 ], [ -81.161096042000295, 28.451795327211304 ], [ -81.161097041997436, 28.451701327188552 ], [ -81.160948041954015, 28.451700327192125 ], [ -81.160787041907099, 28.451701327196581 ], [ -81.160071041698075, 28.451689327212257 ], [ -81.159773041611132, 28.451688327219735 ], [ -81.159078041408534, 28.451686327237283 ], [ -81.158554041255528, 28.45167732724866 ], [ -81.157659040994787, 28.451680327272651 ], [ -81.155804040453944, 28.451672327318814 ], [ -81.155517040370256, 28.451671327326025 ], [ -81.154481040068021, 28.451662327350746 ], [ -81.1530870396615, 28.451654327384936 ], [ -81.149656038660964, 28.451636327469647 ], [ -81.14757803805476, 28.451618327519153 ], [ -81.147066037905645, 28.451622327533418 ], [ -81.145932037574951, 28.451615327561179 ], [ -81.14565103749284, 28.451610327567199 ], [ -81.144758037232521, 28.451609327590148 ], [ -81.144559037174531, 28.451608327595054 ], [ -81.144103037041504, 28.451605327606174 ], [ -81.141705036342174, 28.451592327665242 ], [ -81.140743036061565, 28.451586327688716 ], [ -81.139584035723587, 28.451580327717345 ], [ -81.1384380353892, 28.451570327744683 ], [ -81.137859035220302, 28.451566327758727 ], [ -81.13689803494006, 28.451562327782639 ], [ -81.133945034078778, 28.451545327855179 ], [ -81.133123033839098, 28.451541327875468 ], [ -81.127071032073843, 28.451506328023999 ], [ -81.125922031738625, 28.451497328051573 ], [ -81.125088031495366, 28.451492328071996 ], [ -81.122289030678985, 28.451479328141485 ], [ -81.122136030634366, 28.451477328144975 ], [ -81.119357029823732, 28.451461328213153 ], [ -81.117371029244481, 28.451451328262198 ], [ -81.11260602785454, 28.451425328379468 ], [ -81.112334027775205, 28.45142432838627 ], [ -81.111053027401837, 28.451426328419956 ], [ -81.111023027393102, 28.451426328420744 ], [ -81.109780027031348, 28.451443328457096 ], [ -81.108245026584498, 28.451463328501742 ], [ -81.108281026596487, 28.451509328511921 ], [ -81.108316026608207, 28.451554328521908 ], [ -81.108083026540257, 28.451554328527941 ], [ -81.107408026343748, 28.451561328547115 ], [ -81.106730026146664, 28.451579328569053 ], [ -81.104209025412672, 28.45160832864142 ], [ -81.101951024755834, 28.451651328710366 ], [ -81.101724024689688, 28.451652328716474 ], [ -81.100153024232156, 28.451667328760845 ], [ -81.099722024106313, 28.45166132877058 ], [ -81.095020022737401, 28.451720328906713 ], [ -81.095019022733936, 28.451624328883536 ], [ -81.095018022730798, 28.451538328862775 ], [ -81.095018022730429, 28.451527328860113 ], [ -81.095012022702349, 28.45073332866825 ], [ -81.095016022670023, 28.449724328424089 ], [ -81.095013022649013, 28.449117328277332 ], [ -81.095026022615897, 28.448004328007748 ], [ -81.095024022595396, 28.447405327862942 ], [ -81.095015022552687, 28.446196327570728 ], [ -81.095007022543129, 28.445977327517955 ], [ -81.095001022526773, 28.445538327411935 ], [ -81.095012022505088, 28.444787327229953 ], [ -81.095007022496134, 28.444561327175435 ], [ -81.095005022491421, 28.444436327145272 ], [ -81.095008022480684, 28.444086327060493 ], [ -81.095022022473117, 28.443736326975486 ], [ -81.095047022468805, 28.443386326890174 ], [ -81.095047022461614, 28.443169326837705 ], [ -81.095031022454521, 28.443095326820185 ], [ -81.095000022443131, 28.443025326804069 ], [ -81.094957022428162, 28.442952326787509 ], [ -81.094984022434701, 28.442910326776669 ], [ -81.095002022438109, 28.44285632676316 ], [ -81.095005022436737, 28.442787326746387 ], [ -81.0950060224163, 28.442162326595156 ], [ -81.094998022393384, 28.441542326445365 ], [ -81.094998022381631, 28.441188326359757 ], [ -81.094998022356577, 28.44043232617685 ], [ -81.094985022314972, 28.439291325901142 ], [ -81.094973022305297, 28.439105325856474 ], [ -81.094985022268204, 28.437880325559835 ], [ -81.094970022258281, 28.437713325519788 ], [ -81.094966022254042, 28.437620325497395 ], [ -81.094968022243251, 28.437277325414389 ], [ -81.09498202223466, 28.436894325321351 ], [ -81.094972022221313, 28.436580325245671 ], [ -81.094973022217758, 28.436464325217592 ], [ -81.094980022217285, 28.436389325199219 ], [ -81.094972022204743, 28.436080325124717 ], [ -81.094961022197992, 28.435973325099106 ], [ -81.094956022192164, 28.435842325067529 ], [ -81.094959022190821, 28.435774325050978 ], [ -81.094946022177254, 28.435480324980198 ], [ -81.094929022142665, 28.434585324764097 ], [ -81.094917022104255, 28.433531324509403 ], [ -81.094910022092463, 28.43323832443868 ], [ -81.09491302208896, 28.433104324406244 ], [ -81.094919022089428, 28.433066324396869 ], [ -81.094925022086059, 28.432912324359442 ], [ -81.094921022072114, 28.432526324266178 ], [ -81.094928022065247, 28.43225832420115 ], [ -81.094928022058667, 28.432059324152984 ], [ -81.094937022052832, 28.431803324090829 ], [ -81.094939022032008, 28.431157323934478 ], [ -81.094943022026811, 28.430965323887943 ], [ -81.094936022021031, 28.43085232386078 ], [ -81.094946022005232, 28.43028832372401 ], [ -81.0949440220013, 28.430187323699656 ], [ -81.094922021989404, 28.430021323660082 ], [ -81.094918021984441, 28.429906323632313 ], [ -81.094936021987905, 28.429852323618793 ], [ -81.094942021987777, 28.429796323605135 ], [ -81.09494702197496, 28.429365323500662 ], [ -81.094944021970178, 28.429247323472207 ], [ -81.094928021962829, 28.429166323453057 ], [ -81.094931021953272, 28.428851323376765 ], [ -81.094917021931153, 28.428306323245224 ], [ -81.094938021915553, 28.427650323085942 ], [ -81.094935021911851, 28.42756632306574 ], [ -81.094918021892823, 28.427140322963105 ], [ -81.094911021880307, 28.426825322887066 ], [ -81.094907021857409, 28.426168322728163 ], [ -81.094907021855647, 28.426115322715333 ], [ -81.094911021852596, 28.4259883226845 ], [ -81.094929021852593, 28.425829322645551 ], [ -81.094929021833764, 28.425260322507885 ], [ -81.094916021807208, 28.424572322341763 ], [ -81.09490502179905, 28.424423322305984 ], [ -81.094930021776221, 28.42351432208541 ], [ -81.094931021750071, 28.422715321892017 ], [ -81.094925021731655, 28.422211321770231 ], [ -81.094928021724797, 28.421978321713713 ], [ -81.094933021715917, 28.421666321638067 ], [ -81.094934021689426, 28.420857321442355 ], [ -81.0949380216815, 28.420581321375401 ], [ -81.094929021621383, 28.418845320955551 ], [ -81.094916021605698, 28.418484320868515 ], [ -81.094916021603694, 28.418424320853976 ], [ -81.094918021592221, 28.418060320765861 ], [ -81.094906021574289, 28.417624320660682 ], [ -81.094912021560788, 28.417164320549222 ], [ -81.094897021490056, 28.415157320063859 ], [ -81.094902021488224, 28.41505832003979 ], [ -81.094891021479626, 28.414895320000625 ], [ -81.094904021479039, 28.414763319968323 ], [ -81.094904021470896, 28.414517319908803 ], [ -81.094891021456618, 28.414199319832193 ], [ -81.094901021441075, 28.413642319697118 ], [ -81.094891021436041, 28.413577319681632 ], [ -81.094900021436061, 28.413499319662545 ], [ -81.094903021400256, 28.41239031939401 ], [ -81.09489902138462, 28.411952319288147 ], [ -81.094893021377189, 28.411780319246667 ], [ -81.094902021372206, 28.411551319190991 ], [ -81.094904021349805, 28.410856319022741 ], [ -81.094889021312838, 28.409871318784745 ], [ -81.094886021309691, 28.409802318768136 ], [ -81.094875021299586, 28.409593318717796 ], [ -81.094867021287385, 28.409296318646113 ], [ -81.094865021243422, 28.407983318328402 ], [ -81.094865021213579, 28.40708131811007 ], [ -81.094860021200461, 28.406728318024758 ], [ -81.094859021171857, 28.405871317817358 ], [ -81.094852021154239, 28.405400317703513 ], [ -81.094856021125878, 28.404507317487255 ], [ -81.094852021101644, 28.403809317318395 ], [ -81.094847021057817, 28.40252631700795 ], [ -81.09484502102751, 28.401627316790393 ], [ -81.094865021013575, 28.401030316645379 ], [ -81.094873021008695, 28.400811316592122 ], [ -81.094871021004721, 28.40070831656729 ], [ -81.094852020973406, 28.39992931637919 ], [ -81.094851020961514, 28.399577316293986 ], [ -81.094854020923577, 28.398402316009463 ], [ -81.094828020669198, 28.390930314201199 ], [ -81.094822020661297, 28.390745314156575 ], [ -81.094823020651077, 28.390425314079092 ], [ -81.094811020633557, 28.390001313976743 ], [ -81.094806020591335, 28.388766313677852 ], [ -81.094796020499771, 28.386081313028004 ], [ -81.094788020496551, 28.386053313021456 ], [ -81.094780020493786, 28.386040313018505 ], [ -81.094760020487186, 28.38601731301344 ], [ -81.09479002049396, 28.385958312998362 ], [ -81.094806020496577, 28.385895312982719 ], [ -81.094809020490246, 28.385677312929861 ], [ -81.094803020477769, 28.385352312851349 ], [ -81.094805020465259, 28.384955312755139 ], [ -81.094788020374722, 28.382361312127486 ], [ -81.09479302036452, 28.382009312042079 ], [ -81.094788020281669, 28.379541311444576 ], [ -81.094792020277339, 28.379374311404046 ], [ -81.094781020263838, 28.379062311328781 ], [ -81.094784020233845, 28.378126311102086 ], [ -81.094777020197881, 28.377099310853531 ], [ -81.094779020173846, 28.376351310672359 ], [ -81.094768020083379, 28.373706310032073 ], [ -81.094772020039144, 28.372329309698486 ], [ -81.094766019997536, 28.371119309405568 ], [ -81.094757019971823, 28.370418309236022 ], [ -81.094738019831382, 28.366325308245187 ], [ -81.09472601967633, 28.361725307131323 ], [ -81.094717019664984, 28.361460307067329 ], [ -81.094711019624825, 28.360293306784861 ], [ -81.094712019618356, 28.360088306735118 ], [ -81.094716019593193, 28.359289306541509 ], [ -81.094701019513636, 28.357006305988886 ], [ -81.094699019464599, 28.355534305632315 ], [ -81.094693019448044, 28.355084305523441 ], [ -81.094697019436779, 28.35470730543199 ], [ -81.094697019433468, 28.354606305407547 ], [ -81.094694019410568, 28.353936305245309 ], [ -81.094698019400781, 28.353604305164762 ], [ -81.094692019362867, 28.35250530489871 ], [ -81.094692019360593, 28.352436304882012 ], [ -81.094692019323318, 28.351303304607463 ], [ -81.094685019283972, 28.350170304333183 ], [ -81.094681019251141, 28.349208304100202 ], [ -81.094677019213862, 28.348110303834268 ], [ -81.094626019199012, 28.34811030383559 ], [ -81.094001019016773, 28.348109303851437 ], [ -81.093377018834801, 28.348107303867014 ], [ -81.093119018759566, 28.348106303873411 ], [ -81.092280018514955, 28.348104303894534 ], [ -81.091767018365346, 28.348103303907532 ], [ -81.091255018216017, 28.34810130392022 ], [ -81.088801017500458, 28.348095303981964 ], [ -81.088445017396651, 28.348094303990891 ], [ -81.087845017221724, 28.348093304006088 ], [ -81.086888016942623, 28.34809030403002 ], [ -81.08628901676785, 28.348086304044433 ], [ -81.085689016592838, 28.34808230405892 ], [ -81.074147013225513, 28.348008304338133 ], [ -81.073873013145615, 28.348007304344961 ], [ -81.073363012996808, 28.348004304357367 ], [ -81.072853012848057, 28.34800130436977 ], [ -81.07223801266862, 28.347998304384834 ], [ -81.071725012518968, 28.347994304397073 ], [ -81.071213012369583, 28.34799130440954 ], [ -81.067983011427202, 28.347971304487828 ], [ -81.065653010747425, 28.347957304544426 ], [ -81.063322010067282, 28.347942304600778 ], [ -81.058991008803631, 28.347915304705705 ], [ -81.058645008702683, 28.347913304714119 ], [ -81.058298008601412, 28.347911304722583 ], [ -81.05800500851592, 28.347909304729637 ], [ -81.056625008113272, 28.347900304762934 ], [ -81.05524600771092, 28.347891304796295 ], [ -81.050228006246698, 28.347860304917848 ], [ -81.048929005867663, 28.347852304949352 ], [ -81.047631005488896, 28.34784430498085 ], [ -81.042596004019671, 28.3478123051026 ], [ -81.042303003934165, 28.347810305109679 ], [ -81.042009003848364, 28.347808305116772 ], [ -81.036223002159943, 28.347772305256864 ], [ -81.035927002073578, 28.347770305264021 ], [ -81.034715001719889, 28.347763305293519 ], [ -81.033208001280087, 28.347753305329892 ], [ -81.032113000960507, 28.347746305356324 ], [ -81.031701000840286, 28.347743305366198 ], [ -81.031288000719798, 28.347741305376331 ], [ -81.026209999237807, 28.34770930549924 ], [ -81.02573099909803, 28.34770630551078 ], [ -81.025250998957915, 28.347703305522423 ], [ -81.023186998355584, 28.347690305572407 ], [ -81.022438998138227, 28.347714305597439 ], [ -81.01748699670037, 28.347907305771567 ], [ -81.016137996308657, 28.347960305819168 ], [ -81.015572996144613, 28.347982305839025 ], [ -81.015006995980201, 28.348004305858908 ], [ -81.010921994793961, 28.34816130600203 ], [ -81.010141994567434, 28.34819130602936 ], [ -81.009361994340949, 28.348221306056679 ], [ -81.00038799173474, 28.348565306370904 ], [ -80.999785991559918, 28.348589306392196 ], [ -80.994685990069058, 28.348489306499062 ], [ -80.994364989975267, 28.34848430650614 ], [ -80.988044988127896, 28.348368306640523 ], [ -80.969914982828215, 28.34804130702727 ], [ -80.968124982304886, 28.348008307065331 ], [ -80.964097981127651, 28.347936307151379 ], [ -80.963824981047907, 28.347933307157678 ], [ -80.963552980968387, 28.347928307163411 ], [ -80.961484980363792, 28.347890307207393 ], [ -80.95555097862939, 28.34779530733681 ], [ -80.949073976736145, 28.347691307478058 ], [ -80.946896976101726, 28.347716307540065 ], [ -80.946785976069364, 28.34771730754316 ], [ -80.944799975490653, 28.347740307599764 ], [ -80.942814974912224, 28.347763307656354 ], [ -80.942401974791892, 28.347768307668154 ], [ -80.941989974671785, 28.347773307679955 ], [ -80.941708974589915, 28.34777630768793 ], [ -80.940864974343938, 28.347786307712017 ], [ -80.940584974262407, 28.347790307720185 ], [ -80.940225974156434, 28.347753307720485 ], [ -80.939584973967229, 28.347688307721157 ], [ -80.939147973839724, 28.347688307732405 ], [ -80.938787973734719, 28.347689307741884 ], [ -80.9386069736819, 28.347689307746528 ], [ -80.938275973585334, 28.347690307755286 ], [ -80.938063973523427, 28.347688307760251 ], [ -80.937882973470636, 28.34768930776514 ], [ -80.9360689729413, 28.347689307811741 ], [ -80.930626971353362, 28.347690307951805 ], [ -80.928815970824829, 28.347690307998317 ], [ -80.928116970620877, 28.347691308016515 ], [ -80.928070970607465, 28.347691308017698 ], [ -80.926024970010346, 28.347690308070021 ], [ -80.925382969823033, 28.347690308086509 ], [ -80.925328969807325, 28.347692308088373 ], [ -80.922151968878524, 28.347641308157637 ], [ -80.921860968793411, 28.34763630816385 ], [ -80.920354968353124, 28.34761230819672 ], [ -80.912109965946911, 28.347612308408493 ], [ -80.911959965903037, 28.34761030841187 ], [ -80.903898963548272, 28.347546308603338 ], [ -80.895599961128099, 28.347608308831514 ], [ -80.887604958794299, 28.347603309035584 ], [ -80.887379958728104, 28.347588309037715 ], [ -80.885986958321936, 28.347601309076659 ], [ -80.88499195803179, 28.347610309104351 ], [ -80.884196957799958, 28.347618309126748 ], [ -80.88312895748858, 28.347629309156815 ], [ -80.882156957205169, 28.347638309183925 ], [ -80.88206095717716, 28.34763930918669 ], [ -80.881918957135724, 28.347640309190574 ], [ -80.877004955702802, 28.347686309327862 ], [ -80.872169954291451, 28.347689309452704 ], [ -80.871777954177034, 28.347689309462794 ], [ -80.870315953749142, 28.34765630949228 ], [ -80.864760952123419, 28.347533309605037 ], [ -80.862910951581995, 28.347492309642544 ], [ -80.862895951577229, 28.347481309640248 ], [ -80.862883951572542, 28.347444309631591 ], [ -80.862833951552588, 28.347280309593121 ], [ -80.862817951546134, 28.347226309580375 ], [ -80.862787951534088, 28.347127309557148 ], [ -80.862789951511061, 28.34640630938215 ], [ -80.862791951491531, 28.345792309233047 ], [ -80.862795951448774, 28.344453308908033 ], [ -80.862797951432469, 28.343937308782738 ], [ -80.862802951406948, 28.343115308583148 ], [ -80.862744951211567, 28.337669307262917 ], [ -80.862802951056182, 28.332410305984951 ], [ -80.862786950982084, 28.330291305471018 ], [ -80.862771950912332, 28.328293304986392 ], [ -80.862581950350247, 28.312810301232407 ], [ -80.862358949936919, 28.302156298650978 ], [ -80.862273949779635, 28.298099297667882 ], [ -80.86224494972646, 28.296731297336365 ], [ -80.862135949534547, 28.291828296148363 ], [ -80.862006949306334, 28.285987294732834 ], [ -80.86190794911326, 28.280955293512992 ], [ -80.86189794909734, 28.280556293416289 ], [ -80.861895949093352, 28.280451293390836 ], [ -80.861856949034987, 28.279010293041754 ], [ -80.861814948970732, 28.277417292655837 ], [ -80.861715948815785, 28.273549291718602 ], [ -80.86169194877921, 28.272641291498569 ], [ -80.861655948720866, 28.271174291143073 ], [ -80.861651948715632, 28.271049291112821 ], [ -80.861641948662651, 28.26951229073957 ], [ -80.86161294850406, 28.264904289620649 ], [ -80.861605948452066, 28.26337028924808 ], [ -80.861585948413179, 28.262355289001938 ], [ -80.86152894829759, 28.259315288264624 ], [ -80.861510948260914, 28.258350288030563 ], [ -80.861508948258802, 28.258303288019192 ], [ -80.861485948212248, 28.257079287722288 ], [ -80.861417948072912, 28.253407286831578 ], [ -80.8613979480306, 28.252286286559624 ], [ -80.861400948028063, 28.252181286534068 ], [ -80.861412948019321, 28.251805286442355 ], [ -80.861428948009149, 28.251349286331131 ], [ -80.8614519479938, 28.250671286165744 ], [ -80.861457947990417, 28.250513286127205 ], [ -80.861461947988033, 28.250403286100362 ], [ -80.861465947985621, 28.250293286073514 ], [ -80.861487947967731, 28.249546285891395 ], [ -80.861491947965121, 28.249430285863049 ], [ -80.861517947944648, 28.248567285652644 ], [ -80.861548947921079, 28.247565285408321 ], [ -80.861555947914823, 28.247309285345889 ], [ -80.8615789478973, 28.246563285163987 ], [ -80.861578947892411, 28.246413285127478 ], [ -80.861582947878972, 28.245964285018314 ], [ -80.861584947874704, 28.245815284982015 ], [ -80.861594947833098, 28.24444628464898 ], [ -80.861601947810129, 28.243676284461639 ], [ -80.861618947745612, 28.241538283941473 ], [ -80.861627947709309, 28.240341283650263 ], [ -80.861628947706834, 28.24025628362957 ], [ -80.861638947668027, 28.238973283317435 ], [ -80.861638947666108, 28.238914283303039 ], [ -80.861641947661269, 28.238737283260001 ], [ -80.861642947659703, 28.23867928324584 ], [ -80.861642947659035, 28.238659283240953 ], [ -80.861642947657089, 28.238599283226364 ], [ -80.861641947656153, 28.238579283221579 ], [ -80.861642947621789, 28.23751228296214 ], [ -80.86165494757438, 28.235947282581396 ], [ -80.861669947516063, 28.234016282111536 ], [ -80.861779947103955, 28.220333278781695 ], [ -80.861820946968095, 28.21577627767245 ], [ -80.861820946958048, 28.215466277597056 ], [ -80.861829946930769, 28.214545277372849 ], [ -80.861833946922005, 28.214239277298322 ], [ -80.861834946919274, 28.214146277275663 ], [ -80.861834946917625, 28.214095277263272 ], [ -80.861837946904387, 28.213660277157423 ], [ -80.861838946901557, 28.213564277134015 ], [ -80.861839946900247, 28.213515277122067 ], [ -80.861842946891912, 28.213230277052723 ], [ -80.861846946875175, 28.212677276918111 ], [ -80.861854946845966, 28.211705276681514 ], [ -80.861866946799537, 28.21016427630639 ], [ -80.861873946774438, 28.209327276102641 ], [ -80.861876946760773, 28.208879275993596 ], [ -80.861886946720304, 28.207541275667936 ], [ -80.861891946707445, 28.207098275560028 ], [ -80.861893946690444, 28.206555275427924 ], [ -80.861907946641935, 28.204933275033039 ], [ -80.861913946626174, 28.204392274901299 ], [ -80.861914946616253, 28.204077274824648 ], [ -80.861922946588095, 28.203136274595551 ], [ -80.861925946578779, 28.202822274519082 ], [ -80.861925946573848, 28.202670274482163 ], [ -80.861929946560366, 28.202218274372044 ], [ -80.861932946556408, 28.202069274335756 ], [ -80.861944946508387, 28.200478273948423 ], [ -80.861947946497139, 28.200104273857391 ], [ -80.861981946364693, 28.195707272786848 ], [ -80.861992946325685, 28.194404272469583 ], [ -80.861995946317307, 28.194118272399955 ], [ -80.862011946250249, 28.19190227186041 ], [ -80.862057946076888, 28.186130270454925 ], [ -80.862064946050822, 28.185262270243509 ], [ -80.862083945984864, 28.183051269705075 ], [ -80.862083945978782, 28.182863269659347 ], [ -80.862089945962353, 28.182301269522434 ], [ -80.862091945956934, 28.182114269476902 ], [ -80.862092945951588, 28.18194026943452 ], [ -80.862096945935889, 28.181419269307643 ], [ -80.862098945930867, 28.181246269265486 ], [ -80.862099945928819, 28.181174269247961 ], [ -80.862103945914058, 28.180681269127888 ], [ -80.862103945910874, 28.180583269104051 ], [ -80.86210794589924, 28.1801882690078 ], [ -80.862119945851219, 28.178594268619612 ], [ -80.862125945832659, 28.177966268466616 ], [ -80.862125945831949, 28.177944268461271 ], [ -80.862119945829662, 28.177927268457324 ], [ -80.862128945820331, 28.177557268367035 ], [ -80.862144945758729, 28.17550726786779 ], [ -80.862202945540744, 28.168238266097223 ], [ -80.862222945468289, 28.165815265507025 ], [ -80.862224945459261, 28.165517265434413 ], [ -80.862232945432879, 28.164627265217604 ], [ -80.86223594542416, 28.164330265145249 ], [ -80.862235945419883, 28.164198265113114 ], [ -80.862238945414049, 28.16399026506242 ], [ -80.862239945408305, 28.163803265016846 ], [ -80.862240945404395, 28.163673264985164 ], [ -80.86225194536901, 28.162477264693777 ], [ -80.862288945264055, 28.158893263820463 ], [ -80.862300945229052, 28.157699263529505 ], [ -80.862302945223263, 28.157502263481476 ], [ -80.862303945219708, 28.157383263452505 ], [ -80.862311945186136, 28.156271263181644 ], [ -80.862346945058192, 28.151988262138062 ], [ -80.862358945015615, 28.150561261790344 ], [ -80.862358945013355, 28.150491261773325 ], [ -80.862361945007578, 28.150284261722867 ], [ -80.862364945006306, 28.15021726170648 ], [ -80.862380944949152, 28.148301261239595 ], [ -80.862434944779721, 28.14255725983973 ], [ -80.862453944723612, 28.140644259373452 ], [ -80.862462944693831, 28.139639259128494 ], [ -80.862492944605478, 28.136626258394049 ], [ -80.86250294457605, 28.135622258149336 ], [ -80.862514944533572, 28.134195257801515 ], [ -80.862555944407887, 28.129921256759641 ], [ -80.862570944366453, 28.128497256412441 ], [ -80.862607944049358, 28.118310253930375 ], [ -80.862622943924578, 28.114294252951716 ], [ -80.862623943914386, 28.113968252872301 ], [ -80.862674943493204, 28.100402249565946 ], [ -80.862669943484931, 28.100189249514187 ], [ -80.86265394344008, 28.098937249209516 ], [ -80.862687943407153, 28.097604248883886 ], [ -80.862793943309796, 28.093608247907458 ], [ -80.86282094328611, 28.092625247667254 ], [ -80.862825943276405, 28.092278247582566 ], [ -80.862824943273893, 28.092208247565519 ], [ -80.862825943271403, 28.09212224754453 ], [ -80.862827943268158, 28.0920032475155 ], [ -80.862828943266322, 28.091936247499142 ], [ -80.862829943265112, 28.091890247487928 ], [ -80.862836943233447, 28.090838247231375 ], [ -80.862879943050643, 28.084750245746651 ], [ -80.863153943130555, 28.084749245739474 ], [ -80.863976943370659, 28.084748245718465 ], [ -80.864170943427311, 28.084748245713577 ], [ -80.864251943450896, 28.084748245711555 ], [ -80.8652639437462, 28.084747245685765 ], [ -80.865318943762276, 28.084747245684365 ], [ -80.868302944632646, 28.084735245606112 ], [ -80.869315944928161, 28.084732245579819 ], [ -80.869311944880522, 28.083283245226809 ], [ -80.869305944739423, 28.078938244168011 ], [ -80.869303944692419, 28.077490243815159 ], [ -80.869298944611458, 28.07501024321077 ], [ -80.869297944572921, 28.073817242920004 ], [ -80.869297944555498, 28.073273242787412 ], [ -80.869296944537751, 28.072728242654602 ], [ -80.869294944509079, 28.071854242441596 ], [ -80.869287944369987, 28.067576241398953 ], [ -80.86928694430253, 28.065479240887804 ], [ -80.869285944290098, 28.065100240795417 ], [ -80.869453944287713, 28.063494240399663 ], [ -80.869786944285124, 28.06038023963211 ], [ -80.869966944283348, 28.058684239214056 ], [ -80.870137944281993, 28.057082238819159 ], [ -80.870015944191337, 28.055363238403142 ], [ -80.869651943920218, 28.05020823715537 ], [ -80.869532943830578, 28.0484912367397 ], [ -80.869542943773936, 28.046630236285615 ], [ -80.86957694360548, 28.041050234923979 ], [ -80.869587943549817, 28.03920923447469 ], [ -80.869587943549206, 28.039190234470048 ], [ -80.869628943340558, 28.03228523278494 ], [ -80.869663943163843, 28.026431231356113 ], [ -80.869677943091446, 28.024036230771497 ], [ -80.86970494296213, 28.019735229721562 ], [ -80.869716942905242, 28.017844229259939 ], [ -80.869717942896045, 28.0175462291872 ], [ -80.869745942753667, 28.012825228034664 ], [ -80.869747942748376, 28.012641227989729 ], [ -80.869750942733106, 28.012135227866217 ], [ -80.869751942730971, 28.012058227847376 ], [ -80.86977494265534, 28.009476227216833 ], [ -80.869848942424468, 28.00155522528209 ], [ -80.869848942422777, 28.001502225269121 ], [ -80.869860942388087, 28.000302224975989 ], [ -80.86987994234714, 27.998844224619688 ], [ -80.869901942300089, 27.997165224209397 ], [ -80.869902942299049, 27.997124224199375 ], [ -80.869937942223302, 27.994423223539279 ], [ -80.869958942179025, 27.99284022315242 ], [ -80.869947942153203, 27.992130222979377 ], [ -80.869922942092472, 27.990452222570479 ], [ -80.869896942026955, 27.988631222126653 ], [ -80.869893942005945, 27.987998221972234 ], [ -80.869893942004211, 27.987944221959019 ], [ -80.86989594198549, 27.987337221810808 ], [ -80.869902941986993, 27.987321221806752 ], [ -80.86997594185739, 27.982576220646653 ], [ -80.86990194177173, 27.98056322015707 ], [ -80.86981294166759, 27.978105219559279 ], [ -80.869599941599461, 27.97791621951847 ], [ -80.869593941579552, 27.977344219378971 ], [ -80.869587941553362, 27.97657721919186 ], [ -80.869581941517879, 27.975515218932749 ], [ -80.869575941490211, 27.974699218733686 ], [ -80.86956094141793, 27.972563218212574 ], [ -80.869551941372791, 27.971225217886136 ], [ -80.869556941367691, 27.971019217835707 ], [ -80.869574941353406, 27.970404217685086 ], [ -80.869578941350753, 27.97028421765572 ], [ -80.869574941346897, 27.970199217635042 ], [ -80.869601941343902, 27.969857217550867 ], [ -80.869602941343771, 27.969844217547646 ], [ -80.869617941342113, 27.96965321750066 ], [ -80.869616941313879, 27.968774217286072 ], [ -80.869616941302596, 27.96841921719939 ], [ -80.869635941301837, 27.968220217150311 ], [ -80.869614941276282, 27.967609217001641 ], [ -80.86959894125556, 27.96710421687877 ], [ -80.869612941254658, 27.966946216839837 ], [ -80.869437941122627, 27.964397216221766 ], [ -80.869404941098935, 27.963955216114702 ], [ -80.86941694109737, 27.963795216075344 ], [ -80.869425941096011, 27.963670216044559 ], [ -80.869488941105772, 27.963398215976575 ], [ -80.869506941109904, 27.963363215967608 ], [ -80.86943894104013, 27.961790215585193 ], [ -80.8694439410352, 27.961589215535977 ], [ -80.869441941026579, 27.961336215474201 ], [ -80.869437941001379, 27.960579215289499 ], [ -80.869436940993097, 27.960327215227981 ], [ -80.869433940973565, 27.959739215084465 ], [ -80.869443940957282, 27.959135214936712 ], [ -80.869453940942662, 27.958582214801389 ], [ -80.869498940948404, 27.958349214743397 ], [ -80.869498940944382, 27.958222214712347 ], [ -80.869510940945219, 27.958139214691766 ], [ -80.869473940922433, 27.957762214600685 ], [ -80.869438940904701, 27.957524214543398 ], [ -80.869429940896921, 27.957363214504326 ], [ -80.869436940888463, 27.957031214423054 ], [ -80.869420940837415, 27.955570214066654 ], [ -80.869407940795796, 27.95437921377609 ], [ -80.869395940758906, 27.953326213519276 ], [ -80.869377940703487, 27.951744213133313 ], [ -80.869360940648448, 27.950167212748564 ], [ -80.869352940621283, 27.949383212557329 ], [ -80.869358940614944, 27.949128212494873 ], [ -80.869360940615096, 27.949115212491666 ], [ -80.869394940617582, 27.948879212433152 ], [ -80.869430940623943, 27.948748212400243 ], [ -80.86960894066506, 27.948409212312978 ], [ -80.869646940672908, 27.948306212286909 ], [ -80.869658940674114, 27.948233212268757 ], [ -80.869660940672986, 27.948179212255532 ], [ -80.869652940668175, 27.948102212236957 ], [ -80.869635940661212, 27.948038212221743 ], [ -80.869568940636384, 27.947871212182584 ], [ -80.86946694060147, 27.947709212145572 ], [ -80.869380940570466, 27.947523212102318 ], [ -80.869363940562536, 27.947428212079551 ], [ -80.869355940558123, 27.947364212064109 ], [ -80.869346940516181, 27.946123211761233 ], [ -80.869337940486986, 27.945287211557247 ], [ -80.869376940493638, 27.945137211519608 ], [ -80.869434940508569, 27.945074211502767 ], [ -80.869568940545932, 27.945019211486013 ], [ -80.869572940531839, 27.944538211368389 ], [ -80.869571940501942, 27.943604211140276 ], [ -80.869572940372905, 27.939524210143656 ], [ -80.869573940357057, 27.939015210019257 ], [ -80.86957394033017, 27.938166209811833 ], [ -80.869564940285187, 27.936830209485723 ], [ -80.869541940151677, 27.932828208508596 ], [ -80.869534940107457, 27.931496208183365 ], [ -80.869474939743355, 27.920547205509653 ], [ -80.869304938656242, 27.887710197487777 ], [ -80.869251938295704, 27.876767194813439 ], [ -80.869257938251366, 27.875306194456019 ], [ -80.869242938176839, 27.873081193912356 ], [ -80.869170937807624, 27.86202619121045 ], [ -80.869148937685253, 27.85834219030987 ], [ -80.869142937662573, 27.857676190147103 ], [ -80.869126937594899, 27.855675189658022 ], [ -80.869123937573107, 27.855010189495449 ], [ -80.86911693754908, 27.854310189324405 ], [ -80.86910293747917, 27.85221918881324 ], [ -80.869100937464495, 27.851771188703687 ], [ -80.869100937463003, 27.851724188692202 ], [ -80.869098937456158, 27.851524188643321 ], [ -80.869093937435011, 27.850897188490034 ], [ -80.869076937358955, 27.848638187937837 ], [ -80.869012937068078, 27.839979185820908 ], [ -80.86899193697127, 27.837093185115297 ], [ -80.868988936960221, 27.836769185036104 ], [ -80.868981936927668, 27.835797184798455 ], [ -80.868979936916858, 27.83547418471943 ], [ -80.868974936896777, 27.834880184574224 ], [ -80.86896193683711, 27.833100184138956 ], [ -80.868957936817324, 27.832507183993933 ], [ -80.868952936797172, 27.831913183848727 ], [ -80.868939936737519, 27.830133183413469 ], [ -80.868935936717747, 27.82954018326847 ], [ -80.868926936681177, 27.828460183004388 ], [ -80.868902936572582, 27.825223182212774 ], [ -80.868894936536421, 27.824145181949142 ], [ -80.868893936527414, 27.823867181881162 ], [ -80.868892936525697, 27.823821181869913 ], [ -80.868885936493101, 27.822849181632172 ], [ -80.868883936482433, 27.822527181553419 ], [ -80.852542931713188, 27.822458181941773 ], [ -80.852526931708539, 27.822458181942178 ], [ -80.850633931156523, 27.822465181990804 ], [ -80.850264931048898, 27.822467182000445 ], [ -80.848174930439527, 27.822479182055236 ], [ -80.844925929492263, 27.822499182140692 ], [ -80.843980929216684, 27.822503182165086 ], [ -80.843789929161076, 27.822506182170553 ], [ -80.842152928683774, 27.822516182213622 ], [ -80.836061926907448, 27.822543182371227 ], [ -80.835763926820917, 27.822555182381517 ], [ -80.834349926410312, 27.822618182432006 ], [ -80.829219924920665, 27.822845182614756 ], [ -80.827510924424402, 27.822922182675999 ], [ -80.826652924174013, 27.822923182697515 ], [ -80.82409092342688, 27.822935182763935 ], [ -80.823239923178804, 27.822943182787021 ], [ -80.822416922938714, 27.822946182808163 ], [ -80.819950922219576, 27.822958182872178 ], [ -80.819267922020387, 27.82296318289038 ], [ -80.819129921980149, 27.822964182894047 ], [ -80.817734921573233, 27.822969182929842 ], [ -80.813550920352839, 27.82298418303716 ], [ -80.812156919946204, 27.822990183073241 ], [ -80.803743917492213, 27.82302518329028 ], [ -80.778506910130034, 27.823132183941837 ], [ -80.770094907676111, 27.823178184161492 ], [ -80.770117907698491, 27.823678184283349 ], [ -80.769816907610576, 27.823675184290082 ], [ -80.767432906913982, 27.823653184343769 ], [ -80.767385906900245, 27.823652184344681 ], [ -80.767234906856103, 27.823651184348176 ], [ -80.767036906798339, 27.823650184352829 ], [ -80.766574906663294, 27.823645184363077 ], [ -80.766465906631424, 27.823644184365527 ], [ -80.766139906536182, 27.82364018437265 ], [ -80.766030906504355, 27.823640184375321 ], [ -80.761511905182189, 27.823543184463485 ], [ -80.753604902868688, 27.823374184617965 ], [ -80.751662902300481, 27.823332184655772 ], [ -80.749858901772654, 27.823294184691118 ], [ -80.74795490121501, 27.823237184724338 ], [ -80.745220900414338, 27.823156184772184 ], [ -80.745195900406969, 27.823155184772574 ], [ -80.744071900077799, 27.823121184792111 ], [ -80.743874900020117, 27.823116184795701 ], [ -80.743678899962688, 27.823110184799102 ], [ -80.743557899927268, 27.823106184801134 ], [ -80.743437899892086, 27.823103184803387 ], [ -80.742910899737097, 27.823066184807349 ], [ -80.742761899693292, 27.823056184808607 ], [ -80.742479899610643, 27.823045184812877 ], [ -80.742034899480203, 27.823029184819951 ], [ -80.741660899370487, 27.823013184825331 ], [ -80.741632899362301, 27.823012184825799 ], [ -80.741494899322035, 27.823012184829196 ], [ -80.741368899285305, 27.823013184832572 ], [ -80.74132989927385, 27.823012184833281 ], [ -80.741241899248209, 27.823013184835713 ], [ -80.740802899120041, 27.823014184846823 ], [ -80.740776899113015, 27.823032184851883 ], [ -80.710450890255757, 27.822943185580897 ], [ -80.709207889892724, 27.822940185610872 ], [ -80.707165889296235, 27.822934185659953 ], [ -80.703826888321288, 27.82293718574336 ], [ -80.693814885397899, 27.822949185994087 ], [ -80.691114884609519, 27.822953186061898 ], [ -80.690492884427925, 27.822954186077538 ], [ -80.690477884423501, 27.822953186077648 ], [ -80.688810883936114, 27.822935186114485 ], [ -80.683812882474797, 27.822883186225447 ], [ -80.682148881988297, 27.822866186262413 ], [ -80.68041388148167, 27.822869186306086 ], [ -80.675214879963605, 27.822881186437694 ], [ -80.673924879586963, 27.822885186470586 ], [ -80.673482879457723, 27.822881186480544 ], [ -80.670303878528642, 27.822862186554538 ], [ -80.660771875742867, 27.822811186777866 ], [ -80.657596874814971, 27.822795186852456 ], [ -80.65082287283424, 27.8227331870048 ], [ -80.648749872228109, 27.822714187051417 ], [ -80.643910870813144, 27.822670187160323 ], [ -80.630507866893808, 27.82254818746188 ], [ -80.624778865218403, 27.822497187591075 ], [ -80.623737864913195, 27.822463187608435 ], [ -80.620446863951003, 27.822441187684412 ], [ -80.613602861949957, 27.822397187842807 ], [ -80.613571861940841, 27.822396187843339 ], [ -80.61350686192182, 27.822396187844966 ], [ -80.610576861065141, 27.822377187912728 ], [ -80.60728786010344, 27.822356187988952 ], [ -80.607112860052297, 27.822355187992969 ], [ -80.601427858390579, 27.822337188129126 ], [ -80.583852853253035, 27.822283188550209 ], [ -80.578433851668919, 27.822267188680229 ], [ -80.578214851604855, 27.822266188685404 ], [ -80.577994851540637, 27.822268188691314 ], [ -80.577794851482139, 27.822267188696031 ], [ -80.577593851423373, 27.822266188700748 ], [ -80.576702851162892, 27.822263188721994 ], [ -80.572826850029756, 27.822251188814846 ], [ -80.571536849652588, 27.822248188846004 ], [ -80.570748849422216, 27.822245188864731 ], [ -80.568386848731663, 27.822238188921343 ], [ -80.567599848501573, 27.822236188940302 ], [ -80.566109848065906, 27.822230188975659 ], [ -80.561644846760515, 27.822217189082767 ], [ -80.560156846325512, 27.822214189118796 ], [ -80.559393846102395, 27.822211189136926 ], [ -80.557107845433947, 27.822203189191448 ], [ -80.556346845211493, 27.82220118920976 ], [ -80.556182845163491, 27.822200189213561 ], [ -80.555692845020261, 27.822198189225194 ], [ -80.555529844972554, 27.822198189229201 ], [ -80.555371844926327, 27.822196189232589 ], [ -80.554798844758821, 27.822195189246493 ], [ -80.554464844661126, 27.822193189254271 ], [ -80.553372844341808, 27.822190189280505 ], [ -80.551421843771436, 27.822185189327481 ], [ -80.549259843139268, 27.822178189379194 ], [ -80.547889842738712, 27.822175189412299 ], [ -80.546527842340268, 27.822166189443699 ], [ -80.542441841145063, 27.822139189538042 ], [ -80.541079840746605, 27.822130189569467 ], [ -80.538848840094275, 27.822124189623068 ], [ -80.535570839135843, 27.822117189702325 ], [ -80.529158837261022, 27.822105189857705 ], [ -80.528727837134994, 27.822104189868096 ], [ -80.528296837008966, 27.822103189878497 ], [ -80.527734836844573, 27.822100189891678 ], [ -80.527200836688465, 27.822100189904848 ], [ -80.52666783653261, 27.822100189918014 ], [ -80.519836834535141, 27.822086190083297 ], [ -80.519046834304135, 27.82208419010226 ], [ -80.518781834226644, 27.822084190108797 ], [ -80.513538832693428, 27.822073190235596 ], [ -80.513522832688764, 27.82207219023573 ], [ -80.512959832524047, 27.822070190249143 ], [ -80.511225832016962, 27.822067190291229 ], [ -80.510649831848582, 27.822067190305468 ], [ -80.510592831831843, 27.822065190306361 ], [ -80.510424831782714, 27.822064190310265 ], [ -80.510371831767287, 27.822065190311832 ], [ -80.510190831714354, 27.822065190316298 ], [ -80.509652831556977, 27.822063190329089 ], [ -80.509473831504636, 27.822063190333516 ], [ -80.509393831481219, 27.822063190335474 ], [ -80.509156831411957, 27.822063190341339 ], [ -80.509077831388865, 27.822063190343286 ], [ -80.508939831373709, 27.822870190544638 ], [ -80.508924831372212, 27.822963190567879 ], [ -80.508580831312983, 27.824286190900899 ], [ -80.508262831249525, 27.825231191140571 ], [ -80.508001831197461, 27.826008191337682 ], [ -80.507898831176973, 27.826315191415496 ], [ -80.507859831169171, 27.826430191444679 ], [ -80.507795831156457, 27.826623191493621 ], [ -80.507570831111678, 27.827295191664057 ], [ -80.507434831084467, 27.827697191766024 ], [ -80.50734483106659, 27.827967191834482 ], [ -80.50733583106485, 27.82799419184132 ], [ -80.507212831030401, 27.828044191856605 ], [ -80.506995830969771, 27.82813319188379 ], [ -80.506347830788641, 27.828400191965311 ], [ -80.506131830728279, 27.828490191992742 ], [ -80.505816830640242, 27.828620192032414 ], [ -80.505501830552205, 27.828750192072114 ], [ -80.505342830507772, 27.828816192092145 ], [ -80.505109830447154, 27.829056192156806 ], [ -80.505038830428717, 27.829130192176692 ], [ -80.504473830281739, 27.829713192333671 ], [ -80.504272830229496, 27.829922192389944 ], [ -80.503197829949997, 27.831036192689758 ], [ -80.502346829728651, 27.831916192926652 ], [ -80.501935829621843, 27.832343193041556 ], [ -80.50145582949736, 27.832850193177805 ], [ -80.501362829473194, 27.832948193204118 ], [ -80.501155829419616, 27.833170193263712 ], [ -80.501097829404543, 27.833230193279864 ], [ -80.500855829341887, 27.833489193349358 ], [ -80.500024829126559, 27.834374193586971 ], [ -80.499765829059498, 27.834652193661594 ], [ -80.499681829038636, 27.83476919369236 ], [ -80.499574829011422, 27.834900193727137 ], [ -80.499261828932504, 27.835303193833742 ], [ -80.499158828906602, 27.835437193869179 ], [ -80.498699828790663, 27.836023194024254 ], [ -80.497323828443314, 27.837781194489459 ], [ -80.49707882838149, 27.838095194572542 ], [ -80.496903828339612, 27.838393194649964 ], [ -80.496823828320501, 27.838528194685065 ], [ -80.495728828104504, 27.841861195529642 ], [ -80.494389827840592, 27.845939196562956 ], [ -80.494269827827949, 27.846657196742061 ], [ -80.494306827860498, 27.84735119691134 ], [ -80.494337827874844, 27.84752119695224 ], [ -80.494809828092471, 27.850064197564272 ], [ -80.494820828109908, 27.850517197675082 ], [ -80.494789828114094, 27.850942197780089 ], [ -80.494423828037583, 27.851916198027979 ], [ -80.494042827940845, 27.852385198152451 ], [ -80.493613827832036, 27.852916198293286 ], [ -80.493586827825212, 27.852950198302263 ], [ -80.492773827608175, 27.853611198484526 ], [ -80.492714827591968, 27.853645198494291 ], [ -80.491235827186813, 27.854517198744741 ], [ -80.491190827174506, 27.854544198752457 ], [ -80.491144827161932, 27.85457219876044 ], [ -80.491081827144555, 27.854606198770359 ], [ -80.491018827126112, 27.85460519877169 ], [ -80.490967827111234, 27.854606198773208 ], [ -80.490725827040478, 27.854607198779423 ], [ -80.490616827008594, 27.854607198782119 ], [ -80.490483826969722, 27.854608198785659 ], [ -80.488155826289045, 27.854610198843705 ], [ -80.481173824247492, 27.854617199018094 ], [ -80.478846823567025, 27.854620199076447 ], [ -80.478805823555078, 27.854620199077466 ], [ -80.478684823519671, 27.854620199080443 ], [ -80.478644823507977, 27.854620199081424 ], [ -80.478605823496565, 27.854620199082415 ], [ -80.478488823462314, 27.854620199085314 ], [ -80.478450823451254, 27.854620199086245 ], [ -80.473206821917799, 27.85462519921715 ], [ -80.457476817317769, 27.854643199610543 ], [ -80.45490281656501, 27.854646199674914 ], [ -80.454637816488002, 27.854662199685347 ], [ -80.454035816316292, 27.854802199734625 ], [ -80.453434816149496, 27.855089199819844 ], [ -80.452554815913757, 27.855780200011093 ], [ -80.45164181567182, 27.856583200230684 ], [ -80.451387815604562, 27.8568072002919 ], [ -80.44949981512535, 27.859140200910812 ], [ -80.449278815067402, 27.859355200969038 ], [ -80.449189815044122, 27.8594422009926 ], [ -80.4490568150093, 27.859573201028017 ], [ -80.448554814875351, 27.859984201141241 ], [ -80.448355814821042, 27.860109201176797 ], [ -80.448337814816085, 27.860119201179725 ], [ -80.448099814751231, 27.860270201222647 ], [ -80.447764814659934, 27.860484201283416 ], [ -80.44735081454408, 27.860652201334815 ], [ -80.447090814471409, 27.86076020136775 ], [ -80.446670814348664, 27.860764201379112 ], [ -80.446237814222229, 27.86077020139135 ], [ -80.444939813843021, 27.860786201427327 ], [ -80.441824812933078, 27.860825201513954 ], [ -80.434818810886483, 27.860914201709033 ], [ -80.434686810847879, 27.860915201712562 ], [ -80.431456809904049, 27.860950201801028 ], [ -80.408328803145636, 27.861200202434148 ], [ -80.397475799972597, 27.8612772027213 ], [ -80.385071796345883, 27.861367203049952 ], [ -80.383896795927853, 27.858995202496939 ], [ -80.382721795509823, 27.856623201943915 ], [ -80.378862794136978, 27.848832200127138 ], [ -80.375002792764064, 27.84104119830997 ], [ -80.374773792682646, 27.840579198202242 ], [ -80.373932792387478, 27.839009197837573 ], [ -80.36756479015294, 27.827119195075436 ], [ -80.349577783801649, 27.792201186941405 ], [ -80.341868781073927, 27.777025183401374 ], [ -80.339326780190873, 27.772545182362627 ], [ -80.33500177868865, 27.764925180595622 ], [ -80.332528777848168, 27.76116217973118 ], [ -80.328115776220287, 27.750311177171259 ], [ -80.328064776200634, 27.750158177134868 ], [ -80.328012776180699, 27.750005177098512 ], [ -80.327361775930385, 27.748075176639841 ], [ -80.326180775476189, 27.744569175806578 ], [ -80.32510277506158, 27.741368175045665 ], [ -80.324349774772003, 27.739133174514414 ], [ -80.321922773838864, 27.731931172802305 ], [ -80.319544772924544, 27.724869171123203 ], [ -80.314774771077907, 27.71028216765059 ], [ -80.312413770163957, 27.703059165930636 ], [ -80.311424769781297, 27.700037165211 ], [ -80.309396768996493, 27.693834163733623 ], [ -80.308525768652643, 27.690950163044914 ], [ -80.307607768290239, 27.687907162318186 ], [ -80.305006767263592, 27.679291160260266 ], [ -80.303340766605984, 27.673768158940902 ], [ -80.301173765767473, 27.667127157358259 ], [ -80.29887076493884, 27.662099156176012 ], [ -80.296538763998328, 27.653704154164895 ], [ -80.296458763965987, 27.653415154095626 ], [ -80.295259763350572, 27.644799152002111 ], [ -80.295205763322855, 27.644411151907818 ], [ -80.294929763084696, 27.639283150651007 ], [ -80.284905759722477, 27.625315147452458 ], [ -80.281920758748555, 27.622044146718686 ], [ -80.281356758556896, 27.621176146518465 ], [ -80.280869758365171, 27.619571146134678 ], [ -80.279445757800019, 27.614725144974599 ], [ -80.274835755950576, 27.598376141055414 ], [ -80.274799755936073, 27.598247141024512 ], [ -80.274425755778367, 27.596668140644148 ], [ -80.272066754783779, 27.586713138246161 ], [ -80.27090675429217, 27.581732137045666 ], [ -80.268548753332809, 27.572908134925949 ], [ -80.268426753285098, 27.572516134832227 ], [ -80.263753751457642, 27.557433131223611 ], [ -80.263545751377094, 27.556787131069218 ], [ -80.263824751457378, 27.556742131051355 ], [ -80.268331752778209, 27.556793130954919 ], [ -80.28270175698934, 27.556957130647831 ], [ -80.287492758393299, 27.557012130545466 ], [ -80.29428076038235, 27.557089130400204 ], [ -80.31464676634954, 27.557322129964895 ], [ -80.317130767077316, 27.557350129911661 ], [ -80.320162767965599, 27.557385129846939 ], [ -80.321006768212911, 27.55739512982894 ], [ -80.321435768337807, 27.557375129813632 ], [ -80.321780768438245, 27.557358129801084 ], [ -80.322817768740236, 27.557310129764154 ], [ -80.323051768808426, 27.557300129756022 ], [ -80.323163768841169, 27.55729912975308 ], [ -80.327588770134852, 27.557262129636818 ], [ -80.327930770234801, 27.557259129627823 ], [ -80.327971770246776, 27.557258129626572 ], [ -80.328031770264317, 27.55725712962489 ], [ -80.328095770283042, 27.557257129623338 ], [ -80.328137770295328, 27.557257129622318 ], [ -80.328816770493873, 27.557252129604652 ], [ -80.329397770663704, 27.557248129589613 ], [ -80.330854771090486, 27.557262129557774 ], [ -80.33129877122056, 27.55726712954824 ], [ -80.331534771289654, 27.557269129543005 ], [ -80.331581771303391, 27.557269129541861 ], [ -80.331671771329766, 27.557270129539944 ], [ -80.331765771357311, 27.557270129537681 ], [ -80.331881771391281, 27.557271129535152 ], [ -80.332295771512506, 27.557274129525876 ], [ -80.332434771553196, 27.557276129522982 ], [ -80.332476771565481, 27.557275129521731 ], [ -80.332608771604185, 27.557277129519044 ], [ -80.332653771617402, 27.557279129518417 ], [ -80.332966771709081, 27.557282129511581 ], [ -80.333906771984402, 27.55729112949102 ], [ -80.334220772076435, 27.557296129484691 ], [ -80.3346947722153, 27.557302129474703 ], [ -80.334784772241576, 27.557300129472011 ], [ -80.336476772735608, 27.557266129422668 ], [ -80.336946772872849, 27.55725712940907 ], [ -80.337042772900944, 27.557257129406754 ], [ -80.337774773115044, 27.557256129388787 ], [ -80.339972773758191, 27.557256129335581 ], [ -80.340706773972954, 27.55725612931781 ], [ -80.342198774409439, 27.557255129281444 ], [ -80.346676775719573, 27.557254129172794 ], [ -80.348169776156396, 27.557254129136638 ], [ -80.34822077617126, 27.557253129135169 ], [ -80.34837277621574, 27.557253129131492 ], [ -80.348424776230999, 27.55725312913021 ], [ -80.3493527765024, 27.557250129107004 ], [ -80.349976776684841, 27.557247129091127 ], [ -80.350280776773801, 27.557247129083763 ], [ -80.350362776797809, 27.557247129081762 ], [ -80.35044477682176, 27.55724712907978 ], [ -80.354635778047481, 27.557234128975139 ], [ -80.356036778457266, 27.557230128940237 ], [ -80.356188778501718, 27.557230128936549 ], [ -80.356268778525106, 27.55722912893437 ], [ -80.356509778595566, 27.557227128928037 ], [ -80.356590778619221, 27.55722712892608 ], [ -80.356963778728357, 27.557226128916813 ], [ -80.358084779056256, 27.557224128889111 ], [ -80.35845877916563, 27.557224128880065 ], [ -80.359021779330263, 27.557222128865959 ], [ -80.359477779463674, 27.557222128854917 ], [ -80.359828779566371, 27.557222128846419 ], [ -80.360032779626039, 27.55722212884147 ], [ -80.360235779685411, 27.5572211288363 ], [ -80.360709779824049, 27.557220128824593 ], [ -80.36127377998902, 27.557219128810694 ], [ -80.362197780259294, 27.557218128788072 ], [ -80.362621780383549, 27.5572251287795 ], [ -80.366616781554498, 27.557298128700793 ], [ -80.36666778156939, 27.557298128699561 ], [ -80.36772778188012, 27.557318128678826 ], [ -80.367890781927869, 27.557321128675607 ], [ -80.368016781964755, 27.557321128672566 ], [ -80.368086781985241, 27.557321128670861 ], [ -80.368297782046938, 27.557321128665759 ], [ -80.368368782067677, 27.557321128664054 ], [ -80.368504782107451, 27.557321128660746 ], [ -80.368903782224208, 27.55732112865109 ], [ -80.368954782239115, 27.557321128649857 ], [ -80.369050782267237, 27.55732112864753 ], [ -80.369161782299685, 27.557320128644598 ], [ -80.369496782397633, 27.557320128636494 ], [ -80.369608782430404, 27.557320128633773 ], [ -80.369651782442986, 27.557320128632728 ], [ -80.369893782513316, 27.557304128622906 ], [ -80.370397782660731, 27.557305128610942 ], [ -80.372767783354291, 27.557312128555271 ], [ -80.373558783585764, 27.557315128536835 ], [ -80.373583783593077, 27.557315128536224 ], [ -80.373696783626372, 27.557323128535504 ], [ -80.373800783657046, 27.557331128534926 ], [ -80.373889783683268, 27.557337128534236 ], [ -80.374037783726834, 27.557347128533156 ], [ -80.374530783872046, 27.557379128529085 ], [ -80.37477478394392, 27.557395128527126 ], [ -80.375082784035087, 27.557429128528074 ], [ -80.376008784309008, 27.557530128530534 ], [ -80.376318784400723, 27.557565128531692 ], [ -80.379019785190138, 27.557543128460843 ], [ -80.380090785503199, 27.557535128432885 ], [ -80.38296778634566, 27.557564128370409 ], [ -80.387057787539504, 27.557483128251324 ], [ -80.387128787560272, 27.557483128249608 ], [ -80.389832788351967, 27.557508128190268 ], [ -80.390115788434954, 27.557516128185362 ], [ -80.391455788828182, 27.557557128163008 ], [ -80.393770789506348, 27.557591128115334 ], [ -80.396342790258529, 27.557589128052566 ], [ -80.397941790726179, 27.557588128013567 ], [ -80.397971790734928, 27.557588128012831 ], [ -80.397973790733658, 27.557527127997741 ], [ -80.398031790750636, 27.557527127996341 ], [ -80.398312790832819, 27.557527127989523 ], [ -80.40020279138578, 27.557533127945199 ], [ -80.402261791988352, 27.557544127898055 ], [ -80.403176792256104, 27.557550127877352 ], [ -80.406275793162536, 27.557552127802758 ], [ -80.406425793206495, 27.557554127799612 ], [ -80.407881793631958, 27.557543127761644 ], [ -80.410729794464757, 27.557538127691359 ], [ -80.413331795225602, 27.557535127627581 ], [ -80.414572795588768, 27.557541127599045 ], [ -80.41465879561386, 27.557541127596945 ], [ -80.414746795639545, 27.557539127594293 ], [ -80.414998795712648, 27.557520127583516 ], [ -80.415100795742305, 27.557513127579305 ], [ -80.415706795919135, 27.557500127561415 ], [ -80.416036796015447, 27.55749312755167 ], [ -80.416431796130695, 27.557485127540136 ], [ -80.416804796239546, 27.55747712752915 ], [ -80.417030796305482, 27.557472127522402 ], [ -80.41713779633649, 27.557464127517864 ], [ -80.417367796403795, 27.557464127512279 ], [ -80.418383796700965, 27.557466127488166 ], [ -80.418723796800464, 27.557468127480401 ], [ -80.419538797038811, 27.557469127460902 ], [ -80.421982797753785, 27.557476127403437 ], [ -80.422688797960262, 27.55747812738683 ], [ -80.422798797992485, 27.557479127384404 ], [ -80.422895798020818, 27.557479127382038 ], [ -80.423630798235848, 27.557481127364717 ], [ -80.424230798411372, 27.557483127350668 ], [ -80.425813798874415, 27.55748712731328 ], [ -80.426126798966095, 27.557492127306915 ], [ -80.426959799210138, 27.557507127290435 ], [ -80.427311799313244, 27.557513127283361 ], [ -80.42836779962262, 27.557532127262494 ], [ -80.428720799726079, 27.557539127255637 ], [ -80.428986799804022, 27.557544127250456 ], [ -80.429171799858224, 27.5575471272467 ], [ -80.430530800256349, 27.557572127219917 ], [ -80.43098580038972, 27.557581127211087 ], [ -80.431005800395511, 27.557580127210368 ], [ -80.431069800414235, 27.557580127208819 ], [ -80.43109280042097, 27.55758112720849 ], [ -80.431410800514016, 27.557583127201273 ], [ -80.432344800787462, 27.557593127181136 ], [ -80.43270080089178, 27.557600127174215 ], [ -80.433132801018388, 27.557610127166242 ], [ -80.435098801594577, 27.557653127129146 ], [ -80.435795801798847, 27.557668127115974 ], [ -80.43601780186394, 27.557673127111808 ], [ -80.437087802176862, 27.557674127086127 ], [ -80.437524802304623, 27.557674127075529 ], [ -80.439133802775189, 27.557677127037298 ], [ -80.439287802820203, 27.557677127033596 ], [ -80.439962803017593, 27.557678127017468 ], [ -80.440426803153343, 27.557679127006455 ], [ -80.442452803746704, 27.557710126964963 ], [ -80.443135803946703, 27.557721126951151 ], [ -80.443282803989788, 27.557723126948083 ], [ -80.444090804226434, 27.557735126931426 ], [ -80.446517804937201, 27.557774126882229 ], [ -80.4473268051742, 27.557788126866026 ], [ -80.447367805186147, 27.557787126864774 ], [ -80.447494805223386, 27.557790126862486 ], [ -80.447538805236306, 27.557791126861673 ] ] ] ] } }
]
}
