{
"type": "FeatureCollection",
"name": "DISTRICT_10",
"crs": { "type": "name", "properties": { "name": "urn:ogc:def:crs:OGC:1.3:CRS84" } },
"xy_coordinate_resolution": 1e-15,
"features": [
{ "type": "Feature", "properties": { "LONGNAME": "District 10", "SHORTNAME": "D10", "DISTRICT": 10, "COLOR": -111177996, "TOTAL": 769221, "TARGET_DEV": 0 }, "geometry": { "type": "MultiPolygon", "coordinates": [ [ [ [ -81.562890164153842, 28.606924354107463 ], [ -81.562896164159824, 28.60705035413763 ], [ -81.563015164196898, 28.607122354151809 ], [ -81.563002164195325, 28.607188354167995 ], [ -81.562903164169384, 28.607271354190551 ], [ -81.562691164108813, 28.607304354204103 ], [ -81.562466164047308, 28.607419354237674 ], [ -81.562186163974147, 28.607661354303261 ], [ -81.561849163888624, 28.608030354400849 ], [ -81.561126163703207, 28.608762354595925 ], [ -81.560783163625317, 28.609406354759802 ], [ -81.560627163596322, 28.609890354880324 ], [ -81.560440163552883, 28.61021435496313 ], [ -81.560159163483888, 28.610588355060482 ], [ -81.560247163528658, 28.611155355194487 ], [ -81.560066163505127, 28.612014355405805 ], [ -81.560321163584462, 28.612168355436118 ], [ -81.560228163565029, 28.612393355492657 ], [ -81.559972163506643, 28.612866355613146 ], [ -81.559729163434881, 28.612833355611592 ], [ -81.559581163408268, 28.613318355732108 ], [ -81.559455163385792, 28.613736355835918 ], [ -81.559374163366471, 28.613862355868363 ], [ -81.559230163328948, 28.613989355902731 ], [ -81.559143163307539, 28.614104355932664 ], [ -81.559118163305314, 28.614253355969105 ], [ -81.558962163269285, 28.614528356039376 ], [ -81.558501163152556, 28.615040356174589 ], [ -81.558276163088991, 28.615095356193798 ], [ -81.558039163024603, 28.615227356231777 ], [ -81.557565162893326, 28.615420356290642 ], [ -81.557422162852831, 28.615453356302389 ], [ -81.557135162769214, 28.615447356308458 ], [ -81.556967162722586, 28.615513356328769 ], [ -81.556786162670321, 28.615524356336206 ], [ -81.556655162638194, 28.615700356382 ], [ -81.556468162585162, 28.615739356396261 ], [ -81.556256162527461, 28.615854356429541 ], [ -81.556025162463428, 28.615948356458233 ], [ -81.555838162414275, 28.616102356500189 ], [ -81.555588162349807, 28.616344356564923 ], [ -81.555320162278022, 28.616525356615522 ], [ -81.55510816221846, 28.6165863566358 ], [ -81.554959162177738, 28.61666335665819 ], [ -81.554803162133666, 28.616701356671484 ], [ -81.554678162099179, 28.616757356688257 ], [ -81.554472162040199, 28.616784356700183 ], [ -81.554404162021939, 28.616828356712556 ], [ -81.554223161968395, 28.616801356710859 ], [ -81.55414816194677, 28.616806356714022 ], [ -81.554117161938009, 28.61681235671626 ], [ -81.554023161912639, 28.6168723567332 ], [ -81.553924161884609, 28.616894356741099 ], [ -81.553618161795825, 28.616899356750341 ], [ -81.553381161730513, 28.617004356781862 ], [ -81.552664161526479, 28.617136356832461 ], [ -81.552184161391224, 28.617263356875657 ], [ -81.552146161387796, 28.617488356930767 ], [ -81.551710161267223, 28.617670356986014 ], [ -81.551136161120553, 28.618269357145198 ], [ -81.55089316106671, 28.618765357270846 ], [ -81.550606160990384, 28.618974357328668 ], [ -81.550419160951989, 28.619447357447314 ], [ -81.550101160866419, 28.619650357504501 ], [ -81.549951160826808, 28.619769357537059 ], [ -81.549945160825501, 28.619781357540134 ], [ -81.549943160825322, 28.619793357543081 ], [ -81.54994416082603, 28.619805357545914 ], [ -81.549944160826399, 28.619816357548604 ], [ -81.549942160826689, 28.619842357554866 ], [ -81.549836160795891, 28.619843357557912 ], [ -81.549805160786903, 28.61984335755875 ], [ -81.549658160744158, 28.619844357562862 ], [ -81.54960616072907, 28.619844357564226 ], [ -81.54953016070705, 28.619845357566479 ], [ -81.548898160523464, 28.619850357584323 ], [ -81.548601160437201, 28.619853357592845 ], [ -81.548525160415068, 28.619853357594856 ], [ -81.548500160407784, 28.619853357595531 ], [ -81.548416160383397, 28.619854357597976 ], [ -81.548413160393295, 28.620172357674498 ], [ -81.548412160401384, 28.620419357733923 ], [ -81.548413160429462, 28.621240357931335 ], [ -81.548414160441823, 28.621596358016898 ], [ -81.548188160375972, 28.621592358021857 ], [ -81.548012160324873, 28.621594358026968 ], [ -81.546806159974807, 28.621611358062875 ], [ -81.546737159954787, 28.621612358064926 ], [ -81.546404159858056, 28.621615358074429 ], [ -81.546340159839431, 28.621615358076109 ], [ -81.546148159783684, 28.621616358081418 ], [ -81.546085159765397, 28.62161735808338 ], [ -81.545918159716848, 28.62161935808826 ], [ -81.545418159571739, 28.621626358103121 ], [ -81.545252159523571, 28.621629358108212 ], [ -81.545006159452186, 28.621633358115645 ], [ -81.544686159359046, 28.621630358123355 ], [ -81.544440159287618, 28.621633358130566 ], [ -81.544243159258087, 28.622453358332951 ], [ -81.54410215923788, 28.623066358484046 ], [ -81.543997159222386, 28.623510358593585 ], [ -81.543831159197964, 28.624213358766955 ], [ -81.543769159188884, 28.624478358832302 ], [ -81.543729159183002, 28.624648358874207 ], [ -81.543608159165174, 28.625160359000514 ], [ -81.543569159159617, 28.625331359042626 ], [ -81.543483159147058, 28.625699359133392 ], [ -81.543227159110131, 28.626805359406024 ], [ -81.543142159097926, 28.627174359496959 ], [ -81.543043159083339, 28.627593359600329 ], [ -81.542848159054799, 28.628424359805251 ], [ -81.542846159054577, 28.628434359807695 ], [ -81.542832159052438, 28.628493359822265 ], [ -81.542822159050914, 28.628533359832169 ], [ -81.542805159048314, 28.628602359849186 ], [ -81.542753159040231, 28.62880935990032 ], [ -81.542737159037927, 28.628879359917555 ], [ -81.5427151590346, 28.628969359939781 ], [ -81.542707159033554, 28.629006359948896 ], [ -81.542654159025815, 28.629234360005114 ], [ -81.542457158997792, 28.630096360217511 ], [ -81.542408158990511, 28.630303360268542 ], [ -81.542324158978204, 28.630659360356372 ], [ -81.542316158976945, 28.630692360364556 ], [ -81.542299158974316, 28.630759360381106 ], [ -81.542294158973704, 28.630785360387467 ], [ -81.542405159006748, 28.630808360390077 ], [ -81.542487159031211, 28.630825360392027 ], [ -81.542588159060827, 28.630833360391247 ], [ -81.542745159106374, 28.630830360386387 ], [ -81.542859159139454, 28.630828360382907 ], [ -81.543840159424079, 28.630809360352448 ], [ -81.544188159525092, 28.630803360341854 ], [ -81.544361159575132, 28.630796360335555 ], [ -81.546786160278543, 28.630745360259311 ], [ -81.547213160402407, 28.630737360246151 ], [ -81.547342160439896, 28.630735360242262 ], [ -81.547573160507909, 28.630761360242403 ], [ -81.547639160527496, 28.630773360243531 ], [ -81.54774316055834, 28.630792360245351 ], [ -81.547764160564626, 28.630797360245982 ], [ -81.547808160577787, 28.630808360247499 ], [ -81.547908160607761, 28.630833360250854 ], [ -81.54794316061826, 28.630844360252553 ], [ -81.547987160631607, 28.630860360255262 ], [ -81.548128160674281, 28.630908360263074 ], [ -81.548300160726797, 28.630983360276588 ], [ -81.548503160789551, 28.631093360297619 ], [ -81.548596160818619, 28.631153360309611 ], [ -81.548760160870714, 28.631282360336318 ], [ -81.548893160913437, 28.631403360361873 ], [ -81.549077160973866, 28.631606360405815 ], [ -81.549092160978802, 28.631624360409742 ], [ -81.54929616104647, 28.631870360463498 ], [ -81.549362161068359, 28.631950360480964 ], [ -81.549397161079995, 28.631992360490138 ], [ -81.549474161105607, 28.632088360511215 ], [ -81.549683161175267, 28.632349360568416 ], [ -81.549759161201081, 28.632459360592858 ], [ -81.549800161215288, 28.63252636060788 ], [ -81.5499021612505, 28.632691360644831 ], [ -81.549950161267574, 28.632783360665691 ], [ -81.549985161280034, 28.632850360680877 ], [ -81.55006016130838, 28.633043360725303 ], [ -81.55006416130999, 28.6330553607281 ], [ -81.550102161325142, 28.633177360756406 ], [ -81.550138161341238, 28.633342360795098 ], [ -81.550163161356252, 28.633571360849498 ], [ -81.550168161363928, 28.633755360893623 ], [ -81.550145161371915, 28.634187360998062 ], [ -81.55013716137347, 28.634302361025906 ], [ -81.549987161405383, 28.636529361565152 ], [ -81.549984161412283, 28.636758361620267 ], [ -81.549988161417545, 28.636879361649246 ], [ -81.550015161432995, 28.637103361702369 ], [ -81.550058161452355, 28.637305361749782 ], [ -81.550123161478382, 28.637515361798588 ], [ -81.550205161509126, 28.637718361845227 ], [ -81.550285161537687, 28.637875361880834 ], [ -81.550381161571096, 28.638036361916992 ], [ -81.55038916157379, 28.638048361919623 ], [ -81.550490161607925, 28.638188361950643 ], [ -81.550653161661813, 28.638379361992225 ], [ -81.550851161725888, 28.638572362033418 ], [ -81.551271161860527, 28.638940362110748 ], [ -81.551387161897679, 28.639042362132184 ], [ -81.551672161989018, 28.639291362184565 ], [ -81.551738162010139, 28.639348362196468 ], [ -81.551855162047659, 28.639451362218175 ], [ -81.552068162115944, 28.63963736225724 ], [ -81.552086162121654, 28.639653362260624 ], [ -81.5522671621802, 28.639827362297623 ], [ -81.552386162219349, 28.639960362326455 ], [ -81.552438162236442, 28.640019362339284 ], [ -81.552546162272719, 28.640162362370777 ], [ -81.552619162297972, 28.640281362397431 ], [ -81.552650162308652, 28.64033136240867 ], [ -81.552747162343238, 28.640518362451051 ], [ -81.552753162345411, 28.640531362454013 ], [ -81.552829162373754, 28.640716362496473 ], [ -81.552843162379006, 28.640750362504242 ], [ -81.552870162389667, 28.640833362523487 ], [ -81.553122162488421, 28.641584362697316 ], [ -81.553179162510872, 28.641757362737415 ], [ -81.553251162539183, 28.641974362787685 ], [ -81.553281162551002, 28.642066362809004 ], [ -81.553319162565998, 28.642182362835861 ], [ -81.554073162862707, 28.644464363364357 ], [ -81.554084162867241, 28.644504363373688 ], [ -81.554175162904116, 28.644811363445079 ], [ -81.554210162920199, 28.644984363485698 ], [ -81.554231162932183, 28.645157363526749 ], [ -81.554238162941047, 28.645359363575103 ], [ -81.554225162944675, 28.64557836362809 ], [ -81.554187162943819, 28.645877363700912 ], [ -81.554141162938976, 28.64612836376245 ], [ -81.554096162931998, 28.646308363806902 ], [ -81.554031162919088, 28.646485363851173 ], [ -81.553965162904277, 28.646614363883923 ], [ -81.55390416288958, 28.646704363907151 ], [ -81.553832162871515, 28.646788363929254 ], [ -81.553714162841246, 28.646906363960724 ], [ -81.553612162814403, 28.646990363983562 ], [ -81.553502162784952, 28.647065364004533 ], [ -81.553381162752089, 28.647133364024075 ], [ -81.553250162715955, 28.647190364041194 ], [ -81.553114162677872, 28.647234364055365 ], [ -81.552942162629094, 28.647271364068818 ], [ -81.552743162572085, 28.647296364080084 ], [ -81.552446162486021, 28.647304364089823 ], [ -81.550569161940189, 28.647302364138937 ], [ -81.550445161904364, 28.64730936414395 ], [ -81.550282161857751, 28.647332364153776 ], [ -81.550162161823835, 28.647360364163656 ], [ -81.550032161787442, 28.647402364177182 ], [ -81.549907161752884, 28.647454364192985 ], [ -81.54974916170984, 28.647539364217593 ], [ -81.549603161670774, 28.647640364245689 ], [ -81.549504161644947, 28.64772636426898 ], [ -81.549413161621658, 28.647819364293738 ], [ -81.549324161599728, 28.647936364324249 ], [ -81.549251161582504, 28.648055364354772 ], [ -81.549188161568779, 28.648189364388632 ], [ -81.549152161562176, 28.648303364416972 ], [ -81.549141161560769, 28.648355364429733 ], [ -81.549123161558569, 28.648445364451842 ], [ -81.549109161559315, 28.648588364486557 ], [ -81.549028161614899, 28.650919365048896 ], [ -81.549016161622532, 28.651245365127512 ], [ -81.548986161643256, 28.652112365336681 ], [ -81.548982161645895, 28.652225365363922 ], [ -81.54897416165467, 28.652552365442769 ], [ -81.548972161656451, 28.652621365459389 ], [ -81.548984161666112, 28.652802365502559 ], [ -81.548988161668106, 28.652826365508201 ], [ -81.548999161673606, 28.652895365524504 ], [ -81.549019161683901, 28.653027365555712 ], [ -81.549065161703524, 28.65321136559869 ], [ -81.549103161718506, 28.653326365625315 ], [ -81.549126161727457, 28.653393365640795 ], [ -81.549199161754558, 28.653566365680472 ], [ -81.549298161789849, 28.653758365723952 ], [ -81.549743161944349, 28.654497365889785 ], [ -81.549973162024187, 28.654879365975503 ], [ -81.55006916205754, 28.655038366011155 ], [ -81.550326162146717, 28.655464366106717 ], [ -81.550356162157314, 28.655520366119369 ], [ -81.550445162188836, 28.6556853661567 ], [ -81.550503162209395, 28.655794366181379 ], [ -81.550580162238234, 28.655984366224953 ], [ -81.550627162256873, 28.65612936625854 ], [ -81.550665162272907, 28.656277366293107 ], [ -81.550700162289999, 28.656480366340944 ], [ -81.550707162294913, 28.656565366361214 ], [ -81.550717162301964, 28.656686366390012 ], [ -81.550721162364951, 28.658506366827208 ], [ -81.550721162369669, 28.658644366860361 ], [ -81.550722162385384, 28.659099366969649 ], [ -81.550722162386577, 28.659133366977823 ], [ -81.550720162393119, 28.659343367028349 ], [ -81.550720162393773, 28.659362367032912 ], [ -81.550716162421836, 28.660223367239873 ], [ -81.550716162423385, 28.660269367250908 ], [ -81.55071616243464, 28.660601367330703 ], [ -81.550718162450323, 28.66104336743685 ], [ -81.550706162465715, 28.661600367570969 ], [ -81.550700162475309, 28.661933367651137 ], [ -81.550635162456416, 28.661933367652868 ], [ -81.550440162399696, 28.661933367658008 ], [ -81.55037616238107, 28.661933367659714 ], [ -81.550203162330803, 28.661933367664293 ], [ -81.549687162180803, 28.66193436767815 ], [ -81.54924116205116, 28.661936367690448 ], [ -81.549186162035184, 28.661936367691887 ], [ -81.548195161747159, 28.661941367719372 ], [ -81.547866161651598, 28.661943367728515 ], [ -81.547746161616715, 28.661943367731695 ], [ -81.54738616151208, 28.661945367741691 ], [ -81.547267161477492, 28.661946367745077 ], [ -81.547200161458022, 28.661946367746847 ], [ -81.547001161400132, 28.661946367752101 ], [ -81.546935161381029, 28.661947367754092 ], [ -81.546837161352485, 28.661947367756675 ], [ -81.546803161342623, 28.661947367757588 ], [ -81.546671161304289, 28.661949367761554 ], [ -81.546545161267659, 28.661949367764873 ], [ -81.546448161239482, 28.661950367767677 ], [ -81.546350161211038, 28.661950367770274 ], [ -81.546058161126155, 28.66195136777824 ], [ -81.545961161097964, 28.66195236778103 ], [ -81.545912161083706, 28.661952367782327 ], [ -81.545861161068913, 28.661953367783909 ], [ -81.54576516104099, 28.66195236778622 ], [ -81.545717161026985, 28.661952367787492 ], [ -81.545603160993778, 28.661951367790262 ], [ -81.545468160954556, 28.661951367793836 ], [ -81.545261160894398, 28.661952367799529 ], [ -81.545148160861572, 28.661953367802777 ], [ -81.545106160849343, 28.661953367803882 ], [ -81.54497916081246, 28.661953367807229 ], [ -81.544938160800569, 28.661954367808555 ], [ -81.544902160790059, 28.661954367809511 ], [ -81.544797160759586, 28.661954367812285 ], [ -81.544762160749372, 28.661954367813198 ], [ -81.544670160722617, 28.661954367815628 ], [ -81.544394160642383, 28.661954367822933 ], [ -81.544303160615939, 28.661955367825584 ], [ -81.544207160588016, 28.661955367828114 ], [ -81.543973160520025, 28.661957367834788 ], [ -81.543922160505232, 28.661957367836123 ], [ -81.543827160477591, 28.661958367838864 ], [ -81.542437160073689, 28.661966367877596 ], [ -81.541762159877536, 28.661970367896391 ], [ -81.541361159761038, 28.661973367907713 ], [ -81.541085159680847, 28.661974367915235 ], [ -81.54033715946349, 28.66198036793644 ], [ -81.538316158876327, 28.661995367993523 ], [ -81.536032158212777, 28.662014368058468 ], [ -81.535900158173817, 28.6619983680581 ], [ -81.535771158135333, 28.661968368054303 ], [ -81.53564815809797, 28.661922368046525 ], [ -81.535589158079873, 28.661894368041303 ], [ -81.535490158049072, 28.661835368029784 ], [ -81.535408158023216, 28.661775368017537 ], [ -81.535335157999626, 28.661707368003096 ], [ -81.535271157978485, 28.66163336798704 ], [ -81.535193157951667, 28.661510367959504 ], [ -81.53481715781848, 28.660809367801015 ], [ -81.5346991577767, 28.660589367751264 ], [ -81.534513157710848, 28.660242367672822 ], [ -81.534420157678895, 28.660098367640689 ], [ -81.534349157655157, 28.6600073676207 ], [ -81.534228157615672, 28.659881367593609 ], [ -81.534138157586881, 28.659804367577518 ], [ -81.533993157541332, 28.659703367557043 ], [ -81.533837157492982, 28.659616367540263 ], [ -81.533672157442496, 28.659543367527085 ], [ -81.533481157384955, 28.659484367517923 ], [ -81.532761157169631, 28.659309367494952 ], [ -81.53274715716536, 28.65930436749408 ], [ -81.532656157137893, 28.659274367489292 ], [ -81.532640157133017, 28.65926636748781 ], [ -81.532557157107519, 28.659227367480621 ], [ -81.532465157078818, 28.659170367469329 ], [ -81.532383157052706, 28.659103367455412 ], [ -81.532361157045585, 28.659082367450978 ], [ -81.532345157040481, 28.6590673674478 ], [ -81.532288157021483, 28.658997367432473 ], [ -81.532269157015179, 28.658974367427433 ], [ -81.532255157010596, 28.658958367423974 ], [ -81.53221315699659, 28.658906367412587 ], [ -81.532195156990582, 28.658884367407779 ], [ -81.53155515681587, 28.659220367505455 ], [ -81.531219156724035, 28.659393367555843 ], [ -81.530463156517555, 28.659786367670307 ], [ -81.530053156405785, 28.660005367733778 ], [ -81.529860156353791, 28.66012736776819 ], [ -81.528961156108124, 28.660592367903703 ], [ -81.528493155979817, 28.660822367971338 ], [ -81.528087155866345, 28.660957368014504 ], [ -81.527701155755793, 28.661007368036714 ], [ -81.527666155745749, 28.661010368038365 ], [ -81.527388155665761, 28.661037368052174 ], [ -81.527351155655182, 28.66104136805416 ], [ -81.527326155650869, 28.661127368075444 ], [ -81.527280155643012, 28.661290368115871 ], [ -81.527046155608559, 28.662279368359709 ], [ -81.526980155604377, 28.662722368467893 ], [ -81.526874155599671, 28.663489368654979 ], [ -81.526775155599282, 28.664325368858456 ], [ -81.526167155636813, 28.670631370389788 ], [ -81.526033155640306, 28.671880370693394 ], [ -81.526035155659855, 28.672438370827418 ], [ -81.526069155691872, 28.673087370982458 ], [ -81.526132155724412, 28.67350537108118 ], [ -81.526258155779416, 28.674046371207833 ], [ -81.526431155848655, 28.67460237133686 ], [ -81.526728155960228, 28.675343371507022 ], [ -81.527072156089702, 28.676208371705716 ], [ -81.527283156168409, 28.676717371822445 ], [ -81.527528156260132, 28.677319371960596 ], [ -81.52782715637376, 28.678103372140967 ], [ -81.527957156427092, 28.678559372247108 ], [ -81.528050156468666, 28.678986372347225 ], [ -81.528094156499435, 28.679514372472884 ], [ -81.528082156512454, 28.68000037258998 ], [ -81.528042156510381, 28.680281372658506 ], [ -81.52792815648921, 28.680634372746351 ], [ -81.527785156462642, 28.681074372855782 ], [ -81.527469156396052, 28.681818373042891 ], [ -81.527430156388775, 28.681937373072522 ], [ -81.527367156376016, 28.682102373113835 ], [ -81.527260156353904, 28.682365373179834 ], [ -81.527117156319264, 28.682570373232881 ], [ -81.52710615632148, 28.682728373271114 ], [ -81.526944156281388, 28.68293437332488 ], [ -81.526901156268309, 28.68291837332217 ], [ -81.526135156032609, 28.682538373251152 ], [ -81.525966155980612, 28.682455373235712 ], [ -81.525172155734424, 28.682006373148873 ], [ -81.524303155463826, 28.681482373045952 ], [ -81.523724155282125, 28.681089372966895 ], [ -81.522983155047598, 28.680531372852453 ], [ -81.522887155017173, 28.680459372837703 ], [ -81.522598154925788, 28.680242372793209 ], [ -81.521834154682963, 28.67963637266784 ], [ -81.521654154626361, 28.679511372642587 ], [ -81.521655154625336, 28.679472372633196 ], [ -81.521655154623886, 28.679430372623081 ], [ -81.521655154622522, 28.679389372613276 ], [ -81.521655154621627, 28.679363372606989 ], [ -81.521273154501728, 28.679105372555146 ], [ -81.521111154450864, 28.67899437253276 ], [ -81.5205881542865, 28.678635372460352 ], [ -81.520405154228953, 28.67850837243466 ], [ -81.520211154167995, 28.678374372407593 ], [ -81.520118154139027, 28.678319372396864 ], [ -81.520040154114426, 28.678262372385227 ], [ -81.519546153959197, 28.677922372316594 ], [ -81.519500153944591, 28.677886372309214 ], [ -81.519360153900706, 28.677792372290345 ], [ -81.518977153780583, 28.67753637223894 ], [ -81.518184153531934, 28.67700637213261 ], [ -81.517904153443993, 28.67681637209434 ], [ -81.51780915341422, 28.676753372081713 ], [ -81.517634153359353, 28.676636372058237 ], [ -81.517635153363173, 28.676740372083227 ], [ -81.517445153307662, 28.676732372086352 ], [ -81.517341153277599, 28.676738372090547 ], [ -81.517084153203101, 28.676745372098971 ], [ -81.515709152803126, 28.67674337213489 ], [ -81.51485615255514, 28.676746372158185 ], [ -81.51361615219426, 28.676740372189546 ], [ -81.51361515218575, 28.676498372131405 ], [ -81.513615152161137, 28.675774371957466 ], [ -81.513615152152937, 28.675533371899544 ], [ -81.513615152144766, 28.675293371841928 ], [ -81.513617152120858, 28.67457337166887 ], [ -81.513619152113293, 28.674334371611376 ], [ -81.513524152085566, 28.674330371612939 ], [ -81.513201151991566, 28.674330371621487 ], [ -81.512834151884832, 28.674330371631193 ], [ -81.511950151627389, 28.674320371652133 ], [ -81.511657151542096, 28.674318371659414 ], [ -81.511533151506086, 28.674320371663164 ], [ -81.511531151513736, 28.674562371721382 ], [ -81.51152815153759, 28.67528937189611 ], [ -81.511527151545579, 28.675532371954549 ], [ -81.511526151553483, 28.675773372012486 ], [ -81.511526151578195, 28.676500372187146 ], [ -81.511526151586438, 28.676742372245304 ], [ -81.51116615148166, 28.676740372254354 ], [ -81.510568151307666, 28.676739372269946 ], [ -81.510088151168119, 28.67674037228289 ], [ -81.509729151063752, 28.676742372292846 ], [ -81.50967315104748, 28.67674237229431 ], [ -81.509554151012821, 28.676742372297479 ], [ -81.50950415099831, 28.676742372298801 ], [ -81.509449150982391, 28.676743372300482 ], [ -81.509433150977657, 28.676742372300669 ], [ -81.509387150964287, 28.676742372301906 ], [ -81.509372150959905, 28.676742372302275 ], [ -81.509338150950057, 28.676742372303178 ], [ -81.50912615088825, 28.676739372308088 ], [ -81.508981150846139, 28.676740372312164 ], [ -81.508862150811524, 28.67674137231554 ], [ -81.508252150633837, 28.676733372329767 ], [ -81.507909150534346, 28.676741372340754 ], [ -81.507808150504957, 28.676740372343179 ], [ -81.507418150391374, 28.676737372352786 ], [ -81.507416150386234, 28.676603372320642 ], [ -81.507418150383131, 28.676494372294396 ], [ -81.50743115036218, 28.67576637211916 ], [ -81.507436150355375, 28.675524372060849 ], [ -81.507019150234129, 28.67552437207188 ], [ -81.50680415017159, 28.675525372077811 ], [ -81.505768149870846, 28.675543372109548 ], [ -81.505352149750152, 28.67555137212247 ], [ -81.505203149706361, 28.675538372123256 ], [ -81.505082149670201, 28.675509372119503 ], [ -81.504286149432119, 28.67531837209469 ], [ -81.504021149352894, 28.675255372086539 ], [ -81.503878149310125, 28.675220372081899 ], [ -81.503452149182635, 28.675115372067946 ], [ -81.503310149140148, 28.675080372063281 ], [ -81.503191149104651, 28.675053372059953 ], [ -81.502840148999823, 28.674973372049983 ], [ -81.502723148964918, 28.674947372046837 ], [ -81.502603148929339, 28.6749293720457 ], [ -81.502523148905667, 28.67491637204472 ], [ -81.502401148870092, 28.674913372047214 ], [ -81.502243148824292, 28.674919372052848 ], [ -81.502123148789565, 28.674924372057191 ], [ -81.502091148786491, 28.675106372101752 ], [ -81.502089148786794, 28.675132372108063 ], [ -81.50208014878848, 28.675260372139064 ], [ -81.502065148801307, 28.675764372260609 ], [ -81.50206214880447, 28.675884372289506 ], [ -81.502059148806694, 28.675975372311456 ], [ -81.50205314881012, 28.676127372348148 ], [ -81.502041148817128, 28.676435372422418 ], [ -81.502058148827146, 28.676585372458046 ], [ -81.502077148837841, 28.676737372494067 ], [ -81.501767148747646, 28.676737372502274 ], [ -81.50083714847716, 28.676737372526876 ], [ -81.500527148386993, 28.676737372535069 ], [ -81.500502148380534, 28.676761372541488 ], [ -81.500458148368281, 28.676777372546514 ], [ -81.500411148354715, 28.676780372548471 ], [ -81.500388148347923, 28.676777372548372 ], [ -81.500191148290725, 28.67678137255453 ], [ -81.500105148265831, 28.676783372557288 ], [ -81.500101148267916, 28.676879372580441 ], [ -81.500095148272933, 28.677078372628412 ], [ -81.50009514827606, 28.677170372650519 ], [ -81.500095148279357, 28.677267372673814 ], [ -81.500094148282756, 28.677376372700046 ], [ -81.500091148293109, 28.677705372779194 ], [ -81.500091148296846, 28.677815372805636 ], [ -81.500090148298767, 28.677880372821221 ], [ -81.500088148304926, 28.678078372868875 ], [ -81.500088148307171, 28.678144372884731 ], [ -81.500089148313108, 28.678310372924624 ], [ -81.500090148315635, 28.67837637294047 ], [ -81.500077148315327, 28.678479372965505 ], [ -81.500035148308314, 28.678632373003399 ], [ -81.499996148300411, 28.678732373028438 ], [ -81.499964148292932, 28.678787373042535 ], [ -81.499944148288407, 28.678825373052163 ], [ -81.49986814826967, 28.67892337307774 ], [ -81.499803148253321, 28.6789993730977 ], [ -81.499787148249183, 28.679014373101765 ], [ -81.499527148182437, 28.679274373171072 ], [ -81.499433148157692, 28.679351373192087 ], [ -81.4993081481242, 28.679436373215847 ], [ -81.49922714810215, 28.679479373228308 ], [ -81.499124148073449, 28.679517373240149 ], [ -81.499091148064252, 28.67953037324417 ], [ -81.499007148040619, 28.67955237325166 ], [ -81.498094147781785, 28.67975137332364 ], [ -81.497838147709246, 28.679807373343838 ], [ -81.497749147683805, 28.679820373349347 ], [ -81.497749147686747, 28.679906373369953 ], [ -81.49775214769646, 28.680167373432599 ], [ -81.497753147699726, 28.680254373453501 ], [ -81.497607147657234, 28.680253373457123 ], [ -81.497172147530563, 28.680250373467914 ], [ -81.497027147488396, 28.680250373471754 ], [ -81.497005147481971, 28.680249373472108 ], [ -81.496944147464376, 28.680254373474913 ], [ -81.496921147457513, 28.680249373474307 ], [ -81.496864147440917, 28.6802483734756 ], [ -81.496700147393497, 28.680257373482061 ], [ -81.496176147241087, 28.68025737349593 ], [ -81.495643147086014, 28.680257373510024 ], [ -81.494874146861861, 28.680243373526981 ], [ -81.494479146746883, 28.680240373536737 ], [ -81.494393146721819, 28.680239373538758 ], [ -81.494336146705223, 28.680239373540271 ], [ -81.494174146658168, 28.680241373545023 ], [ -81.494143146649193, 28.680241373545851 ], [ -81.494111146639852, 28.680241373546718 ], [ -81.494020146613408, 28.680242373549326 ], [ -81.493942146590769, 28.680243373551633 ], [ -81.493811146552702, 28.68024537355565 ], [ -81.49376914654043, 28.680243373556216 ], [ -81.493748146534372, 28.680244373556995 ], [ -81.493549146476923, 28.680258373565664 ], [ -81.493439146444899, 28.680257373568345 ], [ -81.493329146412947, 28.680257373571244 ], [ -81.493198146375093, 28.680265373576606 ], [ -81.493120146352467, 28.680267373579209 ], [ -81.492868146279463, 28.680276373588022 ], [ -81.492615146206148, 28.680284373596617 ], [ -81.49245714616039, 28.680290373602265 ], [ -81.492331146123519, 28.68028437360411 ], [ -81.492020146033013, 28.680283373612109 ], [ -81.491880145991956, 28.680274373613678 ], [ -81.491694145937473, 28.68026237361569 ], [ -81.491552145895881, 28.680253373617294 ], [ -81.491483145875634, 28.680248373617939 ], [ -81.491413145855091, 28.680244373618788 ], [ -81.491279145816051, 28.680241373621612 ], [ -81.491212145796851, 28.680249373625344 ], [ -81.491187145789624, 28.680252373626718 ], [ -81.490908145708829, 28.680262373636467 ], [ -81.490708145650657, 28.680263373642003 ], [ -81.49050414559143, 28.680266373648109 ], [ -81.489914145419576, 28.68025937366205 ], [ -81.489445145283341, 28.680265373675876 ], [ -81.48919814521139, 28.680262373681707 ], [ -81.488808145097792, 28.680258373691078 ], [ -81.488695145064767, 28.680253373692864 ], [ -81.488695145060646, 28.680132373663827 ], [ -81.48869514504841, 28.679772373577304 ], [ -81.488696145044614, 28.679652373548421 ], [ -81.488697145032873, 28.679298373463308 ], [ -81.48869314502528, 28.679109373418019 ], [ -81.488697145022698, 28.678999373391466 ], [ -81.488700145021866, 28.678949373379385 ], [ -81.488702144986689, 28.677898373126791 ], [ -81.488704144981313, 28.677723373084703 ], [ -81.488705144979747, 28.67766837307143 ], [ -81.488708144976599, 28.677550373043015 ], [ -81.488708144951815, 28.67682137286781 ], [ -81.488662144938388, 28.676820372868772 ], [ -81.488543144904, 28.6768263728734 ], [ -81.487894144714531, 28.676807372885996 ], [ -81.487689144655036, 28.676811372892359 ], [ -81.48735814455857, 28.676806372899925 ], [ -81.486814144400384, 28.67680737291456 ], [ -81.486588144334533, 28.676804372919825 ], [ -81.486387144276293, 28.676811372926814 ], [ -81.486016144168119, 28.676803372934707 ], [ -81.485400143989395, 28.676819372954796 ], [ -81.484822143821589, 28.676827372972038 ], [ -81.484765143804495, 28.676813372970166 ], [ -81.484715143788975, 28.67678437296453 ], [ -81.484676143776269, 28.676745372956169 ], [ -81.484652143767676, 28.676697372945291 ], [ -81.48464414376356, 28.676644372932781 ], [ -81.48469414374685, 28.675725372710605 ], [ -81.484692143738883, 28.675508372658488 ], [ -81.484698143737603, 28.675419372636931 ], [ -81.484683143717518, 28.674955372525876 ], [ -81.484683143717135, 28.674944372523186 ], [ -81.484672143673748, 28.673763372239684 ], [ -81.484675143668881, 28.673594372198963 ], [ -81.484678143666287, 28.673492372174376 ], [ -81.484675143663054, 28.673423372157895 ], [ -81.484678143659139, 28.673282372123889 ], [ -81.484675143654954, 28.673184372100437 ], [ -81.484678143653596, 28.673119372084724 ], [ -81.483138143205196, 28.673107372122537 ], [ -81.48256914304001, 28.673116372139759 ], [ -81.482406142992645, 28.673119372144797 ], [ -81.482063142892869, 28.67311937215387 ], [ -81.481863142834683, 28.67311937215916 ], [ -81.481573142750108, 28.673113372165396 ], [ -81.480633142476805, 28.673116372190954 ], [ -81.48050514243954, 28.67311637219435 ], [ -81.478958141989466, 28.673116372235253 ], [ -81.477776141645492, 28.673112372265543 ], [ -81.477774141637411, 28.672891372212455 ], [ -81.477205141471629, 28.672885372226069 ], [ -81.477173141462345, 28.672885372226911 ], [ -81.477065141430884, 28.672884372229539 ], [ -81.476356141223349, 28.672846372239135 ], [ -81.47564314101659, 28.672866372262789 ], [ -81.475611141007334, 28.672867372263887 ], [ -81.475431140954768, 28.67286137226721 ], [ -81.472642140141687, 28.672812372329087 ], [ -81.472631140138546, 28.672814372329871 ], [ -81.472178140006918, 28.67281937234311 ], [ -81.472098139983714, 28.672820372345441 ], [ -81.468619138971121, 28.67280937243472 ], [ -81.468258138866091, 28.672808372444017 ], [ -81.467285138582625, 28.672797372467127 ], [ -81.467094138526974, 28.672796372471918 ], [ -81.465416138038194, 28.672778372511949 ], [ -81.464991137914481, 28.672776372522705 ], [ -81.464707137832107, 28.672784372532139 ], [ -81.464138137666154, 28.672772372544301 ], [ -81.463514137484182, 28.672760372557892 ], [ -81.463475137472841, 28.67275937255868 ], [ -81.463220137398892, 28.672767372567311 ], [ -81.463205137394567, 28.672767372567716 ], [ -81.462585137213665, 28.672752372580522 ], [ -81.462285137126202, 28.672747372587267 ], [ -81.461452136883423, 28.672735372606382 ], [ -81.461392136866053, 28.672738372608684 ], [ -81.459667136364374, 28.672745372655935 ], [ -81.459664136361255, 28.672678372639908 ], [ -81.459660136359318, 28.672656372634719 ], [ -81.459660136358764, 28.672639372630684 ], [ -81.459662136345671, 28.672237372533996 ], [ -81.45967113629402, 28.670638372149376 ], [ -81.45967413627578, 28.670076372014208 ], [ -81.459675136272367, 28.669967371987987 ], [ -81.459696136114502, 28.665139370826839 ], [ -81.45970213609499, 28.664513370676186 ], [ -81.459700136083228, 28.664184370597116 ], [ -81.459708136030812, 28.662572370209407 ], [ -81.459707136023113, 28.662354370157004 ], [ -81.459710135998492, 28.661603369976383 ], [ -81.459710135994655, 28.661490369949245 ], [ -81.459711135974857, 28.660898369806844 ], [ -81.459716135922747, 28.659319369427077 ], [ -81.459719135897657, 28.658554369243081 ], [ -81.459729135770743, 28.654729368323178 ], [ -81.459728135655894, 28.651352367511173 ], [ -81.459731135648312, 28.651102367451003 ], [ -81.459728135602319, 28.649772367131273 ], [ -81.459728135592854, 28.649493367064206 ], [ -81.459726135537608, 28.647881366676611 ], [ -81.459725135460786, 28.64562336613367 ], [ -81.459701135425846, 28.644798365935884 ], [ -81.459701135422833, 28.644710365914722 ], [ -81.459702135421352, 28.644658365902202 ], [ -81.459704135419827, 28.644595365886993 ], [ -81.459698135414186, 28.64448036585949 ], [ -81.459696135412528, 28.644448365851868 ], [ -81.459692135408446, 28.644362365831263 ], [ -81.459721135393124, 28.643661365661984 ], [ -81.45973013536026, 28.642616365410365 ], [ -81.459731135278744, 28.640201364829565 ], [ -81.457965134765004, 28.640202364876373 ], [ -81.456563134356969, 28.640198364912372 ], [ -81.456340134292248, 28.640203364919479 ], [ -81.456275134273184, 28.640199364920214 ], [ -81.451307132827594, 28.640195365050282 ], [ -81.450628132630044, 28.640195365068184 ], [ -81.448963132145266, 28.640185365109655 ], [ -81.446571131448835, 28.640172365169629 ], [ -81.44541413111196, 28.640166365198649 ], [ -81.444722130910549, 28.640163365216182 ], [ -81.444628130883089, 28.640161365218184 ], [ -81.444587130871255, 28.640163365219756 ], [ -81.443812130645526, 28.640157365238753 ], [ -81.443606130585536, 28.640155365243693 ], [ -81.442926130387988, 28.640164365263779 ], [ -81.439212129306682, 28.640146365357406 ], [ -81.436989128659363, 28.640133365412876 ], [ -81.435575128245773, 28.64007036543499 ], [ -81.435475128216567, 28.640066365436667 ], [ -81.430199126684371, 28.640156365597413 ], [ -81.429282126418016, 28.640171365625193 ], [ -81.427330125851086, 28.640205365684832 ], [ -81.425281125252468, 28.640135365721981 ], [ -81.424198124937419, 28.640138365751241 ], [ -81.424197124936171, 28.640110365744555 ], [ -81.423988124875166, 28.640104365748641 ], [ -81.423492124730757, 28.640102365761251 ], [ -81.422997124586672, 28.640101365774047 ], [ -81.421378124115662, 28.640105365817675 ], [ -81.420999124005419, 28.64010736582814 ], [ -81.420674123910615, 28.640099365834736 ], [ -81.420571123880364, 28.640092365835791 ], [ -81.42012612375072, 28.640088365846577 ], [ -81.419464123557901, 28.640083365862839 ], [ -81.419137123462818, 28.640086365872154 ], [ -81.418482123272128, 28.640084365888939 ], [ -81.41793412311263, 28.640083365903145 ], [ -81.417617123020349, 28.640082365911283 ], [ -81.417445122970193, 28.640079365915089 ], [ -81.416266122626539, 28.6400633659423 ], [ -81.415979122543007, 28.640063365949871 ], [ -81.415713122465618, 28.640064365957112 ], [ -81.415640122444444, 28.640066365959512 ], [ -81.415371122366068, 28.640063365965887 ], [ -81.415207122318321, 28.640062365969953 ], [ -81.414994122256232, 28.640060365975113 ], [ -81.414943122241382, 28.640059365976214 ], [ -81.412513121533351, 28.640035366034489 ], [ -81.410881121057898, 28.640020366073855 ], [ -81.409450120642276, 28.64004636611784 ], [ -81.409125120547898, 28.64005136612758 ], [ -81.408940120494094, 28.64005436613315 ], [ -81.408526120373892, 28.640062366146044 ], [ -81.408329120316935, 28.64007336615386 ], [ -81.407994120220067, 28.640092366167266 ], [ -81.407748120148852, 28.640103366176422 ], [ -81.40763612011645, 28.640109366180795 ], [ -81.407592120103644, 28.640109366181953 ], [ -81.407325120025817, 28.64010436618781 ], [ -81.407101119960657, 28.640105366193946 ], [ -81.406438119767785, 28.640109366212361 ], [ -81.403780118994746, 28.640125366286274 ], [ -81.402894118737095, 28.640131366311042 ], [ -81.39857711748148, 28.640157366431055 ], [ -81.397708117228859, 28.640167366456332 ], [ -81.397470117159756, 28.640171366463626 ], [ -81.396759116953262, 28.640185366485692 ], [ -81.396523116884779, 28.640190366493101 ], [ -81.395748116659362, 28.640196366514996 ], [ -81.393425115983774, 28.640212366580005 ], [ -81.392653115759288, 28.640218366601847 ], [ -81.392448115699622, 28.640218366607229 ], [ -81.391839115522259, 28.640215366622574 ], [ -81.391636115463172, 28.640215366627917 ], [ -81.391586115448632, 28.640215366629239 ], [ -81.391505115425005, 28.640214366631131 ], [ -81.391112115310463, 28.640211366640724 ], [ -81.390981115272396, 28.640211366644174 ], [ -81.390755115206801, 28.64021636665138 ], [ -81.390080115010861, 28.640232366672958 ], [ -81.389855114945561, 28.640238366680371 ], [ -81.389758114917456, 28.640243366684121 ], [ -81.389466114832956, 28.640258366695388 ], [ -81.389370114805232, 28.640264366699405 ], [ -81.389174114748485, 28.640273366706719 ], [ -81.388775114633077, 28.640294366722284 ], [ -81.388589114577798, 28.640261366719265 ], [ -81.388403114522589, 28.640229366716419 ], [ -81.388318114497807, 28.640229366718668 ], [ -81.388083114429548, 28.640232366725563 ], [ -81.388005114406894, 28.640234366728102 ], [ -81.387984114400822, 28.640234366728663 ], [ -81.387916114381085, 28.640235366730689 ], [ -81.387876114369476, 28.640237366732261 ], [ -81.387765114337213, 28.640239366735681 ], [ -81.387412114234735, 28.64024736674688 ], [ -81.386235113893164, 28.640277366785103 ], [ -81.38609511385215, 28.640269366786878 ], [ -81.385689113733477, 28.640255366794175 ], [ -81.38493811351529, 28.640268366817129 ], [ -81.383942113225729, 28.640278366845727 ], [ -81.382108112692109, 28.640284366895536 ], [ -81.382082112684515, 28.640285366896453 ], [ -81.377959111486192, 28.640340367018297 ], [ -81.376375111025254, 28.640344367060958 ], [ -81.376222110980876, 28.640349367066232 ], [ -81.376058110933343, 28.640355367071994 ], [ -81.376010110919452, 28.640357367073729 ], [ -81.375924110894346, 28.640355367075504 ], [ -81.375857110874776, 28.640353367076795 ], [ -81.375452110756598, 28.64034436708528 ], [ -81.375426110748961, 28.640343367085723 ], [ -81.373332110137767, 28.640295367129337 ], [ -81.373019110049029, 28.64036536715442 ], [ -81.37281410998942, 28.640367367160305 ], [ -81.372023109759411, 28.640374367182865 ], [ -81.371588109632967, 28.640381367195971 ], [ -81.371311109552408, 28.640383367203739 ], [ -81.370668109365425, 28.640390367222356 ], [ -81.370479109310466, 28.640391367227576 ], [ -81.370125109207507, 28.640394367237651 ], [ -81.369863109131373, 28.640397367245271 ], [ -81.369613109058577, 28.640396367251615 ], [ -81.36939110899381, 28.640392367256457 ], [ -81.369167108928536, 28.640391367262129 ], [ -81.368918108856064, 28.640391367268681 ], [ -81.368421108711644, 28.640399367283738 ], [ -81.368155108634269, 28.640401367291226 ], [ -81.36773810851291, 28.640403367302671 ], [ -81.36608610803205, 28.640404367346413 ], [ -81.365759107936924, 28.640407367355738 ], [ -81.365495107860127, 28.640408367362944 ], [ -81.3653861078284, 28.640408367365819 ], [ -81.365237107785035, 28.640409367369983 ], [ -81.365197107773383, 28.640409367371038 ], [ -81.365120107750982, 28.64040936737306 ], [ -81.364421107547557, 28.640411367391948 ], [ -81.36276910706674, 28.640414367436172 ], [ -81.362070106863271, 28.640415367454825 ], [ -81.361872106805649, 28.640416367460261 ], [ -81.361658106743292, 28.640415367465664 ], [ -81.361647106724476, 28.639953367354796 ], [ -81.361645106722264, 28.639904367343064 ], [ -81.361643106715036, 28.639708367295952 ], [ -81.361636106700203, 28.639331367205369 ], [ -81.360954106501794, 28.639335367224291 ], [ -81.360432106349862, 28.639336367238325 ], [ -81.360181106276883, 28.639338367245397 ], [ -81.360134106263132, 28.639336367246177 ], [ -81.359399106049253, 28.639339367266238 ], [ -81.35808810566769, 28.639343367301709 ], [ -81.357930105621733, 28.639344367306116 ], [ -81.357845105596979, 28.639344367308357 ], [ -81.357812105587342, 28.639344367309221 ], [ -81.357785105579509, 28.639344367309935 ], [ -81.357515105500951, 28.639346367317525 ], [ -81.357248105423167, 28.639345367324314 ], [ -81.357052105366151, 28.639345367329454 ], [ -81.356641105246652, 28.639351367341717 ], [ -81.35490710474194, 28.639354367388101 ], [ -81.353154104231876, 28.63936236743621 ], [ -81.349172103074977, 28.639435367558619 ], [ -81.346904102416033, 28.639477367628452 ], [ -81.34539810197839, 28.639502367674122 ], [ -81.341266100776224, 28.63952936778939 ], [ -81.338711100033038, 28.639552367862187 ], [ -81.335509099100733, 28.639553367946732 ], [ -81.332046098093826, 28.639596368048235 ], [ -81.331196097846572, 28.639604368072501 ], [ -81.331102097818587, 28.639586368070699 ], [ -81.331042097801173, 28.639588368072769 ], [ -81.330623097679378, 28.639593368084988 ], [ -81.329370097315092, 28.639611368122299 ], [ -81.328949097192634, 28.639615368134336 ], [ -81.328611097094665, 28.639629368146629 ], [ -81.328483097057585, 28.639633368150932 ], [ -81.32846509701848, 28.638632367910432 ], [ -81.328416096944764, 28.63687436748852 ], [ -81.328414096914784, 28.636004367279156 ], [ -81.328353096787154, 28.632754366498318 ], [ -81.328351096783635, 28.632667366477413 ], [ -81.328346096773558, 28.632413366416401 ], [ -81.328344096770508, 28.632339366398664 ], [ -81.328339096762534, 28.632148366352773 ], [ -81.328334096755867, 28.631993366315594 ], [ -81.328307096717978, 28.631104366102289 ], [ -81.328262096660723, 28.629798365789032 ], [ -81.328260096657928, 28.629732365773201 ], [ -81.328223096608227, 28.628581365497055 ], [ -81.328212096593603, 28.62824236541573 ], [ -81.328183096555108, 28.627354365202645 ], [ -81.328155096517193, 28.626473364991281 ], [ -81.328140096498288, 28.62604136488768 ], [ -81.328096096470532, 28.625599364782374 ], [ -81.328096096469707, 28.625575364776619 ], [ -81.328016096428257, 28.625038364649409 ], [ -81.32801609642712, 28.625004364641246 ], [ -81.328014096423587, 28.624916364620098 ], [ -81.328007096409934, 28.624572364537467 ], [ -81.328006096405744, 28.624457364509812 ], [ -81.328002096401363, 28.624363364487241 ], [ -81.327996096390137, 28.62408236441977 ], [ -81.327996096387054, 28.623990364397613 ], [ -81.327990096378301, 28.623783364347943 ], [ -81.327981096354847, 28.623167364199826 ], [ -81.32798009634773, 28.62296436415097 ], [ -81.32797509633923, 28.622756364101015 ], [ -81.327968096316411, 28.622140363952909 ], [ -81.327968096309561, 28.621937363904017 ], [ -81.327972096309097, 28.621889363892379 ], [ -81.327986096308493, 28.621750363858482 ], [ -81.327992096308733, 28.621706363847725 ], [ -81.327989096303568, 28.621579363817247 ], [ -81.327982096288693, 28.621198363725707 ], [ -81.327980096283824, 28.621072363695387 ], [ -81.328054096296071, 28.620796363626983 ], [ -81.328025096211292, 28.61853636308355 ], [ -81.32801409617899, 28.617673362875983 ], [ -81.327980096096411, 28.615521362358688 ], [ -81.327912095975563, 28.61252736163943 ], [ -81.327926095940796, 28.611375361361628 ], [ -81.327914095933835, 28.611273361337343 ], [ -81.327885095917708, 28.6110453612832 ], [ -81.327885095916798, 28.611018361276706 ], [ -81.327891095901251, 28.610506361153224 ], [ -81.326558095513647, 28.610522361192128 ], [ -81.323398094594992, 28.610565361285499 ], [ -81.322954094465786, 28.61056836129789 ], [ -81.322628094371083, 28.610574361307876 ], [ -81.318289093109328, 28.610626361434388 ], [ -81.314481092002097, 28.610675361546271 ], [ -81.314377091971835, 28.610676361549224 ], [ -81.31429409194773, 28.610677361551648 ], [ -81.313405091689219, 28.610689361577851 ], [ -81.312773091505434, 28.610697361596369 ], [ -81.311323091083764, 28.610714361638557 ], [ -81.311253091063378, 28.610715361640622 ], [ -81.311176091041062, 28.610717361643125 ], [ -81.310526090851923, 28.610722361661452 ], [ -81.309025090415446, 28.610740361705187 ], [ -81.308829090358643, 28.610749361712525 ], [ -81.30880009035026, 28.610750361713531 ], [ -81.308737090331974, 28.610752361715651 ], [ -81.308631090301247, 28.610757361719628 ], [ -81.308549090277353, 28.610757361721792 ], [ -81.308487090259376, 28.610758361723665 ], [ -81.308466090253276, 28.610758361724226 ], [ -81.308405090235482, 28.610758361725814 ], [ -81.308385090229649, 28.610758361726337 ], [ -81.307613090004949, 28.610761361747329 ], [ -81.305299089331427, 28.610772361810792 ], [ -81.30509208927117, 28.61077336181647 ], [ -81.304528089107009, 28.610776361831991 ], [ -81.303433088788225, 28.610779361861468 ], [ -81.302417088492462, 28.610783361889077 ], [ -81.302396088486319, 28.610782361889417 ], [ -81.30002708779746, 28.610813361959131 ], [ -81.299811087734511, 28.610813361964805 ], [ -81.2989850874946, 28.61083136199079 ], [ -81.298955087485822, 28.610831361991554 ], [ -81.297993087205185, 28.610816362013264 ], [ -81.297744087134134, 28.610861362030654 ], [ -81.297539087075549, 28.61089436204395 ], [ -81.296849086875113, 28.610908362065455 ], [ -81.296391086741863, 28.610913362078694 ], [ -81.296225086693624, 28.610916362083756 ], [ -81.295884086594555, 28.610923362094457 ], [ -81.295665086530889, 28.610927362101155 ], [ -81.295322086431199, 28.610932362111338 ], [ -81.294812086282903, 28.610940362126637 ], [ -81.294800086279452, 28.6109413621272 ], [ -81.294763086267082, 28.610894362116863 ], [ -81.294686086244454, 28.61088736211719 ], [ -81.293796085985548, 28.610897362142968 ], [ -81.293103085784011, 28.610906362163369 ], [ -81.292730085675913, 28.61092136217674 ], [ -81.29268608566305, 28.610920362177662 ], [ -81.291710085380871, 28.610983362218469 ], [ -81.290727085094773, 28.610988362245475 ], [ -81.290707085088954, 28.610988362245994 ], [ -81.290679085080882, 28.610990362247264 ], [ -81.289708084798491, 28.611002362275631 ], [ -81.289663084785445, 28.611004362277292 ], [ -81.289641084779049, 28.611004362277878 ], [ -81.288984084588293, 28.611023362299708 ], [ -81.288615084481151, 28.611032362311537 ], [ -81.287643084198251, 28.611038362338544 ], [ -81.287587084181979, 28.611040362340511 ], [ -81.286950083996743, 28.611048362359131 ], [ -81.286778083946729, 28.611051362364371 ], [ -81.286548083879808, 28.611053362370878 ], [ -81.286453083852194, 28.611055362373865 ], [ -81.285881083686476, 28.611080362394944 ], [ -81.285846083676333, 28.611082362396349 ], [ -81.285519083580809, 28.611075362403191 ], [ -81.285366083536388, 28.611078362407937 ], [ -81.285005083431486, 28.611085362419121 ], [ -81.284497083283853, 28.611095362434874 ], [ -81.284341083238743, 28.6111053624414 ], [ -81.28276108277916, 28.611123362487184 ], [ -81.282405082675581, 28.61112736249753 ], [ -81.28230808264739, 28.61112836250032 ], [ -81.28186908251979, 28.611137362513993 ], [ -81.281748082484597, 28.611138362517419 ], [ -81.281477082405871, 28.611144362525941 ], [ -81.280875082230978, 28.611157362544912 ], [ -81.280488082118467, 28.61116336255651 ], [ -81.280173082027048, 28.611173362567225 ], [ -81.279978081970214, 28.611173362572352 ], [ -81.279673081881612, 28.611179362581765 ], [ -81.279445081815268, 28.611181362588248 ], [ -81.279215081748475, 28.611188362595961 ], [ -81.278567081560197, 28.611201362616114 ], [ -81.278514081544841, 28.611204362618224 ], [ -81.278433081521243, 28.611203362620103 ], [ -81.277837081347968, 28.611214362638389 ], [ -81.276817081051547, 28.611233362669761 ], [ -81.274597080406238, 28.611274362737912 ], [ -81.273849080188839, 28.611288362760956 ], [ -81.273745080158633, 28.611289362763937 ], [ -81.272672079846743, 28.611309362796902 ], [ -81.272555079812733, 28.611311362800471 ], [ -81.272530079805477, 28.611312362801382 ], [ -81.270789079299377, 28.611344362854762 ], [ -81.270307079159309, 28.611353362869608 ], [ -81.270265079147066, 28.611353362870727 ], [ -81.27004707908371, 28.611357362877396 ], [ -81.269952079056125, 28.611359362880368 ], [ -81.269849079026145, 28.611361362883542 ], [ -81.269732078992149, 28.611363362887086 ], [ -81.268021078494769, 28.611394362939446 ], [ -81.266996078197138, 28.611421362972926 ], [ -81.266320078000405, 28.61142636299185 ], [ -81.263173077085497, 28.611481363087673 ], [ -81.26233307684133, 28.611496363113371 ], [ -81.261854076702051, 28.611505363128085 ], [ -81.258577075748249, 28.611529363219894 ], [ -81.258449075711042, 28.611531363223783 ], [ -81.258288075664197, 28.611533363228485 ], [ -81.257493075432734, 28.611536363250075 ], [ -81.255344074807184, 28.611552363310288 ], [ -81.252056073850326, 28.611582363403866 ], [ -81.251323073637224, 28.611594363425947 ], [ -81.250550073412384, 28.611606363449173 ], [ -81.250483073392914, 28.611607363451178 ], [ -81.250458073385659, 28.611607363451824 ], [ -81.250413073372556, 28.611608363453254 ], [ -81.24949307310483, 28.611617363479521 ], [ -81.246732072301512, 28.611647363559257 ], [ -81.245813072034082, 28.61165736358577 ], [ -81.244728071714462, 28.611552363588931 ], [ -81.244701071706231, 28.611541363587005 ], [ -81.243303071302691, 28.611654363650935 ], [ -81.243170071264444, 28.611667363657563 ], [ -81.242260070998469, 28.611643363675675 ], [ -81.241890070890932, 28.611650363687051 ], [ -81.239056070065914, 28.611670363766237 ], [ -81.237448069598244, 28.611695363814476 ], [ -81.234530068749592, 28.611740363901866 ], [ -81.234494068739124, 28.611741363903054 ], [ -81.23333506840055, 28.611714363926964 ], [ -81.233212068364693, 28.611714363930208 ], [ -81.23241206813185, 28.611721363952856 ], [ -81.231237067789735, 28.611729363985596 ], [ -81.229646067326598, 28.611741364030262 ], [ -81.228724067058238, 28.611749364056362 ], [ -81.228619067027637, 28.611750364059343 ], [ -81.228305066936244, 28.611752364068089 ], [ -81.228201066906024, 28.611754364071277 ], [ -81.228048066861575, 28.611758364076305 ], [ -81.227726066768057, 28.611767364086916 ], [ -81.227644066744219, 28.611769364089518 ], [ -81.226251066339529, 28.611805364134774 ], [ -81.22618806632174, 28.611822364140476 ], [ -81.225963066254565, 28.611774364134828 ], [ -81.225326066068959, 28.611774364151547 ], [ -81.224813065919037, 28.6117613641619 ], [ -81.224428065807004, 28.611765364172935 ], [ -81.224283065764737, 28.611764364176519 ], [ -81.224090065709362, 28.611790364187843 ], [ -81.224092065706017, 28.611673364159607 ], [ -81.224099065696223, 28.611323364075044 ], [ -81.224102065693231, 28.611207364047004 ], [ -81.224105065688164, 28.611030364004272 ], [ -81.224117065673767, 28.610500363876252 ], [ -81.224121065668967, 28.610324363833712 ], [ -81.224159065621592, 28.608588363414302 ], [ -81.224189065585094, 28.607245363089792 ], [ -81.22424906551305, 28.604586362447328 ], [ -81.224261065496833, 28.604000362305765 ], [ -81.224286065473663, 28.603096362087211 ], [ -81.224303065466927, 28.602748362002835 ], [ -81.224365065476633, 28.602501361941684 ], [ -81.224393065456226, 28.601651361736103 ], [ -81.224399065452303, 28.601483361695426 ], [ -81.224420065435737, 28.600809361532399 ], [ -81.224437065434003, 28.600612361484497 ], [ -81.224428065417186, 28.600189361382764 ], [ -81.224457065409553, 28.599712361267027 ], [ -81.224520065413685, 28.599289361163397 ], [ -81.224592065422328, 28.598923361073279 ], [ -81.224631065418237, 28.598463360961347 ], [ -81.224644065397598, 28.597737360786013 ], [ -81.224641065392532, 28.597612360755928 ], [ -81.224618065341161, 28.596286360436867 ], [ -81.224624065334226, 28.596027360374318 ], [ -81.224618065321309, 28.595696360294653 ], [ -81.224547065288846, 28.595346360212165 ], [ -81.224469065246097, 28.594750360070499 ], [ -81.224453065233917, 28.594527360017153 ], [ -81.224433065211855, 28.594045359901511 ], [ -81.224423065192894, 28.593567359786544 ], [ -81.224406065155833, 28.592613359556953 ], [ -81.224391065138164, 28.592218359462162 ], [ -81.224271065102229, 28.592189359458271 ], [ -81.222521064572291, 28.591594359360677 ], [ -81.222245064482962, 28.591328359303763 ], [ -81.221771064329445, 28.590870359205798 ], [ -81.221020064073684, 28.589771358960505 ], [ -81.220645063933745, 28.588859358750444 ], [ -81.220457063869063, 28.588564358684216 ], [ -81.219572063587677, 28.587867358539327 ], [ -81.2182580631805, 28.587143358399178 ], [ -81.217995063097334, 28.586949358359341 ], [ -81.217749063019582, 28.586768358322139 ], [ -81.217561062953067, 28.586419358242885 ], [ -81.217239062824135, 28.585374357999374 ], [ -81.217186062787007, 28.584730357845444 ], [ -81.21681606262554, 28.5831323574698 ], [ -81.2160380624033, 28.583266357522479 ], [ -81.215720062311505, 28.583291357536826 ], [ -81.215444062230929, 28.583287357543096 ], [ -81.215364062207598, 28.583286357544935 ], [ -81.214789062039529, 28.583270357556131 ], [ -81.214141061850242, 28.583257357569998 ], [ -81.214115061842648, 28.583256357570452 ], [ -81.213694061719679, 28.583247357579271 ], [ -81.213493061660984, 28.583244357583816 ], [ -81.212402061343411, 28.583253357614588 ], [ -81.212094061253879, 28.583260357624336 ], [ -81.211850061182972, 28.583266357632144 ], [ -81.21142106105772, 28.583258357641476 ], [ -81.210686060843031, 28.583242357656832 ], [ -81.210553060804202, 28.583240357659829 ], [ -81.209686060550922, 28.583222357678192 ], [ -81.208992060348223, 28.583208357693021 ], [ -81.208493060202088, 28.583186357700782 ], [ -81.208185060112157, 28.583179357707127 ], [ -81.207829060008336, 28.583177357715964 ], [ -81.207749059985133, 28.58318135771902 ], [ -81.207624059948927, 28.583187357723787 ], [ -81.207644059900872, 28.581583357336402 ], [ -81.207644059874525, 28.580799357147367 ], [ -81.207654059835249, 28.579544356844437 ], [ -81.207656059834548, 28.579506356835203 ], [ -81.207663059780828, 28.577846356434659 ], [ -81.207665059762363, 28.577278356297622 ], [ -81.207686059763205, 28.577122356259462 ], [ -81.207692059751182, 28.576711356160192 ], [ -81.207681059704399, 28.575414355847645 ], [ -81.207890059764964, 28.575403355839548 ], [ -81.207885059755228, 28.57515835578058 ], [ -81.2078530597189, 28.574353355587249 ], [ -81.207965059751572, 28.574354355584557 ], [ -81.208036059772326, 28.574356355583166 ], [ -81.208571059928119, 28.574353355568459 ], [ -81.208773059986996, 28.574353355563179 ], [ -81.208875060016609, 28.574351355560015 ], [ -81.208921060030008, 28.574351355558822 ], [ -81.209150060097159, 28.574364355555986 ], [ -81.209184060107034, 28.574362355554626 ], [ -81.209254060127321, 28.574359355552083 ], [ -81.209286060136364, 28.574350355549033 ], [ -81.209310060143167, 28.574344355546973 ], [ -81.20934906015377, 28.574323355540887 ], [ -81.209410060169716, 28.574268355525987 ], [ -81.209434060175468, 28.574231355516478 ], [ -81.209461060180814, 28.574156355497646 ], [ -81.209466060180304, 28.574096355483082 ], [ -81.209449060172943, 28.574025355466414 ], [ -81.209407060157673, 28.573935355445794 ], [ -81.209375060145163, 28.573841355423934 ], [ -81.20937106014361, 28.573829355421164 ], [ -81.209347060132046, 28.573693355388997 ], [ -81.209299060109188, 28.57342835532631 ], [ -81.209296060104847, 28.573325355301591 ], [ -81.2093320601101, 28.57316835526278 ], [ -81.209361060115199, 28.573069355238115 ], [ -81.209438060129045, 28.572814355174625 ], [ -81.209492060139738, 28.57266335513674 ], [ -81.209553060153326, 28.57253935510527 ], [ -81.209576060158682, 28.572499355095026 ], [ -81.21024706032037, 28.571491354834318 ], [ -81.210272060325622, 28.571431354819168 ], [ -81.210276060326024, 28.571408354813531 ], [ -81.210285060327308, 28.57136735480346 ], [ -81.21028406032373, 28.571269354779801 ], [ -81.210177060276237, 28.570784354665637 ], [ -81.210173060274457, 28.570765354661159 ], [ -81.210170060273143, 28.570752354658079 ], [ -81.210149060263802, 28.570656354635489 ], [ -81.210142060260765, 28.570625354628227 ], [ -81.210129060255028, 28.570568354614796 ], [ -81.210064060227225, 28.570304354552775 ], [ -81.210007060202841, 28.57007235449835 ], [ -81.209838060129044, 28.569341354326482 ], [ -81.209792060108796, 28.569137354278489 ], [ -81.209757060094702, 28.569022354251612 ], [ -81.209677060070717, 28.569001354248691 ], [ -81.209604060049486, 28.569002354250831 ], [ -81.209569060039243, 28.569001354251515 ], [ -81.209203059932193, 28.568989354258171 ], [ -81.208607059757909, 28.568971354269397 ], [ -81.208105059611214, 28.56895835427942 ], [ -81.207847059535851, 28.568952354284704 ], [ -81.207847059513256, 28.568279354122339 ], [ -81.207820059468261, 28.567174353856529 ], [ -81.207664059413801, 28.566906353795943 ], [ -81.207655059406378, 28.566762353761469 ], [ -81.207643059398563, 28.566633353730666 ], [ -81.207637059393221, 28.566527353705276 ], [ -81.207631059386841, 28.566388353671851 ], [ -81.207612059374171, 28.566176353621241 ], [ -81.2075750593539, 28.565892353553672 ], [ -81.207499059318351, 28.565494353459698 ], [ -81.207434059287962, 28.565153353379152 ], [ -81.207349059246184, 28.564646353259047 ], [ -81.207319059228098, 28.564367353192541 ], [ -81.207295059213379, 28.564137353137664 ], [ -81.207236059176083, 28.563538352994726 ], [ -81.207226059169471, 28.563427352968219 ], [ -81.207227059168375, 28.563386352958275 ], [ -81.207215059159381, 28.56322135291882 ], [ -81.207195059138797, 28.562781352813175 ], [ -81.207168059104305, 28.561989352622824 ], [ -81.207148059077781, 28.561371352474293 ], [ -81.207148059071883, 28.561195352431817 ], [ -81.207142059058043, 28.56083535234513 ], [ -81.207137059046062, 28.560521352269486 ], [ -81.207134059035297, 28.560226352198413 ], [ -81.207120059015452, 28.559757352085633 ], [ -81.207110059000541, 28.559398351999281 ], [ -81.207106058987705, 28.559050351915463 ], [ -81.207104058980875, 28.558864351870596 ], [ -81.207108058980623, 28.558822351860364 ], [ -81.207092058948689, 28.558009351664637 ], [ -81.207089058942287, 28.557844351624905 ], [ -81.207075058932134, 28.557663351581631 ], [ -81.207066058924497, 28.557513351545659 ], [ -81.207053058911384, 28.557235351478937 ], [ -81.207044058899399, 28.556956351411909 ], [ -81.20703805888833, 28.556678351344946 ], [ -81.207028058880127, 28.556521351307318 ], [ -81.20701305887053, 28.556364351269814 ], [ -81.20699105885889, 28.556208351232772 ], [ -81.206964058845756, 28.556052351195834 ], [ -81.206932058831256, 28.55589735115927 ], [ -81.20689405881518, 28.555748351124343 ], [ -81.206851058797653, 28.555600351089737 ], [ -81.206799058777264, 28.555442351052982 ], [ -81.206751058758741, 28.555307351021661 ], [ -81.206686058734661, 28.555154350986438 ], [ -81.206616058709201, 28.555003350951885 ], [ -81.206542058682643, 28.554854350917836 ], [ -81.206464058654973, 28.554707350884431 ], [ -81.206371058622082, 28.55453435084511 ], [ -81.206272058587558, 28.554364350806654 ], [ -81.20616805855164, 28.554197350769112 ], [ -81.206059058514327, 28.554032350732175 ], [ -81.205947058476042, 28.553863350694296 ], [ -81.2055810583512, 28.55332035057285 ], [ -81.205506058325653, 28.553209350548038 ], [ -81.205417058295396, 28.553080350519206 ], [ -81.205163058208797, 28.552706350435631 ], [ -81.204913058123353, 28.55233035035144 ], [ -81.204728058059828, 28.552042350286776 ], [ -81.204541057995755, 28.551756350222686 ], [ -81.204447057962938, 28.551594350186015 ], [ -81.204358057931501, 28.551430350148777 ], [ -81.204222057882802, 28.551159350086944 ], [ -81.204123057847283, 28.550961350041749 ], [ -81.204093057836516, 28.550900350027856 ], [ -81.204037057815171, 28.550751349993362 ], [ -81.203977057791349, 28.550561349949039 ], [ -81.203945057777574, 28.550429349918083 ], [ -81.203928057769431, 28.550333349895311 ], [ -81.203891057751378, 28.550116349843961 ], [ -81.203881057746358, 28.550054349829249 ], [ -81.203871057741381, 28.549992349814541 ], [ -81.203863057736953, 28.549929349799509 ], [ -81.203855057732483, 28.549866349784576 ], [ -81.203836057720679, 28.549679349739908 ], [ -81.203827057707073, 28.54935134966103 ], [ -81.203823057699481, 28.54915934961479 ], [ -81.203827057693204, 28.548937349561115 ], [ -81.203824057683903, 28.548685349500388 ], [ -81.203815057645357, 28.547612349241753 ], [ -81.20381505763379, 28.547266349158225 ], [ -81.203815057631658, 28.547203349143025 ], [ -81.203814057617564, 28.546793349044119 ], [ -81.204153057715317, 28.546761349027555 ], [ -81.204292057755666, 28.546757349022972 ], [ -81.204804057904838, 28.546757349009599 ], [ -81.205212058023776, 28.546757348998938 ], [ -81.205745058178962, 28.54675534898448 ], [ -81.206278058334206, 28.54675234896985 ], [ -81.207780058771348, 28.546736348926796 ], [ -81.208287058918899, 28.546731348912299 ], [ -81.20877205906055, 28.546741348902071 ], [ -81.208925059105084, 28.546741348898077 ], [ -81.209092059153633, 28.546737348892755 ], [ -81.209504059273399, 28.546729348880039 ], [ -81.210054059433617, 28.54672634886494 ], [ -81.210196059474953, 28.546726348861249 ], [ -81.210375059526839, 28.546718348854643 ], [ -81.210452059549127, 28.546714348851712 ], [ -81.21076405964024, 28.546720348844968 ], [ -81.211511059857528, 28.546709348822773 ], [ -81.211563059930526, 28.548434349237649 ], [ -81.212178060107448, 28.548367349205414 ], [ -81.213400060458369, 28.548215349136797 ], [ -81.214906060891806, 28.548054349058621 ], [ -81.216703061408154, 28.547838348959601 ], [ -81.217373061600398, 28.5477493489206 ], [ -81.21817506183082, 28.547653348876441 ], [ -81.218275061859586, 28.547641348870961 ], [ -81.218637061963648, 28.547599348851382 ], [ -81.218867062029872, 28.547576348839815 ], [ -81.21926206214431, 28.54755634882466 ], [ -81.221006062645813, 28.547359348731558 ], [ -81.221787062870703, 28.547279348691866 ], [ -81.222093062959033, 28.547255348678092 ], [ -81.222826063170999, 28.547207348647358 ], [ -81.223410063340253, 28.547180348625549 ], [ -81.223348063317275, 28.547034348591968 ], [ -81.223270063287586, 28.546825348543614 ], [ -81.223247063278762, 28.546762348529001 ], [ -81.223159063246172, 28.546555348481377 ], [ -81.222796063112213, 28.545713348287659 ], [ -81.222743063092182, 28.545577348256231 ], [ -81.22249406299963, 28.544980348118724 ], [ -81.22223906290472, 28.54436434797671 ], [ -81.222412062950369, 28.544222347937946 ], [ -81.222572062993407, 28.544115347907944 ], [ -81.222696063026802, 28.544034347885205 ], [ -81.222994063106398, 28.543819347825504 ], [ -81.223189063158003, 28.543663347782775 ], [ -81.223528063248537, 28.543417347714566 ], [ -81.22358006326229, 28.543376347703298 ], [ -81.223910063349948, 28.543122347633403 ], [ -81.22438606347724, 28.542783347539153 ], [ -81.224490063505215, 28.542712347519341 ], [ -81.224779063582943, 28.542519347465198 ], [ -81.225365063739972, 28.542110347351205 ], [ -81.226192063962344, 28.541557347196211 ], [ -81.22625206397835, 28.541512347183783 ], [ -81.226603064071938, 28.541253347112097 ], [ -81.226814064127524, 28.541078347064346 ], [ -81.227025064182996, 28.54089934701565 ], [ -81.227237064239631, 28.540745346972994 ], [ -81.227505064311231, 28.540552346919398 ], [ -81.227697064363042, 28.540429346884675 ], [ -81.228100064472869, 28.540202346819378 ], [ -81.228313064531406, 28.540097346788517 ], [ -81.228523064589297, 28.539999346759341 ], [ -81.228640064621629, 28.53994734674378 ], [ -81.228899064693337, 28.539834346709746 ], [ -81.22914106476091, 28.53974834668265 ], [ -81.229260064794218, 28.539706346669405 ], [ -81.229537064872318, 28.539629346643618 ], [ -81.229884064970719, 28.539549346615225 ], [ -81.230000065003821, 28.539527346606882 ], [ -81.23023306507045, 28.539490346591901 ], [ -81.230524065153915, 28.539451346574875 ], [ -81.230853065248823, 28.539424346559784 ], [ -81.23113406533038, 28.539414346549986 ], [ -81.232641065768988, 28.539401346507542 ], [ -81.233525066026274, 28.539394346482784 ], [ -81.234688066364797, 28.539385346450192 ], [ -81.235299066542666, 28.539381346433295 ], [ -81.236003066747614, 28.539377346413939 ], [ -81.23783206728011, 28.539368346363972 ], [ -81.238179067381481, 28.539375346356618 ], [ -81.238427067453927, 28.539381346351593 ], [ -81.239208067681417, 28.539380346330951 ], [ -81.239343067720455, 28.539371346325204 ], [ -81.239506067767579, 28.539361346318561 ], [ -81.242085068519188, 28.539371346253592 ], [ -81.242156068539899, 28.53937234625203 ], [ -81.242850068742513, 28.539385346236994 ], [ -81.243615068965539, 28.539390346218223 ], [ -81.244214069139318, 28.539368346197257 ], [ -81.244627069259096, 28.539353346182885 ], [ -81.244986069363506, 28.539348346172257 ], [ -81.245523069520289, 28.539358346160668 ], [ -81.245873069622107, 28.539353346150332 ], [ -81.245896069628827, 28.539353346149731 ], [ -81.245896069626397, 28.539281346132309 ], [ -81.245896069623981, 28.539209346114951 ], [ -81.245896069620656, 28.539110346091089 ], [ -81.245871069590848, 28.538439345929842 ], [ -81.245715069526099, 28.537861345794443 ], [ -81.245428069420541, 28.537206345643931 ], [ -81.245303069370308, 28.536794345547801 ], [ -81.245259069343646, 28.536381345449314 ], [ -81.245377069367024, 28.536051345366602 ], [ -81.245390069364291, 28.535858345319667 ], [ -81.245334069341396, 28.535660345273403 ], [ -81.24514006927474, 28.535358345205569 ], [ -81.245053069239816, 28.535072345138857 ], [ -81.24450406905892, 28.534445345001902 ], [ -81.24413606894079, 28.534120344933076 ], [ -81.244080068921747, 28.534037344914555 ], [ -81.243986068894216, 28.534033344916015 ], [ -81.243787068836028, 28.534027344919757 ], [ -81.243708068813589, 28.534045344926163 ], [ -81.243617068787785, 28.534066344933628 ], [ -81.243586068779024, 28.534073344936097 ], [ -81.243496068753501, 28.534093344943276 ], [ -81.24346606874505, 28.534101344945977 ], [ -81.243407068728288, 28.534115344950919 ], [ -81.243114068645866, 28.534203344979801 ], [ -81.243021068619186, 28.534214344984871 ], [ -81.24278406855116, 28.534246344998813 ], [ -81.242680068517103, 28.534133344974258 ], [ -81.242559068477789, 28.534012344948195 ], [ -81.242481068452847, 28.533945344934065 ], [ -81.242293068392584, 28.533780344899164 ], [ -81.241295068076141, 28.533013344740169 ], [ -81.241124068021733, 28.532875344711329 ], [ -81.24089106794672, 28.532663344666279 ], [ -81.240856067935241, 28.532624344657769 ], [ -81.240717067889463, 28.532466344623277 ], [ -81.240539067830099, 28.532241344573634 ], [ -81.24039606778129, 28.532029344526183 ], [ -81.240338067761783, 28.531950344508644 ], [ -81.24028806774551, 28.531900344497913 ], [ -81.240248067732182, 28.531849344486616 ], [ -81.240175067705238, 28.531680344447743 ], [ -81.240085067670748, 28.531433344390496 ], [ -81.240036067650351, 28.531250344347626 ], [ -81.240001067633983, 28.531065344303904 ], [ -81.239987067622593, 28.530847344251658 ], [ -81.239973067615907, 28.530768344232925 ], [ -81.23996506760885, 28.530628344199357 ], [ -81.239967067598855, 28.530312344123057 ], [ -81.239974067589841, 28.529981344042987 ], [ -81.239996067562629, 28.528976343799936 ], [ -81.240025067525679, 28.527620343471966 ], [ -81.240043067504587, 28.52683334328157 ], [ -81.240045067501384, 28.526720343254254 ], [ -81.240053067492468, 28.526384343172953 ], [ -81.240056067489576, 28.526272343145845 ], [ -81.240059067485092, 28.526112343107172 ], [ -81.240069067472049, 28.525634342991495 ], [ -81.240073067467875, 28.525475342953019 ], [ -81.240076067463292, 28.525312342913622 ], [ -81.240087067450162, 28.52482334279529 ], [ -81.240091067445888, 28.524661342756115 ], [ -81.240177067471024, 28.524663342754355 ], [ -81.240857067668941, 28.524658342735432 ], [ -81.241262067786835, 28.524656342724366 ], [ -81.241604067886598, 28.524660342716395 ], [ -81.243155068339419, 28.52469034268314 ], [ -81.243878068550515, 28.524705342667907 ], [ -81.24392206856335, 28.524705342666778 ], [ -81.244128068623354, 28.524705342661381 ], [ -81.244667068779123, 28.524668342638375 ], [ -81.244797068816894, 28.524665342634254 ], [ -81.246451069299226, 28.524681342594992 ], [ -81.247428069583719, 28.524677342568513 ], [ -81.248306069839401, 28.524675342545123 ], [ -81.24833606984815, 28.524675342544345 ], [ -81.248809069985711, 28.524669342530494 ], [ -81.249341070140488, 28.52466334251519 ], [ -81.250200070390534, 28.524658342491584 ], [ -81.25032007042546, 28.52465834248844 ], [ -81.250439070460118, 28.524658342485338 ], [ -81.250679070529998, 28.524657342478847 ], [ -81.250751070550933, 28.524656342476717 ], [ -81.250824070572165, 28.52465634247481 ], [ -81.25089407059258, 28.524655342472744 ], [ -81.250964070612994, 28.524655342470911 ], [ -81.250895070418622, 28.519446341215623 ], [ -81.250870070381112, 28.518542340998113 ], [ -81.250850070364862, 28.518230340923331 ], [ -81.250783070323195, 28.517568340765326 ], [ -81.250697070278349, 28.51697734062494 ], [ -81.2506040702348, 28.516484340508402 ], [ -81.250507070191404, 28.516032340401857 ], [ -81.250396070144703, 28.515603340301222 ], [ -81.250262070090898, 28.515159340197524 ], [ -81.250156070048689, 28.514821340118708 ], [ -81.249974069978904, 28.514319340002313 ], [ -81.249906069953141, 28.514141339961114 ], [ -81.249836069926829, 28.513964339920211 ], [ -81.249764069899953, 28.513788339879593 ], [ -81.249436069779847, 28.513053339710801 ], [ -81.248059069279719, 28.5100903390315 ], [ -81.247985069253019, 28.509937338996483 ], [ -81.247936069234811, 28.509819338969297 ], [ -81.245880068487665, 28.505381337951608 ], [ -81.245071068193582, 28.503632337550467 ], [ -81.24472106806563, 28.502855337372043 ], [ -81.244657068042315, 28.502713337339397 ], [ -81.24459506801945, 28.502569337306259 ], [ -81.244534067996852, 28.502425337273046 ], [ -81.244476067975171, 28.502281337239832 ], [ -81.244456067967604, 28.502229337227806 ], [ -81.244419067953672, 28.502135337206088 ], [ -81.24437706793799, 28.502032337182296 ], [ -81.244348067927049, 28.501957337164963 ], [ -81.244261067893788, 28.501720337109983 ], [ -81.244115067836603, 28.501282337008064 ], [ -81.243977067781032, 28.500821336900355 ], [ -81.243829067719432, 28.500267336770495 ], [ -81.243755067686962, 28.499941336693688 ], [ -81.243690067657198, 28.499615336616689 ], [ -81.24360106761408, 28.499100336494681 ], [ -81.24355406758886, 28.498755336412572 ], [ -81.24350706756087, 28.498328336310745 ], [ -81.243467067532237, 28.497818336188658 ], [ -81.243443067507798, 28.497295336063019 ], [ -81.243441067493777, 28.496892335965754 ], [ -81.243467067457701, 28.495585335649526 ], [ -81.243481067440314, 28.494943335494131 ], [ -81.243479067433441, 28.49475433544859 ], [ -81.243493067422307, 28.494298335338126 ], [ -81.243432067373448, 28.493366335114651 ], [ -81.243372067340275, 28.492897335002965 ], [ -81.243345067325208, 28.492681334951541 ], [ -81.243246067276431, 28.492083334809688 ], [ -81.243231067270528, 28.492037334798987 ], [ -81.243156067235546, 28.491643334705842 ], [ -81.243123067220679, 28.491487334669017 ], [ -81.243090067205742, 28.491326334631005 ], [ -81.242969067156864, 28.490917334535357 ], [ -81.2427010670459, 28.489931334304316 ], [ -81.242325066885982, 28.488421333949411 ], [ -81.242037066764269, 28.487287333683092 ], [ -81.241701066623435, 28.485999333380832 ], [ -81.241446066510917, 28.484852333110481 ], [ -81.241367066476897, 28.484523333033074 ], [ -81.241118066369921, 28.483490332790069 ], [ -81.240952066297666, 28.48277233262105 ], [ -81.240749066212658, 28.481995332438657 ], [ -81.240401066063157, 28.48055133209899 ], [ -81.239722065778224, 28.477938331485589 ], [ -81.23968006576149, 28.477803331454076 ], [ -81.239667065755498, 28.477736331438226 ], [ -81.23964406574666, 28.477672331423342 ], [ -81.239494065702658, 28.477663331425113 ], [ -81.239351065660728, 28.477654331426617 ], [ -81.239319065646939, 28.477521331395316 ], [ -81.239316065645667, 28.477509331392532 ], [ -81.238871065458824, 28.475790330988893 ], [ -81.238662065370619, 28.474971330796539 ], [ -81.238431065271158, 28.474005330569216 ], [ -81.238160065156961, 28.472947330320714 ], [ -81.238083065124485, 28.472645330249801 ], [ -81.237905065049006, 28.471935330082889 ], [ -81.237727064979126, 28.471394329956851 ], [ -81.237480064885034, 28.470729329802687 ], [ -81.237241064794333, 28.470096329655977 ], [ -81.236947064688067, 28.469477329514081 ], [ -81.236476064521298, 28.46858932931185 ], [ -81.236012064356828, 28.467708329111058 ], [ -81.235510064179905, 28.466788328901906 ], [ -81.235348064123755, 28.466518328840891 ], [ -81.23479906393041, 28.465513328612367 ], [ -81.233934063624915, 28.463906328246651 ], [ -81.233292063398864, 28.462732327979651 ], [ -81.232818063230511, 28.461822327772154 ], [ -81.232465063105764, 28.461164327622356 ], [ -81.232435063095224, 28.461109327609822 ], [ -81.232164062996489, 28.460514327473124 ], [ -81.231643062810548, 28.459486327238277 ], [ -81.231449062739074, 28.459038327135072 ], [ -81.231140062624164, 28.458289326962156 ], [ -81.230978062558961, 28.45774832683567 ], [ -81.230814062493323, 28.457210326709919 ], [ -81.230715062453569, 28.456883326633502 ], [ -81.230630062412885, 28.456403326519712 ], [ -81.230445062326851, 28.4554383262914 ], [ -81.230375062279734, 28.454634326098926 ], [ -81.23030606222467, 28.45358332584674 ], [ -81.230308062209005, 28.453094325728525 ], [ -81.23031106219338, 28.452598325608577 ], [ -81.230289062166619, 28.451986325461291 ], [ -81.230286062152842, 28.45159832536762 ], [ -81.230285062149434, 28.451504325344949 ], [ -81.230458062199929, 28.451507325341169 ], [ -81.230587062237447, 28.451505325337344 ], [ -81.230825062306835, 28.451507325331626 ], [ -81.231062062375642, 28.451500325323813 ], [ -81.231683062556002, 28.451484325303813 ], [ -81.231889062616446, 28.451498325301859 ], [ -81.232017062654052, 28.451507325300685 ], [ -81.233677063137065, 28.451491325253702 ], [ -81.234716063439066, 28.451472325222117 ], [ -81.235314063613657, 28.45148332520926 ], [ -81.23551506367204, 28.451478325202839 ], [ -81.236483063953813, 28.451474325176694 ], [ -81.237113064137432, 28.451478325161325 ], [ -81.238267064474329, 28.451499325136435 ], [ -81.238825064636416, 28.451485325118544 ], [ -81.240714065185955, 28.451466325064871 ], [ -81.241153065313483, 28.451455325050844 ], [ -81.242589065732346, 28.451473325017865 ], [ -81.243158065897134, 28.451445324996318 ], [ -81.244401066259499, 28.451455324966471 ], [ -81.244729066354466, 28.451437324953588 ], [ -81.245755066652293, 28.451408324919949 ], [ -81.246210066784201, 28.451388324903309 ], [ -81.247488067153199, 28.451292324846861 ], [ -81.248376067407648, 28.451165324793156 ], [ -81.249035067595798, 28.451052324748726 ], [ -81.249405067700664, 28.45096532471808 ], [ -81.250202067926693, 28.450781324652926 ], [ -81.250326067961822, 28.450752324642671 ], [ -81.250370067974259, 28.450740324638655 ], [ -81.251434068273682, 28.450424324534662 ], [ -81.253483068849491, 28.449794324329236 ], [ -81.253739068921405, 28.449715324303479 ], [ -81.254017069000056, 28.449646324279584 ], [ -81.255315069365352, 28.449262324153093 ], [ -81.256207069618569, 28.449064324082084 ], [ -81.257147069886557, 28.448891324015893 ], [ -81.257639070027452, 28.448819323985738 ], [ -81.258381070241114, 28.448746323948772 ], [ -81.259186070473021, 28.448669323909296 ], [ -81.260136070749041, 28.44865032388002 ], [ -81.260616070889114, 28.448659323869688 ], [ -81.260860070960305, 28.448662323864127 ], [ -81.262604071468218, 28.448662323818827 ], [ -81.264312071966017, 28.44867332377709 ], [ -81.26456607205229, 28.449043323859847 ], [ -81.264842072146578, 28.449462323953931 ], [ -81.265123072242602, 28.449888324049542 ], [ -81.265652072422796, 28.45067532422593 ], [ -81.266223072618914, 28.451572324427818 ], [ -81.266318072651316, 28.451713324459391 ], [ -81.266395072677554, 28.451828324485163 ], [ -81.267470073050745, 28.453635324893732 ], [ -81.267649073111528, 28.453895324951933 ], [ -81.268199073300266, 28.454755325145367 ], [ -81.268588073433847, 28.455364325282375 ], [ -81.269023073580414, 28.455961325415306 ], [ -81.269262073660926, 28.456290325488535 ], [ -81.269294073672086, 28.456344325500773 ], [ -81.269318073680452, 28.456386325510316 ], [ -81.269444073723534, 28.456579325553619 ], [ -81.269551073760908, 28.456765325595768 ], [ -81.26960507377882, 28.456830325610071 ], [ -81.269650073794239, 28.456899325625546 ], [ -81.26978607384099, 28.457114325673977 ], [ -81.269976073906321, 28.457415325741728 ], [ -81.27004007392793, 28.457504325761558 ], [ -81.270064073936027, 28.457538325769175 ], [ -81.270285074011554, 28.45787332584435 ], [ -81.270522074093279, 28.458256325930709 ], [ -81.270676074145342, 28.458472325978853 ], [ -81.27076807417663, 28.458607326009041 ], [ -81.270815074192754, 28.458681326025758 ], [ -81.270841074201783, 28.458723326035173 ], [ -81.271068074279469, 28.459071326113342 ], [ -81.271141074304438, 28.459183326138515 ], [ -81.271365074381194, 28.459529326216241 ], [ -81.27156507444964, 28.459835326284971 ], [ -81.271604074462914, 28.45989432629818 ], [ -81.271945074579932, 28.460424326417357 ], [ -81.271972074589087, 28.460463326426087 ], [ -81.272486074762824, 28.461186326587349 ], [ -81.27252707477696, 28.461253326602463 ], [ -81.272648074818918, 28.461454326647861 ], [ -81.27269007483342, 28.461522326663193 ], [ -81.273224075014753, 28.462299326836945 ], [ -81.273320075047408, 28.46243932686826 ], [ -81.273410075077862, 28.462566326896614 ], [ -81.273725075186348, 28.463069327009883 ], [ -81.273914075251568, 28.463375327078914 ], [ -81.274088075311738, 28.463660327143234 ], [ -81.274181075343847, 28.463812327177486 ], [ -81.274601075484526, 28.464362327299426 ], [ -81.274881075578193, 28.464727327380281 ], [ -81.275300075718675, 28.465281327503206 ], [ -81.275615075826565, 28.465766327612105 ], [ -81.27548407578827, 28.465762327614556 ], [ -81.275491075790669, 28.465773327617093 ], [ -81.275523075801274, 28.465813327625852 ], [ -81.275530075804085, 28.465835327630991 ], [ -81.275589075824101, 28.465921327650221 ], [ -81.275613075832254, 28.465956327658095 ], [ -81.275660075845948, 28.465954327656384 ], [ -81.275750075872097, 28.465953327653811 ], [ -81.275777075881066, 28.465986327661039 ], [ -81.275854075906651, 28.466082327682209 ], [ -81.275881075915663, 28.466116327689747 ], [ -81.276055075973716, 28.466338327738853 ], [ -81.276294076053503, 28.466643327806267 ], [ -81.276418076094359, 28.466786327837593 ], [ -81.27659307615238, 28.466998327884244 ], [ -81.276636076166639, 28.467050327895659 ], [ -81.276748076204896, 28.467219327933591 ], [ -81.276910076260336, 28.467468327989508 ], [ -81.277399076427727, 28.468217328157632 ], [ -81.277562076483491, 28.468467328213784 ], [ -81.277705076532413, 28.468685328262708 ], [ -81.277959076619254, 28.469071328349308 ], [ -81.278138076680378, 28.469341328409854 ], [ -81.278284076730174, 28.469560328458961 ], [ -81.278320076742474, 28.469614328471032 ], [ -81.278429076779702, 28.469778328507772 ], [ -81.278466076792256, 28.469833328520153 ], [ -81.278808076909002, 28.47034832863562 ], [ -81.279154077027101, 28.470867328751943 ], [ -81.279510077147862, 28.47137932886632 ], [ -81.279678077204153, 28.471602328915747 ], [ -81.279704077212912, 28.47163732892356 ], [ -81.279878077271235, 28.471866328974322 ], [ -81.279885077273534, 28.471875328976342 ], [ -81.280038077324264, 28.472060329017022 ], [ -81.280272077401847, 28.47234432907948 ], [ -81.280370077434526, 28.472467329106657 ], [ -81.280403077445513, 28.472509329115955 ], [ -81.280664077532478, 28.472837329188334 ], [ -81.280762077565115, 28.472961329215757 ], [ -81.280777077569979, 28.472975329218698 ], [ -81.28079307757514, 28.47299032922194 ], [ -81.280894077607684, 28.473084329241978 ], [ -81.281198077705739, 28.473369329302912 ], [ -81.281300077738564, 28.473464329323185 ], [ -81.281362077758601, 28.473523329335837 ], [ -81.281552077819796, 28.473700329373621 ], [ -81.281615077840129, 28.473759329386219 ], [ -81.28163307784591, 28.473775329389628 ], [ -81.281966077952731, 28.474070329452207 ], [ -81.282594078154176, 28.474627329570346 ], [ -81.283023078291535, 28.475000329649223 ], [ -81.283378078405164, 28.475309329714602 ], [ -81.283578078469105, 28.47548032975071 ], [ -81.283769078530241, 28.475644329785315 ], [ -81.284351078716341, 28.476142329890422 ], [ -81.284952078908063, 28.476644329995953 ], [ -81.285156078973131, 28.476815330031947 ], [ -81.2852480790025, 28.47689233004813 ], [ -81.285348079034421, 28.476975330065581 ], [ -81.285358079037607, 28.476984330067474 ], [ -81.285390079047843, 28.477011330073204 ], [ -81.285401079051326, 28.477020330075071 ], [ -81.285434079061901, 28.477048330080972 ], [ -81.285816079183974, 28.477373330149533 ], [ -81.285995079237651, 28.477419330155946 ], [ -81.286423079372653, 28.477730330219899 ], [ -81.286673079452171, 28.477932330262195 ], [ -81.287141079601369, 28.478319330343417 ], [ -81.287610079750834, 28.478707330424871 ], [ -81.287959079862546, 28.479009330488672 ], [ -81.287867079839884, 28.479132330520788 ], [ -81.287855079836902, 28.479148330524986 ], [ -81.288002079884834, 28.479301330558044 ], [ -81.288029079891643, 28.479270330549895 ], [ -81.288125079915602, 28.479151330518686 ], [ -81.288200079939529, 28.479212330531421 ], [ -81.288578080059892, 28.479522330596424 ], [ -81.289071080215024, 28.479869330667398 ], [ -81.289343080298963, 28.480011330694587 ], [ -81.289364080305447, 28.480022330696666 ], [ -81.289375080309398, 28.480044330701691 ], [ -81.289377080316868, 28.48025033075141 ], [ -81.289420080329492, 28.480253330751012 ], [ -81.289473080345743, 28.480278330755667 ], [ -81.289649080399514, 28.480354330769416 ], [ -81.289830080454507, 28.480422330781121 ], [ -81.290114080540235, 28.480512330795445 ], [ -81.290230080575128, 28.480546330800681 ], [ -81.290450080640966, 28.480600330807931 ], [ -81.290553080671629, 28.480620330810098 ], [ -81.290674080707618, 28.480643330812491 ], [ -81.290738080726555, 28.480652330812998 ], [ -81.290899080774224, 28.480676330814592 ], [ -81.290968080794556, 28.48068133081404 ], [ -81.2912650808819, 28.480707330812564 ], [ -81.291530080959291, 28.480715330807584 ], [ -81.291619080985285, 28.480718330805981 ], [ -81.291663080998063, 28.480717330804588 ], [ -81.291896081065929, 28.480716330798302 ], [ -81.292107081127227, 28.480713330792081 ], [ -81.292509081244177, 28.480709330780652 ], [ -81.292740081311379, 28.480708330774402 ], [ -81.292952081373087, 28.480706330768388 ], [ -81.293076081409097, 28.480704330764681 ], [ -81.29345208151851, 28.480701330754183 ], [ -81.293577081554858, 28.480701330750929 ], [ -81.29440408179552, 28.480696330728136 ], [ -81.294669081872641, 28.480694330720787 ], [ -81.296885082517562, 28.480685330660894 ], [ -81.297712082758267, 28.480681330638408 ], [ -81.298333082939024, 28.480679330621761 ], [ -81.300199083482212, 28.480674330571908 ], [ -81.300605083600431, 28.480674330561325 ], [ -81.300821083663081, 28.480668330554263 ], [ -81.301025083722237, 28.480661330547289 ], [ -81.301153083759445, 28.480658330543246 ], [ -81.301637083900388, 28.480660330531077 ], [ -81.301842083960111, 28.480661330526004 ], [ -81.302104084036458, 28.480662330519433 ], [ -81.302367084113072, 28.480663330512808 ], [ -81.302761084227669, 28.480660330501841 ], [ -81.30289208426575, 28.480658330497942 ], [ -81.303155084342308, 28.48065733049085 ], [ -81.303313084388265, 28.48065533048625 ], [ -81.303787084526206, 28.48065333047338 ], [ -81.303946084572431, 28.480652330468999 ], [ -81.304238084657484, 28.480652330461393 ], [ -81.305115084912885, 28.480654330439084 ], [ -81.305408084998234, 28.480655330431684 ], [ -81.305683085078201, 28.480652330423759 ], [ -81.30651108531913, 28.480647330401005 ], [ -81.306787085399463, 28.480646330393572 ], [ -81.307268085539334, 28.480642330380082 ], [ -81.308711085959203, 28.480633330340353 ], [ -81.309079086066262, 28.480631330330244 ], [ -81.309193086099427, 28.480630330327021 ], [ -81.309340086142242, 28.480629330322934 ], [ -81.30937308615178, 28.480628330321849 ], [ -81.309914086309078, 28.480622330306343 ], [ -81.309994086332367, 28.480621330304011 ], [ -81.310095086361713, 28.480620330301157 ], [ -81.31015508637914, 28.480618330299102 ], [ -81.310223086398906, 28.480617330297086 ], [ -81.310338086432324, 28.480615330293606 ], [ -81.3103720864422, 28.480615330292729 ], [ -81.310399086450062, 28.480614330291782 ], [ -81.310539086490635, 28.480609330286953 ], [ -81.31079508656488, 28.480601330278297 ], [ -81.310960086612937, 28.48060233027423 ], [ -81.311101086654077, 28.48060333027081 ], [ -81.311399086740892, 28.480605330263529 ], [ -81.312263086992658, 28.480612330242757 ], [ -81.312294087001689, 28.480611330241697 ], [ -81.312593087088715, 28.480611330233909 ], [ -81.312613087094547, 28.480611330233401 ], [ -81.312674087112327, 28.48061133023181 ], [ -81.312695087118428, 28.480611330231252 ], [ -81.312988087203664, 28.48060933022315 ], [ -81.31386908746012, 28.480607330199671 ], [ -81.314163087545666, 28.480606330191765 ], [ -81.314486087639622, 28.480604330182878 ], [ -81.31545708792224, 28.480602330157108 ], [ -81.315510087937724, 28.480602330155708 ], [ -81.315649087978343, 28.480607330153298 ], [ -81.315781088016507, 28.48059933014796 ], [ -81.315885088046571, 28.480593330143815 ], [ -81.315992088077692, 28.480593330141005 ], [ -81.316625088262072, 28.480595330125009 ], [ -81.316837088323808, 28.480596330119731 ], [ -81.316982088366061, 28.48059633011594 ], [ -81.317417088492689, 28.480596330104603 ], [ -81.317563088535252, 28.480597330101034 ], [ -81.317714088579095, 28.480595330096637 ], [ -81.318167088710936, 28.480592330084118 ], [ -81.318319088755118, 28.480591330079918 ], [ -81.318346088763008, 28.480590330078986 ], [ -81.318427088786478, 28.480589330076626 ], [ -81.318455088794636, 28.480589330075901 ], [ -81.31884508890812, 28.480586330064973 ], [ -81.320019089249712, 28.480580330032939 ], [ -81.320410089363463, 28.480578330022258 ], [ -81.320508089391979, 28.480577330019493 ], [ -81.320802089477496, 28.480575330011369 ], [ -81.320901089506307, 28.480575330008776 ], [ -81.320998089534498, 28.480574330006011 ], [ -81.321010089538007, 28.480574330005691 ], [ -81.321341089634331, 28.480572329996601 ], [ -81.321451089666297, 28.480572329993723 ], [ -81.321490089677681, 28.480572329992722 ], [ -81.321624089716622, 28.480570329988744 ], [ -81.321964089815467, 28.480566329978945 ], [ -81.322013089829724, 28.480566329977659 ], [ -81.322143089867552, 28.480565329974027 ], [ -81.322316089917891, 28.480564329969294 ], [ -81.322414089946378, 28.48056332996644 ], [ -81.322521089977513, 28.480562329963394 ], [ -81.322558089988291, 28.480562329962439 ], [ -81.322708090031909, 28.480561329958302 ], [ -81.322807090060763, 28.480561329955719 ], [ -81.322921090093914, 28.480560329952507 ], [ -81.323005090118315, 28.480559329950076 ], [ -81.323264090193689, 28.480558329943111 ], [ -81.323379090227149, 28.480558329940109 ], [ -81.323486090258285, 28.480557329937078 ], [ -81.323807090351693, 28.480556329928461 ], [ -81.323822090356074, 28.480556329928092 ], [ -81.32391509038311, 28.480555329925402 ], [ -81.324046090421191, 28.480553329921527 ], [ -81.324617090587253, 28.480549329905685 ], [ -81.325721090908374, 28.480540329874735 ], [ -81.325769090922392, 28.480542329874016 ], [ -81.327937091553196, 28.480530329814609 ], [ -81.328305091660226, 28.48052832980455 ], [ -81.329488092005349, 28.480550329779014 ], [ -81.33043309227989, 28.48053432975053 ], [ -81.33069309235681, 28.480569329752221 ], [ -81.330808092390228, 28.480568329748984 ], [ -81.330873092409036, 28.480564329746361 ], [ -81.330878092424314, 28.48097932984637 ], [ -81.330888092458437, 28.481913330071482 ], [ -81.330880092476264, 28.482518330217712 ], [ -81.330868092479164, 28.48270933026415 ], [ -81.330969092508639, 28.482711330261996 ], [ -81.331167092566417, 28.4827153302578 ], [ -81.331377092627221, 28.482706330250181 ], [ -81.331740092732801, 28.482704330240239 ], [ -81.332072092829478, 28.482704330231588 ], [ -81.33261609298782, 28.482704330217416 ], [ -81.332698093011714, 28.482704330215292 ], [ -81.332785093036932, 28.48270033021198 ], [ -81.332812093076924, 28.483663330443719 ], [ -81.332827093098473, 28.484177330567402 ], [ -81.336133094060187, 28.484156330476164 ], [ -81.336137094078978, 28.484684330603489 ], [ -81.336330094143705, 28.484941330660469 ], [ -81.336594094231771, 28.485276330734436 ], [ -81.336544094217714, 28.485291330739319 ], [ -81.336399094179455, 28.485411330772109 ], [ -81.336363094169997, 28.485440330780033 ], [ -81.336282094150448, 28.485561330811311 ], [ -81.336183094134867, 28.485957330909493 ], [ -81.336214094156347, 28.486331330998958 ], [ -81.336276094186189, 28.48668333108224 ], [ -81.336276094196833, 28.487002331159214 ], [ -81.336401094244408, 28.487338331237051 ], [ -81.336463094264829, 28.487409331252614 ], [ -81.336594094305184, 28.487475331265074 ], [ -81.336731094350185, 28.48762933129867 ], [ -81.33693709441404, 28.487745331321292 ], [ -81.33699909443267, 28.48776233132379 ], [ -81.337161094483093, 28.48786033134326 ], [ -81.337323094535051, 28.488004331373752 ], [ -81.337516094595458, 28.488130331399162 ], [ -81.337697094654018, 28.488306331436842 ], [ -81.338058094767774, 28.488565331489976 ], [ -81.338214094817744, 28.488702331518951 ], [ -81.33824909482918, 28.488738331526751 ], [ -81.338519094917231, 28.489021331587971 ], [ -81.338681094968251, 28.489137331611737 ], [ -81.338762094992902, 28.489170331617618 ], [ -81.338905095034931, 28.489181331616528 ], [ -81.3389990950634, 28.489214331622055 ], [ -81.339298095155357, 28.489362331649929 ], [ -81.339379095181357, 28.489434331665187 ], [ -81.339410095194211, 28.489549331692192 ], [ -81.339410095202282, 28.489791331750538 ], [ -81.339435095211584, 28.489852331764634 ], [ -81.339516095238338, 28.48994633178517 ], [ -81.339603095265517, 28.490001331796229 ], [ -81.339603095268458, 28.490089331817465 ], [ -81.339620095275507, 28.490153331832413 ], [ -81.339204095155765, 28.490193331852925 ], [ -81.339017095102278, 28.490221331864539 ], [ -81.338949095084118, 28.490270331878193 ], [ -81.338943095086947, 28.490408331911624 ], [ -81.338856095061971, 28.490419331916542 ], [ -81.338824095053781, 28.490452331925361 ], [ -81.33882509505905, 28.490601331961241 ], [ -81.338775095046714, 28.490667331978486 ], [ -81.338762095045865, 28.490755332000056 ], [ -81.338775095052412, 28.490837332019527 ], [ -81.338868095089765, 28.491145332091392 ], [ -81.338843095083774, 28.491184332101469 ], [ -81.338806095074091, 28.491217332110427 ], [ -81.338750095058558, 28.491239332117217 ], [ -81.338756095061385, 28.491272332124971 ], [ -81.33880009507584, 28.491321332135648 ], [ -81.338781095080236, 28.491618332207786 ], [ -81.338738095070099, 28.491690332226327 ], [ -81.338588095031255, 28.49183333226474 ], [ -81.338432094989344, 28.491938332294151 ], [ -81.338358094968669, 28.491965332302591 ], [ -81.338327094959666, 28.491965332303405 ], [ -81.338277094946406, 28.492004332314131 ], [ -81.338258094943242, 28.492075332331751 ], [ -81.338208094929811, 28.49210833234098 ], [ -81.338165094917116, 28.492103332340896 ], [ -81.338127094904735, 28.492064332332497 ], [ -81.338071094889031, 28.49208133233806 ], [ -81.337934094859634, 28.492395332417377 ], [ -81.337903094856657, 28.492576332461883 ], [ -81.337908094860282, 28.492642332477679 ], [ -81.337908094868141, 28.492877332534356 ], [ -81.337970094886202, 28.492877332532728 ], [ -81.338138094936909, 28.492930332541167 ], [ -81.338314094989968, 28.492986332550078 ], [ -81.338507095052123, 28.493164332587995 ], [ -81.338565095074316, 28.493322332624597 ], [ -81.338782095154443, 28.493831332741813 ], [ -81.338962095216928, 28.494133332809938 ], [ -81.339056095248708, 28.494265332839337 ], [ -81.339149095277847, 28.494326332851653 ], [ -81.339293095324351, 28.494463332880972 ], [ -81.339529095393218, 28.494469332876225 ], [ -81.339548095395969, 28.494386332855694 ], [ -81.339579095404147, 28.494359332848386 ], [ -81.339641095421428, 28.494337332841454 ], [ -81.339716095444373, 28.494370332847488 ], [ -81.339785095465942, 28.494414332856302 ], [ -81.339822095476308, 28.49440333285267 ], [ -81.339859095485977, 28.494369332843529 ], [ -81.340028095536653, 28.494413332849732 ], [ -81.340376095643492, 28.494579332880679 ], [ -81.340601095711918, 28.494667332896029 ], [ -81.340644095727015, 28.494744332913481 ], [ -81.340638095731535, 28.494931332958799 ], [ -81.340719095758558, 28.495035332981743 ], [ -81.340831095793192, 28.495096332993562 ], [ -81.340981095838714, 28.495151333002898 ], [ -81.341105095875534, 28.495173333004985 ], [ -81.341105095872393, 28.495079332982296 ], [ -81.341280095924432, 28.495112332985723 ], [ -81.341423095964444, 28.495063332970137 ], [ -81.341435095971036, 28.495156332992309 ], [ -81.341560096008394, 28.495184332995791 ], [ -81.341778096071977, 28.495189332991281 ], [ -81.342083096160422, 28.495178332980704 ], [ -81.342364096240516, 28.495128332961258 ], [ -81.34251309628192, 28.495068332942942 ], [ -81.342761096351566, 28.494992332918113 ], [ -81.342787096358876, 28.494985332915757 ], [ -81.34295209640581, 28.494953332903748 ], [ -81.343105096449449, 28.494925332892976 ], [ -81.343397096533138, 28.494886332875964 ], [ -81.343815096652065, 28.494803332845041 ], [ -81.34421309676641, 28.494759332824028 ], [ -81.344998096994559, 28.494748332800931 ], [ -81.345135097032028, 28.494676332779946 ], [ -81.345266097066499, 28.494566332749983 ], [ -81.345278097066171, 28.494451332721937 ], [ -81.345272097061809, 28.494374332703526 ], [ -81.345316097072043, 28.494297332683782 ], [ -81.34554609713426, 28.494154332643308 ], [ -81.34569609717569, 28.494088332623456 ], [ -81.345870097225415, 28.494060332612161 ], [ -81.345982097258016, 28.494060332609248 ], [ -81.346337097362465, 28.494093332607914 ], [ -81.346555097430823, 28.494241332637966 ], [ -81.346606097450206, 28.494375332668977 ], [ -81.346611097453405, 28.49442833268159 ], [ -81.346605097460881, 28.494704332748405 ], [ -81.346586097463998, 28.494962332811102 ], [ -81.346581097481135, 28.495518332945409 ], [ -81.346562097478142, 28.495595332964466 ], [ -81.346524097468219, 28.495628332973425 ], [ -81.346468097451762, 28.495623332973647 ], [ -81.34640609743775, 28.495744333004495 ], [ -81.346207097390632, 28.496068333087834 ], [ -81.346107097364495, 28.496156333111692 ], [ -81.346017097340095, 28.496210333127046 ], [ -81.345973097331367, 28.496332333157639 ], [ -81.345938097324492, 28.496432333182668 ], [ -81.345960097332252, 28.496472333191754 ], [ -81.345970097336007, 28.49649833319776 ], [ -81.346036097357256, 28.496560333211022 ], [ -81.346350097452728, 28.496681333231983 ], [ -81.346573097518743, 28.496714333234163 ], [ -81.346656097543217, 28.496723333234158 ], [ -81.346809097586359, 28.49668133322001 ], [ -81.346930097620401, 28.496646333208435 ], [ -81.346970097631626, 28.496633333204251 ], [ -81.347136097676383, 28.496527333174377 ], [ -81.34719109769155, 28.496501333166631 ], [ -81.347277097714979, 28.496453333152814 ], [ -81.347530097787057, 28.496406333134868 ], [ -81.347591097804369, 28.496394333130432 ], [ -81.347822097870107, 28.496348333113289 ], [ -81.347904097893419, 28.496332333107262 ], [ -81.347959097908756, 28.496311333100767 ], [ -81.348061097937006, 28.496269333087955 ], [ -81.348094097946202, 28.496256333083945 ], [ -81.348112097950576, 28.496230333077214 ], [ -81.348218097976215, 28.496075333037037 ], [ -81.348279097988495, 28.49591033299567 ], [ -81.348336097995713, 28.495629332926395 ], [ -81.348340097995035, 28.495574332912998 ], [ -81.348346097989676, 28.495362332861742 ], [ -81.348430098006034, 28.495120332801129 ], [ -81.348462098014394, 28.495092332793551 ], [ -81.348519098029428, 28.495044332780488 ], [ -81.348641098061805, 28.494951332754876 ], [ -81.348491098018144, 28.494952332759016 ], [ -81.348409097994349, 28.494953332761412 ], [ -81.348386097985653, 28.494893332747498 ], [ -81.348362097972782, 28.494717332705648 ], [ -81.348398097979683, 28.494611332679135 ], [ -81.348447097993329, 28.494593332673553 ], [ -81.348779098087476, 28.49451833264677 ], [ -81.348886098118214, 28.494505332640866 ], [ -81.34905809816766, 28.494486332631784 ], [ -81.349228098216344, 28.49446333262182 ], [ -81.349570098314388, 28.494418332602038 ], [ -81.349769098371624, 28.494397332591777 ], [ -81.350249098507305, 28.494275332549783 ], [ -81.350301098523232, 28.494299332554267 ], [ -81.350349098538686, 28.49434433256387 ], [ -81.350426098559126, 28.494286332547841 ], [ -81.350480098574153, 28.494264332541139 ], [ -81.350990098710326, 28.493898332439528 ], [ -81.351061098728096, 28.493809332416202 ], [ -81.351098098737893, 28.493782332408742 ], [ -81.351195098763739, 28.493709332388555 ], [ -81.351290098788908, 28.49363533236825 ], [ -81.351358098807097, 28.493587332354881 ], [ -81.351407098820118, 28.493550332344672 ], [ -81.351456098833168, 28.493514332334744 ], [ -81.351484098839435, 28.493458332320465 ], [ -81.351585098861591, 28.493241332265512 ], [ -81.351671098879891, 28.493039332214526 ], [ -81.351693098883317, 28.492950332192468 ], [ -81.351713098885227, 28.492833332163684 ], [ -81.35172409888591, 28.492758332145311 ], [ -81.351762098895193, 28.492705332131564 ], [ -81.352098098984726, 28.49245733206298 ], [ -81.352322099045537, 28.492325332025256 ], [ -81.35233609904941, 28.492320332023709 ], [ -81.352465099085663, 28.492281332010922 ], [ -81.352621099128143, 28.492193331985614 ], [ -81.35269609914738, 28.492116331965107 ], [ -81.35273909915675, 28.492022331941264 ], [ -81.352739099155968, 28.491998331935456 ], [ -81.352739099153794, 28.491934331920074 ], [ -81.352777099161045, 28.491819331891289 ], [ -81.352857099183154, 28.491785331881015 ], [ -81.353150099268447, 28.49178533187337 ], [ -81.353511099374828, 28.491824331873381 ], [ -81.353860099475142, 28.491785331854857 ], [ -81.353972099507743, 28.491785331851919 ], [ -81.354031099524533, 28.491773331847469 ], [ -81.354563099688136, 28.492036331897083 ], [ -81.35456409968964, 28.492072331905764 ], [ -81.354723099743694, 28.492305331957802 ], [ -81.354954099814336, 28.492405331975881 ], [ -81.354954099811565, 28.492323331956129 ], [ -81.355383099945698, 28.492600332011765 ], [ -81.355726100046084, 28.492617332006933 ], [ -81.356388100237155, 28.492569331978093 ], [ -81.356784100353224, 28.492592331973299 ], [ -81.356873100380213, 28.492624331978654 ], [ -81.356979100413568, 28.492701331994532 ], [ -81.357596100593483, 28.492709331980326 ], [ -81.357670100614158, 28.492684331972391 ], [ -81.357719100627463, 28.492656331964355 ], [ -81.357751100631972, 28.492511331928515 ], [ -81.357864100661217, 28.492402331899257 ], [ -81.357862100659275, 28.492361331889413 ], [ -81.357840100650748, 28.49229833187481 ], [ -81.358048100703357, 28.492061331812199 ], [ -81.35808010070933, 28.491962331787494 ], [ -81.358079100704288, 28.491819331752971 ], [ -81.358121100710235, 28.491631331706557 ], [ -81.358154100713435, 28.491438331659104 ], [ -81.358119100698062, 28.491284331622921 ], [ -81.358158100698518, 28.490958331543215 ], [ -81.358201100705372, 28.490788331501104 ], [ -81.358282100724281, 28.490650331465648 ], [ -81.358425100760087, 28.490474331419485 ], [ -81.358593100803816, 28.490320331377962 ], [ -81.358674100823521, 28.490204331347861 ], [ -81.358774100848763, 28.49008933131752 ], [ -81.358954100896185, 28.489940331276856 ], [ -81.359166100953331, 28.489802331238028 ], [ -81.359596101070935, 28.489577331172523 ], [ -81.359661101089188, 28.489557331165994 ], [ -81.359776101121511, 28.489522331154546 ], [ -81.360032101194861, 28.489489331139925 ], [ -81.360287101267048, 28.489428331118539 ], [ -81.360499101325473, 28.489329331089156 ], [ -81.360592101350136, 28.489257331069368 ], [ -81.360785101403906, 28.48918633104714 ], [ -81.361389101575995, 28.489075331004681 ], [ -81.361645101650382, 28.489070330996732 ], [ -81.361782101690409, 28.489075330994414 ], [ -81.361937101734995, 28.4890593309865 ], [ -81.362149101793548, 28.48896533095829 ], [ -81.362305101835091, 28.488849330926193 ], [ -81.362317101836595, 28.488789330911452 ], [ -81.362448101868054, 28.488591330860238 ], [ -81.362672101925895, 28.488371330801304 ], [ -81.362732101941845, 28.488325330788641 ], [ -81.36296610200111, 28.488061330718836 ], [ -81.362994102009893, 28.488078330722221 ], [ -81.363034102022255, 28.488101330726728 ], [ -81.363059102028771, 28.488079330720762 ], [ -81.363382102107721, 28.487627330603281 ], [ -81.36342210211707, 28.487558330585578 ], [ -81.363467102128538, 28.48750933057261 ], [ -81.363721102180904, 28.486864330410345 ], [ -81.364793102471339, 28.486218330226563 ], [ -81.3651271025673, 28.486182330209143 ], [ -81.365273102609365, 28.486168330201938 ], [ -81.365534102684322, 28.486139330188163 ], [ -81.365506102666117, 28.485838330116273 ], [ -81.365485102653366, 28.485639330068796 ], [ -81.365420102632172, 28.485571330054089 ], [ -81.365438102632808, 28.485433330020339 ], [ -81.365454102634487, 28.485343329998202 ], [ -81.365473102633032, 28.485134329947222 ], [ -81.365604102663795, 28.484914329890781 ], [ -81.365741102697811, 28.484738329844731 ], [ -81.365927102746397, 28.484572329799839 ], [ -81.366032102772053, 28.484425329761628 ], [ -81.366089102786006, 28.484347329741343 ], [ -81.366251102829636, 28.484242329711769 ], [ -81.36642510287902, 28.484204329698045 ], [ -81.366948103017975, 28.483807329588643 ], [ -81.367110103059233, 28.483631329541943 ], [ -81.367291103100882, 28.483301329457575 ], [ -81.367714103208911, 28.482849329337522 ], [ -81.367807103233233, 28.482767329315276 ], [ -81.367857103245058, 28.482684329293971 ], [ -81.367894103251572, 28.482558329262595 ], [ -81.367925103253455, 28.482343329209939 ], [ -81.368006103268726, 28.482095329147995 ], [ -81.36813010329621, 28.481837329082474 ], [ -81.368180103305619, 28.481683329044003 ], [ -81.36836710334822, 28.481330328953984 ], [ -81.368423103359802, 28.481187328917986 ], [ -81.368435103359928, 28.481088328893819 ], [ -81.368432103357506, 28.481041328882551 ], [ -81.368429103354728, 28.480984328868853 ], [ -81.368286103302111, 28.480654328792983 ], [ -81.368261103292284, 28.480577328775034 ], [ -81.368217103272116, 28.48035732872307 ], [ -81.368080103225807, 28.480164328680093 ], [ -81.368075103222836, 28.480120328669617 ], [ -81.368191103257146, 28.480136328670419 ], [ -81.368140103232449, 28.479841328600564 ], [ -81.368096103212565, 28.47962932855058 ], [ -81.36799210318236, 28.479630328553522 ], [ -81.367995103181755, 28.479586328542826 ], [ -81.368011103180493, 28.479410328499945 ], [ -81.367954103160386, 28.479304328475898 ], [ -81.367949103158665, 28.479295328473818 ], [ -81.367892103139795, 28.479228328459122 ], [ -81.367836103121363, 28.479163328444898 ], [ -81.367761103094125, 28.479002328408004 ], [ -81.367699103071573, 28.478866328376803 ], [ -81.367575103029026, 28.4786733283335 ], [ -81.367285102934943, 28.478383328271082 ], [ -81.367099102874604, 28.478197328230998 ], [ -81.36702010284894, 28.47811832821403 ], [ -81.367009102845032, 28.478096328209006 ], [ -81.366970102830919, 28.478013328189977 ], [ -81.366902102807799, 28.477914328167909 ], [ -81.366764102763085, 28.477777328138409 ], [ -81.36666910273226, 28.477682328117996 ], [ -81.366609102712772, 28.477622328105063 ], [ -81.366596102705955, 28.477530328083187 ], [ -81.36659010270246, 28.477479328070999 ], [ -81.366528102681897, 28.477402328054069 ], [ -81.366303102613827, 28.47732532804136 ], [ -81.366202102581099, 28.477226328020091 ], [ -81.366098102547866, 28.477138328001537 ], [ -81.366060102536451, 28.477126327999681 ], [ -81.366071102531777, 28.476891327942635 ], [ -81.36607510251558, 28.476371327817059 ], [ -81.366101102485828, 28.475252327546396 ], [ -81.3666101026337, 28.475244327531161 ], [ -81.366817102693815, 28.475241327525044 ], [ -81.366855102704847, 28.475240327523817 ], [ -81.367060102764484, 28.475239327518256 ], [ -81.367465102882363, 28.475239327507694 ], [ -81.367594102919853, 28.475237327503844 ], [ -81.367840102991337, 28.475234327496736 ], [ -81.368272103116823, 28.475227327483744 ], [ -81.369572103494548, 28.475208327445323 ], [ -81.370005103620372, 28.475202327432552 ], [ -81.369944103598925, 28.475092327407587 ], [ -81.369914103587945, 28.475024327391953 ], [ -81.369872103572462, 28.474927327369674 ], [ -81.369729103515226, 28.474458327260201 ], [ -81.369671103491982, 28.474268327215889 ], [ -81.369612103468128, 28.474067327168939 ], [ -81.369436103396851, 28.473467327028683 ], [ -81.369378103373293, 28.47326732698194 ], [ -81.369354103363534, 28.473184326962553 ], [ -81.369283103334681, 28.472938326905041 ], [ -81.369260103325246, 28.47285632688585 ], [ -81.369214103306817, 28.472705326850573 ], [ -81.369078103252164, 28.472253326745051 ], [ -81.36903810323598, 28.472117326713292 ], [ -81.369034103234355, 28.47210332671003 ], [ -81.368985103214499, 28.471935326670742 ], [ -81.368839103155281, 28.471434326553648 ], [ -81.368791103135706, 28.471267326514631 ], [ -81.368733103119112, 28.471274326517801 ], [ -81.368562103049527, 28.470681326379175 ], [ -81.367814102840995, 28.470955326464786 ], [ -81.36780910282134, 28.470411326333643 ], [ -81.367802102784921, 28.469380326084984 ], [ -81.367801102784071, 28.469363326080884 ], [ -81.367800102777053, 28.469162326032407 ], [ -81.367786102760022, 28.468774325939144 ], [ -81.367784102752069, 28.468553325885843 ], [ -81.367776102744841, 28.468405325850309 ], [ -81.36777110274096, 28.468332325832847 ], [ -81.367765102737167, 28.468270325818047 ], [ -81.367764102736416, 28.46825832581516 ], [ -81.367755102731394, 28.468185325797812 ], [ -81.367735102720644, 28.46803832576283 ], [ -81.367691102691595, 28.467551325646482 ], [ -81.367707102684605, 28.467201325561565 ], [ -81.367703102679741, 28.467090325534866 ], [ -81.367698102673955, 28.466960325503603 ], [ -81.367682102664546, 28.46681832546977 ], [ -81.367661102646565, 28.466462325384398 ], [ -81.367639102628317, 28.466107325299269 ], [ -81.367631102622269, 28.465995325272441 ], [ -81.367607102604126, 28.465662325192742 ], [ -81.367599102598135, 28.46555132516616 ], [ -81.367696102626496, 28.465556325164844 ], [ -81.367707102629765, 28.465557325164784 ], [ -81.367987102711027, 28.465551325156046 ], [ -81.368085102739514, 28.46554932515301 ], [ -81.368263102791289, 28.465548325148145 ], [ -81.368450102845713, 28.465548325143285 ], [ -81.368797102946502, 28.465543325132998 ], [ -81.368976102998516, 28.465541325127852 ], [ -81.369264103082216, 28.465537325119399 ], [ -81.370127103333076, 28.465528325094773 ], [ -81.370416103417114, 28.465526325086763 ], [ -81.37071010350256, 28.465522325078094 ], [ -81.37159510375983, 28.465513325052896 ], [ -81.371890103845629, 28.465511325044734 ], [ -81.373694104370102, 28.465495324993871 ], [ -81.373964104448618, 28.465493324986355 ], [ -81.376023105047196, 28.465475324928374 ], [ -81.376100105069611, 28.465474324926131 ], [ -81.377365105437391, 28.465464324890799 ], [ -81.379622106093535, 28.465444324827171 ], [ -81.379875106167049, 28.465441324819857 ], [ -81.380402106320247, 28.465435324804709 ], [ -81.381983106779785, 28.465419324759644 ], [ -81.382511106933265, 28.465415324744935 ], [ -81.384263107442692, 28.465402324696132 ], [ -81.384428107490692, 28.465401324691587 ], [ -81.387162108285352, 28.46537332461363 ], [ -81.387482108378322, 28.46536932460435 ], [ -81.389258108894566, 28.465352324553955 ], [ -81.389371108927378, 28.465350324550538 ], [ -81.389712109026462, 28.4653463245407 ], [ -81.389826109059626, 28.465346324537723 ], [ -81.390045109123292, 28.465343324531261 ], [ -81.390703109314515, 28.465336324512442 ], [ -81.390923109378505, 28.465335324506473 ], [ -81.391558109563064, 28.465329324488497 ], [ -81.391984109686902, 28.465325324476446 ], [ -81.393463110116599, 28.465304324432839 ], [ -81.394098110301087, 28.465296324414311 ], [ -81.394426110396481, 28.46529432440531 ], [ -81.395455110695096, 28.465270324372707 ], [ -81.395808110797347, 28.465256324360173 ], [ -81.396657111044405, 28.46525632433805 ], [ -81.396774111078528, 28.465259324335719 ], [ -81.396877111108623, 28.465262324333761 ], [ -81.396963111133488, 28.465259324330795 ], [ -81.397072111147111, 28.464716324196935 ], [ -81.397155111152841, 28.464163324061307 ], [ -81.397120111130874, 28.463811323977257 ], [ -81.397211111142099, 28.463354323864614 ], [ -81.397274111152271, 28.463109323803852 ], [ -81.397288111154452, 28.463052323789771 ], [ -81.397991111267629, 28.460312323110195 ], [ -81.398158111297406, 28.459748322969752 ], [ -81.398781111402045, 28.457450322398952 ], [ -81.399274111489802, 28.455779321982842 ], [ -81.399675111556348, 28.45427532160944 ], [ -81.399921111599369, 28.453418321396185 ], [ -81.400286111664599, 28.452189321090039 ], [ -81.400418111698173, 28.452044321051641 ], [ -81.400522111716811, 28.451696320964913 ], [ -81.400735111755239, 28.45098932078875 ], [ -81.400855111776806, 28.450589320689069 ], [ -81.400923111789083, 28.450363320632757 ], [ -81.40136011191619, 28.450361320620903 ], [ -81.401906112075864, 28.450386320612708 ], [ -81.402645112291054, 28.450391320594651 ], [ -81.403616112573573, 28.450391320569384 ], [ -81.40406811270563, 28.45040732056151 ], [ -81.404328112780945, 28.45039832055258 ], [ -81.405670113173542, 28.450461320532817 ], [ -81.407102113591691, 28.450506320506406 ], [ -81.409699114349806, 28.45058232045718 ], [ -81.409895114406822, 28.450581320451843 ], [ -81.410482114577491, 28.450578320435827 ], [ -81.410679114634817, 28.450578320430687 ], [ -81.411302114815783, 28.450570320412513 ], [ -81.4116171149075, 28.450572320404799 ], [ -81.412222115083864, 28.450582320391479 ], [ -81.412599115193615, 28.450584320382152 ], [ -81.415164115939078, 28.450560320309563 ], [ -81.416464116317314, 28.450560320275709 ], [ -81.41826411683968, 28.450522320219683 ], [ -81.418496116907178, 28.450521320213369 ], [ -81.419327117149209, 28.450529320193684 ], [ -81.419364117159901, 28.450528320192483 ], [ -81.420140117385316, 28.450517320169642 ], [ -81.420242117414929, 28.450516320166738 ], [ -81.42097411762721, 28.450495320142608 ], [ -81.421077117657262, 28.450498320140635 ], [ -81.421233117702769, 28.45050232013752 ], [ -81.423632118400093, 28.450483320070475 ], [ -81.424680118704586, 28.450472320040561 ], [ -81.427048119393177, 28.450462319976467 ], [ -81.427556119540867, 28.450460319962755 ], [ -81.427824119618748, 28.45045731995506 ], [ -81.428275119749756, 28.45045131994187 ], [ -81.432277120912261, 28.450400319825373 ], [ -81.432512120981215, 28.450418319823612 ], [ -81.433574121289766, 28.450407319793264 ], [ -81.43632712208975, 28.45038031971507 ], [ -81.436629122177607, 28.450381319707439 ], [ -81.437668122479934, 28.450384319681103 ], [ -81.437836122528537, 28.450374319674346 ], [ -81.439358122968187, 28.45028331961273 ], [ -81.439847123109502, 28.450255319593218 ], [ -81.440878123405923, 28.450150319541059 ], [ -81.441197123497645, 28.450118319525007 ], [ -81.441242123510563, 28.450113319522647 ], [ -81.442100123760127, 28.450113319500293 ], [ -81.443165124069907, 28.450113319472546 ], [ -81.446099124922426, 28.450084319389152 ], [ -81.446177124945038, 28.450083319386884 ], [ -81.447937125456519, 28.45007031933789 ], [ -81.448578125642655, 28.450059319318544 ], [ -81.449393125881144, 28.450102319307724 ], [ -81.449651125956706, 28.450116319304342 ], [ -81.450316126153126, 28.450207319308966 ], [ -81.450486126203359, 28.450230319310087 ], [ -81.450861126314095, 28.450281319312605 ], [ -81.451292126441459, 28.450341319315882 ], [ -81.451627126541524, 28.450420319326245 ], [ -81.451791126590578, 28.450459319331323 ], [ -81.452192126710344, 28.450554319343837 ], [ -81.452636126842691, 28.450650319355422 ], [ -81.452974126943445, 28.450723319364236 ], [ -81.453690127156449, 28.450865319379822 ], [ -81.45411712728351, 28.45095131938945 ], [ -81.454635127437086, 28.451038319396957 ], [ -81.4551551275908, 28.451112319401243 ], [ -81.455416127667803, 28.451144319402211 ], [ -81.455856127797503, 28.45119631940328 ], [ -81.455999127839675, 28.451213319403653 ], [ -81.456582128011519, 28.451283319405366 ], [ -81.456635128027074, 28.451286319404691 ], [ -81.456795128073907, 28.451295319402668 ], [ -81.456849128089715, 28.451298319402042 ], [ -81.457152128178393, 28.451314319397959 ], [ -81.457362128239822, 28.451325319395178 ], [ -81.457470128271439, 28.451331319393802 ], [ -81.45818412847872, 28.451319319372331 ], [ -81.458416128545906, 28.451311319364322 ], [ -81.458532128579478, 28.451306319360103 ], [ -81.458689128624997, 28.45130131935483 ], [ -81.458881128680446, 28.451289319346895 ], [ -81.458998128714228, 28.451282319342184 ], [ -81.459294128799741, 28.45126531933035 ], [ -81.459480128853471, 28.451254319322878 ], [ -81.459935128984569, 28.451217319302096 ], [ -81.460550129161149, 28.451147319269161 ], [ -81.461096129317255, 28.451067319235612 ], [ -81.461898129546043, 28.450932319182169 ], [ -81.462553129732342, 28.450806319134738 ], [ -81.462936129841651, 28.450744319109774 ], [ -81.463215129920954, 28.450689319089264 ], [ -81.464679130336961, 28.450395318980203 ], [ -81.465131130465522, 28.450309318947649 ], [ -81.465619130604978, 28.450234318916809 ], [ -81.465805130658197, 28.450208318905702 ], [ -81.465868130676284, 28.450201318902405 ], [ -81.466333130809801, 28.450149318877745 ], [ -81.466691130912565, 28.450109318858772 ], [ -81.466710130918017, 28.450107318857786 ], [ -81.466980130995836, 28.450086318845692 ], [ -81.467224131066175, 28.450067318834737 ], [ -81.467730131212207, 28.450032318813086 ], [ -81.468029131298493, 28.450012318800528 ], [ -81.468197131347097, 28.450006318794653 ], [ -81.468729131501036, 28.449981318774771 ], [ -81.468925131557768, 28.449973318767739 ], [ -81.469655131770622, 28.44999031875286 ], [ -81.47025413194406, 28.449966318731406 ], [ -81.470324131964475, 28.449968318730114 ], [ -81.47085613211992, 28.449990318721564 ], [ -81.471440132289601, 28.449986318705339 ], [ -81.472552132614453, 28.450028318686499 ], [ -81.473286132828306, 28.450041318670543 ], [ -81.473444132874349, 28.450044318667135 ], [ -81.473552132906192, 28.450056318667183 ], [ -81.473790132975921, 28.450071318664634 ], [ -81.474214133099139, 28.450068318652853 ], [ -81.474536133192871, 28.450071318645179 ], [ -81.475001133327595, 28.45005531862919 ], [ -81.47586113357859, 28.450082318613344 ], [ -81.476285133698894, 28.449992318580595 ], [ -81.476496133760506, 28.45000031857699 ], [ -81.47678313384462, 28.450019318574086 ], [ -81.477191133963416, 28.450024318564665 ], [ -81.477740134122925, 28.450020318549409 ], [ -81.477794134138321, 28.45000931854532 ], [ -81.477861134157635, 28.450005318542619 ], [ -81.477850134162196, 28.450238318599151 ], [ -81.477747134149695, 28.450762318728216 ], [ -81.477690134142748, 28.451050318799201 ], [ -81.477643134139015, 28.451347318872049 ], [ -81.477619134143538, 28.451692318955882 ], [ -81.477611134152824, 28.452041319040298 ], [ -81.477604134191111, 28.453249319331846 ], [ -81.477604134195317, 28.453375319362255 ], [ -81.477606134200329, 28.453508319394292 ], [ -81.477608134205695, 28.453652319428944 ], [ -81.477609134209132, 28.453746319451582 ], [ -81.47761413421965, 28.45401631951659 ], [ -81.477625134237627, 28.454460319623433 ], [ -81.477629134243969, 28.454616319660957 ], [ -81.477629134246754, 28.454699319680991 ], [ -81.477629134248232, 28.454743319691609 ], [ -81.477629134252624, 28.454875319723467 ], [ -81.477629134254101, 28.454919319733996 ], [ -81.477629134255949, 28.454974319747304 ], [ -81.477620134256085, 28.455056319767348 ], [ -81.477611134256463, 28.455147319789514 ], [ -81.477575134251737, 28.45531831983169 ], [ -81.477530134243281, 28.455457319866362 ], [ -81.477512134240001, 28.455515319880853 ], [ -81.477485134234541, 28.45558731989891 ], [ -81.477480134233531, 28.455600319902203 ], [ -81.477400134215685, 28.4557633199436 ], [ -81.477341134201822, 28.45586231996899 ], [ -81.477309134193987, 28.455906319980436 ], [ -81.477248134179163, 28.455994320003263 ], [ -81.477126134148463, 28.45613632004072 ], [ -81.476995134114517, 28.456261320074265 ], [ -81.476836134072599, 28.456390320109531 ], [ -81.476521133989124, 28.456634320176615 ], [ -81.476507133985393, 28.456645320179611 ], [ -81.476227133911834, 28.456880320243627 ], [ -81.476057133866945, 28.457017320281103 ], [ -81.475676133766484, 28.457327320365749 ], [ -81.475553133734323, 28.457434320394771 ], [ -81.475454133708482, 28.45752232041859 ], [ -81.475397133693974, 28.457585320435289 ], [ -81.475339133679313, 28.457650320452494 ], [ -81.475251133657537, 28.457765320482515 ], [ -81.475183133641252, 28.457869320509324 ], [ -81.475122133627096, 28.457977320536976 ], [ -81.475069133615364, 28.458087320564903 ], [ -81.475038133608919, 28.458164320584316 ], [ -81.475024133606084, 28.45820132059356 ], [ -81.474986133598861, 28.458316320622295 ], [ -81.474956133594091, 28.458434320651566 ], [ -81.474935133591913, 28.458552320680568 ], [ -81.474922133592131, 28.458672320709834 ], [ -81.474917133594701, 28.458792320738883 ], [ -81.474898133636358, 28.460206321080467 ], [ -81.47489013365697, 28.460892321246149 ], [ -81.474890133662072, 28.461045321283066 ], [ -81.474892133678026, 28.461506321394157 ], [ -81.474893133683466, 28.461660321431292 ], [ -81.474893133688497, 28.461811321467728 ], [ -81.474895133704266, 28.462266321577424 ], [ -81.474896133709635, 28.462418321614056 ], [ -81.474896133711766, 28.462482321629448 ], [ -81.474896133718246, 28.462676321676255 ], [ -81.474896133720421, 28.462741321691958 ], [ -81.474896133721657, 28.46277832170091 ], [ -81.474896133723163, 28.462823321711735 ], [ -81.474896133725466, 28.462892321728393 ], [ -81.47489613372673, 28.462930321737513 ], [ -81.474896133729729, 28.463020321759231 ], [ -81.474896133738753, 28.463290321824328 ], [ -81.474896133741751, 28.463380321846046 ], [ -81.474896133744778, 28.46347032186776 ], [ -81.474896133750704, 28.463648321910679 ], [ -81.474896133753887, 28.463743321933585 ], [ -81.474897133757224, 28.463834321955495 ], [ -81.474897133759953, 28.463916321975322 ], [ -81.474897133765595, 28.464085322016064 ], [ -81.474897133768266, 28.464165322035353 ], [ -81.474897133771023, 28.464248322055386 ], [ -81.474897133776167, 28.4644013220923 ], [ -81.474900133795259, 28.464948322224114 ], [ -81.4749151338698, 28.467048322730175 ], [ -81.474921133894966, 28.467749322899088 ], [ -81.474921133899059, 28.467872322928784 ], [ -81.474922133903732, 28.468003322960318 ], [ -81.474924133912268, 28.468241323017644 ], [ -81.474925133916699, 28.468365323047546 ], [ -81.474930133934137, 28.468844323162937 ], [ -81.474930133935203, 28.468876323170633 ], [ -81.474937133945019, 28.469108323226422 ], [ -81.474937133971281, 28.469894323415975 ], [ -81.474940133989463, 28.470412323540828 ], [ -81.474944134007771, 28.470925323664392 ], [ -81.474949134032556, 28.471624323832813 ], [ -81.474951134040055, 28.471831323882725 ], [ -81.47494413407108, 28.472820324121411 ], [ -81.474933134116782, 28.47428432447472 ], [ -81.474932134122554, 28.474465324518388 ], [ -81.47493513414544, 28.475123324676964 ], [ -81.474932134149753, 28.475279324714677 ], [ -81.474933134150646, 28.475297324718998 ], [ -81.474937134159603, 28.475529324774811 ], [ -81.4749291341858, 28.476383324980954 ], [ -81.474927134191773, 28.476579325028293 ], [ -81.474923134231688, 28.477808325324709 ], [ -81.474921134243573, 28.478180325414485 ], [ -81.474920134252329, 28.47845032547961 ], [ -81.474924134258671, 28.478605325516824 ], [ -81.47494013426784, 28.478740325548959 ], [ -81.474988134292715, 28.479067325626573 ], [ -81.475042134315743, 28.479286325677997 ], [ -81.475047134317791, 28.479303325681919 ], [ -81.47516613436359, 28.479638325759588 ], [ -81.475211134380828, 28.479762325788347 ], [ -81.475350134433839, 28.480138325875391 ], [ -81.475396134451373, 28.480263325904307 ], [ -81.47540113445335, 28.480279325908047 ], [ -81.475419134460196, 28.480327325919141 ], [ -81.475425134462483, 28.480344325923099 ], [ -81.475429134464108, 28.480356325925857 ], [ -81.475445134470192, 28.480400325936031 ], [ -81.475455134474032, 28.480427325942284 ], [ -81.475474134481374, 28.480481325954838 ], [ -81.475479134483365, 28.480497325958588 ], [ -81.475484134485242, 28.480511325961789 ], [ -81.475534134504855, 28.480662325996914 ], [ -81.475686134564285, 28.481117326102627 ], [ -81.475722134578348, 28.481224326127503 ], [ -81.475738134584475, 28.481269326137959 ], [ -81.475788134603576, 28.481406326169669 ], [ -81.475858134630315, 28.48159532621338 ], [ -81.475940134661641, 28.481820326265488 ], [ -81.47597813467614, 28.481922326289137 ], [ -81.475991134681067, 28.481958326297434 ], [ -81.476009134687899, 28.482005326308343 ], [ -81.476023134693264, 28.482043326317108 ], [ -81.476069134710116, 28.482147326340993 ], [ -81.476091134718089, 28.482194326351763 ], [ -81.476123134729747, 28.482265326368022 ], [ -81.476147134738326, 28.48231332637895 ], [ -81.476285134787958, 28.48259532644337 ], [ -81.476330134803362, 28.482665326459077 ], [ -81.476402134828049, 28.482777326484189 ], [ -81.476512134866169, 28.482960326525433 ], [ -81.476533134873577, 28.482999326534305 ], [ -81.476611134901034, 28.483142326566725 ], [ -81.47670313493461, 28.483346326613511 ], [ -81.476777134963129, 28.483556326662189 ], [ -81.476816134979941, 28.483719326700502 ], [ -81.476829134985522, 28.483772326712927 ], [ -81.476860135001331, 28.483975326761069 ], [ -81.476868135007393, 28.484088326788093 ], [ -81.476866135011434, 28.48422632682141 ], [ -81.47686613501395, 28.484301326839493 ], [ -81.476848135015842, 28.484513326891093 ], [ -81.476821135013466, 28.484678326931551 ], [ -81.47678013500709, 28.484843326972445 ], [ -81.476738134999053, 28.484967327003407 ], [ -81.476726134996824, 28.485006327013139 ], [ -81.476642134978874, 28.48520032706206 ], [ -81.476574134963712, 28.485338327097171 ], [ -81.476524134952101, 28.485425327119412 ], [ -81.476470134939589, 28.485520327143767 ], [ -81.476101134850282, 28.48605932728335 ], [ -81.475958134815727, 28.486269327337716 ], [ -81.475843134787908, 28.486437327381179 ], [ -81.475733134761384, 28.486601327423632 ], [ -81.475554134718507, 28.486875327494332 ], [ -81.475514134709428, 28.486952327513933 ], [ -81.475422134688756, 28.487134327560213 ], [ -81.475388134681452, 28.487210327579469 ], [ -81.475353134674251, 28.487300327602064 ], [ -81.47530913466538, 28.487417327631416 ], [ -81.475244134653579, 28.487629327684189 ], [ -81.47521013464889, 28.487784327722444 ], [ -81.475204134648294, 28.487818327730835 ], [ -81.475179134646964, 28.487997327774661 ], [ -81.475170134647712, 28.488097327798986 ], [ -81.475169134648155, 28.48811832780407 ], [ -81.475163134650941, 28.488254327836998 ], [ -81.475166134659489, 28.488483327892126 ], [ -81.475168134664145, 28.488605327921501 ], [ -81.475169134665904, 28.488649327932105 ], [ -81.475172134671269, 28.488784327964574 ], [ -81.475174134673352, 28.488829327975374 ], [ -81.475178134680036, 28.488994328015018 ], [ -81.475184134687581, 28.489166328056346 ], [ -81.475187134699382, 28.489492328134833 ], [ -81.475190134705826, 28.489659328174973 ], [ -81.475193134711532, 28.489804328209896 ], [ -81.475201134722795, 28.490072328274312 ], [ -81.475202134724469, 28.490113328284181 ], [ -81.475203134729071, 28.490242328315198 ], [ -81.475205134734594, 28.490388328350381 ], [ -81.475206134738897, 28.490508328379264 ], [ -81.475207134744011, 28.490652328413979 ], [ -81.475208134746225, 28.490710328427909 ], [ -81.475214134753259, 28.490868328465837 ], [ -81.475220134759027, 28.490988328494645 ], [ -81.475231134766474, 28.491115328524955 ], [ -81.475239134777368, 28.491372328586717 ], [ -81.475236134781525, 28.491522328622935 ], [ -81.475226134798945, 28.492128328769283 ], [ -81.475238134820572, 28.492671328899874 ], [ -81.475251134839681, 28.493128329009718 ], [ -81.475268134862532, 28.493664329138436 ], [ -81.475319134877225, 28.493658329135677 ], [ -81.475904135047315, 28.49365732912015 ], [ -81.475974135067588, 28.493655329117839 ], [ -81.476494135218474, 28.493644329101564 ], [ -81.477275135445922, 28.493652329083147 ], [ -81.478074135678256, 28.493652329062243 ], [ -81.478096135684638, 28.493652329061661 ], [ -81.478707135862976, 28.493671329050311 ], [ -81.478803135890885, 28.493671329047778 ], [ -81.479026135955692, 28.49367032904172 ], [ -81.479698136151057, 28.493667329023399 ], [ -81.479922136216189, 28.493667329017548 ], [ -81.480229136305283, 28.493660329007852 ], [ -81.480498136383574, 28.493662329001292 ], [ -81.480766136461583, 28.493664328994761 ], [ -81.48195113680697, 28.493687328969333 ], [ -81.482226136887164, 28.49369432896389 ], [ -81.482527136974994, 28.49370232895793 ], [ -81.482802137055089, 28.493705328951467 ], [ -81.48293413709348, 28.493705328948007 ], [ -81.483069137132787, 28.493707328944961 ], [ -81.483333137209556, 28.493706328937833 ], [ -81.483466137248172, 28.493706328934344 ], [ -81.4834691372523, 28.493801328957151 ], [ -81.483476137261263, 28.494009329007156 ], [ -81.483477137264146, 28.494086329025656 ], [ -81.483479137267935, 28.49418232904873 ], [ -81.483490137294439, 28.494877329215978 ], [ -81.4835031373227, 28.49560932939211 ], [ -81.48349813733553, 28.496035329494937 ], [ -81.483516137371836, 28.496963329718113 ], [ -81.483531137399467, 28.49765932988549 ], [ -81.483538137412324, 28.497981329962894 ], [ -81.483560137451207, 28.498950330195893 ], [ -81.483568137464317, 28.499273330273503 ], [ -81.483585137493762, 28.500004330449276 ], [ -81.48359713751384, 28.50050033056851 ], [ -81.483613137528593, 28.500801330640627 ], [ -81.483642137547065, 28.501101330712192 ], [ -81.483691137572507, 28.501435330791423 ], [ -81.483725137591762, 28.501714330857766 ], [ -81.483740137602993, 28.501918330906523 ], [ -81.483752137612058, 28.502086330946675 ], [ -81.483754137616089, 28.502189330971458 ], [ -81.483770137642011, 28.502823331123832 ], [ -81.485829138292956, 28.504379331445012 ], [ -81.487083138688249, 28.505292331632255 ], [ -81.488812139233943, 28.506570331895034 ], [ -81.489909139580504, 28.507391332064156 ], [ -81.49001113961269, 28.507467332079774 ], [ -81.49026213969168, 28.507646332116355 ], [ -81.490579139791805, 28.507883332165193 ], [ -81.490897139892354, 28.508122332214494 ], [ -81.491877140202163, 28.508863332367383 ], [ -81.492053140257781, 28.508995332394583 ], [ -81.492778140486934, 28.509541332507222 ], [ -81.493470140705227, 28.510049332611516 ], [ -81.494341140977156, 28.510604332722462 ], [ -81.494949141164994, 28.510933332785807 ], [ -81.495826141434534, 28.511367332867469 ], [ -81.497073141818134, 28.511991332985136 ], [ -81.497817142047836, 28.512389333061581 ], [ -81.498493142257928, 28.512792333141022 ], [ -81.49933814252141, 28.513322333246563 ], [ -81.500141142774297, 28.513898333364356 ], [ -81.500868143003615, 28.514433333474241 ], [ -81.501213143113716, 28.51472333353508 ], [ -81.501515143210327, 28.51498633359051 ], [ -81.501901143333825, 28.51532133366112 ], [ -81.502647143573554, 28.51600133380542 ], [ -81.502993143687334, 28.516392333890586 ], [ -81.503412143824335, 28.516845333988748 ], [ -81.50361614389108, 28.51706633403667 ], [ -81.504463144168525, 28.517993334237797 ], [ -81.504885144305561, 28.518420334329633 ], [ -81.505346144454251, 28.518856334422566 ], [ -81.506178144720707, 28.519586334576694 ], [ -81.507893145262685, 28.520876334842523 ], [ -81.509569145792454, 28.522138335102632 ], [ -81.509740145846507, 28.522268335129468 ], [ -81.509818145871222, 28.522328335141854 ], [ -81.510637146129881, 28.522939335267626 ], [ -81.511235146319038, 28.523393335361312 ], [ -81.511518146408221, 28.5235993354035 ], [ -81.514843147459118, 28.52610033591883 ], [ -81.515294147601338, 28.526431335986739 ], [ -81.515696147728207, 28.52672733604749 ], [ -81.516215147891529, 28.527097336122996 ], [ -81.516743148057245, 28.527459336196344 ], [ -81.517193148198004, 28.527754336255601 ], [ -81.517642148338069, 28.528038336312257 ], [ -81.517784148382233, 28.528123336329042 ], [ -81.518573148627581, 28.528597336422514 ], [ -81.51951814892054, 28.529138336528035 ], [ -81.519593148943727, 28.529179336535972 ], [ -81.520154149117275, 28.529489336595923 ], [ -81.520205149132977, 28.52951633660108 ], [ -81.520797149315754, 28.529832336661666 ], [ -81.521119149415256, 28.530007336695409 ], [ -81.521566149553479, 28.530252336742624 ], [ -81.521639149576046, 28.530292336750364 ], [ -81.522462149830247, 28.530735336835512 ], [ -81.522834149945297, 28.530941336875369 ], [ -81.523308150091836, 28.531200336925338 ], [ -81.523579150175607, 28.531348336953833 ], [ -81.524190150364475, 28.531682337018282 ], [ -81.52446315044871, 28.531826337045771 ], [ -81.527768151470013, 28.533622337391652 ], [ -81.527794151478034, 28.533636337394356 ], [ -81.527859151498191, 28.533673337401535 ], [ -81.528416151670712, 28.533986337462302 ], [ -81.528747151773658, 28.534186337501794 ], [ -81.529223151922409, 28.534494337563505 ], [ -81.529053151874251, 28.53453233757714 ], [ -81.528955151846716, 28.534560337586424 ], [ -81.529358151972872, 28.534827337640174 ], [ -81.529382151980357, 28.534843337643355 ], [ -81.529801152112285, 28.535142337704396 ], [ -81.530524152341314, 28.535702337820283 ], [ -81.530848152445301, 28.535993337881827 ], [ -81.531307152593271, 28.536426337974106 ], [ -81.531579152681417, 28.536695338031734 ], [ -81.532107152854792, 28.53728533815994 ], [ -81.532902153119693, 28.53828933838081 ], [ -81.53408215351196, 28.539750338701641 ], [ -81.535030153830462, 28.541025338983797 ], [ -81.535340153934044, 28.541425339071981 ], [ -81.535610154023416, 28.541748339142632 ], [ -81.535891154115703, 28.542063339211115 ], [ -81.536140154196971, 28.542327339268162 ], [ -81.536399154280886, 28.542582339322742 ], [ -81.536872154432942, 28.54301433941432 ], [ -81.537259154556651, 28.543347339484349 ], [ -81.537671154687487, 28.543676339552771 ], [ -81.538086154818359, 28.543981339615275 ], [ -81.538479154941626, 28.54424733966902 ], [ -81.538977155097115, 28.544565339732504 ], [ -81.539540155271638, 28.544887339795238 ], [ -81.539922155389476, 28.545088339833601 ], [ -81.540381155530469, 28.545313339875722 ], [ -81.540980155713456, 28.545575339923118 ], [ -81.54152715587999, 28.545798339962449 ], [ -81.541816155967595, 28.545904339980385 ], [ -81.542049156037905, 28.545979339992321 ], [ -81.542051156041808, 28.546078340016074 ], [ -81.542051156042405, 28.546096340020405 ], [ -81.542053156045696, 28.546177340039886 ], [ -81.542061156060214, 28.546539340126824 ], [ -81.542065156066769, 28.546700340165472 ], [ -81.542068156083403, 28.547169340278316 ], [ -81.542064156097709, 28.547628340388879 ], [ -81.542062156109381, 28.547992340476526 ], [ -81.542049156130119, 28.548719340651939 ], [ -81.542046156135541, 28.548907340697248 ], [ -81.542050156178249, 28.550139340993738 ], [ -81.542065156195491, 28.550523341085775 ], [ -81.542075156211183, 28.550902341176748 ], [ -81.542086156228024, 28.551308341274179 ], [ -81.542102156243516, 28.551630341351263 ], [ -81.541428156047658, 28.551633341369673 ], [ -81.541347156024059, 28.551632341371562 ], [ -81.54080815586731, 28.551631341385491 ], [ -81.540042155644912, 28.551640341407712 ], [ -81.539505155488797, 28.551639341421588 ], [ -81.539085155366905, 28.551646341434338 ], [ -81.538331155148157, 28.551661341457717 ], [ -81.538266155129264, 28.551662341459654 ], [ -81.538073155073306, 28.551665341465494 ], [ -81.538009155054738, 28.551667341467653 ], [ -81.537798154994391, 28.551696341480145 ], [ -81.536822154711473, 28.551722341512029 ], [ -81.536637154657896, 28.551728341518324 ], [ -81.535282154264465, 28.55174434155775 ], [ -81.534623154072335, 28.551728341571184 ], [ -81.534440154019052, 28.551725341575271 ], [ -81.534005153892608, 28.55172734158716 ], [ -81.532454153441847, 28.551733341629358 ], [ -81.531991153307885, 28.551752341646036 ], [ -81.532007153320507, 28.551990341702943 ], [ -81.532011153329591, 28.552224341759157 ], [ -81.532000153329037, 28.552303341778476 ], [ -81.531973153323733, 28.552378341797223 ], [ -81.531932153314187, 28.552449341815375 ], [ -81.531877153300343, 28.552512341831999 ], [ -81.531701153254261, 28.552664341873246 ], [ -81.531598153227293, 28.552753341897365 ], [ -81.531535153211848, 28.552837341919247 ], [ -81.531524153209361, 28.55285934192483 ], [ -81.531506153205498, 28.552900341935146 ], [ -81.531489153202713, 28.552965341951218 ], [ -81.53148315320324, 28.553032341967523 ], [ -81.531479153222875, 28.553649342116191 ], [ -81.531479153228275, 28.553809342154686 ], [ -81.531463153225118, 28.553854342165945 ], [ -81.531425153215537, 28.553897342177311 ], [ -81.53139015320609, 28.553919342183516 ], [ -81.53134015319209, 28.553934342188413 ], [ -81.531116153126931, 28.553934342194289 ], [ -81.53027315288179, 28.553934342216412 ], [ -81.530164152850176, 28.553935342219507 ], [ -81.529847152758165, 28.553939342228851 ], [ -81.529766152734481, 28.553936342230212 ], [ -81.52963415269619, 28.553939342234436 ], [ -81.529310152603031, 28.553970342250395 ], [ -81.529158152560527, 28.554020342266409 ], [ -81.529021152522702, 28.554080342284458 ], [ -81.52874215244843, 28.554284342340885 ], [ -81.528563152402853, 28.554475342391523 ], [ -81.528407152363187, 28.554644342436351 ], [ -81.528349152349904, 28.554751342463643 ], [ -81.528069152277268, 28.55501134253355 ], [ -81.527917152236896, 28.555125342564978 ], [ -81.527766152196705, 28.555236342595684 ], [ -81.527683152174845, 28.555304342614221 ], [ -81.527583152148026, 28.555370342632727 ], [ -81.527483152121178, 28.555436342651255 ], [ -81.527417152103467, 28.555480342663593 ], [ -81.527304152074791, 28.555604342696373 ], [ -81.527342152087456, 28.555653342707203 ], [ -81.527366152096292, 28.555708342719797 ], [ -81.5273731520995, 28.555742342727818 ], [ -81.527373152100992, 28.555786342738411 ], [ -81.527366152099901, 28.555815342745564 ], [ -81.527335152092036, 28.555849342754538 ], [ -81.52727315207504, 28.555880342763668 ], [ -81.52720715205632, 28.555894342768724 ], [ -81.527121152031071, 28.555887342769331 ], [ -81.527079152023077, 28.556011342800293 ], [ -81.527059152019817, 28.55608734281909 ], [ -81.527055152029575, 28.556411342897178 ], [ -81.527086152058786, 28.557011343040816 ], [ -81.527128152076827, 28.557184343081385 ], [ -81.527204152105412, 28.557377343125797 ], [ -81.527328152150787, 28.55765334318896 ], [ -81.527431152187646, 28.557859343235908 ], [ -81.527493152210326, 28.557997343267481 ], [ -81.527555152233731, 28.558156343304141 ], [ -81.527604152252152, 28.558280343332658 ], [ -81.527645152268505, 28.558411343363122 ], [ -81.527672152284467, 28.558653343420694 ], [ -81.527707152305311, 28.558968343495589 ], [ -81.527710152307137, 28.558997343502483 ], [ -81.527730152318753, 28.559169343543378 ], [ -81.527738152334265, 28.559561343637522 ], [ -81.527744152352952, 28.560064343758462 ], [ -81.527753152383553, 28.560894343957958 ], [ -81.527755152388792, 28.561032343991176 ], [ -81.527763152400098, 28.561299344055154 ], [ -81.527770152425418, 28.56199134422155 ], [ -81.527774152438951, 28.562358344309779 ], [ -81.527775152442516, 28.562454344332906 ], [ -81.52778015245373, 28.562744344402589 ], [ -81.52778215245759, 28.562841344425859 ], [ -81.527785152461931, 28.562944344450539 ], [ -81.527794152474939, 28.563254344524932 ], [ -81.527797152479337, 28.563358344549908 ], [ -81.527802152497472, 28.563852344668678 ], [ -81.527819152552325, 28.565334345024944 ], [ -81.52782515257077, 28.565828345143689 ], [ -81.527825152571708, 28.565856345150415 ], [ -81.52782615257486, 28.565941345170863 ], [ -81.527827152576151, 28.565970345177785 ], [ -81.527828152577811, 28.566012345187875 ], [ -81.527834152584987, 28.566173345226463 ], [ -81.527837152587566, 28.566224345238648 ], [ -81.52785315259824, 28.56640234528107 ], [ -81.527858152600984, 28.566441345290343 ], [ -81.527867152605907, 28.566508345306243 ], [ -81.52792215262852, 28.566705345352212 ], [ -81.52794415263898, 28.566826345380743 ], [ -81.527945152643596, 28.566954345411542 ], [ -81.527948152648889, 28.567085345442937 ], [ -81.527951152654239, 28.567218345474874 ], [ -81.527971152662843, 28.56730134549435 ], [ -81.527932152651758, 28.567309345497282 ], [ -81.52788115263732, 28.567320345501294 ], [ -81.527816152618541, 28.56732434550397 ], [ -81.527789152610822, 28.56732734550538 ], [ -81.527778152607638, 28.56732734550566 ], [ -81.52778215261516, 28.567516345551088 ], [ -81.5277861526219, 28.567681345590671 ], [ -81.527725152623603, 28.568259345731398 ], [ -81.527702152624741, 28.568491345787798 ], [ -81.527774152649712, 28.568611345814798 ], [ -81.527838152674207, 28.568785345855012 ], [ -81.528010152726068, 28.568839345863445 ], [ -81.528150152769541, 28.568922345879791 ], [ -81.528399152843022, 28.568954345880911 ], [ -81.528539152883383, 28.56894434587484 ], [ -81.528649152914838, 28.568928345868084 ], [ -81.528758152946025, 28.568913345861663 ], [ -81.528930152994718, 28.568873345847486 ], [ -81.529132153055443, 28.568932345856357 ], [ -81.52942915314965, 28.569165345904658 ], [ -81.529635153216901, 28.569383345951675 ], [ -81.529713153244444, 28.569527345984305 ], [ -81.529764153260686, 28.569569345993084 ], [ -81.529807153274376, 28.569604346000347 ], [ -81.529889153306414, 28.569848346056919 ], [ -81.529892153312119, 28.569990346090993 ], [ -81.529896153320351, 28.570200346141466 ], [ -81.529929153333569, 28.570308346166609 ], [ -81.529956153344443, 28.570398346187563 ], [ -81.529974153351787, 28.570460346201969 ], [ -81.529973153351918, 28.570473346205148 ], [ -81.529971153352662, 28.570512346214592 ], [ -81.529971153353131, 28.570526346217928 ], [ -81.529970153353645, 28.570549346223501 ], [ -81.529964153357241, 28.570708346261917 ], [ -81.529964153362641, 28.570867346300176 ], [ -81.529965153365126, 28.57093334631605 ], [ -81.52996615337085, 28.571094346354737 ], [ -81.529971153392992, 28.571708346502426 ], [ -81.529970153394672, 28.571766346516373 ], [ -81.529970153395539, 28.571792346522621 ], [ -81.529970153396505, 28.571820346529382 ], [ -81.529969153398014, 28.571874346542383 ], [ -81.529968153399551, 28.571928346555445 ], [ -81.529968153401029, 28.571972346565989 ], [ -81.529966153406164, 28.572141346606731 ], [ -81.529966153406676, 28.572156346610367 ], [ -81.529967153414702, 28.572386346665674 ], [ -81.529969153421277, 28.572564346708479 ], [ -81.529969153423309, 28.572624346722861 ], [ -81.52997015342973, 28.572805346766387 ], [ -81.529971153432029, 28.572866346781069 ], [ -81.529971153434474, 28.572938346798338 ], [ -81.52997115343544, 28.572966346805167 ], [ -81.529972153436859, 28.573000346813288 ], [ -81.52997315344237, 28.573155346850566 ], [ -81.529974153445124, 28.573228346868095 ], [ -81.529974153446986, 28.573283346881365 ], [ -81.529974153448208, 28.573319346889992 ], [ -81.52998015345915, 28.573592346955522 ], [ -81.529983153463178, 28.573684346977629 ], [ -81.529963153457302, 28.573683346977866 ], [ -81.52990315343979, 28.573681346978979 ], [ -81.529883153433957, 28.573681346979487 ], [ -81.529830153418516, 28.573680346980655 ], [ -81.529767153400144, 28.573679346982061 ], [ -81.529678153374206, 28.573676346983703 ], [ -81.529622153357892, 28.573675346984935 ], [ -81.529487153318499, 28.573671346987513 ], [ -81.529152153220821, 28.573663346994429 ], [ -81.529082153200292, 28.573658346995032 ], [ -81.528948153161068, 28.573650346996644 ], [ -81.528823153124392, 28.573641346997778 ], [ -81.528738153099567, 28.573638346999239 ], [ -81.528107152915567, 28.573623347012258 ], [ -81.527897152854365, 28.573618347016591 ], [ -81.527819152831654, 28.573618347018641 ], [ -81.527585152763649, 28.573619347025016 ], [ -81.52754915275321, 28.573620347026203 ], [ -81.527508152741305, 28.573619347027051 ], [ -81.527432152719101, 28.57361734702857 ], [ -81.527398152709196, 28.57361634702923 ], [ -81.527070152613533, 28.57360834703589 ], [ -81.527018152598401, 28.573607347037004 ], [ -81.526961152581791, 28.573606347038272 ], [ -81.526818152540102, 28.573603347041313 ], [ -81.526806152536594, 28.573603347041633 ], [ -81.526344152402459, 28.573608347054961 ], [ -81.526243152373084, 28.573609347057864 ], [ -81.526190152357714, 28.573610347059486 ], [ -81.526121152337666, 28.573610347061315 ], [ -81.525913152277298, 28.5736133470675 ], [ -81.525845152257574, 28.573614347069526 ], [ -81.525844152261087, 28.573727347096728 ], [ -81.525846152264805, 28.573820347119117 ], [ -81.525852152275164, 28.574076347180547 ], [ -81.525855152288301, 28.574440347268052 ], [ -81.525858152296138, 28.574647347317775 ], [ -81.525864152315776, 28.575176347444962 ], [ -81.525883152374846, 28.576765347826793 ], [ -81.525890152394823, 28.577295347954191 ], [ -81.525891152397534, 28.57736734797146 ], [ -81.525894152405726, 28.577584348023628 ], [ -81.525895152408481, 28.577657348041168 ], [ -81.52589615241142, 28.577736348060192 ], [ -81.525901152420857, 28.577973348117055 ], [ -81.525903152424135, 28.578053348136255 ], [ -81.525905152426887, 28.578117348151544 ], [ -81.525908152430119, 28.578186348168089 ], [ -81.525907152434087, 28.578312348198459 ], [ -81.525907152436289, 28.578377348214108 ], [ -81.525907152439089, 28.578460348234092 ], [ -81.52590815244784, 28.578711348294448 ], [ -81.525909152450964, 28.578795348314653 ], [ -81.525910152453278, 28.578855348329036 ], [ -81.525913152456994, 28.578939348349177 ], [ -81.525909152459178, 28.579038348373093 ], [ -81.525907152460675, 28.579099348387835 ], [ -81.525903152462362, 28.579186348408879 ], [ -81.525903152462845, 28.579200348412293 ], [ -81.525907152472428, 28.579448348471846 ], [ -81.525909152475975, 28.579536348492919 ], [ -81.52591015247819, 28.579593348506641 ], [ -81.525913152484847, 28.579765348547959 ], [ -81.52591415248709, 28.579823348561877 ], [ -81.525914152490088, 28.579911348583025 ], [ -81.525917152499943, 28.58017834864722 ], [ -81.525919152503519, 28.580267348668588 ], [ -81.525919152505423, 28.580323348682029 ], [ -81.525922152511967, 28.580491348722411 ], [ -81.525923152514125, 28.580547348735827 ], [ -81.525924152517518, 28.580639348757934 ], [ -81.525928152527982, 28.580915348824291 ], [ -81.525930152531757, 28.581008348846602 ], [ -81.526013152555862, 28.581008348844414 ], [ -81.526265152629108, 28.581008348837788 ], [ -81.526349152653594, 28.581009348835831 ], [ -81.52657315271874, 28.581009348829941 ], [ -81.527201152900602, 28.580987348808126 ], [ -81.527433152967802, 28.580980348800349 ], [ -81.528049153146654, 28.580970348781708 ], [ -81.528146153174731, 28.58096734877844 ], [ -81.528881153387871, 28.580949348754771 ], [ -81.52930415351058, 28.580942348741996 ], [ -81.529930153692007, 28.580924348721187 ], [ -81.530090153737916, 28.580906348712631 ], [ -81.530259153786616, 28.58089234870485 ], [ -81.530576153878286, 28.580877348692884 ], [ -81.530744153926946, 28.580872348687294 ], [ -81.531746154217402, 28.580845348654439 ], [ -81.531958154278513, 28.580830348645257 ], [ -81.532066154309064, 28.580804348636146 ], [ -81.532168154337313, 28.580762348623349 ], [ -81.532188154342805, 28.580752348620393 ], [ -81.532418154406059, 28.58064534858865 ], [ -81.532631154464795, 28.58055134856043 ], [ -81.532828154518654, 28.580449348530689 ], [ -81.532887154534819, 28.580419348521932 ], [ -81.53342915468383, 28.580165348446528 ], [ -81.533588154727624, 28.580092348424788 ], [ -81.533631154739425, 28.580072348418831 ], [ -81.533860154802284, 28.579962348386339 ], [ -81.534549154991524, 28.579634348289332 ], [ -81.534586155001733, 28.579617348284277 ], [ -81.534704155034404, 28.579569348269597 ], [ -81.534785155056966, 28.579539348260294 ], [ -81.534969155108101, 28.579469348238554 ], [ -81.535265155190459, 28.579359348204342 ], [ -81.53552115526152, 28.579258348173294 ], [ -81.53556015527235, 28.579244348168888 ], [ -81.535707155313375, 28.57919234815251 ], [ -81.535916155371496, 28.579114348128261 ], [ -81.536342155490033, 28.578957348079296 ], [ -81.536543155546028, 28.578884348056413 ], [ -81.536712155593094, 28.578823348037318 ], [ -81.536743155601854, 28.57881534803451 ], [ -81.536753155604544, 28.578809348032834 ], [ -81.536761155607536, 28.57882834803722 ], [ -81.536781155614847, 28.57887234804728 ], [ -81.536794155618992, 28.578884348049808 ], [ -81.53681015562421, 28.578900348053242 ], [ -81.536824155628764, 28.578915348056508 ], [ -81.536869155643345, 28.57896034806615 ], [ -81.536884155648238, 28.578975348069378 ], [ -81.537036155690288, 28.578911348049967 ], [ -81.53707915570223, 28.578894348044734 ], [ -81.537673155867282, 28.578668347974745 ], [ -81.537871155922332, 28.578593347951511 ], [ -81.538198156013237, 28.578470347913264 ], [ -81.538437156079866, 28.578385347886531 ], [ -81.538605156126792, 28.578327347868196 ], [ -81.539017156241329, 28.578172347820043 ], [ -81.540134156552185, 28.577760347691559 ], [ -81.540248156583999, 28.577719347678702 ], [ -81.540698156708984, 28.577546347625209 ], [ -81.540887156761528, 28.577475347603183 ], [ -81.541036156803017, 28.577420347585981 ], [ -81.54145715692033, 28.57727034753885 ], [ -81.541648156973622, 28.577203347517695 ], [ -81.541848157029378, 28.577132347495393 ], [ -81.541888157040532, 28.57711934749117 ], [ -81.542454157198833, 28.57693234743131 ], [ -81.542467157202466, 28.576929347430266 ], [ -81.542664157258599, 28.57689434741663 ], [ -81.542636157251152, 28.576914347422193 ], [ -81.542595157240399, 28.576950347431954 ], [ -81.542588157238612, 28.576958347434033 ], [ -81.542550157229357, 28.577010347447533 ], [ -81.542522157223146, 28.577066347461773 ], [ -81.542507157220768, 28.577126347476554 ], [ -81.54250515722245, 28.577193347492745 ], [ -81.542504157225167, 28.577282347514178 ], [ -81.542500157231004, 28.577489347564118 ], [ -81.542500157232951, 28.577547347578061 ], [ -81.542506157253698, 28.578110347713363 ], [ -81.542509157261577, 28.578318347763343 ], [ -81.542509157263822, 28.578385347779449 ], [ -81.542511157271264, 28.578588347828227 ], [ -81.542512157273833, 28.578656347844564 ], [ -81.542516157291743, 28.579152347963809 ], [ -81.542521157311896, 28.579706348096988 ], [ -81.542523157317106, 28.579842348129649 ], [ -81.542528157336776, 28.580382348259452 ], [ -81.542529157341548, 28.580515348291414 ], [ -81.542532157350195, 28.580745348346674 ], [ -81.542532157350706, 28.580761348350542 ], [ -81.542532157351346, 28.58078034835512 ], [ -81.542532157351843, 28.580794348358445 ], [ -81.542533157359543, 28.581014348411376 ], [ -81.54253715737326, 28.581386348500793 ], [ -81.542535157376903, 28.581511348530881 ], [ -81.542534157382136, 28.581674348570125 ], [ -81.542533157387155, 28.581832348608163 ], [ -81.542533157389357, 28.581897348623801 ], [ -81.542532157391449, 28.581967348640642 ], [ -81.542531157395516, 28.582097348671983 ], [ -81.542531157395999, 28.582111348675372 ], [ -81.542545157418289, 28.582650348804687 ], [ -81.54254515742015, 28.582705348817882 ], [ -81.542546157427282, 28.58290834886671 ], [ -81.542546157428916, 28.582956348878248 ], [ -81.542546157430323, 28.582998348888349 ], [ -81.542546157433776, 28.583100348912939 ], [ -81.542547157439401, 28.583258348950917 ], [ -81.542548157447584, 28.583492349007159 ], [ -81.542549157452811, 28.583638349042289 ], [ -81.542548157453112, 28.583655349046374 ], [ -81.542546157454225, 28.583706349058726 ], [ -81.542546157454836, 28.583724349063008 ], [ -81.542541157458444, 28.583875349099483 ], [ -81.542539157461007, 28.5839683491219 ], [ -81.542551157470783, 28.58415334916614 ], [ -81.542552157477019, 28.584329349208414 ], [ -81.54255315748243, 28.584481349244978 ], [ -81.542553157484349, 28.584538349258715 ], [ -81.542553157489081, 28.584678349292371 ], [ -81.542553157490119, 28.584709349299821 ], [ -81.542554157492361, 28.584767349313765 ], [ -81.542555157498896, 28.584952349358236 ], [ -81.542559157518909, 28.585510349492385 ], [ -81.542561157525768, 28.585696349537063 ], [ -81.542566157559563, 28.586654349767436 ], [ -81.542567157568584, 28.586911349829212 ], [ -81.542568157571409, 28.586986349847205 ], [ -81.542572157594464, 28.587635350003239 ], [ -81.542573157611073, 28.588118350119434 ], [ -81.542575157620945, 28.588393350185516 ], [ -81.542577157628813, 28.588609350237402 ], [ -81.542579157635828, 28.588800350283346 ], [ -81.542581157641521, 28.588951350319629 ], [ -81.542584157653963, 28.589294350402039 ], [ -81.54258515765693, 28.589373350420988 ], [ -81.542586157659102, 28.589429350434465 ], [ -81.542587157663988, 28.589565350467165 ], [ -81.542589157670861, 28.589751350511829 ], [ -81.542595157691494, 28.590309350645928 ], [ -81.542597157698381, 28.590496350690827 ], [ -81.542598157705115, 28.590687350736783 ], [ -81.542603157725964, 28.59126135087471 ], [ -81.542605157733036, 28.591453350920876 ], [ -81.54260715774096, 28.591671350973225 ], [ -81.542607157744754, 28.591783351000167 ], [ -81.542608157748646, 28.591889351025635 ], [ -81.542615157771209, 28.592496351171491 ], [ -81.542615157772332, 28.592529351179447 ], [ -81.542618157781405, 28.59277335123803 ], [ -81.542623157794011, 28.593103351317271 ], [ -81.542622157802285, 28.593356351378169 ], [ -81.54262215780895, 28.593553351425548 ], [ -81.542626157829162, 28.594117351561106 ], [ -81.542628157838323, 28.594371351622147 ], [ -81.542629157841375, 28.594453351641874 ], [ -81.542629157844189, 28.594536351661844 ], [ -81.542635157857234, 28.594869351741735 ], [ -81.542637157863439, 28.595036351781896 ], [ -81.542640157869954, 28.595203351821983 ], [ -81.54365615816522, 28.595199351794257 ], [ -81.544133158303865, 28.59519835178147 ], [ -81.544588158435886, 28.595190351767581 ], [ -81.545289158639449, 28.595183351747416 ], [ -81.545443158684193, 28.595182351743137 ], [ -81.546632159029613, 28.595173351709668 ], [ -81.546704159050492, 28.595172351707539 ], [ -81.547377159246011, 28.595167351688627 ], [ -81.547721159345969, 28.595166351679321 ], [ -81.547901159398279, 28.595165351674357 ], [ -81.548441159555239, 28.5951643516599 ], [ -81.548512159575949, 28.595164351658031 ], [ -81.548622159607859, 28.595164351655129 ], [ -81.548721159636699, 28.595164351652521 ], [ -81.548861159677315, 28.595162351648302 ], [ -81.54957715988526, 28.595155351627792 ], [ -81.549722159927384, 28.59515435162373 ], [ -81.54981715995504, 28.595154351621225 ], [ -81.550456160140655, 28.595150351603447 ], [ -81.551303160386809, 28.595146351580187 ], [ -81.552083160613179, 28.595135351556991 ], [ -81.552373160697428, 28.595133351548867 ], [ -81.552599160763137, 28.595133351542913 ], [ -81.553012160882787, 28.595121351529201 ], [ -81.553539161035729, 28.595112351513123 ], [ -81.555121161494881, 28.595089351465933 ], [ -81.555649161648176, 28.595082351450358 ], [ -81.555768161682707, 28.59508035144675 ], [ -81.555895161719548, 28.595079351443186 ], [ -81.556088161775236, 28.595066351434941 ], [ -81.556127161786421, 28.595061351432719 ], [ -81.556246161820468, 28.595045351425735 ], [ -81.555847161723776, 28.595617351573871 ], [ -81.555576161655594, 28.595931351656496 ], [ -81.555090161530273, 28.596402351782579 ], [ -81.554562161391715, 28.596845351903003 ], [ -81.553848161200662, 28.59733335203919 ], [ -81.553311161054609, 28.597631352124996 ], [ -81.553315161056958, 28.597667352133573 ], [ -81.553328161064456, 28.597778352159928 ], [ -81.553333161067229, 28.597815352168649 ], [ -81.553341161072026, 28.597889352186268 ], [ -81.553347161075692, 28.597946352199802 ], [ -81.553366161086771, 28.598110352238731 ], [ -81.553376161092245, 28.598185352256547 ], [ -81.553402161107556, 28.598415352311168 ], [ -81.553456161139636, 28.598900352426416 ], [ -81.553464161149108, 28.599110352476671 ], [ -81.553470161154962, 28.599232352505844 ], [ -81.553468161158136, 28.599343352532603 ], [ -81.553276161104449, 28.599407352553033 ], [ -81.553275161104835, 28.599427352557896 ], [ -81.553274161105662, 28.599460352565838 ], [ -81.553274161106316, 28.59947935257043 ], [ -81.553273161106929, 28.599506352576938 ], [ -81.553272161107429, 28.599529352582497 ], [ -81.553270161107761, 28.599556352589069 ], [ -81.553268161108392, 28.599592352597746 ], [ -81.553267161109019, 28.599619352604254 ], [ -81.553266161109619, 28.599645352610601 ], [ -81.553459161164383, 28.599606352596112 ], [ -81.55345516116455, 28.599645352605616 ], [ -81.553446161165951, 28.599763352634209 ], [ -81.553444161166723, 28.59980335264391 ], [ -81.553438161167577, 28.599881352662795 ], [ -81.553424161167214, 28.599990352689382 ], [ -81.553408161167056, 28.600123352721788 ], [ -81.553379161164486, 28.600296352764175 ], [ -81.553342161159634, 28.600471352807222 ], [ -81.553323161156598, 28.600545352825542 ], [ -81.553278161149706, 28.600728352870728 ], [ -81.553318161162537, 28.600763352878069 ], [ -81.553363161176932, 28.600802352886276 ], [ -81.553374161180457, 28.600811352888115 ], [ -81.553393161186477, 28.600827352891489 ], [ -81.553441161201889, 28.600868352900097 ], [ -81.553482161214959, 28.600904352907694 ], [ -81.554286161450065, 28.600943352895854 ], [ -81.55494716164462, 28.601014352895511 ], [ -81.555209161723411, 28.601091352907151 ], [ -81.555633161853578, 28.601295352945055 ], [ -81.555764161895198, 28.601399352966624 ], [ -81.556007161974932, 28.601669353025155 ], [ -81.556369162090107, 28.601961353085787 ], [ -81.556784162219486, 28.602219353136935 ], [ -81.557127162323383, 28.602343353157689 ], [ -81.558483162734177, 28.602833353239802 ], [ -81.559417163020342, 28.603265353319077 ], [ -81.56107916352957, 28.604034353460257 ], [ -81.563135164216945, 28.606684354043285 ], [ -81.562890164153842, 28.606924354107463 ] ] ] ] } }
]
}
