{
"type": "FeatureCollection",
"name": "DISTRICT_15",
"crs": { "type": "name", "properties": { "name": "urn:ogc:def:crs:OGC:1.3:CRS84" } },
"xy_coordinate_resolution": 1e-15,
"features": [
{ "type": "Feature", "properties": { "LONGNAME": "District 15", "SHORTNAME": "D15", "DISTRICT": 15, "COLOR": -893037184, "TOTAL": 769221, "TARGET_DEV": 0 }, "geometry": { "type": "MultiPolygon", "coordinates": [ [ [ [ -82.281209366638521, 28.434795293845738 ], [ -82.2813973666929, 28.434795293840789 ], [ -82.282117366901119, 28.434794293821614 ], [ -82.282149366910346, 28.434793293820526 ], [ -82.282247366938677, 28.434793293817943 ], [ -82.282280366948243, 28.43479329381708 ], [ -82.282364366972473, 28.434792293814571 ], [ -82.28261936704628, 28.434792293807838 ], [ -82.282705367071074, 28.4347922938056 ], [ -82.283233367223787, 28.434791293791463 ], [ -82.284819367682346, 28.434787293748776 ], [ -82.285348367835354, 28.434787293734857 ], [ -82.28547536787211, 28.43478729373151 ], [ -82.302826372893847, 28.43490229330239 ], [ -82.303551373103829, 28.43491329328598 ], [ -82.305287373605552, 28.434904293238073 ], [ -82.305319373614736, 28.434901293236507 ], [ -82.305876373775817, 28.434901293221852 ], [ -82.306979374094212, 28.434884293188784 ], [ -82.307103374129937, 28.434882293184984 ], [ -82.310558375129659, 28.434899293098134 ], [ -82.313162375882655, 28.434901293030027 ], [ -82.315212376475827, 28.434913292978969 ], [ -82.315233376481913, 28.434913292978422 ], [ -82.315262376490324, 28.434913292977647 ], [ -82.315286376497269, 28.434913292977022 ], [ -82.319376377680911, 28.434944292876729 ], [ -82.319413377692186, 28.43496029287963 ], [ -82.319428377696852, 28.434970292881601 ], [ -82.32030437794613, 28.434852292830222 ], [ -82.32688137984438, 28.434749292632389 ], [ -82.340639383814818, 28.434534292218487 ], [ -82.343877384749206, 28.434483292120987 ], [ -82.347171385699781, 28.434432292022024 ], [ -82.348352386040517, 28.434413291986338 ], [ -82.352498387236849, 28.434348291861543 ], [ -82.35538738807054, 28.434303291774665 ], [ -82.370165392334457, 28.434072291329962 ], [ -82.370604392461161, 28.434065291316678 ], [ -82.370759392505846, 28.434063291312114 ], [ -82.372392392977176, 28.434043291264288 ], [ -82.373100393181531, 28.434035291243749 ], [ -82.373443393280539, 28.434030291233512 ], [ -82.374472393577491, 28.434017291203286 ], [ -82.374816393676838, 28.434014291193488 ], [ -82.379751395105671, 28.434087291080946 ], [ -82.383923396313563, 28.434150290986132 ], [ -82.387220397265722, 28.434127290893716 ], [ -82.394559399385045, 28.434077290688336 ], [ -82.398578400545546, 28.434050290575943 ], [ -82.39949540081038, 28.434044290550311 ], [ -82.400069400976079, 28.434040290534238 ], [ -82.401793401473896, 28.434028290485934 ], [ -82.402368401639933, 28.434025290469997 ], [ -82.403700402024626, 28.434016290432773 ], [ -82.407697403178659, 28.43398829032072 ], [ -82.409030403563577, 28.433980290283614 ], [ -82.409116403588385, 28.433979290281105 ], [ -82.409245403625675, 28.433979290277719 ], [ -82.409374403662895, 28.433977290273834 ], [ -82.409461403687985, 28.433977290271542 ], [ -82.40954340371168, 28.433976290269147 ], [ -82.409790403782992, 28.433974290262153 ], [ -82.409873403806984, 28.433974290259965 ], [ -82.409932403824001, 28.433974290258412 ], [ -82.419937406712705, 28.433905289978124 ], [ -82.427752408968644, 28.433843289757213 ], [ -82.435871411312235, 28.433778289527549 ], [ -82.436475411486541, 28.433774289510676 ], [ -82.437988411923641, 28.433772289470287 ], [ -82.440556412665458, 28.433769289401869 ], [ -82.444746413875791, 28.43376528929042 ], [ -82.448044414828416, 28.433761289202494 ], [ -82.448304414903532, 28.433761289195637 ], [ -82.452912416234511, 28.433756289072846 ], [ -82.453884416515265, 28.433754289046732 ], [ -82.454461416681923, 28.433754289031516 ], [ -82.456852417372502, 28.433751288967752 ], [ -82.457057417431756, 28.433750288962102 ], [ -82.457480417553569, 28.43374128894882 ], [ -82.457580417582406, 28.433738288945463 ], [ -82.457687417613187, 28.433736288942175 ], [ -82.459184418044174, 28.433692288892129 ], [ -82.461892418829393, 28.433781288842024 ], [ -82.462117418894394, 28.433781288836094 ], [ -82.463469419284877, 28.43378028880019 ], [ -82.463520419299627, 28.433779288798608 ], [ -82.463639419334015, 28.433779288795453 ], [ -82.464068419457902, 28.433779288784169 ], [ -82.46619942007338, 28.433776288727174 ], [ -82.46670442021923, 28.43377628871384 ], [ -82.467798420535175, 28.433774288684521 ], [ -82.467968420584228, 28.433774288680016 ], [ -82.469358420985685, 28.433772288642885 ], [ -82.472264421824633, 28.433759288563142 ], [ -82.472481421887281, 28.433758288557183 ], [ -82.477593423363018, 28.433735288416791 ], [ -82.477619423370527, 28.433735288416106 ], [ -82.479783423995187, 28.433725288356591 ], [ -82.479795423998652, 28.433725288356285 ], [ -82.480816424293437, 28.433721288328396 ], [ -82.48122842441235, 28.43371928831704 ], [ -82.483702425126509, 28.433708288249083 ], [ -82.484403425328864, 28.433705288229874 ], [ -82.484971425492816, 28.433703288214435 ], [ -82.485115425534417, 28.433702288210398 ], [ -82.485244425571622, 28.433702288207002 ], [ -82.485567425664954, 28.433702288198464 ], [ -82.485902425761736, 28.433703288189868 ], [ -82.486153425834303, 28.433705288183717 ], [ -82.486367425896077, 28.433705288178068 ], [ -82.488409426486015, 28.433710288125368 ], [ -82.490176426996513, 28.433714288079738 ], [ -82.490433427070684, 28.433714288072967 ], [ -82.490850427191106, 28.433714288061939 ], [ -82.495971428669904, 28.433710287925805 ], [ -82.496612428855002, 28.433710287908912 ], [ -82.496630428860215, 28.433710287908429 ], [ -82.49777842919174, 28.433710287878124 ], [ -82.499172429594324, 28.433710287841333 ], [ -82.502863430660227, 28.433711287744149 ], [ -82.506839431808459, 28.433712287639487 ], [ -82.508468432278875, 28.433713287596746 ], [ -82.511263433086015, 28.433715287523448 ], [ -82.512889433555543, 28.43371528748051 ], [ -82.512890433554887, 28.433688287473991 ], [ -82.512916433563404, 28.433716287480056 ], [ -82.513896433846398, 28.433717287454439 ], [ -82.514594434047964, 28.433718287436236 ], [ -82.516776434678121, 28.433721287379342 ], [ -82.517764434963496, 28.433723287353729 ], [ -82.518791435260027, 28.433724287326861 ], [ -82.519286435403004, 28.433725287314044 ], [ -82.519734435532413, 28.433726287302445 ], [ -82.519745435535597, 28.433726287302164 ], [ -82.5279514379056, 28.43374628709029 ], [ -82.528331438015371, 28.433747287080511 ], [ -82.530956438773501, 28.433754287012871 ], [ -82.532077439097222, 28.433756286983744 ], [ -82.532397439189651, 28.433757286975581 ], [ -82.535195439997707, 28.433764286903372 ], [ -82.536234440297847, 28.433770286877351 ], [ -82.537962440797088, 28.433779286833904 ], [ -82.538378440917242, 28.433782286823636 ], [ -82.541990441960735, 28.433802286733044 ], [ -82.543353442354444, 28.433809286698708 ], [ -82.543411442371237, 28.43381028669744 ], [ -82.546132443157262, 28.433824286628933 ], [ -82.546157443164489, 28.433825286628508 ], [ -82.548664443888669, 28.433839286565625 ], [ -82.550017444279518, 28.433846286531544 ], [ -82.550879444528562, 28.433851286510027 ], [ -82.551284444645546, 28.433853286499804 ], [ -82.551335444660282, 28.43385428649869 ], [ -82.551811444797707, 28.433854286486131 ], [ -82.553395445254864, 28.433852286443809 ], [ -82.55544144584546, 28.433851286389533 ], [ -82.556152446050703, 28.433850286370536 ], [ -82.558254446657386, 28.433848286314536 ], [ -82.559557447033512, 28.433848286280124 ], [ -82.562845447982667, 28.433849286193503 ], [ -82.562925448005828, 28.433850286191621 ], [ -82.563669448220566, 28.433850286171978 ], [ -82.565569448769068, 28.433852286122256 ], [ -82.566736449105946, 28.433853286091662 ], [ -82.566884449148731, 28.433854286088003 ], [ -82.567831449422101, 28.43385528606321 ], [ -82.568107449501767, 28.433855286055934 ], [ -82.56830544955892, 28.433855286050704 ], [ -82.568317449562358, 28.433855286050388 ], [ -82.571892450594419, 28.433859285956881 ], [ -82.578343452456608, 28.433866285788113 ], [ -82.578427452480838, 28.433867285786132 ], [ -82.580013452938701, 28.433869285744766 ], [ -82.580510453082169, 28.433870285731846 ], [ -82.580608453110429, 28.433870285729274 ], [ -82.581573453389041, 28.433872285704258 ], [ -82.582553453671963, 28.433874285678833 ], [ -82.585107454409282, 28.433880285612791 ], [ -82.58607145468757, 28.433882285587789 ], [ -82.587036454966153, 28.433884285562769 ], [ -82.588728455454586, 28.433888285519011 ], [ -82.58997345581399, 28.433891285486823 ], [ -82.590126455858154, 28.433891285482787 ], [ -82.591032456119663, 28.433893285459373 ], [ -82.59113845615029, 28.433893285456577 ], [ -82.591292456194736, 28.433893285452491 ], [ -82.592074456420491, 28.433896285432542 ], [ -82.592145456441017, 28.433896285430684 ], [ -82.592446456527867, 28.433896285422708 ], [ -82.5931564567328, 28.433898285404421 ], [ -82.594475457113575, 28.433901285370286 ], [ -82.594892457233968, 28.433902285359501 ], [ -82.596703457756718, 28.433906285312574 ], [ -82.598052458146142, 28.433909285277636 ], [ -82.598195458187391, 28.43390928527386 ], [ -82.598233458198365, 28.433909285272854 ], [ -82.599017458424683, 28.433911285252634 ], [ -82.600510458855666, 28.433915285214177 ], [ -82.600639458892914, 28.433915285210755 ], [ -82.600693458908452, 28.433915285209341 ], [ -82.601087459022139, 28.433913285198393 ], [ -82.602152459329304, 28.433909285169296 ], [ -82.603807459806745, 28.433903285124131 ], [ -82.603935459843612, 28.433902285120517 ], [ -82.605207460210522, 28.433897285085713 ], [ -82.605623460330449, 28.433895285074254 ], [ -82.605798460380896, 28.433893285069157 ], [ -82.60617946049085, 28.433893285059082 ], [ -82.60698846072421, 28.43389028503692 ], [ -82.607001460727886, 28.433889285036358 ], [ -82.607137460767134, 28.433889285032745 ], [ -82.610866461842647, 28.433873284930407 ], [ -82.611056461897519, 28.433873284925394 ], [ -82.611125461917425, 28.433873284923564 ], [ -82.611233461948515, 28.433872284920469 ], [ -82.612030462178424, 28.433869284898687 ], [ -82.612563462332105, 28.433867284884073 ], [ -82.612946462442565, 28.433865284873509 ], [ -82.612984462453539, 28.433865284872478 ], [ -82.613973462738798, 28.433861284845388 ], [ -82.614353462848356, 28.43385928483487 ], [ -82.614734462958282, 28.433858284824577 ], [ -82.614928463014252, 28.43385728481919 ], [ -82.615723463243498, 28.433853284797241 ], [ -82.615841463277505, 28.433853284794111 ], [ -82.616695463523826, 28.433849284770584 ], [ -82.617186463665462, 28.433848284757374 ], [ -82.617659463801957, 28.433848284744883 ], [ -82.619738464401848, 28.433849284690154 ], [ -82.622951465328995, 28.433851284605701 ], [ -82.624827465870325, 28.433853284556577 ], [ -82.625134465958922, 28.433853284548469 ], [ -82.627340466595484, 28.433855284490619 ], [ -82.62745546662866, 28.433855284487564 ], [ -82.627831466737163, 28.43385528447763 ], [ -82.630724467571895, 28.433857284401633 ], [ -82.63168246784835, 28.433858284376523 ], [ -82.632659468130214, 28.433858284350698 ], [ -82.632974468221093, 28.433858284342378 ], [ -82.633602468402316, 28.433859284325997 ], [ -82.634566468680418, 28.433858284300268 ], [ -82.635203468864162, 28.433857284283189 ], [ -82.635701469007742, 28.433855284269569 ], [ -82.637257469456586, 28.433853284227947 ], [ -82.638390469783431, 28.43385128419752 ], [ -82.638531469824116, 28.433851284193778 ], [ -82.639765470180023, 28.433848284160447 ], [ -82.639968470238529, 28.433847284154847 ], [ -82.648677472746201, 28.433705283890543 ], [ -82.649469472974431, 28.433698283867944 ], [ -82.654140474320457, 28.433656283734372 ], [ -82.657182475197089, 28.433630283647709 ], [ -82.657462475277839, 28.433629283640069 ], [ -82.661757476516385, 28.433619283524031 ], [ -82.661808476531093, 28.43361828352246 ], [ -82.662408476704044, 28.433615283505887 ], [ -82.663058476891422, 28.433611283487739 ], [ -82.663475477011701, 28.43361028347649 ], [ -82.663676477069629, 28.433609283470926 ], [ -82.663752477091549, 28.433609283468904 ], [ -82.663828477113441, 28.433609283466918 ], [ -82.664479477301157, 28.433607283449213 ], [ -82.665306477539588, 28.433603283426375 ], [ -82.666412477858287, 28.433594283394953 ], [ -82.666990478025014, 28.433593283379416 ], [ -82.667095478055288, 28.433593283376641 ], [ -82.667341478126133, 28.433591283369662 ], [ -82.667581478195373, 28.433591283363313 ], [ -82.667806478260218, 28.433589283356905 ], [ -82.667891478284744, 28.433589283354642 ], [ -82.66797947831013, 28.433589283352315 ], [ -82.668283478397711, 28.433587283343794 ], [ -82.670060478910059, 28.433580283295143 ], [ -82.670700479094521, 28.433575283276969 ], [ -82.671341479279135, 28.433568283258353 ], [ -82.671435479306197, 28.433567283255641 ], [ -82.672033479478529, 28.433562283238636 ], [ -82.672630479650479, 28.433556283221414 ], [ -82.672780479693742, 28.433555283217224 ], [ -82.674014480049308, 28.433544283181913 ], [ -82.675662480523428, 28.433508283129697 ], [ -82.67642548074295, 28.433492283105732 ], [ -82.67660648079503, 28.43348828309999 ], [ -82.676617480798171, 28.433488283099695 ], [ -82.677152480952245, 28.433481283083818 ], [ -82.677334481004664, 28.433479283078555 ], [ -82.677616481085892, 28.433475283070116 ], [ -82.678041481208297, 28.433470283057719 ], [ -82.678066481215481, 28.433469283056812 ], [ -82.678462481329476, 28.433464283045165 ], [ -82.678745481411028, 28.433461283036895 ], [ -82.67886448144526, 28.433459283033276 ], [ -82.679043481496834, 28.433457283028076 ], [ -82.679221481548069, 28.433454283022645 ], [ -82.679340481582329, 28.433453283019254 ], [ -82.681134482098997, 28.433430282966306 ], [ -82.683827482874619, 28.433397282887196 ], [ -82.686005483501731, 28.433368282822578 ], [ -82.686519483649775, 28.433362282807579 ], [ -82.68831448416671, 28.433340282754838 ], [ -82.750004501928998, 28.432597280944389 ], [ -82.754245503148752, 28.432515280812467 ], [ -82.763550505826501, 28.432382280534277 ], [ -82.86582653524907, 28.43099027749156 ], [ -82.874943537868234, 28.430791277202271 ], [ -82.874073537745787, 28.434565278126719 ], [ -82.873433537645298, 28.437035278733628 ], [ -82.871793537363772, 28.442655280119364 ], [ -82.870943537207665, 28.445265280765184 ], [ -82.869563536919202, 28.44847528156836 ], [ -82.867993536606747, 28.452585282591475 ], [ -82.865843536159844, 28.45765528385915 ], [ -82.864053535774516, 28.461485284821119 ], [ -82.862403535411829, 28.464795285655224 ], [ -82.86109353511786, 28.467245286274942 ], [ -82.860443534987112, 28.468905286688539 ], [ -82.858873534628515, 28.471655287386742 ], [ -82.857523534315888, 28.473895287957351 ], [ -82.85654353408772, 28.475485288362986 ], [ -82.855433533826911, 28.477215288805485 ], [ -82.85579353399126, 28.478995289220794 ], [ -82.856633534390639, 28.483615290301177 ], [ -82.857023534588208, 28.486115290887465 ], [ -82.857573534892282, 28.490385291891926 ], [ -82.857953535154238, 28.494855292948468 ], [ -82.858183535363111, 28.499035293939826 ], [ -82.858273535544029, 28.503575295020692 ], [ -82.858233535668774, 28.507565295973727 ], [ -82.858133535726736, 28.510105296582388 ], [ -82.857853535801169, 28.514645297672875 ], [ -82.857473535827751, 28.518625298632422 ], [ -82.857083535826519, 28.521875299418046 ], [ -82.856923535883055, 28.5248753001379 ], [ -82.85645353584583, 28.527745300834937 ], [ -82.855493535740692, 28.532755302055431 ], [ -82.85510353568894, 28.534525302487925 ], [ -82.85422353556072, 28.53818530338426 ], [ -82.853193535394794, 28.542005304322643 ], [ -82.851583535110507, 28.547245305615085 ], [ -82.849553534721039, 28.552945307028352 ], [ -82.847563534317374, 28.557895308261664 ], [ -82.845223533822221, 28.563115309568662 ], [ -82.842403533202585, 28.568735310983786 ], [ -82.840443532761086, 28.572325311891909 ], [ -82.839143532464078, 28.574585312465405 ], [ -82.840733532977936, 28.576205312808924 ], [ -82.842823533656116, 28.57841531327972 ], [ -82.84525353444873, 28.581105313855719 ], [ -82.848963535666556, 28.585435314788139 ], [ -82.852483536834214, 28.589895315756582 ], [ -82.855173537734487, 28.593535316551701 ], [ -82.857633538565466, 28.597085317331501 ], [ -82.860183539435525, 28.601015318199249 ], [ -82.862223540138643, 28.604365318942509 ], [ -82.863523540591757, 28.606645319450731 ], [ -82.86496354109623, 28.609245320031299 ], [ -82.867913542145757, 28.615035321330968 ], [ -82.870863543222313, 28.621605322816212 ], [ -82.873413544182355, 28.628135324302388 ], [ -82.875673545068338, 28.634935325860418 ], [ -82.876493545401985, 28.637755326509616 ], [ -82.877563545850933, 28.64182532744957 ], [ -82.878803546399396, 28.64735532873236 ], [ -82.87997354696617, 28.653995330281006 ], [ -82.880673547355102, 28.659405331549429 ], [ -82.881173547623447, 28.662995332390086 ], [ -82.882563548147587, 28.666565333201998 ], [ -82.884273548807954, 28.671405334307295 ], [ -82.885643549354157, 28.675775335309847 ], [ -82.887383550081552, 28.682295336813681 ], [ -82.888273550473286, 28.686195337717187 ], [ -82.888873550751299, 28.689225338421501 ], [ -82.889547551084135, 28.693218339352853 ], [ -82.889933551287285, 28.6958653399718 ], [ -82.890143551404023, 28.69748534035131 ], [ -82.890423551572283, 28.700005340942909 ], [ -82.896233553529441, 28.708155342723433 ], [ -82.899913554793116, 28.714005344014499 ], [ -82.901963555506896, 28.717545344800392 ], [ -82.904753556493091, 28.722785345970244 ], [ -82.907233557386959, 28.727935347126891 ], [ -82.90871355793071, 28.73130534788752 ], [ -82.911403558882768, 28.736385349021628 ], [ -82.915363560301202, 28.744345350805283 ], [ -82.916993560900565, 28.748065351644659 ], [ -82.9179935612717, 28.75044535218284 ], [ -82.919443561821041, 28.754215353038841 ], [ -82.920503562229101, 28.757155353708331 ], [ -82.921243562521227, 28.759415354224885 ], [ -82.922483563018929, 28.763435355145823 ], [ -82.923503563442083, 28.767135355996661 ], [ -82.924413563834364, 28.770855356855108 ], [ -82.925393564278608, 28.775485357927678 ], [ -82.926063564603581, 28.779255358804374 ], [ -82.926553564857457, 28.782475359555391 ], [ -82.92695356508645, 28.785725360315965 ], [ -82.927173565219178, 28.787705360779846 ], [ -82.927543565490467, 28.792405361885251 ], [ -82.927783565737272, 28.797475363081887 ], [ -82.927803565882954, 28.801465364028154 ], [ -82.927783565966266, 28.804005364631333 ], [ -82.927623566053128, 28.807795365534965 ], [ -82.927433566100575, 28.810705366230518 ], [ -82.927183566129656, 28.813585366920584 ], [ -82.926253566120835, 28.820965368696605 ], [ -82.925353566044251, 28.826165369954552 ], [ -82.924273565908152, 28.831145371165132 ], [ -82.923123565738251, 28.835735372285065 ], [ -82.921573565475995, 28.840975373569989 ], [ -82.919883565166103, 28.846005374808833 ], [ -82.918593564915199, 28.849435375657315 ], [ -82.916873564568618, 28.853665376707212 ], [ -82.915803564360331, 28.856505377409714 ], [ -82.918473565249457, 28.85990537814288 ], [ -82.91981356569967, 28.861725378537734 ], [ -82.920013565784103, 28.862485378712453 ], [ -82.921333566229677, 28.864335379114905 ], [ -82.924293567236205, 28.868695380067496 ], [ -82.92717356822898, 28.873315381083746 ], [ -82.928873568821146, 28.876215381724542 ], [ -82.92932356897937, 28.877025381904176 ], [ -82.931713569824382, 28.881455382888518 ], [ -82.934853570959689, 28.887985384349875 ], [ -82.936903571718517, 28.892745385421435 ], [ -82.938823572448172, 28.897735386550963 ], [ -82.940263573010895, 28.901915387501568 ], [ -82.941773573620026, 28.906835388625513 ], [ -82.942873574081048, 28.910905389559261 ], [ -82.944273574659334, 28.915845390690677 ], [ -82.945083575038666, 28.919965391644009 ], [ -82.945643575321228, 28.923385392438398 ], [ -82.946113575578181, 28.926815393237568 ], [ -82.946593575870082, 28.931145394249501 ], [ -82.946883576082413, 28.934775395100825 ], [ -82.947033576228492, 28.93767539578316 ], [ -82.94715357645623, 28.943115397067437 ], [ -82.947123576570078, 28.946565397884768 ], [ -82.947003576651682, 28.949835398661985 ], [ -82.946743576718518, 28.95382539961334 ], [ -82.946443576747981, 28.957085400393023 ], [ -82.946043576754676, 28.960515401215581 ], [ -82.945573576734489, 28.963755401995133 ], [ -82.949403577774717, 28.961975401468635 ], [ -82.954203579084719, 28.959925400851567 ], [ -82.958703580317518, 28.95813540030424 ], [ -82.963073581519211, 28.956525399803159 ], [ -82.966923582581714, 28.955215399387342 ], [ -82.972553584140982, 28.95345539881604 ], [ -82.978453585782205, 28.951815398265833 ], [ -82.984813587559358, 28.950275397726529 ], [ -82.992653589761375, 28.948695397137133 ], [ -82.997923591248252, 28.947825396786378 ], [ -83.001583592283851, 28.947305396562726 ], [ -83.005683593446861, 28.946805396331673 ], [ -83.01028359475562, 28.946355396098706 ], [ -83.014293595896191, 28.945955395893797 ], [ -83.017773596887253, 28.945645395724792 ], [ -83.021673598000319, 28.945365395551235 ], [ -83.026603599411757, 28.945135395361248 ], [ -83.032373601069295, 28.945025395176504 ], [ -83.037313602492688, 28.945055395047671 ], [ -83.043893604396061, 28.94530539492575 ], [ -83.047593605469885, 28.945545394880696 ], [ -83.051483606600144, 28.945835394842252 ], [ -83.052093606774307, 28.945795394815974 ], [ -83.054763607537609, 28.945645394707089 ], [ -83.058663608654669, 28.945485394561857 ], [ -83.064853610433389, 28.945395394370209 ], [ -83.070023611924512, 28.945475394246877 ], [ -83.074563613237771, 28.945655394164461 ], [ -83.078473614371731, 28.94589539411357 ], [ -83.082183615450305, 28.946195394082352 ], [ -83.084443616108572, 28.946415394072165 ], [ -83.089203617496096, 28.946905394056941 ], [ -83.09390361886804, 28.947445394055119 ], [ -83.099603620537323, 28.948255394089607 ], [ -83.10465362202163, 28.949125394156187 ], [ -83.110283623682065, 28.950255394268169 ], [ -83.117443625803006, 28.951955394472723 ], [ -83.122173627210401, 28.953255394649599 ], [ -83.128603629130112, 28.955205394933142 ], [ -83.135323631146306, 28.957525395296067 ], [ -83.143033633472726, 28.960555395799354 ], [ -83.150753635816827, 28.964005396401411 ], [ -83.156083637444738, 28.966655396880295 ], [ -83.160273638729777, 28.968885397291377 ], [ -83.165083640211975, 28.971645397810416 ], [ -83.168123641152533, 28.973495398163408 ], [ -83.175503643438716, 28.978065399038737 ], [ -83.179663644731107, 28.980745399556568 ], [ -83.184373646201692, 28.983985400191305 ], [ -83.1879096473115, 28.986578400705739 ], [ -82.999768593251176, 28.989146406507366 ], [ -82.843744548356639, 28.991093411266139 ], [ -82.801575536213974, 28.991612412549117 ], [ -82.772228527761371, 28.991978413442759 ], [ -82.766028525975187, 28.992049413630095 ], [ -82.765565525844366, 28.992127413661265 ], [ -82.763925525369388, 28.992076413694271 ], [ -82.763145525144395, 28.992076413715719 ], [ -82.762176524864785, 28.992075413742089 ], [ -82.761571524690964, 28.992096413763722 ], [ -82.75970252416171, 28.992377413881623 ], [ -82.75937052406762, 28.992425413902094 ], [ -82.759297524048364, 28.992475413915994 ], [ -82.759206524028684, 28.992660413962284 ], [ -82.758939523971478, 28.993218414101786 ], [ -82.758851523952771, 28.993406414148712 ], [ -82.758763523931265, 28.993515414176954 ], [ -82.757810523690779, 28.994484414432623 ], [ -82.757763523679017, 28.994535414445991 ], [ -82.757735523671954, 28.994565414453845 ], [ -82.757717523667552, 28.994585414459088 ], [ -82.757587523634442, 28.994710414492278 ], [ -82.757471523606284, 28.994859414530705 ], [ -82.757412523591853, 28.99493241454968 ], [ -82.75735552357807, 28.995006414568753 ], [ -82.756791523440867, 28.995725414754542 ], [ -82.756649523406153, 28.995901414800109 ], [ -82.75659452339265, 28.99596641481703 ], [ -82.756540523379343, 28.996032414834136 ], [ -82.756281523316019, 28.996351414916795 ], [ -82.756255523309378, 28.9963754149232 ], [ -82.755593523139495, 28.996970415082277 ], [ -82.755394523086622, 28.997098415118074 ], [ -82.755199523034818, 28.997222415152773 ], [ -82.755004522982901, 28.997345415187294 ], [ -82.754902522955788, 28.997409415205269 ], [ -82.754801522928901, 28.997473415223219 ], [ -82.754755522916668, 28.997502415231324 ], [ -82.754707522905576, 28.997580415251083 ], [ -82.754488522854729, 28.997927415339298 ], [ -82.75449252285641, 28.997942415342713 ], [ -82.754513522865594, 28.998030415362987 ], [ -82.75458852289907, 28.998362415439551 ], [ -82.754598522902754, 28.998385415444716 ], [ -82.754844522994176, 28.998959415573903 ], [ -82.755064523078346, 28.999540415705408 ], [ -82.755133523100312, 28.999598415717266 ], [ -82.755341523166564, 28.999774415753226 ], [ -82.75541152318884, 28.999833415765256 ], [ -82.755591523256442, 29.000273415864509 ], [ -82.755583523271596, 29.000763415980771 ], [ -82.755568523282079, 29.001180416079897 ], [ -82.75542452326512, 29.00187041624725 ], [ -82.75492352313421, 29.002253416351724 ], [ -82.754299522963109, 29.002505416428559 ], [ -82.753364522701304, 29.00273041650755 ], [ -82.752354522419509, 29.00300141659951 ], [ -82.751646522229379, 29.003398416712997 ], [ -82.75075252198944, 29.003905416857616 ], [ -82.749722521703987, 29.004234416963875 ], [ -82.749199521562431, 29.004498417040768 ], [ -82.748179521288151, 29.005060417201918 ], [ -82.747298521059818, 29.00578741739827 ], [ -82.74586352068664, 29.006937417710059 ], [ -82.744880520425625, 29.00757341788767 ], [ -82.74429552026325, 29.007753417946397 ], [ -82.743410520011395, 29.007852417994215 ], [ -82.742744519819354, 29.007855418013246 ], [ -82.742322519703748, 29.00802941806602 ], [ -82.741962519611548, 29.008357418153611 ], [ -82.741895519603034, 29.008661418227419 ], [ -82.742201519708672, 29.009149418334573 ], [ -82.742681519868157, 29.009737418460571 ], [ -82.742741519901216, 29.010180418563849 ], [ -82.742490519846456, 29.010676418688195 ], [ -82.74190051970271, 29.011420418880572 ], [ -82.741008519468565, 29.012074419059971 ], [ -82.740357519291223, 29.01236741914726 ], [ -82.739689519101631, 29.012458419187183 ], [ -82.738486518749411, 29.012316419186661 ], [ -82.737738518532169, 29.012277419197996 ], [ -82.737217518386601, 29.012411419244071 ], [ -82.736538518203588, 29.012774419348709 ], [ -82.73607851808427, 29.013150419450422 ], [ -82.735133517828501, 29.013626419589119 ], [ -82.73448251765366, 29.013992419693665 ], [ -82.734057517554106, 29.014640419858807 ], [ -82.733727517467628, 29.014887419926382 ], [ -82.73347051739573, 29.014950419948388 ], [ -82.732586517140859, 29.014958419974587 ], [ -82.731545516840256, 29.01495242000183 ], [ -82.730423516515216, 29.014918420024632 ], [ -82.729311516188076, 29.014742420013594 ], [ -82.728757516028352, 29.014748420030234 ], [ -82.728085515837279, 29.014828420067648 ], [ -82.727948515800975, 29.014919420092966 ], [ -82.72768151573031, 29.01509742014246 ], [ -82.727388515661829, 29.015548420257318 ], [ -82.727240515641853, 29.016187420412727 ], [ -82.727177515649259, 29.0169064205847 ], [ -82.727137515658612, 29.01749342072479 ], [ -82.726918515608872, 29.017870420820056 ], [ -82.726589515522377, 29.018108420885472 ], [ -82.725945515351427, 29.018527421002407 ], [ -82.725312515187596, 29.019056421145077 ], [ -82.724851515084765, 29.019904421358564 ], [ -82.723923514864396, 29.021235421699249 ], [ -82.723765514824166, 29.021386421739347 ], [ -82.723739514817524, 29.021412421746231 ], [ -82.723236514682924, 29.021708421830148 ], [ -82.72320251467373, 29.021724421834879 ], [ -82.723006514620678, 29.021823421863704 ], [ -82.722744514549703, 29.021954421901945 ], [ -82.722674514530794, 29.021990421912367 ], [ -82.722577514520154, 29.022477422030356 ], [ -82.722434514488441, 29.022746422097985 ], [ -82.722298514458444, 29.023006422163309 ], [ -82.722201514437046, 29.023190422209531 ], [ -82.721697514298413, 29.023381422268617 ], [ -82.721102514131076, 29.023506422314622 ], [ -82.720951514115669, 29.024295422505585 ], [ -82.720929514110267, 29.024322422512562 ], [ -82.720424513988135, 29.024985422683471 ], [ -82.720016513891579, 29.025580422835553 ], [ -82.719339513715681, 29.026127422983677 ], [ -82.718115513379345, 29.026602423129837 ], [ -82.717539513226669, 29.026983423235883 ], [ -82.717229513152773, 29.027420423347937 ], [ -82.716924513082191, 29.027909423472053 ], [ -82.71664451301038, 29.028162423539733 ], [ -82.716170512880609, 29.028359423599365 ], [ -82.716026512840102, 29.028389423610463 ], [ -82.715641512731864, 29.028470423640222 ], [ -82.715107512584083, 29.028648423697067 ], [ -82.714971512548004, 29.028737423721886 ], [ -82.714760512492049, 29.028875423760343 ], [ -82.714444512412001, 29.02918842384317 ], [ -82.714091512314837, 29.029321423884369 ], [ -82.713795512233361, 29.029432423918813 ], [ -82.713570512171273, 29.029512423943988 ], [ -82.713246512081895, 29.029629423980595 ], [ -82.712863511982746, 29.029949424066881 ], [ -82.71258651191674, 29.030340424167065 ], [ -82.71237351186474, 29.030605424235691 ], [ -82.712315511850591, 29.030678424254543 ], [ -82.71204251177754, 29.030839424300215 ], [ -82.711903511738768, 29.030877424313026 ], [ -82.711856511725642, 29.030889424317181 ], [ -82.71184151172146, 29.030894424318753 ], [ -82.711714511685486, 29.030914424327012 ], [ -82.711667511672246, 29.030922424330161 ], [ -82.711648511667207, 29.030935424333801 ], [ -82.711633511663294, 29.030946424336797 ], [ -82.711588511651044, 29.030967424342997 ], [ -82.711533511636077, 29.030993424350669 ], [ -82.711389511593936, 29.030976424350641 ], [ -82.711094511507611, 29.03094342435093 ], [ -82.710954511466724, 29.030929424351484 ], [ -82.710810511424654, 29.030916424352363 ], [ -82.710172511238952, 29.030872424359519 ], [ -82.709806511134445, 29.030904424377148 ], [ -82.70930951099804, 29.03110142443747 ], [ -82.708761510846884, 29.031299424499458 ], [ -82.70870251083069, 29.031321424506313 ], [ -82.70818151068562, 29.031472424556426 ], [ -82.707805510576279, 29.031448424561102 ], [ -82.707643510529223, 29.031439424563381 ], [ -82.707118510370847, 29.031249424532874 ], [ -82.706535510192296, 29.030961424480754 ], [ -82.706261510109968, 29.030870424466759 ], [ -82.705964510020749, 29.03077242445174 ], [ -82.705531509895764, 29.030771424463428 ], [ -82.705191509805474, 29.030991424524842 ], [ -82.705003509763884, 29.03134842461456 ], [ -82.704704509691766, 29.031746424717046 ], [ -82.704374509609977, 29.032124424815624 ], [ -82.703634509411188, 29.032540424934478 ], [ -82.702836509191073, 29.032826425024169 ], [ -82.702620509128764, 29.032828425030587 ], [ -82.702321509041894, 29.032812425035029 ], [ -82.701991508943053, 29.032712425020435 ], [ -82.701673508841324, 29.032433424963124 ], [ -82.701400508752357, 29.032148424903195 ], [ -82.701031508639488, 29.031969424870976 ], [ -82.700695508541727, 29.031947424875021 ], [ -82.700034508359209, 29.03217942494814 ], [ -82.699764508283678, 29.032246424971419 ], [ -82.699566508228273, 29.032296424988701 ], [ -82.699033508076013, 29.032342425014278 ], [ -82.698636507958298, 29.032255425004596 ], [ -82.698236507834636, 29.032024424960934 ], [ -82.697799507698832, 29.031754424909028 ], [ -82.697372507573434, 29.031694424906554 ], [ -82.697022507473747, 29.031731424924995 ], [ -82.696910507447299, 29.031896424967123 ], [ -82.696869507437583, 29.031956424982486 ], [ -82.696805507442789, 29.032620425141491 ], [ -82.696691507413902, 29.032733425171365 ], [ -82.696519507370354, 29.032905425216804 ], [ -82.696022507235099, 29.033135425284986 ], [ -82.69548950708338, 29.033194425313603 ], [ -82.695131506979692, 29.033185425321367 ], [ -82.694568506810455, 29.032996425292058 ], [ -82.694169506690272, 29.032856425269888 ], [ -82.693772506570667, 29.032717425247952 ], [ -82.693306506432151, 29.03260442523402 ], [ -82.693233506410465, 29.032586425231763 ], [ -82.692992506340943, 29.032588425238867 ], [ -82.692829506294004, 29.032591425244057 ], [ -82.692389506172319, 29.032741425291697 ], [ -82.69227350614031, 29.032782425304596 ], [ -82.692106506095655, 29.032883425333097 ], [ -82.691837506023873, 29.033048425379626 ], [ -82.69180450601506, 29.033067425384957 ], [ -82.691705505988679, 29.033128425402168 ], [ -82.691673505980106, 29.033148425407781 ], [ -82.691537505943813, 29.0332314254312 ], [ -82.691419505912108, 29.033297425450076 ], [ -82.69126550587076, 29.033384425474935 ], [ -82.690911505775745, 29.033586425532512 ], [ -82.690805505747363, 29.033647425549827 ], [ -82.690642505702826, 29.033719425571345 ], [ -82.690373505629481, 29.033840425607444 ], [ -82.690249505595702, 29.033896425624079 ], [ -82.689868505487908, 29.033958425649285 ], [ -82.689817505473528, 29.033967425652779 ], [ -82.689745505451612, 29.033935425647222 ], [ -82.689657505424776, 29.033895425640168 ], [ -82.689393505344356, 29.033777425619487 ], [ -82.689306505317816, 29.033738425612654 ], [ -82.688951505205679, 29.033467425558261 ], [ -82.688934505199839, 29.033439425552107 ], [ -82.688721505125812, 29.033089425475065 ], [ -82.688145504950015, 29.032821425427546 ], [ -82.687853504862332, 29.032726425413045 ], [ -82.687771504838111, 29.03271142541178 ], [ -82.687418504733884, 29.032646425406103 ], [ -82.687304504699739, 29.032612425401148 ], [ -82.687118504644133, 29.032558425393514 ], [ -82.686868504563662, 29.032325425345231 ], [ -82.686670504497215, 29.03206542528909 ], [ -82.686360504398522, 29.031807425236568 ], [ -82.686066504310347, 29.031714425222589 ], [ -82.6855785041639, 29.031559425199369 ], [ -82.685302504081136, 29.031472425186365 ], [ -82.684389503806074, 29.031149425134988 ], [ -82.684050503701116, 29.030950425097167 ], [ -82.683807503622177, 29.030704425045663 ], [ -82.683544503541455, 29.030569425020918 ], [ -82.683179503438353, 29.03063342504608 ], [ -82.682323503196287, 29.030775425103318 ], [ -82.681831503056301, 29.03083342513056 ], [ -82.6816495030032, 29.030817425131819 ], [ -82.681218502877513, 29.030782425135381 ], [ -82.680660502712215, 29.030664425122804 ], [ -82.680382502627452, 29.030537425100356 ], [ -82.680279502596335, 29.030499425094163 ], [ -82.680134502552576, 29.030445425085386 ], [ -82.680021502518443, 29.030403425078553 ], [ -82.679834502463081, 29.030365425074677 ], [ -82.679407502336758, 29.030280425066351 ], [ -82.678913502191079, 29.030194425059587 ], [ -82.678662502118343, 29.030186425064617 ], [ -82.678607502102452, 29.030185425065834 ], [ -82.678443502054932, 29.030180425069176 ], [ -82.678221501992411, 29.030224425085709 ], [ -82.678026501937509, 29.030264425100576 ], [ -82.677753501865368, 29.030451425152343 ], [ -82.677397501766961, 29.030574425191315 ], [ -82.677133501690435, 29.03056642519665 ], [ -82.677098501680319, 29.030565425197373 ], [ -82.677004501647858, 29.030415425164477 ], [ -82.676910501615382, 29.030265425131532 ], [ -82.676622501515936, 29.029808425031217 ], [ -82.676381501432687, 29.029425424947174 ], [ -82.676250501385368, 29.02915842488753 ], [ -82.676200501359929, 29.028850424815946 ], [ -82.676172501339252, 29.028496424732872 ], [ -82.676193501338162, 29.028295424684725 ], [ -82.676198501338121, 29.028253424674649 ], [ -82.676136501313664, 29.028070424633007 ], [ -82.675938501248254, 29.027839424583725 ], [ -82.6759075012381, 29.02780442457631 ], [ -82.675805501203982, 29.02767442454833 ], [ -82.675591501132516, 29.02740142448954 ], [ -82.675562501113944, 29.027115424422597 ], [ -82.675541501100412, 29.026905424373474 ], [ -82.67553850109833, 29.026871424365464 ], [ -82.675533501093682, 29.026782424344542 ], [ -82.675516501077951, 29.026477424272802 ], [ -82.675506501072746, 29.026413424257907 ], [ -82.675488501063242, 29.026292424229759 ], [ -82.675485501061644, 29.026271424224852 ], [ -82.675482501060088, 29.026252424220452 ], [ -82.675475501056283, 29.026201424208573 ], [ -82.675415501038046, 29.026176424204248 ], [ -82.675380501027504, 29.026163424202174 ], [ -82.675182500967423, 29.026081424188174 ], [ -82.675144500956307, 29.026078424188519 ], [ -82.674823500862743, 29.026053424191435 ], [ -82.674390500737729, 29.026052424203108 ], [ -82.674338500722669, 29.026052424204536 ], [ -82.674144500665022, 29.02600542419875 ], [ -82.673916500597201, 29.025949424191737 ], [ -82.673903500593326, 29.025946424191382 ], [ -82.673422500447927, 29.025762424161062 ], [ -82.673265500400007, 29.025690424148333 ], [ -82.673053500335342, 29.02559342413122 ], [ -82.672931500298134, 29.025537424121278 ], [ -82.672866500278289, 29.025507424115972 ], [ -82.672539500182793, 29.025477424117824 ], [ -82.672407500144246, 29.025465424118643 ], [ -82.672222500090228, 29.025448424119695 ], [ -82.67166949992901, 29.02540342412426 ], [ -82.671606499910595, 29.025398424124827 ], [ -82.671485499875445, 29.025390424126282 ], [ -82.671463499868992, 29.025388424126351 ], [ -82.671397499849803, 29.025384424127228 ], [ -82.671375499843407, 29.025383424127593 ], [ -82.671335499831741, 29.025380424128013 ], [ -82.671217499797407, 29.025372424129369 ], [ -82.671178499786066, 29.025370424129971 ], [ -82.671130499772062, 29.025366424130311 ], [ -82.671102499763919, 29.025364424130622 ], [ -82.670988499730711, 29.025357424132107 ], [ -82.670941499717046, 29.025354424132679 ], [ -82.670168499493187, 29.02533542414945 ], [ -82.669345499254021, 29.025292424161901 ], [ -82.669245499222541, 29.025218424147141 ], [ -82.669138499191277, 29.025208424147689 ], [ -82.669091499177526, 29.025203424147822 ], [ -82.668696499062207, 29.025166424149951 ], [ -82.668553499020419, 29.02515342415078 ], [ -82.667843498813681, 29.02510342415848 ], [ -82.66729049865306, 29.025077424167563 ], [ -82.666797498508345, 29.025011424165484 ], [ -82.666727498487717, 29.02499942416452 ], [ -82.66631049836495, 29.024932424160145 ], [ -82.66610949830249, 29.024807424136078 ], [ -82.666031498278187, 29.024758424126571 ], [ -82.665890498232173, 29.024609424095207 ], [ -82.665462498092452, 29.024155423999446 ], [ -82.665254498026599, 29.023993423966758 ], [ -82.665205498011133, 29.023955423959141 ], [ -82.664984497944602, 29.023879423947172 ], [ -82.664803497890105, 29.023816423937294 ], [ -82.664644497844066, 29.023812423940662 ], [ -82.664415497777753, 29.023807423945808 ], [ -82.663811497605039, 29.023854423973535 ], [ -82.663599497545206, 29.02389442398886 ], [ -82.663372497481234, 29.023938424005507 ], [ -82.663257497449123, 29.023968424015791 ], [ -82.662941497360762, 29.024049424043682 ], [ -82.662680497285947, 29.024065424054648 ], [ -82.662492497229891, 29.02401542404791 ], [ -82.662390497198103, 29.023949424035091 ], [ -82.662213497142957, 29.023835424012976 ], [ -82.661761497003042, 29.023571423962927 ], [ -82.661580496949512, 29.023535423959348 ], [ -82.661233496846819, 29.023466423952538 ], [ -82.660815496725888, 29.023458423962175 ], [ -82.660435496617708, 29.023502423983047 ], [ -82.660056496511018, 29.023579424011682 ], [ -82.65980849643951, 29.023582424019228 ], [ -82.659683496403474, 29.023584424023127 ], [ -82.659269496278299, 29.023425423996851 ], [ -82.658980496188875, 29.023258423965249 ], [ -82.658825496140935, 29.023168423948192 ], [ -82.658701496099013, 29.022996423910858 ], [ -82.658581496058446, 29.022830423874858 ], [ -82.658254495951795, 29.022486423802395 ], [ -82.657816495817301, 29.022261423761137 ], [ -82.657432495704128, 29.02219742375652 ], [ -82.657384495690764, 29.022211423761117 ], [ -82.657244495651966, 29.022256423775609 ], [ -82.65719749563894, 29.022271423780513 ], [ -82.65712649561921, 29.022293423787662 ], [ -82.657053495599001, 29.022317423795339 ], [ -82.656933495567273, 29.02240042381834 ], [ -82.65687249555117, 29.022443423830186 ], [ -82.656791495529816, 29.022499423845662 ], [ -82.656677495499721, 29.022578423867539 ], [ -82.656524495456807, 29.022614423880253 ], [ -82.656429495430245, 29.022638423888512 ], [ -82.656374495414781, 29.022651423893169 ], [ -82.656209495368586, 29.022691423907172 ], [ -82.656155495353531, 29.022705423911919 ], [ -82.656112495341489, 29.022716423915757 ], [ -82.655941495293149, 29.022746423927529 ], [ -82.655591495194329, 29.022808423951869 ], [ -82.655317495119348, 29.022925423987125 ], [ -82.655213495090948, 29.022970424000626 ], [ -82.655112495062568, 29.022993424008856 ], [ -82.654698494946317, 29.023085424042034 ], [ -82.654536494900881, 29.02312242405527 ], [ -82.65386849470876, 29.023144424078843 ], [ -82.653431494581326, 29.023108424082324 ], [ -82.653300494543089, 29.023098424083571 ], [ -82.653009494458075, 29.02307042408491 ], [ -82.652695494366341, 29.023040424086446 ], [ -82.652293494243096, 29.022839424049913 ], [ -82.652002494153905, 29.022694424023566 ], [ -82.651682494054299, 29.022491423984278 ], [ -82.651527494006018, 29.022392423965069 ], [ -82.650911493819322, 29.022144423923251 ], [ -82.650363493653572, 29.021934423888592 ], [ -82.65022549361116, 29.02186242387533 ], [ -82.650039493554075, 29.021767423857945 ], [ -82.649802493471242, 29.021363423768758 ], [ -82.649755493455061, 29.021290423752742 ], [ -82.649541493381562, 29.02096042368046 ], [ -82.649406493342468, 29.020957423683466 ], [ -82.649295493310362, 29.020956423686297 ], [ -82.649091493262333, 29.021261423764116 ], [ -82.648999493248155, 29.021609423849142 ], [ -82.648727493177233, 29.021823423907264 ], [ -82.648332493065908, 29.021900423936369 ], [ -82.648003492969892, 29.021871423938546 ], [ -82.647812492913388, 29.021834423935079 ], [ -82.647712492883812, 29.02181442393308 ], [ -82.647412492795098, 29.02175642392757 ], [ -82.647313492765846, 29.021737423925778 ], [ -82.647128492711886, 29.021721423927101 ], [ -82.646956492661687, 29.021707423928497 ], [ -82.646571492547778, 29.021630423920801 ], [ -82.646402492497415, 29.02158742391531 ], [ -82.646133492417377, 29.021519423906597 ], [ -82.645895492342305, 29.021342423871214 ], [ -82.64582649232058, 29.021291423860987 ], [ -82.64553049222323, 29.020957423790065 ], [ -82.645313492148262, 29.020612423714223 ], [ -82.644912492023508, 29.020361423665804 ], [ -82.644619491935416, 29.020263423650658 ], [ -82.644493491897578, 29.02022142364418 ], [ -82.644075491771872, 29.020081423622496 ], [ -82.643378491578744, 29.020310423695918 ], [ -82.643130491514256, 29.020510423750103 ], [ -82.64287849144732, 29.020674423795892 ], [ -82.642803491427472, 29.020724423809803 ], [ -82.642015491210586, 29.021024423902563 ], [ -82.641621491102711, 29.021191423952931 ], [ -82.640991490930574, 29.021466424035413 ], [ -82.640489490785839, 29.021472424050604 ], [ -82.640293490725043, 29.021355424028297 ], [ -82.639955490620281, 29.021153423989727 ], [ -82.639734490549458, 29.020957423949408 ], [ -82.639594490504578, 29.020832423923597 ], [ -82.639394490434285, 29.020480423845669 ], [ -82.639347490417748, 29.020396423827119 ], [ -82.63910049033089, 29.019960423730563 ], [ -82.639531490433285, 29.019340423571858 ], [ -82.639421490391697, 29.019064423509498 ], [ -82.639395490381816, 29.018997423494334 ], [ -82.639254490327801, 29.01862342340959 ], [ -82.63897849023499, 29.018254423329761 ], [ -82.638465490078389, 29.018017423287681 ], [ -82.638352490044554, 29.017983423282761 ], [ -82.637982489933677, 29.017871423266392 ], [ -82.637395489760507, 29.017768423258108 ], [ -82.637228489710353, 29.017713423249699 ], [ -82.636989489633876, 29.017504423206699 ], [ -82.636628489529272, 29.017494423214291 ], [ -82.636248489422755, 29.017585423246278 ], [ -82.636170489400513, 29.017592423250058 ], [ -82.635805489301092, 29.017760423299947 ], [ -82.635566489236012, 29.017871423332799 ], [ -82.635359489177816, 29.017915423348878 ], [ -82.635295489159731, 29.017927423353491 ], [ -82.635105489106323, 29.017967423368205 ], [ -82.635042489088619, 29.017981423373222 ], [ -82.634853489035407, 29.018021423387907 ], [ -82.634703488989885, 29.017958423377088 ], [ -82.634413488901885, 29.01783842335664 ], [ -82.634008488762376, 29.017205423217803 ], [ -82.63392448872591, 29.016862423138829 ], [ -82.633848488692891, 29.016550423067013 ], [ -82.633580488601581, 29.01615942298168 ], [ -82.633312488521952, 29.016097422974386 ], [ -82.633183488484534, 29.016092422976769 ], [ -82.632778488367123, 29.016080422985045 ], [ -82.632207488203491, 29.016115423009037 ], [ -82.631754488078371, 29.016275423059387 ], [ -82.631329487960514, 29.016412423103539 ], [ -82.630945487852102, 29.016482423130675 ], [ -82.630661487766986, 29.016396423118081 ], [ -82.630422487688932, 29.016141423064227 ], [ -82.630078487569676, 29.015582422941218 ], [ -82.630050487559956, 29.015536422931099 ], [ -82.62968548743271, 29.014921422795403 ], [ -82.629450487352074, 29.014562422716786 ], [ -82.62904648721522, 29.013995422593478 ], [ -82.628577487069606, 29.01370942253866 ], [ -82.628244486969251, 29.013591422519784 ], [ -82.627929486878571, 29.013600422530608 ], [ -82.627380486721606, 29.013644422556112 ], [ -82.626822486564862, 29.013768422600801 ], [ -82.625996486330124, 29.013876422649112 ], [ -82.625841486285566, 29.013882422654785 ], [ -82.625422486161099, 29.013783422642842 ], [ -82.625124486067904, 29.013584422603863 ], [ -82.624892485992504, 29.01334842255433 ], [ -82.624777485956741, 29.013276422540383 ], [ -82.624661485920683, 29.013204422526524 ], [ -82.624253485793332, 29.012936422474205 ], [ -82.623848485669413, 29.012741422439174 ], [ -82.623436485546094, 29.012620422421776 ], [ -82.622976485408387, 29.012483422401946 ], [ -82.622594485297569, 29.012469422409168 ], [ -82.622454485257549, 29.012480422415585 ], [ -82.622315485217825, 29.012492422422273 ], [ -82.622047485141223, 29.012514422434869 ], [ -82.621593485011672, 29.012558422457751 ], [ -82.621184484893547, 29.012560422469463 ], [ -82.62101748484379, 29.012516422463616 ], [ -82.620959484826443, 29.0125004224614 ], [ -82.620843484790385, 29.012428422447542 ], [ -82.620281484615759, 29.012082422380946 ], [ -82.61971948444112, 29.011735422314157 ], [ -82.619646484417657, 29.011667422300061 ], [ -82.619572484393856, 29.011599422285975 ], [ -82.61947048436096, 29.011503422266042 ], [ -82.619421484342809, 29.011390422240609 ], [ -82.619331484309583, 29.011186422194726 ], [ -82.619146484246116, 29.010904422132977 ], [ -82.618925484173161, 29.010647422078147 ], [ -82.618857484152358, 29.010615422072394 ], [ -82.618624484081209, 29.010506422052959 ], [ -82.618227483959032, 29.010295422013854 ], [ -82.617806483833959, 29.010198422002468 ], [ -82.617259483677358, 29.010236422026459 ], [ -82.616663483504453, 29.010214422037606 ], [ -82.616602483486759, 29.010212422038805 ], [ -82.616314483403102, 29.010199422043652 ], [ -82.616243483382377, 29.010193422044203 ], [ -82.616073483332769, 29.010179422045557 ], [ -82.615544483178468, 29.010136422049868 ], [ -82.615223483082801, 29.010052422038758 ], [ -82.614771482945855, 29.00987242200852 ], [ -82.614051482725571, 29.00952542194608 ], [ -82.613399482531236, 29.009356421923886 ], [ -82.612941482397176, 29.009307421924863 ], [ -82.612656482313795, 29.009276421925364 ], [ -82.610665481749919, 29.009592422054943 ], [ -82.608346481102217, 29.010214422265996 ], [ -82.608171481053333, 29.010261422282007 ], [ -82.607995481004224, 29.010309422298214 ], [ -82.607476480859276, 29.010448422345377 ], [ -82.605366480280892, 29.011323422610751 ], [ -82.60347947977229, 29.012349422905714 ], [ -82.602134479423114, 29.013456423205017 ], [ -82.60132947923141, 29.014605423499447 ], [ -82.60083047911796, 29.015468423717738 ], [ -82.600766479119301, 29.016026423851748 ], [ -82.600718479118683, 29.016399423941465 ], [ -82.600928479198259, 29.016929424061342 ], [ -82.601417479368521, 29.017747424241733 ], [ -82.601814479509798, 29.018494424407848 ], [ -82.601999479587278, 29.019170424562972 ], [ -82.602039479624082, 29.019880424730175 ], [ -82.601913479611881, 29.020561424895014 ], [ -82.601687479572874, 29.021299425076158 ], [ -82.600684479352267, 29.023242425564142 ], [ -82.600286479267652, 29.024096425777472 ], [ -82.599633479110608, 29.024984426005837 ], [ -82.598768478910898, 29.026393426363519 ], [ -82.598451478838996, 29.026945426503065 ], [ -82.597887478711144, 29.027931426752183 ], [ -82.597285478561645, 29.028617426931302 ], [ -82.596644478396598, 29.029183427083051 ], [ -82.596000478224354, 29.029570427192443 ], [ -82.595227478012021, 29.029879427286943 ], [ -82.594415477783855, 29.03005942735189 ], [ -82.593619477553403, 29.030044427370225 ], [ -82.592387477187984, 29.029777427340811 ], [ -82.590144476518887, 29.029183427261724 ], [ -82.588687476080381, 29.028689427184695 ], [ -82.588532476033791, 29.028637427176641 ], [ -82.586136475329127, 29.028287427159533 ], [ -82.583595474584413, 29.027988427158515 ], [ -82.581885474088324, 29.027930427191745 ], [ -82.580966473821704, 29.02789942720969 ], [ -82.577975472963473, 29.028065427331192 ], [ -82.577608472856511, 29.028038427334877 ], [ -82.576977472675338, 29.02807042735984 ], [ -82.576685472594221, 29.028162427389681 ], [ -82.576350472505069, 29.028376427449569 ], [ -82.576070472432093, 29.028598427509884 ], [ -82.575171472185616, 29.028971427623024 ], [ -82.574806472085498, 29.029122427668785 ], [ -82.574341471967557, 29.029582427790636 ], [ -82.574301471957412, 29.029622427801165 ], [ -82.574007471890681, 29.030134427930602 ], [ -82.573737471821232, 29.030374427994932 ], [ -82.573565471776945, 29.030527428035917 ], [ -82.573195471681458, 29.030847428121938 ], [ -82.573080471656922, 29.031091428182915 ], [ -82.573042471667549, 29.031699428328036 ], [ -82.573036471669496, 29.031802428352588 ], [ -82.572905471644063, 29.032151428438929 ], [ -82.57270747159528, 29.032388428500511 ], [ -82.572611471569644, 29.03244742851717 ], [ -82.572199471459669, 29.03270142858867 ], [ -82.571808471351758, 29.032844428633329 ], [ -82.571178471173141, 29.032940428673378 ], [ -82.570583471002664, 29.032980428699247 ], [ -82.569847470801534, 29.033304428796249 ], [ -82.569710470763738, 29.03335442881184 ], [ -82.569271470636522, 29.033343428821315 ], [ -82.569061470577637, 29.033394428839159 ], [ -82.568953470549943, 29.033493428865558 ], [ -82.56888347053723, 29.033704428917545 ], [ -82.56873047049973, 29.033891428966047 ], [ -82.568524470448892, 29.034136429029772 ], [ -82.56834247040014, 29.034244429060376 ], [ -82.568050470319577, 29.034351429093789 ], [ -82.567878470271765, 29.034403429110824 ], [ -82.567591470188958, 29.034406429119411 ], [ -82.567457470150288, 29.03440842912357 ], [ -82.566687469927274, 29.034393429141154 ], [ -82.566303469816233, 29.034390429151003 ], [ -82.5662104697915, 29.034450429167791 ], [ -82.566103469763135, 29.034522429187781 ], [ -82.565934469724667, 29.034814429261633 ], [ -82.565774469687753, 29.035075429327915 ], [ -82.565594469644438, 29.035320429390943 ], [ -82.565295469563665, 29.035477429436373 ], [ -82.565084469504512, 29.035528429454246 ], [ -82.564428469320717, 29.035689429510427 ], [ -82.564138469241627, 29.035822429549921 ], [ -82.563891469172404, 29.035882429570947 ], [ -82.563488469054107, 29.035830429569661 ], [ -82.563061468919699, 29.035520429507915 ], [ -82.562742468810683, 29.035047429404585 ], [ -82.562206468645144, 29.034747429348233 ], [ -82.562079468607962, 29.034734429348678 ], [ -82.561473468430748, 29.034675429351335 ], [ -82.560925468275542, 29.034763429387255 ], [ -82.559121467773764, 29.035310429566472 ], [ -82.558764467672475, 29.035363429588806 ], [ -82.558526467601737, 29.035309429582586 ], [ -82.558276467525317, 29.035191429561497 ], [ -82.558226467501143, 29.034917429497934 ], [ -82.558185467478367, 29.034610429426291 ], [ -82.558190467471164, 29.034368429368783 ], [ -82.55808446742941, 29.034054429297278 ], [ -82.557777467330766, 29.033775429239597 ], [ -82.557326467194329, 29.033603429211198 ], [ -82.556740467025236, 29.033610429229011 ], [ -82.556021466826692, 29.033869429310133 ], [ -82.555754466757293, 29.034087429369162 ], [ -82.555280466634159, 29.03447642947436 ], [ -82.555013466569505, 29.034827429564931 ], [ -82.554957466555933, 29.034900429583743 ], [ -82.554714466495312, 29.035170429654425 ], [ -82.554232466363743, 29.035386429718816 ], [ -82.552604465937407, 29.036626430057524 ], [ -82.552426465896673, 29.036927430133748 ], [ -82.55222046584673, 29.037196430203171 ], [ -82.551911465763936, 29.037377430254544 ], [ -82.551117465539093, 29.03750843030744 ], [ -82.550862465469265, 29.037616430340055 ], [ -82.550628465411293, 29.03788643041046 ], [ -82.550328465349978, 29.038600430587906 ], [ -82.550160465314477, 29.038966430679249 ], [ -82.549890465245781, 29.039228430748807 ], [ -82.546507464344202, 29.041364431348047 ], [ -82.54582046416111, 29.041798431469783 ], [ -82.545311464022845, 29.042047431542777 ], [ -82.544956463924777, 29.042172431582173 ], [ -82.544151463695343, 29.04226343162588 ], [ -82.543859463613657, 29.042339431651893 ], [ -82.543371463485187, 29.04269243174901 ], [ -82.543032463388542, 29.042729431767107 ], [ -82.54277646331353, 29.042699431766987 ], [ -82.542053463085068, 29.042151431657015 ], [ -82.541740462991257, 29.042057431643347 ], [ -82.541035462787505, 29.042058431662969 ], [ -82.539607462378243, 29.042153431724717 ], [ -82.538088461942905, 29.042255431790689 ], [ -82.536896461615044, 29.042722431934084 ], [ -82.536616461542835, 29.042968432000119 ], [ -82.536565461536455, 29.043203432057229 ], [ -82.536695461584415, 29.043494432122625 ], [ -82.53710946171978, 29.043936432215972 ], [ -82.53716646174297, 29.044124432259007 ], [ -82.53716946175075, 29.044318432304873 ], [ -82.53708946173397, 29.044497432349498 ], [ -82.536854461673386, 29.044702432404531 ], [ -82.536481461570048, 29.044828432444685 ], [ -82.535594461314872, 29.044860432476629 ], [ -82.53513446117816, 29.044755432464406 ], [ -82.534849461093927, 29.044702432459655 ], [ -82.534480460981371, 29.044537432430722 ], [ -82.53415346087354, 29.044161432350574 ], [ -82.53376646073508, 29.043414432184164 ], [ -82.533776460722692, 29.042985432082219 ], [ -82.533777460721538, 29.042945432072695 ], [ -82.533917460748427, 29.042564431978548 ], [ -82.534350460858462, 29.042138431865631 ], [ -82.534893461000209, 29.04171243174974 ], [ -82.535127461059091, 29.041467431685287 ], [ -82.53521746108072, 29.041344431653656 ], [ -82.535222461074682, 29.041134431603744 ], [ -82.535119461037809, 29.04093343155893 ], [ -82.534925460979508, 29.040871431549537 ], [ -82.532692460336563, 29.040939431627045 ], [ -82.53193446012186, 29.041062431677059 ], [ -82.53142745998737, 29.041399431770881 ], [ -82.531160459928145, 29.041903431897666 ], [ -82.531139459937307, 29.042332431999892 ], [ -82.531206459983338, 29.043081432175597 ], [ -82.531045459945531, 29.043325432237872 ], [ -82.530846459893525, 29.043481432280331 ], [ -82.530827459888215, 29.043486432282016 ], [ -82.530381459764499, 29.043632432328902 ], [ -82.529647459548968, 29.043536432326295 ], [ -82.529095459383925, 29.043382432305012 ], [ -82.528688459256699, 29.043112432252194 ], [ -82.528364459153735, 29.042850432198996 ], [ -82.528223459105789, 29.042649432155212 ], [ -82.52800245903947, 29.042579432144706 ], [ -82.527988459035299, 29.042576432144365 ], [ -82.527763458968778, 29.042534432140599 ], [ -82.527345458854157, 29.042708432193344 ], [ -82.527294458839947, 29.042723432198251 ], [ -82.52706145877525, 29.042797432222258 ], [ -82.526968458749423, 29.04282643223166 ], [ -82.526690458672164, 29.042914432260176 ], [ -82.526598458646646, 29.042944432269799 ], [ -82.525813458426128, 29.043123432333797 ], [ -82.525617458369439, 29.043121432338726 ], [ -82.525392458304367, 29.043120432344665 ], [ -82.525060458204507, 29.043010432327716 ], [ -82.524883458145638, 29.042794432281418 ], [ -82.524842458123175, 29.04249643221187 ], [ -82.524871458129212, 29.042429432195181 ], [ -82.524948458145417, 29.042260432153039 ], [ -82.525507458288658, 29.041745432015574 ], [ -82.525686458330838, 29.04147643194689 ], [ -82.525709458327128, 29.041185431877281 ], [ -82.52569545831156, 29.040862431801123 ], [ -82.525499458247509, 29.040654431757158 ], [ -82.525232458167309, 29.040568431744173 ], [ -82.525013458104965, 29.040595431756568 ], [ -82.524761458041169, 29.040849431823666 ], [ -82.524612458013664, 29.041287431931639 ], [ -82.524211457921808, 29.041962432102665 ], [ -82.524021457873303, 29.042142432150548 ], [ -82.523684457779197, 29.042235432181844 ], [ -82.523472457716267, 29.042189432176777 ], [ -82.523333457671583, 29.042062432150473 ], [ -82.523217457629059, 29.0418094320937 ], [ -82.523200457622821, 29.041772432085374 ], [ -82.52321145762285, 29.04168343206398 ], [ -82.523290457623787, 29.041068431916042 ], [ -82.523291457611094, 29.040703431829499 ], [ -82.523294457593906, 29.040196431709205 ], [ -82.523133457540524, 29.040004431668141 ], [ -82.523052457513728, 29.039908431647561 ], [ -82.522783457429753, 29.039733431613524 ], [ -82.522361457304768, 29.039649431605188 ], [ -82.521767457133279, 29.039653431622455 ], [ -82.520923456889463, 29.039658431646824 ], [ -82.520486456767983, 29.039793431690832 ], [ -82.519978456635471, 29.040196431800322 ], [ -82.519536456520285, 29.040548431895946 ], [ -82.5192034564365, 29.040899431988272 ], [ -82.51890545635942, 29.041153432056706 ], [ -82.518784456326188, 29.041202432071643 ], [ -82.517367455937048, 29.04177743224685 ], [ -82.517033455850438, 29.042056432322202 ], [ -82.516828455801914, 29.042358432399396 ], [ -82.516812455807766, 29.042651432469295 ], [ -82.516830455822941, 29.042932432535427 ], [ -82.516902455856183, 29.043281432616155 ], [ -82.517079455915507, 29.043511432665817 ], [ -82.517115455935226, 29.043772432726733 ], [ -82.517099455939899, 29.044034432789282 ], [ -82.516942455900576, 29.044204432833858 ], [ -82.516627455810664, 29.044236432850141 ], [ -82.516446455758384, 29.044237432855347 ], [ -82.516316455720016, 29.044214432853476 ], [ -82.516219455690361, 29.044169432845475 ], [ -82.516058455641186, 29.044095432832307 ], [ -82.515744455545132, 29.043946432805662 ], [ -82.515339455424467, 29.043845432792807 ], [ -82.513233454793848, 29.043229432704688 ], [ -82.513003454724924, 29.043162432695137 ], [ -82.512779454661256, 29.04319243270837 ], [ -82.51260145461066, 29.043215432718718 ], [ -82.512438454566734, 29.043306432744764 ], [ -82.51235145454234, 29.043327432752122 ], [ -82.511934454423539, 29.043375432774969 ], [ -82.511586454318063, 29.043239432752284 ], [ -82.511496454284114, 29.043016432701901 ], [ -82.511501454284996, 29.042999432697773 ], [ -82.511606454303362, 29.042663432615228 ], [ -82.511786454334867, 29.042086432473486 ], [ -82.51186045433758, 29.041560432346778 ], [ -82.511772454299503, 29.041205432265009 ], [ -82.511522454219573, 29.040990432220891 ], [ -82.511200454124051, 29.040921432213377 ], [ -82.510827454021864, 29.041079432261089 ], [ -82.510773454008174, 29.04113443227563 ], [ -82.510476453932895, 29.041431432354205 ], [ -82.51046245393006, 29.041464432362389 ], [ -82.510398453914661, 29.041551432384757 ], [ -82.510155453844973, 29.041567432395251 ], [ -82.509807453742255, 29.041508432390806 ], [ -82.509655453694748, 29.041407432371084 ], [ -82.50912445352192, 29.040864432256928 ], [ -82.508956453467306, 29.040693432220973 ], [ -82.508609453354339, 29.040338432146342 ], [ -82.50857545332353, 29.039747432007189 ], [ -82.508571453320158, 29.039684431992349 ], [ -82.508812453375015, 29.039269431887366 ], [ -82.508867453389172, 29.039220431874234 ], [ -82.509245453486443, 29.038884431784194 ], [ -82.509690453605131, 29.038604431705558 ], [ -82.509959453671286, 29.03827843162091 ], [ -82.510044453681189, 29.037865431520668 ], [ -82.509829453608759, 29.037577431458299 ], [ -82.509605453541326, 29.037501431446383 ], [ -82.509034453371939, 29.037379431433191 ], [ -82.508620453254323, 29.037436431458083 ], [ -82.508134453115531, 29.037484431482813 ], [ -82.507721453014724, 29.038006431617902 ], [ -82.507390452937614, 29.038528431750752 ], [ -82.507381452935547, 29.038543431754576 ], [ -82.507173452881219, 29.038707431799143 ], [ -82.506818452783378, 29.038840431840441 ], [ -82.505936452542628, 29.039239431959281 ], [ -82.505874452526143, 29.039280431970663 ], [ -82.504576452182235, 29.040160432215011 ], [ -82.503012451775632, 29.04143843256092 ], [ -82.502760451709335, 29.041624432611997 ], [ -82.502722451699384, 29.041652432619653 ], [ -82.502637451674161, 29.041634432617709 ], [ -82.502459451618293, 29.041510432593174 ], [ -82.502242451541832, 29.041124432507619 ], [ -82.502065451487525, 29.041035432491388 ], [ -82.501830451419835, 29.041043432499766 ], [ -82.50154445133758, 29.041055432510436 ], [ -82.501349451281257, 29.04105543251578 ], [ -82.500615451072036, 29.041139432555894 ], [ -82.500347451002412, 29.041360432615672 ], [ -82.500159450965469, 29.041848432736504 ], [ -82.499825450868599, 29.041840432743786 ], [ -82.499342450729316, 29.041848432758933 ], [ -82.498730450549303, 29.041763432755644 ], [ -82.498382450449654, 29.041789432771346 ], [ -82.498009450347624, 29.04195243282026 ], [ -82.497998450344895, 29.041964432823423 ], [ -82.497967450337157, 29.041998432832312 ], [ -82.497640450249065, 29.042180432884429 ], [ -82.497273450153088, 29.042464432961857 ], [ -82.49695345007359, 29.042829433057179 ], [ -82.496603449983397, 29.043139433140311 ], [ -82.496210449878646, 29.04338743320989 ], [ -82.495684449745582, 29.043922433351199 ], [ -82.495230449629901, 29.04435943346726 ], [ -82.494527449465181, 29.045441433743093 ], [ -82.494496449458808, 29.045515433761491 ], [ -82.494318449419325, 29.045851433846021 ], [ -82.494054449356128, 29.046219433940554 ], [ -82.493721449271334, 29.046542434026268 ], [ -82.49368444926148, 29.046566434032979 ], [ -82.493605449239737, 29.046596434042272 ], [ -82.493055449087791, 29.046795434104556 ], [ -82.492170448839559, 29.047009434179635 ], [ -82.491504448651483, 29.047133434227302 ], [ -82.491067448532391, 29.047337434287673 ], [ -82.491007448517081, 29.047396434303337 ], [ -82.490735448449328, 29.047701434383065 ], [ -82.490497448391707, 29.04801443446383 ], [ -82.490138448297444, 29.048282434537242 ], [ -82.489760448192357, 29.048400434575633 ], [ -82.48924744804232, 29.048352434578305 ], [ -82.488734447887524, 29.048170434549252 ], [ -82.488279447751324, 29.048039434530693 ], [ -82.487842447622697, 29.047974434527347 ], [ -82.487444447510057, 29.048042434554407 ], [ -82.487344447485995, 29.048178434589399 ], [ -82.487274447468067, 29.048243434606739 ], [ -82.487121447428706, 29.048380434643402 ], [ -82.48721944747453, 29.0488724347573 ], [ -82.487601447601406, 29.049334434856377 ], [ -82.488246447802979, 29.049757434938936 ], [ -82.488591447916491, 29.050145435021435 ], [ -82.488640447953998, 29.0508014351756 ], [ -82.488372447887883, 29.051120435258589 ], [ -82.488075447813927, 29.051454435345928 ], [ -82.487764447725795, 29.051505435366561 ], [ -82.48715744755394, 29.051607435407433 ], [ -82.486475447359254, 29.051676435442538 ], [ -82.485849447178907, 29.051695435464278 ], [ -82.485114446959898, 29.051511435440844 ], [ -82.484995446923577, 29.051458435431524 ], [ -82.484979446918743, 29.051451435430327 ], [ -82.484698446833008, 29.051325435408163 ], [ -82.484516446778443, 29.05127143540038 ], [ -82.484231446693045, 29.051187435388265 ], [ -82.484213446687676, 29.051181435387377 ], [ -82.483947446608013, 29.051104435376438 ], [ -82.483391446452501, 29.051251435426547 ], [ -82.483313446432092, 29.051311435442926 ], [ -82.482946446335973, 29.051592435519609 ], [ -82.482879446319004, 29.051660435537574 ], [ -82.482634446257023, 29.05190743560286 ], [ -82.482389446194929, 29.052153435667929 ], [ -82.482241446157474, 29.0523044357078 ], [ -82.482094446120399, 29.052455435747671 ], [ -82.48206244611228, 29.052488435756349 ], [ -82.481869446058042, 29.052531435771836 ], [ -82.481279445887495, 29.052533435788526 ], [ -82.480437445642437, 29.052487435800746 ], [ -82.479749445440504, 29.052403435799739 ], [ -82.479103445248597, 29.052258435783148 ], [ -82.478813445163468, 29.052222435782561 ], [ -82.478409445051255, 29.052351435824267 ], [ -82.478118444974541, 29.052560435881794 ], [ -82.477896444910712, 29.052570435890296 ], [ -82.477642444834416, 29.052489435878055 ], [ -82.477566444809739, 29.052414435862364 ], [ -82.477392444753377, 29.052243435826586 ], [ -82.477218444696945, 29.052072435790862 ], [ -82.476902444584454, 29.051478435658694 ], [ -82.476649444499756, 29.05115343558861 ], [ -82.476385444420302, 29.051065435575005 ], [ -82.476070444331683, 29.051135435600241 ], [ -82.475914444289501, 29.051217435623986 ], [ -82.475276444110619, 29.05137343567851 ], [ -82.474862443990801, 29.051371435689379 ], [ -82.474496443878238, 29.051181435654403 ], [ -82.474035443741514, 29.051084435644096 ], [ -82.473631443625749, 29.051114435662267 ], [ -82.473248443518628, 29.051215435696776 ], [ -82.472926443425237, 29.051208435703924 ], [ -82.472730443360845, 29.050990435657681 ], [ -82.472841443386386, 29.050806435610951 ], [ -82.47349544355788, 29.050311435475589 ], [ -82.473591443561233, 29.049626435310596 ], [ -82.473565443538888, 29.049209435212397 ], [ -82.473417443481665, 29.048804435120442 ], [ -82.473179443402003, 29.048499435054683 ], [ -82.472875443306378, 29.048282435011561 ], [ -82.472593443216155, 29.04803743496123 ], [ -82.472164443081979, 29.047752434905476 ], [ -82.471808442970115, 29.047501434855743 ], [ -82.471424442847209, 29.047167434787085 ], [ -82.470914442687544, 29.046825434720009 ], [ -82.470549442573585, 29.046587434673576 ], [ -82.470039442422149, 29.046477434661512 ], [ -82.469494442267504, 29.046559434695933 ], [ -82.468986442129733, 29.046816434770811 ], [ -82.468917442112101, 29.046881434788144 ], [ -82.468750442069492, 29.047040434830425 ], [ -82.468530442014696, 29.047288434895272 ], [ -82.468389441984797, 29.047593434971485 ], [ -82.468236441950211, 29.047865435040169 ], [ -82.468104441916353, 29.047986435072477 ], [ -82.467943441871171, 29.048024435085921 ], [ -82.467881441853734, 29.048039435091134 ], [ -82.467819441836355, 29.048053435096175 ], [ -82.467758441819242, 29.048068435101438 ], [ -82.467679441796221, 29.048064435102656 ], [ -82.467529441752646, 29.048057435105086 ], [ -82.467379441709014, 29.048050435107562 ], [ -82.467057441615353, 29.048034435112616 ], [ -82.466762441523684, 29.047854435078037 ], [ -82.466370441396407, 29.047464434996332 ], [ -82.466058441290599, 29.047026434901014 ], [ -82.465778441198367, 29.046709434833542 ], [ -82.465409441079942, 29.046380434765691 ], [ -82.464986440943676, 29.045986434683844 ], [ -82.46480344088296, 29.045767434636986 ], [ -82.46464444083189, 29.045625434607661 ], [ -82.464469440771012, 29.045335434543681 ], [ -82.464329440725592, 29.04519643451458 ], [ -82.464027440626666, 29.044870434445571 ], [ -82.463787440549794, 29.04466143440257 ], [ -82.463493440464276, 29.044646434407131 ], [ -82.463164440374086, 29.044784434448882 ], [ -82.46312344036356, 29.044822434459032 ], [ -82.462868440292979, 29.044910434486912 ], [ -82.462535440203752, 29.045109434543207 ], [ -82.461777440014473, 29.045950434763508 ], [ -82.46080043976032, 29.046747434979299 ], [ -82.460560439695442, 29.046874435016047 ], [ -82.459872439509482, 29.047238435121248 ], [ -82.459448439394777, 29.047461435185767 ], [ -82.458926439250646, 29.047652435245375 ], [ -82.458914439247309, 29.047656435246637 ], [ -82.458569439147496, 29.047655435255884 ], [ -82.458467439111701, 29.047478435216775 ], [ -82.458413439087749, 29.047243435162489 ], [ -82.458410439086379, 29.047229435159291 ], [ -82.458446439093379, 29.047134435135721 ], [ -82.458501439104097, 29.046987435099378 ], [ -82.458557439115012, 29.046840435062958 ], [ -82.45859043912148, 29.046753435041406 ], [ -82.458696439138066, 29.04635843494485 ], [ -82.458704439138813, 29.046313434933957 ], [ -82.458767439143642, 29.045938434843279 ], [ -82.458670439086987, 29.045133434655039 ], [ -82.45861643906666, 29.045000434624974 ], [ -82.458353438967592, 29.044353434478818 ], [ -82.458204438917008, 29.044143434433053 ], [ -82.457864438801636, 29.043663434328575 ], [ -82.457116438554536, 29.042797434143782 ], [ -82.457052438533765, 29.042733434130337 ], [ -82.456988438513022, 29.042670434117138 ], [ -82.456672438410465, 29.042356434051371 ], [ -82.456356438307935, 29.04204243398555 ], [ -82.456308438292396, 29.041995433975746 ], [ -82.456240438270953, 29.041945433965751 ], [ -82.456164438246972, 29.041888433954281 ], [ -82.45608843822292, 29.041831433942885 ], [ -82.455738438112547, 29.041572433891062 ], [ -82.455564438057621, 29.041443433865272 ], [ -82.455071437899846, 29.041015433777297 ], [ -82.454524437724231, 29.040524433675856 ], [ -82.454031437565234, 29.040062433579781 ], [ -82.453661437448062, 29.039775433521868 ], [ -82.453233437317593, 29.039586433488807 ], [ -82.452628437140604, 29.03952943349185 ], [ -82.452344437063545, 29.03967243353361 ], [ -82.452173437019425, 29.039821433573625 ], [ -82.45188943694609, 29.040069433640241 ], [ -82.451753436907907, 29.040101433651589 ], [ -82.451587436859242, 29.040082433651641 ], [ -82.451496436832528, 29.040071433651558 ], [ -82.451150436725428, 29.039873433614083 ], [ -82.450889436644715, 29.039725433586121 ], [ -82.450597436554361, 29.039559433554768 ], [ -82.450416436499125, 29.03947743354027 ], [ -82.449955436358309, 29.039267433503131 ], [ -82.449732436290205, 29.039165433485042 ], [ -82.449495436217859, 29.039057433465977 ], [ -82.449460436207147, 29.039041433463115 ], [ -82.449424436196139, 29.039025433460292 ], [ -82.449349436174117, 29.039015433459998 ], [ -82.449312436163311, 29.039011433460047 ], [ -82.449026436072231, 29.03877643341216 ], [ -82.448561435927715, 29.038494433358068 ], [ -82.448177435808418, 29.038262433313538 ], [ -82.447286435535489, 29.03783143323578 ], [ -82.446885435411417, 29.037603433192707 ], [ -82.446320435236657, 29.03728343313232 ], [ -82.446154435185264, 29.037189433114584 ], [ -82.446123435175707, 29.037171433111165 ], [ -82.44536143493994, 29.036738433029367 ], [ -82.445064434848703, 29.036587433001685 ], [ -82.444717434737754, 29.036290432940781 ], [ -82.444401434636887, 29.036023432886111 ], [ -82.444172434569509, 29.035990432884532 ], [ -82.443988434515418, 29.035965432883643 ], [ -82.443367434330241, 29.035808432863455 ], [ -82.443100434253026, 29.035807432870563 ], [ -82.443052434238567, 29.035792432868341 ], [ -82.442699434130333, 29.035618432836738 ], [ -82.442344434026325, 29.035580432837442 ], [ -82.441780433859975, 29.035489432831355 ], [ -82.44153743378277, 29.035294432791733 ], [ -82.441502433771262, 29.03525443278324 ], [ -82.441473433752535, 29.034964432715253 ], [ -82.441548433772311, 29.034909432700111 ], [ -82.441782433833836, 29.034737432652932 ], [ -82.442255433959374, 29.034420432564747 ], [ -82.442296433965552, 29.034260432525617 ], [ -82.442353433974205, 29.034041432472158 ], [ -82.441993433849106, 29.033449432341552 ], [ -82.441779433770591, 29.032981432236433 ], [ -82.441603433710057, 29.03271043217698 ], [ -82.441501433675072, 29.032554432142778 ], [ -82.441356433628414, 29.032422432115435 ], [ -82.441318433616146, 29.032387432108148 ], [ -82.441088433548259, 29.032348432105245 ], [ -82.440475433373479, 29.032418432138677 ], [ -82.440432433361224, 29.032423432141012 ], [ -82.440416433356987, 29.032434432144058 ], [ -82.440226433307132, 29.03257743218321 ], [ -82.439650433156089, 29.033015432302889 ], [ -82.43960343314329, 29.033037432309403 ], [ -82.439440433098866, 29.033113432331927 ], [ -82.439396433085975, 29.033109432332154 ], [ -82.43920243302918, 29.033090432333008 ], [ -82.43894143294807, 29.032930432302173 ], [ -82.438874432925843, 29.032850432285038 ], [ -82.43863243283937, 29.032386432181589 ], [ -82.43844243276844, 29.031935432079809 ], [ -82.438249432703827, 29.03168843202652 ], [ -82.437878432576227, 29.031116431901005 ], [ -82.437694432509488, 29.030736431815903 ], [ -82.437647432484766, 29.030423431742914 ], [ -82.437674432468839, 29.02975343158322 ], [ -82.437436432380522, 29.029205431459761 ], [ -82.437344432352262, 29.029158431451126 ], [ -82.437098432276699, 29.029034431428425 ], [ -82.43705243226259, 29.029011431424237 ], [ -82.436999432246324, 29.028984431419296 ], [ -82.436936432228961, 29.029008431426718 ], [ -82.436692432162801, 29.029133431463102 ], [ -82.436693432176796, 29.029519431554625 ], [ -82.436653432172392, 29.029721431603665 ], [ -82.436622432169102, 29.029880431642233 ], [ -82.436567432155456, 29.029945431659169 ], [ -82.43637543210049, 29.029960431667941 ], [ -82.436193432051454, 29.030061431696943 ], [ -82.435860431954112, 29.030032431699205 ], [ -82.43542143182043, 29.02984243166614 ], [ -82.435199431748629, 29.029628431621465 ], [ -82.435127431720062, 29.029411431571933 ], [ -82.435185431729849, 29.029214431523609 ], [ -82.435263431747899, 29.029086431491134 ], [ -82.435271431749825, 29.029076431488512 ], [ -82.43544943179559, 29.028914431445202 ], [ -82.435599431834589, 29.028792431412175 ], [ -82.435649431837973, 29.028479431336539 ], [ -82.435668431834259, 29.028221431274783 ], [ -82.435757431852551, 29.028011431222517 ], [ -82.435979431912571, 29.027893431188449 ], [ -82.436125431953883, 29.027867431178283 ], [ -82.436341432014245, 29.027808431158331 ], [ -82.436535432066378, 29.027696431126465 ], [ -82.436579432073515, 29.027538431087763 ], [ -82.436548432058274, 29.027361431046618 ], [ -82.436361431997014, 29.027159431003785 ], [ -82.436182431943365, 29.027107430996391 ], [ -82.435958431878859, 29.027114431004193 ], [ -82.435757431822609, 29.027168431022496 ], [ -82.435541431760186, 29.027168431028414 ], [ -82.435349431702562, 29.027110431019928 ], [ -82.435141431638627, 29.02700243100001 ], [ -82.43498543158907, 29.0268784309749 ], [ -82.434818431536797, 29.026765430952675 ], [ -82.434623431476751, 29.026663430933798 ], [ -82.434426431418217, 29.02661943092874 ], [ -82.434245431366961, 29.02665043094105 ], [ -82.433996431299889, 29.026789430980912 ], [ -82.43377843124361, 29.02697943103194 ], [ -82.433628431207751, 29.02719143108634 ], [ -82.433133431078758, 29.027590431194579 ], [ -82.43279743098914, 29.027803431254362 ], [ -82.432536430914766, 29.027835431269082 ], [ -82.432404430874669, 29.027779431259447 ], [ -82.432269430831781, 29.027671431237518 ], [ -82.432177430797495, 29.027456431188998 ], [ -82.43211543076562, 29.027062431097242 ], [ -82.432151430768741, 29.026857431047628 ], [ -82.432188430771987, 29.026647430996736 ], [ -82.432239430773407, 29.026272430906399 ], [ -82.432289430772101, 29.025828430799674 ], [ -82.432290430766557, 29.025664430760745 ], [ -82.432345430774618, 29.025442430706548 ], [ -82.432385430778766, 29.025233430655877 ], [ -82.432384430773581, 29.025094430622886 ], [ -82.432331430754274, 29.024984430598238 ], [ -82.43212843068801, 29.024770430553044 ], [ -82.432026430656151, 29.024703430539954 ], [ -82.43197543063873, 29.024629430523799 ], [ -82.431569430515168, 29.024456430493878 ], [ -82.431297430434824, 29.024408430489959 ], [ -82.430928430325849, 29.024344430484859 ], [ -82.430547430216166, 29.024358430498669 ], [ -82.430297430141749, 29.024299430491489 ], [ -82.430108430085525, 29.024254430485993 ], [ -82.429836429999568, 29.024050430445062 ], [ -82.42975442996611, 29.023775430382052 ], [ -82.430021430036604, 29.023585430329625 ], [ -82.430490430167893, 29.023462430287587 ], [ -82.430579430193603, 29.023463430285403 ], [ -82.430732430237029, 29.023439430275513 ], [ -82.430828430262878, 29.023384430259814 ], [ -82.430982430304255, 29.023296430234705 ], [ -82.431088430331968, 29.023213430212127 ], [ -82.431122430337112, 29.023080430179629 ], [ -82.431067430315949, 29.022933430146225 ], [ -82.430913430266344, 29.022790430116551 ], [ -82.43087343025438, 29.02277743011453 ], [ -82.430547430157404, 29.022702430105696 ], [ -82.43012343004014, 29.022854430153409 ], [ -82.429710429925791, 29.022997430198629 ], [ -82.429396429834725, 29.022990430205585 ], [ -82.429145429753518, 29.022747430154791 ], [ -82.429149429738843, 29.022301430048845 ], [ -82.429288429767709, 29.021982429969356 ], [ -82.42940442979517, 29.021810429925331 ], [ -82.429506429820066, 29.021680429891724 ], [ -82.4295904298382, 29.021506429848138 ], [ -82.429604429836289, 29.021339429808155 ], [ -82.429538429812055, 29.02119442977552 ], [ -82.429379429762847, 29.021103429758266 ], [ -82.429110429684641, 29.021092429763069 ], [ -82.428938429637029, 29.021150429781528 ], [ -82.428899429626142, 29.02116242978547 ], [ -82.428652429556735, 29.021219429805708 ], [ -82.428373429478796, 29.021298429832139 ], [ -82.427590429254025, 29.02134442986452 ], [ -82.42700042908497, 29.021390429891611 ], [ -82.426972429076926, 29.021391429892617 ], [ -82.426889429053219, 29.021398429896514 ], [ -82.426862429045457, 29.021401429897963 ], [ -82.426109428828525, 29.021424429924071 ], [ -82.425822428750365, 29.021561429964457 ], [ -82.42501442852155, 29.021699430019378 ], [ -82.42461442839722, 29.021454429972191 ], [ -82.424709428411049, 29.021069429878228 ], [ -82.424808428435384, 29.020949429847018 ], [ -82.424982428479339, 29.020769429799515 ], [ -82.425188428532635, 29.020592429751893 ], [ -82.425417428591345, 29.020380429695308 ], [ -82.425578428630118, 29.020161429638907 ], [ -82.425659428648075, 29.020006429599899 ], [ -82.425734428662935, 29.019814429552323 ], [ -82.425758428662633, 29.019610429503249 ], [ -82.425742428650622, 29.019401429454053 ], [ -82.425630428612124, 29.019228429416103 ], [ -82.425453428555087, 29.019064429382048 ], [ -82.425239428488155, 29.018923429354405 ], [ -82.425006428417362, 29.0188264293378 ], [ -82.424672428317308, 29.018729429323944 ], [ -82.424297428205989, 29.018649429315218 ], [ -82.423887428086402, 29.018620429319583 ], [ -82.423484427970479, 29.018638429334906 ], [ -82.423292427915825, 29.018662429345866 ], [ -82.423252427904131, 29.018659429346261 ], [ -82.422153427587062, 29.018681429381587 ], [ -82.42127342733221, 29.018672429403523 ], [ -82.420473427096354, 29.018545429395289 ], [ -82.420060426969954, 29.018350429360371 ], [ -82.419697426854157, 29.018045429297906 ], [ -82.419556426801066, 29.017697429219204 ], [ -82.41959042679855, 29.017350429135888 ], [ -82.419677426813507, 29.017062429065199 ], [ -82.419750426826241, 29.016826429007168 ], [ -82.419790426829621, 29.016595428951256 ], [ -82.419844426831887, 29.016217428860056 ], [ -82.419906426840299, 29.015950428794969 ], [ -82.419994426859091, 29.015762428747969 ], [ -82.420046426868666, 29.015607428709774 ], [ -82.420066426871941, 29.015536428692357 ], [ -82.420106426871129, 29.015188428608642 ], [ -82.420172426886637, 29.015087428582902 ], [ -82.420247426905007, 29.014992428558301 ], [ -82.420319426920699, 29.014847428521879 ], [ -82.42033342691667, 29.014621428467869 ], [ -82.420276426896692, 29.014521428445718 ], [ -82.420196426870405, 29.014433428427026 ], [ -82.420047426825136, 29.014371428416371 ], [ -82.419950426796731, 29.014362428416923 ], [ -82.419764426742105, 29.01433842841633 ], [ -82.419561426682122, 29.014302428413313 ], [ -82.419335426614268, 29.014232428402899 ], [ -82.419267426593649, 29.014205428398377 ], [ -82.419089426533205, 29.013952428343142 ], [ -82.419055426519961, 29.013856428321311 ], [ -82.419022426504981, 29.013703428285886 ], [ -82.418992426490647, 29.013543428248742 ], [ -82.41890642645825, 29.013331428200804 ], [ -82.418824426431684, 29.013251428184027 ], [ -82.418691426390353, 29.013171428168722 ], [ -82.418666426381904, 29.01313642816109 ], [ -82.418229426252665, 29.013055428153862 ], [ -82.417641426084046, 29.013096428179622 ], [ -82.416916425878298, 29.013207428225847 ], [ -82.416368425724556, 29.013342428272921 ], [ -82.416018425631776, 29.013579428338765 ], [ -82.415560425509213, 29.013860428417992 ], [ -82.415099425377889, 29.013916428443938 ], [ -82.415081425372804, 29.013920428445363 ], [ -82.414366425172872, 29.014114428511004 ], [ -82.413769425006237, 29.014284428567692 ], [ -82.413351424893762, 29.01452242863564 ], [ -82.412962424791786, 29.014819428716798 ], [ -82.412375424627456, 29.014972428769184 ], [ -82.411661424427891, 29.015169428835506 ], [ -82.411163424289555, 29.015330428887363 ], [ -82.410963424234581, 29.015411428912035 ], [ -82.410610424134248, 29.01546042893332 ], [ -82.41037742405976, 29.015261428892522 ], [ -82.410054423963587, 29.015183428882825 ], [ -82.409680423856173, 29.015205428898295 ], [ -82.409423423790045, 29.015436428960122 ], [ -82.409377423794595, 29.015940429081052 ], [ -82.4094144238192, 29.01633342917329 ], [ -82.40912842374992, 29.016711429270853 ], [ -82.408383423545743, 29.017030429366969 ], [ -82.407903423404449, 29.016962429363979 ], [ -82.40761942331595, 29.01678242932903 ], [ -82.407044423142025, 29.01656842929404 ], [ -82.406159422885111, 29.016541429311818 ], [ -82.405680422748063, 29.016583429334897 ], [ -82.405480422691312, 29.016615429348015 ], [ -82.405026422562671, 29.016690429378233 ], [ -82.404541422432601, 29.016979429460111 ], [ -82.404295422370936, 29.017247429530482 ], [ -82.404115422338052, 29.017788429663813 ], [ -82.403707422241951, 29.018406429821646 ], [ -82.403276422133672, 29.018868429943137 ], [ -82.40288342202723, 29.019073430002557 ], [ -82.402665421964883, 29.019092430013039 ], [ -82.402502421918271, 29.019108430021269 ], [ -82.402075421793668, 29.019077430025614 ], [ -82.401640421665135, 29.019001430019536 ], [ -82.401467421610221, 29.018864429991744 ], [ -82.401418421587081, 29.018611429932999 ], [ -82.401683421643398, 29.018037429789512 ], [ -82.402088421737048, 29.017374429621043 ], [ -82.402260421773889, 29.017009429529693 ], [ -82.402301421771128, 29.016598429431035 ], [ -82.402169421715683, 29.016109429318572 ], [ -82.401803421597592, 29.015766429247179 ], [ -82.401473421497371, 29.015631429224189 ], [ -82.401223421423552, 29.015588429220827 ], [ -82.40104742137639, 29.015694429250825 ], [ -82.400880421338925, 29.016001429328206 ], [ -82.400690421292239, 29.016234429388771 ], [ -82.400306421190905, 29.016509429464563 ], [ -82.399823421057903, 29.016699429522856 ], [ -82.399338420921509, 29.016808429562015 ], [ -82.398717420744859, 29.016893429599218 ], [ -82.398564420701334, 29.016914429608399 ], [ -82.397679420448966, 29.017016429656881 ], [ -82.397387420363557, 29.016989429658427 ], [ -82.397344420350962, 29.016985429658654 ], [ -82.39721542030432, 29.016721429599507 ], [ -82.397354420335787, 29.016475429537365 ], [ -82.397411420350764, 29.016433429525836 ], [ -82.397600420402824, 29.016358429502819 ], [ -82.397838420468219, 29.016261429473275 ], [ -82.397996420511717, 29.016200429454461 ], [ -82.398135420548044, 29.016090429424548 ], [ -82.398249420577002, 29.015977429394585 ], [ -82.398318420592204, 29.015841429360425 ], [ -82.398332420590506, 29.015680429321836 ], [ -82.398307420578178, 29.015536429288353 ], [ -82.398142420523655, 29.015344429247268 ], [ -82.397933420458216, 29.01520542922 ], [ -82.397615420360978, 29.015056429193383 ], [ -82.397276420259914, 29.014972429182706 ], [ -82.396963420168191, 29.014938429183196 ], [ -82.396586420056863, 29.014873429178063 ], [ -82.396220419950055, 29.014848429182166 ], [ -82.395971419875906, 29.014788429174779 ], [ -82.395431419716601, 29.014701429168912 ], [ -82.395045419599583, 29.014549429143361 ], [ -82.394931419559541, 29.014349429099024 ], [ -82.39490041953826, 29.014002429017513 ], [ -82.394938419543223, 29.013833428976326 ], [ -82.394987419549949, 29.013621428924687 ], [ -82.39514841958885, 29.013405428868975 ], [ -82.395447419667676, 29.01318942880955 ], [ -82.395787419761987, 29.013075428773181 ], [ -82.396206419879803, 29.012979428738898 ], [ -82.396580419987004, 29.012952428722254 ], [ -82.396882420072828, 29.012908428703529 ], [ -82.397136420142743, 29.012807428672634 ], [ -82.397370420201526, 29.01255742860689 ], [ -82.397517420226222, 29.012053428483171 ], [ -82.397586420236934, 29.011792428419355 ], [ -82.397586420232599, 29.011670428390374 ], [ -82.397580420224713, 29.011496428349229 ], [ -82.397476420190756, 29.011387428326231 ], [ -82.397283420131586, 29.011292428308924 ], [ -82.397073420070996, 29.011297428315899 ], [ -82.396840420003372, 29.011290428320592 ], [ -82.396547419916743, 29.011237428316043 ], [ -82.396411419874866, 29.011166428302928 ], [ -82.39615341979318, 29.010968428262974 ], [ -82.395967419734049, 29.010817428232187 ], [ -82.395784419677213, 29.010707428211091 ], [ -82.395573419612376, 29.010599428191274 ], [ -82.395315419533588, 29.010482428170508 ], [ -82.395110419469063, 29.01033542814125 ], [ -82.394891419399229, 29.010152428103797 ], [ -82.394786419363783, 29.010008428072478 ], [ -82.394592419298235, 29.009743428014907 ], [ -82.394496419260435, 29.009459427950095 ], [ -82.394431419233925, 29.009242427900347 ], [ -82.394256419174013, 29.008980427842964 ], [ -82.394124419131117, 29.008847427815009 ], [ -82.393912419060356, 29.008580427757416 ], [ -82.393796419022195, 29.008450427729702 ], [ -82.393757419009489, 29.008410427721262 ], [ -82.393691418986293, 29.008294427695535 ], [ -82.393637418966577, 29.008178427669467 ], [ -82.393616418958899, 29.008133427659352 ], [ -82.393506418922755, 29.008011427633452 ], [ -82.393332418870102, 29.007946427622777 ], [ -82.393034418784097, 29.007951427632108 ], [ -82.392811418722246, 29.008026427656006 ], [ -82.392553418651048, 29.008123427686119 ], [ -82.392290418579464, 29.008250427723439 ], [ -82.391958418487917, 29.008377427762706 ], [ -82.391785418443106, 29.008526427802774 ], [ -82.391577418389929, 29.008723427855241 ], [ -82.391524418379035, 29.008847427886163 ], [ -82.391391418353891, 29.009224427979255 ], [ -82.391212418315092, 29.009590428071093 ], [ -82.390999418262709, 29.009852428139087 ], [ -82.390638418160663, 29.009919428164885 ], [ -82.390460418106414, 29.009840428151037 ], [ -82.390319418057857, 29.009622428103114 ], [ -82.390315418044466, 29.009276428021114 ], [ -82.390448418071429, 29.008951427940275 ], [ -82.390648418119611, 29.008678427869999 ], [ -82.39077041814744, 29.008468427816819 ], [ -82.39078441814668, 29.008331427783911 ], [ -82.390773418137584, 29.008165427744771 ], [ -82.390658418099534, 29.008030427715866 ], [ -82.390435418031942, 29.00794342770136 ], [ -82.390246417976684, 29.00792642770249 ], [ -82.390027417914268, 29.007953427714874 ], [ -82.389859417867569, 29.008006427732042 ], [ -82.389586417790667, 29.0080644277533 ], [ -82.389386417737114, 29.008186427787713 ], [ -82.389171417678938, 29.008300427820657 ], [ -82.388741417560851, 29.008478427874692 ], [ -82.388253417431159, 29.008801427964769 ], [ -82.387706417283056, 29.00908842804785 ], [ -82.387284417165858, 29.009226428092209 ], [ -82.386874417048674, 29.009267428113098 ], [ -82.386470416923075, 29.009020428065533 ], [ -82.386131416810073, 29.008598427974654 ], [ -82.385861416713709, 29.008083427859773 ], [ -82.385537416614085, 29.00791642782896 ], [ -82.385161416497695, 29.007701427788227 ], [ -82.384146416192095, 29.007363427735758 ], [ -82.383601416025854, 29.007121427693189 ], [ -82.383515415999639, 29.007083427686524 ], [ -82.383075415865207, 29.006881427650587 ], [ -82.382533415698674, 29.006607427600358 ], [ -82.38184041548628, 29.006270427539306 ], [ -82.381174415287219, 29.006090427514803 ], [ -82.380310415030294, 29.005893427491724 ], [ -82.379289414720617, 29.005490427423947 ], [ -82.378650414526277, 29.005222427377802 ], [ -82.378423414455511, 29.00507842734979 ], [ -82.378078414345822, 29.004798427292769 ], [ -82.377956414303668, 29.00460542725024 ], [ -82.377951414290607, 29.004277427172532 ], [ -82.37799741429545, 29.004038427114491 ], [ -82.378329414380929, 29.003739427034429 ], [ -82.378565414439777, 29.003473426964792 ], [ -82.378699414468755, 29.0031974268956 ], [ -82.378765414480242, 29.002982426842728 ], [ -82.378789414478362, 29.002733426782928 ], [ -82.378713414448413, 29.002507426731373 ], [ -82.378578414402739, 29.002320426690677 ], [ -82.378433414353822, 29.002124426648081 ], [ -82.378289414306025, 29.001950426610691 ], [ -82.378129414252484, 29.001745426566394 ], [ -82.377999414207778, 29.001545426522426 ], [ -82.37792441417713, 29.001292426464431 ], [ -82.377911414170811, 29.001220426447709 ], [ -82.377863414151648, 29.001070426413389 ], [ -82.37771341410064, 29.000856426366678 ], [ -82.377549414048289, 29.000717426338166 ], [ -82.377350413988125, 29.000644426326236 ], [ -82.377206413946496, 29.000644426330194 ], [ -82.376983413883991, 29.000701426349831 ], [ -82.376735413816775, 29.000829426387018 ], [ -82.376507413754851, 29.000943426420342 ], [ -82.376230413681483, 29.001135426473489 ], [ -82.376071413640915, 29.001289426514415 ], [ -82.375833413578576, 29.001472426564348 ], [ -82.375625413523252, 29.001608426602353 ], [ -82.37544441347535, 29.001734426637253 ], [ -82.375003413356168, 29.001973426706034 ], [ -82.374653413260546, 29.002133426753648 ], [ -82.374340413174863, 29.002269426794502 ], [ -82.374059413097001, 29.002367426825437 ], [ -82.373763413012242, 29.002391426839221 ], [ -82.373449412920735, 29.002373426843512 ], [ -82.372949412770993, 29.002229426823032 ], [ -82.371967412479762, 29.002028426802163 ], [ -82.371448412325563, 29.001914426789295 ], [ -82.37129741228074, 29.001882426785784 ], [ -82.370472412037685, 29.001758426778935 ], [ -82.370138411941468, 29.001770426790888 ], [ -82.369616411791498, 29.001800426812306 ], [ -82.369555411773177, 29.001780426809237 ], [ -82.369475411744958, 29.001638426777721 ], [ -82.369440411728704, 29.001464426737328 ], [ -82.369434411721244, 29.001302426699041 ], [ -82.369319411683051, 29.001163426669116 ], [ -82.369180411639576, 29.001072426651326 ], [ -82.369104411617016, 29.001055426649415 ], [ -82.36900141158641, 29.001033426647012 ], [ -82.368802411529671, 29.001055426657658 ], [ -82.368609411477223, 29.001152426685955 ], [ -82.368460411437383, 29.001244426711892 ], [ -82.368347411408692, 29.001358426742048 ], [ -82.368193411369887, 29.001519426784466 ], [ -82.36806541134105, 29.001751426843128 ], [ -82.36796641131906, 29.00194042689068 ], [ -82.367687411238421, 29.001942426898793 ], [ -82.367610411214017, 29.001881426886388 ], [ -82.367542411183024, 29.001561426812277 ], [ -82.367408411145348, 29.001592426823276 ], [ -82.36731241111832, 29.001614426831122 ], [ -82.367159411080749, 29.001802426879983 ], [ -82.366944411030957, 29.002154426969422 ], [ -82.36670841097191, 29.002414427037664 ], [ -82.366414410894166, 29.002621427094855 ], [ -82.366262410851803, 29.002666427109688 ], [ -82.365949410762127, 29.002692427124408 ], [ -82.365439410610605, 29.002580427111752 ], [ -82.364842410431507, 29.00240042708533 ], [ -82.364535410336941, 29.002238427055275 ], [ -82.364074410194775, 29.001989427008759 ], [ -82.363921410148109, 29.00192242699703 ], [ -82.363936410148668, 29.001816426971434 ], [ -82.364025410171649, 29.001737426950257 ], [ -82.36419341021687, 29.00164142692288 ], [ -82.364287410241261, 29.00156242690154 ], [ -82.364371410261114, 29.001435426869104 ], [ -82.364410410266359, 29.001265426827633 ], [ -82.364365410246734, 29.001078426784463 ], [ -82.364270410212384, 29.000886426741442 ], [ -82.364164410173771, 29.00066042669069 ], [ -82.364039410128953, 29.000416426636139 ], [ -82.363924410088174, 29.000203426588733 ], [ -82.363771410036904, 29.000006426546097 ], [ -82.363599409977326, 28.999729426485029 ], [ -82.363385409902804, 28.999372426406101 ], [ -82.363172409831222, 28.999090426344925 ], [ -82.36279440971677, 28.998946426321073 ], [ -82.362766409708186, 28.998934426318964 ], [ -82.362221409542798, 28.998716426282126 ], [ -82.36217540952839, 28.998685426275998 ], [ -82.362025409481177, 28.998576426254246 ], [ -82.361909409442802, 28.998442426225587 ], [ -82.361834409416815, 28.998320426198628 ], [ -82.361794409399693, 28.998163426162449 ], [ -82.361788409396226, 28.99811442615097 ], [ -82.36177440938755, 28.997984426120471 ], [ -82.361808409391415, 28.997814426079188 ], [ -82.361882409407571, 28.997666426042002 ], [ -82.362028409442203, 28.997450425986749 ], [ -82.362086409457703, 28.997415425976811 ], [ -82.362369409533713, 28.997248425929424 ], [ -82.362768409643238, 28.997080425878597 ], [ -82.362833409662514, 28.997095425880399 ], [ -82.362952409697456, 28.997108425880196 ], [ -82.363066409730564, 28.9971124258781 ], [ -82.363141409751023, 28.997077425867694 ], [ -82.363250409778701, 28.996968425838816 ], [ -82.363279409780105, 28.99677142579122 ], [ -82.363263409769516, 28.996601425751312 ], [ -82.363183409741694, 28.996470425722372 ], [ -82.363049409701091, 28.996418425713721 ], [ -82.362880409649321, 28.996336425698814 ], [ -82.36265640958193, 28.996263425687623 ], [ -82.362644409578095, 28.996253425685563 ], [ -82.362410409503582, 28.996061425646381 ], [ -82.362252409453703, 28.99594342562267 ], [ -82.362194409435389, 28.995900425614053 ], [ -82.362147409419421, 28.995833425599425 ], [ -82.362120409408902, 28.995756425581845 ], [ -82.362077409393635, 28.995676425564035 ], [ -82.362096409390531, 28.995432425505552 ], [ -82.362135409394767, 28.995235425457675 ], [ -82.362184409401294, 28.995017425404576 ], [ -82.362213409401036, 28.994773425345841 ], [ -82.362183409383249, 28.994515425285368 ], [ -82.362122409359131, 28.994332425243577 ], [ -82.361978409310666, 28.994141425202162 ], [ -82.361878409276798, 28.994001425171625 ], [ -82.361718409223613, 28.993806425129723 ], [ -82.361578409177753, 28.993654425097418 ], [ -82.361394409119569, 28.993514425069204 ], [ -82.361225409068666, 28.993458425060485 ], [ -82.36095740898854, 28.993385425050477 ], [ -82.360678408907091, 28.99336442505313 ], [ -82.360429408834108, 28.993337425053518 ], [ -82.360152408754587, 28.993356425065617 ], [ -82.359914408685782, 28.99335742507235 ], [ -82.359670408614917, 28.993349425077078 ], [ -82.359328408516134, 28.993354425087656 ], [ -82.359129408458386, 28.993350425092107 ], [ -82.35889940839219, 28.993359425100564 ], [ -82.358714408338216, 28.993346425102509 ], [ -82.357858408087367, 28.993258425104997 ], [ -82.357832408079759, 28.993255425105012 ], [ -82.357612408012386, 28.993149425085814 ], [ -82.357502407975446, 28.993004425054416 ], [ -82.35736140792568, 28.992752424998407 ], [ -82.357310407907832, 28.992664424978901 ], [ -82.357035407815687, 28.992308424901832 ], [ -82.356724407714793, 28.992000424837169 ], [ -82.356339407593083, 28.991708424778334 ], [ -82.355962407478259, 28.991546424750148 ], [ -82.355273407272009, 28.991350424722466 ], [ -82.354784407128918, 28.991305424725137 ], [ -82.35446540703559, 28.99127642472693 ], [ -82.353592406782909, 28.991274424750308 ], [ -82.352759406541821, 28.991272424772589 ], [ -82.352663406514054, 28.991272424775236 ], [ -82.352397406436197, 28.991247424776574 ], [ -82.351962406297787, 28.990892424704089 ], [ -82.351682406208653, 28.99066342465736 ], [ -82.350798405926739, 28.989924424505944 ], [ -82.350720405901853, 28.989859424492622 ], [ -82.350642405876997, 28.989793424479078 ], [ -82.350288405764061, 28.989497424418445 ], [ -82.349866405627978, 28.989100424335696 ], [ -82.349797405602558, 28.988947424301223 ], [ -82.349717405574154, 28.988797424267769 ], [ -82.349683405562871, 28.988758424259409 ], [ -82.349615405540348, 28.988677424242042 ], [ -82.349569405525386, 28.988630424232134 ], [ -82.349520405509224, 28.988574424220158 ], [ -82.349481405496874, 28.988544424214112 ], [ -82.349296405438196, 28.988398424184464 ], [ -82.349176405401167, 28.988332424172103 ], [ -82.3490654053669, 28.988271424160615 ], [ -82.348797405284699, 28.98814042413683 ], [ -82.348585405218572, 28.988004424110301 ], [ -82.348497405191722, 28.987965424103415 ], [ -82.348342405144393, 28.98789542409104 ], [ -82.348093405070443, 28.987841424085037 ], [ -82.347837404996554, 28.987847424093445 ], [ -82.347582404924751, 28.987903424113693 ], [ -82.347472404893665, 28.987924424121676 ], [ -82.347387404868797, 28.987917424122358 ], [ -82.347256404830532, 28.987905424123127 ], [ -82.34681340469821, 28.987789424107593 ], [ -82.346705404665926, 28.987760424103687 ], [ -82.346592404631025, 28.987697424091785 ], [ -82.345812404384503, 28.987109423973408 ], [ -82.345588404318192, 28.987065423969071 ], [ -82.345310404237281, 28.987053423973848 ], [ -82.345274404226629, 28.987045423972898 ], [ -82.345151404191355, 28.987055423978664 ], [ -82.34505740416445, 28.987063423983109 ], [ -82.344964404137826, 28.987071423987583 ], [ -82.344297403946783, 28.987127424019075 ], [ -82.34290440354799, 28.987249424086095 ], [ -82.342886403543019, 28.987256424088283 ], [ -82.342661403482637, 28.987390424126268 ], [ -82.342435403421987, 28.987524424164278 ], [ -82.342170403350906, 28.987681424208827 ], [ -82.341890403275812, 28.987850424256592 ], [ -82.341575403185828, 28.987883424273072 ], [ -82.341367403122035, 28.987781424254475 ], [ -82.341261403087387, 28.987669424230766 ], [ -82.341093403033241, 28.987511424197812 ], [ -82.340929402978929, 28.987317424156196 ], [ -82.340883402956806, 28.987067424098058 ], [ -82.34069140289121, 28.986784424036088 ], [ -82.340444402810022, 28.986509423977509 ], [ -82.340169402723006, 28.986298423934844 ], [ -82.340117402706198, 28.986248423924394 ], [ -82.339904402637359, 28.986045423882 ], [ -82.339723402581569, 28.985948423863896 ], [ -82.339469402504164, 28.985837423844487 ], [ -82.339096402391036, 28.985691423819944 ], [ -82.338673402261662, 28.985494423784662 ], [ -82.338427402185133, 28.985343423755552 ], [ -82.338168402102866, 28.985135423713217 ], [ -82.338026402055988, 28.984970423677858 ], [ -82.33785940200039, 28.984766423633936 ], [ -82.33778440197176, 28.984569423589178 ], [ -82.337712401939811, 28.98425442351628 ], [ -82.337666401920458, 28.984083423476953 ], [ -82.337536401874942, 28.983860423427526 ], [ -82.337415401835742, 28.983742423402809 ], [ -82.337160401754261, 28.983524423357952 ], [ -82.336931401686229, 28.983474423352323 ], [ -82.336661401606577, 28.983431423349469 ], [ -82.336322401509889, 28.98347142336824 ], [ -82.33626640149339, 28.983463423367827 ], [ -82.33611840144907, 28.983420423361665 ], [ -82.335843401366716, 28.983341423350424 ], [ -82.335338401213065, 28.983129423313812 ], [ -82.334953401092804, 28.98287842326469 ], [ -82.334897401075025, 28.982833423255517 ], [ -82.334796401042937, 28.982753423239298 ], [ -82.334695401010976, 28.982674423223248 ], [ -82.334678401005505, 28.982660423220434 ], [ -82.334395400909571, 28.982263423133801 ], [ -82.334221400848151, 28.981948423063702 ], [ -82.334065400792625, 28.981654422998105 ], [ -82.333947400753985, 28.981528422971358 ], [ -82.333825400719391, 28.981547422979194 ], [ -82.333680400680734, 28.981640423005263 ], [ -82.33365840067485, 28.981654423009221 ], [ -82.333524400638979, 28.98173642303237 ], [ -82.333437400630032, 28.982196423144032 ], [ -82.333227400575467, 28.982373423191831 ], [ -82.332609400397317, 28.982391423212995 ], [ -82.332273400292209, 28.98216942316941 ], [ -82.332099400234981, 28.981975423128034 ], [ -82.332075400225634, 28.981907423112535 ], [ -82.331963400182218, 28.981595423041444 ], [ -82.33193340016166, 28.981258422962199 ], [ -82.331789400108917, 28.980944422891497 ], [ -82.331589400040372, 28.980642422825227 ], [ -82.331352399964246, 28.980429422781103 ], [ -82.330738399782703, 28.980319422771714 ], [ -82.330335399661067, 28.980178422749184 ], [ -82.330098399587285, 28.980031422720742 ], [ -82.329963399537405, 28.979724422651451 ], [ -82.32977539946468, 28.979206422533476 ], [ -82.32967739942751, 28.97895542247652 ], [ -82.329412399345884, 28.978816422450716 ], [ -82.328982399218162, 28.978723422440389 ], [ -82.32862339911361, 28.978704422445631 ], [ -82.327740398864336, 28.978881422511812 ], [ -82.327484398789622, 28.978864422514761 ], [ -82.327328398742708, 28.978814422507146 ], [ -82.327092398666935, 28.978602422463165 ], [ -82.32650039847519, 28.978023422341771 ], [ -82.325928398287544, 28.9773974222086 ], [ -82.325509398156228, 28.977111422152053 ], [ -82.324933397975386, 28.9767114220727 ], [ -82.323945397679168, 28.976419422030247 ], [ -82.323241397463875, 28.976091421971535 ], [ -82.323234397456716, 28.975945421937016 ], [ -82.323228397442691, 28.975598421854716 ], [ -82.323166397415676, 28.97534042179506 ], [ -82.322892397328815, 28.975127421751957 ], [ -82.32250839721587, 28.97507642175033 ], [ -82.322205397128684, 28.975089421761638 ], [ -82.321633396969503, 28.97526942182002 ], [ -82.321284396871519, 28.975355421850004 ], [ -82.321082396810738, 28.975289421839818 ], [ -82.320801396718252, 28.974972421772144 ], [ -82.320738396694011, 28.974802421733497 ], [ -82.320739396689135, 28.974656421698722 ], [ -82.320991396750784, 28.974336421615803 ], [ -82.321287396825696, 28.974032421535458 ], [ -82.321353396839427, 28.973879421497347 ], [ -82.321300396818657, 28.97372542146217 ], [ -82.321063396742034, 28.973498421414686 ], [ -82.320505396571491, 28.973242421369029 ], [ -82.320277396502306, 28.973151421353645 ], [ -82.319992396418357, 28.973108421351174 ], [ -82.319836396373731, 28.973123421359045 ], [ -82.31971839634295, 28.973220421385278 ], [ -82.319601396311299, 28.973282421403209 ], [ -82.319426396265882, 28.973431421443454 ], [ -82.319325396242931, 28.973608421488262 ], [ -82.31931239624619, 28.973808421536109 ], [ -82.319366396269302, 28.974019421584806 ], [ -82.319413396288937, 28.974190421624133 ], [ -82.319402396289249, 28.974290421648217 ], [ -82.319370396282409, 28.974358421665279 ], [ -82.319274396256475, 28.974410421680229 ], [ -82.319237396245541, 28.974404421679836 ], [ -82.319046396189592, 28.974384421680291 ], [ -82.318952396161308, 28.97435542167598 ], [ -82.318925396153347, 28.974350421675538 ], [ -82.318139395910165, 28.973906421591433 ], [ -82.31801639586898, 28.973746421556783 ], [ -82.317863395819074, 28.973587421523138 ], [ -82.317700395766337, 28.973429421490046 ], [ -82.31751039570868, 28.973354421477371 ], [ -82.317258395632578, 28.973264421462844 ], [ -82.317042395568521, 28.973219421458033 ], [ -82.316822395505397, 28.973235421467869 ], [ -82.316619395448711, 28.973294421487438 ], [ -82.316406395389635, 28.973368421510834 ], [ -82.316371395380017, 28.973381421514844 ], [ -82.316229395339349, 28.973394421521828 ], [ -82.315963395259843, 28.973321421511741 ], [ -82.315839395222312, 28.973276421504416 ], [ -82.315724395183992, 28.973133421473534 ], [ -82.315450395091517, 28.972759421392144 ], [ -82.31544339508514, 28.972635421362853 ], [ -82.315466395080747, 28.972322421287824 ], [ -82.315571395103873, 28.972117421236252 ], [ -82.315729395138774, 28.971810421158985 ], [ -82.315731395127131, 28.971463421076432 ], [ -82.315722395114548, 28.971180421009439 ], [ -82.315622395075081, 28.970881420941033 ], [ -82.315403394998555, 28.970509420858622 ], [ -82.315384394992265, 28.970487420853907 ], [ -82.315156394916798, 28.97021842079619 ], [ -82.315062394886937, 28.970142420780711 ], [ -82.314845394817951, 28.969967420745007 ], [ -82.31446039470022, 28.969788420712966 ], [ -82.314023394572558, 28.969754420716786 ], [ -82.313863394524958, 28.96971942071286 ], [ -82.313640394457025, 28.969621420695614 ], [ -82.313400394382583, 28.969481420668878 ], [ -82.313258394334611, 28.969285420626207 ], [ -82.313152394297035, 28.969090420582727 ], [ -82.313068394258792, 28.968695420491095 ], [ -82.312987394217359, 28.968186420372316 ], [ -82.312888394169661, 28.967645420246427 ], [ -82.312773394120754, 28.967201420144001 ], [ -82.312523394039502, 28.966949420090934 ], [ -82.312323393973671, 28.966724420042908 ], [ -82.312257393951981, 28.966650420027133 ], [ -82.312176393913433, 28.966222419927519 ], [ -82.312095393872923, 28.96573741981447 ], [ -82.312078393851195, 28.96526141970179 ], [ -82.312070393836336, 28.96490541961737 ], [ -82.311970393800536, 28.964711419573945 ], [ -82.311858393756623, 28.964385419499528 ], [ -82.311834393747219, 28.964315419483565 ], [ -82.31172039369838, 28.96386541937969 ], [ -82.311689393685086, 28.963742419351256 ], [ -82.311702393652638, 28.962716419107014 ], [ -82.311765393662753, 28.962485419050402 ], [ -82.311888393682622, 28.962038418940779 ], [ -82.311871393667559, 28.961750418872757 ], [ -82.31186439366131, 28.961630418844436 ], [ -82.311840393639997, 28.961222418748029 ], [ -82.311836393636227, 28.961150418731037 ], [ -82.311797393615848, 28.960890418670331 ], [ -82.311756393593924, 28.960605418603674 ], [ -82.311747393589229, 28.960547418590096 ], [ -82.311745393587884, 28.960525418584922 ], [ -82.31170039357032, 28.960396418555508 ], [ -82.311694393568104, 28.960382418552335 ], [ -82.31167339356017, 28.960329418540329 ], [ -82.31165939355229, 28.960220418514787 ], [ -82.311521393494715, 28.95972141839993 ], [ -82.311388393432054, 28.959035418240429 ], [ -82.311361393419247, 28.958893418207413 ], [ -82.311271393376984, 28.958433418100519 ], [ -82.311083393313098, 28.95816341804144 ], [ -82.309794392920878, 28.957619417947193 ], [ -82.309548392839673, 28.957335417886391 ], [ -82.309482392817927, 28.95726041787033 ], [ -82.309162392711656, 28.956872417786801 ], [ -82.309074392682916, 28.956779417767109 ], [ -82.308841392606737, 28.956532417714723 ], [ -82.308833392601201, 28.956440417693059 ], [ -82.308824392595213, 28.956343417670272 ], [ -82.30880439258128, 28.956112417615849 ], [ -82.308755392557487, 28.955839417552266 ], [ -82.30870439253296, 28.955563417488047 ], [ -82.308484392459789, 28.955294417430089 ], [ -82.308303392405548, 28.955241417422439 ], [ -82.307764392241893, 28.955022417385045 ], [ -82.307737392233463, 28.955006417381931 ], [ -82.307447392143501, 28.954835417349219 ], [ -82.307156392053358, 28.95466541731669 ], [ -82.306838391954685, 28.954478417280914 ], [ -82.306207391748401, 28.953806417138299 ], [ -82.30610539171478, 28.953689417113285 ], [ -82.305897391646184, 28.953450417062086 ], [ -82.305690391577826, 28.953211417010952 ], [ -82.305109391386139, 28.952542416867662 ], [ -82.304825391300994, 28.952459416855628 ], [ -82.304530391212708, 28.952376416843993 ], [ -82.304234391124126, 28.952293416832291 ], [ -82.304218391119335, 28.952289416831789 ], [ -82.302390390589537, 28.952268416876567 ], [ -82.301943390450433, 28.951992416823085 ], [ -82.301750390390282, 28.951871416799591 ], [ -82.301223390223555, 28.951467416717858 ], [ -82.300154389887837, 28.950719416569129 ], [ -82.299044389543099, 28.950053416440952 ], [ -82.298321389315547, 28.949534416337197 ], [ -82.297661389105983, 28.949007416229875 ], [ -82.297094388919078, 28.948359416091186 ], [ -82.296711388779201, 28.947534415905398 ], [ -82.296513388688027, 28.946572415682049 ], [ -82.29644138865126, 28.946119415576277 ], [ -82.29608438853424, 28.945730415493433 ], [ -82.29592938848343, 28.945561415457487 ], [ -82.295701388403558, 28.945167415369962 ], [ -82.295361388289365, 28.944718415272426 ], [ -82.295427388302528, 28.944549415230462 ], [ -82.295557388329314, 28.944242415153884 ], [ -82.295614388326541, 28.943693415021794 ], [ -82.295341388228451, 28.943151414900317 ], [ -82.294865388074697, 28.942697414805291 ], [ -82.294856388047648, 28.942003414640453 ], [ -82.294851388031148, 28.941574414538557 ], [ -82.295030388065911, 28.941090414418543 ], [ -82.295324388122907, 28.940291414220518 ], [ -82.295547388164763, 28.939645414060795 ], [ -82.295770388210912, 28.939122413930331 ], [ -82.295804388217903, 28.939042413910336 ], [ -82.295838388224993, 28.938963413890658 ], [ -82.295853388228011, 28.938927413881661 ], [ -82.29594738823684, 28.938402413754261 ], [ -82.295682388147554, 28.938045413676541 ], [ -82.295177388000482, 28.938020413684342 ], [ -82.294801387888256, 28.93792241367127 ], [ -82.294434387772839, 28.937662413619403 ], [ -82.293930387616726, 28.937370413563634 ], [ -82.293870387598915, 28.937358413562389 ], [ -82.293379387453498, 28.937263413553161 ], [ -82.293002387344345, 28.937262413563207 ], [ -82.292635387238079, 28.937261413572934 ], [ -82.292249387125722, 28.937244413579382 ], [ -82.291763386976498, 28.937000413534602 ], [ -82.291195386801562, 28.936700413478658 ], [ -82.290645386629492, 28.936335413406812 ], [ -82.289995386415427, 28.935598413249171 ], [ -82.289651386278379, 28.934531413004706 ], [ -82.28927738614, 28.933674412811015 ], [ -82.289213386114056, 28.933462412762278 ], [ -82.2890423860445, 28.932892412631364 ], [ -82.288942386003853, 28.932558412554616 ], [ -82.288633385883969, 28.931692412357037 ], [ -82.288565385816597, 28.930335412036058 ], [ -82.288582385792836, 28.929518411841194 ], [ -82.28858538578811, 28.929359411803276 ], [ -82.288589385783681, 28.929200411765333 ], [ -82.288598385771877, 28.928791411667792 ], [ -82.288344385673113, 28.928072411503628 ], [ -82.287550385392422, 28.926623411180493 ], [ -82.286846385152231, 28.92558741095316 ], [ -82.286023384881886, 28.924672410757807 ], [ -82.28551138471235, 28.924064410627061 ], [ -82.285081384576216, 28.923732410559733 ], [ -82.284981384545361, 28.923677410549374 ], [ -82.284678384449307, 28.9234404105012 ], [ -82.284401384360052, 28.923181410447125 ], [ -82.284378384332641, 28.922590410307144 ], [ -82.284278384281293, 28.92195341015826 ], [ -82.284269384276655, 28.921894410144489 ], [ -82.284135384217009, 28.921300410006761 ], [ -82.283631384043943, 28.920525409836056 ], [ -82.283497383997286, 28.920301409786408 ], [ -82.282621383699706, 28.919047409511791 ], [ -82.28230938358864, 28.918456409379633 ], [ -82.282038383495319, 28.918032409286091 ], [ -82.281933383457897, 28.917832409241331 ], [ -82.281897383419789, 28.917042409054321 ], [ -82.282069383446327, 28.916381408892374 ], [ -82.282162383460758, 28.916025408805105 ], [ -82.282350383488748, 28.915271408620541 ], [ -82.282187383421402, 28.914698408488622 ], [ -82.281556383212347, 28.913945408326615 ], [ -82.281109383057711, 28.913224408167157 ], [ -82.280431382840987, 28.912641408046813 ], [ -82.280218382775729, 28.912538408028073 ], [ -82.279542382568579, 28.912210407968342 ], [ -82.278764382323686, 28.911650407856261 ], [ -82.277856382044916, 28.911195407772567 ], [ -82.277843382040729, 28.911182407769857 ], [ -82.277621381967165, 28.910917407712795 ], [ -82.277320381867412, 28.910558407635524 ], [ -82.277320381853741, 28.910168407542738 ], [ -82.277138381777803, 28.90950540738983 ], [ -82.276780381647882, 28.908755407221044 ], [ -82.276695381602124, 28.908150407079368 ], [ -82.276705381579617, 28.907427406906997 ], [ -82.276665381561827, 28.907250406865955 ], [ -82.276533381496336, 28.906472406684387 ], [ -82.276466381464047, 28.906104406598573 ], [ -82.276436381449358, 28.905932406558492 ], [ -82.276232381357886, 28.905008406344095 ], [ -82.276174381331813, 28.904743406282577 ], [ -82.276095381306703, 28.904679406269462 ], [ -82.27576238120092, 28.904411406214727 ], [ -82.275645381165134, 28.904356406204815 ], [ -82.275313381063512, 28.90419940617646 ], [ -82.275107380996133, 28.903977406129197 ], [ -82.275052380978153, 28.903918406116624 ], [ -82.274947380943701, 28.903803406092123 ], [ -82.274734380866406, 28.903357405991713 ], [ -82.274824380888262, 28.903237405960716 ], [ -82.2750013809341, 28.903083405919244 ], [ -82.275592381088913, 28.902619405792795 ], [ -82.275646381103101, 28.902578405781579 ], [ -82.275770381135544, 28.902480405754829 ], [ -82.276105381216169, 28.902014405634848 ], [ -82.276251381246539, 28.901673405549673 ], [ -82.276042381170143, 28.901220405447518 ], [ -82.275958381142317, 28.901120405426013 ], [ -82.275806381091982, 28.900939405387071 ], [ -82.275654381041591, 28.900757405347864 ], [ -82.275643381037966, 28.900744405345051 ], [ -82.275512380994556, 28.900588405311474 ], [ -82.27426838058993, 28.89931640504243 ], [ -82.274014380488921, 28.898532404862685 ], [ -82.273900380427179, 28.897712404670582 ], [ -82.273588380319708, 28.897221404562142 ], [ -82.273185380191151, 28.896881404492149 ], [ -82.273038380145451, 28.89679240447494 ], [ -82.272757380058152, 28.896621404441809 ], [ -82.272475379970473, 28.896449404408507 ], [ -82.272305379917668, 28.896345404388402 ], [ -82.271195379578813, 28.895845404299482 ], [ -82.271040379531513, 28.89577640428725 ], [ -82.270069379231074, 28.895223404181912 ], [ -82.269512379042382, 28.894438404010113 ], [ -82.268789378817814, 28.894003403926181 ], [ -82.268424378684855, 28.893223403750355 ], [ -82.267648378418599, 28.892033403488064 ], [ -82.26671537811697, 28.891133403299051 ], [ -82.265662377784651, 28.890346403140221 ], [ -82.264433377414008, 28.889922403072642 ], [ -82.263599377165519, 28.889720403047136 ], [ -82.263286377072248, 28.889644403037497 ], [ -82.262103376716951, 28.889277402982206 ], [ -82.261560376548886, 28.888967402923097 ], [ -82.261306376470301, 28.888822402895475 ], [ -82.260411376173238, 28.887737402661383 ], [ -82.259420375859747, 28.886977402507252 ], [ -82.258983375721584, 28.886643402439546 ], [ -82.258707375641947, 28.886650402448645 ], [ -82.258084375451332, 28.886357402395795 ], [ -82.256582374980425, 28.885326402190962 ], [ -82.255155374523383, 28.884069401930326 ], [ -82.25414837421026, 28.88345240181064 ], [ -82.25346137400399, 28.883240401778796 ], [ -82.253276373948381, 28.8831834017702 ], [ -82.253250373940219, 28.883164401766372 ], [ -82.252883373824744, 28.882899401713253 ], [ -82.252380373660699, 28.882372401601337 ], [ -82.251456373363155, 28.881513401421802 ], [ -82.251035373228774, 28.881156401348154 ], [ -82.250769373147449, 28.881033401326089 ], [ -82.24981737285654, 28.880595401247529 ], [ -82.246248371781945, 28.87941340106272 ], [ -82.245979371693636, 28.879114400998805 ], [ -82.245914371672242, 28.879041400983137 ], [ -82.24568837159805, 28.878790400929486 ], [ -82.244526371207968, 28.877254400595103 ], [ -82.24442237117303, 28.877117400565275 ], [ -82.244294371135851, 28.877114400568036 ], [ -82.243156370805423, 28.877085400591916 ], [ -82.242532370615407, 28.876818400545265 ], [ -82.24241837057717, 28.8766684005126 ], [ -82.242238370516716, 28.876430400460755 ], [ -82.242054370422792, 28.875266400188515 ], [ -82.241945370374083, 28.874776400074712 ], [ -82.241869370337483, 28.87435739997694 ], [ -82.241841370323911, 28.874202399940792 ], [ -82.241761370294412, 28.874020399899592 ], [ -82.241644370251365, 28.873757399840144 ], [ -82.241527370208331, 28.873494399780643 ], [ -82.241446370178409, 28.873310399739001 ], [ -82.241120370065175, 28.872771399619445 ], [ -82.240941370003029, 28.872474399553539 ], [ -82.240487369856766, 28.87205139946505 ], [ -82.240124369737728, 28.871652399379812 ], [ -82.239697369597053, 28.871164399275088 ], [ -82.239382369487416, 28.870636399157863 ], [ -82.239306369458689, 28.87044339911391 ], [ -82.239239369433278, 28.870271399074781 ], [ -82.239186369409211, 28.870021399016672 ], [ -82.239348369437522, 28.869489398885513 ], [ -82.239456369461323, 28.86927539883159 ], [ -82.239500369470932, 28.869187398809487 ], [ -82.23954436948064, 28.869100398787552 ], [ -82.239628369499158, 28.868934398745701 ], [ -82.23977036953454, 28.868770398702804 ], [ -82.239907369568769, 28.868613398661687 ], [ -82.239991369588012, 28.868469398625127 ], [ -82.240159369626568, 28.86817939855149 ], [ -82.240331369658591, 28.867671398425809 ], [ -82.240311369645653, 28.867465398377245 ], [ -82.240285369631252, 28.867270398331478 ], [ -82.240279369628013, 28.867227398321447 ], [ -82.24014536957398, 28.866790398220907 ], [ -82.239433369355524, 28.866437398156076 ], [ -82.238545369086793, 28.866104398100806 ], [ -82.238373369034747, 28.866040398090224 ], [ -82.237616368803288, 28.865687398026562 ], [ -82.237525368774428, 28.865615398011904 ], [ -82.237398368734105, 28.865513397991005 ], [ -82.236961368595431, 28.865165397919924 ], [ -82.236687368499844, 28.864699397816302 ], [ -82.236638368482645, 28.864614397797354 ], [ -82.23658836846522, 28.864529397778519 ], [ -82.236515368439683, 28.864403397750454 ], [ -82.236441368413921, 28.864278397722682 ], [ -82.236356368384278, 28.864134397690652 ], [ -82.236160368308859, 28.86360039756871 ], [ -82.236173368305103, 28.863383397516682 ], [ -82.23620336829876, 28.862954397413652 ], [ -82.23640136834301, 28.862579397318928 ], [ -82.236615368390815, 28.862174397216631 ], [ -82.236774368426438, 28.861876397141348 ], [ -82.236769368421875, 28.861787397120271 ], [ -82.23676436841717, 28.861693397098016 ], [ -82.236759368412493, 28.861600397076007 ], [ -82.236743368396915, 28.86128739700186 ], [ -82.236239368227174, 28.8606043968527 ], [ -82.236227368223112, 28.860588396849252 ], [ -82.235481367986637, 28.860000396729323 ], [ -82.234225367590767, 28.859077396543352 ], [ -82.233606367395041, 28.858603396447091 ], [ -82.233160367253092, 28.858236396371726 ], [ -82.232898367165348, 28.857896396297786 ], [ -82.232753367116828, 28.857708396256918 ], [ -82.232611367067094, 28.857460396201692 ], [ -82.232446367009231, 28.8571723961375 ], [ -82.232330366970814, 28.857033396107536 ], [ -82.2322703669509, 28.856961396091997 ], [ -82.232114366899168, 28.856773396051395 ], [ -82.231955366846648, 28.856587396011374 ], [ -82.231484366697998, 28.856235395940214 ], [ -82.230753366477131, 28.855970395896879 ], [ -82.229464366089246, 28.855548395831139 ], [ -82.228815365893198, 28.855316395793366 ], [ -82.228540365812663, 28.855289395794365 ], [ -82.227941365638102, 28.855257395802955 ], [ -82.227807365599091, 28.855251395805169 ], [ -82.227504365510157, 28.855216395805019 ], [ -82.227166365408252, 28.855100395786494 ], [ -82.226183365100539, 28.854438395655279 ], [ -82.225359364851343, 28.854134395605122 ], [ -82.225086364768799, 28.854033395588477 ], [ -82.224311364529513, 28.853606395507658 ], [ -82.223675364336273, 28.853345395462608 ], [ -82.222968364121385, 28.853054395412361 ], [ -82.22240336394691, 28.852742395353268 ], [ -82.22215736386805, 28.852522395307474 ], [ -82.222004363818044, 28.852359395272771 ], [ -82.221875363775908, 28.852221395243387 ], [ -82.221548363670706, 28.851920395180517 ], [ -82.221521363662418, 28.851906395177867 ], [ -82.221376363617949, 28.851834395164644 ], [ -82.221323363601641, 28.851808395159885 ], [ -82.221165363553212, 28.851731395145766 ], [ -82.221091363530419, 28.851691395138229 ], [ -82.22052536335589, 28.851386395080851 ], [ -82.220151363242152, 28.851230395053772 ], [ -82.219622363078955, 28.850942394999432 ], [ -82.219220362956534, 28.850769394969102 ], [ -82.218460362710942, 28.850037394815132 ], [ -82.218272362650211, 28.849856394777078 ], [ -82.217967362551661, 28.849563394715474 ], [ -82.217081362256565, 28.848457394475805 ], [ -82.216310362002417, 28.847571394285414 ], [ -82.215287361663115, 28.846334394018253 ], [ -82.214452361391224, 28.845470393834816 ], [ -82.214009361243413, 28.844909393713035 ], [ -82.213122360946073, 28.843746393459796 ], [ -82.212714360812072, 28.843291393362325 ], [ -82.21253136075174, 28.843080393316974 ], [ -82.212234360653781, 28.842738393243476 ], [ -82.211961360567358, 28.84252639320027 ], [ -82.211368360382806, 28.842157393128343 ], [ -82.210839360220433, 28.841894393079915 ], [ -82.210825360216319, 28.841891393079571 ], [ -82.210541360132567, 28.841848393076997 ], [ -82.210336360072148, 28.841817393075168 ], [ -82.209355359786102, 28.841760393088034 ], [ -82.208650359576396, 28.841601393069187 ], [ -82.207856359335267, 28.84127939301387 ], [ -82.207817359323187, 28.841257393009673 ], [ -82.207572359247521, 28.841121392983883 ], [ -82.20732735917187, 28.840984392957832 ], [ -82.206937359043849, 28.840552392865376 ], [ -82.206704358958334, 28.84003439274818 ], [ -82.206596358891318, 28.839007392506215 ], [ -82.206650358879926, 28.838232392320002 ], [ -82.206571358842965, 28.837827392225577 ], [ -82.206206358701763, 28.836807391992217 ], [ -82.206155358682096, 28.836668391960458 ], [ -82.205876358574855, 28.835907391786538 ], [ -82.205472358431066, 28.835137391613856 ], [ -82.204980358275222, 28.834753391535571 ], [ -82.204096358002971, 28.834285391447832 ], [ -82.203439357800164, 28.833924391379487 ], [ -82.202512357506166, 28.833189391229297 ], [ -82.201411357159458, 28.83238839106798 ], [ -82.200591356903743, 28.831864390965187 ], [ -82.200500356875366, 28.831806390953787 ], [ -82.199497356563569, 28.831192390834442 ], [ -82.198961356394719, 28.830800390755439 ], [ -82.198586356281751, 28.830675390735745 ], [ -82.197687356020296, 28.830643390752389 ], [ -82.197653356010264, 28.830636390751597 ], [ -82.196900355786838, 28.830483390735459 ], [ -82.196077355539288, 28.83021739069423 ], [ -82.195131355242026, 28.82954739055997 ], [ -82.194992355198565, 28.829454390541549 ], [ -82.194823355145658, 28.829341390519154 ], [ -82.1944583550315, 28.829097390470814 ], [ -82.194093354917271, 28.828852390422213 ], [ -82.194056354905669, 28.828827390417267 ], [ -82.192829354515183, 28.827815390209022 ], [ -82.192009354260563, 28.827323390113797 ], [ -82.191216354014102, 28.826839390019789 ], [ -82.190567353820597, 28.82668038999935 ], [ -82.189312353452991, 28.826560390004563 ], [ -82.18917535341285, 28.826547390005199 ], [ -82.187965353059596, 28.826464390018014 ], [ -82.187093352802563, 28.826335390010733 ], [ -82.186976352768113, 28.826318390009877 ], [ -82.186328352572644, 28.826094389973942 ], [ -82.185809352409549, 28.825726389900122 ], [ -82.185396352275575, 28.825314389813013 ], [ -82.18531935225063, 28.825237389796754 ], [ -82.185042352159911, 28.824935389732154 ], [ -82.184603352016055, 28.824455389629549 ], [ -82.18412235186176, 28.824023389539484 ], [ -82.184030351832504, 28.823948389524034 ], [ -82.183640351708519, 28.823631389458942 ], [ -82.183506351662984, 28.823438389416538 ], [ -82.18335835161264, 28.823222389368993 ], [ -82.183333351604119, 28.82318538936082 ], [ -82.182899351457024, 28.822568389225381 ], [ -82.182849351437923, 28.822437389195475 ], [ -82.182605351344762, 28.821790389047706 ], [ -82.182521351294895, 28.821054388874458 ], [ -82.182489351260415, 28.820330388702619 ], [ -82.182462351230882, 28.819705388554247 ], [ -82.182476351224011, 28.819390388478745 ], [ -82.182510351208023, 28.818647388300583 ], [ -82.182526351209745, 28.818563388280097 ], [ -82.182695351228517, 28.817696388068764 ], [ -82.182719351227334, 28.817460388011778 ], [ -82.182731351226778, 28.817345387984044 ], [ -82.182743351226321, 28.817231387956536 ], [ -82.182756351225507, 28.81710038792491 ], [ -82.182766351225027, 28.81700238790128 ], [ -82.182673351172468, 28.816266387728209 ], [ -82.182660351166859, 28.816212387715694 ], [ -82.182640351158341, 28.816134387697602 ], [ -82.182619351149242, 28.816047387677397 ], [ -82.182445351074634, 28.815351387516063 ], [ -82.182236351006097, 28.815119387466357 ], [ -82.182222351001485, 28.81510438746313 ], [ -82.182091350958288, 28.814952387430456 ], [ -82.181723350828619, 28.814287387281698 ], [ -82.181642350792401, 28.813919387196123 ], [ -82.181621350782976, 28.813823387173798 ], [ -82.181600350773536, 28.81372738715142 ], [ -82.181556350753809, 28.813526387104648 ], [ -82.181468350717921, 28.813226387035463 ], [ -82.181478350710734, 28.812937386966254 ], [ -82.181494350700191, 28.812500386861579 ], [ -82.18146435064078, 28.811038386513598 ], [ -82.181383350583317, 28.810060386282409 ], [ -82.181209350502272, 28.809178386076702 ], [ -82.180931350401778, 28.808602385946756 ], [ -82.18040735022258, 28.807811385772197 ], [ -82.180146350133271, 28.807416385684952 ], [ -82.179892350045762, 28.80701438559587 ], [ -82.179589349941295, 28.806534385489538 ], [ -82.179479349903474, 28.806360385450962 ], [ -82.179381349863874, 28.806038385376766 ], [ -82.179284349824769, 28.805720385303527 ], [ -82.179218349780086, 28.804984385129679 ], [ -82.179361349804168, 28.804485385006782 ], [ -82.179396349791062, 28.803815384845969 ], [ -82.179310349749002, 28.803321384730395 ], [ -82.178912349613682, 28.802744384603411 ], [ -82.178872349601249, 28.802718384598307 ], [ -82.178815349583417, 28.802680384590804 ], [ -82.178757349565288, 28.80264138458304 ], [ -82.178384349448592, 28.802392384533661 ], [ -82.178026349342758, 28.802330384528506 ], [ -82.177950349320326, 28.802317384527409 ], [ -82.177875349298105, 28.802304384526394 ], [ -82.177844349288989, 28.802299384526041 ], [ -82.177561349202691, 28.802175384504039 ], [ -82.177196349090437, 28.801986384468801 ], [ -82.176795348965484, 28.801732384418994 ], [ -82.176540348885055, 28.801542384380483 ], [ -82.1754583485437, 28.800735384217031 ], [ -82.175191348460729, 28.800572384185333 ], [ -82.174948348385186, 28.800424384156553 ], [ -82.174162348136349, 28.799813384031914 ], [ -82.173485347922067, 28.799288383924857 ], [ -82.173401347895549, 28.799223383911624 ], [ -82.17205734747057, 28.798193383701985 ], [ -82.171311347236937, 28.797687383601311 ], [ -82.171184347197482, 28.797610383586349 ], [ -82.170118346866403, 28.796965383461131 ], [ -82.169782346760556, 28.796720383411717 ], [ -82.169658346717441, 28.796513383365657 ], [ -82.169646346713307, 28.796493383361177 ], [ -82.169513346662967, 28.796152383283406 ], [ -82.169483346642835, 28.795821383205205 ], [ -82.169462346628421, 28.795582383148702 ], [ -82.169439346612748, 28.79532138308706 ], [ -82.169416346597018, 28.795060383025383 ], [ -82.169398346584842, 28.794859382977883 ], [ -82.169394346567415, 28.794390382866059 ], [ -82.169372346553487, 28.794172382814651 ], [ -82.169339346532198, 28.793834382734882 ], [ -82.169336346530145, 28.793800382726808 ], [ -82.169194346469126, 28.793226382593666 ], [ -82.169170346458799, 28.793128382570888 ], [ -82.169144346445407, 28.792959382531276 ], [ -82.169224346449369, 28.792406382397122 ], [ -82.169292346452679, 28.791934382282626 ], [ -82.169471346491704, 28.791564382189538 ], [ -82.169989346624817, 28.791076382059089 ], [ -82.170036346636934, 28.791033382047569 ], [ -82.170572346775074, 28.790540381915498 ], [ -82.170604346782937, 28.790500381905112 ], [ -82.170851346843904, 28.790195381825651 ], [ -82.170932346865513, 28.790141381810603 ], [ -82.171184346932634, 28.789972381763462 ], [ -82.171405346992529, 28.789853381729138 ], [ -82.171579347041842, 28.78982238171708 ], [ -82.171754347089745, 28.789743381693473 ], [ -82.17184134711394, 28.789714381684249 ], [ -82.172132347194918, 28.789618381653451 ], [ -82.172154347200788, 28.789604381649568 ], [ -82.172669347339479, 28.789302381563591 ], [ -82.172961347418195, 28.78913338151542 ], [ -82.173058347444055, 28.789069381497534 ], [ -82.173083347450785, 28.789053381493041 ], [ -82.173245347493975, 28.788946381463166 ], [ -82.173294347507039, 28.788914381454187 ], [ -82.173560347575361, 28.788662381386882 ], [ -82.173687347614774, 28.788739381401829 ], [ -82.173924347677783, 28.788576381356581 ], [ -82.174293347778516, 28.788400381304626 ], [ -82.174594347862964, 28.788320381277479 ], [ -82.174654347879738, 28.78830438127202 ], [ -82.174976347970087, 28.78821938124306 ], [ -82.175381348081004, 28.788035381188251 ], [ -82.175627348141958, 28.787738381110756 ], [ -82.175845348197498, 28.787520381052861 ], [ -82.175980348234191, 28.787451381032753 ], [ -82.176051348254859, 28.787454381031559 ], [ -82.176260348315921, 28.78746838102931 ], [ -82.176293348325515, 28.787470381028861 ], [ -82.176578348410629, 28.78754438103886 ], [ -82.176908348509357, 28.787636381051922 ], [ -82.177275348618068, 28.787705381058515 ], [ -82.177289348622182, 28.787708381058909 ], [ -82.177309348628086, 28.787711381059072 ], [ -82.177371348645025, 28.787681381050227 ], [ -82.17760734870933, 28.787565381016183 ], [ -82.177790348758563, 28.787455380985037 ], [ -82.178004348816017, 28.78732638094851 ], [ -82.178029348820601, 28.787249380929438 ], [ -82.178045348823431, 28.787197380916588 ], [ -82.178063348826782, 28.787143380903231 ], [ -82.178084348828406, 28.78701438087187 ], [ -82.178143348844074, 28.786974380860745 ], [ -82.178184348855012, 28.78694738085321 ], [ -82.178329348876488, 28.786354380707728 ], [ -82.17835334888025, 28.786262380685127 ], [ -82.178512348912875, 28.785875380588482 ], [ -82.178540348919981, 28.785846380580839 ], [ -82.178908349014009, 28.785485380484783 ], [ -82.179094349062993, 28.785343380445902 ], [ -82.179431349151599, 28.785085380375229 ], [ -82.179508349172039, 28.785031380360294 ], [ -82.179711349225812, 28.784886380320192 ], [ -82.180435349430439, 28.784741380266134 ], [ -82.180772349527331, 28.784720380252043 ], [ -82.180893349559966, 28.784652380232565 ], [ -82.181413349699255, 28.784324380140291 ], [ -82.181772349800212, 28.784239380110364 ], [ -82.181903349836219, 28.784183380093452 ], [ -82.181948349848611, 28.784165380087924 ], [ -82.182162349904445, 28.783987380039676 ], [ -82.182678350048064, 28.783819379985744 ], [ -82.183075350158475, 28.783689379944036 ], [ -82.183253350208105, 28.783633379925888 ], [ -82.183432350258016, 28.783577379907676 ], [ -82.183728350340488, 28.783484379877528 ], [ -82.183928350395774, 28.783408379854034 ], [ -82.184151350457512, 28.783326379828441 ], [ -82.184360350513103, 28.783184379788953 ], [ -82.18445635053871, 28.78311937977087 ], [ -82.184494350548135, 28.783075379759325 ], [ -82.184948350661458, 28.782550379621821 ], [ -82.185215350726011, 28.782183379527012 ], [ -82.185627350825811, 28.781619379381315 ], [ -82.185738350852773, 28.781469379342568 ], [ -82.186045350927358, 28.781057379235929 ], [ -82.186232350969874, 28.780720379150452 ], [ -82.186366351000203, 28.780477379088858 ], [ -82.186653351065573, 28.779964378958717 ], [ -82.186768351091402, 28.779749378904292 ], [ -82.186901351121506, 28.779506378842697 ], [ -82.187101351167158, 28.779152378752865 ], [ -82.187792351327474, 28.778003378460024 ], [ -82.187932351359649, 28.77776237839873 ], [ -82.18809335139035, 28.777302378284549 ], [ -82.188121351395679, 28.777223378264974 ], [ -82.188238351420694, 28.776965378200227 ], [ -82.188318351437687, 28.776788378155892 ], [ -82.188302351409277, 28.776102377992508 ], [ -82.188301351407105, 28.776048377979702 ], [ -82.188299351403955, 28.775973377961797 ], [ -82.188296351385176, 28.775456377838459 ], [ -82.188311351368569, 28.774850377693461 ], [ -82.188320351363117, 28.774618377637811 ], [ -82.188349351346019, 28.773881377461073 ], [ -82.188457351352127, 28.773155377284876 ], [ -82.18837635129708, 28.772242377069148 ], [ -82.18824435123895, 28.77166737693539 ], [ -82.188131351200724, 28.771508376900499 ], [ -82.187946351138066, 28.771245376842668 ], [ -82.187876351116074, 28.771195376832623 ], [ -82.187364350955093, 28.770828376758772 ], [ -82.186636350729188, 28.770393376674523 ], [ -82.186156350584696, 28.770234376649402 ], [ -82.185631350426718, 28.770061376622245 ], [ -82.184971350236935, 28.770099376649021 ], [ -82.184448350086569, 28.770132376670972 ], [ -82.184228350022266, 28.770113376672345 ], [ -82.184189350010712, 28.770106376671745 ], [ -82.183954349941132, 28.770063376667785 ], [ -82.183123349690177, 28.769765376618988 ], [ -82.182564349514053, 28.769352376535373 ], [ -82.182459349480936, 28.769274376519608 ], [ -82.182244349405167, 28.768884376432279 ], [ -82.18212334934411, 28.768132376255963 ], [ -82.182201349351104, 28.767681376146207 ], [ -82.182393349381584, 28.766955375967719 ], [ -82.182709349457525, 28.766506375852028 ], [ -82.182764349469267, 28.766384375821382 ], [ -82.1829153495013, 28.766047375736935 ], [ -82.18306534953561, 28.765783375669866 ], [ -82.183101349517827, 28.764968375474332 ], [ -82.183144349510997, 28.764411375340163 ], [ -82.183232349517212, 28.763854375204783 ], [ -82.183364349543481, 28.763508375118647 ], [ -82.18344634956317, 28.763390375088296 ], [ -82.183885349668529, 28.762762374926556 ], [ -82.184414349802339, 28.762201374778389 ], [ -82.184812349902842, 28.76177637466623 ], [ -82.185645350118051, 28.761024374464267 ], [ -82.186283350283759, 28.76047337431562 ], [ -82.186739350405531, 28.760176374232447 ], [ -82.186997350474485, 28.760008374185386 ], [ -82.187255350543353, 28.759840374138363 ], [ -82.187738350673499, 28.759561374058752 ], [ -82.188091350768744, 28.759358374000801 ], [ -82.188717350940138, 28.759072373915739 ], [ -82.189291351103606, 28.758994373881666 ], [ -82.189442351146653, 28.758974373872835 ], [ -82.189565351182793, 28.758988373872917 ], [ -82.189705351223964, 28.759007373873679 ], [ -82.189845351265149, 28.75902637387448 ], [ -82.190651351505181, 28.759218373898634 ], [ -82.191650351798614, 28.75933937390074 ], [ -82.192212351963846, 28.759411373902818 ], [ -82.192470352042136, 28.759514373920464 ], [ -82.192675352104331, 28.759596373934542 ], [ -82.193300352293832, 28.759844373976971 ], [ -82.193441352335952, 28.759880373981808 ], [ -82.193679352406861, 28.759939373989447 ], [ -82.193918352478192, 28.759999373997392 ], [ -82.194388352618347, 28.760117374012911 ], [ -82.194706352712132, 28.76016637401607 ], [ -82.195068352816932, 28.76016637400636 ], [ -82.195478352932327, 28.760070373972432 ], [ -82.196360353165019, 28.759415373792354 ], [ -82.196668353244505, 28.759134373716986 ], [ -82.196748353264823, 28.759051373695055 ], [ -82.197115353357958, 28.758672373594703 ], [ -82.197751353519152, 28.758009373419341 ], [ -82.198052353598058, 28.757769373353941 ], [ -82.198325353671564, 28.757609373308423 ], [ -82.198540353730635, 28.757518373280927 ], [ -82.198708353776894, 28.757448373259685 ], [ -82.19887635382301, 28.75737637323795 ], [ -82.199025353864002, 28.75731337321896 ], [ -82.199363353961743, 28.757309373208869 ], [ -82.200104354175934, 28.75729937318663 ], [ -82.200289354230037, 28.757315373185484 ], [ -82.200632354330452, 28.757347373183904 ], [ -82.201311354537538, 28.757651373238261 ], [ -82.201665354643964, 28.757764373255743 ], [ -82.202137354778685, 28.757708373229658 ], [ -82.202359354839814, 28.75761737320197 ], [ -82.202783354956651, 28.757445373149512 ], [ -82.20296235500156, 28.757245373097003 ], [ -82.203130355040287, 28.756959373024195 ], [ -82.203394355112721, 28.756843372989401 ], [ -82.203659355185508, 28.75672837295485 ], [ -82.203712355199954, 28.756703372947399 ], [ -82.203854355239002, 28.756644372929543 ], [ -82.204697355484228, 28.756676372914495 ], [ -82.20556835574628, 28.75696337295966 ], [ -82.206176355929273, 28.757164372991319 ], [ -82.206773356099717, 28.757094372958576 ], [ -82.207317356249789, 28.756879372892612 ], [ -82.207757356368333, 28.756623372819693 ], [ -82.207838356377479, 28.756210372718954 ], [ -82.208148356445761, 28.755589372562344 ], [ -82.208478356529554, 28.755248372472067 ], [ -82.209068356688263, 28.754899372372879 ], [ -82.209090356694077, 28.754882372368272 ], [ -82.209647356840534, 28.754454372251125 ], [ -82.210148356978991, 28.754264372192271 ], [ -82.210705357133492, 28.754068372130504 ], [ -82.210888357177637, 28.753813372064741 ], [ -82.211100357226144, 28.753441371970233 ], [ -82.211275357254934, 28.752808371814375 ], [ -82.211460357299629, 28.75255237174829 ], [ -82.211686357357479, 28.752333371689932 ], [ -82.211858357398455, 28.752077371624228 ], [ -82.212042357439529, 28.751724371534959 ], [ -82.212038357413505, 28.751005371363394 ], [ -82.212138357428827, 28.750611371266661 ], [ -82.212454357496853, 28.749933371096315 ], [ -82.212485357500057, 28.749765371055357 ], [ -82.212522357498003, 28.749397370966502 ], [ -82.212623357514531, 28.74902837087572 ], [ -82.212574357489075, 28.74870237079914 ], [ -82.212639357497409, 28.748400370725342 ], [ -82.212819357543438, 28.748224370678464 ], [ -82.212988357584834, 28.74800537062162 ], [ -82.213223357641581, 28.747679370537508 ], [ -82.2135073577154, 28.747436370471831 ], [ -82.213849357812308, 28.747375370448079 ], [ -82.214171357905769, 28.74738337044138 ], [ -82.214506358009146, 28.747567370476318 ], [ -82.214706358079113, 28.747916370554247 ], [ -82.215172358223683, 28.748195370608389 ], [ -82.215776358402124, 28.748298370616762 ], [ -82.215868358428693, 28.748297370614033 ], [ -82.216312358557218, 28.748296370601867 ], [ -82.216882358716319, 28.748125370545711 ], [ -82.217355358840493, 28.747756370444943 ], [ -82.217491358859704, 28.747173370302093 ], [ -82.217737358891753, 28.746039370024743 ], [ -82.217852358904537, 28.745446369880074 ], [ -82.217762358857016, 28.744825369734215 ], [ -82.217982358913346, 28.744612369677395 ], [ -82.218594359070295, 28.744027369521298 ], [ -82.218661359088898, 28.744004369514006 ], [ -82.218952359169876, 28.743909369483514 ], [ -82.219350359275026, 28.743617369403115 ], [ -82.220811359668929, 28.742778369163595 ], [ -82.221122359752371, 28.74258736910965 ], [ -82.222172360034207, 28.741946368928392 ], [ -82.224412360652153, 28.7410643686577 ], [ -82.224989360798958, 28.740478368502284 ], [ -82.225057360816251, 28.740409368483999 ], [ -82.225124360833306, 28.740341368465941 ], [ -82.225298360877588, 28.740164368419009 ], [ -82.226515361187992, 28.738952368096939 ], [ -82.227327361402061, 28.738344367929987 ], [ -82.227446361433437, 28.738256367905759 ], [ -82.227877361547087, 28.737934367817324 ], [ -82.228088361605913, 28.737868367795908 ], [ -82.228869361823527, 28.737624367716688 ], [ -82.229650362041212, 28.737380367637456 ], [ -82.230937362379947, 28.736402367369426 ], [ -82.231360362491316, 28.736081367281429 ], [ -82.231494362518163, 28.735735367195176 ], [ -82.232434362706769, 28.733317366592594 ], [ -82.232578362702, 28.731972366267531 ], [ -82.232582362701905, 28.731936366258815 ], [ -82.232684362689355, 28.730716365964724 ], [ -82.232953362759204, 28.730484365902143 ], [ -82.233203362822849, 28.730232365835256 ], [ -82.233578362918564, 28.729861365736568 ], [ -82.233994363027122, 28.7295173656433 ], [ -82.234271363099509, 28.729292365582108 ], [ -82.234414363141184, 28.729298365579716 ], [ -82.234614363195831, 28.729206365552393 ], [ -82.234739363230545, 28.729163365538749 ], [ -82.235051363317666, 28.729070365508193 ], [ -82.2355923634682, 28.72889536545188 ], [ -82.235669363485741, 28.7287583654171 ], [ -82.235717363496718, 28.728674365395804 ], [ -82.235831363527751, 28.728615365378623 ], [ -82.235955363562454, 28.728581365367166 ], [ -82.236012363570694, 28.728341365308346 ], [ -82.236196363621417, 28.728268365286009 ], [ -82.23638236367276, 28.728196365263766 ], [ -82.236500363705289, 28.728150365249615 ], [ -82.236713363756309, 28.727841365170164 ], [ -82.237019363823777, 28.727230365015984 ], [ -82.237156363854098, 28.726960364947846 ], [ -82.23771336398552, 28.726096364726587 ], [ -82.238019364056143, 28.725575364593958 ], [ -82.238451364165357, 28.725117364473018 ], [ -82.239324364399437, 28.724577364320645 ], [ -82.240456364718838, 28.724338364233201 ], [ -82.240622364765656, 28.7243043642206 ], [ -82.241693365061039, 28.723880364090668 ], [ -82.241814365094399, 28.723832364075989 ], [ -82.241929365126111, 28.723787364062137 ], [ -82.241991365143122, 28.723759364053766 ], [ -82.242322365229569, 28.723487363979935 ], [ -82.242652365315607, 28.723214363905893 ], [ -82.24278036534912, 28.723111363877841 ], [ -82.243018365404538, 28.722720363778105 ], [ -82.243642365550016, 28.721703363518508 ], [ -82.244815365842143, 28.720328363158679 ], [ -82.245966366136244, 28.719197362857727 ], [ -82.246000366144941, 28.719165362849129 ], [ -82.246271366214216, 28.718899362778334 ], [ -82.247294366495339, 28.718464362647037 ], [ -82.24808836671626, 28.71820736256441 ], [ -82.248646366869394, 28.717964362491415 ], [ -82.249079366988241, 28.717777362435168 ], [ -82.249210367013106, 28.717398362341104 ], [ -82.24922736698295, 28.716381362097778 ], [ -82.249226366961366, 28.715765361950652 ], [ -82.249225366950554, 28.715460361877856 ], [ -82.249127366899415, 28.714799361722577 ], [ -82.249095366882841, 28.714586361672563 ], [ -82.249104366883998, 28.714545361662541 ], [ -82.249235366901914, 28.713965361520483 ], [ -82.249341366916497, 28.713497361405864 ], [ -82.249814367024456, 28.712658361192805 ], [ -82.249962367058089, 28.712392361125293 ], [ -82.250097367088884, 28.712152361064383 ], [ -82.250111367092146, 28.712128361058284 ], [ -82.250217367116349, 28.711940361010509 ], [ -82.250870367282531, 28.711279360835153 ], [ -82.251016367318485, 28.711097360787768 ], [ -82.251143367349741, 28.710936360745936 ], [ -82.251116367337517, 28.710810360716518 ], [ -82.250996367283321, 28.710245360584786 ], [ -82.251003367281555, 28.710135360558336 ], [ -82.251029367271954, 28.709637360438673 ], [ -82.2509763672535, 28.709547360418611 ], [ -82.250915367232324, 28.709444360395622 ], [ -82.250754367181202, 28.709314360368925 ], [ -82.250523367111967, 28.70924536035864 ], [ -82.250208367016839, 28.709130360339547 ], [ -82.25007336697162, 28.708951360300482 ], [ -82.249933366917233, 28.708549360208181 ], [ -82.249873366891904, 28.708318360154575 ], [ -82.249770366854506, 28.708097360104592 ], [ -82.249672366825251, 28.708072360101248 ], [ -82.249391366741492, 28.708001360091771 ], [ -82.249162366669495, 28.707834360058058 ], [ -82.249072366639908, 28.707732360036065 ], [ -82.248982366610761, 28.70764236001698 ], [ -82.248929366587319, 28.707408359962521 ], [ -82.249101366626803, 28.707109359886495 ], [ -82.249136366634858, 28.707049359871206 ], [ -82.249420366703305, 28.706650359768297 ], [ -82.249631366758962, 28.706493359725119 ], [ -82.24979036680152, 28.706391359696536 ], [ -82.250004366859329, 28.706272359662378 ], [ -82.250305366943067, 28.706175359631118 ], [ -82.250628367033499, 28.706086359601198 ], [ -82.250835367090076, 28.705989359572495 ], [ -82.250862367097469, 28.705977359568898 ], [ -82.251075367153007, 28.705799359520714 ], [ -82.25117736717354, 28.705539359455873 ], [ -82.251177367169191, 28.70541335942573 ], [ -82.251167367159226, 28.705207359376804 ], [ -82.250958367087179, 28.704872359302374 ], [ -82.250657366993622, 28.70468535926577 ], [ -82.250492366942353, 28.70458235924557 ], [ -82.249878366753236, 28.704252359183222 ], [ -82.249714366702122, 28.704146359162284 ], [ -82.249118366512789, 28.703656359061164 ], [ -82.248648366346188, 28.702769358861875 ], [ -82.248446366274578, 28.70238735877604 ], [ -82.248475366265041, 28.701867358651025 ], [ -82.248606366290289, 28.701499358559623 ], [ -82.248958366376613, 28.701047358442178 ], [ -82.249022366392325, 28.700967358421391 ], [ -82.249273366455199, 28.700682358346576 ], [ -82.249463366498915, 28.70035535826338 ], [ -82.249518366511566, 28.700261358239459 ], [ -82.249572366523921, 28.700165358215045 ], [ -82.249616366534084, 28.700090358195958 ], [ -82.249950366619643, 28.699768358110109 ], [ -82.249984366626748, 28.699689358090318 ], [ -82.250152366661837, 28.699295357991716 ], [ -82.250148366655736, 28.699153357957861 ], [ -82.250106366634668, 28.698893357896871 ], [ -82.25019536665576, 28.698757357862036 ], [ -82.250242366666981, 28.698688357844283 ], [ -82.250379366699605, 28.698484357791873 ], [ -82.250465366720078, 28.698355357758746 ], [ -82.250488366725605, 28.69832335775045 ], [ -82.250527366732868, 28.698208357721956 ], [ -82.250521366722595, 28.697959357662601 ], [ -82.250516366712546, 28.697709357603028 ], [ -82.250510366703153, 28.69748635754992 ], [ -82.250503366689784, 28.697157357471525 ], [ -82.250556366695676, 28.696882357404384 ], [ -82.250763366740486, 28.696444357294219 ], [ -82.25143836690728, 28.695615357078072 ], [ -82.251449366909981, 28.695602357074701 ], [ -82.251742366982384, 28.695242356980877 ], [ -82.251864367010626, 28.695035356928102 ], [ -82.252468367150257, 28.694015356668263 ], [ -82.252718367208217, 28.693595356561186 ], [ -82.253470367390875, 28.692580356298567 ], [ -82.253578367413169, 28.692320356233598 ], [ -82.253502367352354, 28.691192355966116 ], [ -82.253543367354268, 28.690903355895969 ], [ -82.253621367354953, 28.690266355741688 ], [ -82.253740367378455, 28.68994935566279 ], [ -82.254019367448151, 28.68962935557882 ], [ -82.254445367562639, 28.68937335550627 ], [ -82.25478036764909, 28.689068355424403 ], [ -82.255235367768478, 28.688711355326976 ], [ -82.255923367941406, 28.687949355126502 ], [ -82.256205368015145, 28.687721355064497 ], [ -82.25665236813802, 28.687533355007574 ], [ -82.256843368190189, 28.687442354980739 ], [ -82.257061368245701, 28.687223354922544 ], [ -82.257288368299712, 28.686882354835003 ], [ -82.25730636830373, 28.68684835482642 ], [ -82.257404368325865, 28.686666354780311 ], [ -82.257503368348225, 28.686484354734183 ], [ -82.258181368501241, 28.685228354415948 ], [ -82.259471368814502, 28.683482353964198 ], [ -82.259512368824389, 28.683426353949752 ], [ -82.2599733689338, 28.682728353770649 ], [ -82.260098368955752, 28.682315353668574 ], [ -82.260186368968434, 28.681943353577349 ], [ -82.260150368950178, 28.681714353523606 ], [ -82.260148368949089, 28.681700353520295 ], [ -82.25997336888463, 28.681298353428911 ], [ -82.259822368828949, 28.680950353349818 ], [ -82.259747368797306, 28.680660353282526 ], [ -82.259701368777925, 28.680483353241435 ], [ -82.259655368758473, 28.680305353200122 ], [ -82.259605368737297, 28.680111353155144 ], [ -82.259560368705692, 28.679570353027081 ], [ -82.259534368687596, 28.679263352954379 ], [ -82.259568368681173, 28.678789352840219 ], [ -82.259641368667388, 28.677774352595719 ], [ -82.259943368713849, 28.676584352303248 ], [ -82.260153368735146, 28.675435352023069 ], [ -82.260151368724465, 28.67514135195286 ], [ -82.260151368722646, 28.675088351940158 ], [ -82.260135368714842, 28.674996351918598 ], [ -82.260074368685054, 28.674643351835908 ], [ -82.260044368663088, 28.674256351744241 ], [ -82.26012136866558, 28.673681351604746 ], [ -82.260253368679301, 28.672969351431021 ], [ -82.260457368711926, 28.672200351241816 ], [ -82.261087368844628, 28.670757350880105 ], [ -82.261606368946346, 28.669347350529222 ], [ -82.261777368983644, 28.668991350439612 ], [ -82.262203369087089, 28.668414350290298 ], [ -82.263055369307025, 28.667639350082343 ], [ -82.264741369742652, 28.666117349673502 ], [ -82.265906370032269, 28.664736349312317 ], [ -82.266711370240458, 28.664015349118479 ], [ -82.267179370357795, 28.66348834898 ], [ -82.267686370484867, 28.662917348829986 ], [ -82.267774370506785, 28.662814348802989 ], [ -82.267786370507906, 28.662745348786178 ], [ -82.267793370506737, 28.66265334876401 ], [ -82.267807370507938, 28.662568348743317 ], [ -82.267765370482124, 28.662171348649586 ], [ -82.267641370435967, 28.661872348581372 ], [ -82.267427370365041, 28.661609348524276 ], [ -82.267053370255297, 28.66156634852398 ], [ -82.266908370208029, 28.66141034849058 ], [ -82.266659370124827, 28.661085348419562 ], [ -82.266540370082481, 28.660854348367494 ], [ -82.266540370077777, 28.660717348334739 ], [ -82.266823370152991, 28.660524348281076 ], [ -82.267139370241722, 28.660445348253731 ], [ -82.267193370256976, 28.660433348249445 ], [ -82.267238370266497, 28.660331348223842 ], [ -82.267283370276019, 28.660229348198285 ], [ -82.267482370332104, 28.660187348182916 ], [ -82.267644370377155, 28.660132348165408 ], [ -82.267691370390054, 28.660112348159377 ], [ -82.268386370589042, 28.66005234812652 ], [ -82.268836370722369, 28.660143348136241 ], [ -82.269022370776213, 28.660143348131268 ], [ -82.269235370840903, 28.660232348146859 ], [ -82.269990371079572, 28.660820348267237 ], [ -82.270160371133258, 28.660952348294259 ], [ -82.270381371201793, 28.661085348320153 ], [ -82.270670371289938, 28.661217348343918 ], [ -82.270768371319278, 28.661246348348282 ], [ -82.270993371386652, 28.661312348358045 ], [ -82.271199371448446, 28.661376348367789 ], [ -82.27122137145507, 28.661383348368911 ], [ -82.271367371497632, 28.661392348367141 ], [ -82.271514371540462, 28.661401348365409 ], [ -82.272014371686012, 28.661426348358038 ], [ -82.272243371751898, 28.661415348349255 ], [ -82.272386371791882, 28.661375348335852 ], [ -82.272510371825945, 28.661321348319646 ], [ -82.273701372156097, 28.660900348187187 ], [ -82.274009372237913, 28.660688348128296 ], [ -82.274328372315352, 28.660256348016553 ], [ -82.274470372334335, 28.659611347858576 ], [ -82.274588372350209, 28.659079347728245 ], [ -82.274606372352608, 28.658997347708201 ], [ -82.274624372355035, 28.65891634768834 ], [ -82.274716372367379, 28.658500347586468 ], [ -82.274725372366944, 28.658412347565193 ], [ -82.274852372362304, 28.657206347273512 ], [ -82.274876372352011, 28.656704347152907 ], [ -82.274826372320362, 28.656203347034491 ], [ -82.274099372055204, 28.654607346672417 ], [ -82.273608371885487, 28.653802346493094 ], [ -82.272833371628437, 28.652845346285044 ], [ -82.271472371176969, 28.651163345919258 ], [ -82.270503370862428, 28.650168345707289 ], [ -82.270072370725032, 28.649799345630541 ], [ -82.269214370455586, 28.64918134550571 ], [ -82.269201370451569, 28.649173345504124 ], [ -82.268857370344875, 28.648965345463598 ], [ -82.268513370238182, 28.648756345422822 ], [ -82.268305370173664, 28.648629345398007 ], [ -82.267304369870061, 28.648223345327651 ], [ -82.267010369782, 28.648136345314686 ], [ -82.266397369602544, 28.648075345316492 ], [ -82.265000369203037, 28.648213345386782 ], [ -82.264797369144361, 28.648214345392436 ], [ -82.264148368951837, 28.648076345376751 ], [ -82.263632368798767, 28.647967345364449 ], [ -82.263115368645387, 28.647857345351966 ], [ -82.262777368545429, 28.647793345345672 ], [ -82.262437368444751, 28.647727345338971 ], [ -82.262264368391243, 28.64762534531922 ], [ -82.26215936835608, 28.647486345288783 ], [ -82.262054368320946, 28.647348345258571 ], [ -82.261721368218389, 28.647168345224401 ], [ -82.261336368103031, 28.647052345206944 ], [ -82.260861367963258, 28.646985345203614 ], [ -82.26056836787977, 28.647022345220286 ], [ -82.260234367786978, 28.647134345255967 ], [ -82.259645367621985, 28.647293345309713 ], [ -82.259067367456566, 28.647346345337784 ], [ -82.258713367355057, 28.647373345353667 ], [ -82.25851436730369, 28.647555345402552 ], [ -82.258451367291812, 28.647740345448462 ], [ -82.258391367280538, 28.647917345492377 ], [ -82.258344367277772, 28.648234345569417 ], [ -82.258409367302264, 28.648400345607349 ], [ -82.258474367326727, 28.64856534564505 ], [ -82.258500367335927, 28.648614345656121 ], [ -82.258462367327297, 28.648681345673154 ], [ -82.258342367295569, 28.648770345697638 ], [ -82.258280367277777, 28.648773345700004 ], [ -82.258220367260563, 28.648778345702784 ], [ -82.258094367224416, 28.64878834570851 ], [ -82.257890367164961, 28.648775345710902 ], [ -82.257538367065052, 28.648831345733644 ], [ -82.257368367017449, 28.648878345749399 ], [ -82.257105366944415, 28.648968345777948 ], [ -82.256953366900078, 28.648956345779162 ], [ -82.256843366865354, 28.648873345762244 ], [ -82.256814366855693, 28.648835345753898 ], [ -82.256795366841672, 28.648587345695109 ], [ -82.256857366851406, 28.648349345636586 ], [ -82.256842366823022, 28.647646345468928 ], [ -82.256803366781639, 28.646769345260275 ], [ -82.256764366740256, 28.645892345051625 ], [ -82.256753366728844, 28.645651344994285 ], [ -82.256887366753219, 28.645230344890031 ], [ -82.257168366823066, 28.644897344802938 ], [ -82.257511366911984, 28.644596344721791 ], [ -82.257540366919571, 28.64457134471504 ], [ -82.257805366987483, 28.644315344646778 ], [ -82.259449367414746, 28.642902344265043 ], [ -82.259639367459712, 28.642610344190164 ], [ -82.259662367463747, 28.642534344171402 ], [ -82.259889367504002, 28.641792343987902 ], [ -82.259904367505229, 28.64170134396575 ], [ -82.25991536750594, 28.641629343948214 ], [ -82.259930367507096, 28.641536343925569 ], [ -82.259950367508665, 28.641412343895436 ], [ -82.259937367489073, 28.640951343785503 ], [ -82.259721367401994, 28.640233343619574 ], [ -82.259655367369191, 28.639833343525734 ], [ -82.259625367354261, 28.639652343483263 ], [ -82.25968536735526, 28.639174343367305 ], [ -82.259855367388639, 28.638712343252326 ], [ -82.26012536746245, 28.638586343214985 ], [ -82.260386367528298, 28.638304343140604 ], [ -82.260618367579056, 28.637827343020362 ], [ -82.260727367602655, 28.637595342961941 ], [ -82.260798367612807, 28.637292342887616 ], [ -82.26077136759983, 28.637141342852221 ], [ -82.260743367586599, 28.636991342817062 ], [ -82.260700367565661, 28.636743342758908 ], [ -82.260158367350812, 28.635049342368294 ], [ -82.259971367287037, 28.634767342305842 ], [ -82.259475367135309, 28.634527342261677 ], [ -82.258904366952706, 28.634021342155862 ], [ -82.258654366867702, 28.633651342074085 ], [ -82.258378366782111, 28.63348334204127 ], [ -82.257764366601819, 28.633406342039187 ], [ -82.257014366382975, 28.633354342046779 ], [ -82.256787366314029, 28.633259342030119 ], [ -82.256549366241785, 28.633159342012497 ], [ -82.256134366112335, 28.632887341958522 ], [ -82.255454365909188, 28.632700341931958 ], [ -82.255376365883933, 28.632621341915108 ], [ -82.254744365679031, 28.631977341777958 ], [ -82.253700365331653, 28.630657341490078 ], [ -82.253561365284014, 28.630440341441854 ], [ -82.253484365244333, 28.629931341322227 ], [ -82.253400365213679, 28.62974634128021 ], [ -82.253243365164124, 28.629625341255444 ], [ -82.252327364885502, 28.629230341185412 ], [ -82.252120364822559, 28.629141341169614 ], [ -82.251936364767957, 28.62910134116494 ], [ -82.251660364693109, 28.629247341207208 ], [ -82.251072364538544, 28.629704341332193 ], [ -82.250893364490238, 28.629804341360881 ], [ -82.250682364433118, 28.629920341394214 ], [ -82.25045836437458, 28.630104341444191 ], [ -82.250231364308789, 28.630100341449289 ], [ -82.250004364242912, 28.630095341454169 ], [ -82.249767364176805, 28.630166341477437 ], [ -82.249462364089325, 28.630190341491321 ], [ -82.249176364004157, 28.63012034148219 ], [ -82.24870836386593, 28.630039341475346 ], [ -82.248412363774634, 28.629874341443728 ], [ -82.248296363735932, 28.629724341410984 ], [ -82.248127363679629, 28.629507341363549 ], [ -82.248086363658359, 28.629232341298877 ], [ -82.248197363681783, 28.62897834123514 ], [ -82.247582363491091, 28.628608341163044 ], [ -82.247400363431822, 28.628414341121463 ], [ -82.247340363403126, 28.628082341043701 ], [ -82.24729336337856, 28.627762340968356 ], [ -82.247190363340721, 28.627528340915156 ], [ -82.247061363291721, 28.62718734083704 ], [ -82.246863363230403, 28.627069340814121 ], [ -82.246537363133356, 28.626990340803857 ], [ -82.246284363060411, 28.626998340812552 ], [ -82.2460723629965, 28.626924340800478 ], [ -82.24595136295639, 28.626775340768084 ], [ -82.245980362958946, 28.626604340726391 ], [ -82.246149362997045, 28.62628834064629 ], [ -82.24628736302482, 28.625933340557701 ], [ -82.246274363012901, 28.625695340501139 ], [ -82.245809362864705, 28.625296340418075 ], [ -82.245785362847784, 28.625004340348859 ], [ -82.245806362843467, 28.62470034027557 ], [ -82.245900362867161, 28.624598340248681 ], [ -82.246050362905891, 28.624462340212165 ], [ -82.246302362974262, 28.624328340173378 ], [ -82.246464363012521, 28.624076340108822 ], [ -82.246606363045203, 28.623831340046419 ], [ -82.246692363068107, 28.623772340029991 ], [ -82.24680336310017, 28.623771340026778 ], [ -82.246940363142002, 28.623835340038468 ], [ -82.247063363177887, 28.623845340037541 ], [ -82.247203363216556, 28.623789340020451 ], [ -82.247286363231908, 28.623537339957981 ], [ -82.247321363227385, 28.623108339854429 ], [ -82.247359363218735, 28.622533339715826 ], [ -82.2472583631845, 28.622388339683866 ], [ -82.247117363140561, 28.622295339665381 ], [ -82.246987363095101, 28.622067339614318 ], [ -82.246873363043605, 28.621526339487882 ], [ -82.246798363012147, 28.621240339421497 ], [ -82.246621362950606, 28.620939339354166 ], [ -82.246473362898357, 28.620664339292343 ], [ -82.246341362839573, 28.620062339151836 ], [ -82.246128362771046, 28.61986033910917 ], [ -82.245764362661362, 28.61973333908853 ], [ -82.245457362568473, 28.619615339068496 ], [ -82.24532936252885, 28.619540339053923 ], [ -82.245082362458803, 28.61958233907054 ], [ -82.24491836241431, 28.619668339095497 ], [ -82.244548362309501, 28.619733339120906 ], [ -82.244470362286279, 28.619715339118674 ], [ -82.244048362160839, 28.61961733910648 ], [ -82.242905361814778, 28.619170339029981 ], [ -82.242688361745081, 28.618969338987661 ], [ -82.242458361657469, 28.61835333884644 ], [ -82.24247536164323, 28.617792338711755 ], [ -82.242601361664484, 28.617349338602413 ], [ -82.242796361707931, 28.616968338506048 ], [ -82.243333361852109, 28.616640338413266 ], [ -82.243409361865432, 28.616387338350741 ], [ -82.243325361827658, 28.615994338258961 ], [ -82.242971361714368, 28.61567533819208 ], [ -82.242028361427117, 28.615255338116683 ], [ -82.241779361347213, 28.615026338068539 ], [ -82.241567361271521, 28.614607337973894 ], [ -82.241604361272891, 28.614333337907368 ], [ -82.241772361313991, 28.614114337850488 ], [ -82.242165361415132, 28.613745337751766 ], [ -82.242240361422375, 28.61332333764879 ], [ -82.241934361322933, 28.613003337580391 ], [ -82.241551361207939, 28.612881337561397 ], [ -82.241137361088661, 28.61289833757645 ], [ -82.240776360989997, 28.613067337626532 ], [ -82.240755360987038, 28.613159337649098 ], [ -82.240733360983768, 28.613250337671452 ], [ -82.240603360949294, 28.613342337696931 ], [ -82.240201360837375, 28.613469337738017 ], [ -82.239991360776372, 28.613464337742361 ], [ -82.239789360716031, 28.613409337734613 ], [ -82.238818360417937, 28.612908337640611 ], [ -82.238191360223524, 28.612530337566842 ], [ -82.23790336013181, 28.612283337515382 ], [ -82.237610360034907, 28.611929337438465 ], [ -82.237466359987252, 28.611755337400691 ], [ -82.23711035986058, 28.611063337244602 ], [ -82.236662359706798, 28.610357337087564 ], [ -82.236264359578527, 28.609973337006267 ], [ -82.235885359459587, 28.609702336951532 ], [ -82.235545359356607, 28.609568336928497 ], [ -82.234903359164463, 28.609383336901303 ], [ -82.234763359120848, 28.609292336883247 ], [ -82.234684359095866, 28.609229336870275 ], [ -82.234514359042009, 28.609093336842257 ], [ -82.234451359020753, 28.609005336822875 ], [ -82.23420635893828, 28.608667336748528 ], [ -82.2340743588869, 28.608281336659676 ], [ -82.234006358851744, 28.607828336553091 ], [ -82.234042358844832, 28.60732033643059 ], [ -82.234052358844167, 28.60721533640519 ], [ -82.234075358849097, 28.607164336392394 ], [ -82.234132358861189, 28.60703633636022 ], [ -82.234550358972058, 28.606740336278289 ], [ -82.234621358987098, 28.606579336237871 ], [ -82.234681358993342, 28.606255336158718 ], [ -82.234631358965132, 28.605852336063588 ], [ -82.234565358938241, 28.605624336010795 ], [ -82.234293358839949, 28.605051335880926 ], [ -82.234023358742419, 28.604483335752157 ], [ -82.234025358736361, 28.604289335705715 ], [ -82.233800358658641, 28.603920335623357 ], [ -82.233414358541097, 28.603749335592735 ], [ -82.233106358440637, 28.603416335521214 ], [ -82.232789358329654, 28.602854335395168 ], [ -82.232743358294911, 28.602226335246087 ], [ -82.232896358328972, 28.601927335170465 ], [ -82.233137358390849, 28.601696335108805 ], [ -82.233351358447223, 28.601534335064322 ], [ -82.233429358464292, 28.601372335023441 ], [ -82.233368358436422, 28.601073334953547 ], [ -82.233222358386541, 28.60084933490382 ], [ -82.233012358314198, 28.600511334828493 ], [ -82.232750358230177, 28.600270334777768 ], [ -82.232580358179007, 28.600212334768443 ], [ -82.232384358122275, 28.60021333477388 ], [ -82.23229435810039, 28.600335334805457 ], [ -82.232239358090197, 28.600502334846915 ], [ -82.232057358038702, 28.600536334859875 ], [ -82.231665357925706, 28.60055033487367 ], [ -82.231300357819734, 28.600540334880957 ], [ -82.230948357718361, 28.600553334893441 ], [ -82.230622357623631, 28.600543334899683 ], [ -82.23036035753961, 28.600302334849012 ], [ -82.230057357444863, 28.600096334807755 ], [ -82.229824357377495, 28.600097334814208 ], [ -82.229577357313474, 28.600316334873153 ], [ -82.229279357239093, 28.600663334964164 ], [ -82.228654357060989, 28.600745335000354 ], [ -82.228261356939853, 28.600529334959145 ], [ -82.227881356819339, 28.60022033489529 ], [ -82.227761356775204, 28.599944334832433 ], [ -82.227956356824137, 28.599724334774567 ], [ -82.228176356881136, 28.599528334721796 ], [ -82.228108356849305, 28.599172334638446 ], [ -82.22771635673152, 28.599046334618684 ], [ -82.227248356600441, 28.5991743346618 ], [ -82.226960356514425, 28.599095334650521 ], [ -82.226945356499485, 28.598785334576689 ], [ -82.22721935657556, 28.598691334546928 ], [ -82.227480356648712, 28.598620334522998 ], [ -82.227562356666155, 28.598437334477048 ], [ -82.227248356569007, 28.598253334441345 ], [ -82.226844356444644, 28.598036334400131 ], [ -82.2262413562581, 28.597682334331431 ], [ -82.225547356046349, 28.597362334273285 ], [ -82.22493235585425, 28.596950334191035 ], [ -82.224515355715823, 28.596429334077413 ], [ -82.224301355632093, 28.595791333930368 ], [ -82.22422935560661, 28.595655333899728 ], [ -82.224060355550762, 28.595451333855401 ], [ -82.223643355415547, 28.595026333764729 ], [ -82.223134355253038, 28.594579333671323 ], [ -82.222565355075773, 28.594211333598331 ], [ -82.221953354885102, 28.593814333519585 ], [ -82.221841354848848, 28.593702333495759 ], [ -82.221777354828149, 28.593638333482136 ], [ -82.221683354794635, 28.593453333440362 ], [ -82.221671354788342, 28.593369333420554 ], [ -82.221653354778837, 28.593244333391102 ], [ -82.221724354792187, 28.59303333333872 ], [ -82.221768354802734, 28.592969333322205 ], [ -82.221841354820185, 28.592862333294661 ], [ -82.22215935490415, 28.592625333229499 ], [ -82.222284354932881, 28.592406333173738 ], [ -82.222318354934941, 28.592179333118516 ], [ -82.222305354917708, 28.591783333024029 ], [ -82.2222293548908, 28.591640332991837 ], [ -82.222174354871299, 28.591534332967907 ], [ -82.221475354635615, 28.590555332752146 ], [ -82.221278354564035, 28.590129332655401 ], [ -82.221220354537948, 28.589855332591355 ], [ -82.221214354517699, 28.589313332461774 ], [ -82.221089354464254, 28.588806332343704 ], [ -82.220969354418131, 28.58847333226716 ], [ -82.220911354395952, 28.588314332230631 ], [ -82.220854354373998, 28.588155332194113 ], [ -82.220824354362549, 28.588073332175291 ], [ -82.220403354210532, 28.587188331974559 ], [ -82.220354354192779, 28.587084331951019 ], [ -82.220316354175154, 28.586890331905558 ], [ -82.220351354181176, 28.586769331875679 ], [ -82.220566354231508, 28.586419331786129 ], [ -82.220537354216219, 28.586218331738795 ], [ -82.220571354222201, 28.586104331710597 ], [ -82.220442354179113, 28.585936331673828 ], [ -82.220292354124993, 28.585622331602654 ], [ -82.220280354120348, 28.585587331594564 ], [ -82.220179354080628, 28.585280331523759 ], [ -82.219589353849059, 28.58349633111229 ], [ -82.219287353733165, 28.582659330919931 ], [ -82.219119353675183, 28.582386330859045 ], [ -82.219006353638378, 28.582265330833081 ], [ -82.218878353596736, 28.582129330803905 ], [ -82.21852435348724, 28.581923330763946 ], [ -82.218426353456863, 28.581865330752713 ], [ -82.218258353402504, 28.581696330716674 ], [ -82.217953353302534, 28.581353330642649 ], [ -82.217309353083493, 28.580394330430163 ], [ -82.217256353065295, 28.580310330411461 ], [ -82.217193353043584, 28.580208330388679 ], [ -82.217116353017317, 28.580092330362952 ], [ -82.216953352961852, 28.579848330308874 ], [ -82.216712352879867, 28.579490330229522 ], [ -82.216653352859836, 28.579402330210026 ], [ -82.216594352839749, 28.579314330190584 ], [ -82.21640635277582, 28.579034330128472 ], [ -82.215758352538927, 28.577586329798994 ], [ -82.215403352418335, 28.577063329683199 ], [ -82.215301352383747, 28.576913329649976 ], [ -82.213727351875548, 28.575368329321766 ], [ -82.212831351593394, 28.574698329185139 ], [ -82.212632351530871, 28.574553329155698 ], [ -82.211954351317885, 28.574060329055609 ], [ -82.20970635062362, 28.572780328808726 ], [ -82.208187350159463, 28.572059328676374 ], [ -82.207875350067866, 28.572021328675586 ], [ -82.207740350028658, 28.572017328678154 ], [ -82.207674350009455, 28.572015328679445 ], [ -82.207390349925774, 28.571972328676654 ], [ -82.207187349865976, 28.571941328674647 ], [ -82.20698334980591, 28.571911328672886 ], [ -82.206960349800511, 28.571948328682321 ], [ -82.207012349819067, 28.572050328705409 ], [ -82.206541349685367, 28.572127328736311 ], [ -82.206124349566537, 28.572183328760818 ], [ -82.20548034938183, 28.572233328789871 ], [ -82.205213349305666, 28.572264328804355 ], [ -82.204200349012268, 28.572259328830047 ], [ -82.20273734858587, 28.572172328848023 ], [ -82.201953348360931, 28.572231328882989 ], [ -82.201374348196865, 28.572335328923259 ], [ -82.20099234809004, 28.572445328959699 ], [ -82.200508347957594, 28.57266932902618 ], [ -82.200222347874941, 28.572673329034782 ], [ -82.200120347850302, 28.572817329071967 ], [ -82.200018347825704, 28.572961329109113 ], [ -82.199912347798715, 28.573070329138027 ], [ -82.199787347764271, 28.573120329153316 ], [ -82.199556347699385, 28.57318032917383 ], [ -82.199382347648196, 28.573154329172226 ], [ -82.199232347603441, 28.573115329166868 ], [ -82.199095347560984, 28.573033329150885 ], [ -82.19897034752421, 28.573016329150143 ], [ -82.198896347503165, 28.573027329154701 ], [ -82.198865347497431, 28.57312132917809 ], [ -82.198833347494499, 28.5733083292237 ], [ -82.198709347471137, 28.573675329314867 ], [ -82.198435347409472, 28.574193329446199 ], [ -82.198154347334835, 28.574391329501076 ], [ -82.197930347273001, 28.574479329528089 ], [ -82.197818347244109, 28.574583329555942 ], [ -82.197743347231039, 28.574836329618556 ], [ -82.197568347185239, 28.574979329657442 ], [ -82.19740634714455, 28.57516132970531 ], [ -82.197251347106416, 28.575359329756854 ], [ -82.197101347068212, 28.57551332979773 ], [ -82.196615346933584, 28.575689329852761 ], [ -82.196546346913806, 28.575695329856053 ], [ -82.196447346884, 28.575662329850733 ], [ -82.196397346866362, 28.575568329829547 ], [ -82.196347346845116, 28.57537032978346 ], [ -82.196316346833711, 28.575299329767279 ], [ -82.196278346821799, 28.575271329761609 ], [ -82.196179346793315, 28.575277329765651 ], [ -82.196148346787737, 28.575376329790217 ], [ -82.196135346787315, 28.575475329814257 ], [ -82.196110346781381, 28.575513329824027 ], [ -82.196042346763392, 28.575563329837784 ], [ -82.195817346696387, 28.575508329830623 ], [ -82.195636346642871, 28.575475329827487 ], [ -82.195531346612341, 28.575469329828852 ], [ -82.195412346578053, 28.575475329833431 ], [ -82.195088346485775, 28.575519329852572 ], [ -82.195001346460003, 28.575502329850799 ], [ -82.194895346427799, 28.575458329843059 ], [ -82.194852346413484, 28.575403329831058 ], [ -82.194841346409035, 28.575365329822233 ], [ -82.194820346400334, 28.575288329804373 ], [ -82.194789346390792, 28.575271329801112 ], [ -82.194751346379405, 28.575260329799502 ], [ -82.194702346365233, 28.575260329800798 ], [ -82.194621346342714, 28.575288329809652 ], [ -82.194571346329411, 28.575322329819098 ], [ -82.194490346305571, 28.575311329818636 ], [ -82.194465346297392, 28.575283329812606 ], [ -82.194440346284864, 28.575128329776131 ], [ -82.19440934627238, 28.575024329752033 ], [ -82.194377346261021, 28.574963329738253 ], [ -82.194334346246904, 28.57491432972768 ], [ -82.194197346205002, 28.574848329715497 ], [ -82.19409734617588, 28.57484232971672 ], [ -82.193935346131994, 28.574930329742106 ], [ -82.193742346077954, 28.574985329760377 ], [ -82.193686346060659, 28.574952329753984 ], [ -82.193636346043519, 28.574875329736823 ], [ -82.193661346046881, 28.574760329708649 ], [ -82.19379834607868, 28.574529329649696 ], [ -82.193829346083675, 28.574413329621084 ], [ -82.193829346079539, 28.574292329592119 ], [ -82.193748346052544, 28.574188329569356 ], [ -82.193586346004892, 28.574165329568146 ], [ -82.193368345941792, 28.574166329574165 ], [ -82.193206345893401, 28.574122329567935 ], [ -82.193019345831445, 28.573891329517597 ], [ -82.192875345786945, 28.573808329501507 ], [ -82.192720345742998, 28.573835329512082 ], [ -82.192564345700475, 28.573912329534679 ], [ -82.19244534567072, 28.574050329570884 ], [ -82.192358345651741, 28.574232329616766 ], [ -82.192121345596235, 28.574618329715516 ], [ -82.192040345576757, 28.574733329745193 ], [ -82.191997345567486, 28.574827329768823 ], [ -82.191860345531012, 28.574920329794722 ], [ -82.191754345500883, 28.57493732980161 ], [ -82.191673345477426, 28.57493732980377 ], [ -82.191561345442153, 28.574854329786866 ], [ -82.191529345427881, 28.574706329752299 ], [ -82.191554345431541, 28.574601329726466 ], [ -82.191617345448677, 28.574568329716922 ], [ -82.191635345452241, 28.574519329704707 ], [ -82.191654345451099, 28.574326329657964 ], [ -82.191587345428985, 28.574246329640538 ], [ -82.191553345417773, 28.57420532963167 ], [ -82.191372345361088, 28.574079329606263 ], [ -82.191251345323934, 28.574017329594632 ], [ -82.191180345302129, 28.573980329587691 ], [ -82.191105345276483, 28.573864329561889 ], [ -82.191081345263186, 28.573677329517704 ], [ -82.190975345228509, 28.573561329492755 ], [ -82.19063234511988, 28.573286329435984 ], [ -82.190457345060608, 28.57303332938006 ], [ -82.190420345046562, 28.572934329357306 ], [ -82.190345345023317, 28.572890329348734 ], [ -82.190258344997204, 28.572863329344582 ], [ -82.190083344950125, 28.572967329374166 ], [ -82.190015344934764, 28.57309432940637 ], [ -82.189909344912095, 28.573330329465698 ], [ -82.189853344901849, 28.573506329509357 ], [ -82.189741344872459, 28.573595329533653 ], [ -82.189384344771412, 28.573661329558927 ], [ -82.189229344725035, 28.573617329552505 ], [ -82.189180344703701, 28.573408329503703 ], [ -82.189136344687981, 28.573319329483557 ], [ -82.189061344663457, 28.573237329465943 ], [ -82.18891834462076, 28.573198329460382 ], [ -82.188700344559322, 28.573248329478123 ], [ -82.1884193444793, 28.573286329494696 ], [ -82.188332344453528, 28.573269329492913 ], [ -82.188282344437582, 28.573225329483705 ], [ -82.188376344460309, 28.573094329449816 ], [ -82.188388344461686, 28.573033329434946 ], [ -82.188313344438072, 28.572977329423502 ], [ -82.188245344418974, 28.57299432942937 ], [ -82.188027344359028, 28.573087329457422 ], [ -82.187877344316391, 28.573109329466668 ], [ -82.187752344281293, 28.573142329477882 ], [ -82.187665344254441, 28.573093329468453 ], [ -82.187740344265492, 28.572779329391256 ], [ -82.187640344234268, 28.572713329378097 ], [ -82.187478344190382, 28.572801329403482 ], [ -82.187322344146338, 28.57283432941556 ], [ -82.187148344096329, 28.572845329422776 ], [ -82.18703034405732, 28.572702329391667 ], [ -82.186998344046586, 28.572658329381976 ], [ -82.186961344027807, 28.5724223293264 ], [ -82.187029344026342, 28.571800329175652 ], [ -82.187229344050166, 28.570799328930555 ], [ -82.187397344085468, 28.57040832883246 ], [ -82.187322344055147, 28.570155328773854 ], [ -82.187260344033476, 28.57004532874917 ], [ -82.187335344051675, 28.569941328722233 ], [ -82.187503344099156, 28.569908328709889 ], [ -82.187684344152501, 28.569936328711794 ], [ -82.187877344206669, 28.569886328694714 ], [ -82.188008344241936, 28.569809328672758 ], [ -82.188058344251587, 28.569666328637204 ], [ -82.18805134424278, 28.569468328589949 ], [ -82.187989344221521, 28.569369328567905 ], [ -82.187914344197353, 28.569298328552904 ], [ -82.187852344178708, 28.569276328549279 ], [ -82.187696344133911, 28.569287328556015 ], [ -82.187634344113704, 28.569221328541836 ], [ -82.187584344095129, 28.569100328514207 ], [ -82.18740234403981, 28.569022328500314 ], [ -82.187366344028803, 28.569006328497487 ], [ -82.18717334397104, 28.568951328489398 ], [ -82.187079343941988, 28.568896328478747 ], [ -82.187012343920685, 28.568840328467076 ], [ -82.18686134387265, 28.56871432844094 ], [ -82.186606343794537, 28.568587328417259 ], [ -82.18635634372103, 28.56855432841601 ], [ -82.186275343697574, 28.568554328418159 ], [ -82.186201343678036, 28.568609328433276 ], [ -82.186188343677884, 28.568714328458778 ], [ -82.186232343693405, 28.568796328477205 ], [ -82.186207343688608, 28.568869328495406 ], [ -82.186219343695669, 28.568973328519967 ], [ -82.186169343683446, 28.569039328537109 ], [ -82.186101343665612, 28.569094328552108 ], [ -82.185908343612553, 28.569177328577094 ], [ -82.185733343566156, 28.56930332861193 ], [ -82.185727343567052, 28.569380328630501 ], [ -82.185752343581782, 28.56960032868254 ], [ -82.185752343589854, 28.569837328739329 ], [ -82.185690343578457, 28.570030328787176 ], [ -82.18549034352661, 28.570206328834665 ], [ -82.185278343466891, 28.570255328852006 ], [ -82.185023343393638, 28.570272328862838 ], [ -82.184848343342978, 28.570272328867496 ], [ -82.184717343304087, 28.570244328864266 ], [ -82.184655343285243, 28.570217328859478 ], [ -82.184618343272447, 28.570156328845815 ], [ -82.184643343274828, 28.570013328810848 ], [ -82.184630343267514, 28.569909328786341 ], [ -82.184568343248642, 28.569881328781282 ], [ -82.184474343221368, 28.569881328783776 ], [ -82.184399343199317, 28.569870328783107 ], [ -82.184350343184178, 28.569842328777717 ], [ -82.184306343165673, 28.569672328738143 ], [ -82.184331343165198, 28.56944632868333 ], [ -82.184237343133503, 28.569314328654212 ], [ -82.184088343086984, 28.569215328634467 ], [ -82.183857343015632, 28.569083328608961 ], [ -82.183814342999653, 28.568979328585229 ], [ -82.18380134299062, 28.568824328548434 ], [ -82.183758342976105, 28.568763328534949 ], [ -82.183664342949967, 28.568796328545307 ], [ -82.183508342908297, 28.568896328573452 ], [ -82.183334342858259, 28.568907328580668 ], [ -82.183253342833268, 28.568862328572017 ], [ -82.183122342790085, 28.568708328538676 ], [ -82.183122342788053, 28.568648328524279 ], [ -82.183240342811942, 28.56834532844853 ], [ -82.183215342801518, 28.568251328426708 ], [ -82.183172342787401, 28.568202328416092 ], [ -82.183085342761615, 28.568185328414323 ], [ -82.183010342739863, 28.568185328416305 ], [ -82.18277334266979, 28.568141328412036 ], [ -82.18266734263706, 28.568081328400527 ], [ -82.182536342597786, 28.568042328394647 ], [ -82.182087342471021, 28.568136328429063 ], [ -82.181975342440253, 28.568185328443736 ], [ -82.181863342410836, 28.568273328467811 ], [ -82.181782342387777, 28.568284328472611 ], [ -82.181682342358627, 28.568279328474031 ], [ -82.181626342341715, 28.568257328470239 ], [ -82.181614342335578, 28.568180328452151 ], [ -82.18161434233275, 28.568097328432241 ], [ -82.181583342321787, 28.568037328418722 ], [ -82.18153934230827, 28.568015328414628 ], [ -82.181477342290478, 28.568020328417461 ], [ -82.181433342278496, 28.568042328423896 ], [ -82.181271342239299, 28.568268328482318 ], [ -82.181209342224861, 28.5683723285089 ], [ -82.181165342213674, 28.568417328520844 ], [ -82.180860342131922, 28.568609328574887 ], [ -82.180741342101612, 28.568730328607003 ], [ -82.180698342091787, 28.568807328626633 ], [ -82.180684342088242, 28.568823328630845 ], [ -82.180598342066787, 28.5689243286573 ], [ -82.180317341987134, 28.568973328676474 ], [ -82.180199341952431, 28.568957328675811 ], [ -82.180137341933374, 28.568925328669756 ], [ -82.180093341919857, 28.568902328665416 ], [ -82.179912341861282, 28.568720328626632 ], [ -82.179875341850178, 28.568709328625001 ], [ -82.179788341824974, 28.568709328627303 ], [ -82.179719341806333, 28.568748328638435 ], [ -82.17968234179807, 28.568819328656399 ], [ -82.179676341797418, 28.568852328664519 ], [ -82.179582341770967, 28.568874328672266 ], [ -82.17954534175918, 28.568841328665318 ], [ -82.179501341741187, 28.568687328629647 ], [ -82.179464341728007, 28.56861532861333 ], [ -82.179414341712459, 28.568583328607009 ], [ -82.179339341691247, 28.568599328612859 ], [ -82.179239341663987, 28.568648328627241 ], [ -82.179196341654006, 28.568720328645629 ], [ -82.179140341639666, 28.568775328660248 ], [ -82.179096341627897, 28.568803328668157 ], [ -82.179028341608955, 28.568825328675253 ], [ -82.178959341588794, 28.568819328675584 ], [ -82.178903341571427, 28.568786328669169 ], [ -82.178865341558733, 28.568737328658468 ], [ -82.17873534151795, 28.568643328639407 ], [ -82.178654341489604, 28.568500328607264 ], [ -82.17855434145676, 28.568384328582137 ], [ -82.17840434141165, 28.568335328574388 ], [ -82.178224341359311, 28.568329328577736 ], [ -82.17804334130841, 28.568373328593086 ], [ -82.177893341267577, 28.568450328615477 ], [ -82.177762341230633, 28.568478328625652 ], [ -82.177632341193203, 28.568483328630354 ], [ -82.177501341154894, 28.568472328631163 ], [ -82.177401341125176, 28.568450328628529 ], [ -82.177332341104062, 28.568417328622495 ], [ -82.177357341108674, 28.568340328603337 ], [ -82.177501341144989, 28.568181328561437 ], [ -82.177532341151874, 28.56812032854598 ], [ -82.177519341144773, 28.568021328522626 ], [ -82.177451341123046, 28.567961328510034 ], [ -82.177145341035711, 28.567999328527272 ], [ -82.177058341008888, 28.567950328517853 ], [ -82.176952340975348, 28.567867328500771 ], [ -82.176740340910072, 28.567752328478843 ], [ -82.176653340884116, 28.567730328475879 ], [ -82.176578340862434, 28.567730328477875 ], [ -82.176541340853362, 28.567779328490587 ], [ -82.176510340847031, 28.567856328509876 ], [ -82.176510340849291, 28.567922328525682 ], [ -82.176479340843457, 28.568016328549017 ], [ -82.176447340836106, 28.568071328563025 ], [ -82.176416340827529, 28.568082328566504 ], [ -82.17636634081299, 28.56808232856784 ], [ -82.176273340784761, 28.568043328560929 ], [ -82.176142340741791, 28.567895328528934 ], [ -82.17611134073077, 28.567834328515193 ], [ -82.176061340708813, 28.567614328463804 ], [ -82.175999340688065, 28.567532328445772 ], [ -82.17586234064801, 28.567520328446562 ], [ -82.175737340612926, 28.567553328457748 ], [ -82.175625340580694, 28.567559328462149 ], [ -82.175226340460398, 28.56741732843874 ], [ -82.175145340436927, 28.567417328440889 ], [ -82.175083340420457, 28.56746132845306 ], [ -82.175008340402101, 28.567559328478509 ], [ -82.174997340399159, 28.567565328480288 ], [ -82.174933340381727, 28.567598328489847 ], [ -82.174821340347975, 28.567559328483448 ], [ -82.174721340316012, 28.567471328465086 ], [ -82.174640340288462, 28.567350328438206 ], [ -82.174640340285478, 28.567262328417122 ], [ -82.174696340298823, 28.567179328395788 ], [ -82.174746340311998, 28.567141328385361 ], [ -82.17477134031715, 28.567080328370068 ], [ -82.174740340305021, 28.566987328348596 ], [ -82.174653340277061, 28.566904328331002 ], [ -82.174547340243976, 28.566833328316829 ], [ -82.174435340209669, 28.566778328306626 ], [ -82.17432934017765, 28.566739328300095 ], [ -82.174229340148656, 28.566739328302742 ], [ -82.174142340124092, 28.566756328309133 ], [ -82.174098340114355, 28.566844328331388 ], [ -82.174061340107528, 28.566959328359907 ], [ -82.174048340106566, 28.567042328380158 ], [ -82.173998340094911, 28.567124328401107 ], [ -82.17392434007499, 28.567168328413608 ], [ -82.17379334003688, 28.567163328415891 ], [ -82.173587339974816, 28.567091328404103 ], [ -82.173257339879086, 28.567086328411616 ], [ -82.173014339811701, 28.567174328439151 ], [ -82.172914339782949, 28.567179328443039 ], [ -82.172833339757972, 28.567135328434649 ], [ -82.172789339741882, 28.567036328412055 ], [ -82.172814339745244, 28.566921328383852 ], [ -82.1728833397611, 28.566800328353072 ], [ -82.173132339825344, 28.566569328291141 ], [ -82.173163339827141, 28.566359328239969 ], [ -82.173145339817268, 28.566222328207608 ], [ -82.173070339792204, 28.56612332818592 ], [ -82.172945339754278, 28.566073328177225 ], [ -82.172815339718056, 28.566112328190012 ], [ -82.172733339697061, 28.56619432821185 ], [ -82.172603339661862, 28.56626632823254 ], [ -82.172478339625869, 28.56627132823704 ], [ -82.172384339598068, 28.566255328235741 ], [ -82.172291339566826, 28.56612832820776 ], [ -82.172279339560021, 28.566029328184378 ], [ -82.172279339556468, 28.565925328159427 ], [ -82.17221633953524, 28.56583732814002 ], [ -82.172123339506797, 28.565792328131714 ], [ -82.172017339478529, 28.565864328151754 ], [ -82.171792339424954, 28.566204328239166 ], [ -82.171580339369058, 28.566364328283118 ], [ -82.171387339315572, 28.566435328305282 ], [ -82.171175339255711, 28.56647932832146 ], [ -82.170970339195449, 28.566452328320374 ], [ -82.170833339154299, 28.566408328313457 ], [ -82.170727339119651, 28.566292328288483 ], [ -82.17062733908601, 28.566155328258322 ], [ -82.170515339050752, 28.566072328241379 ], [ -82.170328338998132, 28.566116328256907 ], [ -82.170153338950826, 28.566215328285288 ], [ -82.170072338930595, 28.566309328309924 ], [ -82.170010338917322, 28.566446328344405 ], [ -82.169935338903656, 28.566683328403204 ], [ -82.169904338895776, 28.566716328411896 ], [ -82.169829338873711, 28.566705328411267 ], [ -82.169705338834405, 28.566606328390815 ], [ -82.169674338823398, 28.566545328376996 ], [ -82.169605338801901, 28.566501328368286 ], [ -82.16949933877234, 28.566534328379028 ], [ -82.169468338765455, 28.566595328394484 ], [ -82.169368338741378, 28.566738328431374 ], [ -82.169287338721091, 28.566831328455784 ], [ -82.169106338671327, 28.566908328479066 ], [ -82.168957338626285, 28.566853328469804 ], [ -82.168832338586569, 28.566749328448246 ], [ -82.168745338560441, 28.566721328443798 ], [ -82.168639338531804, 28.56678232846124 ], [ -82.168514338500515, 28.566925328498776 ], [ -82.168408338472972, 28.567018328523876 ], [ -82.168290338439405, 28.567035328531095 ], [ -82.168209338414812, 28.567002328525351 ], [ -82.168172338401249, 28.566919328506451 ], [ -82.168140338387744, 28.566793328477072 ], [ -82.168097338371325, 28.566677328450456 ], [ -82.168035338349796, 28.56657232842695 ], [ -82.167941338319238, 28.566473328405696 ], [ -82.167835338285741, 28.566391328388896 ], [ -82.167793338271835, 28.566338328377274 ], [ -82.167735338252513, 28.566265328361336 ], [ -82.167686338234418, 28.566150328335095 ], [ -82.167692338230296, 28.565978328293717 ], [ -82.167711338230191, 28.565813328253689 ], [ -82.167773338243293, 28.565670328217806 ], [ -82.167692338205242, 28.565241328117182 ], [ -82.167636338183826, 28.565087328081763 ], [ -82.167530338151963, 28.565054328076634 ], [ -82.167399338113668, 28.565043328077493 ], [ -82.167262338072135, 28.564988328067937 ], [ -82.167162338039276, 28.564872328042799 ], [ -82.167156338033777, 28.564762328016577 ], [ -82.167125338020881, 28.564647327989849 ], [ -82.16701333798585, 28.564570327974405 ], [ -82.166874337943725, 28.564515327964887 ], [ -82.166764337910422, 28.564472327957493 ], [ -82.166608337863551, 28.56442232794965 ], [ -82.16653333783924, 28.564345327933239 ], [ -82.166539337837591, 28.564246327909299 ], [ -82.166658337867517, 28.564113327874281 ], [ -82.166757337894168, 28.564053327857316 ], [ -82.166838337915323, 28.563986327839125 ], [ -82.166782337896123, 28.563898327819516 ], [ -82.166676337864303, 28.563865327814398 ], [ -82.166583337838347, 28.563893327823592 ], [ -82.166495337812648, 28.563887327824457 ], [ -82.166415337786873, 28.563811327808381 ], [ -82.166371337770769, 28.563712327785868 ], [ -82.166271337740341, 28.563668327777958 ], [ -82.166166337710678, 28.563690327786009 ], [ -82.166141337706065, 28.563767327805117 ], [ -82.166172337719573, 28.56389932783593 ], [ -82.166141337715246, 28.564037327869809 ], [ -82.166010337680277, 28.564125327894367 ], [ -82.165885337643573, 28.564108327893599 ], [ -82.165583337551581, 28.563975327869727 ], [ -82.165548337540983, 28.5639603278671 ], [ -82.165393337494578, 28.563916327860653 ], [ -82.165249337454043, 28.563949327872361 ], [ -82.165156337432677, 28.564114327914346 ], [ -82.165125337430652, 28.564317327963789 ], [ -82.165118337440063, 28.564653328044479 ], [ -82.165099337436772, 28.564719328060793 ], [ -82.16508733743477, 28.564763328071653 ], [ -82.165019337421086, 28.564939328115642 ], [ -82.164881337385822, 28.565077328152359 ], [ -82.164738337345938, 28.565121328166693 ], [ -82.164564337294024, 28.565076328160508 ], [ -82.164402337247154, 28.565077328165042 ], [ -82.164302337219311, 28.56510932817541 ], [ -82.164296337222623, 28.565258328211229 ], [ -82.164370337248769, 28.565396328242318 ], [ -82.164389337260943, 28.565594328289258 ], [ -82.164352337255878, 28.565759328329808 ], [ -82.164333337258611, 28.566001328388257 ], [ -82.16423333723111, 28.566045328401444 ], [ -82.164158337208676, 28.566023328398177 ], [ -82.164040337168572, 28.565847328359112 ], [ -82.163990337152583, 28.56580332834989 ], [ -82.163903337128133, 28.565825328357484 ], [ -82.163766337094259, 28.565995328401858 ], [ -82.163585337051032, 28.566265328471346 ], [ -82.163492337030107, 28.566441328515985 ], [ -82.163379337000549, 28.566534328541248 ], [ -82.16321733695473, 28.566567328553415 ], [ -82.163111336924288, 28.566573328557727 ], [ -82.163061336912406, 28.566650328577456 ], [ -82.163105336935786, 28.566963328651312 ], [ -82.163036336921252, 28.567123328691473 ], [ -82.162868336881019, 28.567370328755082 ], [ -82.162731336846974, 28.567535328798225 ], [ -82.162519336794389, 28.567794328865929 ], [ -82.162394336764223, 28.567970328911407 ], [ -82.162394336769268, 28.568119328947084 ], [ -82.162519336811201, 28.568289328984534 ], [ -82.162525336814127, 28.568322328992249 ], [ -82.162550336824722, 28.568421329015322 ], [ -82.162488336810696, 28.568537329044752 ], [ -82.162382336785555, 28.568701329086835 ], [ -82.162245336745727, 28.568696329089295 ], [ -82.162123336709612, 28.56867232908677 ], [ -82.162020336679092, 28.568652329084706 ], [ -82.161802336613547, 28.568581329073485 ], [ -82.161609336555074, 28.568504329060129 ], [ -82.161466336512746, 28.568476329057219 ], [ -82.161322336471983, 28.568504329067736 ], [ -82.161167336430125, 28.568593329093151 ], [ -82.161141336424137, 28.56863832910464 ], [ -82.161098336414241, 28.568713329123778 ], [ -82.161067336409047, 28.568824329151187 ], [ -82.160898336366955, 28.569026329204071 ], [ -82.160799336340034, 28.569076329218671 ], [ -82.160643336295223, 28.569087329225393 ], [ -82.16052433626227, 28.569131329239102 ], [ -82.160350336214663, 28.569213329263395 ], [ -82.160207336176299, 28.569301329288258 ], [ -82.16016633616502, 28.569319329293688 ], [ -82.159970336111229, 28.56940632931973 ], [ -82.15972733604363, 28.569488329345777 ], [ -82.159465335968562, 28.569510329357989 ], [ -82.159234335900138, 28.569466329353567 ], [ -82.158917335804631, 28.569356329335612 ], [ -82.158717335745976, 28.569334329335639 ], [ -82.15847433567528, 28.569323329339475 ], [ -82.158206335599914, 28.569389329362384 ], [ -82.158000335543278, 28.569477329388953 ], [ -82.157739335474417, 28.569675329443257 ], [ -82.157695335463856, 28.569739329459768 ], [ -82.157564335432312, 28.56992732950831 ], [ -82.157520335424081, 28.570060329541352 ], [ -82.157489335418333, 28.570153329564445 ], [ -82.157545335441228, 28.57035132961034 ], [ -82.157801335527807, 28.570716329691042 ], [ -82.157981335588659, 28.570973329747833 ], [ -82.158112335635792, 28.57124332980905 ], [ -82.158181335665304, 28.571523329874317 ], [ -82.158137335662275, 28.571809329943967 ], [ -82.158031335637588, 28.571986329989198 ], [ -82.157838335587101, 28.572145330032406 ], [ -82.15752033549802, 28.572233330061913 ], [ -82.15731433543894, 28.572249330071212 ], [ -82.157171335400548, 28.572337330096101 ], [ -82.156934335338619, 28.572535330149783 ], [ -82.156703335280199, 28.572783330215369 ], [ -82.156529335239171, 28.573058330285853 ], [ -82.156404335209004, 28.573234330331346 ], [ -82.156292335180282, 28.573344330360623 ], [ -82.156167335144474, 28.573355330366596 ], [ -82.156055335108292, 28.573245330343209 ], [ -82.155937335068529, 28.573080330306833 ], [ -82.155893335053904, 28.573025330294797 ], [ -82.155756335009755, 28.572893330266794 ], [ -82.155575334954364, 28.572805330250503 ], [ -82.155419334907691, 28.572761330244173 ], [ -82.155341334884611, 28.572747330242834 ], [ -82.155319334878158, 28.572743330242474 ], [ -82.155139334824952, 28.57271133023956 ], [ -82.154964334770725, 28.572607330219302 ], [ -82.15455933464257, 28.572287330153333 ], [ -82.154323334564623, 28.572005330092054 ], [ -82.154292334554398, 28.571968330084008 ], [ -82.154254334540596, 28.5718863300654 ], [ -82.154211334526266, 28.571831330053339 ], [ -82.154148334508449, 28.571842330057684 ], [ -82.154036334479372, 28.571941330084321 ], [ -82.153928334450583, 28.572014330104686 ], [ -82.153743334398669, 28.572062330121081 ], [ -82.153500334328285, 28.572062330127519 ], [ -82.153269334259662, 28.572012330121673 ], [ -82.153101334207477, 28.571907330101016 ], [ -82.153070334197977, 28.571891330097976 ], [ -82.152833334122221, 28.571682330054202 ], [ -82.152385333975289, 28.571176329944823 ], [ -82.152154333898281, 28.570878329879566 ], [ -82.152011333852599, 28.570752329853139 ], [ -82.151743333768422, 28.570559329814042 ], [ -82.151569333719351, 28.570598329827948 ], [ -82.151301333646998, 28.570752329871979 ], [ -82.150758333502495, 28.571126329976014 ], [ -82.150571333451751, 28.571225330004648 ], [ -82.150365333393324, 28.571263330019239 ], [ -82.150203333345459, 28.571235330016837 ], [ -82.149942333267688, 28.571169330007926 ], [ -82.149914333259133, 28.571157330005764 ], [ -82.149524333140477, 28.57098832997567 ], [ -82.149393333098985, 28.570883329953958 ], [ -82.14930033306419, 28.570652329901076 ], [ -82.149162333015028, 28.570381329839801 ], [ -82.149088332989535, 28.570261329812979 ], [ -82.148845332917318, 28.570206329806261 ], [ -82.14860233284243, 28.570074329781072 ], [ -82.147960332643848, 28.569700329708525 ], [ -82.147879332617933, 28.569628329693369 ], [ -82.147514332503235, 28.5693633296396 ], [ -82.14745633248495, 28.569320329630816 ], [ -82.147312332438801, 28.569188329603005 ], [ -82.147119332379361, 28.569084329583195 ], [ -82.146739332264232, 28.568935329557579 ], [ -82.146602332224944, 28.568946329563818 ], [ -82.146434332178373, 28.569006329582667 ], [ -82.146309332142721, 28.569023329590078 ], [ -82.146197332106937, 28.568924329569292 ], [ -82.146153332088375, 28.568753329529521 ], [ -82.14612933207394, 28.568533329477429 ], [ -82.146122332066341, 28.568368329438027 ], [ -82.146048332040436, 28.568236329408421 ], [ -82.145867331983325, 28.568098329380117 ], [ -82.145649331917198, 28.568010329364846 ], [ -82.14523833179318, 28.567862329340251 ], [ -82.145138331761927, 28.567796329327077 ], [ -82.145076331739133, 28.567652329294244 ], [ -82.144976331703788, 28.567465329252069 ], [ -82.144939331688008, 28.567317329217605 ], [ -82.144764331632899, 28.567185329190607 ], [ -82.144609331580909, 28.566976329144655 ], [ -82.144515331544724, 28.56671232908387 ], [ -82.144391331499591, 28.566442329022461 ], [ -82.14431633147322, 28.566304328991382 ], [ -82.144291331464331, 28.566255328980308 ], [ -82.144248331450456, 28.566214328971611 ], [ -82.144129331412188, 28.566101328947692 ], [ -82.143917331347197, 28.565996328928129 ], [ -82.143618331258182, 28.565924328918811 ], [ -82.143194331135234, 28.565919328928867 ], [ -82.142652330978294, 28.565919328943231 ], [ -82.141811330734214, 28.565902328961421 ], [ -82.14129433058504, 28.565918328978963 ], [ -82.140820330446886, 28.565891328985028 ], [ -82.140346330308049, 28.565846328986783 ], [ -82.139362330018656, 28.565714328981276 ], [ -82.138776329847119, 28.565659328983589 ], [ -82.138315329710977, 28.565582328977406 ], [ -82.138028329625826, 28.565521328970345 ], [ -82.137829329564255, 28.56540532894784 ], [ -82.137636329503309, 28.565257328917472 ], [ -82.137492329455071, 28.565064328875057 ], [ -82.137461329440441, 28.564899328836315 ], [ -82.137449329431391, 28.564734328797101 ], [ -82.137580329462807, 28.564542328747589 ], [ -82.137873329542231, 28.564382328701488 ], [ -82.138072329594195, 28.564217328656703 ], [ -82.138172329617575, 28.564052328614551 ], [ -82.138210329618715, 28.563761328543784 ], [ -82.138166329598462, 28.563540328491982 ], [ -82.138010329545409, 28.563309328440777 ], [ -82.137836329487541, 28.563089328392632 ], [ -82.137668329433879, 28.562941328361614 ], [ -82.137300329322215, 28.562792328335682 ], [ -82.136964329219481, 28.562632328306261 ], [ -82.136708329138841, 28.562440328267005 ], [ -82.136422329047377, 28.562186328213713 ], [ -82.136061328921002, 28.561543328069163 ], [ -82.135830328842118, 28.561190327990722 ], [ -82.135637328771466, 28.56075632789177 ], [ -82.135556328737948, 28.560459327822763 ], [ -82.135482328709173, 28.560244327773198 ], [ -82.135501328707406, 28.560029327721168 ], [ -82.135588328723244, 28.559754327652982 ], [ -82.135713328751066, 28.559507327590481 ], [ -82.135794328763822, 28.559193327513057 ], [ -82.135788328759318, 28.55911132749355 ], [ -82.135775328747471, 28.558874327437117 ], [ -82.135476328649716, 28.558544327365929 ], [ -82.135395328622167, 28.558423327339103 ], [ -82.135277328582717, 28.5582693273053 ], [ -82.135059328504866, 28.557834327206841 ], [ -82.135097328506646, 28.557564327141133 ], [ -82.135228328535263, 28.5572893270717 ], [ -82.135340328557589, 28.556992326997566 ], [ -82.135390328559723, 28.556629326909249 ], [ -82.13533432853292, 28.556316326835699 ], [ -82.135135328464258, 28.555991326763106 ], [ -82.135066328436423, 28.55576032670951 ], [ -82.134961328399427, 28.555567326666075 ], [ -82.134525328253574, 28.554989326539076 ], [ -82.134356328198649, 28.554813326501346 ], [ -82.134182328143041, 28.554659326469096 ], [ -82.133939328063704, 28.554395326412241 ], [ -82.133790328013234, 28.554180326364623 ], [ -82.133703327980768, 28.553966326315674 ], [ -82.133578327938991, 28.553801326279387 ], [ -82.133373327865783, 28.553393326187038 ], [ -82.133273327826345, 28.553085326115887 ], [ -82.13319232778052, 28.55242532595981 ], [ -82.133056327732518, 28.552172325902767 ], [ -82.132750327635691, 28.551930325852855 ], [ -82.132240327476211, 28.551583325783191 ], [ -82.132084327424351, 28.55138532573984 ], [ -82.13199032739503, 28.551324325727702 ], [ -82.131885327353658, 28.551000325652851 ], [ -82.13187232734181, 28.550763325596353 ], [ -82.1319043273472, 28.550647325567702 ], [ -82.131922327348079, 28.550521325537051 ], [ -82.131960327354619, 28.550389325504408 ], [ -82.131985327356404, 28.550229325465406 ], [ -82.131997327355634, 28.550103325434868 ], [ -82.131972327342226, 28.5499213253919 ], [ -82.131960327337225, 28.549877325381651 ], [ -82.131860327303457, 28.549734325350055 ], [ -82.131811327282108, 28.549525325301214 ], [ -82.131755327261459, 28.549393325271101 ], [ -82.131717327243138, 28.549178325220556 ], [ -82.131612327197075, 28.548716325112615 ], [ -82.13161232719186, 28.548562325075672 ], [ -82.131512327152222, 28.54824932500329 ], [ -82.131381327104904, 28.547973324940624 ], [ -82.131207327043384, 28.54764332486609 ], [ -82.131114327003147, 28.547253324775099 ], [ -82.130877326924065, 28.546944324707262 ], [ -82.130809326897293, 28.546735324658982 ], [ -82.130809326894308, 28.546647324637899 ], [ -82.130840326901208, 28.546587324622649 ], [ -82.130772326875928, 28.546422324584924 ], [ -82.130691326851377, 28.546389324579117 ], [ -82.130223326715452, 28.546377324588676 ], [ -82.129949326635, 28.546344324587974 ], [ -82.129800326590157, 28.546295324580196 ], [ -82.129619326532506, 28.546141324548039 ], [ -82.129551326509116, 28.546031324523469 ], [ -82.129370326448452, 28.545788324469989 ], [ -82.129084326353492, 28.545431324392016 ], [ -82.129040326336806, 28.545315324365337 ], [ -82.128853326277238, 28.545155324331933 ], [ -82.128642326209075, 28.544946324287416 ], [ -82.128473326157334, 28.544864324272208 ], [ -82.128199326077421, 28.544847324275423 ], [ -82.128031326029685, 28.544875324286576 ], [ -82.127956326009823, 28.544929324301471 ], [ -82.127844325977591, 28.544935324305921 ], [ -82.127682325927879, 28.544852324290289 ], [ -82.127414325848761, 28.544808324286848 ], [ -82.126990325724122, 28.544753324284887 ], [ -82.126567325598984, 28.544676324277571 ], [ -82.126299325518616, 28.544593324264763 ], [ -82.125919325398854, 28.544307324206294 ], [ -82.125439325250284, 28.544026324151595 ], [ -82.125240325185786, 28.543822324107968 ], [ -82.125103325143087, 28.543734324090469 ], [ -82.125004325111277, 28.543641324070801 ], [ -82.124710325016551, 28.543358324010754 ], [ -82.124061324815884, 28.542984323938246 ], [ -82.12380032473645, 28.542869323917564 ], [ -82.123363324603375, 28.54267732388309 ], [ -82.122266324266633, 28.542116323777591 ], [ -82.12169332408952, 28.541786323713669 ], [ -82.120210323639725, 28.541187323609257 ], [ -82.11959332345306, 28.540951323569011 ], [ -82.119076323295886, 28.540731323529936 ], [ -82.118664323172638, 28.540616323513234 ], [ -82.118390323092711, 28.540599323516425 ], [ -82.11730032277876, 28.540649323557219 ], [ -82.11687632265766, 28.540699323580395 ], [ -82.116596322579795, 28.540793323610394 ], [ -82.116422322533481, 28.540914323643989 ], [ -82.11626532249339, 28.54107332368627 ], [ -82.116216322480923, 28.541123323699523 ], [ -82.115911322401729, 28.541393323772343 ], [ -82.115743322359435, 28.541580323821641 ], [ -82.11557532231636, 28.541745323865641 ], [ -82.115469322290934, 28.541899323905369 ], [ -82.115320322259862, 28.542257323995152 ], [ -82.115207322232934, 28.542427324038865 ], [ -82.115064322195622, 28.542548324071682 ], [ -82.114946322163291, 28.542603324087981 ], [ -82.114877322144423, 28.542636324097693 ], [ -82.114790322121181, 28.542694324113924 ], [ -82.114697322096418, 28.54275732413149 ], [ -82.11459732206805, 28.542774324138236 ], [ -82.114389322008662, 28.542799324149723 ], [ -82.114360322000337, 28.542802324151182 ], [ -82.114148321940618, 28.542851324168527 ], [ -82.114030321909269, 28.542934324191588 ], [ -82.11391232188177, 28.54313232424218 ], [ -82.113769321845226, 28.543275324280238 ], [ -82.113557321786473, 28.543352324304269 ], [ -82.113283321708181, 28.543385324319463 ], [ -82.112903321600996, 28.543468324349369 ], [ -82.112697321543322, 28.543528324369223 ], [ -82.112529321497135, 28.543600324390923 ], [ -82.112404321465974, 28.543749324429982 ], [ -82.112298321442765, 28.543969324485559 ], [ -82.112193321415702, 28.544068324512029 ], [ -82.111956321348956, 28.544123324531522 ], [ -82.111750321287559, 28.544073324524948 ], [ -82.11144532119296, 28.543887324488427 ], [ -82.111239321133084, 28.54388132449245 ], [ -82.111059321081527, 28.543898324501306 ], [ -82.110816321015989, 28.544041324541997 ], [ -82.110585320952254, 28.544134324570379 ], [ -82.110499320927929, 28.544151324576756 ], [ -82.110379320893884, 28.544173324585202 ], [ -82.110049320796094, 28.544107324578096 ], [ -82.109426320606701, 28.543843324531267 ], [ -82.10918932053211, 28.543667324495331 ], [ -82.108990320465892, 28.543414324439944 ], [ -82.10852832031361, 28.542870324321715 ], [ -82.108410320270124, 28.542595324258947 ], [ -82.108098320168352, 28.542259324186606 ], [ -82.107805320069531, 28.541847324095524 ], [ -82.107518319971092, 28.541396323994981 ], [ -82.107188319858778, 28.540901323885013 ], [ -82.106951319775149, 28.540460323785574 ], [ -82.106702319683862, 28.539894323656444 ], [ -82.106539319622115, 28.539465323557881 ], [ -82.106433319579622, 28.539118323477453 ], [ -82.106271319518001, 28.538684323377673 ], [ -82.105816319351362, 28.537655323142939 ], [ -82.10571031930813, 28.537286323057273 ], [ -82.105616319267313, 28.536885322963588 ], [ -82.105479319210502, 28.536379322845882 ], [ -82.105458319202583, 28.536325322833452 ], [ -82.105317319149606, 28.535966322751097 ], [ -82.105061319056389, 28.535405322623323 ], [ -82.104887318997655, 28.535157322568448 ], [ -82.104668318918542, 28.53469532246347 ], [ -82.104375318820644, 28.534310322378886 ], [ -82.104020318704769, 28.533925322295953 ], [ -82.103596318563319, 28.533375322175207 ], [ -82.103247318448098, 28.532957322084247 ], [ -82.102133318098552, 28.532164321923457 ], [ -82.101664317951375, 28.5318303218558 ], [ -82.101272317830976, 28.531626321817171 ], [ -82.10066131764043, 28.531225321737178 ], [ -82.100156317480725, 28.530829321655528 ], [ -82.099845317380414, 28.530526321591086 ], [ -82.099539317280801, 28.53020232152145 ], [ -82.099215317176544, 28.529894321456176 ], [ -82.098885317067698, 28.52950332137107 ], [ -82.098467316925948, 28.528893321235838 ], [ -82.097919316726234, 28.527682320959837 ], [ -82.09756931658832, 28.526604320710508 ], [ -82.097395316516369, 28.525966320562087 ], [ -82.097145316423493, 28.525361320423553 ], [ -82.096828316317897, 28.524954320334299 ], [ -82.096617316249635, 28.524743320289268 ], [ -82.096373316170599, 28.524497320236733 ], [ -82.095450315881138, 28.523843320104227 ], [ -82.094983315738446, 28.523623320063781 ], [ -82.094466315584995, 28.523513320051041 ], [ -82.093600315329496, 28.523376320041049 ], [ -82.092840315106756, 28.52329932004265 ], [ -82.092261314937772, 28.523260320048593 ], [ -82.091924314839972, 28.523255320056293 ], [ -82.091345314674129, 28.523310320084754 ], [ -82.090903314549266, 28.523404320118942 ], [ -82.090330314390016, 28.523602320181606 ], [ -82.08995631428823, 28.523795320237788 ], [ -82.089564314180819, 28.523976320291567 ], [ -82.089364314125319, 28.52404832031409 ], [ -82.088505313882649, 28.524229320380197 ], [ -82.087545313610349, 28.524400320446595 ], [ -82.087103313486267, 28.524516320486086 ], [ -82.086911313433674, 28.524605320512521 ], [ -82.086879313424916, 28.524620320516906 ], [ -82.086698313376985, 28.5247533205536 ], [ -82.086480313321076, 28.524967320610717 ], [ -82.08630631327884, 28.525209320673337 ], [ -82.086194313254595, 28.525451320734344 ], [ -82.086156313250186, 28.525644320781669 ], [ -82.086069313235598, 28.525958320859296 ], [ -82.086019313233152, 28.526315320946253 ], [ -82.085932313220667, 28.526689321038223 ], [ -82.085827313202728, 28.527058321129541 ], [ -82.085634313154827, 28.527295321191481 ], [ -82.085428313102227, 28.527504321247037 ], [ -82.085247313054666, 28.52764732128615 ], [ -82.085004312987962, 28.527757321318951 ], [ -82.084593312873039, 28.527878321358831 ], [ -82.084238312773167, 28.527966321389329 ], [ -82.083952312692446, 28.528027321411503 ], [ -82.083597312594989, 28.528186321459028 ], [ -82.083466312558144, 28.528219321470377 ], [ -82.08327331250247, 28.528225321476892 ], [ -82.083185312476601, 28.528214321476618 ], [ -82.08303631243264, 28.528191321475028 ], [ -82.082930312401373, 28.52817532147397 ], [ -82.082818312369298, 28.528186321479613 ], [ -82.082357312236823, 28.528216321498967 ], [ -82.082056312151394, 28.528270321519841 ], [ -82.081798312076501, 28.528264321525235 ], [ -82.081716312052649, 28.52826232152691 ], [ -82.081131311877854, 28.528104321504465 ], [ -82.080568311714174, 28.528086321515005 ], [ -82.080419311673737, 28.528165321537912 ], [ -82.080083311582513, 28.528346321590217 ], [ -82.079572311446597, 28.528704321689577 ], [ -82.079335311381527, 28.528809321720999 ], [ -82.078800311235668, 28.529078321799641 ], [ -82.07855131116726, 28.529188321832621 ], [ -82.078357311112526, 28.529232321848301 ], [ -82.078040311022562, 28.529287321869905 ], [ -82.077840310967048, 28.529359321892443 ], [ -82.077305310817863, 28.529530321947583 ], [ -82.076514310594874, 28.52971132201187 ], [ -82.076152310493555, 28.529816322046649 ], [ -82.075803310397731, 28.529970322092815 ], [ -82.075498310314345, 28.530118322136325 ], [ -82.075199310232051, 28.530245322174704 ], [ -82.074925310157354, 28.530383322215055 ], [ -82.074682310090665, 28.530493322247857 ], [ -82.074433310023181, 28.530630322287276 ], [ -82.074159309948485, 28.530768322327631 ], [ -82.073766309840209, 28.530933322377621 ], [ -82.073411309743491, 28.531114322430419 ], [ -82.072938309612837, 28.531302322487981 ], [ -82.072788309572204, 28.531384322511649 ], [ -82.072520309497904, 28.531483322542435 ], [ -82.07210330938139, 28.531610322583941 ], [ -82.071237309137985, 28.531830322659605 ], [ -82.070926309050108, 28.531896322683593 ], [ -82.070726308992931, 28.53191832269415 ], [ -82.070346308883032, 28.531924322705674 ], [ -82.070066308800449, 28.531880322702509 ], [ -82.069455308619368, 28.531759322689588 ], [ -82.068502308339148, 28.531638322685751 ], [ -82.068197308248543, 28.531571322677713 ], [ -82.067786308125079, 28.531440322657147 ], [ -82.067162307935519, 28.531181322611545 ], [ -82.066558307749901, 28.530867322552147 ], [ -82.065904307547399, 28.530482322477067 ], [ -82.065480307414887, 28.530196322419627 ], [ -82.065181307322305, 28.530020322385308 ], [ -82.064901307233612, 28.529795322338707 ], [ -82.064596307138316, 28.529591322297836 ], [ -82.064421307082924, 28.529453322269365 ], [ -82.063954306937205, 28.529145322207782 ], [ -82.063655306843344, 28.528931322164354 ], [ -82.063443306776378, 28.52876632213033 ], [ -82.063281306723482, 28.528590322092434 ], [ -82.063051306650664, 28.528408322054847 ], [ -82.062745306555328, 28.528210322015415 ], [ -82.062397306446286, 28.527968321966533 ], [ -82.062160306372618, 28.527819321937013 ], [ -82.062079306345765, 28.527720321915439 ], [ -82.061998306317491, 28.527577321883271 ], [ -82.061830306261939, 28.527374321839009 ], [ -82.061674306211515, 28.527220321806162 ], [ -82.061300306097792, 28.527060321777682 ], [ -82.060926305982932, 28.526868321741453 ], [ -82.060534305863754, 28.526702321712005 ], [ -82.060148305745756, 28.526521321678761 ], [ -82.059911305672813, 28.526394321654529 ], [ -82.059743305621538, 28.526317321640512 ], [ -82.059412305519146, 28.52612532160315 ], [ -82.059163305441629, 28.525965321571348 ], [ -82.058889305355692, 28.525773321532551 ], [ -82.058603305264839, 28.525536321483205 ], [ -82.058385305196836, 28.525393321454676 ], [ -82.057973305065957, 28.525052321383686 ], [ -82.057637304957979, 28.524738321317255 ], [ -82.05730130485135, 28.52446332126009 ], [ -82.057089304783432, 28.524271321219651 ], [ -82.056833304700632, 28.524017321165491 ], [ -82.056248304510163, 28.523396321031882 ], [ -82.055494304261174, 28.522493320835139 ], [ -82.055226304173303, 28.522191320769696 ], [ -82.054948304083155, 28.521908320709176 ], [ -82.05490230406825, 28.52186132069912 ], [ -82.054591303966447, 28.521514320624021 ], [ -82.054472303927142, 28.521372320593105 ], [ -82.054494303718371, 28.515011319066122 ], [ -82.054503303668241, 28.513450318691259 ], [ -82.054511303630989, 28.512280318410244 ], [ -82.05450730352446, 28.50916231766206 ], [ -82.054538303417274, 28.505724316836091 ], [ -82.054622303308463, 28.501782315887699 ], [ -82.054645303264508, 28.500283315527241 ], [ -82.054666303212386, 28.498559315112907 ], [ -82.054673302935029, 28.490281313125493 ], [ -82.054629302794169, 28.486484312215026 ], [ -82.054653302625823, 28.48128531096614 ], [ -82.054697302541399, 28.478402310272664 ], [ -82.054703302415888, 28.474625309365571 ], [ -82.054833301916787, 28.458685305533816 ], [ -82.05483330191592, 28.458659305527593 ], [ -82.054844301859887, 28.456898305104247 ], [ -82.054879301692495, 28.451621303835701 ], [ -82.054893301637463, 28.449863303413 ], [ -82.054897301611391, 28.449053303218314 ], [ -82.054902301588044, 28.448316303041107 ], [ -82.054938301442576, 28.443677301925625 ], [ -82.054951301394439, 28.442132301554111 ], [ -82.05495330138973, 28.441975301516326 ], [ -82.054966301300013, 28.43919330084751 ], [ -82.054992301141382, 28.434246299658106 ], [ -82.055015301018031, 28.430373298726792 ], [ -82.055033300924606, 28.427434298020042 ], [ -82.055034300918265, 28.427236297972428 ], [ -82.055039300899821, 28.426644297830041 ], [ -82.055041300893834, 28.426447297782609 ], [ -82.055053300843539, 28.424845297397294 ], [ -82.055093300693954, 28.420040296241361 ], [ -82.055094300687273, 28.419832296191341 ], [ -82.055106300643985, 28.418439295856189 ], [ -82.055108300632526, 28.418077295769134 ], [ -82.055113300615801, 28.417536295638971 ], [ -82.055117300598724, 28.416993295508369 ], [ -82.055120300587504, 28.416632295421525 ], [ -82.055128300555765, 28.415617295177316 ], [ -82.055131300545952, 28.415297295100341 ], [ -82.055142300504357, 28.413962294779108 ], [ -82.05515130046669, 28.412761294490195 ], [ -82.055152300460762, 28.412575294445464 ], [ -82.055161300429404, 28.411561294201476 ], [ -82.055168300423134, 28.411314294141928 ], [ -82.055193300405534, 28.410573293963125 ], [ -82.055203300400223, 28.41032729390372 ], [ -82.055205300398853, 28.410269293889698 ], [ -82.055201300391246, 28.410076293843428 ], [ -82.055199300387073, 28.409969293817777 ], [ -82.055184300361148, 28.409326293663547 ], [ -82.055179300351355, 28.409076293603579 ], [ -82.055182300332518, 28.408488293462163 ], [ -82.055193300276656, 28.40672629303829 ], [ -82.055197300258143, 28.406139292897066 ], [ -82.05521530020016, 28.404252292442916 ], [ -82.055272300027411, 28.398599291082288 ], [ -82.055293299970458, 28.39671529062872 ], [ -82.05530329982976, 28.392425289596918 ], [ -82.055308299770601, 28.390614289161263 ], [ -82.055340299410219, 28.379558286501528 ], [ -82.055354299271002, 28.375271285470042 ], [ -82.055362299263138, 28.3749652853962 ], [ -82.055392299241163, 28.374048285174823 ], [ -82.055403299234271, 28.37374528510168 ], [ -82.055402299232796, 28.37371028509326 ], [ -82.055421299058807, 28.368337283800315 ], [ -82.055477298534029, 28.352121279897393 ], [ -82.055498298359936, 28.346716278596219 ], [ -82.055501298354045, 28.346513278547224 ], [ -82.055512298336865, 28.345903278400137 ], [ -82.055516298331355, 28.345701278351438 ], [ -82.055534298137914, 28.339740276916412 ], [ -82.055555297929175, 28.3332882753629 ], [ -82.055661297791858, 28.32823927414481 ], [ -82.055712297726402, 28.325828273563108 ], [ -82.055745297604005, 28.321860272607015 ], [ -82.055757297564384, 28.320565272294896 ], [ -82.055778297415387, 28.315900271171209 ], [ -82.055790297325871, 28.313101270496933 ], [ -82.055822297325079, 28.312799270423398 ], [ -82.05581429729574, 28.31198527022763 ], [ -82.05581329729192, 28.311879270202109 ], [ -82.055812297288298, 28.311778270177843 ], [ -82.055839297095417, 28.305737268722453 ], [ -82.055841297031634, 28.303799268255684 ], [ -82.055849297003547, 28.302884268035179 ], [ -82.055850297000205, 28.30277326800843 ], [ -82.055856296980522, 28.302128267852908 ], [ -82.055857296977038, 28.302014267825445 ], [ -82.055857296974864, 28.301949267809796 ], [ -82.055858296955591, 28.301360267667903 ], [ -82.055854296939188, 28.300900267557271 ], [ -82.055853296936007, 28.300813267536331 ], [ -82.055850296924646, 28.300497267460301 ], [ -82.055821296887558, 28.299633267252922 ], [ -82.055742296829706, 28.298579267001141 ], [ -82.055647296766253, 28.297497266743029 ], [ -82.055577296717644, 28.296643266539174 ], [ -82.055576296716922, 28.296630266536084 ], [ -82.0555522967001, 28.296332266464933 ], [ -82.055519296669189, 28.295688266310687 ], [ -82.05550429664342, 28.295043266155698 ], [ -82.055504296630346, 28.294649266060837 ], [ -82.055504296628996, 28.294608266050954 ], [ -82.055504296597192, 28.29365026582024 ], [ -82.055505296596763, 28.293628265814924 ], [ -82.05550529654505, 28.292069265439384 ], [ -82.055506296542902, 28.291995265421534 ], [ -82.055506296364683, 28.286622264127278 ], [ -82.055511296325463, 28.28539526383161 ], [ -82.055507296293243, 28.284458263605977 ], [ -82.055505296221227, 28.28230226308672 ], [ -82.055505296217746, 28.282197263061395 ], [ -82.055499296009799, 28.275973261562036 ], [ -82.055494295974924, 28.274963261318867 ], [ -82.055507295830978, 28.27050426024412 ], [ -82.055504295769779, 28.268681259805007 ], [ -82.055513295744177, 28.267828259599224 ], [ -82.055508295715271, 28.267000259399811 ], [ -82.055516295692755, 28.266249259218615 ], [ -82.055515295672421, 28.265643259072661 ], [ -82.055532295497372, 28.260205257761736 ], [ -82.055532295492227, 28.260049257724152 ], [ -82.055531295486801, 28.259894257686796 ], [ -82.055531295478417, 28.259640257625616 ], [ -82.055534295456937, 28.258965257462862 ], [ -82.055534295455885, 28.25893325745518 ], [ -82.055767295523793, 28.258945257452009 ], [ -82.057582296052146, 28.259028257424944 ], [ -82.062573297500848, 28.259130257320074 ], [ -82.063854297872652, 28.259156257293114 ], [ -82.065020298210399, 28.259158257263415 ], [ -82.065198298261976, 28.259159257259018 ], [ -82.065374298313017, 28.259161257254956 ], [ -82.070763299874201, 28.259182257120248 ], [ -82.071574300109148, 28.259185257099915 ], [ -82.072437300359141, 28.259189257078493 ], [ -82.072585300402139, 28.259192257075377 ], [ -82.073638300707813, 28.259215257053597 ], [ -82.075591301272809, 28.25920125699955 ], [ -82.075756301322372, 28.259254257008081 ], [ -82.075828301343719, 28.259269257009791 ], [ -82.07597430138641, 28.259282257009158 ], [ -82.076123301429561, 28.259282257005289 ], [ -82.076494301537039, 28.259285256996382 ], [ -82.078777302198063, 28.259283256936694 ], [ -82.08035930265622, 28.259286256896353 ], [ -82.081285302924172, 28.259281256871155 ], [ -82.082193303187225, 28.259284256848318 ], [ -82.083060303438117, 28.259281256825126 ], [ -82.083774303644972, 28.259284256807327 ], [ -82.084945303983957, 28.259282256776469 ], [ -82.089393305271656, 28.259278256660107 ], [ -82.090802305679603, 28.259278256623556 ], [ -82.091779305962234, 28.259271256596545 ], [ -82.092677306222242, 28.259272256573482 ], [ -82.096571307349379, 28.259264256470502 ], [ -82.096714307390826, 28.259264256466789 ], [ -82.097646307660668, 28.259266256443095 ], [ -82.099344308152027, 28.259259256397367 ], [ -82.105404309906021, 28.259247256237213 ], [ -82.105485309929463, 28.259246256234867 ], [ -82.106209310139022, 28.259245256215831 ], [ -82.106208310138271, 28.25923125621253 ], [ -82.10620731013357, 28.259097256180272 ], [ -82.106207310090326, 28.257791255865641 ], [ -82.106239309849869, 28.250242254046068 ], [ -82.106229309635509, 28.243847252505375 ], [ -82.10622330943805, 28.237924251078198 ], [ -82.106223309434355, 28.237812251051217 ], [ -82.106222309423927, 28.237505250977296 ], [ -82.106208308980584, 28.224201247771134 ], [ -82.106021308777343, 28.219680246686142 ], [ -82.105848308587966, 28.21545724567261 ], [ -82.105839308578126, 28.215237245619793 ], [ -82.105860307994135, 28.197327241300787 ], [ -82.105872307684038, 28.187799239002619 ], [ -82.105888307646097, 28.186503238689589 ], [ -82.105888307595137, 28.184954238316021 ], [ -82.105888307442356, 28.180307237195077 ], [ -82.105888307391467, 28.178759236821691 ], [ -82.10588530737472, 28.178276236705244 ], [ -82.105879307325381, 28.176827236355873 ], [ -82.105877307308873, 28.176344236239377 ], [ -82.105872307276613, 28.17540623601327 ], [ -82.105860307180734, 28.172592235334708 ], [ -82.105856307148798, 28.171655235108723 ], [ -82.091667303040694, 28.171633235469386 ], [ -82.085908301373237, 28.171624235615759 ], [ -82.077477298931939, 28.171611235829999 ], [ -82.075730298425995, 28.171607235874092 ], [ -82.073983297920066, 28.171602235917938 ], [ -82.069608296653229, 28.171596236029259 ], [ -82.06523329538625, 28.171590236140606 ], [ -82.065197295375853, 28.171590236141533 ], [ -82.064763295250117, 28.171589236152471 ], [ -82.064294295114351, 28.171588236164325 ], [ -82.060725294081053, 28.1715922362573 ], [ -82.056264292789535, 28.171597236373476 ], [ -82.056270292753609, 28.170450236096507 ], [ -82.056273292752209, 28.170381236079784 ], [ -82.056270292750696, 28.170362236075306 ], [ -82.056280292695888, 28.168602235650244 ], [ -82.056280292695121, 28.168579235644685 ], [ -82.056280292693671, 28.168535235634064 ], [ -82.056298292593411, 28.165322234858142 ], [ -82.05634929244097, 28.160223233626024 ], [ -82.056350292440314, 28.160194233619002 ], [ -82.05635229243957, 28.160154233609301 ], [ -82.056351292438393, 28.160127233602822 ], [ -82.056325292411401, 28.159533233460134 ], [ -82.056346292397848, 28.158934233314945 ], [ -82.056345292395036, 28.158859233296887 ], [ -82.056319292273628, 28.155385232458904 ], [ -82.056313292155295, 28.151827231600119 ], [ -82.056313292154542, 28.151804231594571 ], [ -82.056304292014204, 28.14760023057989 ], [ -82.056301291884225, 28.143657229627895 ], [ -82.056301291882107, 28.143592229612242 ], [ -82.056301291875073, 28.143378229560557 ], [ -82.056307291876337, 28.14336422955699 ], [ -82.056300291866862, 28.1431382295026 ], [ -82.056300291865924, 28.143109229495614 ], [ -82.056299291864605, 28.143077229487957 ], [ -82.056299291863084, 28.143031229476836 ], [ -82.05629129180565, 28.141347229070405 ], [ -82.056288291738511, 28.139322228581513 ], [ -82.056288291717806, 28.138690228428917 ], [ -82.056288291697115, 28.138058228276307 ], [ -82.05628829169315, 28.137937228247051 ], [ -82.056288291689199, 28.137816228217858 ], [ -82.056288291578724, 28.134440227402628 ], [ -82.056288291468263, 28.131064226587309 ], [ -82.056288291373988, 28.128181225891048 ], [ -82.056288291279685, 28.125298225194747 ], [ -82.056288291277866, 28.125242225181246 ], [ -82.056508291180023, 28.12029922398165 ], [ -82.056512291128342, 28.118683223591201 ], [ -82.056512291126452, 28.118625223577247 ], [ -82.056512291087969, 28.117447223292636 ], [ -82.056512291076203, 28.117087223205669 ], [ -82.056512291043134, 28.116075222961218 ], [ -82.05650529095, 28.11328522228742 ], [ -82.05650529094909, 28.113257222280669 ], [ -82.056512290934435, 28.112747222157321 ], [ -82.056513290933708, 28.112716222149782 ], [ -82.056531290898221, 28.111469221848104 ], [ -82.05653329089364, 28.111311221809874 ], [ -82.056534290891506, 28.111237221791921 ], [ -82.056536290887081, 28.111084221754943 ], [ -82.056536290886456, 28.111065221750366 ], [ -82.056537290886055, 28.111044221745257 ], [ -82.056537290884975, 28.111011221737265 ], [ -82.056539290883862, 28.110959221724681 ], [ -82.05653829088223, 28.110918221714773 ], [ -82.056539290880906, 28.110869221702913 ], [ -82.05655429084635, 28.109677221414572 ], [ -82.056565290822576, 28.108852221215006 ], [ -82.056608290732115, 28.105699220452156 ], [ -82.056468290500732, 28.099850219042523 ], [ -82.056467290498531, 28.099791219028269 ], [ -82.056444290455161, 28.098666218757039 ], [ -82.056408290387111, 28.096900218331253 ], [ -82.056408290371024, 28.096406218211886 ], [ -82.056408290357496, 28.095992218111817 ], [ -82.056408290354895, 28.095912218092504 ], [ -82.056408290132808, 28.089100216446337 ], [ -82.056408290084704, 28.087624216089637 ], [ -82.056409290083792, 28.087587216080674 ], [ -82.056408290080242, 28.087487216056552 ], [ -82.056409290079245, 28.087447216046836 ], [ -82.056408290066102, 28.08705321595162 ], [ -82.056408290065377, 28.087031215946304 ], [ -82.056409290064735, 28.087002215939279 ], [ -82.056408290057973, 28.086803215891205 ], [ -82.056408290055543, 28.08672921587333 ], [ -82.056409290053907, 28.086670215859026 ], [ -82.056408290051436, 28.086603215842871 ], [ -82.056408290050925, 28.086587215839028 ], [ -82.056408290038206, 28.086197215744754 ], [ -82.056408290024976, 28.085791215646626 ], [ -82.056408290023285, 28.085739215634067 ], [ -82.056405289933551, 28.083010214974596 ], [ -82.056408289930857, 28.082902214948408 ], [ -82.056409289929235, 28.082843214934105 ], [ -82.056409289921888, 28.08261721487947 ], [ -82.056409289919628, 28.082548214862811 ], [ -82.056407289868261, 28.080989214486074 ], [ -82.056407289857347, 28.080653214404837 ], [ -82.056407289848778, 28.080390214341268 ], [ -82.057233290087865, 28.080388214319644 ], [ -82.057511290168335, 28.080388214312507 ], [ -82.061434291304039, 28.08038521421128 ], [ -82.063036291767688, 28.080381214169279 ], [ -82.067808293148858, 28.080371214044639 ], [ -82.071345294172559, 28.080363213952015 ], [ -82.072534294516672, 28.080360213920873 ], [ -82.072783294588746, 28.080360213914471 ], [ -82.073465294786118, 28.080359213896759 ], [ -82.076298295606335, 28.080362213824891 ], [ -82.086537298570505, 28.080372213564949 ], [ -82.088866299244771, 28.080374213505763 ], [ -82.089443299411826, 28.080375213491187 ], [ -82.089935299554227, 28.080376213478811 ], [ -82.095063301038977, 28.080390213350743 ], [ -82.097050301613834, 28.080382213297913 ], [ -82.099146302220589, 28.080383213244421 ], [ -82.108624304963897, 28.080388213002667 ], [ -82.109018305076745, 28.0803522129839 ], [ -82.109425305192346, 28.080285212957275 ], [ -82.10944230520343, 28.080474213002471 ], [ -82.109435305243068, 28.081751213311215 ], [ -82.109433305258619, 28.082248213431342 ], [ -82.109431305283664, 28.083034213621289 ], [ -82.109423305452111, 28.08827121488665 ], [ -82.109559305495765, 28.088403214915072 ], [ -82.11128530599747, 28.088469214886747 ], [ -82.111410306039076, 28.088636214923905 ], [ -82.111396306120994, 28.091271215560791 ], [ -82.115250307235897, 28.091256215458294 ], [ -82.115600307337118, 28.091255215449067 ], [ -82.115931307432859, 28.091253215440101 ], [ -82.122481309327668, 28.091229215266246 ], [ -82.127279310715295, 28.091203215136847 ], [ -82.129728311423577, 28.091190215070856 ], [ -82.130012311505666, 28.091188215063088 ], [ -82.130089311527982, 28.091188215061131 ], [ -82.133272312448454, 28.091170214975083 ], [ -82.133510312517316, 28.091169214968716 ], [ -82.134236312727253, 28.091165214949147 ], [ -82.138999314103756, 28.091111214813886 ], [ -82.140408314511205, 28.091104214776024 ], [ -82.138285313536073, 28.080041212158385 ], [ -82.137619313230147, 28.076568211336497 ], [ -82.137855313298616, 28.076573211331635 ], [ -82.142963314775287, 28.076532211190763 ], [ -82.14460931525123, 28.07652221114617 ], [ -82.146982315937066, 28.07649921107976 ], [ -82.147980316225585, 28.076490211051976 ], [ -82.151050317112862, 28.076461210966254 ], [ -82.151996317386278, 28.076452210939795 ], [ -82.152907317649593, 28.076445210914766 ], [ -82.15295931766461, 28.076443210912966 ], [ -82.15341631779647, 28.076432210898609 ], [ -82.153797317905926, 28.076408210883045 ], [ -82.154588318132852, 28.076349210848498 ], [ -82.156650318728737, 28.076327210790296 ], [ -82.158799319349512, 28.076298210728211 ], [ -82.164372320962073, 28.076305210586948 ], [ -82.168395322125079, 28.076280210477741 ], [ -82.171132322915923, 28.076250210400271 ], [ -82.175147324075951, 28.076206210286717 ], [ -82.179221325254247, 28.076199210180498 ], [ -82.182127326094701, 28.076194210104756 ], [ -82.18756232766728, 28.076206209968255 ], [ -82.189039328094637, 28.076211209931571 ], [ -82.191649328849238, 28.076200209861923 ], [ -82.197346330497069, 28.076201209716018 ], [ -82.199873331227977, 28.076201209651199 ], [ -82.204992332709665, 28.076235209528079 ], [ -82.206592333172154, 28.076227209485047 ], [ -82.210307334247275, 28.076248209394802 ], [ -82.214609335492312, 28.076274209290723 ], [ -82.216398336009846, 28.076280209246256 ], [ -82.220360337156123, 28.076295209148164 ], [ -82.222354337732739, 28.076293209096516 ], [ -82.226517338936446, 28.076288208988473 ], [ -82.229139339694584, 28.076286208920706 ], [ -82.231630340414853, 28.076284208856286 ], [ -82.236735341890579, 28.076269208721612 ], [ -82.237037341977924, 28.076270208714099 ], [ -82.240930343104012, 28.076283208617333 ], [ -82.24875234536681, 28.076318208424997 ], [ -82.249179345490361, 28.076320208414522 ], [ -82.252062346324067, 28.076325208341693 ], [ -82.252820346543174, 28.076323208321764 ], [ -82.253419346716356, 28.076322208306138 ], [ -82.253825346833707, 28.076321208295457 ], [ -82.261529349060638, 28.07630820809451 ], [ -82.26186734915845, 28.076311208086544 ], [ -82.263298349572551, 28.076322208052481 ], [ -82.265278350145451, 28.07633820800547 ], [ -82.265811350299657, 28.076341207992545 ], [ -82.266735350566904, 28.076345207969787 ], [ -82.267205350702852, 28.076346207957922 ], [ -82.269780351447594, 28.076357207894443 ], [ -82.27130335188734, 28.076340207851224 ], [ -82.272247352159908, 28.076330207824583 ], [ -82.272697352290052, 28.076331207813276 ], [ -82.277827353772054, 28.076301207674305 ], [ -82.285192355899682, 28.076259207475012 ], [ -82.285199355992106, 28.079028208143011 ], [ -82.285199355997591, 28.079196208183536 ], [ -82.285229356018704, 28.079576208274464 ], [ -82.285730356160201, 28.079475208237245 ], [ -82.286567356394571, 28.079243208159713 ], [ -82.28738835662044, 28.0788932080542 ], [ -82.296954359220706, 28.073847206590873 ], [ -82.297990359500332, 28.073240206417818 ], [ -82.298496359636985, 28.072945206333625 ], [ -82.299567359922236, 28.072201206126593 ], [ -82.300320360120054, 28.071593205960532 ], [ -82.301173360340485, 28.07079320574557 ], [ -82.302354360642994, 28.069604205428284 ], [ -82.302782360748424, 28.069044205282154 ], [ -82.30310436082776, 28.068622205172119 ], [ -82.302816360738959, 28.068452205138446 ], [ -82.302762360720237, 28.068357205116925 ], [ -82.302741360710755, 28.068253205092354 ], [ -82.302744360616757, 28.065344204390279 ], [ -82.302735360543949, 28.063193203871432 ], [ -82.302729360494112, 28.061718203515561 ], [ -82.302707360403872, 28.059146202895413 ], [ -82.302697360363496, 28.057997202618346 ], [ -82.302690360272493, 28.055267201959623 ], [ -82.30269036026553, 28.055053201907949 ], [ -82.302689360253794, 28.054702201823208 ], [ -82.302691360240928, 28.054290201723731 ], [ -82.30269536021197, 28.053367201500851 ], [ -82.302704360155388, 28.051549201061771 ], [ -82.302708360129714, 28.050726200863039 ], [ -82.302713359892621, 28.043403199095149 ], [ -82.302706359861446, 28.042507198879029 ], [ -82.30266035964712, 28.036331197389099 ], [ -82.302659359641751, 28.036175197351486 ], [ -82.302615359508138, 28.032459196455321 ], [ -82.302573359378897, 28.028859195587195 ], [ -82.302542359252513, 28.025247194715718 ], [ -82.302538359213855, 28.024095194437635 ], [ -82.302529359129963, 28.021593193833638 ], [ -82.302523359111063, 28.021065193706264 ], [ -82.302509359062782, 28.019704193377954 ], [ -82.302501359033911, 28.018886193180617 ], [ -82.302499359012884, 28.018257193028759 ], [ -82.302498358884307, 28.014307192074735 ], [ -82.302482358759903, 28.010619191184357 ], [ -82.302479358730793, 28.009749190974318 ], [ -82.302393358627256, 28.007325190390951 ], [ -82.302403358598369, 28.006347190154482 ], [ -82.307851360139438, 28.005319189766855 ], [ -82.311039361040727, 28.004702189536346 ], [ -82.314606362049048, 28.004011189278227 ], [ -82.317967363004982, 28.003538189078032 ], [ -82.319085363322898, 28.003381189011535 ], [ -82.319508363443248, 28.003322188986466 ], [ -82.320336363677185, 28.003157188925435 ], [ -82.324115364751066, 28.00260018869427 ], [ -82.324810364949172, 28.002516188656255 ], [ -82.32590236526039, 28.002384188596448 ], [ -82.32595536527549, 28.002378188593589 ], [ -82.326891365542281, 28.002264188542146 ], [ -82.326863365526549, 28.002029188486116 ], [ -82.326854365521598, 28.001957188468964 ], [ -82.326798365490106, 28.001484188356166 ], [ -82.326611365385304, 27.999919187982893 ], [ -82.326290365205693, 27.997243187344697 ], [ -82.326168365137377, 27.996223187101464 ], [ -82.326152365007701, 27.992368186170626 ], [ -82.326128364819425, 27.986774184819776 ], [ -82.326174364692392, 27.982443183772226 ], [ -82.32617536465338, 27.98123018347912 ], [ -82.326180364528938, 27.977343182539762 ], [ -82.326123364485824, 27.976520182342391 ], [ -82.326116364397663, 27.973859181699563 ], [ -82.326114364378626, 27.97328818156161 ], [ -82.326113364365966, 27.972906181469313 ], [ -82.326097364164312, 27.966817179998262 ], [ -82.326090364076947, 27.964180179361115 ], [ -82.326262364053349, 27.961914178809057 ], [ -82.326555364073926, 27.959932178322546 ], [ -82.326730364086302, 27.958751178032632 ], [ -82.32700036410516, 27.956921177583386 ], [ -82.327687364153164, 27.952265176440473 ], [ -82.32800136417525, 27.950140175918769 ], [ -82.328029364177127, 27.949947175871415 ], [ -82.328587364216332, 27.946171174944354 ], [ -82.329172364234836, 27.94150917380237 ], [ -82.329452364319366, 27.941620173822084 ], [ -82.329603364364829, 27.941677173832002 ], [ -82.32980236437561, 27.94023117347734 ], [ -82.330333364413249, 27.936643172596323 ], [ -82.330460364422393, 27.935789172386606 ], [ -82.330496364424945, 27.935546172326919 ], [ -82.331016364462783, 27.932062171471237 ], [ -82.331032364463908, 27.931953171444459 ], [ -82.331063364466289, 27.931750171394611 ], [ -82.331215364477174, 27.930726171143167 ], [ -82.331407364491326, 27.929444170828262 ], [ -82.33151836449963, 27.928706170646979 ], [ -82.331609364510612, 27.928232170530045 ], [ -82.331698364521472, 27.927771170416317 ], [ -82.331729364525174, 27.927609170376314 ], [ -82.332103364591617, 27.926318170054628 ], [ -82.332625364692333, 27.924764169665547 ], [ -82.332911364753528, 27.924100169497734 ], [ -82.333365364851574, 27.923071169237314 ], [ -82.333873364961093, 27.921917168945356 ], [ -82.334800365173251, 27.920190168504089 ], [ -82.337033365685571, 27.916067167450176 ], [ -82.337320365751353, 27.915537167314689 ], [ -82.339251366194361, 27.911970166402877 ], [ -82.339924366347475, 27.910687166075476 ], [ -82.342217366876724, 27.906550165016558 ], [ -82.343898367262994, 27.903465164227644 ], [ -82.343920367268083, 27.903426164217642 ], [ -82.344973367510107, 27.901493163723295 ], [ -82.346799367930558, 27.898166162872169 ], [ -82.347689368136201, 27.896565162462274 ], [ -82.348198368235884, 27.895094162093443 ], [ -82.348645368374534, 27.89539016215371 ], [ -82.351496369274557, 27.897768162656618 ], [ -82.35185636938607, 27.898002162704067 ], [ -82.351932369409624, 27.898052162714254 ], [ -82.351986369426385, 27.898087162721339 ], [ -82.352605369618161, 27.898491162803353 ], [ -82.354318370131608, 27.89907116290016 ], [ -82.354506370186115, 27.899076162896591 ], [ -82.356555370779731, 27.899131162857906 ], [ -82.35856937136225, 27.899156162812815 ], [ -82.360492371918426, 27.899179162769535 ], [ -82.362152372398583, 27.899200162732456 ], [ -82.363087372669042, 27.899212162711589 ], [ -82.364693373132781, 27.899208162669844 ], [ -82.365341373319751, 27.899202162651957 ], [ -82.368702374290834, 27.899212162568997 ], [ -82.368644374328014, 27.900888162975853 ], [ -82.368622374353393, 27.901874163214845 ], [ -82.368624374370711, 27.902394163340613 ], [ -82.368616374379883, 27.902752163427355 ], [ -82.368618374401606, 27.903409163586247 ], [ -82.368620374409488, 27.903637163641317 ], [ -82.368636374495722, 27.906171164253735 ], [ -82.368639374509698, 27.906578164352073 ], [ -82.368639374514188, 27.906718164385971 ], [ -82.36864337452927, 27.9071491644901 ], [ -82.368651374568628, 27.908300164768217 ], [ -82.368652374573045, 27.908428164799179 ], [ -82.368662374627093, 27.910018165183406 ], [ -82.368672374678624, 27.911527165548051 ], [ -82.368683374731617, 27.913074165921866 ], [ -82.368699374812877, 27.915453166496725 ], [ -82.368697374843705, 27.916427166732284 ], [ -82.368699374857741, 27.916845166833284 ], [ -82.368700374885591, 27.917700167039992 ], [ -82.368701374908042, 27.918388167206359 ], [ -82.368701374930708, 27.919091167376322 ], [ -82.368701374962001, 27.920062167611082 ], [ -82.368701375046641, 27.922687168245776 ], [ -82.370789375650304, 27.922705168197034 ], [ -82.371733375922545, 27.922692168169835 ], [ -82.372861376248821, 27.922707168144793 ], [ -82.374853376825001, 27.922734168100639 ], [ -82.375804377099357, 27.922723168073738 ], [ -82.376927377423797, 27.922728168046444 ], [ -82.377885377700778, 27.922736168023981 ], [ -82.378875377986432, 27.922727167996644 ], [ -82.379931378292213, 27.922752167975815 ], [ -82.380955378586961, 27.922722167942467 ], [ -82.380934378668073, 27.925425168596441 ], [ -82.380937378697439, 27.926307168809615 ], [ -82.380949378816524, 27.929892169675913 ], [ -82.380962378938676, 27.933560170562206 ], [ -82.382380379348092, 27.933556170525129 ], [ -82.383974379808279, 27.933552170483551 ], [ -82.385030380113164, 27.933549170455944 ], [ -82.389567381423518, 27.933550170340659 ], [ -82.39200138212675, 27.933560170281133 ], [ -82.393838382657492, 27.933567170236021 ], [ -82.397613383747853, 27.933574170141561 ], [ -82.397587384046403, 27.943050172432212 ], [ -82.397485384076816, 27.944901172882123 ], [ -82.397472384080672, 27.945137172939454 ], [ -82.397425384095229, 27.946008173151121 ], [ -82.397408384108232, 27.946562173285397 ], [ -82.397519384202795, 27.94849617374987 ], [ -82.397527384246217, 27.949768174057027 ], [ -82.398058384399448, 27.949764174042485 ], [ -82.3993533847744, 27.949793174016492 ], [ -82.401795385479375, 27.949787173952807 ], [ -82.402447385667628, 27.949786173935895 ], [ -82.403249385900466, 27.949824173924647 ], [ -82.404089386145898, 27.949913173924745 ], [ -82.404789386352306, 27.950045173938801 ], [ -82.405123386451621, 27.950133173951528 ], [ -82.406165386761757, 27.950420173994328 ], [ -82.410315388018859, 27.952236174327187 ], [ -82.410336388025229, 27.952245174328862 ], [ -82.410520388081324, 27.952336174346144 ], [ -82.411895388499858, 27.953000174471473 ], [ -82.413211388898347, 27.953572174576109 ], [ -82.414405389260395, 27.954106174674607 ], [ -82.415580389611605, 27.954475174733812 ], [ -82.41557938961779, 27.954675174782157 ], [ -82.41557938962778, 27.954984174856747 ], [ -82.415575389638434, 27.955348174944813 ], [ -82.415972389756206, 27.955445174958111 ], [ -82.416603389940306, 27.955504174956243 ], [ -82.417180390106537, 27.955493174938887 ], [ -82.41786539030187, 27.955416174902844 ], [ -82.41922839068512, 27.955098174791196 ], [ -82.420969391175234, 27.954708174652584 ], [ -82.421792391407877, 27.954555174594628 ], [ -82.422451391598102, 27.954554174577588 ], [ -82.425412392454078, 27.95458517450956 ], [ -82.425542392493298, 27.954636174518551 ], [ -82.425861392589454, 27.954762174540832 ], [ -82.426083392656366, 27.954849174556188 ], [ -82.426504392783229, 27.955014174585322 ], [ -82.427401393056812, 27.955464174671132 ], [ -82.428066393256032, 27.955687174708032 ], [ -82.430655394006095, 27.955766174661029 ], [ -82.434716395179237, 27.955787174562477 ], [ -82.43551139540844, 27.955776174539562 ], [ -82.438013396130913, 27.955780174476676 ], [ -82.440473396842279, 27.955816174422559 ], [ -82.442966397562145, 27.955819174359672 ], [ -82.442967397567202, 27.955967174395408 ], [ -82.44297339759251, 27.956696174571288 ], [ -82.442969397614121, 27.957399174741212 ], [ -82.442973397638895, 27.958129174917374 ], [ -82.442970397661114, 27.958841175089422 ], [ -82.442978397684655, 27.95949817524788 ], [ -82.442971397708405, 27.960293175440036 ], [ -82.442972397731708, 27.961004175611723 ], [ -82.442969397753899, 27.961716175783693 ], [ -82.44296639777636, 27.962436175957652 ], [ -82.442966397798799, 27.963129176125019 ], [ -82.442971397824095, 27.963866176302876 ], [ -82.442942397833178, 27.964404176433536 ], [ -82.44294039784117, 27.964671176498062 ], [ -82.442939397844057, 27.964768176521524 ], [ -82.442950397854901, 27.96500417657818 ], [ -82.442959397863461, 27.965188176622419 ], [ -82.442962397891293, 27.966021176823507 ], [ -82.442960397916352, 27.966813177014799 ], [ -82.442954397934514, 27.967426177162942 ], [ -82.442956397962135, 27.968261177364507 ], [ -82.442955397974259, 27.968644177457012 ], [ -82.442971398039248, 27.970507177906448 ], [ -82.442981398065555, 27.971230178080763 ], [ -82.442977398088502, 27.97197317826026 ], [ -82.442978398097509, 27.972242178325189 ], [ -82.442986398114499, 27.972694178434111 ], [ -82.442984398137767, 27.973431178612135 ], [ -82.442976398158891, 27.974153178786636 ], [ -82.442950398181026, 27.975067179007954 ], [ -82.442940398208123, 27.975993179231747 ], [ -82.442927398233323, 27.976885179447482 ], [ -82.442926398251743, 27.977462179586833 ], [ -82.442944398268764, 27.977826179674224 ], [ -82.442942398295727, 27.978675179879264 ], [ -82.442952398324437, 27.979472180071404 ], [ -82.442942398358269, 27.980603180344684 ], [ -82.442936398385129, 27.98148618055799 ], [ -82.442953398420386, 27.982421180783295 ], [ -82.442969398454423, 27.983327181001577 ], [ -82.442968398483245, 27.98422418121816 ], [ -82.442966398512183, 27.985134181437857 ], [ -82.442966398536242, 27.985875181616734 ], [ -82.442967398548447, 27.986243181705579 ], [ -82.442969398560592, 27.986599181791476 ], [ -82.442972398573247, 27.986963181879247 ], [ -82.442976398587533, 27.98736718197668 ], [ -82.442976398611421, 27.988103182154319 ], [ -82.442968398630825, 27.988772182316016 ], [ -82.442969398656999, 27.989569182508323 ], [ -82.4429793986818, 27.990245182671231 ], [ -82.442979398693538, 27.990606182758444 ], [ -82.442965398706193, 27.991119182882567 ], [ -82.442970398730438, 27.991822183052175 ], [ -82.442972398750086, 27.992409183193789 ], [ -82.442970398779053, 27.993319183413487 ], [ -82.442968398809967, 27.994288183647413 ], [ -82.442962398836514, 27.995161183858261 ], [ -82.442957398864692, 27.996072184078258 ], [ -82.442968398897804, 27.996993184300262 ], [ -82.442965398926518, 27.99790418452022 ], [ -82.44296139895458, 27.998804184737562 ], [ -82.442963398984773, 27.999714184957082 ], [ -82.442969399016093, 28.000625185176823 ], [ -82.442964399043291, 28.001506185389573 ], [ -82.442958399072097, 28.002447185616759 ], [ -82.44297139910519, 28.003349185834146 ], [ -82.442963399132339, 28.004255186052976 ], [ -82.442979399166873, 28.005176186274831 ], [ -82.44298939919922, 28.006081186492956 ], [ -82.442989399218902, 28.006686186638944 ], [ -82.442985399227766, 28.006996186713884 ], [ -82.442981399239486, 28.007392186809504 ], [ -82.442983399260939, 28.008034186964391 ], [ -82.442979399289968, 28.008962187188423 ], [ -82.442987399322249, 28.00988218741022 ], [ -82.442975399343652, 28.010648187595343 ], [ -82.443001399381558, 28.011582187820032 ], [ -82.442990399407719, 28.012484188037941 ], [ -82.442969399414991, 28.012894188137398 ], [ -82.442966399431057, 28.013414188262999 ], [ -82.442943399455316, 28.014364188492806 ], [ -82.442634399366469, 28.01437518850333 ], [ -82.442650399374898, 28.014492188531158 ], [ -82.442056399201277, 28.014428188530996 ], [ -82.442075399206189, 28.014410188526142 ], [ -82.442124399219409, 28.014382188518155 ], [ -82.442148399222603, 28.014267188489711 ], [ -82.442154399221963, 28.014193188471733 ], [ -82.442146399218018, 28.014144188460115 ], [ -82.442128399211299, 28.014097188449256 ], [ -82.442085399196856, 28.01403418843514 ], [ -82.441994399167456, 28.013939188414575 ], [ -82.441897399136536, 28.013849188395312 ], [ -82.441809399109175, 28.013789188383093 ], [ -82.441693399073955, 28.01373618837329 ], [ -82.441479399009765, 28.013661188360704 ], [ -82.441425398993815, 28.013651188359646 ], [ -82.441400398986573, 28.01365018836006 ], [ -82.441377398980094, 28.013655188361824 ], [ -82.441356398974534, 28.013670188365992 ], [ -82.441289398957636, 28.01374618838604 ], [ -82.441215398938738, 28.013821188406066 ], [ -82.441171398928063, 28.013883188422128 ], [ -82.441090398909765, 28.014041188462318 ], [ -82.441021398893398, 28.014149188490148 ], [ -82.440908398865332, 28.014290188527053 ], [ -82.440801398838133, 28.014404188557361 ], [ -82.440701398812081, 28.014490188580616 ], [ -82.440454398746098, 28.014654188626555 ], [ -82.440401398732618, 28.014709188641159 ], [ -82.4402213986898, 28.014990188713604 ], [ -82.439894398608388, 28.015391188818672 ], [ -82.439746398572524, 28.015601188873191 ], [ -82.439518398517734, 28.015942188961304 ], [ -82.439406398490078, 28.016084188998406 ], [ -82.439182398433587, 28.016336189064933 ], [ -82.438955398377217, 28.016619189139064 ], [ -82.438818398344054, 28.016815189189892 ], [ -82.438518398272933, 28.017291189312402 ], [ -82.438262398211478, 28.017673189411152 ], [ -82.43820539819869, 28.01778718944011 ], [ -82.438149398187107, 28.017927189475319 ], [ -82.438136398185705, 28.018000189493243 ], [ -82.43814339819339, 28.018174189535074 ], [ -82.438128398193072, 28.0182971895651 ], [ -82.438102398188718, 28.018393189588977 ], [ -82.438045398176783, 28.018533189624186 ], [ -82.437857398143564, 28.019180189785125 ], [ -82.437793398133778, 28.019447189851192 ], [ -82.437749398124879, 28.019564189880519 ], [ -82.437653398103009, 28.019743189926189 ], [ -82.437541398076235, 28.019914189970287 ], [ -82.437403398042491, 28.020101190018963 ], [ -82.437261398006399, 28.020254190059504 ], [ -82.437199397990085, 28.020303190072941 ], [ -82.436939397920256, 28.020463190118214 ], [ -82.436543397813423, 28.020694190184074 ], [ -82.436408397777299, 28.020782190208784 ], [ -82.436178397716802, 28.020963190258342 ], [ -82.435618397570821, 28.021446190389192 ], [ -82.43551139754257, 28.021526190411262 ], [ -82.435283397481314, 28.021668190451351 ], [ -82.435229397467253, 28.021714190463825 ], [ -82.435061397423382, 28.021856190502451 ], [ -82.434898397380138, 28.021975190535311 ], [ -82.434910397384286, 28.02199519053983 ], [ -82.435063397436423, 28.022239190594789 ], [ -82.4352433974977, 28.022525190659135 ], [ -82.434960397426039, 28.022834190740951 ], [ -82.434701397364506, 28.023241190845802 ], [ -82.434667397377581, 28.023944191016248 ], [ -82.434661397398244, 28.024632191182413 ], [ -82.434608397405867, 28.025337191353845 ], [ -82.434044397261118, 28.025892191502219 ], [ -82.434376397367984, 28.026230191575255 ], [ -82.434635397464575, 28.02689919173001 ], [ -82.436701398061231, 28.026904191678224 ], [ -82.436700398082962, 28.027580191841324 ], [ -82.434641397488861, 28.027592191897007 ], [ -82.434641397509992, 28.028241192053574 ], [ -82.43464139753101, 28.028886192209185 ], [ -82.434641397557499, 28.029699192405321 ], [ -82.434643397581524, 28.03041919257895 ], [ -82.434643397604646, 28.0311291927502 ], [ -82.434644397628261, 28.031845192922908 ], [ -82.434641397650665, 28.032559193095231 ], [ -82.430499396455303, 28.032578193206078 ], [ -82.429467396157122, 28.03257319323135 ], [ -82.429456396269927, 28.036131194089918 ], [ -82.429439396266247, 28.036169194099486 ], [ -82.429255396215694, 28.036248194123282 ], [ -82.429127396180505, 28.036303194139808 ], [ -82.429105396175629, 28.03634819415122 ], [ -82.429096396194169, 28.036996194307772 ], [ -82.42909439621728, 28.037722194482928 ], [ -82.429094396240856, 28.038446194657578 ], [ -82.429103396266882, 28.039165194830758 ], [ -82.427703395862522, 28.039162194865977 ], [ -82.42771839588805, 28.039813195022628 ], [ -82.427514395831835, 28.039896195047891 ], [ -82.428112396004664, 28.039900195033507 ], [ -82.429003396261677, 28.039892195008729 ], [ -82.428904396235808, 28.039975195031271 ], [ -82.428901396270533, 28.041067195294765 ], [ -82.428112396042792, 28.041069195315487 ], [ -82.427313395812035, 28.041069195335982 ], [ -82.427314395844618, 28.042059195574762 ], [ -82.427314395893688, 28.043564195937762 ], [ -82.426192395570098, 28.04357519596919 ], [ -82.426192395618457, 28.045058196326888 ], [ -82.426189395642311, 28.045817196510047 ], [ -82.426186395686983, 28.047213196846801 ], [ -82.426178395804286, 28.050878197730921 ], [ -82.426176395868396, 28.052860198208958 ], [ -82.426106395900703, 28.054469198598767 ], [ -82.426099395913184, 28.05491419870625 ], [ -82.426096395918393, 28.05510019875117 ], [ -82.42606539597223, 28.057023199215728 ], [ -82.426066396009205, 28.058146199486444 ], [ -82.426068396077355, 28.060216199985543 ], [ -82.426097396262108, 28.065615201286619 ], [ -82.426088396316999, 28.067374201710937 ], [ -82.426030396359181, 28.069177202147124 ], [ -82.426101396449695, 28.071318202661462 ], [ -82.426107396476553, 28.072087202846763 ], [ -82.42609539649925, 28.07288820304014 ], [ -82.426124396532884, 28.073659203225244 ], [ -82.426145396566028, 28.074487203424326 ], [ -82.426154396594441, 28.07527720361454 ], [ -82.426208396651802, 28.076555203921252 ], [ -82.426209396653149, 28.076587203928923 ], [ -82.426219396663569, 28.07681620398391 ], [ -82.426235396680639, 28.077197204075336 ], [ -82.426233396703751, 28.077922204250157 ], [ -82.426206396707371, 28.078271204334957 ], [ -82.426159396699944, 28.078459204381513 ], [ -82.426092396688318, 28.078695204440102 ], [ -82.425937396653865, 28.079010204520021 ], [ -82.425702396597231, 28.079353204608744 ], [ -82.425325396503297, 28.079810204728624 ], [ -82.425673396613931, 28.08011920479413 ], [ -82.426129396753623, 28.080364204841448 ], [ -82.426622396897571, 28.080412204840325 ], [ -82.427609397183289, 28.080433204820004 ], [ -82.428466397430512, 28.080425204796015 ], [ -82.429107397615439, 28.08042120477857 ], [ -82.430836398115133, 28.08043220473672 ], [ -82.430853398178655, 28.082223205167999 ], [ -82.430857398191336, 28.082575205252681 ], [ -82.430841398202404, 28.083056205369083 ], [ -82.430836398221999, 28.083698205523906 ], [ -82.430820398239121, 28.084363205684621 ], [ -82.430823398255114, 28.084825205795898 ], [ -82.430838398314719, 28.086513206202344 ], [ -82.430820398333921, 28.087259206382591 ], [ -82.430807398348264, 28.08781120651599 ], [ -82.430788398359283, 28.088315206637926 ], [ -82.430773398368856, 28.088741206741009 ], [ -82.43077139840976, 28.090007207046195 ], [ -82.430757398456336, 28.091553207419128 ], [ -82.430747398482353, 28.092435207631908 ], [ -82.43072639853456, 28.094214208061167 ], [ -82.430719398552768, 28.094831208210088 ], [ -82.430720398566962, 28.095255208312235 ], [ -82.430720398568411, 28.095299208322853 ], [ -82.430728398626584, 28.097005208733709 ], [ -82.430731398653265, 28.097793208923509 ], [ -82.43072139868228, 28.098766209158278 ], [ -82.43071639869882, 28.099314209290426 ], [ -82.430704398706297, 28.099649209371496 ], [ -82.430678398725007, 28.100448209564661 ], [ -82.430711398770001, 28.10153120982476 ], [ -82.430720398808504, 28.102625210088149 ], [ -82.430759398921509, 28.105729210835054 ], [ -82.430757398943612, 28.106421211001841 ], [ -82.430754398971885, 28.107309211215856 ], [ -82.430754398975921, 28.107432211245463 ], [ -82.430753398983043, 28.107658211299995 ], [ -82.429802398721705, 28.108063211422113 ], [ -82.427854398198093, 28.109251211758529 ], [ -82.42772539816346, 28.1093302117809 ], [ -82.426222397771895, 28.110625212131648 ], [ -82.425896397691886, 28.111057212244127 ], [ -82.425259397535669, 28.111903212464398 ], [ -82.424641397392165, 28.112968212736909 ], [ -82.424272397306567, 28.113607212900423 ], [ -82.423980397241507, 28.114195213049612 ], [ -82.420786396530289, 28.120630214682279 ], [ -82.420552396478257, 28.121103214802265 ], [ -82.418897396108008, 28.124383215635078 ], [ -82.418760396077474, 28.124657215704669 ], [ -82.417989395904684, 28.126178216090924 ], [ -82.41246139466665, 28.137089218861789 ], [ -82.410850394329231, 28.140979219840304 ], [ -82.410286394216755, 28.142512220224077 ], [ -82.409383394036823, 28.144971220839594 ], [ -82.408102393772211, 28.148175221644294 ], [ -82.407729393699142, 28.149227221907275 ], [ -82.406699393499352, 28.152197222649111 ], [ -82.405489393250051, 28.155241223413359 ], [ -82.404141392941227, 28.157688224037443 ], [ -82.402463392542089, 28.160284224705915 ], [ -82.394917390708059, 28.170778227427725 ], [ -82.394722390663233, 28.171128227517073 ], [ -82.394632390641661, 28.171262227551672 ], [ -82.393999390458902, 28.171265227568771 ], [ -82.393697390371543, 28.17126222757587 ], [ -82.392423390003543, 28.171262227608846 ], [ -82.392360389985328, 28.171262227610498 ], [ -82.392157389926666, 28.171262227615742 ], [ -82.39200538988274, 28.171262227619685 ], [ -82.391964389870893, 28.171262227620726 ], [ -82.389593389185819, 28.171258227681104 ], [ -82.388681388922208, 28.171253227703513 ], [ -82.388569388889792, 28.171251227705948 ], [ -82.385887388114085, 28.171225227769124 ], [ -82.385486387998398, 28.171229227780451 ], [ -82.385431387982507, 28.171230227782111 ], [ -82.384242387639546, 28.171247227816998 ], [ -82.383559387442219, 28.171246227834448 ], [ -82.383151387323707, 28.171227227840429 ], [ -82.382790387218307, 28.171193227841542 ], [ -82.382482387127993, 28.171153227839934 ], [ -82.38223038705398, 28.171116227837533 ], [ -82.381864386946049, 28.171049227830871 ], [ -82.364318381881759, 28.171208228323277 ], [ -82.364174381840797, 28.171227228331585 ], [ -82.364025381798399, 28.171247228340249 ], [ -82.36400838179361, 28.171250228341407 ], [ -82.363967381781833, 28.171252228342954 ], [ -82.363877381755955, 28.171256228346227 ], [ -82.363148381546551, 28.171295228374483 ], [ -82.362339381312481, 28.171283228392529 ], [ -82.362212381275739, 28.171282228395576 ], [ -82.362175381265004, 28.171282228396532 ], [ -82.361762381145724, 28.17128322840745 ], [ -82.360368380743068, 28.171287228444537 ], [ -82.359762380567901, 28.17128622845998 ], [ -82.358511380206295, 28.171283228491582 ], [ -82.357144379811729, 28.171295228529875 ], [ -82.357084379794387, 28.171295228531424 ], [ -82.356970379761464, 28.171296228534622 ], [ -82.355892379449841, 28.171292228561541 ], [ -82.355877379445488, 28.171292228561935 ], [ -82.355745379407395, 28.17129222856537 ], [ -82.355724379401281, 28.171291228565671 ], [ -82.353928378882145, 28.171286228610942 ], [ -82.353868378864775, 28.171286228612495 ], [ -82.353703378817087, 28.171285228616537 ], [ -82.353790378852509, 28.171597228689343 ], [ -82.353801378857042, 28.171639228699206 ], [ -82.353785378914509, 28.173522229153086 ], [ -82.353766378980794, 28.175700229678068 ], [ -82.353765378985685, 28.175857229715902 ], [ -82.353752378990578, 28.176120229779535 ], [ -82.353734379062942, 28.178473230346619 ], [ -82.353720379119892, 28.180322230792196 ], [ -82.353712379155809, 28.181482231071683 ], [ -82.353712379189673, 28.182509231318981 ], [ -82.353706379205747, 28.183048231448907 ], [ -82.353692379244904, 28.184359231764908 ], [ -82.353678379284972, 28.185695232086974 ], [ -82.353684379287174, 28.185709232090133 ], [ -82.353678379297051, 28.186061232175071 ], [ -82.353679379347128, 28.18756923253811 ], [ -82.353682379363661, 28.18804523265262 ], [ -82.353684379376148, 28.188406232739478 ], [ -82.353679379383124, 28.188660232800746 ], [ -82.353669379393764, 28.189072232900223 ], [ -82.353667379403007, 28.189369232971778 ], [ -82.353659379403027, 28.189439232988835 ], [ -82.353648379402316, 28.189514233007159 ], [ -82.353647379405302, 28.189614233031293 ], [ -82.353598379418884, 28.19045423323476 ], [ -82.35359037942402, 28.190679233289121 ], [ -82.353587379426486, 28.1907802333135 ], [ -82.353574379438882, 28.191270233431808 ], [ -82.35356437944067, 28.191411233466006 ], [ -82.353495379456263, 28.19248723372683 ], [ -82.353431379460218, 28.193168233892468 ], [ -82.35343537946585, 28.193303233924858 ], [ -82.353436379470494, 28.193435233956574 ], [ -82.353446379481994, 28.193695234018911 ], [ -82.3534223795467, 28.19586723454238 ], [ -82.353404379595148, 28.197490234933529 ], [ -82.353375379676606, 28.200211235589265 ], [ -82.353375379678326, 28.200263235601799 ], [ -82.353376379709673, 28.201203235828014 ], [ -82.353366379753197, 28.202607236166241 ], [ -82.353362379768399, 28.203102236285496 ], [ -82.353354379799683, 28.204120236530695 ], [ -82.353352379810943, 28.204478236616932 ], [ -82.353347379854554, 28.205841236945069 ], [ -82.353338379927237, 28.208118237493395 ], [ -82.353336379942832, 28.208607237611101 ], [ -82.353333379962336, 28.20922323775946 ], [ -82.353333379964951, 28.209302237778449 ], [ -82.353332379969856, 28.209460237816501 ], [ -82.353330379991959, 28.210146237981675 ], [ -82.353325380033553, 28.211447238294863 ], [ -82.353322380059353, 28.212254238489155 ], [ -82.353313380131155, 28.214503239030627 ], [ -82.353312380139101, 28.214752239090565 ], [ -82.353305380156868, 28.215352239235159 ], [ -82.353291380195941, 28.216654239548834 ], [ -82.353246380316449, 28.22068924052094 ], [ -82.353235380331185, 28.221231240651651 ], [ -82.353232380336294, 28.22141224069528 ], [ -82.353207380379828, 28.222945241064789 ], [ -82.35316238038132, 28.22338324117138 ], [ -82.35306538037544, 28.224052241334832 ], [ -82.352920380357787, 28.224785241514976 ], [ -82.352892380354547, 28.22493124155082 ], [ -82.352348380262299, 28.226893242036997 ], [ -82.351628380134983, 28.229332242642563 ], [ -82.351115380046622, 28.231141243091088 ], [ -82.350806379993514, 28.232234243362104 ], [ -82.35076137998584, 28.232395243401989 ], [ -82.350754379984764, 28.23242224340866 ], [ -82.350441379931596, 28.233549243687918 ], [ -82.350097379873361, 28.234791243995655 ], [ -82.349663379799836, 28.236359244384158 ], [ -82.350149379938941, 28.236318244361666 ], [ -82.350197379952689, 28.236314244359463 ], [ -82.350696380096821, 28.236311244345764 ], [ -82.351131380223464, 28.236339244341202 ], [ -82.351605380362429, 28.236398244343093 ], [ -82.352089380505006, 28.236481244350443 ], [ -82.352429380605386, 28.236545244357004 ], [ -82.352792380712557, 28.236614244364173 ], [ -82.353126380811617, 28.236690244373811 ], [ -82.353446380906348, 28.236757244381607 ], [ -82.353785381006702, 28.236829244390112 ], [ -82.353939381052157, 28.236859244393308 ], [ -82.354192381126978, 28.236909244398735 ], [ -82.354402381189033, 28.236951244403393 ], [ -82.354557381234869, 28.23698224440686 ], [ -82.354063381113335, 28.237623244573857 ], [ -82.353305380926969, 28.238610244831019 ], [ -82.352585380750028, 28.239549245075629 ], [ -82.352094380629424, 28.240192245243026 ], [ -82.351966380598185, 28.240364245287751 ], [ -82.351580380503648, 28.240877245421199 ], [ -82.351456380473607, 28.241053245466713 ], [ -82.35070938029088, 28.24205224572647 ], [ -82.350462380230184, 28.242375245810557 ], [ -82.349326379951506, 28.243871246199983 ], [ -82.347920379607515, 28.245752246688955 ], [ -82.347477379498926, 28.246339246841668 ], [ -82.346481379254911, 28.247660247185326 ], [ -82.345062378907173, 28.249540247674421 ], [ -82.344319378725359, 28.250533247932566 ], [ -82.34230537823143, 28.253189248623794 ], [ -82.341562378047712, 28.254124248868006 ], [ -82.340934377890619, 28.254861249061626 ], [ -82.340096377678819, 28.255776249303455 ], [ -82.339183377445437, 28.256696249548483 ], [ -82.338255377206366, 28.257574249783804 ], [ -82.336804376830543, 28.258887250137395 ], [ -82.336504376753112, 28.259166250212274 ], [ -82.335293376439523, 28.260264250507863 ], [ -82.333870376071431, 28.261565250857753 ], [ -82.333814376056978, 28.261616250871519 ], [ -82.332965375837745, 28.262405251083358 ], [ -82.332517375723228, 28.26285625120347 ], [ -82.332122375624266, 28.263315251324137 ], [ -82.331662375509651, 28.263867251468898 ], [ -82.331188375393353, 28.264490251631013 ], [ -82.330808375302212, 28.265054251776519 ], [ -82.330337375192315, 28.265844251978834 ], [ -82.329894375091456, 28.266663252187307 ], [ -82.329600375028633, 28.267330252355386 ], [ -82.329390374985621, 28.267862252488758 ], [ -82.32822137475317, 28.27103625328245 ], [ -82.327324374575369, 28.273489253895679 ], [ -82.327056374525867, 28.274330254104864 ], [ -82.326836374488735, 28.275125254301805 ], [ -82.326667374460627, 28.275750254456433 ], [ -82.326557374450772, 28.276410254618046 ], [ -82.32648137444707, 28.276959254752018 ], [ -82.3264223744536, 28.277669254924298 ], [ -82.326397374467462, 28.278303255077372 ], [ -82.32639737448855, 28.278937255229824 ], [ -82.326395374627239, 28.283125256236783 ], [ -82.32641037467269, 28.284360256533322 ], [ -82.32641737469055, 28.284837256647826 ], [ -82.326415374703231, 28.285235256743569 ], [ -82.326384374713939, 28.285826256886434 ], [ -82.326191374726136, 28.287870257382885 ], [ -82.326085374722922, 28.288695257583939 ], [ -82.325953374710522, 28.289469257773508 ], [ -82.325776374690491, 28.290403258002613 ], [ -82.325766374689124, 28.290450258014172 ], [ -82.325494374653843, 28.29175225833427 ], [ -82.325215374617727, 28.293090258663216 ], [ -82.325119374606857, 28.293597258787557 ], [ -82.325064374600856, 28.293894258860394 ], [ -82.324899374594125, 28.295124259160378 ], [ -82.324861374592572, 28.295408259229653 ], [ -82.324741374602183, 28.296738259552495 ], [ -82.324698374626365, 28.297837259817776 ], [ -82.324695374637727, 28.298204259906054 ], [ -82.324691374656865, 28.298815260053019 ], [ -82.324709374686435, 28.299546260228244 ], [ -82.324874374808076, 28.301766260757553 ], [ -82.324965374867375, 28.302755260992882 ], [ -82.325005374893095, 28.303181261094245 ], [ -82.325147374987466, 28.304780261474829 ], [ -82.325283375074363, 28.306208261814472 ], [ -82.325349375119302, 28.306984261999265 ], [ -82.325452375184511, 28.308048262252253 ], [ -82.325551375250853, 28.309179262521475 ], [ -82.325563375259875, 28.309346262561331 ], [ -82.325596375283766, 28.309776262663792 ], [ -82.325639375323462, 28.310595262859469 ], [ -82.325663375369999, 28.311781263143882 ], [ -82.325647375383895, 28.312337263277918 ], [ -82.325583375410417, 28.313687263603946 ], [ -82.32555537541603, 28.314098263703492 ], [ -82.325479375430518, 28.315192263968321 ], [ -82.325442375434747, 28.31563826407649 ], [ -82.325393375440825, 28.316245264223621 ], [ -82.325167375477818, 28.319314264966962 ], [ -82.325101375490334, 28.320259265195745 ], [ -82.324996375511375, 28.321800265568783 ], [ -82.324956375511448, 28.322149265653671 ], [ -82.32488237551965, 28.323035265868505 ], [ -82.324747375547744, 28.325046266355194 ], [ -82.324741375550602, 28.325183266388255 ], [ -82.324736375553357, 28.325310266418931 ], [ -82.324621375565727, 28.326676266750084 ], [ -82.324617375566362, 28.326730266763199 ], [ -82.324519375580536, 28.328002267071337 ], [ -82.324472375592322, 28.328762267255161 ], [ -82.323911375568301, 28.332898268263481 ], [ -82.323312375612559, 28.339406269842481 ], [ -82.322551375510599, 28.342938270710782 ], [ -82.322268375498979, 28.345036271222089 ], [ -82.322230375497426, 28.345319271291043 ], [ -82.32179337542874, 28.347042271716326 ], [ -82.321033375307564, 28.349989272444024 ], [ -82.320708375254767, 28.351220272748183 ], [ -82.320551375231091, 28.351869272908122 ], [ -82.320386375208898, 28.352631273095465 ], [ -82.320247375191272, 28.353305273260951 ], [ -82.32013437518259, 28.354021273435887 ], [ -82.320025375176812, 28.354791273623633 ], [ -82.319969375176584, 28.355267273739418 ], [ -82.31995837517762, 28.355394273770212 ], [ -82.319935375179895, 28.355660273834697 ], [ -82.319891375184525, 28.356179273960496 ], [ -82.319874375189002, 28.356460274028386 ], [ -82.319859375193644, 28.356727274092915 ], [ -82.319827375208817, 28.357458274269323 ], [ -82.319785375262427, 28.359422274742048 ], [ -82.319780375299146, 28.360562275015884 ], [ -82.319779375299163, 28.36057127501811 ], [ -82.319701375550267, 28.368740276981629 ], [ -82.319669375653817, 28.372107277790818 ], [ -82.319633375772369, 28.375953278715091 ], [ -82.319622375803021, 28.376963278957856 ], [ -82.31960937584175, 28.378229279262115 ], [ -82.319591375895698, 28.379993279686072 ], [ -82.319581375926688, 28.38100427992898 ], [ -82.319576375941594, 28.381491280046028 ], [ -82.31956137598624, 28.382952280397138 ], [ -82.319556376001145, 28.383439280514185 ], [ -82.319549376020987, 28.384090280670623 ], [ -82.319528376080427, 28.386043281139933 ], [ -82.319522376100593, 28.386695281296564 ], [ -82.319482376215362, 28.390459282201046 ], [ -82.319451376308706, 28.393506282933185 ], [ -82.31941137631722, 28.394104283077709 ], [ -82.319315376312105, 28.394778283242008 ], [ -82.319144376284981, 28.395443283406109 ], [ -82.318948376247732, 28.396022283550174 ], [ -82.318714376197875, 28.396551283683319 ], [ -82.318441376136278, 28.397067283814298 ], [ -82.318061376045904, 28.397647283963494 ], [ -82.317647375943977, 28.39817828410176 ], [ -82.317204375832176, 28.398662284229573 ], [ -82.316611375679145, 28.399211284376879 ], [ -82.316110375547225, 28.399596284482431 ], [ -82.31556737540194, 28.39994428458024 ], [ -82.315218375307666, 28.400141284636643 ], [ -82.314990375246055, 28.40027128467386 ], [ -82.314266375048476, 28.400621284776868 ], [ -82.311824374380947, 28.40176828511629 ], [ -82.30997837387595, 28.402624285370187 ], [ -82.309548373758432, 28.402827285430213 ], [ -82.308542373483505, 28.403303285570857 ], [ -82.307701373253877, 28.403705285689441 ], [ -82.307146373102896, 28.403989285772123 ], [ -82.306395372900681, 28.404433285898417 ], [ -82.305813372745078, 28.404810286004192 ], [ -82.305220372587513, 28.405224286119122 ], [ -82.304458372387359, 28.405825286283388 ], [ -82.303774372209332, 28.406414286442683 ], [ -82.303282372083729, 28.406910286574639 ], [ -82.302067371773632, 28.40813728690102 ], [ -82.301524371635566, 28.408701287050636 ], [ -82.301187371549901, 28.409051287143456 ], [ -82.301137371537209, 28.409104287157533 ], [ -82.300173371291848, 28.410098287421391 ], [ -82.299836371206169, 28.410448287514182 ], [ -82.29876437093337, 28.411553287807511 ], [ -82.298588370888609, 28.411736287856058 ], [ -82.295556370117325, 28.414875288689004 ], [ -82.295119370006248, 28.415329288809421 ], [ -82.294490369846415, 28.415985288983368 ], [ -82.293837369680546, 28.416668289164448 ], [ -82.293714369648995, 28.416789289196718 ], [ -82.292974369459884, 28.417527289393256 ], [ -82.292350369301403, 28.418181289566576 ], [ -82.291754369147611, 28.418734289714916 ], [ -82.291418369061233, 28.419055289800799 ], [ -82.291320369035645, 28.419136289822784 ], [ -82.290986368948509, 28.41941728989902 ], [ -82.290452368808346, 28.41984029001452 ], [ -82.289746368620612, 28.420330290150687 ], [ -82.288915368398108, 28.420860290299714 ], [ -82.288180368199704, 28.421279290419534 ], [ -82.287299367959818, 28.421723290549274 ], [ -82.28712736791293, 28.421808290574191 ], [ -82.286302367688137, 28.422219290694489 ], [ -82.285859367567795, 28.42244929076131 ], [ -82.285341367428003, 28.42274729084647 ], [ -82.28486336730046, 28.423066290935576 ], [ -82.284450367191667, 28.423382291022243 ], [ -82.283906367050847, 28.423873291154372 ], [ -82.283554366960587, 28.42421629124593 ], [ -82.283235366881456, 28.424606291347875 ], [ -82.282924366804963, 28.425006291452046 ], [ -82.282638366737302, 28.425452291566593 ], [ -82.282385366678852, 28.425891291678543 ], [ -82.282116366619292, 28.42643329181567 ], [ -82.281884366570736, 28.426983291953768 ], [ -82.281700366535773, 28.427525292088628 ], [ -82.281541366508591, 28.428084292226941 ], [ -82.281415366492411, 28.428686292374646 ], [ -82.281317366485652, 28.429327292531056 ], [ -82.281253366502824, 28.430387292787046 ], [ -82.281243366518083, 28.430926292916617 ], [ -82.281229366540344, 28.431707293104317 ], [ -82.281219366600041, 28.433567293550855 ], [ -82.281209366638521, 28.434795293845738 ] ] ] ] } }
]
}
