{
"type": "FeatureCollection",
"name": "DISTRICT_16",
"crs": { "type": "name", "properties": { "name": "urn:ogc:def:crs:OGC:1.3:CRS84" } },
"xy_coordinate_resolution": 1e-15,
"features": [
{ "type": "Feature", "properties": { "LONGNAME": "District 16", "SHORTNAME": "D16", "DISTRICT": 16, "COLOR": 1727485312, "TOTAL": 769221, "TARGET_DEV": 0 }, "geometry": { "type": "MultiPolygon", "coordinates": [ [ [ [ -82.054352275386137, 27.646387109120759 ], [ -82.054360275397954, 27.646691109194542 ], [ -82.054360275398537, 27.646710109199169 ], [ -82.054381275429648, 27.647509109393177 ], [ -82.05439527544732, 27.647942109498207 ], [ -82.054397275449517, 27.64799410951079 ], [ -82.054414275472865, 27.648581109653257 ], [ -82.054468275543883, 27.650349110082271 ], [ -82.05446827554816, 27.650486110115612 ], [ -82.054464275592593, 27.65193911046936 ], [ -82.054460275639698, 27.653478110844059 ], [ -82.054460275640665, 27.653508110851337 ], [ -82.054460275641304, 27.653529110856461 ], [ -82.054459275648043, 27.653753110911008 ], [ -82.054458275654767, 27.653977110965542 ], [ -82.054457275667929, 27.654405111069739 ], [ -82.05445527568078, 27.654833111173961 ], [ -82.054456275689532, 27.655103111239654 ], [ -82.054454275690119, 27.655142111249223 ], [ -82.054450275711275, 27.655853111422324 ], [ -82.05445027571291, 27.655905111434958 ], [ -82.054450275713805, 27.655933111441811 ], [ -82.054449275714106, 27.655952111446467 ], [ -82.05444927571466, 27.655970111450813 ], [ -82.054449275716067, 27.656015111461766 ], [ -82.054448275721114, 27.656185111503188 ], [ -82.05444827572282, 27.6562391115163 ], [ -82.054448275723573, 27.656263111522133 ], [ -82.054448275723985, 27.656276111525326 ], [ -82.054448275724596, 27.656296111530189 ], [ -82.054449275728174, 27.656401111555706 ], [ -82.054449275734981, 27.656618111608534 ], [ -82.054449275743039, 27.656875111671113 ], [ -82.054450275751435, 27.657133111733849 ], [ -82.054451275775818, 27.657901111920722 ], [ -82.054452275792457, 27.658422112047496 ], [ -82.054452275798269, 27.658607112092515 ], [ -82.054452275800173, 27.65866811210736 ], [ -82.054452275805147, 27.658827112146056 ], [ -82.054453275820407, 27.659304112262109 ], [ -82.054453275822951, 27.659385112281846 ], [ -82.05445327582521, 27.659457112299343 ], [ -82.054454275826188, 27.659479112304684 ], [ -82.054454275826885, 27.65950111231005 ], [ -82.054454275828036, 27.659537112318819 ], [ -82.054459275894061, 27.661594112819277 ], [ -82.054465275987681, 27.6645211135314 ], [ -82.054465275992996, 27.664691113572808 ], [ -82.054467276007486, 27.665134113680523 ], [ -82.054470276028582, 27.665779113837431 ], [ -82.054497276070251, 27.666857114099077 ], [ -82.054529276119453, 27.668129114407773 ], [ -82.054625276267927, 27.671972115340509 ], [ -82.05463427628267, 27.672359115434439 ], [ -82.054644276297907, 27.672750115529354 ], [ -82.05465027630737, 27.672997115589297 ], [ -82.054662276326127, 27.673483115707235 ], [ -82.054666276331929, 27.673631115743159 ], [ -82.054669276336, 27.673733115767863 ], [ -82.054671276339008, 27.673810115786576 ], [ -82.054676276347081, 27.67402211583801 ], [ -82.054677276348258, 27.674050115844803 ], [ -82.054678276349293, 27.674074115850608 ], [ -82.05468127635487, 27.67422211588655 ], [ -82.054684276359765, 27.674350115917651 ], [ -82.054695276380272, 27.674903116051883 ], [ -82.054709276405717, 27.67558311621697 ], [ -82.054713276413764, 27.675803116270423 ], [ -82.054713276414276, 27.675819116274315 ], [ -82.054713276414674, 27.675832116277533 ], [ -82.054713276415526, 27.675859116284077 ], [ -82.054713276415882, 27.675870116286717 ], [ -82.054715276416928, 27.675885116290338 ], [ -82.054715276423394, 27.676091116340462 ], [ -82.054714276426708, 27.676205116368202 ], [ -82.054713276427819, 27.676250116379194 ], [ -82.054713276431684, 27.676373116409145 ], [ -82.054736276877307, 27.690332119804392 ], [ -82.05473927694392, 27.692421120312407 ], [ -82.05475227720521, 27.700600122301413 ], [ -82.054759277217357, 27.700923122379773 ], [ -82.054840277361208, 27.704744123307027 ], [ -82.05476427744648, 27.708150124137184 ], [ -82.05476427744685, 27.708161124139821 ], [ -82.054764277447191, 27.708172124142539 ], [ -82.054752277460508, 27.708703124271988 ], [ -82.054701277456772, 27.709055124358809 ], [ -82.054690277476183, 27.709771124533198 ], [ -82.054651277544863, 27.712308125151097 ], [ -82.054682277774006, 27.719288126847456 ], [ -82.054691277824702, 27.720813127217976 ], [ -82.05470027787112, 27.72220212755547 ], [ -82.054700277872669, 27.722251127567368 ], [ -82.054700277873081, 27.722264127570547 ], [ -82.054701277873889, 27.722281127574661 ], [ -82.054701277874784, 27.722309127581465 ], [ -82.054701277875736, 27.722339127588732 ], [ -82.05470327788538, 27.722625127658233 ], [ -82.054705277894953, 27.722910127727488 ], [ -82.054706277902625, 27.723144127784327 ], [ -82.054722278013273, 27.726504128600766 ], [ -82.054722278013614, 27.726515128603467 ], [ -82.05473127807295, 27.728311129039817 ], [ -82.054731278074058, 27.728346129048315 ], [ -82.054731278074414, 27.728357129050991 ], [ -82.054732278080621, 27.728545129096709 ], [ -82.054733278085251, 27.728683129130228 ], [ -82.05475427821851, 27.732710130108615 ], [ -82.054785278423182, 27.738905131613617 ], [ -82.054814278611858, 27.74460913299918 ], [ -82.054843278800703, 27.750313134384665 ], [ -82.054853278895962, 27.753233135093961 ], [ -82.054863278991235, 27.756152135803024 ], [ -82.054864279016741, 27.756948135996392 ], [ -82.054867279054406, 27.758111136278909 ], [ -82.054868279064209, 27.758411136351757 ], [ -82.054873279116094, 27.76000513673894 ], [ -82.05487327911716, 27.760039136747228 ], [ -82.054881279203272, 27.76268613739013 ], [ -82.054882279213672, 27.76300313746713 ], [ -82.054883279225578, 27.763370137556301 ], [ -82.054888279237332, 27.763696137635336 ], [ -82.054889279295267, 27.765516138077491 ], [ -82.054892279319802, 27.7662631382589 ], [ -82.054919279532527, 27.772730139829239 ], [ -82.054919279534786, 27.772801139846557 ], [ -82.054920279537313, 27.772872139863772 ], [ -82.054920279540696, 27.772979139889713 ], [ -82.05491727954562, 27.773161139934007 ], [ -82.054921279552588, 27.773345139978641 ], [ -82.054924279572688, 27.773952140126021 ], [ -82.054924279577534, 27.77410514016314 ], [ -82.054924279582423, 27.774259140200581 ], [ -82.054926279589409, 27.774461140249581 ], [ -82.054927279616848, 27.775316140457242 ], [ -82.054931279628747, 27.775655140539484 ], [ -82.054931279632683, 27.775779140569632 ], [ -82.054929279653351, 27.776449140732439 ], [ -82.054926279655945, 27.776560140759418 ], [ -82.054914279669248, 27.777088140888029 ], [ -82.054899279685145, 27.777727141043588 ], [ -82.054895279691664, 27.777968141102239 ], [ -82.05489127969814, 27.7782091411609 ], [ -82.054886279706395, 27.778514141235078 ], [ -82.054881279714564, 27.778819141309299 ], [ -82.054879279716843, 27.778909141331205 ], [ -82.054878279719389, 27.778998141352869 ], [ -82.054867279739199, 27.779722141528982 ], [ -82.054863279744922, 27.77993914158181 ], [ -82.054859279750588, 27.780155141634342 ], [ -82.05485327976038, 27.780519141722902 ], [ -82.054850279765944, 27.780721141772034 ], [ -82.054846279771212, 27.780923141821187 ], [ -82.054837279771093, 27.781001141840402 ], [ -82.054837279774432, 27.781106141865866 ], [ -82.054839279782229, 27.781334141921231 ], [ -82.054835279788193, 27.781560141976247 ], [ -82.054832279791242, 27.781683142006159 ], [ -82.054829279794262, 27.781806142036096 ], [ -82.054825279797313, 27.781937142068013 ], [ -82.054822279800547, 27.782067142099699 ], [ -82.054815279807372, 27.782345142167348 ], [ -82.054808279814154, 27.782624142235331 ], [ -82.05480627981558, 27.78268814225094 ], [ -82.054805279817359, 27.782752142266432 ], [ -82.054767279854971, 27.784285142639774 ], [ -82.054745279874254, 27.785093142836548 ], [ -82.054733279871698, 27.785121142843668 ], [ -82.054725279891272, 27.785810143011183 ], [ -82.054637279982998, 27.789503143910274 ], [ -82.054546280073694, 27.79318914480772 ], [ -82.054478280140955, 27.79592614547408 ], [ -82.054461280156744, 27.796579145633068 ], [ -82.054445280172857, 27.797233145792291 ], [ -82.05443128018608, 27.797777145924705 ], [ -82.054418280199599, 27.798320146056898 ], [ -82.054416280202574, 27.798431146083914 ], [ -82.054413280205196, 27.798541146110697 ], [ -82.054412280206563, 27.798593146123331 ], [ -82.054409280209896, 27.798727146155947 ], [ -82.054406280212319, 27.798831146181278 ], [ -82.054406280212646, 27.798841146183698 ], [ -82.054405280213246, 27.798869146190512 ], [ -82.054404280214499, 27.798917146202193 ], [ -82.054404280214953, 27.798932146205839 ], [ -82.054402280217147, 27.799019146227035 ], [ -82.054391280229183, 27.799496146343117 ], [ -82.054389280231476, 27.799587146365244 ], [ -82.054388280232203, 27.799619146373093 ], [ -82.054387280233769, 27.799677146387161 ], [ -82.054381280240293, 27.799939146450946 ], [ -82.054375280246887, 27.800200146514431 ], [ -82.054215280423875, 27.807225148224124 ], [ -82.054058280597459, 27.814112149900051 ], [ -82.05405528060102, 27.814251149933909 ], [ -82.054053280603199, 27.814337149954795 ], [ -82.054051280605336, 27.814423149975745 ], [ -82.054050280606774, 27.81447714998891 ], [ -82.054047280609069, 27.814578150013467 ], [ -82.054047280609396, 27.814588150015926 ], [ -82.054046280610208, 27.81462315002441 ], [ -82.054044280612473, 27.81471215004607 ], [ -82.054035280622529, 27.815109150142689 ], [ -82.054015280645388, 27.816010150361919 ], [ -82.054016280686184, 27.817283150670871 ], [ -82.054020280870745, 27.823045152069422 ], [ -82.054024281055391, 27.828807153467835 ], [ -82.054027281170875, 27.832403154340497 ], [ -82.054029281286006, 27.835998155212852 ], [ -82.054029281287043, 27.836030155220648 ], [ -82.054029281288948, 27.83608915523498 ], [ -82.054029281290269, 27.83613115524512 ], [ -82.054029281291207, 27.836161155252451 ], [ -82.05402928131943, 27.837046155467188 ], [ -82.054030281347963, 27.837932155682136 ], [ -82.054030281349057, 27.837967155690659 ], [ -82.054030281350251, 27.838004155699672 ], [ -82.054030281351601, 27.838047155710047 ], [ -82.054030281352922, 27.838088155720005 ], [ -82.054030281354173, 27.838127155729495 ], [ -82.054030281356589, 27.838203155747902 ], [ -82.054030281358976, 27.838278155766162 ], [ -82.054030281360426, 27.838323155777051 ], [ -82.05403028136179, 27.838366155787487 ], [ -82.054030281363183, 27.838410155798194 ], [ -82.054034281560192, 27.844551157288166 ], [ -82.054038281752995, 27.850558158745521 ], [ -82.054038281757144, 27.850688158777075 ], [ -82.054039281883959, 27.854652159738738 ], [ -82.054044281886803, 27.854696159749292 ], [ -82.054048281889138, 27.85473315975818 ], [ -82.054587282198852, 27.859546160912132 ], [ -82.054669282245982, 27.860278161087642 ], [ -82.055199282550348, 27.865002162220165 ], [ -82.055234282569216, 27.865276162285724 ], [ -82.055234282569685, 27.865291162289395 ], [ -82.055229282584364, 27.865795162411729 ], [ -82.055230282601229, 27.866314162537606 ], [ -82.055237282619814, 27.866833162663305 ], [ -82.055251282640512, 27.867352162788826 ], [ -82.05526628265099, 27.867544162835053 ], [ -82.055276282665332, 27.867903162921866 ], [ -82.055284282675998, 27.868165162985189 ], [ -82.055284282679295, 27.868268163010189 ], [ -82.055282282694535, 27.868763163130286 ], [ -82.055280282705723, 27.869131163219585 ], [ -82.055279282709279, 27.869251163248673 ], [ -82.055277282713021, 27.869386163281497 ], [ -82.055277282713647, 27.869406163286332 ], [ -82.055277282714101, 27.869419163289514 ], [ -82.055277282715053, 27.869449163296782 ], [ -82.05527528272124, 27.86966116334828 ], [ -82.055270282741759, 27.870348163514986 ], [ -82.055266282758737, 27.870914163652358 ], [ -82.055265282761752, 27.871018163677629 ], [ -82.055256282797288, 27.872212163967443 ], [ -82.055252282834743, 27.873419164260298 ], [ -82.055252282836491, 27.873473164273374 ], [ -82.055252282837216, 27.873497164279179 ], [ -82.055252282837586, 27.873508164281883 ], [ -82.055252282837898, 27.873518164284288 ], [ -82.055248282863715, 27.874361164488786 ], [ -82.05525928288624, 27.874966164635243 ], [ -82.055259282886752, 27.874982164639164 ], [ -82.055259282887462, 27.87500416464448 ], [ -82.055260282888668, 27.875033164651477 ], [ -82.055277282922106, 27.875924164867154 ], [ -82.055277282922773, 27.875945164872249 ], [ -82.055268282947452, 27.876797165079111 ], [ -82.055268282947807, 27.876808165081751 ], [ -82.055268282948319, 27.876824165085644 ], [ -82.055256282984161, 27.878054165384199 ], [ -82.055206283026379, 27.879825165814939 ], [ -82.054069282696886, 27.879814165841029 ], [ -82.053686282586071, 27.879815165850943 ], [ -82.052710282303778, 27.879821165877047 ], [ -82.051536281963848, 27.879817165905756 ], [ -82.051479281947408, 27.879820165907908 ], [ -82.051365281914372, 27.879818165910315 ], [ -82.0512322818754, 27.879804165910247 ], [ -82.051194281864028, 27.879791165908099 ], [ -82.05116128185378, 27.879770165903828 ], [ -82.051126281842301, 27.87972716589427 ], [ -82.05111528183798, 27.879692165886066 ], [ -82.05093928178853, 27.879739165901874 ], [ -82.050708281723033, 27.879782165918161 ], [ -82.050476281656842, 27.879811165931027 ], [ -82.05024128158928, 27.879826165940628 ], [ -82.048810281175349, 27.879834165978696 ], [ -82.048782281167263, 27.879834165979396 ], [ -82.047023280658081, 27.879835166024133 ], [ -82.038224278111969, 27.879862166252959 ], [ -82.037011277761081, 27.87987016628551 ], [ -82.032973276592585, 27.879885166391176 ], [ -82.032139276351145, 27.879884166411998 ], [ -82.026933274844723, 27.879905166548603 ], [ -82.0249372742676, 27.879928166604572 ], [ -82.024673274192011, 27.879953166617316 ], [ -82.024413274118203, 27.880000166635259 ], [ -82.02415827404657, 27.880068166658202 ], [ -82.023912273978169, 27.880156166685762 ], [ -82.023676273913281, 27.880264166717929 ], [ -82.023452273852513, 27.880390166754101 ], [ -82.023241273795989, 27.880534166794391 ], [ -82.023047273744979, 27.880694166838111 ], [ -82.022869273699087, 27.880870166885245 ], [ -82.022711273659382, 27.881059166935113 ], [ -82.02260027363225, 27.881216166975999 ], [ -82.022501273608825, 27.881380167018275 ], [ -82.022416273589599, 27.881549167061422 ], [ -82.022343273574037, 27.881723167105442 ], [ -82.022284273562704, 27.881901167150087 ], [ -82.022239273555499, 27.882083167195375 ], [ -82.022207273552056, 27.882266167240612 ], [ -82.022190273553022, 27.882451167285922 ], [ -82.022189273559604, 27.882666167338044 ], [ -82.022198273567255, 27.882822167375668 ], [ -82.022206273587869, 27.883395167514458 ], [ -82.022209273595848, 27.883617167568261 ], [ -82.022216273634299, 27.884754167843816 ], [ -82.022233273669087, 27.885689168070162 ], [ -82.022258273720766, 27.887077168406137 ], [ -82.022261273725363, 27.887193168434191 ], [ -82.022263273730147, 27.887324168465927 ], [ -82.021776273589808, 27.8873451684833 ], [ -82.02114927340989, 27.887395168511272 ], [ -82.020719273286758, 27.887438168532572 ], [ -82.020292273164969, 27.887495168557212 ], [ -82.01986727304417, 27.887565168584931 ], [ -82.019445272924671, 27.88764816861574 ], [ -82.018839272753624, 27.887785168664269 ], [ -82.01844527264268, 27.887884168698211 ], [ -82.017861272478982, 27.888052168753671 ], [ -82.017285272318276, 27.888241168814123 ], [ -82.015598271851729, 27.888924169022374 ], [ -82.014831271640489, 27.889262169123707 ], [ -82.013408271247997, 27.889873169307876 ], [ -82.01227227093473, 27.890361169454952 ], [ -82.012222270920986, 27.890383169461565 ], [ -82.012162270904398, 27.890408169469133 ], [ -82.012023270862898, 27.890368169462917 ], [ -82.011980270850003, 27.890355169460882 ], [ -82.011194270624188, 27.890410169494075 ], [ -82.011051270582811, 27.890410169497688 ], [ -82.010908270541677, 27.890420169503759 ], [ -82.010667270472496, 27.890437169513927 ], [ -82.010282270361287, 27.890445169525623 ], [ -82.010184270332985, 27.890448169528831 ], [ -82.010029270286481, 27.89039816952063 ], [ -82.009825270223885, 27.890288169499101 ], [ -82.009553270140231, 27.89013416946862 ], [ -82.009478270117825, 27.890112169465162 ], [ -82.008890269937012, 27.889782169399979 ], [ -82.008568269837411, 27.889584169360113 ], [ -82.008060269682574, 27.889341169314001 ], [ -82.007875269627107, 27.889281169304109 ], [ -82.007565269535178, 27.889214169295702 ], [ -82.007206269426661, 27.8890711692701 ], [ -82.006469269200579, 27.88867516919267 ], [ -82.006389269173937, 27.888565169168 ], [ -82.006245269129124, 27.888469169148358 ], [ -82.005423268873614, 27.887921169036233 ], [ -82.00531826884108, 27.88785516902287 ], [ -82.00513226878509, 27.887788169011319 ], [ -82.004686268654197, 27.887733169009206 ], [ -82.004160268503483, 27.887782169034438 ], [ -82.003999268458401, 27.887832169050615 ], [ -82.003745268387846, 27.88792516907958 ], [ -82.003664268366038, 27.88797516909375 ], [ -82.003472268312692, 27.888046169115821 ], [ -82.003113268214904, 27.888239169171722 ], [ -82.002995268183213, 27.888316169193349 ], [ -82.002794268126038, 27.888348169206225 ], [ -82.002152267935784, 27.888212169189451 ], [ -82.002152267939721, 27.88833616921951 ], [ -82.002099267924095, 27.888326169218441 ], [ -82.001775267828549, 27.888271169213247 ], [ -82.001125267639779, 27.888254169225547 ], [ -82.000784267543523, 27.888331169252861 ], [ -82.00062326749638, 27.888315169253037 ], [ -82.000493267456989, 27.888260169243001 ], [ -82.000295267393625, 27.888072169202371 ], [ -82.000001267296113, 27.887685169115933 ], [ -81.999921267269244, 27.887570169090086 ], [ -81.999747267211148, 27.887328169035733 ], [ -81.999698267196379, 27.887311169032905 ], [ -81.999462267129317, 27.887350169048275 ], [ -81.999326267089941, 27.887350169051722 ], [ -81.999134267033611, 27.88732816905123 ], [ -81.998335266804588, 27.887400169088931 ], [ -81.99805726672551, 27.887444169106583 ], [ -81.997821266657709, 27.887461169116651 ], [ -81.997468266557036, 27.887510169137467 ], [ -81.997326266516126, 27.887516169142554 ], [ -81.997177266472065, 27.88748816913948 ], [ -81.997078266443438, 27.887488169141974 ], [ -81.996954266409489, 27.887549169159925 ], [ -81.996868266386542, 27.887610169176906 ], [ -81.996701266344132, 27.887797169226449 ], [ -81.996620266322822, 27.887863169244532 ], [ -81.996403266262064, 27.887929169266027 ], [ -81.996310266234644, 27.887913169264475 ], [ -81.996168266189287, 27.887780169235796 ], [ -81.996044266152481, 27.887753169232393 ], [ -81.995945266124551, 27.887775169240218 ], [ -81.99570326605712, 27.887858169266497 ], [ -81.995518266004424, 27.887885169277723 ], [ -81.995233265924711, 27.887973169306253 ], [ -81.994911265835185, 27.888089169342525 ], [ -81.994261265655453, 27.888354169423263 ], [ -81.994044265595747, 27.888453169452713 ], [ -81.993939265567505, 27.888519169471369 ], [ -81.993635265480492, 27.888552169487074 ], [ -81.993419265420272, 27.888624169510003 ], [ -81.993270265380445, 27.888728169539014 ], [ -81.993153265350443, 27.888849169571298 ], [ -81.992905265285316, 27.889058169628242 ], [ -81.99270126523227, 27.889246169679058 ], [ -81.992558265194518, 27.889361169710543 ], [ -81.99237326514482, 27.889482169744547 ], [ -81.992137265081112, 27.889626169785419 ], [ -81.99167926495636, 27.889873169856902 ], [ -81.991450264893572, 27.889983169889383 ], [ -81.991004264768847, 27.890121169934115 ], [ -81.990837264721762, 27.890160169947805 ], [ -81.990503264625715, 27.890182169961594 ], [ -81.99032326457376, 27.890187169967337 ], [ -81.990075264501073, 27.890160169967078 ], [ -81.989803264422321, 27.890160169973925 ], [ -81.989493264333234, 27.890182169987103 ], [ -81.988762264122343, 27.890205170011146 ], [ -81.988168263951508, 27.890243170035369 ], [ -81.987629263798411, 27.890337170071806 ], [ -81.987480263755856, 27.8903541700797 ], [ -81.987059263634094, 27.890359170091539 ], [ -81.986936263597983, 27.890343170090748 ], [ -81.986768263549109, 27.890337170093538 ], [ -81.986696263528486, 27.890344170097062 ], [ -81.986688263486826, 27.889114169798916 ], [ -81.986685263448678, 27.8879501695166 ], [ -81.986676263443201, 27.88786016949501 ], [ -81.986651263432719, 27.887758169470867 ], [ -81.986631263425551, 27.887715169460989 ], [ -81.986588263410809, 27.887644169444805 ], [ -81.986530263391614, 27.887568169427851 ], [ -81.986499263381873, 27.887545169423042 ], [ -81.986427263359261, 27.887490169411564 ], [ -81.986306263322305, 27.887429169399798 ], [ -81.986220263296559, 27.887403169395675 ], [ -81.986167263280777, 27.887391169394061 ], [ -81.986062263250119, 27.887382169394559 ], [ -81.983062262381424, 27.887383169470581 ], [ -81.981763262005487, 27.887391169505293 ], [ -81.979483261345379, 27.887396169564102 ], [ -81.979106261236353, 27.887401169574858 ], [ -81.978588261086372, 27.887402169588196 ], [ -81.978220260979683, 27.887399169596709 ], [ -81.97756726079075, 27.887405169614695 ], [ -81.976218260400387, 27.887413169650692 ], [ -81.974809259992838, 27.887429169690183 ], [ -81.973512259617067, 27.887425169721972 ], [ -81.973532259593753, 27.886515169500644 ], [ -81.973527259563369, 27.885610169281222 ], [ -81.973528259557412, 27.885415169233848 ], [ -81.973518259533861, 27.884768169077162 ], [ -81.973521259510051, 27.883996168889766 ], [ -81.973489259421655, 27.881523168290592 ], [ -81.973489259396302, 27.880730168098136 ], [ -81.973489259358843, 27.87955816781378 ], [ -81.973478259326725, 27.878652167594225 ], [ -81.973447259262542, 27.87692616717618 ], [ -81.973421259172625, 27.874347166551065 ], [ -81.973408259091329, 27.871920165962404 ], [ -81.973380258991568, 27.869050165266664 ], [ -81.973369258959067, 27.868133165044394 ], [ -81.973370258903145, 27.866372164616987 ], [ -81.973351258868902, 27.865473164399294 ], [ -81.973327258834388, 27.864609164190146 ], [ -81.973311258798802, 27.863640163955381 ], [ -81.973292258688616, 27.860359163159522 ], [ -81.973274258628919, 27.858652162745685 ], [ -81.973264258593488, 27.857633162498562 ], [ -81.971292258022999, 27.857650162552417 ], [ -81.970604257823766, 27.857652162570236 ], [ -81.969166257407593, 27.857661162608679 ], [ -81.969124257394938, 27.857645162605845 ], [ -81.969083257382167, 27.85761616259985 ], [ -81.969059257374326, 27.857588162593622 ], [ -81.969042257368173, 27.857550162584857 ], [ -81.969037257365429, 27.857509162575028 ], [ -81.969049257337716, 27.856532162337572 ], [ -81.96906125734003, 27.856495162328279 ], [ -81.969088257346769, 27.856461162319313 ], [ -81.969119257355004, 27.856439162313183 ], [ -81.969159257366172, 27.856425162308827 ], [ -81.969827257559245, 27.856413162289062 ], [ -81.970587257779201, 27.856410162269178 ], [ -81.970578257737273, 27.855176161969855 ], [ -81.970564257693553, 27.853933161668486 ], [ -81.969049257255008, 27.853939161708102 ], [ -81.96804025696315, 27.853950161736211 ], [ -81.96800525695275, 27.853941161734877 ], [ -81.96798025694504, 27.85392616173192 ], [ -81.96795325693617, 27.853895161725013 ], [ -81.967942256932048, 27.853864161717794 ], [ -81.967939256898504, 27.852840161469313 ], [ -81.967945256899498, 27.852817161463523 ], [ -81.967976256906937, 27.852769161451118 ], [ -81.968007256915087, 27.852742161443786 ], [ -81.968054256927985, 27.852720161437261 ], [ -81.968107256943028, 27.852711161433763 ], [ -81.968539257068272, 27.85271516142382 ], [ -81.969479257340012, 27.852700161396495 ], [ -81.970566257654752, 27.852697161368408 ], [ -81.973225258423838, 27.852667161294143 ], [ -81.973219258410097, 27.852292161203234 ], [ -81.973217258392509, 27.851759161073943 ], [ -81.973198258356874, 27.850814160845026 ], [ -81.972914258274912, 27.850822160854101 ], [ -81.971136257759795, 27.850815160897188 ], [ -81.970016257435518, 27.850818160926156 ], [ -81.96973025735231, 27.850806160930411 ], [ -81.969338257237723, 27.850772160932056 ], [ -81.969020257144223, 27.850728160929364 ], [ -81.968705257051155, 27.850670160923194 ], [ -81.968394256958774, 27.85059816091357 ], [ -81.968087256867108, 27.850512160900404 ], [ -81.966507256394578, 27.850042160826082 ], [ -81.966303256333262, 27.849972160814239 ], [ -81.966256256319141, 27.84995616081153 ], [ -81.966091256269578, 27.849899160801879 ], [ -81.963258255421621, 27.849038160664204 ], [ -81.962501255194965, 27.848806160626925 ], [ -81.962046255058752, 27.848666160604402 ], [ -81.960929254724149, 27.848318160548054 ], [ -81.960453254582163, 27.84818816052848 ], [ -81.959972254439151, 27.84807116051218 ], [ -81.959486254295058, 27.847968160499395 ], [ -81.957974253848391, 27.847692160470466 ], [ -81.956464253401862, 27.847403160438308 ], [ -81.955711253179004, 27.847253160420816 ], [ -81.954995252967535, 27.847125160407831 ], [ -81.95437825278502, 27.84700516039419 ], [ -81.954185252727513, 27.84695516038693 ], [ -81.953932252651711, 27.846875160373891 ], [ -81.953686252577455, 27.84678116035721 ], [ -81.953447252504802, 27.846674160337283 ], [ -81.953330252469044, 27.846615160325893 ], [ -81.953208252431438, 27.846543160311487 ], [ -81.953089252394506, 27.846467160295997 ], [ -81.952974252358615, 27.846386160279266 ], [ -81.952863252323766, 27.846301160261412 ], [ -81.95275625228993, 27.846212160242498 ], [ -81.952653252257164, 27.846119160222511 ], [ -81.952554252225411, 27.846022160201453 ], [ -81.952460252194967, 27.845922160179519 ], [ -81.952371252165889, 27.845819160156772 ], [ -81.951374251836, 27.844528159868343 ], [ -81.950722251620036, 27.843676159677884 ], [ -81.950613251584144, 27.843540159647599 ], [ -81.950496251546014, 27.843408159618555 ], [ -81.950387251510961, 27.843298159594585 ], [ -81.950372251506138, 27.843282159591048 ], [ -81.950241251464377, 27.843162159565232 ], [ -81.950104251421067, 27.843048159541002 ], [ -81.94996025137587, 27.842940159518388 ], [ -81.949810251329239, 27.842839159497608 ], [ -81.949655251281328, 27.842744159478453 ], [ -81.949494251231926, 27.842657159461353 ], [ -81.949329251181553, 27.842577159446126 ], [ -81.949176251135228, 27.842514159434682 ], [ -81.949019251087947, 27.842458159424982 ], [ -81.948860251040315, 27.842408159416873 ], [ -81.948699250992306, 27.842364159410234 ], [ -81.948536250943917, 27.842327159405382 ], [ -81.948370250894911, 27.842297159402236 ], [ -81.948204250846018, 27.842273159400587 ], [ -81.948036250796903, 27.842257159400944 ], [ -81.947868250747874, 27.842247159402749 ], [ -81.945892250174268, 27.842206159442497 ], [ -81.945118249949431, 27.842186159457139 ], [ -81.944419249746602, 27.842175159472056 ], [ -81.943896249594431, 27.842153159479881 ], [ -81.943392249447101, 27.842110159482143 ], [ -81.943006249333621, 27.842059159479458 ], [ -81.942677249236553, 27.842002159473878 ], [ -81.94232224913128, 27.841926159464393 ], [ -81.941967249025581, 27.841836159451468 ], [ -81.941523248892793, 27.841703159430331 ], [ -81.94114524877908, 27.841571159407774 ], [ -81.940767248664827, 27.841422159381054 ], [ -81.94039924855295, 27.841255159349796 ], [ -81.940296248521392, 27.841202159339549 ], [ -81.940041248443379, 27.841071159314122 ], [ -81.93976324835792, 27.840917159283741 ], [ -81.939491248273868, 27.840752159250506 ], [ -81.939228248192194, 27.840578159214846 ], [ -81.938970248111531, 27.840393159176433 ], [ -81.938939248101804, 27.840368159171156 ], [ -81.938720248032922, 27.84019815913533 ], [ -81.938478247956354, 27.839995159092137 ], [ -81.938322247906711, 27.839855159062093 ], [ -81.937901247771393, 27.839434158970395 ], [ -81.937512247645387, 27.839017158878928 ], [ -81.937033247489765, 27.838486158762009 ], [ -81.936069247176533, 27.837418158526905 ], [ -81.935743247071102, 27.837072158451033 ], [ -81.935584247020103, 27.836917158417396 ], [ -81.935347246944843, 27.836710158373066 ], [ -81.93515524688442, 27.836558158340964 ], [ -81.934971246826933, 27.836426158313536 ], [ -81.934720246749322, 27.83627315828274 ], [ -81.934458246668996, 27.836133158255279 ], [ -81.934188246586828, 27.836009158231978 ], [ -81.933909246502481, 27.835899158212282 ], [ -81.933623246416701, 27.835805158196642 ], [ -81.93339624634902, 27.835744158187534 ], [ -81.933166246280678, 27.835692158180688 ], [ -81.93293324621186, 27.83565015817635 ], [ -81.932699246143073, 27.835617158174248 ], [ -81.932463246073937, 27.83559415817459 ], [ -81.931948245924659, 27.835591158186766 ], [ -81.929524245223419, 27.835619158254584 ], [ -81.927663244685149, 27.835645158307699 ], [ -81.923691243536084, 27.835693158419232 ], [ -81.922749243263681, 27.835708158446582 ], [ -81.921876243010999, 27.835715158470222 ], [ -81.9210072427597, 27.835730158495725 ], [ -81.920093242495199, 27.835738158520655 ], [ -81.91918324223208, 27.83575515854767 ], [ -81.917331241696161, 27.835773158598563 ], [ -81.914632240915367, 27.835808158674972 ], [ -81.914302240820177, 27.835820158686204 ], [ -81.910541239731998, 27.835866158791955 ], [ -81.90827823907766, 27.835905158858289 ], [ -81.908000238996962, 27.835900158864071 ], [ -81.907722238915923, 27.835885158867409 ], [ -81.907445238834924, 27.835861158868546 ], [ -81.907170238754119, 27.835826158866997 ], [ -81.906897238673665, 27.835782158863157 ], [ -81.906648238599772, 27.83572715885602 ], [ -81.906402238526468, 27.83566315884671 ], [ -81.906160238453978, 27.835589158834789 ], [ -81.905920238381853, 27.835508158821174 ], [ -81.905685238310909, 27.835417158804976 ], [ -81.90545423824085, 27.835318158786695 ], [ -81.905228238171929, 27.835211158766427 ], [ -81.905007238104261, 27.835096158744001 ], [ -81.904792238038041, 27.834973158719546 ], [ -81.904582237973045, 27.834842158692997 ], [ -81.904056237809726, 27.834500158623136 ], [ -81.903842237742708, 27.834341158589901 ], [ -81.90362323767441, 27.834189158558448 ], [ -81.90339723760431, 27.834044158528933 ], [ -81.903166237533043, 27.833907158501468 ], [ -81.902929237460185, 27.833776158475583 ], [ -81.902688237386528, 27.833654158451971 ], [ -81.90244223731159, 27.833539158430234 ], [ -81.902191237235456, 27.833432158410524 ], [ -81.901936237158409, 27.833333158392918 ], [ -81.901677237080492, 27.833242158377306 ], [ -81.901480237021815, 27.833192158370135 ], [ -81.901083236904029, 27.833106158359197 ], [ -81.900883236844976, 27.833071158355686 ], [ -81.900681236785545, 27.83304115835351 ], [ -81.900478236725874, 27.833016158352557 ], [ -81.900275236666417, 27.832996158352795 ], [ -81.900071236606848, 27.832981158354251 ], [ -81.899663236488209, 27.832967158361143 ], [ -81.899361236400608, 27.832963158367754 ], [ -81.898894236265164, 27.83295915837849 ], [ -81.898201236064196, 27.832954158394688 ], [ -81.897575235882897, 27.832955158410673 ], [ -81.895737235349714, 27.832935158452017 ], [ -81.893687234755475, 27.832927158501615 ], [ -81.892320234358948, 27.832913158532552 ], [ -81.891894234235224, 27.832904158541091 ], [ -81.891255234050092, 27.832904158557145 ], [ -81.890830233927232, 27.83291315856999 ], [ -81.890192233743235, 27.832940158592642 ], [ -81.888454233243081, 27.833049158662753 ], [ -81.88781423305808, 27.83306215868204 ], [ -81.886489232674165, 27.833063158715554 ], [ -81.884711232158523, 27.833049158756847 ], [ -81.88323423173135, 27.833073158799827 ], [ -81.882894231632818, 27.833074158808625 ], [ -81.88026323087098, 27.833089158878337 ], [ -81.876650229824349, 27.833101158972084 ], [ -81.875906229608972, 27.83310715899222 ], [ -81.875681229543531, 27.833100158996174 ], [ -81.875458229478298, 27.833081158997182 ], [ -81.875237229413273, 27.833050158995214 ], [ -81.875018229348498, 27.833007158990259 ], [ -81.874802229284086, 27.832951158982063 ], [ -81.87459122922084, 27.832884158971058 ], [ -81.874385229158648, 27.832806158957329 ], [ -81.874185229097833, 27.832716158940485 ], [ -81.873991229038424, 27.832616158921031 ], [ -81.873804228980717, 27.832505158898748 ], [ -81.873337228834146, 27.832151158824491 ], [ -81.872648228617209, 27.831609158710098 ], [ -81.872465228559903, 27.831474158681907 ], [ -81.872271228499841, 27.831352158657086 ], [ -81.872068228437513, 27.831242158635458 ], [ -81.871857228373258, 27.831145158617211 ], [ -81.871639228307473, 27.831062158602492 ], [ -81.871415228240323, 27.830992158591098 ], [ -81.871186228172164, 27.830936158583281 ], [ -81.870953228103332, 27.830895158579175 ], [ -81.87071722803411, 27.830868158578546 ], [ -81.870480227965032, 27.830856158581565 ], [ -81.867414227076651, 27.830860158659544 ], [ -81.862672225702283, 27.830856158777717 ], [ -81.858858224597071, 27.830858158874005 ], [ -81.857415224179022, 27.830863158911455 ], [ -81.856668223962345, 27.830857158928772 ], [ -81.856576223935562, 27.830853158930118 ], [ -81.856275223847462, 27.830827158931388 ], [ -81.855983223761186, 27.830775158926041 ], [ -81.855822223713432, 27.830740158921618 ], [ -81.855664223666295, 27.830698158915357 ], [ -81.855508223619509, 27.830648158907156 ], [ -81.855356223573651, 27.830592158897332 ], [ -81.855206223528228, 27.83052915888581 ], [ -81.855061223483915, 27.83045915887239 ], [ -81.854919223440362, 27.830383158857522 ], [ -81.854783223398343, 27.830300158840746 ], [ -81.85465122335728, 27.830212158822661 ], [ -81.854505223311634, 27.830107158800821 ], [ -81.854366223267789, 27.829996158777355 ], [ -81.854234223225816, 27.829878158751992 ], [ -81.854109223185631, 27.829754158724988 ], [ -81.853991223147332, 27.829625158696579 ], [ -81.853882223111469, 27.829490158666481 ], [ -81.853780223077436, 27.829350158635048 ], [ -81.853688223046149, 27.829205158602136 ], [ -81.853604223017115, 27.829056158568012 ], [ -81.853480222972919, 27.828797158508198 ], [ -81.853436222956731, 27.828689158483051 ], [ -81.853397222941936, 27.828579158457313 ], [ -81.853333222916305, 27.82835515840447 ], [ -81.853308222905412, 27.828242158377609 ], [ -81.853288222896055, 27.828128158350417 ], [ -81.85326422288172, 27.827898158295135 ], [ -81.85325922287663, 27.827783158267302 ], [ -81.853272222784284, 27.82475715753144 ], [ -81.853265222763341, 27.824163157387265 ], [ -81.853244222750078, 27.823935157332372 ], [ -81.853206222731814, 27.823708157278155 ], [ -81.853150222708479, 27.823484157225106 ], [ -81.853076222679917, 27.823260157172506 ], [ -81.852983222645946, 27.823039157121112 ], [ -81.852909222620028, 27.822897157088477 ], [ -81.852826222591531, 27.822758157056722 ], [ -81.852681222542728, 27.822544157008384 ], [ -81.85257222250668, 27.822404156977093 ], [ -81.852454222468182, 27.822270156947479 ], [ -81.852328222427602, 27.822141156919262 ], [ -81.852113222359264, 27.821952156878744 ], [ -81.851946222306864, 27.821825156852046 ], [ -81.851771222252367, 27.821707156827763 ], [ -81.85158622219538, 27.821600156806401 ], [ -81.851395222136915, 27.821503156787632 ], [ -81.851297222107121, 27.821459156779369 ], [ -81.850787221953453, 27.821275156747472 ], [ -81.850171221768562, 27.821074156714069 ], [ -81.848905221389018, 27.8206761566491 ], [ -81.848696221326634, 27.820618156640194 ], [ -81.848483221263393, 27.820572156634377 ], [ -81.847257220848235, 27.818687156206938 ], [ -81.843589219607054, 27.813076154934794 ], [ -81.842533219286352, 27.812615154849233 ], [ -81.842515219084149, 27.806405153339742 ], [ -81.842490219076907, 27.806405153340378 ], [ -81.841561218807513, 27.806400153362443 ], [ -81.840900218614877, 27.80636815337121 ], [ -81.840054218367612, 27.806302153376382 ], [ -81.839315218152365, 27.8062691533869 ], [ -81.838392217886607, 27.806325153423696 ], [ -81.838299217859856, 27.806331153427461 ], [ -81.83645421732588, 27.806356153479797 ], [ -81.83618521724641, 27.806308153474873 ], [ -81.835876217154564, 27.806237153465357 ], [ -81.835548217056441, 27.806140153449963 ], [ -81.835343216994275, 27.806055153434485 ], [ -81.835248216965496, 27.806015153427115 ], [ -81.834955216875017, 27.805840153391895 ], [ -81.834458216724073, 27.805622153351326 ], [ -81.834357216693377, 27.805577153342917 ], [ -81.834291216673336, 27.805548153337522 ], [ -81.834236216656592, 27.805524153333089 ], [ -81.834048216602142, 27.805524153337785 ], [ -81.833771216521853, 27.805524153344745 ], [ -81.833781216521558, 27.805424153320139 ], [ -81.833904216519755, 27.80424215302962 ], [ -81.8339252164904, 27.803125152757453 ], [ -81.833947216474471, 27.802422152585951 ], [ -81.833975216453752, 27.801511152363744 ], [ -81.833861216380299, 27.800235152056263 ], [ -81.833987216385466, 27.799247151812825 ], [ -81.83394521635914, 27.798801151705376 ], [ -81.833864216308683, 27.797948151499952 ], [ -81.833767216280492, 27.797947151502147 ], [ -81.82601921403328, 27.79790215168531 ], [ -81.826128214488563, 27.811267154932906 ], [ -81.826127214504695, 27.811785155058896 ], [ -81.826137214541689, 27.812858155319553 ], [ -81.826303214588563, 27.812820155306159 ], [ -81.826493214642639, 27.81279015529411 ], [ -81.826632214682704, 27.812781155288413 ], [ -81.827163214836631, 27.812782155275325 ], [ -81.82758521495937, 27.812795155267921 ], [ -81.829166215420045, 27.812871155246732 ], [ -81.82953321552678, 27.812883155240471 ], [ -81.830175215713012, 27.812886155225101 ], [ -81.830724215872692, 27.812904155215719 ], [ -81.831028215961339, 27.812920155211927 ], [ -81.831461216088101, 27.812960155210813 ], [ -81.83208121626997, 27.813027155211561 ], [ -81.832437216374458, 27.813070155213079 ], [ -81.832622216428462, 27.813080155210894 ], [ -81.832528216404057, 27.813171155235388 ], [ -81.832374216364144, 27.813318155274949 ], [ -81.832310216347437, 27.813377155290933 ], [ -81.831483216132526, 27.814159155501791 ], [ -81.831412216154874, 27.8155121558326 ], [ -81.831486216202578, 27.816339156031756 ], [ -81.831503216213477, 27.816528156077322 ], [ -81.831512216223629, 27.816766156134943 ], [ -81.831516216228692, 27.816889156164777 ], [ -81.83134421617892, 27.816891156169568 ], [ -81.831347216198083, 27.817467156309515 ], [ -81.831349216213866, 27.817946156425947 ], [ -81.831352216238741, 27.818703156609899 ], [ -81.831352216241186, 27.818780156628652 ], [ -81.831352216244667, 27.81889015665541 ], [ -81.831352216251659, 27.819110156708859 ], [ -81.831470216285837, 27.819110156705896 ], [ -81.831484216296246, 27.819309156753931 ], [ -81.831724216376855, 27.819656156832298 ], [ -81.832128216517532, 27.820399157002804 ], [ -81.832185216537368, 27.820504157026868 ], [ -81.832012216487186, 27.820502157030713 ], [ -81.831815216430073, 27.820502157035651 ], [ -81.831161216240545, 27.820503157052308 ], [ -81.830906216166625, 27.820504157058966 ], [ -81.830438216031069, 27.820506157071186 ], [ -81.829276215694279, 27.820507157100593 ], [ -81.828582215492986, 27.820504157117298 ], [ -81.827204215093474, 27.820501157151128 ], [ -81.826198214801977, 27.820505157177337 ], [ -81.824914214430052, 27.820514157211775 ], [ -81.824614214343171, 27.820516157219785 ], [ -81.824011214168706, 27.820526157237328 ], [ -81.82283721382899, 27.820545157271397 ], [ -81.822504213732429, 27.820544157279535 ], [ -81.821751213514005, 27.820539157297201 ], [ -81.821640213481786, 27.820538157299765 ], [ -81.821540213452678, 27.820535157301535 ], [ -81.820828213246671, 27.820546157322063 ], [ -81.819372212825115, 27.820563157362727 ], [ -81.81457921143668, 27.82059515749075 ], [ -81.809811210055443, 27.820626157617955 ], [ -81.8065492091105, 27.820648157705136 ], [ -81.805189208716484, 27.820657157741405 ], [ -81.804565208535863, 27.820667157759523 ], [ -81.804058208389591, 27.820689157777611 ], [ -81.803098208113525, 27.820760157818949 ], [ -81.802469207932873, 27.820814157847824 ], [ -81.801330207605233, 27.820894157895875 ], [ -81.800192207278315, 27.820990157947765 ], [ -81.799704207138021, 27.82102615796871 ], [ -81.799542207091378, 27.821038157975718 ], [ -81.799355207037593, 27.821051157983604 ], [ -81.797671206553289, 27.821175158055961 ], [ -81.797356206462155, 27.821181158065311 ], [ -81.796518206218934, 27.821173158084413 ], [ -81.794584205657301, 27.821144158125875 ], [ -81.793706205402174, 27.821126158143514 ], [ -81.792763205127898, 27.821099158160621 ], [ -81.790137204362367, 27.820967158194371 ], [ -81.786840203400658, 27.820787158233315 ], [ -81.786162203203304, 27.820762158244221 ], [ -81.785484203006334, 27.82074915825805 ], [ -81.784528202729305, 27.820756158283711 ], [ -81.777368200654024, 27.820783158469883 ], [ -81.768521198089672, 27.820816158699738 ], [ -81.766310197449044, 27.820832158759099 ], [ -81.765185197122818, 27.820832158787304 ], [ -81.765137197108913, 27.820833158788759 ], [ -81.761097195938461, 27.820868158898524 ], [ -81.758513195189465, 27.820880158966265 ], [ -81.758046195054192, 27.820885158979173 ], [ -81.754844194125951, 27.820896159062155 ], [ -81.75243919342897, 27.820912159126298 ], [ -81.751294193096967, 27.820914159155492 ], [ -81.748293192227123, 27.820930159234624 ], [ -81.748095192169401, 27.820921159237436 ], [ -81.747899192111774, 27.820895159236024 ], [ -81.747707192054719, 27.82085315923063 ], [ -81.747520191998703, 27.820796159221395 ], [ -81.747273191923966, 27.820698159203772 ], [ -81.74722519190928, 27.820674159199147 ], [ -81.747124191878342, 27.820623159189303 ], [ -81.746289191619908, 27.820110159085406 ], [ -81.745725191445047, 27.81975415901293 ], [ -81.7450681912417, 27.819350158931123 ], [ -81.744987191216396, 27.819293158919255 ], [ -81.744910191192162, 27.819233158906627 ], [ -81.744836191168702, 27.819169158892912 ], [ -81.744767191146465, 27.819101158878091 ], [ -81.744730191134451, 27.819059158868804 ], [ -81.74441619104789, 27.819202158911441 ], [ -81.74418919098521, 27.819301158941244 ], [ -81.743923190911701, 27.819416158975873 ], [ -81.743349190753079, 27.819665159050849 ], [ -81.743156190699736, 27.819747159075639 ], [ -81.74171119030116, 27.82039415926922 ], [ -81.740960190093361, 27.820711159365164 ], [ -81.740097189854978, 27.821086159478043 ], [ -81.739736189754822, 27.821229159521852 ], [ -81.739112189580794, 27.82144915959104 ], [ -81.738974189541963, 27.821486159603527 ], [ -81.738833189501889, 27.82151315961362 ], [ -81.738690189460954, 27.821529159621115 ], [ -81.73854618941931, 27.821534159625916 ], [ -81.737334189065535, 27.821463159639045 ], [ -81.735926188655341, 27.821405159660188 ], [ -81.73578718861485, 27.821400159662485 ], [ -81.73447918823399, 27.821355159684316 ], [ -81.733763188025364, 27.821323159694508 ], [ -81.732556187672259, 27.821229159701833 ], [ -81.73170918742467, 27.82117015970875 ], [ -81.730543187084635, 27.821110159723371 ], [ -81.728138186382836, 27.820978159751526 ], [ -81.726545185918596, 27.820910159774893 ], [ -81.726508185907804, 27.820908159775332 ], [ -81.725286185552648, 27.820886159800612 ], [ -81.725059185486515, 27.820877159804152 ], [ -81.724832185420723, 27.820879159810307 ], [ -81.724493185323041, 27.820900159823925 ], [ -81.724268185258651, 27.820927159836131 ], [ -81.724156185226704, 27.820944159843094 ], [ -81.723508185042462, 27.821062159888022 ], [ -81.722557184773024, 27.821264159961007 ], [ -81.722473184749305, 27.821285159968202 ], [ -81.721562184492242, 27.821511160046029 ], [ -81.720554184207984, 27.821768160133811 ], [ -81.719738183977881, 27.821976160204908 ], [ -81.719242183839114, 27.822137160256499 ], [ -81.718752183702549, 27.822313160311609 ], [ -81.718322183583169, 27.822482160363471 ], [ -81.717772183430185, 27.822690160427864 ], [ -81.717267183290005, 27.822888160488723 ], [ -81.716732183140763, 27.823076160547885 ], [ -81.716384183043289, 27.823185160583087 ], [ -81.715460182783261, 27.823438160667852 ], [ -81.714712182571844, 27.823613160729114 ], [ -81.714633182549449, 27.823630160735249 ], [ -81.714334182464825, 27.823696160758818 ], [ -81.713002182089326, 27.824040160875885 ], [ -81.712067181825986, 27.824290160960143 ], [ -81.711239181592617, 27.824506161033472 ], [ -81.711207181583674, 27.824516161036694 ], [ -81.710387181353667, 27.824766161118138 ], [ -81.709524181112869, 27.825066161212732 ], [ -81.709383181073832, 27.825125161230659 ], [ -81.709246181036235, 27.825192161250378 ], [ -81.70905018098297, 27.825305161282781 ], [ -81.708990180966794, 27.825345161293971 ], [ -81.708893180941288, 27.825428161316626 ], [ -81.708779180910952, 27.825514161340401 ], [ -81.708670180882294, 27.825607161365781 ], [ -81.708520180843493, 27.825757161406067 ], [ -81.708386180809782, 27.825918161448559 ], [ -81.708190180760866, 27.826169161514535 ], [ -81.707658180628627, 27.826866161697463 ], [ -81.707141180499391, 27.827520161869536 ], [ -81.70683418042529, 27.827991161991839 ], [ -81.706687180391086, 27.8282581620605 ], [ -81.706590180361303, 27.828206162050257 ], [ -81.706529180342798, 27.828181162045695 ], [ -81.706401180304482, 27.828144162039951 ], [ -81.706268180265297, 27.828126162038899 ], [ -81.706200180245546, 27.828124162040112 ], [ -81.706133180226175, 27.828127162042517 ], [ -81.704029179616228, 27.828140162098393 ], [ -81.703597179490558, 27.828129162106567 ], [ -81.70350617946356, 27.828110162104213 ], [ -81.703474179453934, 27.828100162102611 ], [ -81.703417179436627, 27.828075162097957 ], [ -81.703364179420262, 27.828044162091714 ], [ -81.703316179405149, 27.828007162083949 ], [ -81.703274179391599, 27.827965162074761 ], [ -81.703238179379753, 27.827919162064493 ], [ -81.703209179369765, 27.827869162052998 ], [ -81.703187179361692, 27.827816162040676 ], [ -81.703173179355872, 27.827761162027659 ], [ -81.703168179332039, 27.827055161855981 ], [ -81.70318717930958, 27.826172161640677 ], [ -81.703217179237427, 27.82362316101969 ], [ -81.703227179200383, 27.822364160713054 ], [ -81.703232179194146, 27.822120160653554 ], [ -81.70327917913157, 27.819716160067365 ], [ -81.703301179113964, 27.81895915988266 ], [ -81.703331179079768, 27.817606159552653 ], [ -81.703385179041717, 27.815911159138764 ], [ -81.703395179026487, 27.815338158999083 ], [ -81.703402179016365, 27.814955158905715 ], [ -81.703443178992401, 27.813823158629187 ], [ -81.703458178979858, 27.813289158498851 ], [ -81.703450178975984, 27.813241158487386 ], [ -81.703434178969886, 27.81319415847635 ], [ -81.703410178961533, 27.813150158466254 ], [ -81.703378178950985, 27.813111158457534 ], [ -81.703339178938549, 27.813076158449967 ], [ -81.703294178924608, 27.813048158444285 ], [ -81.703244178909458, 27.813027158440423 ], [ -81.703192178893929, 27.81301315843837 ], [ -81.702921178814464, 27.81298615843852 ], [ -81.701245178329089, 27.813014158487356 ], [ -81.699179177731267, 27.81306215855075 ], [ -81.697927177368669, 27.813082158586983 ], [ -81.695671176715379, 27.813120158652691 ], [ -81.695594176690932, 27.813055158638782 ], [ -81.695531176670286, 27.812979158621893 ], [ -81.695484176653906, 27.812894158602372 ], [ -81.695467176647611, 27.812849158591838 ], [ -81.695446176638598, 27.812757158569976 ], [ -81.695443176636203, 27.812709158558384 ], [ -81.695469176638099, 27.8125311585144 ], [ -81.695484176634807, 27.81229115845559 ], [ -81.695480176627981, 27.812112158412187 ], [ -81.695472176579841, 27.810664158059907 ], [ -81.69546617647562, 27.807427157272162 ], [ -81.695473176435215, 27.806087156945832 ], [ -81.695471176430374, 27.805952156913033 ], [ -81.695458176390744, 27.804819156637571 ], [ -81.69546217637658, 27.804334156519385 ], [ -81.695458176362379, 27.803923156419469 ], [ -81.69546517635294, 27.803560156330935 ], [ -81.695458176311305, 27.802310156026792 ], [ -81.695438176206906, 27.799194155268772 ], [ -81.695441176138914, 27.797015154738226 ], [ -81.695422176037226, 27.793974153998338 ], [ -81.695424175989103, 27.792434153623383 ], [ -81.695380175976695, 27.792445153627128 ], [ -81.694248175651069, 27.792533153676864 ], [ -81.694049175595921, 27.792615153701817 ], [ -81.693524175444949, 27.792659153725655 ], [ -81.692936175274227, 27.792654153739107 ], [ -81.69211317503563, 27.792659153760958 ], [ -81.691995175001793, 27.792671153766783 ], [ -81.691574174878923, 27.792649153771961 ], [ -81.690533174589291, 27.793040153893159 ], [ -81.688715174112872, 27.794654154331614 ], [ -81.687537173818029, 27.796138154722382 ], [ -81.685776173330879, 27.796891154949712 ], [ -81.685900173362029, 27.79673715490917 ], [ -81.686005173386889, 27.796561154863692 ], [ -81.686067173398428, 27.79635715481248 ], [ -81.686216173434715, 27.796137154755172 ], [ -81.686240173437838, 27.79601615472513 ], [ -81.685072173060277, 27.794793154456549 ], [ -81.684365172831747, 27.794052154293777 ], [ -81.684254172797111, 27.793975154277838 ], [ -81.683889172691863, 27.793997154292313 ], [ -81.683214172500669, 27.794145154345252 ], [ -81.682627172335444, 27.79430515439887 ], [ -81.681735172084316, 27.794547154480068 ], [ -81.681666172065349, 27.794580154489864 ], [ -81.681618172052126, 27.794602154496417 ], [ -81.681123171917392, 27.794883154577182 ], [ -81.680990171882684, 27.795006154610505 ], [ -81.680857171848018, 27.795130154643982 ], [ -81.680547171763095, 27.795290154690683 ], [ -81.680170171655618, 27.795350154714761 ], [ -81.679421171447714, 27.795647154805778 ], [ -81.679285171410854, 27.795730154829389 ], [ -81.67887017129604, 27.79590615488264 ], [ -81.67852417119822, 27.795989154911467 ], [ -81.677919171030709, 27.796243154988474 ], [ -81.677360170875943, 27.796478155059642 ], [ -81.67723717083733, 27.796385155040102 ], [ -81.676958170735858, 27.795735154888785 ], [ -81.676773170664745, 27.795185154759526 ], [ -81.676748170647926, 27.794882154686334 ], [ -81.676777170638204, 27.794307154545642 ], [ -81.676779170637474, 27.794266154535595 ], [ -81.676841170644295, 27.793914154448302 ], [ -81.676897170656048, 27.793771154412116 ], [ -81.677039170660692, 27.792615154127095 ], [ -81.677113170673522, 27.792340154058248 ], [ -81.677194170690015, 27.792120154002689 ], [ -81.677268170696536, 27.791647153885656 ], [ -81.677293170701745, 27.791581153868968 ], [ -81.677324170705162, 27.791405153825323 ], [ -81.677380170679285, 27.790073153499584 ], [ -81.677571170716632, 27.78950115335547 ], [ -81.677608170720262, 27.789275153299538 ], [ -81.677584170700399, 27.788868153201026 ], [ -81.677565170682058, 27.788461153102411 ], [ -81.677578170679354, 27.788257153052392 ], [ -81.677652170693662, 27.788031152995508 ], [ -81.677671170690502, 27.787756152928075 ], [ -81.677547170647799, 27.787542152879052 ], [ -81.677547170643933, 27.787420152849371 ], [ -81.67763317066786, 27.787387152839138 ], [ -81.677807170722147, 27.787509152864544 ], [ -81.677881170744016, 27.787520152865337 ], [ -81.678023170781884, 27.787415152836271 ], [ -81.678475170895808, 27.786870152692202 ], [ -81.678586170919317, 27.786595152622464 ], [ -81.678562170905423, 27.786375152569459 ], [ -81.678376170837382, 27.785929152465574 ], [ -81.678147170760113, 27.785588152388197 ], [ -81.677825170657471, 27.785296152325138 ], [ -81.677603170587489, 27.785120152287853 ], [ -81.677436170538229, 27.785093152285416 ], [ -81.677157170459111, 27.785153152307029 ], [ -81.67703317042492, 27.785208152323541 ], [ -81.67691617039533, 27.785346152360052 ], [ -81.67684817037977, 27.785478152393921 ], [ -81.67667417033239, 27.785577152422352 ], [ -81.676489170279439, 27.785599152432322 ], [ -81.676365170242377, 27.785566152427371 ], [ -81.6754061699678, 27.785681152479388 ], [ -81.675208169908942, 27.785637152473619 ], [ -81.674899169813528, 27.785456152437241 ], [ -81.674670169745724, 27.785412152432258 ], [ -81.674558169711489, 27.785357152421646 ], [ -81.67407616956973, 27.785296152418809 ], [ -81.673599169431625, 27.785307152433433 ], [ -81.673302169347039, 27.785357152453035 ], [ -81.672653169164974, 27.785555152517453 ], [ -81.672040168999288, 27.785940152626516 ], [ -81.671227168770955, 27.786180152705313 ], [ -81.671130168743758, 27.78620915271479 ], [ -81.670604168597691, 27.786418152778808 ], [ -81.66950316829427, 27.786924152929569 ], [ -81.669423168272075, 27.786957152939586 ], [ -81.668921168129728, 27.787062152977722 ], [ -81.66882216810167, 27.787084152985543 ], [ -81.668525168019485, 27.787210153023622 ], [ -81.668234167943069, 27.787464153092781 ], [ -81.668074167901864, 27.787629153136969 ], [ -81.667795167828032, 27.787854153198722 ], [ -81.667486167744457, 27.788047153253466 ], [ -81.667232167674754, 27.788173153290487 ], [ -81.666799167553776, 27.788322153337603 ], [ -81.666446167457437, 27.788514153393145 ], [ -81.665796167274223, 27.788685153451055 ], [ -81.664200166832643, 27.789367153657015 ], [ -81.663940166763439, 27.789565153711742 ], [ -81.663699166702912, 27.789862153790089 ], [ -81.663649166696075, 27.79010415385028 ], [ -81.663711166721512, 27.790341153906482 ], [ -81.663606166693512, 27.790418153927831 ], [ -81.662767166460583, 27.790753154030398 ], [ -81.661015165834826, 27.787036153168948 ], [ -81.660110165478415, 27.784068152468659 ], [ -81.660958165631712, 27.781129151731619 ], [ -81.659526165170021, 27.779668151411563 ], [ -81.656776164332499, 27.778416151175236 ], [ -81.654852163747847, 27.777581151019891 ], [ -81.654556163619205, 27.776225150696956 ], [ -81.655437163848077, 27.775377150468383 ], [ -81.656032164003264, 27.774824150318782 ], [ -81.656275164046505, 27.773960150102269 ], [ -81.656290164021385, 27.773025149874076 ], [ -81.656323164027171, 27.772905149844036 ], [ -81.656461164051578, 27.772409149719778 ], [ -81.657974164457173, 27.771349149423777 ], [ -81.658096164482814, 27.771039149345185 ], [ -81.653218163053126, 27.770591149357777 ], [ -81.652642162884533, 27.77054414936072 ], [ -81.651810162640572, 27.77046414936202 ], [ -81.650284162193657, 27.770335149368648 ], [ -81.650286162156547, 27.769140149077458 ], [ -81.650284162030374, 27.765156148106811 ], [ -81.650294161983894, 27.763591147725219 ], [ -81.650289161947299, 27.762475147453447 ], [ -81.650288161939386, 27.762234147394736 ], [ -81.650283161874626, 27.760224146905088 ], [ -81.650273161814411, 27.758405146462081 ], [ -81.6502841617759, 27.757081146139161 ], [ -81.650281161714545, 27.75516114567138 ], [ -81.649644161529949, 27.75517014568943 ], [ -81.646730160684598, 27.755178145764042 ], [ -81.646250160545577, 27.755186145777937 ], [ -81.646250160554871, 27.755481145849817 ], [ -81.646236160655334, 27.75880014665902 ], [ -81.646217160707025, 27.760616147101988 ], [ -81.646216160744018, 27.761799147390292 ], [ -81.646193160763858, 27.762640147595786 ], [ -81.638087158409576, 27.762581147783575 ], [ -81.63793415870299, 27.773297150398506 ], [ -81.629805156343465, 27.773289150599346 ], [ -81.629866156482549, 27.777136151535164 ], [ -81.629982156749548, 27.784530153333613 ], [ -81.619604153735395, 27.78446915357792 ], [ -81.617953153179059, 27.782025153023657 ], [ -81.614694152080602, 27.777193151927701 ], [ -81.614663152070236, 27.777148151917512 ], [ -81.614102151881141, 27.776316151728782 ], [ -81.608396149958722, 27.767876149814306 ], [ -81.607124149530009, 27.765988149385898 ], [ -81.604582148673785, 27.762231148533541 ], [ -81.602643148020277, 27.759353147880336 ], [ -81.594604145679497, 27.759126148025338 ], [ -81.590646144531874, 27.759171148134914 ], [ -81.590515144487966, 27.758985148092833 ], [ -81.590148144365244, 27.758471147976682 ], [ -81.590029144325314, 27.758299147937695 ], [ -81.589861144268809, 27.758054147882184 ], [ -81.589478144140585, 27.757513147759784 ], [ -81.589115144018464, 27.756981147639184 ], [ -81.588721143886673, 27.7564291475144 ], [ -81.588057143664074, 27.755480147299586 ], [ -81.58803314365602, 27.755445147291674 ], [ -81.588297143732632, 27.755444147284862 ], [ -81.588576143813569, 27.755443147277656 ], [ -81.589016143941336, 27.755443147266703 ], [ -81.588982143816864, 27.751802146379831 ], [ -81.597330146238988, 27.75176114616194 ], [ -81.597511146291495, 27.751759146156957 ], [ -81.597156146171827, 27.751232146037271 ], [ -81.594599145310582, 27.747449145178599 ], [ -81.594002145110011, 27.74658314498237 ], [ -81.593702145010141, 27.746176144890587 ], [ -81.593512144947169, 27.745929144835106 ], [ -81.593235144855896, 27.745583144757649 ], [ -81.592946144761015, 27.74523314467946 ], [ -81.592732144691141, 27.744987144624812 ], [ -81.592515144620535, 27.744745144571198 ], [ -81.592348144566444, 27.744566144531699 ], [ -81.592310144554091, 27.744525144522683 ], [ -81.592050144469766, 27.744244144460634 ], [ -81.588910143453901, 27.740925143729466 ], [ -81.588611143357184, 27.740609143659849 ], [ -81.588380143282251, 27.740360143604885 ], [ -81.588177143216697, 27.74014914355844 ], [ -81.587720143068708, 27.739661143450853 ], [ -81.586412142645685, 27.73828314314731 ], [ -81.58602714252099, 27.737872143056681 ], [ -81.582552141396704, 27.734198142247092 ], [ -81.582309141317992, 27.733936142189211 ], [ -81.582268141304837, 27.733897142180787 ], [ -81.582054141235588, 27.733671142130966 ], [ -81.58204814123323, 27.733651142126231 ], [ -81.582023141225974, 27.733651142126853 ], [ -81.581821141167325, 27.733651142131865 ], [ -81.578808140292779, 27.733657142208262 ], [ -81.577534139923415, 27.733672142243613 ], [ -81.576143139519758, 27.733678142279651 ], [ -81.574591139068119, 27.73364514231017 ], [ -81.574256138970767, 27.733642142317777 ], [ -81.573789138835338, 27.733647142330597 ], [ -81.572973138598158, 27.733638142348717 ], [ -81.572751138533619, 27.733636142353745 ], [ -81.572663138503955, 27.733505142323981 ], [ -81.572093138312098, 27.732665142133271 ], [ -81.571644138161261, 27.732013141985419 ], [ -81.571170138003183, 27.731361141838139 ], [ -81.569436137421675, 27.72887514127483 ], [ -81.569343137390476, 27.728741141244491 ], [ -81.569229137352195, 27.728576141207046 ], [ -81.567660136826532, 27.726342140701078 ], [ -81.567386136734754, 27.725952140612772 ], [ -81.566897136570503, 27.725242140451687 ], [ -81.565868136226072, 27.723788140122565 ], [ -81.563396135397568, 27.720256139322291 ], [ -81.56296713525343, 27.719631139180422 ], [ -81.562922135238367, 27.719568139166164 ], [ -81.562793135195264, 27.719388139125456 ], [ -81.562547135112126, 27.719015139040586 ], [ -81.562319135034016, 27.718634138953295 ], [ -81.5621071349602, 27.718245138863605 ], [ -81.561907134889793, 27.71785013877221 ], [ -81.561784134845681, 27.71758313871014 ], [ -81.561614134783611, 27.717177138615291 ], [ -81.561453134723408, 27.716749138514864 ], [ -81.561351134684273, 27.716444138442935 ], [ -81.561260134648151, 27.716135138369857 ], [ -81.561143134599575, 27.715669138259049 ], [ -81.561044134555587, 27.715184138143126 ], [ -81.560995134531026, 27.71485413806386 ], [ -81.560923134492469, 27.714290137928021 ], [ -81.560893134473446, 27.713962137848711 ], [ -81.560880134463133, 27.713753137798051 ], [ -81.560869134447273, 27.713350137699987 ], [ -81.56087713442831, 27.71267013753388 ], [ -81.560893134424248, 27.712393137465842 ], [ -81.560935134423474, 27.711979137363802 ], [ -81.560968134426105, 27.711756137308544 ], [ -81.561013134429714, 27.711455137233997 ], [ -81.561081134437771, 27.711082137141279 ], [ -81.561164134450308, 27.710712137048965 ], [ -81.561309134475536, 27.710175136914302 ], [ -81.561400134492857, 27.70988513684129 ], [ -81.56144413450177, 27.709761136809949 ], [ -81.561502134513489, 27.709597136768462 ], [ -81.561613134536756, 27.709313136696423 ], [ -81.561735134563421, 27.709032136624806 ], [ -81.562002134623043, 27.708461136478864 ], [ -81.562916134833159, 27.706698136025903 ], [ -81.562810134795015, 27.706462135970963 ], [ -81.563343134918043, 27.705451135711019 ], [ -81.563695134998781, 27.704764135534646 ], [ -81.563941135054222, 27.70425413540406 ], [ -81.564066135081731, 27.703975135332893 ], [ -81.564108135090748, 27.703873135306932 ], [ -81.564150135099808, 27.703773135281512 ], [ -81.564171135104303, 27.70372213526851 ], [ -81.564228135116736, 27.703590135234872 ], [ -81.564377135147737, 27.703199135135787 ], [ -81.564516135175168, 27.702786135031563 ], [ -81.564599135190591, 27.702509134961854 ], [ -81.564742135214914, 27.701960134824358 ], [ -81.564856135233171, 27.701485134705589 ], [ -81.564881135237144, 27.701380134679347 ], [ -81.564884135237563, 27.701366134675894 ], [ -81.564908135240614, 27.701241134644764 ], [ -81.564944135246222, 27.701088134606515 ], [ -81.565011135255332, 27.700757134524103 ], [ -81.565068135260347, 27.700388134432608 ], [ -81.565111135261233, 27.700017134341032 ], [ -81.565162135253928, 27.699312134167652 ], [ -81.565181135245439, 27.698864134057906 ], [ -81.565185135231616, 27.698385133940839 ], [ -81.565168135208822, 27.697816133802423 ], [ -81.565131135180295, 27.697247133664476 ], [ -81.565080135150453, 27.696768133548794 ], [ -81.565007135113547, 27.696265133427854 ], [ -81.564918135071991, 27.695763133307551 ], [ -81.564849135041527, 27.695430133227969 ], [ -81.564733134992878, 27.694951133113953 ], [ -81.564600134939383, 27.694476133001327 ], [ -81.564450134881042, 27.694004132889823 ], [ -81.564337134838155, 27.693682132813997 ], [ -81.564145134766946, 27.693187132697947 ], [ -81.563957134698597, 27.692746132594973 ], [ -81.5638821346718, 27.692587132558035 ], [ -81.563846134658974, 27.692510132540097 ], [ -81.563776134633713, 27.692352132503277 ], [ -81.563710134610233, 27.692214132471232 ], [ -81.563671134596618, 27.692141132454402 ], [ -81.563409134505008, 27.691645132339826 ], [ -81.563326134476299, 27.691497132305717 ], [ -81.563315134472475, 27.691478132301356 ], [ -81.563219134439152, 27.691303132261059 ], [ -81.562830134306637, 27.690677132117887 ], [ -81.562722134270317, 27.690518132081763 ], [ -81.562629134238833, 27.690374132048881 ], [ -81.562205134096743, 27.689768131911514 ], [ -81.560145133410032, 27.686936131271253 ], [ -81.559982133355462, 27.686704131218622 ], [ -81.559884133322683, 27.68656513118713 ], [ -81.559767133283444, 27.686398131149272 ], [ -81.559588133223627, 27.686145131091976 ], [ -81.557916132666861, 27.683866130576977 ], [ -81.557738132607838, 27.683631130524038 ], [ -81.557677132587358, 27.683541130503581 ], [ -81.557581132554958, 27.683398130471069 ], [ -81.556267132117014, 27.681592130062668 ], [ -81.555643131908752, 27.680725129866488 ], [ -81.554569131551091, 27.679258129534922 ], [ -81.553926131337221, 27.678390129338887 ], [ -81.553787131290605, 27.678189129293248 ], [ -81.553659131247656, 27.678004129251271 ], [ -81.553646131243298, 27.677985129246959 ], [ -81.553628131237289, 27.677960129241288 ], [ -81.553608131230561, 27.677931129234736 ], [ -81.553431131171209, 27.677676129176781 ], [ -81.553238131106454, 27.677398129113726 ], [ -81.552787130956773, 27.676798128978355 ], [ -81.551627130569315, 27.675176128611053 ], [ -81.55034313014167, 27.673420128214044 ], [ -81.548982129687616, 27.671536127787704 ], [ -81.548319129466748, 27.670627127582119 ], [ -81.547609129229215, 27.669622127354298 ], [ -81.547377129151812, 27.669301127281607 ], [ -81.546893128990334, 27.668629127129527 ], [ -81.54625212877697, 27.667757126932422 ], [ -81.544964128347246, 27.66597112652812 ], [ -81.544419128165842, 27.665229126360408 ], [ -81.54233412747034, 27.662342125706825 ], [ -81.541622127233126, 27.661364125485587 ], [ -81.541571127216088, 27.661294125469752 ], [ -81.541432127169656, 27.661100125425794 ], [ -81.54126212711293, 27.660863125372135 ], [ -81.540280126785063, 27.659493125061765 ], [ -81.539734126602823, 27.658733124889633 ], [ -81.539367126480855, 27.658240124778271 ], [ -81.539091126389152, 27.657869124694493 ], [ -81.536620125565378, 27.654461123923078 ], [ -81.536195125423575, 27.653869123788972 ], [ -81.535904125326454, 27.653465123697455 ], [ -81.53527012511519, 27.652595123500586 ], [ -81.5346661249135, 27.651750123309121 ], [ -81.533300124458478, 27.649877122885304 ], [ -81.533203124426166, 27.6497441228552 ], [ -81.532998124358386, 27.649479122795501 ], [ -81.532678124253238, 27.649088122707916 ], [ -81.532458124181446, 27.648833122650995 ], [ -81.532081124059417, 27.648430122561845 ], [ -81.531830123978622, 27.648176122506023 ], [ -81.53169512393508, 27.648036122475165 ], [ -81.531503123873222, 27.64784212243249 ], [ -81.530831123658714, 27.647220122297171 ], [ -81.529903123364548, 27.646427122126294 ], [ -81.529964123382285, 27.646427122124781 ], [ -81.530335123492705, 27.646514122136878 ], [ -81.530572123561555, 27.646515122131259 ], [ -81.530788123624276, 27.646515122125944 ], [ -81.530862123645804, 27.646515122124111 ], [ -81.53152012383687, 27.646516122108086 ], [ -81.531651123874923, 27.646516122104867 ], [ -81.531719123894689, 27.646516122103201 ], [ -81.531788123914708, 27.64651612210147 ], [ -81.53188812394373, 27.646516122098987 ], [ -81.531988123972766, 27.646516122096532 ], [ -81.532250124048829, 27.646516122090055 ], [ -81.532524124128386, 27.646516122083288 ], [ -81.533359124370904, 27.6465171220629 ], [ -81.533923124534724, 27.64651812204924 ], [ -81.541478126728606, 27.646524121864054 ], [ -81.543178127222319, 27.646526121822536 ], [ -81.543515127320163, 27.646526121814201 ], [ -81.543539127327151, 27.64652712181385 ], [ -81.544106127492086, 27.646537121802261 ], [ -81.544377127570939, 27.646542121796838 ], [ -81.544908127725051, 27.646540121783179 ], [ -81.54518212780458, 27.646539121776151 ], [ -81.547067128352225, 27.64655112173255 ], [ -81.550203129263437, 27.646571121659957 ], [ -81.550682129402574, 27.64657412164884 ], [ -81.551285129577693, 27.646575121634147 ], [ -81.551501129640386, 27.646576121629089 ], [ -81.554427130490524, 27.646595121561429 ], [ -81.554555130527731, 27.64659612155851 ], [ -81.554848130612882, 27.646598121551747 ], [ -81.555161130703738, 27.646598121544027 ], [ -81.555374130765557, 27.646598121538744 ], [ -81.555589130827968, 27.646597121533183 ], [ -81.55569213085785, 27.646597121530665 ], [ -81.559463131953095, 27.646609121440409 ], [ -81.55955413197951, 27.646609121438182 ], [ -81.561232132467282, 27.646628121401285 ], [ -81.563114133014309, 27.646650121360153 ], [ -81.563321133074439, 27.64665212135553 ], [ -81.563536133136836, 27.646650121349733 ], [ -81.563539133011403, 27.642597120359593 ], [ -81.563531132779858, 27.63523611856149 ], [ -81.563528132693449, 27.632488117890187 ], [ -81.563526132657799, 27.631363117615368 ], [ -81.563463132210629, 27.617573114247275 ], [ -81.563464132205027, 27.617383114200774 ], [ -81.563464132189452, 27.616882114078365 ], [ -81.563466132098199, 27.613928113356391 ], [ -81.563467131971734, 27.609848112359199 ], [ -81.563593131885824, 27.605905111392342 ], [ -81.563603131768929, 27.602046110448768 ], [ -81.563590131729612, 27.600902110169432 ], [ -81.563590131724808, 27.600747110131582 ], [ -81.563589131716085, 27.600475110065087 ], [ -81.563573131435362, 27.591576107889974 ], [ -81.563573131434609, 27.591552107884102 ], [ -81.563486131327352, 27.588907107239596 ], [ -81.563487131308904, 27.588304107092124 ], [ -81.563496131254936, 27.586479106645687 ], [ -81.563524131090603, 27.580915105284536 ], [ -81.563542130984828, 27.577332104407915 ], [ -81.563545130966602, 27.57671510425692 ], [ -81.563547130956863, 27.576382104175412 ], [ -81.563541130906515, 27.574812103791675 ], [ -81.563541130905364, 27.57477510378261 ], [ -81.563558130892048, 27.574185103637916 ], [ -81.563560130881456, 27.573824103549583 ], [ -81.563563130835618, 27.572317103180964 ], [ -81.563568130779458, 27.570456102725693 ], [ -81.563608130670119, 27.566548101768912 ], [ -81.563606130660702, 27.566262101699007 ], [ -81.563621130588785, 27.563796101095459 ], [ -81.563682130580233, 27.562949100886797 ], [ -81.563695130470308, 27.559272099987034 ], [ -81.563693130468181, 27.559222099974864 ], [ -81.563606130310973, 27.554955098933245 ], [ -81.563600130239593, 27.55270209838223 ], [ -81.563613129982926, 27.544273096319667 ], [ -81.563620129849284, 27.539878095244145 ], [ -81.56365112970704, 27.534979094044587 ], [ -81.563684129586633, 27.53076709301304 ], [ -81.563694129395216, 27.524465091470464 ], [ -81.563695129360767, 27.523338091194592 ], [ -81.563695129296036, 27.521238090680633 ], [ -81.563695129210245, 27.518454089999189 ], [ -81.563695129096388, 27.514758089094478 ], [ -81.563715128652902, 27.500164085521153 ], [ -81.563724128465566, 27.493989084008962 ], [ -81.563731128315439, 27.489038082796384 ], [ -81.563731128278576, 27.487838082502542 ], [ -81.563735128210212, 27.485576081948452 ], [ -81.563736128207211, 27.485469081922187 ], [ -81.563744128098719, 27.481863081038863 ], [ -81.563724128030415, 27.479828080540987 ], [ -81.563755127993531, 27.478332080173772 ], [ -81.563751127986038, 27.478128080123909 ], [ -81.563766127769668, 27.47093607836193 ], [ -81.563862127340116, 27.456020074705311 ], [ -81.563855127151768, 27.449938073215218 ], [ -81.563859127112408, 27.448615072890899 ], [ -81.563871127013854, 27.445282072073869 ], [ -81.563899126808678, 27.4383130703653 ], [ -81.563888126679117, 27.434181069352814 ], [ -81.563893126675936, 27.434030069315718 ], [ -81.563932126616322, 27.431712068746609 ], [ -81.563935126593393, 27.430932068555336 ], [ -81.563936126588047, 27.430748068510194 ], [ -81.563943126547173, 27.429345068166135 ], [ -81.56396312642029, 27.42500406710154 ], [ -81.563987126249046, 27.419171065670991 ], [ -81.564002126136074, 27.415329064728667 ], [ -81.564003126130174, 27.415126064678883 ], [ -81.563793126062819, 27.414918064633 ], [ -81.564004126126463, 27.414995064646725 ], [ -81.564005126120847, 27.41480206459941 ], [ -81.563999126063351, 27.412976064151849 ], [ -81.564015126046357, 27.412267063977616 ], [ -81.564064125778899, 27.403036061712921 ], [ -81.564074125724346, 27.401151061250395 ], [ -81.564087125650573, 27.398609060626686 ], [ -81.564090125630955, 27.397938060462092 ], [ -81.564093125617518, 27.397467060346532 ], [ -81.564099125583397, 27.396290060057662 ], [ -81.56411112551875, 27.394056059509509 ], [ -81.564122125458695, 27.391980059000058 ], [ -81.564124125446668, 27.391566058898501 ], [ -81.564136125378994, 27.389230058325225 ], [ -81.564152125294598, 27.386308057608112 ], [ -81.564160125246872, 27.384663057204431 ], [ -81.564165125221777, 27.383792056990625 ], [ -81.564157125160037, 27.381841056512279 ], [ -81.564150125128876, 27.380884056277637 ], [ -81.56414612511216, 27.380373056152376 ], [ -81.564129125042641, 27.378251055632234 ], [ -81.564119125002122, 27.377014055329006 ], [ -81.564110124965339, 27.375892055053956 ], [ -81.564105124947972, 27.375369054925773 ], [ -81.564099124920489, 27.374523054718413 ], [ -81.564093124898804, 27.373866054557311 ], [ -81.564089124880581, 27.373307054420319 ], [ -81.563960124841074, 27.373238054406539 ], [ -81.563988124385773, 27.357993050665108 ], [ -81.564016124110267, 27.348653048372274 ], [ -81.564002124098749, 27.348406048311976 ], [ -81.563984123925735, 27.342877046955312 ], [ -81.56398812390421, 27.342129046771621 ], [ -81.563988123899136, 27.341962046730607 ], [ -81.563988123893623, 27.341780046685919 ], [ -81.563984123873851, 27.341166046535314 ], [ -81.563999123863113, 27.340670046413205 ], [ -81.564065123881562, 27.340646046405706 ], [ -81.564066123848278, 27.339540046134218 ], [ -81.564053123825644, 27.338917045981557 ], [ -81.564039123581807, 27.331008044040335 ], [ -81.56403512352783, 27.329265043612477 ], [ -81.564038123526515, 27.329193043594739 ], [ -81.564046123526822, 27.3291260435781 ], [ -81.564040123471656, 27.327363043145404 ], [ -81.564049123430621, 27.325922042791397 ], [ -81.564043123405639, 27.325156042603464 ], [ -81.564052123365556, 27.323745042256789 ], [ -81.564058123311298, 27.321896041802638 ], [ -81.56405212325528, 27.320103041362508 ], [ -81.564046123198622, 27.318289040917261 ], [ -81.564052123145544, 27.316478040472365 ], [ -81.564046123129387, 27.316001040355381 ], [ -81.564052123089681, 27.314632040019038 ], [ -81.564061123038357, 27.312850039581217 ], [ -81.564070122997904, 27.311425039231064 ], [ -81.564075122986935, 27.311015039130286 ], [ -81.564078122933665, 27.309225038690577 ], [ -81.564116122889672, 27.307406038242966 ], [ -81.564122122883234, 27.307136038176495 ], [ -81.564090122734115, 27.302512037041545 ], [ -81.56408712272453, 27.302224036970852 ], [ -81.564067122668064, 27.300547036559465 ], [ -81.563994122591097, 27.298701036107818 ], [ -81.564000122577099, 27.298181035979926 ], [ -81.564003122569886, 27.297911035913543 ], [ -81.564006122562418, 27.29763603584593 ], [ -81.563999122556638, 27.297513035815864 ], [ -81.56400312254209, 27.296992035687779 ], [ -81.564120122568795, 27.296752035626003 ], [ -81.563860122261303, 27.289070033745144 ], [ -81.563857122169523, 27.286058033005233 ], [ -81.563760122022401, 27.282115032038821 ], [ -81.563720121852199, 27.276858030748116 ], [ -81.563657121665514, 27.271273029377234 ], [ -81.563594121477848, 27.265652027997373 ], [ -81.563533121297908, 27.260265026674869 ], [ -81.563468121104947, 27.254482025254976 ], [ -81.563450121054387, 27.252976024885214 ], [ -81.563398120904026, 27.248479023781009 ], [ -81.56333212071668, 27.242887022407849 ], [ -81.563279120567245, 27.23842902131307 ], [ -81.563172120250812, 27.228927018979238 ], [ -81.563056119908666, 27.218649016454346 ], [ -81.563024119815225, 27.215845015765506 ], [ -81.562979119686204, 27.211978014815401 ], [ -81.563109119666095, 27.210048014337545 ], [ -81.563133119661259, 27.209655014240319 ], [ -81.56308411951683, 27.205310013172667 ], [ -81.563072119512157, 27.205271013163351 ], [ -81.562921119130579, 27.19399201039209 ], [ -81.562971118926143, 27.186676008590716 ], [ -81.562949118737933, 27.180596007095058 ], [ -81.562884118420229, 27.170596004635474 ], [ -81.562667117004892, 27.125229993470473 ], [ -81.562658116930166, 27.122804992873359 ], [ -81.562634116873028, 27.12111799245837 ], [ -81.562519116339217, 27.104275988311901 ], [ -81.562510116261819, 27.101757987691673 ], [ -81.562491116210154, 27.100202987308972 ], [ -81.562471116056813, 27.095228986083733 ], [ -81.562422115770431, 27.086053983823778 ], [ -81.562309115307272, 27.071525980245433 ], [ -81.562339115285383, 27.070490979989568 ], [ -81.562396115294135, 27.070228979923598 ], [ -81.562438115301219, 27.070055979879939 ], [ -81.562466115304346, 27.069887979837876 ], [ -81.562509115310291, 27.069666979782372 ], [ -81.562504115213883, 27.066457978991391 ], [ -81.56250411517594, 27.065175978675327 ], [ -81.562509115131036, 27.063608978288837 ], [ -81.562519115125767, 27.063331978220315 ], [ -81.562529115109513, 27.062684978060549 ], [ -81.562509115037031, 27.060430977505305 ], [ -81.562540115018408, 27.059495977273997 ], [ -81.562529114969024, 27.057934976889378 ], [ -81.562520114935282, 27.056880976629671 ], [ -81.562509114903264, 27.055906976389785 ], [ -81.562486114882532, 27.055431976273201 ], [ -81.562524114800695, 27.052288975497238 ], [ -81.562529114697398, 27.048743974622958 ], [ -81.562540114693789, 27.048512974565721 ], [ -81.562535114688458, 27.04838397453403 ], [ -81.562543114666454, 27.047558974330368 ], [ -81.56255511459311, 27.0449589736889 ], [ -81.562535114558059, 27.043967973444964 ], [ -81.562601114553956, 27.043180973249314 ], [ -81.562616114404619, 27.037973971964657 ], [ -81.562506114356964, 27.037440971835814 ], [ -81.562498114350291, 27.037292971799477 ], [ -81.562490114343575, 27.037144971763194 ], [ -81.562479114337137, 27.037033971736076 ], [ -81.562469114330867, 27.036921971708676 ], [ -81.562478114314871, 27.036289971552595 ], [ -81.562496114301396, 27.03565597139573 ], [ -81.562532114298619, 27.035207971284418 ], [ -81.56262311432512, 27.035211971283239 ], [ -81.562627114285846, 27.033839970944722 ], [ -81.57048111656384, 27.03382397075492 ], [ -81.600212125186189, 27.033761970036071 ], [ -81.604149126327812, 27.033752969940696 ], [ -81.626450132790936, 27.03360196937555 ], [ -81.661923143072116, 27.033447968497644 ], [ -81.669030145134101, 27.033498968341934 ], [ -81.680036148330316, 27.033689968128318 ], [ -81.688579150811165, 27.033837967962459 ], [ -81.688896150903048, 27.033837967954927 ], [ -81.729955162804018, 27.033862966988252 ], [ -81.730541162973836, 27.033862966974361 ], [ -81.731031163115787, 27.033862966962744 ], [ -81.732690163596573, 27.033862966923419 ], [ -81.74379016681317, 27.033865966661075 ], [ -81.751921169169293, 27.033868966469097 ], [ -81.753370169589061, 27.033865966433996 ], [ -81.753809169716234, 27.033865966423601 ], [ -81.760177171561423, 27.03386996627361 ], [ -81.760799171741752, 27.033872966259615 ], [ -81.763371172487254, 27.033883966201365 ], [ -81.764176172720553, 27.033886966183019 ], [ -81.770973174690496, 27.033912966028268 ], [ -81.771692174898902, 27.033915966011957 ], [ -81.771747174914879, 27.033915966010657 ], [ -81.771859174947352, 27.033916966008245 ], [ -81.77196417497774, 27.033916966005762 ], [ -81.772184175041531, 27.033918966001025 ], [ -81.772530175141824, 27.033919965993068 ], [ -81.793069181094225, 27.034002965526515 ], [ -81.795032181663203, 27.03401596548321 ], [ -81.811600186465469, 27.034128965118082 ], [ -81.81934818871099, 27.034179964946841 ], [ -81.819754188828639, 27.034182964937944 ], [ -81.825492190491573, 27.034220964811219 ], [ -81.82688519089524, 27.034228964780116 ], [ -81.846346196534682, 27.034358964350417 ], [ -81.846691196634609, 27.034360964342728 ], [ -81.851300197970119, 27.034391964240985 ], [ -81.852829198413133, 27.034401964207181 ], [ -81.856785199559397, 27.034427964119718 ], [ -81.856879199586601, 27.034427964117466 ], [ -81.860485200631388, 27.034451964037817 ], [ -81.860683200688754, 27.034452964033356 ], [ -81.865120201974349, 27.034484963935917 ], [ -81.865199201997271, 27.034485963934344 ], [ -81.879833206236967, 27.034584963611373 ], [ -81.879910206259254, 27.034584963609543 ], [ -81.884946207718215, 27.034620963498899 ], [ -81.885146207776145, 27.034621963494388 ], [ -81.888314208693842, 27.034643963424589 ], [ -81.888508208750068, 27.034644963420241 ], [ -81.893396210165918, 27.034674963311573 ], [ -81.894108210372167, 27.034678963295637 ], [ -81.894606210516372, 27.034680963284309 ], [ -81.904128213274092, 27.034730963070558 ], [ -81.904273213316046, 27.034730963067108 ], [ -81.923692218939891, 27.034842962633597 ], [ -81.937285222876454, 27.03493696233398 ], [ -81.93737022290108, 27.034936962331955 ], [ -81.938809223317804, 27.034946962300204 ], [ -81.940179223714523, 27.034955962269869 ], [ -81.950625226738978, 27.035011962035544 ], [ -81.958324228967939, 27.03505296186276 ], [ -81.958559229035913, 27.035053961857436 ], [ -81.95864922906199, 27.035054961855543 ], [ -81.958670229068062, 27.035054961855035 ], [ -81.958913229138432, 27.035056961849762 ], [ -81.958913229136897, 27.035004961836986 ], [ -81.959353229264238, 27.035005961826776 ], [ -81.959869229413528, 27.035005961814512 ], [ -81.962826230269883, 27.035029961750169 ], [ -81.965234230967027, 27.035044961696617 ], [ -81.965307230986909, 27.035003961684851 ], [ -81.965969231181603, 27.035110961695388 ], [ -81.966945231464237, 27.035117961673965 ], [ -81.968833232008919, 27.035064961616023 ], [ -81.983245236184089, 27.035254961320398 ], [ -81.983731236319116, 27.035067961262804 ], [ -81.986325237040134, 27.034075960957225 ], [ -81.987184237278939, 27.033746960855925 ], [ -81.987619237399841, 27.033580960804748 ], [ -81.988469237636124, 27.03325596070464 ], [ -81.990262238134449, 27.032569960493309 ], [ -81.991142238379027, 27.03223296038955 ], [ -81.991543238490507, 27.032079960342418 ], [ -81.992525238763506, 27.031704960226854 ], [ -81.995840239722753, 27.031715960150756 ], [ -81.996874240022265, 27.031729960129681 ], [ -81.99716524010627, 27.031723960121283 ], [ -81.999651240824974, 27.031709960058762 ], [ -82.000278241006214, 27.031705960042895 ], [ -82.00784424319545, 27.031730959869286 ], [ -82.007980243234826, 27.031731959866299 ], [ -82.01668824575529, 27.031791959674166 ], [ -82.028028249037405, 27.031870959424051 ], [ -82.033335250573245, 27.031907959307052 ], [ -82.040201252560237, 27.03195495915541 ], [ -82.040612252679267, 27.031958959146611 ], [ -82.040882252757399, 27.031960959140665 ], [ -82.040990252788617, 27.031961959138368 ], [ -82.041108252822823, 27.0319629591358 ], [ -82.048817255054388, 27.032041958972009 ], [ -82.049171255156878, 27.032045958964556 ], [ -82.05190725594791, 27.032042958898796 ], [ -82.055406256959614, 27.032039958814895 ], [ -82.055953257117878, 27.032042958802627 ], [ -82.057153257466709, 27.032106958789829 ], [ -82.057296257508327, 27.032114958788384 ], [ -82.05747225755951, 27.03212395878645 ], [ -82.057509257570175, 27.032123958785583 ], [ -82.057513257613181, 27.033535959132518 ], [ -82.057515257631223, 27.034124959277232 ], [ -82.057519257664339, 27.035201959541865 ], [ -82.057565257679485, 27.035263959556026 ], [ -82.057652257708085, 27.035380959582696 ], [ -82.057706257725883, 27.035453959599398 ], [ -82.057737257736022, 27.035494959608695 ], [ -82.058157257871841, 27.035978959717703 ], [ -82.058439257962362, 27.036282959785684 ], [ -82.058728258054757, 27.036579959851856 ], [ -82.059026258149601, 27.036871959916482 ], [ -82.059346258250955, 27.037168959981916 ], [ -82.061265258856736, 27.038885960358286 ], [ -82.06797326097437, 27.044887961673755 ], [ -82.068325261085519, 27.045202961742799 ], [ -82.068471261131606, 27.045333961771469 ], [ -82.069070261320761, 27.045870961889175 ], [ -82.072362262360215, 27.048823962536428 ], [ -82.074213262944653, 27.050483962900255 ], [ -82.078766264382097, 27.054560963793548 ], [ -82.084834266297989, 27.059995964984235 ], [ -82.085637266551529, 27.060714965141681 ], [ -82.088305267393849, 27.063103965664975 ], [ -82.094250269270901, 27.068428966831146 ], [ -82.097101270171109, 27.070982967390425 ], [ -82.097668270350098, 27.071489967501392 ], [ -82.102362271832305, 27.075698968423033 ], [ -82.102466271865183, 27.075792968443608 ], [ -82.10255127188978, 27.075792968441597 ], [ -82.102908271992945, 27.075791968432814 ], [ -82.102976272012612, 27.075791968431211 ], [ -82.103063272037787, 27.075791968429137 ], [ -82.103198272076796, 27.075791968425907 ], [ -82.103249272090864, 27.075769968419291 ], [ -82.103323272112192, 27.07576896841729 ], [ -82.103492272162271, 27.075807968422851 ], [ -82.103646272206859, 27.075812968420379 ], [ -82.103886272276284, 27.075813968414899 ], [ -82.104410272428211, 27.075829968406349 ], [ -82.104870272561016, 27.075822968393677 ], [ -82.106298272973774, 27.075822968359592 ], [ -82.106555273048016, 27.075818968352415 ], [ -82.106789273115496, 27.075815968346117 ], [ -82.106889273144617, 27.075823968345716 ], [ -82.107004273179314, 27.075869968354269 ], [ -82.107037273189988, 27.07590996836327 ], [ -82.107033273190041, 27.075949968373198 ], [ -82.107035273191357, 27.075974968379288 ], [ -82.107110273213721, 27.075997968383135 ], [ -82.107291273265872, 27.07599296837763 ], [ -82.107320273273629, 27.075969968371268 ], [ -82.107320273271782, 27.075907968356034 ], [ -82.107360273281913, 27.07586196834378 ], [ -82.10740527329385, 27.075825968333906 ], [ -82.107478273314655, 27.075813968329189 ], [ -82.107545273334125, 27.075817968328558 ], [ -82.107577273343438, 27.075819968328272 ], [ -82.10764327336264, 27.075824968327986 ], [ -82.107748273393014, 27.075824968325481 ], [ -82.107849273422474, 27.075833968325249 ], [ -82.108414273585566, 27.075826968310068 ], [ -82.108520273616321, 27.075829968308263 ], [ -82.108610273642569, 27.075837968308075 ], [ -82.108643273651936, 27.075833968306306 ], [ -82.109246273826173, 27.075830968291193 ], [ -82.109850274001232, 27.075845968280476 ], [ -82.110987274329716, 27.075840968252074 ], [ -82.112565274786391, 27.075857968218603 ], [ -82.113306275001023, 27.075873968204863 ], [ -82.115236275558772, 27.075868968157593 ], [ -82.115862275740028, 27.075878968145101 ], [ -82.11645627591156, 27.075874968129945 ], [ -82.117074276090293, 27.075876968115669 ], [ -82.117286276151731, 27.075882968112076 ], [ -82.117440276195964, 27.075873968106215 ], [ -82.117846276313202, 27.075869968095564 ], [ -82.117978276351451, 27.075872968093133 ], [ -82.118126276394335, 27.075875968090358 ], [ -82.118734276570137, 27.075877968076309 ], [ -82.120372277043671, 27.075881968038196 ], [ -82.120643277122284, 27.075891968034227 ], [ -82.120907277198683, 27.075894968028642 ], [ -82.121171277274968, 27.075892968021854 ], [ -82.122038277525803, 27.075901968003354 ], [ -82.122311277604652, 27.075900967996592 ], [ -82.12272227772371, 27.075907967988492 ], [ -82.123297277889691, 27.075901967973302 ], [ -82.123412277922469, 27.075886967966856 ], [ -82.12450727823925, 27.075895967942962 ], [ -82.124685278291011, 27.075905967941157 ], [ -82.125165278429861, 27.075910967930909 ], [ -82.125419278502577, 27.07588796791919 ], [ -82.12557227854667, 27.075882967914325 ], [ -82.126366278776757, 27.075901967900062 ], [ -82.126703278874274, 27.075905967892989 ], [ -82.126841278913972, 27.075899967888233 ], [ -82.12694127894288, 27.075899967885842 ], [ -82.127144279001499, 27.075898967880761 ], [ -82.127400279075601, 27.075902967875624 ], [ -82.127551279119558, 27.075912967874494 ], [ -82.127691279160075, 27.07591496787164 ], [ -82.127992279247536, 27.075929967868099 ], [ -82.128287279332582, 27.07592296785938 ], [ -82.128549279408205, 27.075920967852618 ], [ -82.129055279554379, 27.075917967839832 ], [ -82.12946227967214, 27.075921967831082 ], [ -82.129687279736999, 27.075915967824265 ], [ -82.1297182797462, 27.075924967825703 ], [ -82.12972627974915, 27.075944967830424 ], [ -82.129724279749851, 27.075987967841026 ], [ -82.129796279770673, 27.075988967839553 ], [ -82.129805279772299, 27.075956967831452 ], [ -82.129823279776801, 27.075932967825135 ], [ -82.129849279783741, 27.075913967819883 ], [ -82.129864279787583, 27.07589696781536 ], [ -82.129883279792821, 27.075887967812655 ], [ -82.129939279808866, 27.075883967810348 ], [ -82.130262279902183, 27.075880967801915 ], [ -82.130791280055192, 27.075886967790755 ], [ -82.130976280108925, 27.075895967788565 ], [ -82.131357280219945, 27.075925967786826 ], [ -82.131899280376629, 27.075926967774134 ], [ -82.133633280878243, 27.07594296773669 ], [ -82.135737281486357, 27.075942967686466 ], [ -82.135951281547932, 27.075934967679409 ], [ -82.136139281602397, 27.075938967675889 ], [ -82.136390281675347, 27.075951967673078 ], [ -82.136469281698297, 27.075956967672397 ], [ -82.13662228174239, 27.075952967667789 ], [ -82.136706281766777, 27.075955967666502 ], [ -82.136764281783996, 27.075971967669073 ], [ -82.136789281791934, 27.075996967674591 ], [ -82.136805281799141, 27.076081967695107 ], [ -82.136895281825133, 27.076081967692943 ], [ -82.136896281824718, 27.076058967687278 ], [ -82.13691528182845, 27.075998967672081 ], [ -82.136948281837363, 27.075976967665898 ], [ -82.137011281855024, 27.075959967660246 ], [ -82.137079281874421, 27.075950967656368 ], [ -82.137192281906849, 27.075943967651977 ], [ -82.137671282045432, 27.075947967641522 ], [ -82.137896282110404, 27.075944967635419 ], [ -82.13847228227749, 27.075967967627314 ], [ -82.139622282610603, 27.075992967605991 ], [ -82.14020528277895, 27.075987967590869 ], [ -82.140833282960728, 27.075997967578299 ], [ -82.141502283154153, 27.076000967563058 ], [ -82.141804283241186, 27.075992967553905 ], [ -82.143281283667889, 27.075986967517203 ], [ -82.144776284099265, 27.075965967476357 ], [ -82.144962284153152, 27.075970967473133 ], [ -82.145070284184712, 27.075981967473279 ], [ -82.145135284204216, 27.076005967477624 ], [ -82.145164284213394, 27.076032967483545 ], [ -82.145187284221961, 27.076097967498953 ], [ -82.145189284223335, 27.076122967505032 ], [ -82.14530428425654, 27.076121967502051 ], [ -82.145313284257597, 27.076070967489343 ], [ -82.145347284265739, 27.076013967474498 ], [ -82.145396284279215, 27.075990967467678 ], [ -82.14546328429833, 27.07598296746416 ], [ -82.145581284332295, 27.075978967460305 ], [ -82.145923284431248, 27.075982967453157 ], [ -82.147837284984561, 27.075989967409178 ], [ -82.148270285109575, 27.075985967397877 ], [ -82.148744285246735, 27.075991967388003 ], [ -82.149350285421647, 27.075984967371845 ], [ -82.150457285741837, 27.075992967347361 ], [ -82.150511285757261, 27.075987967344847 ], [ -82.150934285879273, 27.075979967332806 ], [ -82.151439286025436, 27.07598796732271 ], [ -82.151494286041611, 27.075996967323572 ], [ -82.151529286052664, 27.076028967330608 ], [ -82.151560286062036, 27.076041967333051 ], [ -82.151578286067846, 27.076063967338008 ], [ -82.151583286069993, 27.0760859673433 ], [ -82.151585286072091, 27.076136967355755 ], [ -82.15169128610269, 27.076136967353236 ], [ -82.151695286102594, 27.076093967342619 ], [ -82.151717286107385, 27.076040967329053 ], [ -82.151752286116661, 27.076013967321593 ], [ -82.151787286126506, 27.076004967318553 ], [ -82.151851286144733, 27.075996967315035 ], [ -82.152159286233712, 27.075994967307217 ], [ -82.152845286432338, 27.076006967293829 ], [ -82.15321228653842, 27.076008967285542 ], [ -82.153440286603768, 27.075990967275661 ], [ -82.15405928678291, 27.075999967263076 ], [ -82.15434228686442, 27.075990967254125 ], [ -82.154958287042561, 27.075995967240644 ], [ -82.155237287123001, 27.075988967232274 ], [ -82.155496287197835, 27.075989967226334 ], [ -82.155536287209344, 27.075987967224876 ], [ -82.155576287220867, 27.075985967223456 ], [ -82.15567528724938, 27.075983967220612 ], [ -82.155824287292404, 27.07598196721657 ], [ -82.156070287363534, 27.075982967210912 ], [ -82.156346287443625, 27.075994967207244 ], [ -82.157484287772604, 27.075997967180832 ], [ -82.158095287949607, 27.076013967170173 ], [ -82.158478288060209, 27.076011967160547 ], [ -82.159094288238464, 27.076020967148011 ], [ -82.159418288332091, 27.076019967140031 ], [ -82.159760288431045, 27.076024967133144 ], [ -82.160089288526095, 27.076024967125306 ], [ -82.161368288896611, 27.076055967102349 ], [ -82.161932289059692, 27.076059967089861 ], [ -82.162302289166888, 27.07606796708296 ], [ -82.162913289343535, 27.076071967069399 ], [ -82.164025289665318, 27.076087967046728 ], [ -82.164645289845012, 27.076105967036366 ], [ -82.164897289917874, 27.076107967030854 ], [ -82.165135289987177, 27.076123967029112 ], [ -82.165336290045587, 27.076137967027755 ], [ -82.165501290094198, 27.076167967031168 ], [ -82.165905290211242, 27.076177967023956 ], [ -82.166284290321073, 27.076187967017379 ], [ -82.1663762903475, 27.076182967013974 ], [ -82.166673290432826, 27.076166967002944 ], [ -82.166850290484263, 27.076176967001139 ], [ -82.16726129060342, 27.076189966994527 ], [ -82.167898290787562, 27.076193966980291 ], [ -82.16813729085689, 27.076201966976544 ], [ -82.168358290920537, 27.07619496696956 ], [ -82.169186291160557, 27.076222966956642 ], [ -82.170080291419197, 27.076232966937788 ], [ -82.170535291551118, 27.076247966930559 ], [ -82.170752291613553, 27.076238966923206 ], [ -82.171113291717774, 27.076235966913856 ], [ -82.17115229172903, 27.076234966912697 ], [ -82.171141291745599, 27.076898967075902 ], [ -82.174062292590548, 27.076930967014032 ], [ -82.175835293103574, 27.076954966977564 ], [ -82.175927293130414, 27.076963966977548 ], [ -82.175966293142025, 27.076974966979371 ], [ -82.176020293158516, 27.077004966985406 ], [ -82.176053293168877, 27.077034966991963 ], [ -82.176076293176635, 27.077071967000517 ], [ -82.17609429318334, 27.077121967012346 ], [ -82.176097293185748, 27.077173967025082 ], [ -82.176088293184577, 27.077220967036833 ], [ -82.17606629317946, 27.077262967047595 ], [ -82.175441293020569, 27.077990967241231 ], [ -82.174697292831084, 27.07884596746884 ], [ -82.17412329268501, 27.079507967644965 ], [ -82.173007292401508, 27.080814967992399 ], [ -82.17243729225639, 27.081471968167254 ], [ -82.171995292143862, 27.081980968302737 ], [ -82.171945292130474, 27.0820169683128 ], [ -82.171897292117166, 27.082034968318304 ], [ -82.171853292104672, 27.082042968321364 ], [ -82.171789292086061, 27.082038968321935 ], [ -82.171729292068079, 27.082017968318187 ], [ -82.17131929194133, 27.081739968259747 ], [ -82.169632291418935, 27.080566968012178 ], [ -82.168973291251234, 27.081328968214933 ], [ -82.170053291585589, 27.082075968372436 ], [ -82.170353291678637, 27.082290968418068 ], [ -82.170393291691468, 27.082332968427419 ], [ -82.170418291700202, 27.082383968439313 ], [ -82.170424291703597, 27.082439968452892 ], [ -82.170410291701188, 27.082493968466515 ], [ -82.170401291699108, 27.082512968471413 ], [ -82.170240291658487, 27.082709968523549 ], [ -82.170065291613923, 27.08291196857731 ], [ -82.170015291600535, 27.082945968586859 ], [ -82.16998729159279, 27.08295796859047 ], [ -82.169925291575183, 27.082968968594674 ], [ -82.169863291557135, 27.082962968594689 ], [ -82.169805291539674, 27.082939968590424 ], [ -82.169555291462473, 27.0827729685554 ], [ -82.168406291106947, 27.081983968389206 ], [ -82.167748290939556, 27.082745968591947 ], [ -82.168265291099473, 27.083099968666499 ], [ -82.168536291183457, 27.083289968706612 ], [ -82.169270291410612, 27.083795968813291 ], [ -82.169845291588729, 27.084196968897917 ], [ -82.16986729159575, 27.084218968902785 ], [ -82.169884291601321, 27.084242968908327 ], [ -82.16990529160897, 27.084295968920799 ], [ -82.16990829161044, 27.084313968925159 ], [ -82.169909291611958, 27.084354968935141 ], [ -82.169893291608972, 27.084410968949307 ], [ -82.169873291604134, 27.084442968957628 ], [ -82.166857290836774, 27.087932969886129 ], [ -82.165321290445704, 27.089700970356741 ], [ -82.165301290440837, 27.089731970364792 ], [ -82.16527529043536, 27.089799970382096 ], [ -82.165267290435153, 27.089871970400011 ], [ -82.165292290464265, 27.090604970579253 ], [ -82.165478290517953, 27.090602970574334 ], [ -82.165797290609532, 27.090582970561787 ], [ -82.166219290731206, 27.090573970549514 ], [ -82.166208290722665, 27.090394970505841 ], [ -82.166212290721575, 27.090319970487315 ], [ -82.166222290723411, 27.090283970478279 ], [ -82.166254290730592, 27.090214970460579 ], [ -82.166276290736008, 27.090183970452415 ], [ -82.16667829083822, 27.089715970328012 ], [ -82.167379291016402, 27.08889897011073 ], [ -82.167551291060491, 27.088709970060265 ], [ -82.167576291067078, 27.088688970054505 ], [ -82.167634291082877, 27.088657970045528 ], [ -82.167684291096975, 27.088644970041113 ], [ -82.167735291111583, 27.088640970038949 ], [ -82.167802291131238, 27.088650970039765 ], [ -82.16786429114994, 27.088676970044649 ], [ -82.168108291225138, 27.088833970077342 ], [ -82.168322291291858, 27.088998970112755 ], [ -82.168417291321262, 27.089064970126678 ], [ -82.168838291451621, 27.089355970188041 ], [ -82.169266291584123, 27.089651970250443 ], [ -82.169999291811067, 27.090158970357294 ], [ -82.17059329199482, 27.09056597044297 ], [ -82.171839292380938, 27.091441970628132 ], [ -82.173068292761229, 27.09228397080539 ], [ -82.174539293217023, 27.093315971023458 ], [ -82.17520829338757, 27.092552970820254 ], [ -82.174435293148122, 27.092012970706215 ], [ -82.173873292974221, 27.091626970624898 ], [ -82.17232229249403, 27.09055297039848 ], [ -82.172881292636134, 27.089901970225366 ], [ -82.170571291920865, 27.088299969887476 ], [ -82.170472291890064, 27.088225969871651 ], [ -82.170392291865141, 27.088165969858881 ], [ -82.170121291781371, 27.087982969820462 ], [ -82.169758291668785, 27.087723969765534 ], [ -82.169201291527571, 27.088385969941328 ], [ -82.168983291460108, 27.088236969909964 ], [ -82.168626291349398, 27.087981969855942 ], [ -82.16860429134239, 27.08795996985106 ], [ -82.168587291336749, 27.087935969845581 ], [ -82.168568291329976, 27.087892969835476 ], [ -82.168563291327985, 27.08787496983118 ], [ -82.168560291325576, 27.087822969818507 ], [ -82.16857529132821, 27.087766969804367 ], [ -82.168590291331768, 27.087740969797636 ], [ -82.169347291524133, 27.086855969562389 ], [ -82.170306291768526, 27.085759969270494 ], [ -82.171286292017925, 27.084627968969311 ], [ -82.172016292243711, 27.085125969074053 ], [ -82.172115292274455, 27.085196969089104 ], [ -82.172644292437894, 27.085552969163853 ], [ -82.172747292469964, 27.085629969180253 ], [ -82.17285229250264, 27.085708969197167 ], [ -82.173236292620757, 27.085948969246829 ], [ -82.174335292961274, 27.086718969409525 ], [ -82.174383292973218, 27.086655969392964 ], [ -82.176733293571047, 27.083932968668609 ], [ -82.177071293657093, 27.083542968564768 ], [ -82.177152293677636, 27.083448968539781 ], [ -82.177390293738227, 27.083173968466646 ], [ -82.178118293963365, 27.083670968571191 ], [ -82.178853294191072, 27.084184968679772 ], [ -82.179586294417859, 27.084688968785922 ], [ -82.179653294434715, 27.084604968763745 ], [ -82.181034294785533, 27.082987968333931 ], [ -82.181779294975073, 27.082125968104588 ], [ -82.181801294980303, 27.082088968095 ], [ -82.18181729498373, 27.082049968085027 ], [ -82.181829294984965, 27.081973968066126 ], [ -82.181834294966109, 27.081292967898833 ], [ -82.182758295233484, 27.081306967880238 ], [ -82.183911295566958, 27.081319967855901 ], [ -82.183898295575801, 27.081740967959469 ], [ -82.183885295575863, 27.08186996799148 ], [ -82.183864295573954, 27.082009968026309 ], [ -82.183828295568361, 27.082169968066406 ], [ -82.183786295560637, 27.082317968103755 ], [ -82.183754295554138, 27.082410968127341 ], [ -82.183676295536856, 27.0825869681724 ], [ -82.183828295582444, 27.082641968182237 ], [ -82.183961295622453, 27.082694968192115 ], [ -82.184064295653812, 27.082749968203121 ], [ -82.18420929569875, 27.082850968224459 ], [ -82.184291295724123, 27.082907968236466 ], [ -82.184719295815654, 27.081830967961949 ], [ -82.189415297174122, 27.08188996786426 ], [ -82.189400297193956, 27.082699968063359 ], [ -82.189398297202644, 27.083010968139739 ], [ -82.18936929720391, 27.083333968219666 ], [ -82.189331297197569, 27.083489968258871 ], [ -82.189230297176778, 27.083769968330014 ], [ -82.1891632971615, 27.083906968365234 ], [ -82.189074297140237, 27.084055968403877 ], [ -82.188882297093329, 27.08434396847916 ], [ -82.188776297066909, 27.084483968516011 ], [ -82.188536297004831, 27.084727968581603 ], [ -82.188299296942546, 27.084935968638316 ], [ -82.188266296933662, 27.084956968644263 ], [ -82.187042296627084, 27.086533969060483 ], [ -82.187004296615626, 27.086517969057496 ], [ -82.186934296595084, 27.086506969056433 ], [ -82.186882296580038, 27.086506969057666 ], [ -82.186775296549598, 27.086521969063934 ], [ -82.186691296526078, 27.086546969072064 ], [ -82.186655296516136, 27.086563969077105 ], [ -82.184544295953984, 27.088162969519914 ], [ -82.183775295749626, 27.088760969684994 ], [ -82.183450295662468, 27.08898596974797 ], [ -82.183233295604069, 27.089130969788755 ], [ -82.182972295533133, 27.089279969831509 ], [ -82.18265829544832, 27.089477969887618 ], [ -82.181530295142295, 27.090143970078021 ], [ -82.181467295125685, 27.090197970092763 ], [ -82.181373295102119, 27.090317970124417 ], [ -82.181205295059399, 27.090513970176552 ], [ -82.181118295037663, 27.090627970206583 ], [ -82.181045295020155, 27.090747970237757 ], [ -82.180994295008844, 27.09086197026701 ], [ -82.180943294999068, 27.091027970308936 ], [ -82.18089529499052, 27.091207970354255 ], [ -82.180872294987836, 27.091339970387203 ], [ -82.180860294993579, 27.091647970463026 ], [ -82.180871295006199, 27.091964970540548 ], [ -82.180853295007793, 27.092190970596477 ], [ -82.180839295005569, 27.092252970611966 ], [ -82.180816295000128, 27.092292970622339 ], [ -82.180689294967578, 27.092432970659722 ], [ -82.180524294927309, 27.092679970724273 ], [ -82.180381294894005, 27.092947970793471 ], [ -82.180252294864999, 27.09322497086449 ], [ -82.180212294856787, 27.093337970893167 ], [ -82.180160294849173, 27.093585970955264 ], [ -82.18012629484501, 27.093775971002717 ], [ -82.180114294845566, 27.093909971035881 ], [ -82.180122294858279, 27.094258971121292 ], [ -82.180123294868665, 27.094597971204436 ], [ -82.180107294868876, 27.094759971244617 ], [ -82.180088294872192, 27.095052971316957 ], [ -82.180103294880226, 27.095177971347233 ], [ -82.180109294889149, 27.095417971405993 ], [ -82.180060294878373, 27.095532971435379 ], [ -82.180045294879363, 27.095709971479156 ], [ -82.180050294884367, 27.095828971508226 ], [ -82.180072294894927, 27.095969971542278 ], [ -82.180107294914478, 27.096287971619514 ], [ -82.180110294920595, 27.096461971662084 ], [ -82.180107294924881, 27.096635971704856 ], [ -82.18007929492623, 27.096951971783049 ], [ -82.180073294935141, 27.097307971870549 ], [ -82.180072294953078, 27.097917972020234 ], [ -82.180065294952797, 27.097975972034597 ], [ -82.180051294950246, 27.098025972047225 ], [ -82.180008294941373, 27.098144972077439 ], [ -82.179988294938056, 27.0982279720983 ], [ -82.179991294941473, 27.098313972119289 ], [ -82.180000294945302, 27.098353972128887 ], [ -82.1800382949598, 27.098472972157218 ], [ -82.180065294972195, 27.098624972193825 ], [ -82.180056294970711, 27.098662972203364 ], [ -82.180044294972006, 27.098821972242657 ], [ -82.180016294976951, 27.099259972350822 ], [ -82.193720298940747, 27.099410972060003 ], [ -82.193940299004367, 27.099412972055216 ], [ -82.196960299877858, 27.09944697199133 ], [ -82.197839300132543, 27.099471971976417 ], [ -82.197994300177328, 27.099471971972715 ], [ -82.199567300632012, 27.099480971937282 ], [ -82.199806300701113, 27.09948397193228 ], [ -82.203190301680067, 27.099527971862102 ], [ -82.203344301724613, 27.099529971858978 ], [ -82.206028302500556, 27.09955097179984 ], [ -82.207777303007006, 27.099591971768056 ], [ -82.208297303157323, 27.099593971756107 ], [ -82.209144303402056, 27.099596971736563 ], [ -82.209209303420835, 27.099596971735025 ], [ -82.209242303430443, 27.099597971734518 ], [ -82.213295304602042, 27.099625971644404 ], [ -82.214712305011929, 27.099644971615142 ], [ -82.219607306427207, 27.099690971509297 ], [ -82.22334130750744, 27.099746971433643 ], [ -82.223825307647417, 27.099753971423748 ], [ -82.23220431006996, 27.099834971243105 ], [ -82.237678311652971, 27.099900971128271 ], [ -82.239859312283386, 27.099919971080737 ], [ -82.242269312980028, 27.099940971028214 ], [ -82.249650315113954, 27.100017970870383 ], [ -82.250554315375311, 27.100027970851222 ], [ -82.25270531599746, 27.100059970807546 ], [ -82.254392316485109, 27.100075970771123 ], [ -82.254564316534868, 27.100077970767479 ], [ -82.26018731816022, 27.100131970646082 ], [ -82.267555320290327, 27.100214970490029 ], [ -82.269390320820676, 27.100232970450534 ], [ -82.270734321209176, 27.10024597042149 ], [ -82.271342321384907, 27.100251970408447 ], [ -82.271435321411786, 27.100252970406466 ], [ -82.27307732188639, 27.100268970371037 ], [ -82.275468322577439, 27.100291970319411 ], [ -82.276846322976013, 27.100314970292061 ], [ -82.277728323231869, 27.100355970281015 ], [ -82.278323323404834, 27.100393970276087 ], [ -82.278850323558245, 27.100435970273761 ], [ -82.279696323805027, 27.100519970274053 ], [ -82.280202323952807, 27.100576970275959 ], [ -82.280728324106718, 27.100643970279787 ], [ -82.28156032435048, 27.100761970288765 ], [ -82.282438324608592, 27.100916970305736 ], [ -82.282719324691172, 27.100965970311009 ], [ -82.283810325012709, 27.101183970338344 ], [ -82.28452932522525, 27.101348970361553 ], [ -82.285095325392788, 27.101486970381831 ], [ -82.285303325454493, 27.1015429703906 ], [ -82.2860923256886, 27.101753970423406 ], [ -82.286668325859836, 27.1019189704501 ], [ -82.28742032608308, 27.102123970482324 ], [ -82.288990326553474, 27.102695970584911 ], [ -82.289359326663984, 27.102829970608916 ], [ -82.307149331992349, 27.10926397175961 ], [ -82.309276332629395, 27.110032971897059 ], [ -82.310960333133536, 27.110635972004491 ], [ -82.311877333407452, 27.110942972057703 ], [ -82.312533333603014, 27.111149972092729 ], [ -82.313462333879187, 27.111415972135614 ], [ -82.313760333967522, 27.111493972147599 ], [ -82.314352334143024, 27.111648972171391 ], [ -82.315000334334741, 27.111803972193851 ], [ -82.315687334537571, 27.111955972214577 ], [ -82.316390334744753, 27.112096972232322 ], [ -82.317084334948845, 27.112223972246767 ], [ -82.317745335142959, 27.112332972257633 ], [ -82.318434335344875, 27.11243497226614 ], [ -82.319137335550522, 27.112524972271331 ], [ -82.319817335749036, 27.112599972273394 ], [ -82.320524335955071, 27.112665972272598 ], [ -82.321196336150564, 27.11271697226897 ], [ -82.321291336178177, 27.11272297226817 ], [ -82.321906336356776, 27.11275797226201 ], [ -82.322593336555855, 27.112784972252143 ], [ -82.323315336764693, 27.112799972238513 ], [ -82.324037336973177, 27.112802972221935 ], [ -82.324719337169796, 27.112793972203388 ], [ -82.325400337365707, 27.112771972181687 ], [ -82.326045337550866, 27.112738972158095 ], [ -82.326720337744348, 27.112693972130881 ], [ -82.327439337950025, 27.112631972098438 ], [ -82.328194338165773, 27.112558972062462 ], [ -82.334528339973019, 27.111859971739303 ], [ -82.335474340242996, 27.111757971691663 ], [ -82.33740934079519, 27.111547971593762 ], [ -82.338547341119792, 27.111418971534906 ], [ -82.339291341332085, 27.111336971496964 ], [ -82.339498341391121, 27.111313971486375 ], [ -82.339683341443887, 27.111293971477021 ], [ -82.34240334222001, 27.110995971338813 ], [ -82.343223342454451, 27.110922971301274 ], [ -82.344873342924714, 27.110723971212945 ], [ -82.34813734385591, 27.110362971046232 ], [ -82.348363343920369, 27.110337971034681 ], [ -82.351514344819478, 27.109995970875282 ], [ -82.352889345212517, 27.109869970811477 ], [ -82.353467345377268, 27.109802970781214 ], [ -82.354575345693874, 27.10969697072866 ], [ -82.355986346097538, 27.109579970666175 ], [ -82.357618346566056, 27.109496970606678 ], [ -82.358896346933633, 27.109455970565982 ], [ -82.35998634724757, 27.109436970535246 ], [ -82.360294347336207, 27.109427970525619 ], [ -82.362450347958358, 27.109428970474134 ], [ -82.368154349605291, 27.109460970345207 ], [ -82.374357351396128, 27.109493970204504 ], [ -82.375302351668935, 27.109498970183047 ], [ -82.376384351981528, 27.109511970160273 ], [ -82.377056352176183, 27.109536970150298 ], [ -82.377584352329748, 27.109576970147454 ], [ -82.377989352448182, 27.109628970150446 ], [ -82.378610352628613, 27.109671970146085 ], [ -82.379635352929256, 27.109834970161401 ], [ -82.380494353182442, 27.110012970184407 ], [ -82.380693353241369, 27.110062970191866 ], [ -82.381371353442461, 27.110245970220426 ], [ -82.382065353649054, 27.11045797025573 ], [ -82.382397353748161, 27.110569970275204 ], [ -82.38273535384937, 27.11069297029719 ], [ -82.383614354113647, 27.111048970363306 ], [ -82.383901354200262, 27.111175970387535 ], [ -82.384347354335446, 27.111391970429736 ], [ -82.384700354442231, 27.111556970461699 ], [ -82.385239354606483, 27.111847970520035 ], [ -82.385504354687356, 27.111996970550138 ], [ -82.386078354863287, 27.112339970620347 ], [ -82.386456354979487, 27.112577970669594 ], [ -82.386750355070077, 27.112770970709835 ], [ -82.387231355218901, 27.113105970780303 ], [ -82.387660355352295, 27.113427970848917 ], [ -82.38853435562784, 27.114206971018696 ], [ -82.388764355700033, 27.11440297106116 ], [ -82.389107355808832, 27.11473197113353 ], [ -82.389367355891679, 27.114991971190928 ], [ -82.389789356026938, 27.115441971291002 ], [ -82.390177356152293, 27.115889971391422 ], [ -82.390832356365578, 27.116700971574303 ], [ -82.390906356389692, 27.116793971595282 ], [ -82.395660357941566, 27.122805972953319 ], [ -82.397092358409338, 27.124628973365287 ], [ -82.398981359025726, 27.127007973902423 ], [ -82.399621359234501, 27.127813974084368 ], [ -82.400821359626164, 27.129326974425965 ], [ -82.401059359703751, 27.129625974493404 ], [ -82.404012360667991, 27.133366975338269 ], [ -82.404321360768904, 27.133758975426851 ], [ -82.405789361248836, 27.135638975851727 ], [ -82.406310361419273, 27.136306976002736 ], [ -82.407131361687632, 27.137356976240046 ], [ -82.40725836172912, 27.137517976276367 ], [ -82.407931361948812, 27.138367976468285 ], [ -82.408694362197863, 27.139332976686088 ], [ -82.40872136220645, 27.139357976691606 ], [ -82.408768362221778, 27.139416976704894 ], [ -82.408874362255744, 27.139530976730242 ], [ -82.409128362338791, 27.139854976803466 ], [ -82.409156362347943, 27.139890976811561 ], [ -82.409321362401897, 27.140102976859509 ], [ -82.410483362781875, 27.141591977196008 ], [ -82.411705363181099, 27.143146977547197 ], [ -82.41504336426739, 27.14725097847127 ], [ -82.415333364360578, 27.147567978541872 ], [ -82.415365364370885, 27.147602978549706 ], [ -82.415945364557203, 27.148235978690639 ], [ -82.416401364703773, 27.148733978801513 ], [ -82.417009364899101, 27.149396978949103 ], [ -82.417093364926046, 27.149488978969604 ], [ -82.417738365132919, 27.150179979123184 ], [ -82.423306366917643, 27.156114980441405 ], [ -82.423382366941979, 27.156194980459112 ], [ -82.423457366966048, 27.156275980477155 ], [ -82.423517366985294, 27.156339980491389 ], [ -82.423649367027636, 27.15648198052293 ], [ -82.424851367415158, 27.15783798082575 ], [ -82.425128367504811, 27.158161980898388 ], [ -82.426235367865033, 27.159518981203707 ], [ -82.426644367998605, 27.160037981320819 ], [ -82.427480368273535, 27.161159981575182 ], [ -82.428088368474903, 27.162022981771642 ], [ -82.429320368885925, 27.163869982193816 ], [ -82.429363368900468, 27.163942982210632 ], [ -82.429848369064231, 27.164734982392726 ], [ -82.430069369139289, 27.165109982479105 ], [ -82.430145369165231, 27.165243982510052 ], [ -82.430902369423933, 27.166581982819164 ], [ -82.431439369610331, 27.167627983062044 ], [ -82.431477369623536, 27.167703983079761 ], [ -82.432097369840051, 27.1689529833703 ], [ -82.432563370005866, 27.169994983613943 ], [ -82.432891370123244, 27.170750983790985 ], [ -82.433071370188486, 27.171193983895023 ], [ -82.433565370369195, 27.172460984192998 ], [ -82.433883370486853, 27.173321984395926 ], [ -82.434154370589326, 27.174127984586526 ], [ -82.434454370704572, 27.175078984811869 ], [ -82.434813370844637, 27.176289985099409 ], [ -82.43492137088775, 27.176687985194171 ], [ -82.435320371053024, 27.178351985591451 ], [ -82.435597371174822, 27.179740985924489 ], [ -82.435753371238746, 27.180367986074064 ], [ -82.437928372199536, 27.191414988722972 ], [ -82.438889372624288, 27.196299989894172 ], [ -82.43899937267291, 27.196860990028675 ], [ -82.439575372927479, 27.199785990729808 ], [ -82.439788373015432, 27.200663990939319 ], [ -82.439872373054726, 27.201161991059081 ], [ -82.439950373086276, 27.201460991130286 ], [ -82.440095373142796, 27.201946991245549 ], [ -82.440370373248655, 27.202825991453789 ], [ -82.44052037330566, 27.203279991561192 ], [ -82.44059137333204, 27.203474991607102 ], [ -82.440693373370067, 27.203758991674089 ], [ -82.440875373436981, 27.204235991786277 ], [ -82.441064373505839, 27.20471099189783 ], [ -82.441262373577246, 27.205182992008435 ], [ -82.442158373896561, 27.207195992478873 ], [ -82.444055374571022, 27.211404993461819 ], [ -82.444634374777351, 27.212704993765534 ], [ -82.445573375112858, 27.214841994265115 ], [ -82.449280376432597, 27.223114996197278 ], [ -82.450163376747213, 27.225094996659735 ], [ -82.450360376818352, 27.225566996770315 ], [ -82.450547376886689, 27.226042996882065 ], [ -82.450767376968514, 27.226648997024824 ], [ -82.450950377038467, 27.227215997158947 ], [ -82.451141377112805, 27.227849997309221 ], [ -82.451309377179896, 27.228465997455661 ], [ -82.45146837724549, 27.229116997610873 ], [ -82.451606377304799, 27.229760997764892 ], [ -82.451732377362447, 27.230462997933362 ], [ -82.451822377406472, 27.231058998076794 ], [ -82.451901377449047, 27.231710998234188 ], [ -82.451961377486498, 27.232376998395495 ], [ -82.452001377517945, 27.233032998554776 ], [ -82.452021377543645, 27.233689998714809 ], [ -82.452024377560406, 27.23421499884304 ], [ -82.452016377573372, 27.234717998966094 ], [ -82.451996377583185, 27.235231999092168 ], [ -82.451965377589445, 27.235733999215562 ], [ -82.451923377592237, 27.236225999336789 ], [ -82.451871377591814, 27.236705999455324 ], [ -82.451808377588151, 27.237183999573659 ], [ -82.451731377581055, 27.237681999697177 ], [ -82.451619377567525, 27.238300999851109 ], [ -82.451292377522108, 27.239914000253098 ], [ -82.450955377473363, 27.241511000651396 ], [ -82.450263377376572, 27.244897001495303 ], [ -82.449878377322833, 27.246785001965868 ], [ -82.449677377297604, 27.247864002234312 ], [ -82.449549377282594, 27.248586002413766 ], [ -82.449464377274808, 27.249137002550405 ], [ -82.449370377268394, 27.249819002719317 ], [ -82.449291377266078, 27.250492002885636 ], [ -82.449217377267132, 27.25123100306789 ], [ -82.449154377271753, 27.251982003252877 ], [ -82.449106377279762, 27.252701003429685 ], [ -82.449062377292279, 27.253531003633469 ], [ -82.449044377301789, 27.254013003751616 ], [ -82.448956377436431, 27.259280005040146 ], [ -82.448910377511794, 27.26219600575341 ], [ -82.448889377559439, 27.263962006185213 ], [ -82.448864377568086, 27.264484006313289 ], [ -82.448853377569009, 27.264619006346532 ], [ -82.448846377601228, 27.265745006621675 ], [ -82.448778377689635, 27.269297007490717 ], [ -82.448774377695969, 27.269542007550665 ], [ -82.448721377774504, 27.272627008305243 ], [ -82.448683377809374, 27.274132008673675 ], [ -82.448634377847299, 27.275844009092861 ], [ -82.448639377872311, 27.276617009281473 ], [ -82.448606377917926, 27.278429009724654 ], [ -82.448610377938422, 27.27906400987964 ], [ -82.44860037796127, 27.279909010086154 ], [ -82.44851537805701, 27.283858011052384 ], [ -82.448409378103818, 27.28639801167499 ], [ -82.448146378184276, 27.291526012933215 ], [ -82.447996378198312, 27.293407013396056 ], [ -82.44799037822753, 27.294422013643956 ], [ -82.447874378266206, 27.296787014224027 ], [ -82.447835378295636, 27.29812201455082 ], [ -82.447830378315018, 27.29880401471739 ], [ -82.447825378365749, 27.300516015135369 ], [ -82.447830378398962, 27.301555015388896 ], [ -82.447816378443193, 27.303138015775549 ], [ -82.447818378557344, 27.306859016683617 ], [ -82.447819378612905, 27.308670017125582 ], [ -82.447818378613945, 27.308713017136096 ], [ -82.447819378615989, 27.308771017150193 ], [ -82.447818378632519, 27.309322017284707 ], [ -82.447812378761498, 27.313601018329035 ], [ -82.447803378773571, 27.314083018446855 ], [ -82.447777378788814, 27.314827018629039 ], [ -82.447686378822823, 27.316800019112716 ], [ -82.447642378850247, 27.318113019434154 ], [ -82.447632378870409, 27.318866019618156 ], [ -82.447622378967694, 27.322145020418411 ], [ -82.447619378971496, 27.32229702045559 ], [ -82.447611378984888, 27.32281002058096 ], [ -82.447578379007382, 27.323858020837424 ], [ -82.447554379017646, 27.324420020975126 ], [ -82.447534379026436, 27.324895021091503 ], [ -82.447468379043272, 27.326068021379285 ], [ -82.447413379050758, 27.326833021567253 ], [ -82.44704537910151, 27.331962022827504 ], [ -82.447008379102229, 27.332335022919448 ], [ -82.446921379118137, 27.333675023248411 ], [ -82.446706379149262, 27.336717023995707 ], [ -82.446649379164427, 27.337751024249318 ], [ -82.446624379163353, 27.337951024298743 ], [ -82.446609379167384, 27.338225024365908 ], [ -82.446599379171758, 27.338462024424004 ], [ -82.446575379182917, 27.339052024568485 ], [ -82.446551379200983, 27.339868024768101 ], [ -82.446526379232779, 27.341142025079492 ], [ -82.44648037926784, 27.3427200254655 ], [ -82.44647037927362, 27.343004025535045 ], [ -82.446449379302848, 27.344157025816745 ], [ -82.44665837936347, 27.344166025813816 ], [ -82.446555379584495, 27.352350027812342 ], [ -82.446522379722197, 27.35715002898365 ], [ -82.446392379799704, 27.36090102990153 ], [ -82.44632837996302, 27.366824031347281 ], [ -82.446297379954189, 27.366828031348987 ], [ -82.446304379962967, 27.367049031402697 ], [ -82.446368379981337, 27.367046031400371 ], [ -82.446539380028824, 27.366987031381829 ], [ -82.446570380037628, 27.36698103137963 ], [ -82.446708380077467, 27.366982031376491 ], [ -82.446796380102953, 27.366985031375066 ], [ -82.446817380314229, 27.373669033004127 ], [ -82.446823380464807, 27.378515034185295 ], [ -82.446838380485673, 27.379052034315851 ], [ -82.446868380509997, 27.379563034439624 ], [ -82.446920380542608, 27.380137034578311 ], [ -82.446978380574706, 27.380636034698501 ], [ -82.447062380616572, 27.381209034836168 ], [ -82.447149380656725, 27.381700034953653 ], [ -82.447258380703218, 27.382190035070447 ], [ -82.447380380753827, 27.382690035189327 ], [ -82.447723380890494, 27.383918035480267 ], [ -82.448037381018992, 27.385151035773109 ], [ -82.448694381280845, 27.387503036330255 ], [ -82.449004381404421, 27.388613036593185 ], [ -82.449327381497753, 27.388619036586785 ], [ -82.450035381702435, 27.38863203657256 ], [ -82.450124381728187, 27.388634036570863 ], [ -82.4514543821128, 27.388665036545873 ], [ -82.452662382461511, 27.388674036518442 ], [ -82.453775382782894, 27.38868303649339 ], [ -82.453922382825297, 27.388684036490023 ], [ -82.455053383151892, 27.388693036464474 ], [ -82.455165383183953, 27.38868703646029 ], [ -82.455680383331668, 27.388660036441099 ], [ -82.455737383348023, 27.388656036438665 ], [ -82.455809383368688, 27.388653036436175 ], [ -82.456748383638057, 27.388604036401247 ], [ -82.458326384088807, 27.388459036327255 ], [ -82.459147384322989, 27.388374036286411 ], [ -82.459492384421438, 27.388338036269158 ], [ -82.459518384428833, 27.388335036267808 ], [ -82.460713384769733, 27.3882110362083 ], [ -82.461463384987127, 27.388246036198439 ], [ -82.463607385605513, 27.388245036145637 ], [ -82.463675385625137, 27.388245036143985 ], [ -82.46382938566957, 27.388245036140219 ], [ -82.463856385677346, 27.388245036139544 ], [ -82.466915386559918, 27.388252036066255 ], [ -82.467368386690652, 27.388254036055638 ], [ -82.468338386970615, 27.388258036032894 ], [ -82.471024387745757, 27.388271035970199 ], [ -82.471116387772298, 27.388271035967922 ], [ -82.471312387828874, 27.388272035963372 ], [ -82.471460387871502, 27.388272035959744 ], [ -82.472267388104413, 27.388276035940933 ], [ -82.472543388184178, 27.388282035935678 ], [ -82.474283388686359, 27.388291035895193 ], [ -82.474355388707124, 27.388291035893438 ], [ -82.474888388860904, 27.388294035881081 ], [ -82.477356389573174, 27.388307035823782 ], [ -82.477805389703292, 27.388327035817653 ], [ -82.478129389796663, 27.388325035809224 ], [ -82.478326389853407, 27.388323035803921 ], [ -82.478404389875919, 27.388322035801718 ], [ -82.478510389906461, 27.38832203579911 ], [ -82.47863138994137, 27.388321035795901 ], [ -82.47873138997015, 27.3883200357932 ], [ -82.478828389998156, 27.388322035791312 ], [ -82.479368390154235, 27.388332035780525 ], [ -82.479838390289359, 27.388318035765607 ], [ -82.480795390565532, 27.38832303574339 ], [ -82.481475390761787, 27.388327035727681 ], [ -82.481520390774776, 27.388327035726601 ], [ -82.482857391160607, 27.388335035695729 ], [ -82.484006391492215, 27.388342035669268 ], [ -82.487090392382242, 27.388361035598304 ], [ -82.488301392731671, 27.388367035570045 ], [ -82.489536393088073, 27.388374035541524 ], [ -82.491300393597101, 27.3883840355007 ], [ -82.491318393602313, 27.388384035500255 ], [ -82.49394739436093, 27.388398035439231 ], [ -82.494000394376201, 27.388398035437934 ], [ -82.494780394601293, 27.388402035419769 ], [ -82.494920394641682, 27.388403035416594 ], [ -82.495045394677788, 27.38840403541376 ], [ -82.495111394696806, 27.38840403541213 ], [ -82.496197395010185, 27.388410035386965 ], [ -82.496216395015651, 27.388410035386496 ], [ -82.496255395026921, 27.388410035385554 ], [ -82.497384395352597, 27.388413035358631 ], [ -82.499837396060173, 27.388419035299943 ], [ -82.500204396166026, 27.388420035291194 ], [ -82.500642396292633, 27.388431035283109 ], [ -82.500818396343675, 27.388440035281004 ], [ -82.501224396460913, 27.388445035272259 ], [ -82.501615396573868, 27.388450035263897 ], [ -82.501638396580574, 27.388453035264046 ], [ -82.505571397728573, 27.388903035277227 ], [ -82.505621397743198, 27.388909035277543 ], [ -82.505704397767133, 27.388910035275714 ], [ -82.509757398936628, 27.388935035182406 ], [ -82.50977739894239, 27.388935035181923 ], [ -82.512825399822376, 27.388968035115198 ], [ -82.512972399864779, 27.388970035112077 ], [ -82.513874400125147, 27.388979035092188 ], [ -82.515220400512931, 27.388967035056226 ], [ -82.518670401508928, 27.389008034981622 ], [ -82.519675401799105, 27.389020034959863 ], [ -82.519983401887998, 27.389024034953326 ], [ -82.520569402056324, 27.389003034933829 ], [ -82.521517402327945, 27.388946034896698 ], [ -82.521999402465511, 27.388901034873896 ], [ -82.522115402498613, 27.38889003486841 ], [ -82.522192402520574, 27.388881034864276 ], [ -82.523249402821648, 27.388762034809382 ], [ -82.523843402990906, 27.388696034778739 ], [ -82.523895403005696, 27.388690034776033 ], [ -82.524089403061225, 27.388676034767833 ], [ -82.524182403087806, 27.388669034763875 ], [ -82.524591403205449, 27.388660034751663 ], [ -82.524929403302536, 27.38864803474042 ], [ -82.524945403307157, 27.388648034740026 ], [ -82.52541540344258, 27.388645034727777 ], [ -82.525718403529979, 27.388647034720826 ], [ -82.525921403588555, 27.388648034716095 ], [ -82.52651340375931, 27.388651034702292 ], [ -82.526646403797685, 27.38865203469928 ], [ -82.527273403978612, 27.388656034684871 ], [ -82.527315403990727, 27.388656034683827 ], [ -82.527717404106724, 27.388659034674703 ], [ -82.528027404196195, 27.388661034667638 ], [ -82.528572404353397, 27.388664034655005 ], [ -82.528766404409382, 27.388665034650479 ], [ -82.528785404414819, 27.388665034650007 ], [ -82.529066404495893, 27.388666034643347 ], [ -82.529564404639572, 27.388669034631871 ], [ -82.529845404720632, 27.388671034625464 ], [ -82.529960404754007, 27.388677034624088 ], [ -82.530046404778915, 27.388682034623194 ], [ -82.530167404814065, 27.388689034621937 ], [ -82.530243404836057, 27.388693034621049 ], [ -82.530322404859149, 27.388702034621289 ], [ -82.530353404868194, 27.388706034621531 ], [ -82.530375404874576, 27.388708034621491 ], [ -82.530474404903472, 27.388720034621958 ], [ -82.530738404980141, 27.388737034619645 ], [ -82.530839405009502, 27.388744034618846 ], [ -82.53151540520571, 27.388787034612744 ], [ -82.531586405226363, 27.388793034612448 ], [ -82.531648405244439, 27.388799034612422 ], [ -82.531768405279337, 27.388809034611889 ], [ -82.531789405285437, 27.388811034611873 ], [ -82.531874405310177, 27.388818034611532 ], [ -82.531886405313642, 27.388819034611469 ], [ -82.531953405333113, 27.388824034611019 ], [ -82.532295405432563, 27.388852034609439 ], [ -82.532336405444383, 27.388852034608433 ], [ -82.533021405643581, 27.388906034604766 ], [ -82.53326140571302, 27.388915034601101 ], [ -82.533309405726925, 27.388917034600432 ], [ -82.533719405845673, 27.388933034594263 ], [ -82.534683406123222, 27.388922034567923 ], [ -82.53524640628531, 27.388915034552411 ], [ -82.535345406313851, 27.388914034549749 ], [ -82.535827406453194, 27.388927034541073 ], [ -82.536125406539341, 27.388935034535734 ], [ -82.537283406874138, 27.388965034514634 ], [ -82.537494406935167, 27.388971034510892 ], [ -82.537847407037233, 27.388980034504463 ], [ -82.537994407079694, 27.388984034501821 ], [ -82.53964040755487, 27.389003034466072 ], [ -82.539896407628731, 27.389006034460522 ], [ -82.539985407654427, 27.389007034458579 ], [ -82.540256407732642, 27.389010034452649 ], [ -82.541217408009828, 27.389014034430048 ], [ -82.54257540840149, 27.389019034397929 ], [ -82.542613408412436, 27.389019034397013 ], [ -82.543001408524546, 27.389027034389464 ], [ -82.543161408570853, 27.389033034386994 ], [ -82.543186408578066, 27.389034034386615 ], [ -82.543576408690853, 27.389046034379998 ], [ -82.543669408717747, 27.38904903437847 ], [ -82.544421408934241, 27.389038034357295 ], [ -82.544734409024457, 27.389037034349389 ], [ -82.546743409604247, 27.389058034305211 ], [ -82.547753409895236, 27.389052034278993 ], [ -82.549968410533367, 27.389039034221462 ], [ -82.550285410624696, 27.38903703421321 ], [ -82.555018411988428, 27.389015034091717 ], [ -82.557682412756961, 27.389035034031224 ], [ -82.559304413224922, 27.389048033994637 ], [ -82.559342413235825, 27.389046033993228 ], [ -82.559600413309767, 27.389033033983711 ], [ -82.560028413432804, 27.389022033970551 ], [ -82.560326413518993, 27.389032033965655 ], [ -82.560337413522205, 27.389032033965389 ], [ -82.560621413604153, 27.389036033959375 ], [ -82.561071413734027, 27.389041033949546 ], [ -82.56142541383619, 27.389044033941634 ], [ -82.561448413842797, 27.389044033941072 ], [ -82.562214414063604, 27.389044033922282 ], [ -82.562225414066802, 27.389044033922016 ], [ -82.56234441410102, 27.389042033918546 ], [ -82.562453414132662, 27.389049033917619 ], [ -82.562999414292378, 27.389125033922717 ], [ -82.563744414507156, 27.389126033904656 ], [ -82.563928414560195, 27.389126033900151 ], [ -82.563981414574954, 27.38910803389447 ], [ -82.564022414586375, 27.389097033890799 ], [ -82.564148414622039, 27.389075033882357 ], [ -82.564364414683723, 27.389055033872175 ], [ -82.564569414742735, 27.389053033866659 ], [ -82.564608414753948, 27.389053033865704 ], [ -82.564619414757132, 27.389053033865437 ], [ -82.565386414978306, 27.389056033847343 ], [ -82.56541641498724, 27.389066033849076 ], [ -82.565480415006419, 27.389089033853097 ], [ -82.565584415037506, 27.389125033859283 ], [ -82.565681415065455, 27.389125033856903 ], [ -82.565943415141035, 27.389126033850726 ], [ -82.566128415194385, 27.389127033846417 ], [ -82.566265415233843, 27.389127033843057 ], [ -82.566280415238211, 27.389127033842691 ], [ -82.566298415243395, 27.389127033842243 ], [ -82.566402415272947, 27.389114033836556 ], [ -82.576804418273582, 27.389193033600517 ], [ -82.579523419057892, 27.38921403353892 ], [ -82.596523423960704, 27.389325033148712 ], [ -82.614024429009831, 27.38951803276613 ], [ -82.616588429749527, 27.389547032710215 ], [ -82.617059429885401, 27.389552032699854 ], [ -82.623623431778981, 27.389625032556456 ], [ -82.624823432124728, 27.389625032526993 ], [ -82.625523432326403, 27.389625032509816 ], [ -82.625722432383782, 27.389626032505166 ], [ -82.631817434141169, 27.389668032365716 ], [ -82.633438434608522, 27.389679032328626 ], [ -82.6397964364416, 27.389722032182984 ], [ -82.639927436479368, 27.389723032179987 ], [ -82.641124436824271, 27.389725032151077 ], [ -82.641157436833751, 27.389725032150263 ], [ -82.642616437254674, 27.389744032119079 ], [ -82.642635437260182, 27.389744032118621 ], [ -82.642835437317714, 27.389742032113208 ], [ -82.644724437861385, 27.389725032062682 ], [ -82.646890438485372, 27.38972503200949 ], [ -82.64932243918598, 27.389725031949762 ], [ -82.649568439256853, 27.389725031943719 ], [ -82.650174439431424, 27.389725031928844 ], [ -82.661336442651788, 27.389887031694101 ], [ -82.682333448704085, 27.390035031214346 ], [ -82.687306450138223, 27.390096031106932 ], [ -82.695628452537221, 27.390171030920733 ], [ -82.698646453407008, 27.390193030851915 ], [ -82.704315455040813, 27.390234030722553 ], [ -82.706183455579108, 27.39024703067982 ], [ -82.825650489993194, 27.391117027953502 ], [ -82.850743497220762, 27.39139402740323 ], [ -82.851493497505473, 27.393625027926856 ], [ -82.852333497828084, 27.396245028542744 ], [ -82.853113498133794, 27.398875029162497 ], [ -82.853883498442158, 27.401685029826222 ], [ -82.854373498642502, 27.403605030280566 ], [ -82.854833498834495, 27.405535030738104 ], [ -82.855333499032156, 27.407275031148444 ], [ -82.855953499257566, 27.408795031502422 ], [ -82.856293499381664, 27.409645031700521 ], [ -82.856763499553722, 27.410835031977925 ], [ -82.859703500635362, 27.418455033756217 ], [ -82.86014350079725, 27.41959503402223 ], [ -82.860633500978793, 27.420905034328275 ], [ -82.860963501102177, 27.421825034543559 ], [ -82.861333501240878, 27.422865034786977 ], [ -82.861623501351261, 27.423735034991047 ], [ -82.863763502028206, 27.425715035419067 ], [ -82.866283502826562, 27.428085035932391 ], [ -82.869283503781872, 27.431065036581874 ], [ -82.872713504879826, 27.434655037368739 ], [ -82.876133505982708, 27.438495038216491 ], [ -82.879533507087274, 27.442575039122833 ], [ -82.882073507918477, 27.445815039846487 ], [ -82.884163508607216, 27.448635040479246 ], [ -82.885903509183777, 27.451085041030822 ], [ -82.88821350995417, 27.454495041801252 ], [ -82.889823510495859, 27.457025042375321 ], [ -82.891753511150156, 27.460215043101638 ], [ -82.893063511597219, 27.462475043617541 ], [ -82.894413512061405, 27.464915044176088 ], [ -82.895283512362354, 27.466545044550067 ], [ -82.899253513739808, 27.474115046288109 ], [ -82.900923514322244, 27.477395047042364 ], [ -82.902653514933533, 27.48104504788477 ], [ -82.904273515514461, 27.484735048739548 ], [ -82.905593515994511, 27.487955049487727 ], [ -82.907013516525481, 27.491885050405461 ], [ -82.907893516876541, 27.495025051145053 ], [ -82.908653517187815, 27.497995051846342 ], [ -82.909133517391723, 27.500105052345951 ], [ -82.909583517581709, 27.502045052805197 ], [ -82.909873517709187, 27.503455053139795 ], [ -82.91062351796387, 27.504705053424232 ], [ -82.911313518201709, 27.505965053712575 ], [ -82.911473518268011, 27.506615053866184 ], [ -82.912973518778088, 27.509135054439795 ], [ -82.916003519813898, 27.514395055639483 ], [ -82.918003520500406, 27.517955056452603 ], [ -82.920813521478365, 27.523385057698704 ], [ -82.922623522118741, 27.527215058581859 ], [ -82.924173522675318, 27.530755059401095 ], [ -82.924743522881485, 27.532105059713992 ], [ -82.925953523326569, 27.535205060434954 ], [ -82.927333523842179, 27.538995061318868 ], [ -82.92878352439584, 27.54335506233895 ], [ -82.93015352494443, 27.548285063499041 ], [ -82.931323525436824, 27.553255064673703 ], [ -82.932403525921259, 27.55879506598853 ], [ -82.932923526172587, 27.56203506676022 ], [ -82.933483526469331, 27.566355067792383 ], [ -82.933910526729363, 27.570722068839146 ], [ -82.93418552691287, 27.574042069636125 ], [ -82.934733527278468, 27.580655071223493 ], [ -82.9349285274305, 27.583704071956785 ], [ -82.935093527601452, 27.58762707290229 ], [ -82.935152527727467, 27.591089073738825 ], [ -82.935105527845892, 27.595279074754153 ], [ -82.934913527922419, 27.599458075770361 ], [ -82.934602527974349, 27.603942076863309 ], [ -82.934178527975462, 27.607843077817979 ], [ -82.933652527946748, 27.611726078770744 ], [ -82.932843527865856, 27.61653507995463 ], [ -82.931933527744093, 27.620965081049285 ], [ -82.93096352759305, 27.625015082053356 ], [ -82.929499527337882, 27.630265083360179 ], [ -82.926772526842626, 27.639404085639242 ], [ -82.925593526621924, 27.643144086573415 ], [ -82.925037526514984, 27.644818086992231 ], [ -82.924093526328221, 27.64749508766338 ], [ -82.923643526237086, 27.648705087967329 ], [ -82.922223525942684, 27.652305088873632 ], [ -82.919863525435332, 27.657715090241172 ], [ -82.91835352510175, 27.660895091048047 ], [ -82.917393524886862, 27.662825091538892 ], [ -82.917213524875024, 27.664085091848076 ], [ -82.916913524851481, 27.66606509233436 ], [ -82.916413524798685, 27.668935093040826 ], [ -82.916203524829356, 27.671805093740041 ], [ -82.916033524854043, 27.674125094305211 ], [ -82.915933524865295, 27.675385094612345 ], [ -82.915813524870458, 27.676635094917533 ], [ -82.9155235248721, 27.679315095572715 ], [ -82.915223524859428, 27.681635096141093 ], [ -82.915213524908637, 27.683275096537791 ], [ -82.915223524938824, 27.684135096745397 ], [ -82.916333525298796, 27.685415097026887 ], [ -82.916823525458113, 27.685995097154734 ], [ -82.917903525809734, 27.687285097439357 ], [ -82.919213526237726, 27.688895097795545 ], [ -82.9205035266599, 27.690505098152155 ], [ -82.921633527032256, 27.691995098483797 ], [ -82.923093527513871, 27.693935098915933 ], [ -82.924243527891377, 27.695405099242191 ], [ -82.925803528376605, 27.696555099480804 ], [ -82.929033529383545, 27.699005099991453 ], [ -82.931743530231984, 27.7011751004475 ], [ -82.936133531612313, 27.704875101230844 ], [ -82.936983531880315, 27.70561510138814 ], [ -82.946333534828128, 27.71374510311631 ], [ -82.948213535421701, 27.715405103469859 ], [ -82.949683535891893, 27.716895103792638 ], [ -82.956883538198326, 27.724295105398063 ], [ -82.95847353870812, 27.725945105756345 ], [ -82.962193539908043, 27.730025106647602 ], [ -82.965503540983988, 27.733915107503144 ], [ -82.969813542399208, 27.739425108724447 ], [ -82.972673543348407, 27.743395109610457 ], [ -82.975293544225408, 27.747265110478303 ], [ -82.977583545000243, 27.750905111298902 ], [ -82.979493545652119, 27.754115112025286 ], [ -82.982153546564717, 27.758735113072831 ], [ -82.987033548207592, 27.766225114756409 ], [ -82.98781354846966, 27.767405115021386 ], [ -82.9899035491772, 27.770735115771778 ], [ -82.992273549987146, 27.774745116679082 ], [ -82.993893550546829, 27.777675117344753 ], [ -82.995363551058901, 27.780465117980444 ], [ -82.996683551523446, 27.783115118586132 ], [ -83.000543552889539, 27.791105120415033 ], [ -83.0032935538635, 27.796815121722108 ], [ -83.006953555193064, 27.805445123709777 ], [ -83.007983555576899, 27.808175124341787 ], [ -83.009293556076088, 27.811985125226872 ], [ -83.010443556524436, 27.815645126079815 ], [ -82.875003517629324, 27.817538129979152 ], [ -82.864385514604734, 27.818504130481873 ], [ -82.854035511612494, 27.818082130642949 ], [ -82.84401850874238, 27.818485130994581 ], [ -82.834836506110676, 27.818835131312163 ], [ -82.83608450651974, 27.820387131655057 ], [ -82.836564506686216, 27.821267131855222 ], [ -82.845938509888953, 27.836959135403333 ], [ -82.842083508774451, 27.836807135464678 ], [ -82.84157750862839, 27.836795135474695 ], [ -82.837620507485241, 27.836664135543689 ], [ -82.836973507298552, 27.836651135556959 ], [ -82.836460507150662, 27.836644135568342 ], [ -82.83649950716422, 27.836717135584941 ], [ -82.836198507081846, 27.836850135624701 ], [ -82.836072507038651, 27.836634135575821 ], [ -82.835898506988613, 27.836636135580729 ], [ -82.835563506891873, 27.836626135586794 ], [ -82.835131506773152, 27.836801135640016 ], [ -82.834725506661385, 27.836960135688699 ], [ -82.834452506571438, 27.8366061356102 ], [ -82.83381250635999, 27.835761135422615 ], [ -82.832801506026243, 27.834432135127663 ], [ -82.828224504688293, 27.833798135091062 ], [ -82.827524504483591, 27.83369913508492 ], [ -82.827259504405916, 27.833656135081277 ], [ -82.827129504368116, 27.833643135081456 ], [ -82.826534504194072, 27.833558135076068 ], [ -82.821728502740854, 27.831390134675054 ], [ -82.820381502333575, 27.830783134562797 ], [ -82.818921501870818, 27.829464134281547 ], [ -82.818068501600536, 27.828695134117659 ], [ -82.817030501308665, 27.828911134196169 ], [ -82.811530499800114, 27.831240134897964 ], [ -82.811507499805998, 27.831628134992165 ], [ -82.811506499836369, 27.832582135222445 ], [ -82.811519499850121, 27.83289413529743 ], [ -82.811650499928419, 27.834156135598644 ], [ -82.81168449995856, 27.834788135750298 ], [ -82.811720499989107, 27.835417135901189 ], [ -82.811684500006407, 27.836276136109376 ], [ -82.811689500125809, 27.839943136994137 ], [ -82.811697500154338, 27.840759137190833 ], [ -82.811691500186328, 27.841806137443591 ], [ -82.811697500198591, 27.842134137522617 ], [ -82.811701500207818, 27.842385137583051 ], [ -82.811700500214272, 27.842595137633751 ], [ -82.81169750022751, 27.843032137739304 ], [ -82.811694500245451, 27.843617137880518 ], [ -82.811464500179127, 27.843613137885402 ], [ -82.810788499984127, 27.843601137899693 ], [ -82.810760499976197, 27.84360513790136 ], [ -82.809639499652945, 27.843589137926042 ], [ -82.809274499547342, 27.84357313793145 ], [ -82.809214499530057, 27.843573137932964 ], [ -82.809147499510587, 27.843568137933467 ], [ -82.808494499322336, 27.843560137948117 ], [ -82.808110499211708, 27.843558137957395 ], [ -82.807938499162105, 27.843556137961304 ], [ -82.807582499059507, 27.843553137969614 ], [ -82.807176498942511, 27.843550137979232 ], [ -82.806823498840572, 27.843539137985527 ], [ -82.806607498778277, 27.843537137990555 ], [ -82.805535498469681, 27.843537138017805 ], [ -82.805454498439403, 27.843322137968013 ], [ -82.804224498084551, 27.843300137993982 ], [ -82.804237498095276, 27.843517138045982 ], [ -82.804132498065002, 27.84351513804819 ], [ -82.803665497930325, 27.843509138058611 ], [ -82.80357449790408, 27.843508138060681 ], [ -82.803542497894853, 27.843507138061263 ], [ -82.803449497867518, 27.843489138059269 ], [ -82.803411497856516, 27.843488138060003 ], [ -82.802868497699563, 27.843469138069214 ], [ -82.80263349763203, 27.843472138075906 ], [ -82.802407497567032, 27.843474138082186 ], [ -82.802091497475743, 27.843465138088014 ], [ -82.801988497446033, 27.84346413809039 ], [ -82.801730497371736, 27.843463138096723 ], [ -82.801285497243356, 27.843455138106119 ], [ -82.800813497107214, 27.843447138116161 ], [ -82.800613497049582, 27.843446138121017 ], [ -82.800297496958535, 27.843444138128568 ], [ -82.800168496921302, 27.843442138131358 ], [ -82.799415496704313, 27.843436138149055 ], [ -82.798981496579287, 27.843435138159855 ], [ -82.798582496463823, 27.843416138165413 ], [ -82.798069496313744, 27.843343138160865 ], [ -82.797903496264638, 27.843301138154935 ], [ -82.797709496207375, 27.843258138149483 ], [ -82.797374496106727, 27.84312813812663 ], [ -82.797258496071692, 27.843077138117295 ], [ -82.797021495999672, 27.842960138095091 ], [ -82.796643495883842, 27.842742138052078 ], [ -82.796318495782558, 27.842503138002623 ], [ -82.795318495471079, 27.841771137851438 ], [ -82.794293495152658, 27.841048137703027 ], [ -82.793681494961547, 27.840585137606809 ], [ -82.793325494850492, 27.840319137551663 ], [ -82.793150494796606, 27.840211137530105 ], [ -82.79246749458845, 27.839853137461056 ], [ -82.791999494449598, 27.839726137442259 ], [ -82.791583494328222, 27.83967613744079 ], [ -82.791330494254751, 27.83965613744239 ], [ -82.791268494236789, 27.839653137443257 ], [ -82.790151493913868, 27.839614137462199 ], [ -82.789376493690568, 27.839609137480714 ], [ -82.789022493588561, 27.839607137489232 ], [ -82.78818149334586, 27.839590137506491 ], [ -82.787066493024881, 27.839594137535794 ], [ -82.785666492620237, 27.83954613755979 ], [ -82.78459349230981, 27.839502137576435 ], [ -82.783238491918439, 27.839464137601688 ], [ -82.783038491860665, 27.839459137605552 ], [ -82.781470491407461, 27.839406137632654 ], [ -82.781246491342756, 27.839399137636672 ], [ -82.779973490974754, 27.839356137658626 ], [ -82.779031490703019, 27.839342137679168 ], [ -82.774442489381812, 27.839352137798173 ], [ -82.77424048932356, 27.839347137802111 ], [ -82.77405648927035, 27.839342137805591 ], [ -82.774028489262321, 27.839343137806534 ], [ -82.770926488369071, 27.839345137885839 ], [ -82.770747488317511, 27.839345137890394 ], [ -82.770535488256471, 27.839345137895776 ], [ -82.770149488145378, 27.839347137906053 ], [ -82.769977488095876, 27.839348137910672 ], [ -82.769642487999988, 27.839367137923777 ], [ -82.769291487898869, 27.839365137932216 ], [ -82.767972487518804, 27.839359137964301 ], [ -82.767455487369688, 27.839353137975959 ], [ -82.766548487108508, 27.839353137998984 ], [ -82.765790486890225, 27.839354138018543 ], [ -82.764402486491235, 27.839376138059137 ], [ -82.763973486367618, 27.83937613807004 ], [ -82.763625486267145, 27.839367138076685 ], [ -82.762910486061159, 27.839366138094594 ], [ -82.762158485844836, 27.83937313811537 ], [ -82.761308485599116, 27.839345138130209 ], [ -82.760697485422583, 27.839327138141385 ], [ -82.759952485207265, 27.839303138154534 ], [ -82.75936048503651, 27.839295138167657 ], [ -82.758119484678204, 27.839269138192908 ], [ -82.758056484660017, 27.83926713819406 ], [ -82.757814484590128, 27.83926113819869 ], [ -82.757671484548823, 27.839257138201372 ], [ -82.75671548427249, 27.83922713821844 ], [ -82.756495484208855, 27.839219138222113 ], [ -82.756208484126432, 27.839225138230837 ], [ -82.755331483873093, 27.839202138247565 ], [ -82.754317483579655, 27.839158138262697 ], [ -82.7538554834465, 27.839156138273975 ], [ -82.752182482964201, 27.839143138313311 ], [ -82.752040482923235, 27.839142138316678 ], [ -82.751900482882903, 27.839141138319995 ], [ -82.752158482941354, 27.838647138194176 ], [ -82.752496483019982, 27.838064138044842 ], [ -82.752750483058236, 27.836979137776449 ], [ -82.752733483052879, 27.836965137773483 ], [ -82.752703483043092, 27.836929137765591 ], [ -82.750001482217712, 27.835462137480043 ], [ -82.748426481734185, 27.83453313729574 ], [ -82.747896481571857, 27.834232137236537 ], [ -82.746680481193948, 27.833371137059537 ], [ -82.746460481126746, 27.833251137036097 ], [ -82.746367481099014, 27.833221137031249 ], [ -82.746273481070943, 27.833192137026643 ], [ -82.74491448065433, 27.832408136871855 ], [ -82.744350480481685, 27.832090136809377 ], [ -82.744049480389435, 27.831917136775235 ], [ -82.743826480327556, 27.831990136798513 ], [ -82.743596480261729, 27.832005136808 ], [ -82.743346480187896, 27.831948136800609 ], [ -82.743408480203811, 27.831887136784289 ], [ -82.74353848024235, 27.831920136788934 ], [ -82.743712480292473, 27.831920136784507 ], [ -82.743606480257867, 27.831794136756809 ], [ -82.743210480130742, 27.831387136668599 ], [ -82.74309948009379, 27.831233136634214 ], [ -82.742950480038914, 27.830859136547687 ], [ -82.7428074799911, 27.830655136502049 ], [ -82.742776479976385, 27.830474136459131 ], [ -82.742671479937115, 27.830193136393966 ], [ -82.74254147989528, 27.830056136364188 ], [ -82.742522479887853, 27.82999513634994 ], [ -82.742522479881345, 27.82979213630092 ], [ -82.742749479946653, 27.829790136294665 ], [ -82.742742479938528, 27.829601136249185 ], [ -82.742701479910295, 27.829088136126412 ], [ -82.742786479919261, 27.828606136007817 ], [ -82.743027479976959, 27.828241135913579 ], [ -82.742918479943896, 27.828190135904052 ], [ -82.742751479894721, 27.828155135899802 ], [ -82.742587479851636, 27.828284135935135 ], [ -82.742540479841821, 27.828400135964319 ], [ -82.742515479833159, 27.828356135954323 ], [ -82.742534479835669, 27.828263135931412 ], [ -82.74263447986128, 27.828163135904681 ], [ -82.74073047931472, 27.82822213596728 ], [ -82.740564479267078, 27.828227135972668 ], [ -82.740243479174467, 27.828223135979879 ], [ -82.739940479087267, 27.828225135988042 ], [ -82.739100478845515, 27.8282311360108 ], [ -82.73831947862061, 27.828233136031162 ], [ -82.737860478488628, 27.828240136044485 ], [ -82.737180478292274, 27.828226136058323 ], [ -82.737108478271651, 27.82822913606088 ], [ -82.736848478197174, 27.828241136070403 ], [ -82.736676478147842, 27.828249136076682 ], [ -82.736688478139897, 27.827893135990394 ], [ -82.73670347812876, 27.82741313587411 ], [ -82.736698478106689, 27.826770135719002 ], [ -82.736711478079627, 27.825809135486573 ], [ -82.736706478074623, 27.825700135460377 ], [ -82.73671547806471, 27.825310135365989 ], [ -82.736710478040237, 27.824591135192478 ], [ -82.736712478017935, 27.82387913502043 ], [ -82.736711477993026, 27.823112134835242 ], [ -82.73672147798564, 27.822793134757951 ], [ -82.736728477972306, 27.822315134642338 ], [ -82.736732477964281, 27.822027134572689 ], [ -82.736731477963119, 27.822000134566196 ], [ -82.736718477945132, 27.821557134459525 ], [ -82.736700477920422, 27.820949134313143 ], [ -82.736169477767618, 27.82095313432756 ], [ -82.735068477450312, 27.820948134354296 ], [ -82.734714477348518, 27.820954134364726 ], [ -82.734319477234919, 27.820960134376225 ], [ -82.733869477105316, 27.820961134387872 ], [ -82.733847477098962, 27.82096113438843 ], [ -82.733694477054939, 27.820961134392299 ], [ -82.733270476932603, 27.820955134401601 ], [ -82.733118476888833, 27.820956134405687 ], [ -82.733058476871562, 27.820957134407447 ], [ -82.732587476736015, 27.82096113442039 ], [ -82.731842476520995, 27.820948134436126 ], [ -82.731559476439841, 27.820958134445707 ], [ -82.730506476136895, 27.820971134475577 ], [ -82.7295334758563, 27.820960134497621 ], [ -82.728487475554829, 27.820956134523126 ], [ -82.728511475536664, 27.820175134333937 ], [ -82.728533475523463, 27.819566134186282 ], [ -82.728530475509174, 27.819148134085367 ], [ -82.728533475492469, 27.818600133952952 ], [ -82.728525475478136, 27.818224133862334 ], [ -82.728534475451227, 27.817305133640094 ], [ -82.728558475428727, 27.816388133418002 ], [ -82.728564475417329, 27.815978133318815 ], [ -82.728572475404661, 27.815511133205852 ], [ -82.728557475368689, 27.814525132968054 ], [ -82.728567475352136, 27.8139191328214 ], [ -82.728581475347028, 27.813633132751963 ], [ -82.728580475317258, 27.812715132530201 ], [ -82.728580475314459, 27.812628132509182 ], [ -82.728575475288736, 27.811870132326256 ], [ -82.728574475279345, 27.811586132257641 ], [ -82.728574475257545, 27.810906132093404 ], [ -82.730673475862318, 27.810911132041404 ], [ -82.730673475861394, 27.810882132034418 ], [ -82.730675475856742, 27.810717131994533 ], [ -82.730679475848177, 27.810414131921185 ], [ -82.729394475477932, 27.810411131953042 ], [ -82.729390475469117, 27.81017413189586 ], [ -82.728582475237047, 27.810193131920947 ], [ -82.728581475230499, 27.809998131873893 ], [ -82.728587475224003, 27.809742131811866 ], [ -82.728590475219335, 27.809570131770283 ], [ -82.728592475217113, 27.809482131748958 ], [ -82.728602475207026, 27.809079131651337 ], [ -82.728600475177629, 27.808179131433981 ], [ -82.728627475158106, 27.807326131227232 ], [ -82.728625475143915, 27.806903131125079 ], [ -82.728638475129827, 27.806346130990157 ], [ -82.727957474934115, 27.806360131010834 ], [ -82.726191474425491, 27.806364131056522 ], [ -82.725557474242834, 27.806363131072345 ], [ -82.725071474102933, 27.806365131085151 ], [ -82.724551473953156, 27.806365131098321 ], [ -82.724010473797449, 27.806371131113522 ], [ -82.722490473359542, 27.806369131151488 ], [ -82.720988472927047, 27.806376131191261 ], [ -82.720920472922955, 27.806859131309668 ], [ -82.720756472890244, 27.807312131423249 ], [ -82.720640472861021, 27.807443131457838 ], [ -82.720480472828044, 27.807851131560479 ], [ -82.720395472814616, 27.80819713164626 ], [ -82.719419472534213, 27.808220131676553 ], [ -82.719066472432388, 27.80821713168476 ], [ -82.718376472233558, 27.808216131701968 ], [ -82.71802447213237, 27.808222131712348 ], [ -82.717575472003489, 27.808236131727085 ], [ -82.716763471769426, 27.808232131746699 ], [ -82.715920471526388, 27.80822713176687 ], [ -82.715358471364894, 27.80824013178426 ], [ -82.713937470955116, 27.808227131817109 ], [ -82.713124470721098, 27.808233131839142 ], [ -82.712763470617332, 27.80824013185001 ], [ -82.712718470604372, 27.8082411318514 ], [ -82.712455470528624, 27.8082421318583 ], [ -82.712274470476487, 27.80824213186288 ], [ -82.712087470425118, 27.808320131886433 ], [ -82.711235470179531, 27.808316131907052 ], [ -82.709746469750641, 27.80831913194551 ], [ -82.709525469686255, 27.808297131945803 ], [ -82.709398469647766, 27.808238131934743 ], [ -82.709372469640243, 27.808237131935162 ], [ -82.708988469529658, 27.808238131945124 ], [ -82.708620469423693, 27.808239131954736 ], [ -82.708330469340126, 27.80823913196209 ], [ -82.708208469305049, 27.808240131965412 ], [ -82.708202469334509, 27.809215132201128 ], [ -82.708196469352046, 27.809815132346269 ], [ -82.708199469354483, 27.809865132358251 ], [ -82.708227469368168, 27.810040132399855 ], [ -82.708263469385912, 27.810270132454491 ], [ -82.708264469388283, 27.810335132470168 ], [ -82.708258469401628, 27.810805132583841 ], [ -82.708255469414638, 27.811237132688333 ], [ -82.708252469425659, 27.811607132777784 ], [ -82.708250469431448, 27.811808132826389 ], [ -82.708249469437675, 27.812011132875472 ], [ -82.708248469440477, 27.812108132898896 ], [ -82.708244469448374, 27.81239013296717 ], [ -82.708243469454274, 27.812583133013771 ], [ -82.708241469460503, 27.812795133065066 ], [ -82.708240469471079, 27.813134133147013 ], [ -82.708237469475776, 27.813307133188893 ], [ -82.708235469483981, 27.813580133254895 ], [ -82.708250469491858, 27.813693133281816 ], [ -82.708038469431784, 27.813723133294413 ], [ -82.707733469343935, 27.813723133302151 ], [ -82.707065469151445, 27.813723133319069 ], [ -82.706137468883981, 27.813719133341625 ], [ -82.704086468292715, 27.813708133390943 ], [ -82.704087468268852, 27.812954133208756 ], [ -82.704083468266148, 27.812908133197759 ], [ -82.704087468264831, 27.812829133178543 ], [ -82.704085468263088, 27.812792133169683 ], [ -82.703038467961377, 27.812792133196208 ], [ -82.702564467825184, 27.812803133210856 ], [ -82.702058467679521, 27.81280813322487 ], [ -82.701405467491156, 27.812801133239752 ], [ -82.700048467100572, 27.812813133277064 ], [ -82.700031467124603, 27.813715133495421 ], [ -82.69953946698277, 27.813712133507178 ], [ -82.697915466514615, 27.813706133546834 ], [ -82.696240466032293, 27.813714133591265 ], [ -82.695939465945642, 27.813716133599364 ], [ -82.695937465949839, 27.813865133635371 ], [ -82.695695465884569, 27.814004133675144 ], [ -82.69391946540334, 27.814956133950147 ], [ -82.693876465385856, 27.81479713391284 ], [ -82.693783465359232, 27.81480213391637 ], [ -82.693486465278596, 27.814956133961125 ], [ -82.693028465151173, 27.815099134007248 ], [ -82.692966465129132, 27.814967133976918 ], [ -82.69288046510313, 27.814929133969976 ], [ -82.692626465029036, 27.81490113396961 ], [ -82.692471464983328, 27.814868133965575 ], [ -82.692335464946254, 27.81493413398498 ], [ -82.692280464930377, 27.814934133986355 ], [ -82.692224464912726, 27.81488513397596 ], [ -82.692082464872811, 27.814918133987486 ], [ -82.691828464799627, 27.814918133993938 ], [ -82.691797464792842, 27.814984134010675 ], [ -82.691809464802077, 27.815165134054098 ], [ -82.691846464816464, 27.815281134081186 ], [ -82.691835464814361, 27.815315134089705 ], [ -82.691778464803761, 27.815496134134882 ], [ -82.691723464791053, 27.815595134160183 ], [ -82.691642464767213, 27.815578134158095 ], [ -82.691642464764399, 27.815490134136894 ], [ -82.691618464753418, 27.815364134107035 ], [ -82.691580464740525, 27.815303134093231 ], [ -82.691494464712719, 27.815209134072706 ], [ -82.69150646471337, 27.81512113405114 ], [ -82.691481464702278, 27.815000134022569 ], [ -82.691450464690504, 27.814912134002096 ], [ -82.691358464662244, 27.814857133991076 ], [ -82.691333464654193, 27.814830133985218 ], [ -82.691197464615868, 27.814857133995186 ], [ -82.691129464600692, 27.814995134030298 ], [ -82.691098464595839, 27.815121134061496 ], [ -82.691098464599548, 27.815237134089497 ], [ -82.691166464626363, 27.815463134142387 ], [ -82.691147464625999, 27.815622134181258 ], [ -82.691116464621444, 27.815760134215466 ], [ -82.691017464595774, 27.815848134239186 ], [ -82.690801464534559, 27.815881134252635 ], [ -82.690716464509606, 27.815865134250931 ], [ -82.690621464481637, 27.815848134249222 ], [ -82.690514464450942, 27.815851134252707 ], [ -82.690448464431981, 27.815853134254841 ], [ -82.690207464361137, 27.81580913425033 ], [ -82.689902464273558, 27.815818134260212 ], [ -82.68982346425085, 27.815820134262701 ], [ -82.689656464203637, 27.815848134273676 ], [ -82.689223464077585, 27.815809134275263 ], [ -82.688852463970363, 27.815798134281962 ], [ -82.688555463885493, 27.81582013429481 ], [ -82.688171463775021, 27.815826134306054 ], [ -82.688115463760624, 27.815881134320726 ], [ -82.688085463754817, 27.815969134342765 ], [ -82.688109463762601, 27.815996134348648 ], [ -82.687787463676173, 27.816194134404668 ], [ -82.687738463662129, 27.816198134406875 ], [ -82.687546463607447, 27.816217134416352 ], [ -82.687511463597346, 27.816217134417215 ], [ -82.686323463221015, 27.815155134190736 ], [ -82.68529746289488, 27.814204133986891 ], [ -82.684980462789596, 27.813769133889831 ], [ -82.683633462372569, 27.81286813370626 ], [ -82.683483462320652, 27.812597133644555 ], [ -82.681574461716977, 27.810923133288433 ], [ -82.679514461063718, 27.809062132890883 ], [ -82.679509461054892, 27.808832132835434 ], [ -82.679503461042827, 27.808509132757543 ], [ -82.678780460829984, 27.808368132741734 ], [ -82.678314460682515, 27.807957132654206 ], [ -82.677680460481596, 27.807387132532543 ], [ -82.676668460161466, 27.806498132343297 ], [ -82.675749459869138, 27.805639132158976 ], [ -82.675672459844861, 27.805573132144964 ], [ -82.675186459690124, 27.805115132046602 ], [ -82.673677459213025, 27.803796131765978 ], [ -82.672296458776472, 27.802590131509486 ], [ -82.671364458482444, 27.801796131341135 ], [ -82.671351458501775, 27.802516131515493 ], [ -82.670740458309325, 27.802006131407726 ], [ -82.670706458298724, 27.801980131402306 ], [ -82.669332457862239, 27.800714131131038 ], [ -82.668939457736656, 27.800329131047928 ], [ -82.668714457666013, 27.800148131009873 ], [ -82.668421457572933, 27.799878130952028 ], [ -82.667699457344696, 27.799248130818 ], [ -82.667285457225546, 27.799252130829441 ], [ -82.666803457086701, 27.799253130841887 ], [ -82.66676345707522, 27.799255130843356 ], [ -82.666724457063822, 27.799251130843405 ], [ -82.666273456933794, 27.799249130854339 ], [ -82.665757456785158, 27.799251130867859 ], [ -82.665494456709411, 27.799253130875016 ], [ -82.665272456645582, 27.7992561308814 ], [ -82.665202456625224, 27.799252130882159 ], [ -82.665123456602387, 27.799249130883446 ], [ -82.664866456528756, 27.799261130892859 ], [ -82.664845456522571, 27.799258130892667 ], [ -82.664834456507293, 27.798880130801571 ], [ -82.664817456485764, 27.798361130676557 ], [ -82.664817456458152, 27.797498130467886 ], [ -82.665280456590295, 27.797457130446325 ], [ -82.665268456575575, 27.797106130361758 ], [ -82.665273456556136, 27.79645213020353 ], [ -82.665244456522558, 27.795665130014012 ], [ -82.665610456631114, 27.795760130027709 ], [ -82.664534456258266, 27.793798129580612 ], [ -82.664015456078431, 27.792852129365059 ], [ -82.663634455940169, 27.791962129159565 ], [ -82.663154455802015, 27.791967129172903 ], [ -82.661763455400688, 27.791953129204678 ], [ -82.661723455389037, 27.791949129204728 ], [ -82.661481455319333, 27.791951129211323 ], [ -82.661091455206858, 27.791948129220472 ], [ -82.660663455083636, 27.791952129232257 ], [ -82.660500455036711, 27.791953129236624 ], [ -82.660334454988856, 27.79195412924107 ], [ -82.659071454625149, 27.791963129275199 ], [ -82.658664454507942, 27.79196512928597 ], [ -82.658205454375945, 27.791974129299735 ], [ -82.658103454346346, 27.79196812930088 ], [ -82.656973454021241, 27.791985129333579 ], [ -82.654927453433345, 27.792040129398604 ], [ -82.65460245333901, 27.792019129401741 ], [ -82.653776453101273, 27.792029129425075 ], [ -82.652855452836462, 27.792050129453415 ], [ -82.651871452552868, 27.792050129478284 ], [ -82.650823452251316, 27.792065129508419 ], [ -82.649759451944746, 27.792067129535805 ], [ -82.647779451374845, 27.792091129591675 ], [ -82.647227451215826, 27.792094129606369 ], [ -82.64670445106529, 27.792100129621062 ], [ -82.645858450820739, 27.792079129637376 ], [ -82.644667450477783, 27.792089129669883 ], [ -82.64272344991825, 27.792113129724836 ], [ -82.642680449905953, 27.792116129726654 ], [ -82.642643449895161, 27.792113129726861 ], [ -82.64161344959885, 27.792129129756805 ], [ -82.640569449298567, 27.792149129788054 ], [ -82.640091449160394, 27.792137129797208 ], [ -82.639867449095689, 27.792133129801911 ], [ -82.639051448860542, 27.792134129822777 ], [ -82.638548448715198, 27.792122129832631 ], [ -82.637976448551044, 27.792146129852888 ], [ -82.637518448418575, 27.792131129860831 ], [ -82.636472448117814, 27.792155129893075 ], [ -82.634416447525524, 27.792165129947502 ], [ -82.632937447099408, 27.792172129986575 ], [ -82.632384446940364, 27.792182130002949 ], [ -82.632000446830219, 27.792199130016783 ], [ -82.631648446727851, 27.792172130019168 ], [ -82.63033444634992, 27.792197130058426 ], [ -82.629026445972798, 27.792194130090792 ], [ -82.628790445912188, 27.792427130153072 ], [ -82.626905445356869, 27.792053130110325 ], [ -82.626849445342273, 27.792101130123349 ], [ -82.626336445198149, 27.792219130164835 ], [ -82.623241444223936, 27.789652129622283 ], [ -82.623219444217398, 27.789646129621396 ], [ -82.622551444018143, 27.789437129587697 ], [ -82.622359443959155, 27.789322129564749 ], [ -82.622282443931709, 27.789159129527285 ], [ -82.620838443508461, 27.788940129510795 ], [ -82.620323443347075, 27.788536129426095 ], [ -82.619523443096455, 27.787909129294729 ], [ -82.6100434403631, 27.787896129531134 ], [ -82.60412143865554, 27.78788912967909 ], [ -82.601778438031303, 27.789495130126735 ], [ -82.598241437161761, 27.794196131353196 ], [ -82.597174436954489, 27.797335132139334 ], [ -82.558421425785113, 27.797509133161007 ], [ -82.553373424201382, 27.793509132320764 ], [ -82.54990942316411, 27.792311132118428 ], [ -82.546721422209387, 27.79120913193228 ], [ -82.541821420687498, 27.787809131233278 ], [ -82.540621420252037, 27.785009130585966 ], [ -82.541521420422285, 27.782209129885594 ], [ -82.543421420820366, 27.777510128700438 ], [ -82.54482142112856, 27.774510127938942 ], [ -82.546351421454332, 27.770887127023414 ], [ -82.546721421533064, 27.77001012680185 ], [ -82.547221421645389, 27.769010126547155 ], [ -82.549294422091194, 27.764238125339762 ], [ -82.551405422545386, 27.75938212411096 ], [ -82.553121422920157, 27.755610123154586 ], [ -82.558925424199344, 27.743207120005383 ], [ -82.562240424926983, 27.736025118182834 ], [ -82.566369425833543, 27.727081115912952 ], [ -82.567530426088524, 27.724569115275344 ], [ -82.569998426630562, 27.719224113918731 ], [ -82.57771042835995, 27.703640109950005 ], [ -82.579352428741373, 27.700737109205498 ], [ -82.580478429002895, 27.698745108694574 ], [ -82.582622429456904, 27.693561107384806 ], [ -82.584190429794944, 27.68996110647317 ], [ -82.585006429961837, 27.687801105929331 ], [ -82.605391434492844, 27.645211095095995 ], [ -82.605764434575761, 27.644432094897859 ], [ -82.560414421525522, 27.645194096216539 ], [ -82.558436420957435, 27.645266096283411 ], [ -82.554109419710841, 27.64530009639979 ], [ -82.553999419680466, 27.645343096412972 ], [ -82.55366941958934, 27.645470096452051 ], [ -82.553549419554656, 27.645469096454818 ], [ -82.553467419531046, 27.645468096456622 ], [ -82.553278419476115, 27.645456096458393 ], [ -82.553069419415721, 27.645451096462445 ], [ -82.551277418899431, 27.645467096511133 ], [ -82.551168418868059, 27.645467096513844 ], [ -82.549987418529639, 27.645536096560107 ], [ -82.549551418404747, 27.645562096577294 ], [ -82.549148418288439, 27.645559096586634 ], [ -82.548314418047738, 27.645552096605815 ], [ -82.548183418009913, 27.645551096608841 ], [ -82.540646415834459, 27.645489096782164 ], [ -82.539987415644376, 27.645487096798149 ], [ -82.539824415597366, 27.645487096802221 ], [ -82.537442414910231, 27.645481096860259 ], [ -82.537199414840146, 27.645481096866341 ], [ -82.536444414622366, 27.645479096884717 ], [ -82.534174413967506, 27.645473096940009 ], [ -82.532539413495854, 27.645469096979902 ], [ -82.531712413257267, 27.645467097000097 ], [ -82.531670413245209, 27.645467097001156 ], [ -82.525693411519313, 27.645403097134967 ], [ -82.525096411347789, 27.645422097154508 ], [ -82.524950411305795, 27.645427097159349 ], [ -82.524753411248966, 27.645427097164273 ], [ -82.518513409449241, 27.645428097320416 ], [ -82.499820404057402, 27.64543009778793 ], [ -82.49867540372901, 27.64549109783135 ], [ -82.498492403676536, 27.64550109783832 ], [ -82.49698940324302, 27.645503097876357 ], [ -82.496910403220269, 27.645503097878315 ], [ -82.488580400820013, 27.645592098107986 ], [ -82.488379400762085, 27.645594098113477 ], [ -82.475115396939827, 27.645735098479033 ], [ -82.469435395302938, 27.645796098635632 ], [ -82.468581395056802, 27.645805098659192 ], [ -82.468218394952203, 27.645809098669208 ], [ -82.464356393838955, 27.64584209877362 ], [ -82.464075393757909, 27.645844098781197 ], [ -82.461354392973348, 27.645862098853456 ], [ -82.45389539082268, 27.645913099052137 ], [ -82.453738390777431, 27.645915099056534 ], [ -82.45239039038897, 27.64593209909426 ], [ -82.452284390358457, 27.645933099097213 ], [ -82.450323389793198, 27.645954099151215 ], [ -82.448703389326297, 27.645973099196286 ], [ -82.448534389277611, 27.645974099200732 ], [ -82.444150388013398, 27.64600309931728 ], [ -82.437755386169229, 27.646045099487136 ], [ -82.433853385043903, 27.64606909959037 ], [ -82.433648384984764, 27.646070099595704 ], [ -82.425343382589546, 27.646123099815867 ], [ -82.403600376318039, 27.646262100392264 ], [ -82.400349375380273, 27.646283100478513 ], [ -82.39489437380665, 27.646318100623152 ], [ -82.394698373750131, 27.646319100628283 ], [ -82.386393371354572, 27.646382100850737 ], [ -82.384887370920154, 27.646394100891253 ], [ -82.384711370869368, 27.646395100895887 ], [ -82.383164370422264, 27.646380100930827 ], [ -82.381204369856803, 27.646392100982666 ], [ -82.380966369788126, 27.646393100988842 ], [ -82.37732136873646, 27.646414101084876 ], [ -82.375673368260877, 27.646421101127675 ], [ -82.37482836801621, 27.646399101143416 ], [ -82.3688833662966, 27.646299101267456 ], [ -82.36879236627027, 27.646297101269255 ], [ -82.367149365794987, 27.646269101303378 ], [ -82.367136365791268, 27.646269101303709 ], [ -82.358256363230353, 27.646369101549531 ], [ -82.352887361678, 27.646304101667642 ], [ -82.352856361669026, 27.646304101668417 ], [ -82.347736360191206, 27.646325101801217 ], [ -82.344926359380111, 27.646337101874177 ], [ -82.344308359201776, 27.64634010189037 ], [ -82.342131358574449, 27.646383101955106 ], [ -82.338375357492112, 27.646458102066962 ], [ -82.336372356914879, 27.646497102126418 ], [ -82.336186356861305, 27.646501102132003 ], [ -82.336015356811984, 27.646504102136976 ], [ -82.333969356222411, 27.646546102198212 ], [ -82.322287352848363, 27.646539102487754 ], [ -82.318257351684963, 27.646558102592863 ], [ -82.318066351629753, 27.646557102597374 ], [ -82.316882351287646, 27.64655410262618 ], [ -82.313816350402504, 27.646567102705795 ], [ -82.313019350172496, 27.646573102727103 ], [ -82.304836347810593, 27.646630102944904 ], [ -82.304776347793307, 27.646630102946407 ], [ -82.304704347772557, 27.646631102948497 ], [ -82.298345345937321, 27.646685103120102 ], [ -82.296480345397839, 27.646662103161002 ], [ -82.293366344497073, 27.646623103229128 ], [ -82.293268344468743, 27.646622103231341 ], [ -82.292670344293498, 27.646543103227071 ], [ -82.292061344117116, 27.646528103238587 ], [ -82.29051034366789, 27.646492103268471 ], [ -82.288911343206706, 27.646516103314163 ], [ -82.285600342252707, 27.64659610341613 ], [ -82.282886341470771, 27.646663103500043 ], [ -82.281898341183918, 27.646618103513745 ], [ -82.274503339043235, 27.646486103665925 ], [ -82.268164337208191, 27.646372103796196 ], [ -82.263323335812771, 27.646478103942577 ], [ -82.263122335754829, 27.646482103948546 ], [ -82.260196334911427, 27.646547104037261 ], [ -82.254713333328453, 27.646591104184544 ], [ -82.254154333167051, 27.646596104199691 ], [ -82.253571332998462, 27.646592104213248 ], [ -82.249843331920445, 27.646567104300054 ], [ -82.228654325794892, 27.646497104810816 ], [ -82.225560324900584, 27.646495104887357 ], [ -82.225340324836992, 27.646494104892582 ], [ -82.22037632340114, 27.64645810500749 ], [ -82.217462322558262, 27.646437105074948 ], [ -82.217378322533975, 27.646437105077034 ], [ -82.216577322302584, 27.646442105098185 ], [ -82.210638320587279, 27.646482105255807 ], [ -82.208190319880202, 27.64649910532091 ], [ -82.205451319088169, 27.646490105386889 ], [ -82.201561317964575, 27.6465171054903 ], [ -82.201545317959983, 27.646517105490695 ], [ -82.195096316095842, 27.646520105652037 ], [ -82.195021316074175, 27.646520105653895 ], [ -82.194994316066385, 27.64652010565457 ], [ -82.193470315625518, 27.646511105690294 ], [ -82.159882305910401, 27.646372106492517 ], [ -82.159811305889875, 27.646372106494287 ], [ -82.146986302178803, 27.646290106793455 ], [ -82.146404302010552, 27.646290106807921 ], [ -82.146274301972952, 27.646290106811165 ], [ -82.142467300872113, 27.646292106906373 ], [ -82.134626298605482, 27.646322107108777 ], [ -82.124914295787661, 27.646033107280068 ], [ -82.120986294654074, 27.646111107396724 ], [ -82.120923294635872, 27.646112107398533 ], [ -82.11977229430201, 27.646081107419633 ], [ -82.118100293818301, 27.646079107460743 ], [ -82.118012293792887, 27.646080107463177 ], [ -82.117924293767516, 27.646081107465598 ], [ -82.104597289912945, 27.646087107798497 ], [ -82.104393289853931, 27.646087107803588 ], [ -82.104189289794974, 27.646088107808907 ], [ -82.098471288141027, 27.646090107951633 ], [ -82.094409286967661, 27.646144108065762 ], [ -82.094302286936724, 27.646145108068655 ], [ -82.094194286905605, 27.646147108071844 ], [ -82.092593286443062, 27.646168108116747 ], [ -82.091992286269502, 27.646176108133623 ], [ -82.0919292862513, 27.646177108135419 ], [ -82.091867286233366, 27.646178108137217 ], [ -82.091340286081163, 27.646185108152054 ], [ -82.091275286062341, 27.646185108153681 ], [ -82.090016285698326, 27.646191108186429 ], [ -82.08924228547454, 27.646194108206387 ], [ -82.086726284744458, 27.646124108251925 ], [ -82.085689284444641, 27.646129108278913 ], [ -82.085628284427102, 27.646133108281411 ], [ -82.083959283943528, 27.646109108317052 ], [ -82.077343282028792, 27.646087108476198 ], [ -82.075011281354833, 27.646109108539502 ], [ -82.067533279192688, 27.646156108736857 ], [ -82.062295277677563, 27.646168108870004 ], [ -82.062196277648908, 27.646169108872705 ], [ -82.05890327669708, 27.646200108962084 ], [ -82.058632276618781, 27.646203108969605 ], [ -82.057275276225738, 27.646190109000148 ], [ -82.056612276034471, 27.646209109021253 ], [ -82.056354275960615, 27.646234109033756 ], [ -82.055842275816033, 27.646348109074246 ], [ -82.055584275741651, 27.646356109082557 ], [ -82.054770275506982, 27.646383109109394 ], [ -82.05464127546972, 27.646386109113326 ], [ -82.054352275386137, 27.646387109120759 ] ] ] ] } }
]
}
