{
"type": "FeatureCollection",
"name": "DISTRICT_19",
"crs": { "type": "name", "properties": { "name": "urn:ogc:def:crs:OGC:1.3:CRS84" } },
"xy_coordinate_resolution": 1e-15,
"features": [
{ "type": "Feature", "properties": { "LONGNAME": "District 19", "SHORTNAME": "D19", "DISTRICT": 19, "COLOR": -266113664, "TOTAL": 769221, "TARGET_DEV": 0 }, "geometry": { "type": "MultiPolygon", "coordinates": [ [ [ [ -81.841125181868591, 26.580343852305131 ], [ -81.841120181860362, 26.580103852245745 ], [ -81.841105181836994, 26.579433852079987 ], [ -81.841055181822583, 26.579434852081363 ], [ -81.840992181804353, 26.579435852083048 ], [ -81.840844181761625, 26.579438852087183 ], [ -81.839079181251549, 26.579468852135072 ], [ -81.839076181249226, 26.579416852122272 ], [ -81.839054181238282, 26.579255852082856 ], [ -81.839065181228293, 26.578789851967063 ], [ -81.839033181194921, 26.577940851757312 ], [ -81.838986181121541, 26.575832851235685 ], [ -81.835001179970192, 26.575907851345598 ], [ -81.834848179772109, 26.570482850003824 ], [ -81.83478817975481, 26.570483850005456 ], [ -81.83388917949506, 26.570500850030278 ], [ -81.832849179194383, 26.570513850057353 ], [ -81.832856179199027, 26.570605850080018 ], [ -81.832821179188443, 26.570590850077071 ], [ -81.832839179208605, 26.57111885020764 ], [ -81.832868179243079, 26.572036850434571 ], [ -81.832922179307545, 26.573761850861111 ], [ -81.832932179319954, 26.574097850944217 ], [ -81.832949179342734, 26.574726851099804 ], [ -81.832976179354873, 26.574880851137383 ], [ -81.833009179394679, 26.575946851400928 ], [ -81.831033178823759, 26.575984851455658 ], [ -81.831040178833575, 26.576259851523687 ], [ -81.831057178853271, 26.576780851652476 ], [ -81.83110617891694, 26.578526852084327 ], [ -81.830964178875945, 26.578529852088334 ], [ -81.82492017712967, 26.578646852255876 ], [ -81.824688177062484, 26.578646852261205 ], [ -81.824441176990987, 26.5786478522671 ], [ -81.824706177049961, 26.578021852105788 ], [ -81.825491177222389, 26.576087851608207 ], [ -81.825883177308441, 26.575120851359408 ], [ -81.826436177430423, 26.573775851013249 ], [ -81.826711177490552, 26.573088850836541 ], [ -81.826988177551414, 26.572407850661335 ], [ -81.827719177712169, 26.57061185019916 ], [ -81.822764176226883, 26.568814849867014 ], [ -81.82221617606838, 26.568820849881085 ], [ -81.821852175963116, 26.568824849890401 ], [ -81.820722175636362, 26.568837849919483 ], [ -81.818796175079356, 26.568855849968063 ], [ -81.816691174471032, 26.568894850025966 ], [ -81.813336173501483, 26.568955850117945 ], [ -81.81304017341597, 26.568961850126215 ], [ -81.812827173354123, 26.568955850129612 ], [ -81.812668173307728, 26.568943850130264 ], [ -81.812496173257443, 26.568924850129463 ], [ -81.812209173173713, 26.568902850130588 ], [ -81.811921173090099, 26.568894850135212 ], [ -81.809594172418073, 26.568952850202869 ], [ -81.808648172144842, 26.568975850230235 ], [ -81.807694171869187, 26.568995850257043 ], [ -81.805828171329694, 26.569019850305736 ], [ -81.805387171202241, 26.569029850318348 ], [ -81.804792171030144, 26.569034850333214 ], [ -81.804673170995613, 26.569032850335432 ], [ -81.804679171012054, 26.569552850464277 ], [ -81.804685171027742, 26.570043850585961 ], [ -81.806664171600048, 26.570020850534917 ], [ -81.806771171811434, 26.576388852111901 ], [ -81.805881171553963, 26.576394852133756 ], [ -81.804762171230138, 26.57640085216088 ], [ -81.803170170769448, 26.576409852199628 ], [ -81.802147170473432, 26.576414852224303 ], [ -81.801881170396413, 26.576414852230386 ], [ -81.80102517014862, 26.576416852250507 ], [ -81.798767169495051, 26.576422852303708 ], [ -81.798767169493232, 26.576358852287822 ], [ -81.798761169368618, 26.572021851212273 ], [ -81.797547169017292, 26.572027851241543 ], [ -81.793948167975813, 26.57204785132895 ], [ -81.793721167910078, 26.572048851334397 ], [ -81.793568167866042, 26.572057851340109 ], [ -81.792072167432991, 26.572060851375106 ], [ -81.79181316735793, 26.5720598513808 ], [ -81.79168016731937, 26.572057851383349 ], [ -81.791653167311566, 26.572057851383985 ], [ -81.791654167311449, 26.572043851380521 ], [ -81.791657167310731, 26.571988851366768 ], [ -81.791659167310556, 26.571961851360019 ], [ -81.791661167310338, 26.571933851353077 ], [ -81.791663167310134, 26.571906851346331 ], [ -81.79166516730993, 26.571878851339299 ], [ -81.791667167309797, 26.571851851332564 ], [ -81.791670167309846, 26.571823851325583 ], [ -81.79167216730967, 26.571796851318833 ], [ -81.79167416730948, 26.571769851312098 ], [ -81.791676167309262, 26.571741851305067 ], [ -81.791679167309383, 26.571714851298321 ], [ -81.791681167309136, 26.571686851291339 ], [ -81.791684167309228, 26.57165985128459 ], [ -81.791686167309038, 26.571632851277794 ], [ -81.791689167309173, 26.571604851270788 ], [ -81.791691167308983, 26.571577851264063 ], [ -81.791694167309061, 26.571549851257057 ], [ -81.791697167309138, 26.571522851250297 ], [ -81.791700167309216, 26.571494851243241 ], [ -81.791702167309026, 26.57146785123652 ], [ -81.791705167309118, 26.571440851229756 ], [ -81.791708167309181, 26.571412851222764 ], [ -81.79171116730933, 26.571385851215954 ], [ -81.791714167309422, 26.571357851208948 ], [ -81.791717167309486, 26.571330851202188 ], [ -81.791721167309888, 26.571303851195413 ], [ -81.791724167309965, 26.571275851188407 ], [ -81.791727167310043, 26.571248851181597 ], [ -81.791730167310149, 26.571221851174847 ], [ -81.79173416731058, 26.571193851167841 ], [ -81.791737167310657, 26.571166851161067 ], [ -81.791741167311045, 26.571139851154282 ], [ -81.791744167311109, 26.571111851147226 ], [ -81.791748167311482, 26.571084851140466 ], [ -81.791751167311588, 26.571057851133716 ], [ -81.791755167311948, 26.57102985112666 ], [ -81.791759167312378, 26.571002851119836 ], [ -81.791762167312484, 26.570975851113101 ], [ -81.791766167312844, 26.570947851106055 ], [ -81.791770167313203, 26.570920851099284 ], [ -81.791774167313591, 26.570893851092496 ], [ -81.791778167313979, 26.570866851085686 ], [ -81.791782167314395, 26.570838851078655 ], [ -81.791786167314783, 26.57081185107187 ], [ -81.791790167315142, 26.57078485106511 ], [ -81.791794167315558, 26.570757851058321 ], [ -81.791799167316185, 26.570729851051201 ], [ -81.791803167316615, 26.570702851044427 ], [ -81.791807167317003, 26.570675851037667 ], [ -81.791812167317673, 26.570648851030857 ], [ -81.791816167318018, 26.570620851023762 ], [ -81.791821167318702, 26.570593851016977 ], [ -81.791825167319146, 26.570566851010202 ], [ -81.791834167320189, 26.570512850996632 ], [ -81.791844167321514, 26.570457850982709 ], [ -81.791854167322924, 26.570403850969115 ], [ -81.791863167323953, 26.570349850955477 ], [ -81.791874167325616, 26.570294850941611 ], [ -81.791905167329972, 26.570132850900716 ], [ -81.791927167333284, 26.570023850873174 ], [ -81.791944167335899, 26.569942850852676 ], [ -81.791962167338852, 26.569861850832204 ], [ -81.791980167341706, 26.569780850811668 ], [ -81.791992167343679, 26.56972685079802 ], [ -81.791998167344687, 26.569700850791442 ], [ -81.792004167345695, 26.569673850784568 ], [ -81.792010167346632, 26.569646850777755 ], [ -81.792017167347893, 26.569619850770881 ], [ -81.792023167348859, 26.569592850764071 ], [ -81.792030167350134, 26.569565850757218 ], [ -81.792036167351085, 26.569538850750344 ], [ -81.792043167352261, 26.569508850742757 ], [ -81.792049167353369, 26.569484850736671 ], [ -81.792056167354602, 26.569457850729808 ], [ -81.792069167356829, 26.569404850716342 ], [ -81.792083167359351, 26.569350850702655 ], [ -81.792098167362127, 26.569293850688183 ], [ -81.792112167364621, 26.569239850674432 ], [ -81.792126167367186, 26.569186850660991 ], [ -81.792133167368419, 26.569159850654156 ], [ -81.792158167375689, 26.56915985065358 ], [ -81.792464167412078, 26.567316850189375 ], [ -81.79255716742297, 26.566749850046591 ], [ -81.792667167437941, 26.566153849896185 ], [ -81.792688167438797, 26.565968849849821 ], [ -81.792748167441971, 26.565466849723933 ], [ -81.792214167287568, 26.565474849738127 ], [ -81.792005167226947, 26.565470849741928 ], [ -81.791743167151125, 26.565471849748189 ], [ -81.790801166878481, 26.56547684977097 ], [ -81.790119166681649, 26.565498849792036 ], [ -81.78990316661924, 26.565504849798447 ], [ -81.788623166249735, 26.565543849837454 ], [ -81.787722165989578, 26.565570849864759 ], [ -81.787181165833402, 26.565585849880875 ], [ -81.786833165732929, 26.565595849891309 ], [ -81.786648165679523, 26.565601849897071 ], [ -81.786641165663369, 26.565103849773642 ], [ -81.78667716566919, 26.564940849732388 ], [ -81.786698165671325, 26.564800849697178 ], [ -81.786711165671491, 26.564674849665614 ], [ -81.786713165671728, 26.564660849662136 ], [ -81.78673316567685, 26.564638849656209 ], [ -81.786715165646029, 26.563732849431858 ], [ -81.786714165638301, 26.563469849366623 ], [ -81.786699165610926, 26.562656849165258 ], [ -81.786673165557502, 26.561034848763427 ], [ -81.786550165337374, 26.554513847148243 ], [ -81.786541165320969, 26.55402484702709 ], [ -81.786533165306992, 26.553611846924809 ], [ -81.786438165264713, 26.553090846797716 ], [ -81.786436165261634, 26.553001846775675 ], [ -81.786424165238699, 26.552312846604977 ], [ -81.786434165241587, 26.552313846604982 ], [ -81.786400165196127, 26.551052846292844 ], [ -81.786489165221056, 26.551022846283388 ], [ -81.786474165192843, 26.550179846074553 ], [ -81.786472165187973, 26.55002784603688 ], [ -81.786491165169409, 26.549175845825005 ], [ -81.786433165112513, 26.547757845474447 ], [ -81.786424165101621, 26.547463845401698 ], [ -81.786308165068093, 26.547465845404847 ], [ -81.786239165048045, 26.547464845406179 ], [ -81.785635164872986, 26.547457845418275 ], [ -81.785257164763991, 26.547473845430844 ], [ -81.78407416442424, 26.547573845482727 ], [ -81.783472164250796, 26.547602845503683 ], [ -81.780149163291227, 26.547697845603203 ], [ -81.77611616212684, 26.547818845725455 ], [ -81.776025162100453, 26.547817845727273 ], [ -81.775831162044241, 26.547817845731711 ], [ -81.775722162012627, 26.547815845733727 ], [ -81.775364161908442, 26.547797845737445 ], [ -81.775091161828627, 26.547770845736984 ], [ -81.774299161596048, 26.547655845726478 ], [ -81.774279161590201, 26.547653845726483 ], [ -81.773836161459712, 26.547573845716776 ], [ -81.773377161325186, 26.547518845713572 ], [ -81.773031161224282, 26.547492845715059 ], [ -81.772539161081298, 26.547474845721805 ], [ -81.772225160990317, 26.547473845728749 ], [ -81.771989160922246, 26.547481845736172 ], [ -81.771655160826199, 26.547505845749754 ], [ -81.771385160748849, 26.547535845763356 ], [ -81.769894160323432, 26.547761845853508 ], [ -81.769591160236757, 26.547798845869636 ], [ -81.7693091601557, 26.547821845881813 ], [ -81.769288160149699, 26.547822845882528 ], [ -81.769042160078854, 26.547836845891641 ], [ -81.767833159728738, 26.547836845919289 ], [ -81.766053159213016, 26.547827845957713 ], [ -81.765230158974575, 26.547824845975764 ], [ -81.764753158836797, 26.547836845989679 ], [ -81.764488158760415, 26.5478508459992 ], [ -81.76427415869901, 26.547869846008791 ], [ -81.76394415860446, 26.547906846025551 ], [ -81.763436158459783, 26.547990846057957 ], [ -81.763056158351958, 26.548070846086532 ], [ -81.762835158289548, 26.548126846105454 ], [ -81.762793158277717, 26.548138846109421 ], [ -81.762489158192039, 26.548221846136972 ], [ -81.762255158126308, 26.548294846160442 ], [ -81.762008158057142, 26.548378846186932 ], [ -81.761629157951432, 26.548521846231083 ], [ -81.761437157898072, 26.548600846255045 ], [ -81.761235157842151, 26.54869184628226 ], [ -81.760902157750351, 26.548855846330607 ], [ -81.760586157663639, 26.54902584637999 ], [ -81.760266157576368, 26.549216846434753 ], [ -81.759986157500379, 26.549398846486298 ], [ -81.759689157420368, 26.549610846545697 ], [ -81.759414157346711, 26.549821846604377 ], [ -81.759348157329171, 26.549877846619765 ], [ -81.759128157270695, 26.550063846670945 ], [ -81.758853157198416, 26.550322846741533 ], [ -81.758167157019571, 26.551023846931205 ], [ -81.758001156976448, 26.55120084697894 ], [ -81.757844156935519, 26.551360847022231 ], [ -81.757680156892533, 26.551519847065439 ], [ -81.757503156845729, 26.551677847108696 ], [ -81.757337156801427, 26.551810847145493 ], [ -81.75704515672281, 26.552021847204532 ], [ -81.756679156623633, 26.552262847272736 ], [ -81.754529156040576, 26.553664847669843 ], [ -81.754366155996408, 26.553770847699891 ], [ -81.750406154922359, 26.556347848430043 ], [ -81.750263154876308, 26.556183848392603 ], [ -81.750158154847824, 26.556252848412111 ], [ -81.749028154541122, 26.556979848618429 ], [ -81.74840515437225, 26.55738984873442 ], [ -81.748212154320214, 26.557526848772838 ], [ -81.747903154236454, 26.557727848829789 ], [ -81.747681154176078, 26.557866848869356 ], [ -81.747538154137217, 26.557956848894968 ], [ -81.747195154043226, 26.558147848950174 ], [ -81.746973153982196, 26.558262848983858 ], [ -81.746750153920601, 26.55836784901496 ], [ -81.746580153873595, 26.558447849038735 ], [ -81.745990153709414, 26.558683849110786 ], [ -81.745680153622303, 26.55877884914149 ], [ -81.745322153521684, 26.558887849176692 ], [ -81.744645153330069, 26.559045849231399 ], [ -81.743152152905381, 26.559318849333277 ], [ -81.742972152854222, 26.559352849345867 ], [ -81.742687152773186, 26.559406849365761 ], [ -81.740975152286509, 26.55973184948563 ], [ -81.740620152185855, 26.55980884951283 ], [ -81.740251152081726, 26.559905849545387 ], [ -81.739803151955627, 26.560035849587845 ], [ -81.739421151848589, 26.560162849628131 ], [ -81.739201151787242, 26.560246849654035 ], [ -81.738846151688463, 26.56039084969786 ], [ -81.738367151555522, 26.560595849759711 ], [ -81.738033151463767, 26.560771849811029 ], [ -81.73763215135385, 26.560990849874578 ], [ -81.73721515124042, 26.561251849948864 ], [ -81.736881151149802, 26.561468850010368 ], [ -81.736128150945561, 26.561958850149221 ], [ -81.736055150925779, 26.562007850163042 ], [ -81.735981150905687, 26.562054850176406 ], [ -81.735908150885933, 26.562102850189969 ], [ -81.73577215084903, 26.562190850214932 ], [ -81.734870150604408, 26.562778850381491 ], [ -81.734137150405573, 26.5632568505169 ], [ -81.733670150278968, 26.563561850603307 ], [ -81.733000150098874, 26.564055850741223 ], [ -81.732572149985032, 26.564414850840119 ], [ -81.732297149912313, 26.564658850906998 ], [ -81.732134149869125, 26.564802850946446 ], [ -81.731738149765533, 26.565194851052762 ], [ -81.731440149688126, 26.565508851137512 ], [ -81.72988314928412, 26.567171851585893 ], [ -81.728065148812505, 26.56911385210951 ], [ -81.723373147595225, 26.574126853460964 ], [ -81.723269147568288, 26.574237853490882 ], [ -81.722590147391799, 26.574952853683907 ], [ -81.722097147263753, 26.575472853824202 ], [ -81.722071147256955, 26.575499853831509 ], [ -81.721680147154004, 26.575863853930795 ], [ -81.72125514704102, 26.576221854029356 ], [ -81.720911146948254, 26.576464854097541 ], [ -81.720803146919152, 26.576541854119107 ], [ -81.72046814682804, 26.57675185417893 ], [ -81.720321146788081, 26.576843854205119 ], [ -81.720052146714437, 26.576994854248781 ], [ -81.719933146681797, 26.577060854267895 ], [ -81.719212146482676, 26.57740485436975 ], [ -81.718653146328222, 26.577666854447525 ], [ -81.717279145948439, 26.578311854639075 ], [ -81.716952145858045, 26.578465854684797 ], [ -81.716311145681019, 26.578770854775136 ], [ -81.716271145669978, 26.578790854781015 ], [ -81.716103145623677, 26.578874854805726 ], [ -81.715957145583417, 26.578946854826924 ], [ -81.715786145536697, 26.579045854855433 ], [ -81.715745145525489, 26.579069854862333 ], [ -81.715502145459979, 26.579240854910299 ], [ -81.715250145392616, 26.579441854965964 ], [ -81.715014145330713, 26.579668855027673 ], [ -81.714774145268649, 26.579932855098729 ], [ -81.714683145245644, 26.580051855130328 ], [ -81.714625145231054, 26.580127855150554 ], [ -81.714513145203597, 26.580304855197028 ], [ -81.714435145184424, 26.580426855229074 ], [ -81.713836145042109, 26.581527855516025 ], [ -81.713787145031006, 26.581637855544436 ], [ -81.713752145022866, 26.581707855562627 ], [ -81.713729145017496, 26.581753855574565 ], [ -81.713685145006835, 26.581826855593683 ], [ -81.713301144914226, 26.582483855765496 ], [ -81.713288144911118, 26.582508855771994 ], [ -81.712677144767696, 26.583693856080053 ], [ -81.712429144716452, 26.584420856266142 ], [ -81.712289144694324, 26.585069856430394 ], [ -81.712275144692128, 26.585136856447338 ], [ -81.712218144691164, 26.585683856584421 ], [ -81.712176144707058, 26.586673856830974 ], [ -81.712152144720548, 26.587394857010509 ], [ -81.712139144736852, 26.588103857186681 ], [ -81.712131144745655, 26.588494857283884 ], [ -81.712153144757949, 26.588703857335268 ], [ -81.712156144768713, 26.589052857421773 ], [ -81.712162144776428, 26.589264857474262 ], [ -81.712173144787272, 26.589533857540758 ], [ -81.712192144801094, 26.589826857613044 ], [ -81.712257144838901, 26.590497857777969 ], [ -81.712319144876929, 26.591204857952032 ], [ -81.712339144887693, 26.591379857995012 ], [ -81.712524144997047, 26.593345858478546 ], [ -81.71272514511513, 26.595455858997457 ], [ -81.712921145231945, 26.597570859517635 ], [ -81.71297814526578, 26.59818185966796 ], [ -81.712990145271078, 26.598245859683516 ], [ -81.713002145279631, 26.598423859727415 ], [ -81.713034145298593, 26.598765859811575 ], [ -81.71309014533162, 26.599358859957373 ], [ -81.713233145416368, 26.600883860332452 ], [ -81.713432145533886, 26.602991860850793 ], [ -81.71363014565128, 26.605107861371167 ], [ -81.713759145728474, 26.606509861716024 ], [ -81.71382714576832, 26.60721886189031 ], [ -81.713940145835366, 26.608426862187393 ], [ -81.714026145886024, 26.609332862410128 ], [ -81.714225146003542, 26.611438862927915 ], [ -81.714372146090966, 26.613017863316234 ], [ -81.714424146121289, 26.61355386344793 ], [ -81.714568146205437, 26.615046863814978 ], [ -81.714650146254456, 26.615935864033574 ], [ -81.714686146276406, 26.616341864133435 ], [ -81.714740146305147, 26.616801864246291 ], [ -81.714757146314966, 26.61697386428855 ], [ -81.71483014636101, 26.61784986450413 ], [ -81.714861146378084, 26.61813486457412 ], [ -81.71491414641082, 26.618746864724692 ], [ -81.714997146459993, 26.61962986494175 ], [ -81.715083146511063, 26.620548865167706 ], [ -81.715123146534879, 26.620978865273411 ], [ -81.715205146579521, 26.621713865453842 ], [ -81.715216146587579, 26.621884865495954 ], [ -81.715235146598445, 26.622071865541947 ], [ -81.71524814660809, 26.622280865593446 ], [ -81.715274146623187, 26.622546865658848 ], [ -81.715347146667483, 26.623358865858513 ], [ -81.715425146713486, 26.624181866060795 ], [ -81.715435146718349, 26.62424986607741 ], [ -81.715475146743842, 26.62474086619828 ], [ -81.715504146760082, 26.625014866265545 ], [ -81.715579146805126, 26.625834866467201 ], [ -81.715660146852343, 26.626668866672134 ], [ -81.715735146897515, 26.627493866875021 ], [ -81.715818146933415, 26.627909866976253 ], [ -81.715892146960613, 26.628112867024893 ], [ -81.71600814700156, 26.628370867086243 ], [ -81.716026147007668, 26.628401867093476 ], [ -81.716153147050747, 26.628621867145107 ], [ -81.716256147085005, 26.628777867181462 ], [ -81.716106147043192, 26.628835867199236 ], [ -81.71599514701137, 26.628845867204301 ], [ -81.715535146877869, 26.628839867213358 ], [ -81.714139146473954, 26.628857867249916 ], [ -81.713869146395936, 26.628864867257832 ], [ -81.713629146326582, 26.62887186726514 ], [ -81.713467146279669, 26.628871867268852 ], [ -81.713229146210978, 26.6288798672763 ], [ -81.712825146094019, 26.628882867286325 ], [ -81.712746146067829, 26.628767867259612 ], [ -81.71266614604437, 26.628756867258769 ], [ -81.712545146009177, 26.628753867260805 ], [ -81.711898145821934, 26.628758867276904 ], [ -81.711907145846837, 26.629543867471376 ], [ -81.711915145854434, 26.629729867517302 ], [ -81.711917145865087, 26.630083867605059 ], [ -81.711890145861062, 26.630216867638598 ], [ -81.71153714575405, 26.630050867605565 ], [ -81.711179145646383, 26.62991086757911 ], [ -81.710953145578756, 26.629834867565489 ], [ -81.710983145585303, 26.629759867546145 ], [ -81.710992145585593, 26.629679867526111 ], [ -81.71097914555564, 26.628757867297789 ], [ -81.710708145477, 26.628753867303043 ], [ -81.709841145225894, 26.628757867323959 ], [ -81.709629145164556, 26.628758867329079 ], [ -81.709195145039104, 26.628770867342002 ], [ -81.709099145014491, 26.628882867371971 ], [ -81.709098145022935, 26.629189867448144 ], [ -81.70910514503602, 26.629578867544424 ], [ -81.709101145042169, 26.629834867608057 ], [ -81.709103145060297, 26.630451867760989 ], [ -81.707937144722564, 26.630453867788273 ], [ -81.707933144696625, 26.629584867572859 ], [ -81.707935144677322, 26.628883867398972 ], [ -81.707915144669514, 26.628813867382107 ], [ -81.707851144649695, 26.628768867372386 ], [ -81.707535144557923, 26.628760867377697 ], [ -81.706348144214161, 26.628766867406462 ], [ -81.705379143933413, 26.628766867428727 ], [ -81.704681143731406, 26.628774867446747 ], [ -81.703942143517253, 26.628773867463483 ], [ -81.702149142997555, 26.628764867502493 ], [ -81.70207614297675, 26.628778867507652 ], [ -81.702021142962039, 26.628820867519291 ], [ -81.701992142956229, 26.628911867542577 ], [ -81.702001142960754, 26.628978867558988 ], [ -81.702031142973624, 26.629126867594966 ], [ -81.70211514301198, 26.629618867715063 ], [ -81.70213714302254, 26.629766867751293 ], [ -81.702257143077176, 26.630464867921631 ], [ -81.701629142895271, 26.630466867936551 ], [ -81.701580142881099, 26.630466867937681 ], [ -81.701014142717028, 26.630463867949896 ], [ -81.699296142219367, 26.630467867990433 ], [ -81.699328142259361, 26.631547868257517 ], [ -81.699334142271212, 26.631903868345628 ], [ -81.699348142277245, 26.631971868362182 ], [ -81.699374142286587, 26.632036868377693 ], [ -81.699411142299013, 26.632094868391253 ], [ -81.699522142333208, 26.632165868406293 ], [ -81.699380142296519, 26.632322868448501 ], [ -81.69925314226397, 26.632471868488402 ], [ -81.69895114218582, 26.632801868577122 ], [ -81.698696142120525, 26.633103868657908 ], [ -81.69838514204055, 26.633459868753356 ], [ -81.698180141976962, 26.633311868721361 ], [ -81.698059141939041, 26.633210868699067 ], [ -81.697947141903484, 26.63310186867464 ], [ -81.697854141873577, 26.632997868650975 ], [ -81.697808141858459, 26.632934868636401 ], [ -81.697726141831026, 26.632805868606258 ], [ -81.697645141803207, 26.632653868570483 ], [ -81.697613141791777, 26.632577868552332 ], [ -81.69755914177172, 26.632421868514896 ], [ -81.697525141757154, 26.632257868475026 ], [ -81.697507141747693, 26.632108868438522 ], [ -81.697495141737221, 26.631861868377534 ], [ -81.697468141689953, 26.63047586803442 ], [ -81.696835141506611, 26.630479868049957 ], [ -81.696301141352023, 26.630482868062959 ], [ -81.696309141359421, 26.630661868107175 ], [ -81.696316141375362, 26.63115186822855 ], [ -81.696340141411085, 26.632160868478216 ], [ -81.696366141425543, 26.632404868538149 ], [ -81.696399141439727, 26.632567868577802 ], [ -81.696440141456009, 26.63272186861505 ], [ -81.696488141473921, 26.632862868648914 ], [ -81.69661014151707, 26.6331378687143 ], [ -81.696695141546243, 26.63329686875176 ], [ -81.696830141591377, 26.633507868801015 ], [ -81.696929141623798, 26.633637868830927 ], [ -81.697092141676052, 26.633814868871081 ], [ -81.697269141732022, 26.633979868907964 ], [ -81.697449141788312, 26.634124868939772 ], [ -81.697772141888649, 26.634361868991139 ], [ -81.697208141743673, 26.63500986916474 ], [ -81.696945141662027, 26.634819869123696 ], [ -81.696708141588246, 26.634638869084267 ], [ -81.696536141534196, 26.634491869051754 ], [ -81.696375141483088, 26.634334869016502 ], [ -81.696219141433048, 26.634164868977969 ], [ -81.696081141388134, 26.633991868938228 ], [ -81.696016141366741, 26.633901868917416 ], [ -81.695897141326967, 26.633714868873788 ], [ -81.695800141293873, 26.633539868832614 ], [ -81.695681141252194, 26.633287868772854 ], [ -81.695607141225437, 26.633100868728199 ], [ -81.695552141204686, 26.632930868687271 ], [ -81.695482141176498, 26.63265486862047 ], [ -81.695454141163964, 26.632498868582413 ], [ -81.695428141150103, 26.632275868527717 ], [ -81.69541514113962, 26.632040868469755 ], [ -81.695399141108453, 26.631107868238704 ], [ -81.695384141086762, 26.630498868088019 ], [ -81.69446914082215, 26.630517868113781 ], [ -81.693471140533561, 26.630537868141698 ], [ -81.693476140540156, 26.630718868186456 ], [ -81.693494140565264, 26.63141686835916 ], [ -81.693496140574155, 26.631709868431781 ], [ -81.693511140592776, 26.632210868555653 ], [ -81.693540140611404, 26.632569868644016 ], [ -81.693579140630547, 26.63284486871131 ], [ -81.693616140646597, 26.633031868756866 ], [ -81.693678140671693, 26.633283868817937 ], [ -81.693770140706889, 26.633583868890192 ], [ -81.693863140740746, 26.633826868948326 ], [ -81.694033140800684, 26.634200869037144 ], [ -81.6941081408267, 26.63435186907288 ], [ -81.693986140792873, 26.634404869088851 ], [ -81.693817140746205, 26.634486869113044 ], [ -81.693321140608717, 26.634705869178777 ], [ -81.692582140404184, 26.635040869278839 ], [ -81.692492140379272, 26.635080869290867 ], [ -81.6923211403316, 26.635147869311385 ], [ -81.692227140305135, 26.635174869320245 ], [ -81.692138140279937, 26.635194869327272 ], [ -81.691980140234733, 26.635215869336108 ], [ -81.691676140146896, 26.635225869345561 ], [ -81.691457140083699, 26.63523386935254 ], [ -81.691175140002017, 26.635235869359519 ], [ -81.690863139911869, 26.635244869368957 ], [ -81.690518139812056, 26.635248869377879 ], [ -81.690370139769172, 26.635250869381778 ], [ -81.688580139251528, 26.635285869431637 ], [ -81.687346138894483, 26.63530386946444 ], [ -81.686824138743475, 26.635312869478689 ], [ -81.686663138696943, 26.635316869483397 ], [ -81.686548138663724, 26.635319869486757 ], [ -81.68643313863042, 26.635322869490139 ], [ -81.686052138520338, 26.635332869501411 ], [ -81.686065138541096, 26.635930869649396 ], [ -81.686085138572139, 26.636816869868682 ], [ -81.686107138603688, 26.637700870087386 ], [ -81.686133138646056, 26.638923870390059 ], [ -81.686122138648528, 26.639121870439428 ], [ -81.686110138648147, 26.639231870466986 ], [ -81.686065138641212, 26.639445870521065 ], [ -81.686002138628538, 26.639641870571136 ], [ -81.685910138607895, 26.639852870625546 ], [ -81.685866138597433, 26.639933870646679 ], [ -81.685817138585477, 26.640011870667166 ], [ -81.685733138564373, 26.640125870697371 ], [ -81.685555138519319, 26.640354870758237 ], [ -81.685332138462371, 26.640622870829841 ], [ -81.685242138439392, 26.640731870858936 ], [ -81.685122138408701, 26.640875870897379 ], [ -81.685097138402298, 26.640905870905375 ], [ -81.68493613836155, 26.641112870960402 ], [ -81.684760138317372, 26.641352871023994 ], [ -81.684715138306075, 26.641413871040175 ], [ -81.684376138220472, 26.641856871157788 ], [ -81.684307138202797, 26.641937871179483 ], [ -81.684169138167263, 26.642093871221345 ], [ -81.684033138131625, 26.642226871257467 ], [ -81.683922138102218, 26.642323871284059 ], [ -81.683739138053355, 26.642469871324494 ], [ -81.683578138009906, 26.642580871355722 ], [ -81.683412137964439, 26.642674871382837 ], [ -81.683228137913616, 26.642762871408909 ], [ -81.68300913785248, 26.642844871434232 ], [ -81.682882137816847, 26.642884871447098 ], [ -81.68270513776686, 26.642930871462575 ], [ -81.682465137698657, 26.642977871479729 ], [ -81.682253137638128, 26.643009871492605 ], [ -81.682039137576638, 26.643028871502246 ], [ -81.68190113753684, 26.643034871506877 ], [ -81.680930137255942, 26.643051871533444 ], [ -81.678969136688622, 26.64308387158647 ], [ -81.676833136070599, 26.643118871644329 ], [ -81.674237135319487, 26.643159871714168 ], [ -81.674257135352732, 26.644122871952526 ], [ -81.672701134902553, 26.644148871994762 ], [ -81.671663134602056, 26.6441618720219 ], [ -81.670577134287868, 26.644179872051371 ], [ -81.669052133846421, 26.644197872090871 ], [ -81.669033133813585, 26.64323687185302 ], [ -81.666433133061048, 26.643271871921488 ], [ -81.666156132981186, 26.643284871931094 ], [ -81.665918132912907, 26.643310871943015 ], [ -81.665760132867888, 26.643337871953339 ], [ -81.665527132801913, 26.643391871972128 ], [ -81.665351132752377, 26.643443871989049 ], [ -81.665159132698761, 26.643513872010814 ], [ -81.664972132646838, 26.643594872035216 ], [ -81.664758132587977, 26.643704872067431 ], [ -81.664622132550917, 26.643787872091107 ], [ -81.66443413250019, 26.64391987212818 ], [ -81.664259132453665, 26.644066872168697 ], [ -81.664041132396406, 26.644274872225292 ], [ -81.663950132373145, 26.644383872254398 ], [ -81.663837132344639, 26.644532872293919 ], [ -81.663702132311244, 26.644733872346887 ], [ -81.663583132282966, 26.644950872403456 ], [ -81.663543132273816, 26.645037872425963 ], [ -81.66347413225887, 26.645213872471224 ], [ -81.663388132242588, 26.645517872548542 ], [ -81.663367132239571, 26.645625872575824 ], [ -81.663351132238006, 26.645734872603242 ], [ -81.663333132238307, 26.645928872651716 ], [ -81.66332413224049, 26.646095872693394 ], [ -81.663332132273311, 26.647166872958749 ], [ -81.663345132303988, 26.648110873192579 ], [ -81.663352132323027, 26.648707873340491 ], [ -81.663359132341085, 26.649268873479475 ], [ -81.663369132369397, 26.650160873700372 ], [ -81.663380132397876, 26.651047873920106 ], [ -81.663389132425749, 26.651934874139855 ], [ -81.663399132453861, 26.652819874359047 ], [ -81.662809132282817, 26.652817874372143 ], [ -81.662921132446897, 26.657432875513901 ], [ -81.662939132552651, 26.660956876387274 ], [ -81.662954132642952, 26.663967877133455 ], [ -81.6629571326595, 26.664516877269499 ], [ -81.663065132882664, 26.671236878932923 ], [ -81.663068132890047, 26.671464878989422 ], [ -81.663098132955696, 26.673459879483261 ], [ -81.663126133013833, 26.675210879916673 ], [ -81.663088133202464, 26.682194881648631 ], [ -81.662995133291119, 26.686239882653346 ], [ -81.659300132222427, 26.686316882757691 ], [ -81.658449131976269, 26.686332882781315 ], [ -81.658014131850493, 26.686343882794056 ], [ -81.654926130957165, 26.686403882880196 ], [ -81.654141130729954, 26.68641488290109 ], [ -81.653706130604021, 26.686419882912343 ], [ -81.651078129842162, 26.68641488297175 ], [ -81.650355129632572, 26.686413882988209 ], [ -81.650135129563779, 26.686237882949637 ], [ -81.647526128812203, 26.686400883050229 ], [ -81.645319128175146, 26.686494883124453 ], [ -81.64373212771612, 26.686527883169287 ], [ -81.640570126801379, 26.686592883258307 ], [ -81.633769124833307, 26.686710883444533 ], [ -81.630467123877054, 26.686742883528638 ], [ -81.62506912231342, 26.686784883663595 ], [ -81.624516122153153, 26.686787883677095 ], [ -81.624203122062454, 26.686789883684799 ], [ -81.619754120776349, 26.686917883819167 ], [ -81.613891119074736, 26.686853883938578 ], [ -81.611097118265022, 26.686865884006043 ], [ -81.611057118252063, 26.686816883994766 ], [ -81.610968118223113, 26.686706883969599 ], [ -81.610824117979675, 26.679650882223399 ], [ -81.605813116527997, 26.679690882348872 ], [ -81.59866311445829, 26.679808882542957 ], [ -81.598396114381387, 26.679827882553834 ], [ -81.598408114398367, 26.680299882670596 ], [ -81.59842011440756, 26.680500882720168 ], [ -81.598465114440316, 26.681189882890024 ], [ -81.598492114467234, 26.681858883055245 ], [ -81.598546114527508, 26.683418883440865 ], [ -81.598275114449123, 26.683424883448573 ], [ -81.597658114270672, 26.683442883467283 ], [ -81.597034114090192, 26.68345688348511 ], [ -81.596910114054154, 26.683454883487496 ], [ -81.59683411403222, 26.683457883489961 ], [ -81.595414113621146, 26.683480883528425 ], [ -81.594108113243081, 26.683502883563992 ], [ -81.59397611320496, 26.683507883568261 ], [ -81.593618113101201, 26.683509883577059 ], [ -81.593403113039031, 26.683516883583742 ], [ -81.592546112790842, 26.683527883606203 ], [ -81.59238211274328, 26.683527883609994 ], [ -81.591113112376078, 26.683552883645437 ], [ -81.58968611196299, 26.683577883684602 ], [ -81.588251111547564, 26.683600883723383 ], [ -81.586822111133827, 26.683623883762049 ], [ -81.585390110719288, 26.683646883800751 ], [ -81.583954110303537, 26.683669883839567 ], [ -81.582528109890561, 26.683690883877667 ], [ -81.58252810989481, 26.683838883914344 ], [ -81.581349109553273, 26.68385088394453 ], [ -81.580913109427129, 26.683859883956803 ], [ -81.579483109012955, 26.683878883994485 ], [ -81.57805610859964, 26.683895884031614 ], [ -81.577001108294027, 26.683907884058886 ], [ -81.576623108184677, 26.683916884069863 ], [ -81.575188107769009, 26.68393388410713 ], [ -81.57375010735251, 26.683950884144522 ], [ -81.572320106938363, 26.68397088418245 ], [ -81.571683106753909, 26.683979884199346 ], [ -81.570896106525964, 26.683989884219994 ], [ -81.569458106109522, 26.684010884258356 ], [ -81.568031105696178, 26.684027884295496 ], [ -81.568085105800293, 26.687124885062296 ], [ -81.568091105812144, 26.687478885149968 ], [ -81.56665210539515, 26.687489885185837 ], [ -81.566461105339854, 26.687491885190731 ], [ -81.566281105281533, 26.687277885141871 ], [ -81.566261105275061, 26.687254885136614 ], [ -81.566237105210334, 26.685233884635917 ], [ -81.566222105169231, 26.68394788431733 ], [ -81.566167105016845, 26.6791708831338 ], [ -81.566144104952485, 26.677149882633024 ], [ -81.56613310492429, 26.676274882416241 ], [ -81.56610310484065, 26.673649881765833 ], [ -81.566093104812779, 26.672774881548996 ], [ -81.566044104678284, 26.668559880504514 ], [ -81.565958104441933, 26.661147878667609 ], [ -81.565898104275433, 26.655914877370609 ], [ -81.565853104150463, 26.651986876396943 ], [ -81.565850104141461, 26.651700876326096 ], [ -81.565848104135952, 26.651527876283186 ], [ -81.565842104119383, 26.651008876154549 ], [ -81.56584110411417, 26.650835876111625 ], [ -81.565833104092093, 26.650141875939589 ], [ -81.56580910402586, 26.64805987542351 ], [ -81.565801104003782, 26.647366875251702 ], [ -81.565793103982642, 26.646705875087875 ], [ -81.56577010391949, 26.644721874596062 ], [ -81.565763103898689, 26.644061874432392 ], [ -81.565744103850776, 26.642571874063051 ], [ -81.56568710370702, 26.63810187295498 ], [ -81.565669103659474, 26.63661187258559 ], [ -81.565662103636043, 26.635860872399345 ], [ -81.565658103626291, 26.635557872324242 ], [ -81.565658103625466, 26.635529872317235 ], [ -81.565641103565923, 26.633609871841099 ], [ -81.565634103542578, 26.632859871655111 ], [ -81.565625103519167, 26.63212687147335 ], [ -81.565600103449398, 26.629927870928121 ], [ -81.565592103426212, 26.629194870746311 ], [ -81.565581103414544, 26.628895870672384 ], [ -81.56558410340179, 26.628416870553419 ], [ -81.565582103396409, 26.628247870511469 ], [ -81.565546103303674, 26.625352869793634 ], [ -81.565510103245032, 26.623655869373209 ], [ -81.565462103145123, 26.620629868623087 ], [ -81.565346102940424, 26.614604867129898 ], [ -81.565358102942909, 26.61456886712066 ], [ -81.565357102940951, 26.614509867106065 ], [ -81.565331102933456, 26.614510867106908 ], [ -81.565330102932535, 26.614488867101478 ], [ -81.565329102930406, 26.614423867085343 ], [ -81.565329102929823, 26.61440286708012 ], [ -81.565321102908655, 26.613740866915958 ], [ -81.565297102845392, 26.611756866423903 ], [ -81.565290102824605, 26.611095866259895 ], [ -81.565281102801762, 26.610382866083114 ], [ -81.565256102733869, 26.608245865553052 ], [ -81.565248102711365, 26.607533865376425 ], [ -81.565247102708668, 26.607448865355327 ], [ -81.565244102700603, 26.607194865292328 ], [ -81.565243102697934, 26.607110865271462 ], [ -81.565235102676368, 26.606432865103304 ], [ -81.565189102605416, 26.604401864600021 ], [ -81.565174102581892, 26.603724864432262 ], [ -81.565161102562243, 26.603165864293747 ], [ -81.56512310250379, 26.601492863879155 ], [ -81.565112102486736, 26.601002863757717 ], [ -81.565111102484508, 26.600934863740871 ], [ -81.565109102474821, 26.600613863661195 ], [ -81.565107102468787, 26.60042086361327 ], [ -81.565106102466146, 26.600337863592674 ], [ -81.565105102464514, 26.600290863581026 ], [ -81.564980102197495, 26.592147861561568 ], [ -81.564891102007621, 26.586354860124679 ], [ -81.564791101799841, 26.580036858557548 ], [ -81.564657101523053, 26.571624856470741 ], [ -81.56464710148451, 26.570364856157919 ], [ -81.564596101295876, 26.564212854630505 ], [ -81.564594101287611, 26.563940854562968 ], [ -81.564536101076072, 26.557046852851173 ], [ -81.564443100929893, 26.552823851803783 ], [ -81.564340100769272, 26.54818885065416 ], [ -81.564255100637169, 26.544379849709383 ], [ -81.56421310057145, 26.542480849238341 ], [ -81.564087100337474, 26.535476847500156 ], [ -81.563951100084964, 26.527912845622804 ], [ -81.563835099789287, 26.518601843310304 ], [ -81.563830099784255, 26.518473843278588 ], [ -81.563823099777537, 26.518306843237255 ], [ -81.563823099776329, 26.518263843226553 ], [ -81.563766099621191, 26.513335842002387 ], [ -81.563764099616165, 26.513177841963149 ], [ -81.563690099453325, 26.508147840713939 ], [ -81.563650099383921, 26.506090840203253 ], [ -81.563633099354092, 26.505205839983539 ], [ -81.563541099191184, 26.500355838779338 ], [ -81.563466099049009, 26.49606583771395 ], [ -81.563444099008208, 26.494839837409518 ], [ -81.56338609889707, 26.491479836574964 ], [ -81.563078098297083, 26.473263832049842 ], [ -81.563078098296344, 26.473237832043381 ], [ -81.563113098302878, 26.473109832010724 ], [ -81.563115098303172, 26.473099832008202 ], [ -81.563128098305128, 26.473033831991469 ], [ -81.56313309830405, 26.472943831968976 ], [ -81.563107098267551, 26.47190983171226 ], [ -81.563032098115457, 26.467255830555793 ], [ -81.56302909810799, 26.467019830497165 ], [ -81.563029098107322, 26.466996830491439 ], [ -81.563028098106287, 26.466969830484768 ], [ -81.563028098105775, 26.466951830480269 ], [ -81.563016098081491, 26.466207830295385 ], [ -81.563016098081221, 26.466197830292867 ], [ -81.563014098077687, 26.466091830266571 ], [ -81.563010098072667, 26.465953830232337 ], [ -81.563009098071404, 26.465920830224114 ], [ -81.562940097981524, 26.463424829604495 ], [ -81.562887097893508, 26.460827828959388 ], [ -81.562885097881548, 26.460420828858126 ], [ -81.562809097763719, 26.456994828007165 ], [ -81.562762097699718, 26.455194827560213 ], [ -81.562758097686256, 26.454755827450999 ], [ -81.562746097672843, 26.454399827362661 ], [ -81.562705097614554, 26.45274082695067 ], [ -81.562702097610909, 26.452640826925823 ], [ -81.562688097585237, 26.451868826733985 ], [ -81.562682097579142, 26.451711826695032 ], [ -81.562678097574917, 26.451602826668001 ], [ -81.562678097572672, 26.451521826647859 ], [ -81.562669097559223, 26.451135826551944 ], [ -81.562668097556795, 26.451058826532837 ], [ -81.562649097531448, 26.450349826356796 ], [ -81.562630097488139, 26.448995826020131 ], [ -81.562606097444373, 26.447677825692615 ], [ -81.562586097409181, 26.446626825431405 ], [ -81.562584097405846, 26.446527825406843 ], [ -81.56255809735255, 26.444891825000145 ], [ -81.562558097352252, 26.444881824997662 ], [ -81.562558097351911, 26.444868824994405 ], [ -81.562543097320457, 26.44389782475303 ], [ -81.562543097319818, 26.443874824747315 ], [ -81.562542097318087, 26.443822824734401 ], [ -81.562537097307739, 26.44350382465505 ], [ -81.562532097297748, 26.443199824579512 ], [ -81.562360096937397, 26.432077821814342 ], [ -81.562354096924977, 26.431695821719362 ], [ -81.562352096919753, 26.431529821678108 ], [ -81.562338096898571, 26.430914821525239 ], [ -81.56233709689775, 26.430894821520258 ], [ -81.56233709689738, 26.430882821517311 ], [ -81.56232209687532, 26.430247821359565 ], [ -81.56232909687553, 26.430183821343434 ], [ -81.562219096647823, 26.423162819597589 ], [ -81.562189096626881, 26.422722819488676 ], [ -81.562183096622547, 26.422629819465651 ], [ -81.562523096720966, 26.422623819456479 ], [ -81.567521098168925, 26.422579819332558 ], [ -81.578535101357446, 26.422406819040521 ], [ -81.578796101433028, 26.422402819033636 ], [ -81.578999101491803, 26.422399819028307 ], [ -81.586932103788101, 26.422270818816862 ], [ -81.603444108567345, 26.422003818377167 ], [ -81.604227108794134, 26.421996818357677 ], [ -81.604429108852671, 26.421995818352862 ], [ -81.604631108911192, 26.42199481834805 ], [ -81.604778108953482, 26.421981818341521 ], [ -81.604846108973149, 26.421980818339687 ], [ -81.608076109907955, 26.421928818253733 ], [ -81.608182109938653, 26.421926818250824 ], [ -81.613779111558557, 26.421839818102637 ], [ -81.613877111587144, 26.421844818101665 ], [ -81.618840113023694, 26.421773817971758 ], [ -81.618935113051194, 26.421772817969373 ], [ -81.619075113091739, 26.421770817965726 ], [ -81.619089113095768, 26.421770817965395 ], [ -81.619109113101544, 26.421769817964705 ], [ -81.619125113106193, 26.42176981796435 ], [ -81.619248113141765, 26.421767817961058 ], [ -81.620733113571603, 26.421746817922262 ], [ -81.621108113680194, 26.421741817912547 ], [ -81.622705114142491, 26.421721817871465 ], [ -81.622736114151451, 26.421721817870765 ], [ -81.62281311417378, 26.421720817868763 ], [ -81.624806114750712, 26.421695817817497 ], [ -81.626436115222347, 26.421666817773438 ], [ -81.626588115266301, 26.421663817769179 ], [ -81.629796116194498, 26.421606817682516 ], [ -81.629950116239058, 26.421603817678271 ], [ -81.62999111625092, 26.421602817677108 ], [ -81.632766117053791, 26.42155381760217 ], [ -81.636325118083192, 26.421479817503243 ], [ -81.640593119317472, 26.421386817383592 ], [ -81.642835119965881, 26.421337817320701 ], [ -81.643037120024303, 26.421333817315141 ], [ -81.643362120118255, 26.421326817306017 ], [ -81.647350121273249, 26.421298817208871 ], [ -81.64737512128049, 26.421298817208299 ], [ -81.647822121409945, 26.421295817197475 ], [ -81.649163121797827, 26.421270817160927 ], [ -81.649558121912136, 26.421263817150262 ], [ -81.65240012273425, 26.421211817073026 ], [ -81.658359124457959, 26.421101816910852 ], [ -81.659509124790659, 26.421081816879923 ], [ -81.659505124784232, 26.420895816833678 ], [ -81.659498124772853, 26.420558816749971 ], [ -81.659476124736926, 26.419499816486937 ], [ -81.659469124725021, 26.419145816399013 ], [ -81.659462124713158, 26.418791816311064 ], [ -81.659444124684299, 26.417944816100647 ], [ -81.659306124459349, 26.411309814452405 ], [ -81.659199124284626, 26.406152813171129 ], [ -81.659164124227772, 26.404476812754734 ], [ -81.658561123243317, 26.375363805519541 ], [ -81.65839912286043, 26.363263802509493 ], [ -81.658392122843765, 26.362734802377865 ], [ -81.658224122364047, 26.347185798508026 ], [ -81.658125122081955, 26.338035796230344 ], [ -81.658064121909419, 26.332439794837171 ], [ -81.658067121908488, 26.332372794820419 ], [ -81.658063121903552, 26.332236794786624 ], [ -81.658061121898399, 26.332071794745566 ], [ -81.657906121460215, 26.31784579120335 ], [ -81.657903121451682, 26.317567791134163 ], [ -81.658549121638501, 26.31755479111639 ], [ -81.658914121744203, 26.317552791107719 ], [ -81.666069123816541, 26.317524790940208 ], [ -81.666197123853678, 26.31752579093758 ], [ -81.667251124159264, 26.317535790916409 ], [ -81.667722124295864, 26.317539790906885 ], [ -81.670530125108485, 26.31750579083538 ], [ -81.671460125377635, 26.317495790812046 ], [ -81.673719126031457, 26.31746979075491 ], [ -81.674642126298622, 26.317461790732153 ], [ -81.674861126361961, 26.317459790726751 ], [ -81.67489812637271, 26.317459790725927 ], [ -81.674910126376233, 26.317459790725646 ], [ -81.674939126384572, 26.317458790724739 ], [ -81.674955126389236, 26.31745879072438 ], [ -81.682006128430189, 26.317394790550217 ], [ -81.687250129948538, 26.317364790425078 ], [ -81.687270129954328, 26.31736479042463 ], [ -81.687431130000945, 26.317363790420785 ], [ -81.687730130087502, 26.317361790413589 ], [ -81.689880130709994, 26.317348790362075 ], [ -81.690039130755977, 26.317345790357763 ], [ -81.690497130888446, 26.31733879034574 ], [ -81.690483130883806, 26.31731879034108 ], [ -81.690017130343008, 26.302619786687941 ], [ -81.689974130292754, 26.301249786347409 ], [ -81.689855130089242, 26.295122784822698 ], [ -81.689696129883274, 26.289320783379754 ], [ -81.689588129749282, 26.285591782452471 ], [ -81.689553129705175, 26.284359782146069 ], [ -81.68946312957496, 26.280577781205039 ], [ -81.689469129571549, 26.28039078115831 ], [ -81.689452129502357, 26.278054780576166 ], [ -81.689449129498598, 26.277951780550545 ], [ -81.689418129444121, 26.276297780138787 ], [ -81.689404129429093, 26.27589978003985 ], [ -81.689466129415251, 26.274743779750199 ], [ -81.689518129403851, 26.273782779509361 ], [ -81.689525129398817, 26.273524779444895 ], [ -81.689479129379905, 26.273321779395289 ], [ -81.689442129364011, 26.273134779349437 ], [ -81.689434129354098, 26.272857779280571 ], [ -81.68939712932125, 26.272053779080871 ], [ -81.689318129258368, 26.270597778719555 ], [ -81.689187129146262, 26.26790277805036 ], [ -81.689137129106115, 26.266968777818491 ], [ -81.689094129053743, 26.265517777457589 ], [ -81.689068129037238, 26.265190777376656 ], [ -81.68901912899733, 26.264256777144752 ], [ -81.688974128960325, 26.263385776928502 ], [ -81.688957128946385, 26.263055776846603 ], [ -81.688932128930304, 26.262735776767297 ], [ -81.688917128916515, 26.262390776681599 ], [ -81.688858128868972, 26.261282776406563 ], [ -81.688790128813451, 26.259979776083064 ], [ -81.688716128751054, 26.258487775712599 ], [ -81.688555128608613, 26.255000774846344 ], [ -81.688546128600876, 26.254815774800424 ], [ -81.688432128500253, 26.252353774188776 ], [ -81.688361128447994, 26.251198773902235 ], [ -81.688343128432692, 26.250831773811104 ], [ -81.688220128329974, 26.248386773203848 ], [ -81.688173128290558, 26.247446772970367 ], [ -81.688086128217066, 26.245687772533479 ], [ -81.688039128166693, 26.244346772199993 ], [ -81.688011128145462, 26.243868772081314 ], [ -81.687996128129157, 26.243433771973123 ], [ -81.687964128093725, 26.242481771736337 ], [ -81.687954128068725, 26.241674771535227 ], [ -81.687933128018557, 26.24006777113474 ], [ -81.687913127990768, 26.239265770935074 ], [ -81.687897127951175, 26.237991770617501 ], [ -81.687846127836963, 26.234363769713376 ], [ -81.687822127789318, 26.23287876934333 ], [ -81.687813127778796, 26.232589769271428 ], [ -81.687755127725737, 26.231267768942839 ], [ -81.687755127722042, 26.231132768909152 ], [ -81.687729127703193, 26.230718768806398 ], [ -81.687616127620274, 26.22888776835201 ], [ -81.687602127564432, 26.226997767880647 ], [ -81.687576127457049, 26.223350766971055 ], [ -81.687521127341284, 26.219703766062057 ], [ -81.687466127225449, 26.216054765152496 ], [ -81.687405127106729, 26.212359764231554 ], [ -81.687346126989993, 26.208716763323466 ], [ -81.687322126932855, 26.206881762865944 ], [ -81.687298126876684, 26.20508076241688 ], [ -81.687251126763599, 26.201439761508926 ], [ -81.687226126705653, 26.199584761046363 ], [ -81.68719712664911, 26.197823760607303 ], [ -81.687164126585103, 26.195828760109954 ], [ -81.6871281265216, 26.193886759625826 ], [ -81.687121126487568, 26.192713759333095 ], [ -81.687124126447586, 26.191216758959261 ], [ -81.687129126359395, 26.187933758139362 ], [ -81.687099126310756, 26.186468757774204 ], [ -81.687072126248566, 26.184475757277067 ], [ -81.687056126211758, 26.183296756983022 ], [ -81.687007126098678, 26.17967075607859 ], [ -81.686905125889169, 26.173069754432198 ], [ -81.686878125860346, 26.172298754240252 ], [ -81.686807125802787, 26.170940753902602 ], [ -81.686797125787592, 26.170487753789672 ], [ -81.686788125773774, 26.17007775368748 ], [ -81.686784125767502, 26.169889753640632 ], [ -81.686783125765601, 26.169830753625881 ], [ -81.686782125764026, 26.169782753613912 ], [ -81.686754125721521, 26.168520753299326 ], [ -81.686706125646126, 26.166261752736062 ], [ -81.686702125640011, 26.166081752691191 ], [ -81.686669125587201, 26.164491752294765 ], [ -81.686656125551977, 26.163337752006804 ], [ -81.686641125512452, 26.162043751683846 ], [ -81.686624125466736, 26.160545751310035 ], [ -81.686615125454693, 26.160198751223525 ], [ -81.686593125433276, 26.159645751085886 ], [ -81.68658112540426, 26.158707750851789 ], [ -81.686580125402671, 26.158660750840077 ], [ -81.68657012537841, 26.157874750643938 ], [ -81.686565125367125, 26.157513750553846 ], [ -81.686561125358409, 26.157235750484521 ], [ -81.686645125377851, 26.157055750437689 ], [ -81.686670125382761, 26.156970750415891 ], [ -81.686622125311061, 26.154845749886018 ], [ -81.686622125294718, 26.154244749735899 ], [ -81.686634125250094, 26.152477749294128 ], [ -81.686662125235102, 26.151626749080886 ], [ -81.68668012522761, 26.151160748964099 ], [ -81.686747125216968, 26.150055748686508 ], [ -81.686817125210993, 26.149087748443108 ], [ -81.686809125178527, 26.147980748166692 ], [ -81.686809125159868, 26.147294747995243 ], [ -81.686822125141759, 26.146488747793541 ], [ -81.686844125118498, 26.145398747520726 ], [ -81.686889125038419, 26.141971746663415 ], [ -81.686908125001224, 26.140399746270138 ], [ -81.686916124982957, 26.139641746080532 ], [ -81.686932124948456, 26.138200745720098 ], [ -81.686943124919324, 26.137011745422672 ], [ -81.686963124908715, 26.136408745271591 ], [ -81.687007124801042, 26.131971744161678 ], [ -81.68700812475133, 26.130129743701321 ], [ -81.686835124701616, 26.130144743708861 ], [ -81.686827124654087, 26.128477743292422 ], [ -81.686884124616753, 26.126492742795008 ], [ -81.686877124611073, 26.126359742761913 ], [ -81.686883124594914, 26.125699742596844 ], [ -81.686924124498205, 26.12169574159509 ], [ -81.687113124553036, 26.121697741591422 ], [ -81.696051127137878, 26.121550741357197 ], [ -81.701449128698883, 26.121462741215897 ], [ -81.701436128761145, 26.123895741824278 ], [ -81.706598130254179, 26.123823741692178 ], [ -81.708964130938526, 26.123790741631602 ], [ -81.710066131257236, 26.123775741603506 ], [ -81.710114131271467, 26.123786741605215 ], [ -81.710259131313975, 26.123804741606506 ], [ -81.71160513170345, 26.123791741573481 ], [ -81.711822131763569, 26.123692741543966 ], [ -81.715916132949559, 26.123705741456682 ], [ -81.715916132956281, 26.123953741518665 ], [ -81.715953133014139, 26.125690741951903 ], [ -81.715972133036715, 26.126321742109177 ], [ -81.715989133066998, 26.127255742342228 ], [ -81.715999133080544, 26.127646742439698 ], [ -81.716026133116756, 26.128693742700765 ], [ -81.716035133140323, 26.129466742893712 ], [ -81.718215133772162, 26.129485742850264 ], [ -81.719111134031849, 26.129492742832177 ], [ -81.719735134212726, 26.129498742819923 ], [ -81.720699134492364, 26.129517742803319 ], [ -81.721473134715694, 26.129485742778218 ], [ -81.722699135070485, 26.129477742749103 ], [ -81.723230135224512, 26.129486742739584 ], [ -81.72516313578457, 26.129497742699616 ], [ -81.725712135943411, 26.12949374268641 ], [ -81.725946136011359, 26.129500742683053 ], [ -81.726179136079338, 26.129518742682347 ], [ -81.726414136147511, 26.129523742678447 ], [ -81.72722013638024, 26.12949874265437 ], [ -81.727437136443086, 26.129497742649313 ], [ -81.727870136568583, 26.129502742640987 ], [ -81.728176136657581, 26.129515742637427 ], [ -81.72877413683095, 26.129524742626483 ], [ -81.730236137254423, 26.129529742595395 ], [ -81.730271137313025, 26.131313743040348 ], [ -81.730306137372139, 26.133118743490524 ], [ -81.73031213738092, 26.133378743555394 ], [ -81.730337137420818, 26.134579743854864 ], [ -81.730366137465211, 26.135904744185282 ], [ -81.730368137468133, 26.135991744206976 ], [ -81.730369137470205, 26.136057744223443 ], [ -81.730370137471894, 26.136109744236396 ], [ -81.730400137517279, 26.137460744573268 ], [ -81.730416137558279, 26.138799744907455 ], [ -81.731165137774852, 26.138787744887857 ], [ -81.731753137945304, 26.138794744876559 ], [ -81.7322431380871, 26.138790744864714 ], [ -81.732327138111387, 26.13878974486261 ], [ -81.732573138182588, 26.138787744856685 ], [ -81.733472138443062, 26.138792744838028 ], [ -81.733853138553329, 26.138790744829091 ], [ -81.734582138764324, 26.138787744812209 ], [ -81.736479139313289, 26.138775744767251 ], [ -81.736782139401015, 26.138774744760301 ], [ -81.738084139777683, 26.138761744728203 ], [ -81.739592140213887, 26.138745744690812 ], [ -81.741837140863367, 26.138725744636119 ], [ -81.742019140916, 26.138723744631594 ], [ -81.742377141019546, 26.138719744622673 ], [ -81.744931141758414, 26.138694744559903 ], [ -81.74736114246177, 26.138686744504135 ], [ -81.749500143080922, 26.138679744455001 ], [ -81.750027143233424, 26.138677744442855 ], [ -81.750386143337337, 26.138676744434644 ], [ -81.750568143390012, 26.13867574443038 ], [ -81.751548143673674, 26.138672744407927 ], [ -81.754363144487954, 26.13864474433862 ], [ -81.755715144879048, 26.138631744305439 ], [ -81.757634145434096, 26.138612744258189 ], [ -81.757931145520004, 26.138609744250864 ], [ -81.760472146254983, 26.138584744188375 ], [ -81.763577147153029, 26.138551744111428 ], [ -81.763696147187432, 26.13855074410856 ], [ -81.766553148013742, 26.138520744037756 ], [ -81.766536147970953, 26.137127743690211 ], [ -81.766524147942889, 26.136221743464208 ], [ -81.766513147915063, 26.135315743238152 ], [ -81.766747147982599, 26.135306743230764 ], [ -81.768626148525996, 26.135286743184171 ], [ -81.768624148550032, 26.136192743410483 ], [ -81.7699581489358, 26.136177743377203 ], [ -81.770420149069295, 26.136167743364492 ], [ -81.770654149137187, 26.136173743360789 ], [ -81.771566149400797, 26.136156743336347 ], [ -81.772404149642909, 26.136140743313842 ], [ -81.772820149763319, 26.13614074330463 ], [ -81.774017150109401, 26.136122743273631 ], [ -81.774852150350796, 26.136110743252122 ], [ -81.77483615033313, 26.135631743132866 ], [ -81.774827150320988, 26.13528074304536 ], [ -81.774843150324656, 26.135245743036318 ], [ -81.774861150329357, 26.135226743031154 ], [ -81.774885150335919, 26.135212743027104 ], [ -81.774912150343511, 26.135204743024527 ], [ -81.776084150682323, 26.135187742994333 ], [ -81.776302150745551, 26.135191742990493 ], [ -81.776365150763965, 26.135198742990891 ], [ -81.776445150787794, 26.135223742995354 ], [ -81.776500150804537, 26.135252743001345 ], [ -81.776647150849939, 26.13535874302459 ], [ -81.776968150948747, 26.135572743070902 ], [ -81.777142151002437, 26.135696743098048 ], [ -81.777188151016901, 26.135739743107784 ], [ -81.777246151035698, 26.135812743124728 ], [ -81.777274151045319, 26.135868743138115 ], [ -81.77730115105571, 26.135963743161227 ], [ -81.77730915106126, 26.13608174319052 ], [ -81.777930151240952, 26.13608074317651 ], [ -81.778235151329, 26.136070743167284 ], [ -81.778233151322496, 26.135852743112874 ], [ -81.77824115132313, 26.135791743097442 ], [ -81.778265151327687, 26.135702743074674 ], [ -81.778324151342076, 26.135603743048662 ], [ -81.778396151360425, 26.135512743024357 ], [ -81.778453151374578, 26.13542474300111 ], [ -81.779629151737225, 26.136242743179338 ], [ -81.779986151847481, 26.136497743235129 ], [ -81.780190151904662, 26.136427743213133 ], [ -81.779090151565555, 26.135667743047719 ], [ -81.778526151391688, 26.13527674296251 ], [ -81.778560151399574, 26.13520674294427 ], [ -81.778594151407034, 26.135117742921285 ], [ -81.77861015140914, 26.135023742897467 ], [ -81.77860915140306, 26.134810742844323 ], [ -81.778618151402711, 26.13470274281714 ], [ -81.77871315141968, 26.134315742718375 ], [ -81.778733151421264, 26.134160742679228 ], [ -81.778741151412362, 26.133748742576113 ], [ -81.778738151400674, 26.133349742476575 ], [ -81.77893715145845, 26.133354742473387 ], [ -81.779828151716075, 26.13334274245063 ], [ -81.780192151821026, 26.13332874243914 ], [ -81.780209151848268, 26.134149742643789 ], [ -81.780224151865156, 26.134613742759349 ], [ -81.780368151906714, 26.134606742754386 ], [ -81.780635151984114, 26.134610742749526 ], [ -81.780696152001369, 26.134597742744898 ], [ -81.780712152005862, 26.134591742743066 ], [ -81.780744152013952, 26.134549742731846 ], [ -81.780757152016875, 26.134517742723602 ], [ -81.780763152017698, 26.134484742715202 ], [ -81.780750151999783, 26.133962742585112 ], [ -81.780746151979471, 26.133258742409396 ], [ -81.780745151971573, 26.132978742339464 ], [ -81.780748151970712, 26.132913742323137 ], [ -81.780767151973521, 26.132815742298284 ], [ -81.780772151973139, 26.13274674228094 ], [ -81.780766151950544, 26.131980742089748 ], [ -81.780838151970713, 26.131954742081668 ], [ -81.780916151993011, 26.131944742077405 ], [ -81.781748152233504, 26.131931742055791 ], [ -81.782206152365944, 26.131927742044617 ], [ -81.782746152522179, 26.13192474203192 ], [ -81.782738152504962, 26.131375741894995 ], [ -81.782708152443035, 26.129413741405639 ], [ -81.782663152424206, 26.129200741353401 ], [ -81.782631152412108, 26.129097741328412 ], [ -81.78261715240555, 26.129003741305244 ], [ -81.782608152381798, 26.128225741111105 ], [ -81.78260015235459, 26.127307740881974 ], [ -81.782599152353882, 26.127293740878535 ], [ -81.782734152392976, 26.127293740875544 ], [ -81.782682152280643, 26.123711739981971 ], [ -81.782684152278335, 26.123602739954695 ], [ -81.782657152270474, 26.123603739955552 ], [ -81.782642152233166, 26.122386739651894 ], [ -81.782642152230864, 26.122301739630629 ], [ -81.78264015222554, 26.122126739586964 ], [ -81.782638152223853, 26.122085739576736 ], [ -81.782638152221764, 26.12200873955754 ], [ -81.782542152017186, 26.11549273793193 ], [ -81.782493151923234, 26.112550737197981 ], [ -81.782485151829846, 26.109189736358488 ], [ -81.782472151735149, 26.105834735520528 ], [ -81.782449151672438, 26.103765735004057 ], [ -81.782448151660205, 26.103324734893871 ], [ -81.78244815163643, 26.102446734674487 ], [ -81.782394151490749, 26.097642733475279 ], [ -81.782372151370993, 26.093453732428955 ], [ -81.78235115135692, 26.09315873235569 ], [ -81.782347151338101, 26.092505732192592 ], [ -81.782340151305164, 26.091363731907322 ], [ -81.7823371512889, 26.090794731765204 ], [ -81.782324151229616, 26.088740731252113 ], [ -81.782320151206747, 26.087939731052046 ], [ -81.782318151203327, 26.08783473102584 ], [ -81.782316151191011, 26.087400730917437 ], [ -81.782278151029175, 26.081819729523342 ], [ -81.782259150954758, 26.079270728886641 ], [ -81.783208151229005, 26.079253728861463 ], [ -81.784357151561011, 26.079232728830885 ], [ -81.784316151547685, 26.079179728818577 ], [ -81.784294151540649, 26.079153728812507 ], [ -81.784269151532669, 26.079126728806319 ], [ -81.784253151527636, 26.079111728802964 ], [ -81.784243151524393, 26.079098728799885 ], [ -81.784214151515485, 26.079078728795544 ], [ -81.784180151505396, 26.079070728794317 ], [ -81.784146151495307, 26.079062728793012 ], [ -81.784116151486003, 26.079038728787687 ], [ -81.784148151495003, 26.079027728784261 ], [ -81.78418315150482, 26.079017728780965 ], [ -81.78421015151217, 26.079000728776165 ], [ -81.784239151520154, 26.078983728771263 ], [ -81.784274151529871, 26.078969728766971 ], [ -81.784305151538618, 26.078959728763802 ], [ -81.784323151543575, 26.078952728761688 ], [ -81.784333151546406, 26.078948728760412 ], [ -81.784371151557082, 26.078938728757102 ], [ -81.784398151564943, 26.078938728756505 ], [ -81.784507151596515, 26.0789387287541 ], [ -81.785148151781996, 26.078937728739721 ], [ -81.785492151881556, 26.07893772873215 ], [ -81.785574151905351, 26.078939728730834 ], [ -81.788203152666213, 26.078934728671658 ], [ -81.788362152712239, 26.078934728668159 ], [ -81.788697152809235, 26.078935728661012 ], [ -81.789840153139977, 26.078933728635345 ], [ -81.790812153421186, 26.078927728612381 ], [ -81.791328153570518, 26.078928728601255 ], [ -81.791938153747125, 26.078928728587819 ], [ -81.792149153808211, 26.078929728583486 ], [ -81.792570153930086, 26.078929728574185 ], [ -81.793529154207562, 26.0789277285525 ], [ -81.793809154288624, 26.078926728546069 ], [ -81.794659154534543, 26.07892472852685 ], [ -81.795445154762021, 26.078923728509267 ], [ -81.795542154790098, 26.078922728506882 ], [ -81.79564515481988, 26.078922728504629 ], [ -81.797968155492043, 26.07891572845169 ], [ -81.798134155549363, 26.079257728533523 ], [ -81.798485155681234, 26.080379728806196 ], [ -81.798647155742756, 26.080918728937331 ], [ -81.798958155860433, 26.081944729186862 ], [ -81.799553156076442, 26.08356372957838 ], [ -81.800034156242461, 26.084554729815444 ], [ -81.800373156357466, 26.085179729964157 ], [ -81.801519156741762, 26.087125730425232 ], [ -81.802084156931016, 26.088077730650657 ], [ -81.802215156977141, 26.088380730723443 ], [ -81.803041157246568, 26.089502730985608 ], [ -81.803240157311521, 26.08977373104894 ], [ -81.803327157340661, 26.089921731084029 ], [ -81.803368157354953, 26.090010731105345 ], [ -81.803394157364281, 26.090078731121761 ], [ -81.803418157373386, 26.090156731140706 ], [ -81.803449157386225, 26.090298731175491 ], [ -81.803458157390693, 26.090369731193086 ], [ -81.803463157394759, 26.090465731216952 ], [ -81.803458157397202, 26.090609731253029 ], [ -81.80344215739558, 26.090719731280867 ], [ -81.803419157391716, 26.090822731307124 ], [ -81.803387157385728, 26.090944731338293 ], [ -81.803397157422054, 26.092178731646431 ], [ -81.803398157424738, 26.092267731668652 ], [ -81.803407157456661, 26.093351731939318 ], [ -81.803753157595054, 26.094766732285233 ], [ -81.803867157640624, 26.095231732398936 ], [ -81.804201157795859, 26.097393732931742 ], [ -81.804576157971908, 26.099886733546313 ], [ -81.804978158162058, 26.102611734218222 ], [ -81.805394158359888, 26.105470734923269 ], [ -81.805809158558517, 26.10836673563761 ], [ -81.806034158666762, 26.109958736030329 ], [ -81.806210158751341, 26.111200736336681 ], [ -81.806515158898918, 26.113386736875967 ], [ -81.806583158931858, 26.11387573699664 ], [ -81.806915159093506, 26.116292737592996 ], [ -81.807195159231142, 26.1183797381081 ], [ -81.807301159283526, 26.119179738305544 ], [ -81.807430159347575, 26.12016373854846 ], [ -81.807505159385059, 26.120745738692168 ], [ -81.807628159446494, 26.121698738927456 ], [ -81.807694159479738, 26.122219739056113 ], [ -81.807798159532069, 26.123037739258134 ], [ -81.807951159608876, 26.124234739553696 ], [ -81.808092159679646, 26.125339739826519 ], [ -81.808234159749759, 26.126409740090573 ], [ -81.808385159822976, 26.127495740358473 ], [ -81.80855215990249, 26.128642740641229 ], [ -81.808635159941105, 26.129181740774019 ], [ -81.808735159988473, 26.129858740940826 ], [ -81.808933160080528, 26.131139741256288 ], [ -81.80914516017846, 26.132485741587729 ], [ -81.809368160281295, 26.133893741934394 ], [ -81.809431160310268, 26.134288742031611 ], [ -81.809986160558623, 26.137518742825872 ], [ -81.810161160649656, 26.139003743192788 ], [ -81.813533161617997, 26.138725743048653 ], [ -81.826797165426768, 26.137628742481052 ], [ -81.973215207432531, 26.124960736076861 ], [ -81.973433207544346, 26.126754736519565 ], [ -81.974003207761584, 26.128684736988301 ], [ -81.974893208089327, 26.1312747376146 ], [ -81.975883208460417, 26.134394738370844 ], [ -81.976803208812086, 26.137544739136061 ], [ -81.977343209020731, 26.139474739605443 ], [ -81.97792320925042, 26.141754740161158 ], [ -81.97851320948854, 26.144234740766478 ], [ -81.978983209682397, 26.146364741287226 ], [ -81.979483209893971, 26.148824741889527 ], [ -81.979743210007541, 26.150234742235344 ], [ -81.980113210172306, 26.152354742755708 ], [ -81.980253210237009, 26.153244742974476 ], [ -81.980603210401128, 26.155554743542659 ], [ -81.980863210530032, 26.157524744028002 ], [ -81.981133210671885, 26.159864744605379 ], [ -81.981293210762331, 26.161484745005691 ], [ -81.98142321083921, 26.162924745361806 ], [ -81.981663210997255, 26.166174746166664 ], [ -81.981843211162811, 26.170334747199593 ], [ -81.981913211272101, 26.173594748010597 ], [ -81.981893211335446, 26.176124748641652 ], [ -81.981873211364075, 26.17738474895614 ], [ -81.982653211817478, 26.185724751017215 ], [ -81.98274321187219, 26.186774751276879 ], [ -81.982843211934494, 26.187994751578678 ], [ -81.982913211978513, 26.188864751793865 ], [ -81.983273212241272, 26.194664753231091 ], [ -81.984283212754463, 26.202744755221712 ], [ -81.984433212831476, 26.203974755524811 ], [ -81.984613212927073, 26.205564755916861 ], [ -81.984753213006485, 26.206984756267488 ], [ -81.984843213061538, 26.208044756529535 ], [ -81.985293213332511, 26.21318475779993 ], [ -81.986573213885933, 26.219872759437173 ], [ -81.986933214041642, 26.221754759897831 ], [ -81.987053214094473, 26.222414760059571 ], [ -81.987953214487504, 26.22725476124484 ], [ -81.989163214993283, 26.232934762632215 ], [ -81.990053215367013, 26.237174763668079 ], [ -81.990583215574972, 26.239164764151745 ], [ -81.991393215870701, 26.241404764691296 ], [ -81.992043216111071, 26.24331476515232 ], [ -81.992613216323733, 26.245054765572736 ], [ -81.993253216566487, 26.247154766081202 ], [ -81.994073216880864, 26.249964766762393 ], [ -81.994593217084315, 26.251894767231214 ], [ -81.995353217386793, 26.254904767963449 ], [ -81.995993217650309, 26.257754768658486 ], [ -81.996443217838774, 26.259874769176051 ], [ -81.996823218002902, 26.26184476965787 ], [ -81.997263218198938, 26.264344770270228 ], [ -81.997623218336898, 26.2655747705683 ], [ -82.001953219888335, 26.276444773176131 ], [ -82.002133219953052, 26.276904773286585 ], [ -82.005463221123478, 26.28443477508532 ], [ -82.007293221634512, 26.283784774882552 ], [ -82.010243222459621, 26.282784774567617 ], [ -82.012653223134706, 26.282004774319475 ], [ -82.017473224485968, 26.280484773833226 ], [ -82.019363225016235, 26.279904773646539 ], [ -82.02221322581677, 26.279064773373658 ], [ -82.026043226894814, 26.278014773026516 ], [ -82.029693227924625, 26.27710477271831 ], [ -82.03337322896472, 26.276254772424309 ], [ -82.037873230239839, 26.275334772094524 ], [ -82.042983231691764, 26.274434771756042 ], [ -82.046113232583068, 26.273954771566491 ], [ -82.049073233427379, 26.27355477140059 ], [ -82.052153234308349, 26.273224771249428 ], [ -82.053493234692269, 26.27310477118953 ], [ -82.06039323666954, 26.272504770885565 ], [ -82.063573237581551, 26.27225477075206 ], [ -82.06656323844021, 26.27206477063779 ], [ -82.069553239300291, 26.271924770535929 ], [ -82.073363240398351, 26.271824770425589 ], [ -82.076173241209403, 26.271794770355115 ], [ -82.079773242250369, 26.271824770281828 ], [ -82.086883244308098, 26.271954770154711 ], [ -82.090723245420492, 26.272064770095952 ], [ -82.094553246531959, 26.272244770054819 ], [ -82.098173247584583, 26.27249477003577 ], [ -82.100583248286583, 26.272704770033929 ], [ -82.10219324875581, 26.272854770035121 ], [ -82.110343251132704, 26.273674770056147 ], [ -82.112333251713324, 26.273884770063745 ], [ -82.115713252700942, 26.274294770089856 ], [ -82.118493253514714, 26.274684770124388 ], [ -82.122043254555294, 26.275234770181523 ], [ -82.124793255362817, 26.275714770239119 ], [ -82.127523256165659, 26.276234770307127 ], [ -82.129943256879216, 26.276764770384588 ], [ -82.134703258284105, 26.277854770548689 ], [ -82.136243258738787, 26.278214770603611 ], [ -82.138753259480836, 26.278834770701391 ], [ -82.140833260096443, 26.279374770788866 ], [ -82.143273260820422, 26.280074770908154 ], [ -82.145323261429326, 26.280684771013707 ], [ -82.146633261818678, 26.28108477108367 ], [ -82.154203264070262, 26.283454771502733 ], [ -82.154703264219052, 26.283614771531255 ], [ -82.157603265082756, 26.284564771702208 ], [ -82.169323268574786, 26.288464772408009 ], [ -82.171753269301547, 26.289374772579528 ], [ -82.173763269903546, 26.290154772728116 ], [ -82.17485327023013, 26.290584772810451 ], [ -82.17929327156105, 26.292354773150414 ], [ -82.181843272326361, 26.293404773353988 ], [ -82.184563273143738, 26.294564773580973 ], [ -82.187663274076399, 26.295924773849151 ], [ -82.200093277815512, 26.301364774920753 ], [ -82.201513278244576, 26.302054775060206 ], [ -82.208133280245619, 26.305304775718355 ], [ -82.210763281041665, 26.30663477598943 ], [ -82.214403282145639, 26.308554776384302 ], [ -82.218503283392877, 26.310854776863085 ], [ -82.221683284363166, 26.312744777260736 ], [ -82.224333285173856, 26.314394777610698 ], [ -82.2279132862718, 26.31672477810848 ], [ -82.230623287105573, 26.31858477850917 ], [ -82.233103287870762, 26.320364778895151 ], [ -82.23646328890969, 26.322854779437524 ], [ -82.239943289990123, 26.32559478003914 ], [ -82.242173290685088, 26.327444780448079 ], [ -82.243193291003678, 26.328314780640966 ], [ -82.244956291554701, 26.329835780978712 ], [ -82.245513291729338, 26.33033478108997 ], [ -82.251493293602948, 26.335654782275228 ], [ -82.262323296902608, 26.341924783586492 ], [ -82.26451329757046, 26.343214783857054 ], [ -82.266673298230231, 26.344524784133256 ], [ -82.268323298735609, 26.345574784356497 ], [ -82.270123299287292, 26.34673478460358 ], [ -82.272233299935081, 26.348134784903227 ], [ -82.274313300575088, 26.349564785210909 ], [ -82.276363301207283, 26.351024785526747 ], [ -82.279013302026513, 26.352984785952994 ], [ -82.280553302502867, 26.35413478620341 ], [ -82.281488302795196, 26.354945786383407 ], [ -82.282223303021212, 26.355444786490541 ], [ -82.283273303347571, 26.356284786675165 ], [ -82.284349303686781, 26.357315786906486 ], [ -82.285343303992221, 26.357984787049954 ], [ -82.2865033043539, 26.358954787264253 ], [ -82.287462304653275, 26.35976678744392 ], [ -82.289443305271604, 26.361444787815252 ], [ -82.291193305818553, 26.362954788150116 ], [ -82.292913306357519, 26.364484788490582 ], [ -82.295173307067529, 26.366564788955152 ], [ -82.297253307722897, 26.368544789399024 ], [ -82.299153308323469, 26.370424789822131 ], [ -82.301413309040228, 26.372744790346133 ], [ -82.30375330978508, 26.37524479091292 ], [ -82.305903310472658, 26.377654791461641 ], [ -82.307753311066705, 26.379814791955141 ], [ -82.309683311688573, 26.382144792488905 ], [ -82.311443312258049, 26.384354792996774 ], [ -82.312933312742345, 26.386304793446314 ], [ -82.316943314047862, 26.39162479467381 ], [ -82.318393314520435, 26.393564795121655 ], [ -82.319483314877075, 26.395074795471114 ], [ -82.320653315261595, 26.396754795860872 ], [ -82.322113315742925, 26.398904796360505 ], [ -82.323333316147185, 26.400774796796128 ], [ -82.32471331660652, 26.402964797307391 ], [ -82.325703316937165, 26.404574797683768 ], [ -82.3293433181544, 26.410544799080128 ], [ -82.330673318600518, 26.4127747996023 ], [ -82.331953319032536, 26.415014800128034 ], [ -82.332933319364798, 26.416784800544207 ], [ -82.334573319924502, 26.41987480127225 ], [ -82.335963320403977, 26.42267480193409 ], [ -82.33691332073353, 26.424654802402831 ], [ -82.338053321132818, 26.427164802998536 ], [ -82.339073321492961, 26.42951480355724 ], [ -82.343263322980107, 26.439434805918154 ], [ -82.34389332320454, 26.440954806280093 ], [ -82.344643323473477, 26.442824806725969 ], [ -82.345623323828335, 26.445394807339852 ], [ -82.346353324096796, 26.447454807833211 ], [ -82.347063324358388, 26.449474808317099 ], [ -82.347773324629316, 26.451824808882566 ], [ -82.348443324885849, 26.454074809424231 ], [ -82.349203325183282, 26.45685481009496 ], [ -82.349693325378951, 26.458784810561468 ], [ -82.350113325549344, 26.460534810985042 ], [ -82.350403325667344, 26.46175481128035 ], [ -82.357063328425852, 26.491454818476658 ], [ -82.358133328868377, 26.496194819624634 ], [ -82.358543329040302, 26.498094820085186 ], [ -82.358963329220828, 26.500194820594935 ], [ -82.359223329334796, 26.501574820930319 ], [ -82.359643329488748, 26.502734821207568 ], [ -82.360843329882329, 26.504414821595596 ], [ -82.362843330536094, 26.507134822222461 ], [ -82.364243330996146, 26.509124822682466 ], [ -82.365613331448159, 26.511134823148108 ], [ -82.366953331892304, 26.51317482362186 ], [ -82.368063332261443, 26.514904824024168 ], [ -82.369603332777771, 26.517454824619335 ], [ -82.371013333252677, 26.519864825182839 ], [ -82.372813333863846, 26.523114825945015 ], [ -82.373583334127559, 26.524584826290791 ], [ -82.375103334647505, 26.527464826967858 ], [ -82.376263335046403, 26.529734827502299 ], [ -82.37746333546221, 26.532194828082844 ], [ -82.379593336208956, 26.536864829188168 ], [ -82.381023336717789, 26.540264829995593 ], [ -82.382343337195849, 26.543694830812932 ], [ -82.383583337651402, 26.547144831636956 ], [ -82.384503337995682, 26.549924832302708 ], [ -82.385513338381301, 26.553244833099829 ], [ -82.386543338783198, 26.556934833987814 ], [ -82.38712333901556, 26.559224834540181 ], [ -82.38772333925796, 26.5616648351292 ], [ -82.388223339462741, 26.563794835643826 ], [ -82.388723339672907, 26.566114836205426 ], [ -82.389083339827096, 26.567884836634356 ], [ -82.38963334007255, 26.570934837375031 ], [ -82.389983340234949, 26.573094837900474 ], [ -82.390303340388783, 26.575254838426606 ], [ -82.39221334100219, 26.577454838925973 ], [ -82.394473341731427, 26.580174839545666 ], [ -82.3963433423379, 26.582534840085362 ], [ -82.398063342897714, 26.584774840598833 ], [ -82.399953343515961, 26.587344841189854 ], [ -82.402293344287102, 26.590724841970431 ], [ -82.404843345133941, 26.594634842876978 ], [ -82.406693345753311, 26.59764484357742 ], [ -82.408733346442574, 26.601184844404177 ], [ -82.410673347104179, 26.604764845243089 ], [ -82.413083347930197, 26.60935484632035 ], [ -82.415143348636249, 26.613274847240195 ], [ -82.416603349142449, 26.616254847941839 ], [ -82.41784334957633, 26.618924848572085 ], [ -82.418953349968433, 26.621444849168249 ], [ -82.41980335027047, 26.623434849639601 ], [ -82.420813350624073, 26.625614850154147 ], [ -82.422653351275656, 26.629844851155212 ], [ -82.424403351907401, 26.634284852210062 ], [ -82.425783352414442, 26.638094853117959 ], [ -82.426873352823634, 26.64140485390919 ], [ -82.427983353249161, 26.645084854791193 ], [ -82.429123353699183, 26.649314855808036 ], [ -82.42963335390732, 26.651444856321479 ], [ -82.430353354207028, 26.654654857096435 ], [ -82.431143354552859, 26.658764858091587 ], [ -82.431683354801564, 26.66200485887796 ], [ -82.432233355073947, 26.665964859841612 ], [ -82.432573355260487, 26.669044860593079 ], [ -82.432833355418566, 26.671934861299533 ], [ -82.43304335557346, 26.675214862103267 ], [ -82.433183355707584, 26.678474862903663 ], [ -82.433243355845221, 26.682654863932648 ], [ -82.433173355945357, 26.68683486496451 ], [ -82.433033355998859, 26.690094865771243 ], [ -82.432813356029698, 26.69336486658225 ], [ -82.432493356036517, 26.69680486743745 ], [ -82.432283356043172, 26.699134868016568 ], [ -82.431973356031037, 26.701814868684178 ], [ -82.431553356002865, 26.705034869487381 ], [ -82.431193355966002, 26.707354870067388 ], [ -82.431343356072986, 26.709564870608421 ], [ -82.431523356198184, 26.712104871230075 ], [ -82.431683356333536, 26.715194871987634 ], [ -82.431773356469805, 26.719014872926614 ], [ -82.431763356561703, 26.722294873734835 ], [ -82.431663356638097, 26.725934874633833 ], [ -82.431513356661597, 26.728244875206329 ], [ -82.431373356647271, 26.729144875431231 ], [ -82.431143356681588, 26.732624876293752 ], [ -82.431573356907691, 26.736154877153151 ], [ -82.432993357386536, 26.73855487771106 ], [ -82.434183357790715, 26.740664878202935 ], [ -82.435243358152789, 26.742614878658429 ], [ -82.436183358475603, 26.744404879077237 ], [ -82.437173358817788, 26.746364879536753 ], [ -82.438373359235342, 26.748834880116945 ], [ -82.439143359505451, 26.750494880507706 ], [ -82.440343359928775, 26.753164881137021 ], [ -82.441133360210728, 26.755034881578943 ], [ -82.441893360484073, 26.75690488202159 ], [ -82.442163360581915, 26.757594882185153 ], [ -82.443593361103794, 26.761374883082283 ], [ -82.445053361619301, 26.764634883850643 ], [ -82.447283362353318, 26.767774884571367 ], [ -82.454053364560636, 26.776574886578757 ], [ -82.454953364854674, 26.777764886850552 ], [ -82.455843365145853, 26.778954887122538 ], [ -82.456503365362252, 26.779854887328582 ], [ -82.462015367171617, 26.787433889064296 ], [ -82.307908322757001, 26.788629892966334 ], [ -82.28808531705036, 26.789125893552207 ], [ -82.276146313612927, 26.789422893904604 ], [ -82.273462312840209, 26.789490893984134 ], [ -82.272658312608684, 26.789510894007901 ], [ -82.272642312604091, 26.78951089400827 ], [ -82.27261131259516, 26.789511894009227 ], [ -82.272593312589976, 26.789512894009921 ], [ -82.272261312494408, 26.789520894019596 ], [ -82.272233312486321, 26.789521894020513 ], [ -82.272216312481476, 26.789522894021154 ], [ -82.270914312105518, 26.78951889405063 ], [ -82.270876312094686, 26.789523894052735 ], [ -82.270843312085248, 26.789525894054016 ], [ -82.270813312076598, 26.78952789405518 ], [ -82.270291311926741, 26.789555894074322 ], [ -82.270057311859233, 26.789555894079808 ], [ -82.26986331180305, 26.789550894083057 ], [ -82.26940731167106, 26.789537894090575 ], [ -82.268671311458121, 26.789521894103821 ], [ -82.268615311441948, 26.789520894104886 ], [ -82.268269311341825, 26.789512894111034 ], [ -82.267649311162543, 26.789501894122786 ], [ -82.267592311146032, 26.789500894123876 ], [ -82.267557311135931, 26.789499894124443 ], [ -82.267514311123492, 26.789498894125217 ], [ -82.267474311111897, 26.789497894125898 ], [ -82.26744031110205, 26.789496894126469 ], [ -82.267423311097161, 26.789496894126849 ], [ -82.267400311090526, 26.78949589412715 ], [ -82.267376311083538, 26.789494894127479 ], [ -82.267155311019593, 26.789489894131414 ], [ -82.267056310990924, 26.789487894133238 ], [ -82.267044310987472, 26.789487894133519 ], [ -82.267025310981992, 26.789487894133963 ], [ -82.26698431097013, 26.789486894134672 ], [ -82.266644310871769, 26.789478894140622 ], [ -82.266580310853243, 26.789477894141889 ], [ -82.266494310828335, 26.789475894143408 ], [ -82.266483310825194, 26.78947589414366 ], [ -82.266464310819671, 26.789474894143861 ], [ -82.266217310748189, 26.789468894148175 ], [ -82.265940310668086, 26.789462894153178 ], [ -82.264679310303222, 26.789433894175506 ], [ -82.263114309843729, 26.789168894146851 ], [ -82.261349309325468, 26.788866894113696 ], [ -82.255274307541498, 26.787825893999255 ], [ -82.249819305939511, 26.786890893896373 ], [ -82.248035305423642, 26.78686189393094 ], [ -82.245638304718057, 26.786395893872129 ], [ -82.242634303831878, 26.785743893781678 ], [ -82.242537303802948, 26.78571389377657 ], [ -82.240583303221612, 26.78511989367588 ], [ -82.238934302731906, 26.784652893599315 ], [ -82.238848302706387, 26.784627893595186 ], [ -82.238069302474969, 26.784403893558181 ], [ -82.233917301242002, 26.783225893364929 ], [ -82.231049300397402, 26.782657893291898 ], [ -82.230056300106142, 26.782499893276171 ], [ -82.230008300092024, 26.782491893275338 ], [ -82.229965300079414, 26.782484893274649 ], [ -82.229951300075285, 26.782482893274462 ], [ -82.229885300055955, 26.782472893273518 ], [ -82.22981730003599, 26.782461893272419 ], [ -82.229559299960343, 26.782420893268338 ], [ -82.228069299523199, 26.78218289324446 ], [ -82.226221298984768, 26.782015893246498 ], [ -82.223191298109285, 26.781996893312602 ], [ -82.222406297882472, 26.781992893329978 ], [ -82.221495297612663, 26.781758893293546 ], [ -82.219693297060488, 26.78066089306505 ], [ -82.218121296581373, 26.779792892887784 ], [ -82.216691296131103, 26.778505892603949 ], [ -82.21620729597943, 26.778093892513709 ], [ -82.214379295406431, 26.776536892172516 ], [ -82.213200295029864, 26.775292891893407 ], [ -82.211313294443514, 26.773861891584705 ], [ -82.209847293982349, 26.772557891297435 ], [ -82.208797293655152, 26.771728891117558 ], [ -82.207940293394444, 26.771271891024902 ], [ -82.207493293258452, 26.771033890976646 ], [ -82.205565292687126, 26.770532890898128 ], [ -82.204665292428601, 26.770579890930719 ], [ -82.198629290694626, 26.77089689114975 ], [ -82.191115288523633, 26.770865891317499 ], [ -82.190142288242527, 26.770862891339434 ], [ -82.186732287257286, 26.770848891415596 ], [ -82.185244286827341, 26.77084289144884 ], [ -82.184080286491067, 26.770839891475216 ], [ -82.173480283428432, 26.770807891714686 ], [ -82.157264278743284, 26.770774892084951 ], [ -82.14851127621408, 26.770756892284695 ], [ -82.136403272715896, 26.770754892566661 ], [ -82.127107270027807, 26.77067989276496 ], [ -82.124816269367571, 26.770737892832731 ], [ -82.110060265103485, 26.770731893175405 ], [ -82.102615262950863, 26.770690893338902 ], [ -82.083823257516826, 26.770586893751364 ], [ -82.065031252082051, 26.770482894163852 ], [ -82.064679251980294, 26.770480894171492 ], [ -82.064326251878157, 26.770478894179245 ], [ -82.064237251852447, 26.770478894181331 ], [ -82.064191251839162, 26.770478894182386 ], [ -82.064056251800096, 26.770477894185294 ], [ -82.061071250935768, 26.770427894242538 ], [ -82.059522250487376, 26.770404894272982 ], [ -82.059400250452086, 26.770404894275831 ], [ -82.05927525041578, 26.770398894277257 ], [ -82.058929250315302, 26.770383894281611 ], [ -82.058705250250696, 26.770388894288043 ], [ -82.058395250161368, 26.770396894297285 ], [ -82.054664249085377, 26.770485894406249 ], [ -82.054563249056059, 26.770482894407838 ], [ -82.054232248960318, 26.770479894414773 ], [ -82.053551248763227, 26.770473894429177 ], [ -82.052913248578648, 26.770467894442589 ], [ -82.052884248570265, 26.77046789444325 ], [ -82.052835248556121, 26.770467894444408 ], [ -82.04989224770479, 26.770450894508791 ], [ -82.046095246606583, 26.77043289459284 ], [ -82.046059246596215, 26.770432894593664 ], [ -82.043512245859148, 26.770409894647351 ], [ -82.041618245311099, 26.770392894687348 ], [ -82.041235245200269, 26.770389894695466 ], [ -82.04107824515485, 26.770388894698907 ], [ -82.040729245053896, 26.770385894706276 ], [ -82.038955244540659, 26.770373894744701 ], [ -82.038275244344092, 26.770374894760799 ], [ -82.03817724431569, 26.770371894762349 ], [ -82.038163244311633, 26.770371894762683 ], [ -82.036826243925333, 26.770379894795791 ], [ -82.021848239592146, 26.770292895123347 ], [ -82.017660238380714, 26.770276895216959 ], [ -82.005505234864515, 26.770229895488558 ], [ -81.999826233221825, 26.770215895617429 ], [ -81.989676230285667, 26.770189895847473 ], [ -81.967780223951067, 26.770133896343609 ], [ -81.956574220708646, 26.770102896596949 ], [ -81.936682214952924, 26.77006489705073 ], [ -81.935521214616941, 26.77006289707726 ], [ -81.935038214477203, 26.770061897088262 ], [ -81.934968214456902, 26.770061897089903 ], [ -81.934945214450195, 26.770060897090204 ], [ -81.934923214443842, 26.770060897090723 ], [ -81.934887214433459, 26.77006089709155 ], [ -81.934795214406847, 26.770060897093689 ], [ -81.934309214266193, 26.770059897104765 ], [ -81.933301213974474, 26.77005789712776 ], [ -81.933126213923885, 26.770057897131817 ], [ -81.931542213465463, 26.770054897167963 ], [ -81.931507213455404, 26.770054897168777 ], [ -81.931486213449304, 26.77005489716926 ], [ -81.931471213444965, 26.770054897169615 ], [ -81.931422213430807, 26.770055897171019 ], [ -81.931352213410577, 26.770056897172868 ], [ -81.931336213405913, 26.770055897173005 ], [ -81.931302213394417, 26.769997897159442 ], [ -81.93083821323836, 26.769242896983702 ], [ -81.930554213142031, 26.768753896869534 ], [ -81.930282213048997, 26.76825689675308 ], [ -81.929576212807419, 26.766965896450532 ], [ -81.929514212786188, 26.76685189642382 ], [ -81.92776521218731, 26.763637895670463 ], [ -81.925894211546705, 26.760198894864246 ], [ -81.924641211117702, 26.757895894324307 ], [ -81.923300210658596, 26.755432893746875 ], [ -81.923249210641174, 26.755338893724851 ], [ -81.921823210153022, 26.7527198931108 ], [ -81.921757210130338, 26.752595893081661 ], [ -81.920982209864988, 26.75117189274777 ], [ -81.92055720971949, 26.750390892564614 ], [ -81.920011209532618, 26.749387892329434 ], [ -81.918225208921342, 26.74610989156076 ], [ -81.918111208881925, 26.745886891508288 ], [ -81.918053208862247, 26.745786891484943 ], [ -81.9179422088244, 26.745588891438576 ], [ -81.917709208744526, 26.745155891336971 ], [ -81.917005208503696, 26.743866891034695 ], [ -81.916795208431779, 26.743480890944163 ], [ -81.916074208185123, 26.742160890634679 ], [ -81.915844208106407, 26.741738890535686 ], [ -81.91492620779232, 26.740056890141236 ], [ -81.914804207750322, 26.739822890086256 ], [ -81.914720207720734, 26.739640890043209 ], [ -81.914448207628126, 26.739157889930095 ], [ -81.914227207553196, 26.738776889841045 ], [ -81.913044207148502, 26.736609889332851 ], [ -81.912918207105349, 26.736378889278683 ], [ -81.912483206957148, 26.735601889096685 ], [ -81.91212520683608, 26.734994888954912 ], [ -81.91209820682694, 26.734948888944171 ], [ -81.912067206816388, 26.734894888931578 ], [ -81.911860206746184, 26.734536888847863 ], [ -81.911510206628705, 26.733974888717043 ], [ -81.911341206571919, 26.733699888653007 ], [ -81.910964206445144, 26.733085888509962 ], [ -81.91091220642754, 26.732996888489165 ], [ -81.910810206392995, 26.732822888448492 ], [ -81.910229206196362, 26.731830888216752 ], [ -81.90946020593347, 26.730429887888231 ], [ -81.909321205885945, 26.730175887828619 ], [ -81.909182205838405, 26.729920887768806 ], [ -81.90916920583399, 26.729896887763189 ], [ -81.909139205823649, 26.729840887750004 ], [ -81.908152205485891, 26.728028887324943 ], [ -81.908023205441822, 26.727792887269544 ], [ -81.907061205112669, 26.726027886855466 ], [ -81.906982205085583, 26.725882886821474 ], [ -81.906767205011391, 26.725464886723081 ], [ -81.906693204985388, 26.725305886685508 ], [ -81.906565204940463, 26.725030886620491 ], [ -81.906513204921765, 26.724903886590269 ], [ -81.906215204814714, 26.724181886418652 ], [ -81.905963204721061, 26.723459886245983 ], [ -81.905474204534286, 26.721886885868336 ], [ -81.904689204234515, 26.719359885261674 ], [ -81.90464920421924, 26.719230885230679 ], [ -81.904191204044295, 26.717756884876824 ], [ -81.903809203898362, 26.716525884581241 ], [ -81.903429203753248, 26.715300884287121 ], [ -81.903311203708057, 26.714917884195149 ], [ -81.903117203634906, 26.714324884052939 ], [ -81.90297220358093, 26.713907883953187 ], [ -81.902853203535855, 26.71353688386419 ], [ -81.902720203485231, 26.71311488376287 ], [ -81.902548203418434, 26.712522883620458 ], [ -81.902375203368706, 26.712533883627231 ], [ -81.902238203317879, 26.712143883533912 ], [ -81.902104203267044, 26.711723883433184 ], [ -81.901907203193417, 26.711145883294758 ], [ -81.901831203165031, 26.710922883241384 ], [ -81.901442203022498, 26.709880882992664 ], [ -81.900883202818733, 26.708418882644022 ], [ -81.900662202737266, 26.707807882498049 ], [ -81.900655202734654, 26.707787882493236 ], [ -81.900526202685072, 26.707359882390364 ], [ -81.900496202673452, 26.707258882366059 ], [ -81.900362202620315, 26.706758882245499 ], [ -81.900252202574691, 26.706278882129329 ], [ -81.900162202535171, 26.705809882015391 ], [ -81.900111202511056, 26.705483881935976 ], [ -81.900104202507833, 26.70544088192549 ], [ -81.900092202501725, 26.70534988190326 ], [ -81.900082202496549, 26.70526988188368 ], [ -81.900080202495445, 26.705250881879028 ], [ -81.900070202490156, 26.705168881859009 ], [ -81.900057202483566, 26.705068881834542 ], [ -81.900004202451782, 26.704497881694529 ], [ -81.89995820242126, 26.703897881547185 ], [ -81.899952202412194, 26.703641881484025 ], [ -81.899952202401039, 26.703253881388044 ], [ -81.899962202392018, 26.7028378812849 ], [ -81.899982202388713, 26.702522881206505 ], [ -81.899990202387144, 26.702385881172443 ], [ -81.900027202384635, 26.701926881058075 ], [ -81.900234202391189, 26.700066880593138 ], [ -81.900277202389432, 26.699571880469698 ], [ -81.900336202390292, 26.699007880328821 ], [ -81.900401202399507, 26.698673880244677 ], [ -81.900488202404645, 26.697974880069758 ], [ -81.900618202409959, 26.696847879787946 ], [ -81.901054202351503, 26.690411878185589 ], [ -81.901125202341959, 26.689363877924723 ], [ -81.901177202335077, 26.688596877733747 ], [ -81.901231202328049, 26.687806877536989 ], [ -81.901267202320412, 26.687176877380292 ], [ -81.901300202315653, 26.68667887725632 ], [ -81.901328202315753, 26.686399877186641 ], [ -81.901425202300771, 26.684895876812284 ], [ -81.90145620229778, 26.684479876708661 ], [ -81.901487202292984, 26.68399987658913 ], [ -81.901511202289001, 26.683619876494554 ], [ -81.901523202283926, 26.68331987642005 ], [ -81.901528202277476, 26.683044876351889 ], [ -81.901527202268397, 26.682737876275947 ], [ -81.901519202258655, 26.682477876211827 ], [ -81.901505202248629, 26.682269876160639 ], [ -81.90148420223494, 26.682004876095597 ], [ -81.901469202225542, 26.681826876051918 ], [ -81.901421202204489, 26.681578875991654 ], [ -81.901364202180929, 26.681330875931604 ], [ -81.90125920214048, 26.68097987584715 ], [ -81.901149202099219, 26.680650875768322 ], [ -81.901050202062905, 26.68038187570404 ], [ -81.900926202018468, 26.680084875633376 ], [ -81.90083320198589, 26.679886875586579 ], [ -81.90073520195196, 26.679690875540309 ], [ -81.900656201924946, 26.679547875506792 ], [ -81.900517201877562, 26.67929687544785 ], [ -81.900480201865079, 26.679233875433138 ], [ -81.900405201839718, 26.679106875403424 ], [ -81.900152201755944, 26.678737875317999 ], [ -81.899899201673321, 26.6784088752424 ], [ -81.899749201624886, 26.678233875202551 ], [ -81.899583201571318, 26.678039875158426 ], [ -81.89890420135346, 26.677292874989217 ], [ -81.898406201193978, 26.676756874868119 ], [ -81.898127201104273, 26.676443874797101 ], [ -81.897900201031632, 26.676200874742221 ], [ -81.897671200958058, 26.675944874684177 ], [ -81.896344200532823, 26.674504874358483 ], [ -81.895843200371971, 26.673949874232679 ], [ -81.895597200293125, 26.67368187417204 ], [ -81.895159200152733, 26.673205874064362 ], [ -81.894983200096149, 26.673008874019665 ], [ -81.894963200089805, 26.672987874014936 ], [ -81.894810200040808, 26.672823873977865 ], [ -81.894666199994504, 26.672661873941131 ], [ -81.894456199927234, 26.672434873889816 ], [ -81.89415419983041, 26.672104873815105 ], [ -81.893763199704992, 26.671676873718187 ], [ -81.89347919961412, 26.671371873649246 ], [ -81.889783198428816, 26.667327872733733 ], [ -81.889679198395513, 26.667213872707915 ], [ -81.888924198153589, 26.666395872522852 ], [ -81.888585198044723, 26.666018872437409 ], [ -81.888404197986588, 26.66581787239182 ], [ -81.88672719744882, 26.663982871976295 ], [ -81.886640197420903, 26.663886871954553 ], [ -81.886280197305453, 26.663492871865316 ], [ -81.885899197182951, 26.663064871768157 ], [ -81.885632197095973, 26.662724871690173 ], [ -81.885316196991766, 26.662278871587102 ], [ -81.884980196881202, 26.661812871479473 ], [ -81.884686196783704, 26.66137887137883 ], [ -81.884041196568432, 26.660378871146168 ], [ -81.883593196420293, 26.659729870995822 ], [ -81.883549196405852, 26.659669870982022 ], [ -81.883509196392595, 26.659611870968561 ], [ -81.883419196361999, 26.659452870931293 ], [ -81.883177196280542, 26.659052870837844 ], [ -81.882926196197104, 26.65867587075034 ], [ -81.882594196086274, 26.65815987063025 ], [ -81.882509196057953, 26.658029870600014 ], [ -81.882136195934294, 26.657478870472168 ], [ -81.88189219585314, 26.657109870386474 ], [ -81.881904195856379, 26.657100870383996 ], [ -81.882053195896177, 26.656986870352338 ], [ -81.88206819590026, 26.656975870349239 ], [ -81.88241819599331, 26.656689870270352 ], [ -81.888320197571346, 26.652142869008472 ], [ -81.889640197923129, 26.65108486871609 ], [ -81.890272198091921, 26.65059186857944 ], [ -81.89422419914753, 26.647509867725322 ], [ -81.894703199272257, 26.647023867593926 ], [ -81.895345199437386, 26.646300867400107 ], [ -81.897237199927019, 26.6442748668549 ], [ -81.897384199965074, 26.64411886681286 ], [ -81.897883200094157, 26.643582866668645 ], [ -81.902591201312191, 26.63852886530881 ], [ -81.905134201970142, 26.63579986457443 ], [ -81.90559520208943, 26.635303864440996 ], [ -81.907296202529395, 26.63347586394918 ], [ -81.912519203880123, 26.627848862435517 ], [ -81.912534203884476, 26.627848862435187 ], [ -81.912633203910232, 26.627747862407904 ], [ -81.912576203884839, 26.627434862331707 ], [ -81.912233203732782, 26.625581861880747 ], [ -81.912120203682704, 26.624971861732309 ], [ -81.913675204133199, 26.624992861701653 ], [ -81.913522204077168, 26.624579861602911 ], [ -81.913450204047479, 26.62426886152755 ], [ -81.913419204031655, 26.624028861468855 ], [ -81.913145203890878, 26.621870860940721 ], [ -81.912637203639704, 26.61821186004622 ], [ -81.912085203366701, 26.61423485907396 ], [ -81.91176620320897, 26.611935858511888 ], [ -81.911312202984448, 26.60866085771109 ], [ -81.910357202701022, 26.608411857671367 ], [ -81.909029202307224, 26.608075857618665 ], [ -81.909005202294509, 26.607872857568946 ], [ -81.907596201877027, 26.607526857515644 ], [ -81.90712620173781, 26.607412857498222 ], [ -81.904314200904096, 26.606706857387927 ], [ -81.904137200776844, 26.604033856729849 ], [ -81.904091200744062, 26.603348856561194 ], [ -81.902542200265472, 26.602279856331961 ], [ -81.902170200150309, 26.60201485627486 ], [ -81.901813200040067, 26.601770856222597 ], [ -81.901457199929922, 26.601519856168618 ], [ -81.901064199808587, 26.601249856110744 ], [ -81.900649199680132, 26.600956856047691 ], [ -81.898266198944015, 26.599317855696377 ], [ -81.897834198810187, 26.599006855629206 ], [ -81.897015198557341, 26.598447855509495 ], [ -81.896465198387119, 26.598059855426044 ], [ -81.895783198176574, 26.597593855326263 ], [ -81.895567198110143, 26.597456855297249 ], [ -81.895344198041968, 26.597328855270675 ], [ -81.895114197972063, 26.59720985524644 ], [ -81.894878197900695, 26.597100855224902 ], [ -81.894751197862448, 26.59704885521489 ], [ -81.894759197861902, 26.596948855189954 ], [ -81.894779197860345, 26.596690855125551 ], [ -81.894862197871419, 26.5962338550104 ], [ -81.89495719788404, 26.595710854878654 ], [ -81.895122197910979, 26.594978854693466 ], [ -81.895619198010877, 26.593432854299007 ], [ -81.895649198017907, 26.593375854284162 ], [ -81.895329197924184, 26.593334854281341 ], [ -81.89513819787112, 26.593412854305083 ], [ -81.895029197839889, 26.593424854310527 ], [ -81.894473197680895, 26.593489854339406 ], [ -81.894454197675486, 26.593492854340578 ], [ -81.893780197473845, 26.593259854298346 ], [ -81.893300197320613, 26.592754854184253 ], [ -81.893354197336222, 26.592754854183021 ], [ -81.893213197289498, 26.592545854134421 ], [ -81.8930901972534, 26.592529854133304 ], [ -81.892633197116936, 26.592379854106603 ], [ -81.892500197087742, 26.592706854190681 ], [ -81.89248019708333, 26.592755854203343 ], [ -81.892460197078734, 26.592797854214144 ], [ -81.892421197067151, 26.592785854212099 ], [ -81.892268197033189, 26.5931498543058 ], [ -81.892255197030309, 26.593180854313811 ], [ -81.89214919699954, 26.593175854314975 ], [ -81.891965196945989, 26.593166854316987 ], [ -81.890939196649455, 26.593177854343224 ], [ -81.890940196650902, 26.593218854353399 ], [ -81.889955196366202, 26.593230854379005 ], [ -81.888357195904263, 26.593247854419872 ], [ -81.884638194829449, 26.59329385451672 ], [ -81.884116194678597, 26.593300854530408 ], [ -81.883698194557809, 26.593307854541724 ], [ -81.883693194548513, 26.593030854473199 ], [ -81.883718194473346, 26.590129853753712 ], [ -81.883722194462123, 26.589693853645606 ], [ -81.883723194459094, 26.589577853616749 ], [ -81.884509194685876, 26.5895538535928 ], [ -81.88450819469, 26.589708853631237 ], [ -81.884616194721303, 26.589710853629235 ], [ -81.884618194725192, 26.589827853658232 ], [ -81.888177195753229, 26.589763853560669 ], [ -81.888322195795283, 26.589765853557825 ], [ -81.89001919628555, 26.589738853512213 ], [ -81.88999819620291, 26.587042852844537 ], [ -81.889935196098406, 26.584003852092827 ], [ -81.889930196090845, 26.58378885203965 ], [ -81.889922196083631, 26.583614851996725 ], [ -81.889918196079421, 26.583508851970542 ], [ -81.889921196062303, 26.582873851813101 ], [ -81.889919196058003, 26.582741851780415 ], [ -81.889915196049856, 26.582497851720053 ], [ -81.887921195473496, 26.582518851770999 ], [ -81.887521195358104, 26.582531851783404 ], [ -81.887129195244896, 26.58253885179413 ], [ -81.885863194879107, 26.582558851828129 ], [ -81.883910194314836, 26.58258885188037 ], [ -81.883907194310467, 26.582466851850207 ], [ -81.883885194268856, 26.581222851542346 ], [ -81.883871194232754, 26.580093851262827 ], [ -81.883883194214008, 26.579311851068724 ], [ -81.88386019414942, 26.577269850563134 ], [ -81.883825194132967, 26.577045850508409 ], [ -81.883805194121322, 26.576839850457823 ], [ -81.883788194109016, 26.576579850393721 ], [ -81.883786194086042, 26.575789850197957 ], [ -81.883785194074022, 26.575375850095369 ], [ -81.881880193523202, 26.575391850142989 ], [ -81.875928191802359, 26.575445850292876 ], [ -81.875681191730905, 26.575445850298539 ], [ -81.875678191739894, 26.575793850384848 ], [ -81.875737191794741, 26.577124850713435 ], [ -81.875741191810121, 26.57762585083756 ], [ -81.87574119184481, 26.578849851140951 ], [ -81.875738191860819, 26.579443851288246 ], [ -81.875735191874995, 26.579974851419959 ], [ -81.875731191898666, 26.580850851637209 ], [ -81.872234190888122, 26.58090185173004 ], [ -81.872148190863228, 26.580901851732012 ], [ -81.871994190818683, 26.580902851735782 ], [ -81.871823190769291, 26.580904851740204 ], [ -81.871797190791597, 26.581955852001336 ], [ -81.871791190811123, 26.582706852187606 ], [ -81.871791190815472, 26.582859852225539 ], [ -81.87179719083008, 26.583311852337435 ], [ -81.871804190844983, 26.583766852450058 ], [ -81.871807190876396, 26.584842852716697 ], [ -81.871796190893306, 26.585549852892221 ], [ -81.871797190910826, 26.586156853042656 ], [ -81.871809190929682, 26.586699853176963 ], [ -81.871814191012845, 26.589578853890423 ], [ -81.871814191020121, 26.589835853954096 ], [ -81.871631190967392, 26.589842853960011 ], [ -81.869884190462102, 26.589851854002376 ], [ -81.869610190382829, 26.58985485400941 ], [ -81.869581190425791, 26.591662854458146 ], [ -81.869648190445204, 26.591662854456608 ], [ -81.871074190857328, 26.591644854419414 ], [ -81.871495190979317, 26.591648854410728 ], [ -81.871607191011705, 26.59164785440791 ], [ -81.87157019104967, 26.59335985483305 ], [ -81.871629191072458, 26.593562854881995 ], [ -81.871565191053918, 26.593561854883237 ], [ -81.870249190672794, 26.593551854910995 ], [ -81.869226190376239, 26.59353485493024 ], [ -81.867299189818482, 26.593530854973519 ], [ -81.867220189795191, 26.593516854971821 ], [ -81.86714718977349, 26.593496854968599 ], [ -81.866990189726437, 26.593439854958071 ], [ -81.866938189710552, 26.593409854951819 ], [ -81.866701189637155, 26.593241854915608 ], [ -81.86654118958738, 26.593118854888814 ], [ -81.86639318954127, 26.593002854863482 ], [ -81.866210189483894, 26.592848854829501 ], [ -81.86614518946385, 26.592803854819834 ], [ -81.866082189444583, 26.59276785481234 ], [ -81.866010189422965, 26.592739854807064 ], [ -81.865933189400181, 26.592723854804863 ], [ -81.865783189356719, 26.592721854807806 ], [ -81.865702189333675, 26.592734854812907 ], [ -81.865628189312901, 26.592756854820067 ], [ -81.865554189292396, 26.592790854830152 ], [ -81.865488189274515, 26.592833854842343 ], [ -81.865424189257681, 26.592890854857952 ], [ -81.865068189165015, 26.593256854956824 ], [ -81.864996189145927, 26.593317854973616 ], [ -81.864905189121231, 26.593376854990289 ], [ -81.86482118909808, 26.59341685500215 ], [ -81.864630189044505, 26.593477855021654 ], [ -81.864547189020925, 26.593491855027015 ], [ -81.864346188962912, 26.593497855033156 ], [ -81.86047118784127, 26.593491855120586 ], [ -81.85870618733027, 26.593486855159863 ], [ -81.85664218673287, 26.593486855207267 ], [ -81.856542186703678, 26.593476855207086 ], [ -81.855911186520459, 26.593456855216601 ], [ -81.855570186421872, 26.593459855225177 ], [ -81.855488186398148, 26.593460855227303 ], [ -81.85542218637903, 26.593459855228573 ], [ -81.855304186344824, 26.593457855230803 ], [ -81.855293186341655, 26.593457855231044 ], [ -81.855205186156283, 26.587826853837289 ], [ -81.855077186119289, 26.587828853840715 ], [ -81.854869186059204, 26.587832853846482 ], [ -81.853423185641461, 26.58785885388609 ], [ -81.853297185605015, 26.587860853889467 ], [ -81.853297185601676, 26.587742853860238 ], [ -81.853298185601375, 26.587721853855015 ], [ -81.853295185594703, 26.587517853804513 ], [ -81.853278185558921, 26.586430853535468 ], [ -81.847440183872138, 26.586534853695149 ], [ -81.847440183872536, 26.586547853698406 ], [ -81.847440183876017, 26.586671853729111 ], [ -81.847544183906095, 26.586670853726485 ], [ -81.848558184199078, 26.58665285369878 ], [ -81.848565184213825, 26.587100853809634 ], [ -81.848566184215855, 26.58716185382476 ], [ -81.847687183961881, 26.587177853848907 ], [ -81.847441183890794, 26.587181853855526 ], [ -81.847321183856067, 26.587182853858504 ], [ -81.847324183865126, 26.587469853929612 ], [ -81.847342183894924, 26.588337854144349 ], [ -81.847351183922569, 26.589218854362596 ], [ -81.847363183949824, 26.590057854570293 ], [ -81.847369183955038, 26.590177854599865 ], [ -81.843325182786387, 26.590245854709519 ], [ -81.841318182206436, 26.590279854764042 ], [ -81.839594181708208, 26.590308854810772 ], [ -81.839486181677216, 26.590317854815449 ], [ -81.839318181631, 26.59040185484016 ], [ -81.839296181624633, 26.590402854840899 ], [ -81.839328181669615, 26.591661855152278 ], [ -81.839413181787961, 26.594961855968378 ], [ -81.839453181799541, 26.594961855967465 ], [ -81.839454181800349, 26.594979855971847 ], [ -81.840695182158072, 26.594927855930511 ], [ -81.840920182223201, 26.594927855925345 ], [ -81.840979182240247, 26.594925855923506 ], [ -81.840986182283075, 26.596362856279544 ], [ -81.840979182281885, 26.596391856286886 ], [ -81.840959182285275, 26.59671485636737 ], [ -81.840947182291586, 26.597060856453446 ], [ -81.840959182305696, 26.597433856545603 ], [ -81.840957182311527, 26.597659856601659 ], [ -81.839526181897924, 26.597682856640223 ], [ -81.839045181758934, 26.597689856653037 ], [ -81.838800181688129, 26.597693856659642 ], [ -81.838423181579486, 26.59771085667251 ], [ -81.838387181569132, 26.597712856673841 ], [ -81.838389181563855, 26.597506856622733 ], [ -81.838419181572462, 26.597504856621569 ], [ -81.838421181570311, 26.597408856597678 ], [ -81.838415181564216, 26.597254856559641 ], [ -81.838419181554727, 26.596880856466878 ], [ -81.838414181528535, 26.596007856250573 ], [ -81.838405181523981, 26.595940856234176 ], [ -81.838383181515766, 26.595875856218576 ], [ -81.83833418150013, 26.595824856207052 ], [ -81.838268181480075, 26.595791856200368 ], [ -81.838065181421143, 26.595785856203552 ], [ -81.837595181285451, 26.595798856217584 ], [ -81.837516181262387, 26.595790856217373 ], [ -81.837448181241868, 26.59576085621152 ], [ -81.837390181223228, 26.595696856196977 ], [ -81.837364181213431, 26.59561685617777 ], [ -81.837345181166157, 26.594145855813544 ], [ -81.837334181138658, 26.593288855601344 ], [ -81.836724180962293, 26.593295855617122 ], [ -81.836721180957724, 26.593164855584696 ], [ -81.836716180949367, 26.592923855525068 ], [ -81.835289180536876, 26.592942855562548 ], [ -81.835286180499281, 26.591648855241793 ], [ -81.835271180463195, 26.590531854965249 ], [ -81.831315179319589, 26.590584855069142 ], [ -81.831308179291597, 26.589670854842737 ], [ -81.833306179869183, 26.589642854789918 ], [ -81.833305179867651, 26.589599854779266 ], [ -81.83329817985657, 26.589279854700127 ], [ -81.833293179848667, 26.589053854644185 ], [ -81.833296179840048, 26.588717854560823 ], [ -81.83326117982989, 26.588717854561636 ], [ -81.831310179265913, 26.588745854613364 ], [ -81.831297179252559, 26.588406854529556 ], [ -81.831280179153666, 26.58509685370932 ], [ -81.832712179567437, 26.585068853669554 ], [ -81.833115179683915, 26.585062853658833 ], [ -81.837231180873161, 26.584986853545608 ], [ -81.837254180878475, 26.584938853533117 ], [ -81.837758181022735, 26.584880853507226 ], [ -81.838511181240179, 26.584862853485465 ], [ -81.838782181318663, 26.584864853479747 ], [ -81.838961181370706, 26.584872853477602 ], [ -81.839189181437348, 26.584895853478127 ], [ -81.839183181430585, 26.584717853434142 ], [ -81.839172181418917, 26.58441785335998 ], [ -81.839169181415187, 26.584318853335532 ], [ -81.839148181374256, 26.583090853031525 ], [ -81.839102181306714, 26.581178852558523 ], [ -81.83909618128223, 26.580375852359591 ], [ -81.840856181790855, 26.580346852312012 ], [ -81.841125181868591, 26.580343852305131 ] ] ] ] } }
]
}
