{
"type": "FeatureCollection",
"name": "DISTRICT_20",
"crs": { "type": "name", "properties": { "name": "urn:ogc:def:crs:OGC:1.3:CRS84" } },
"xy_coordinate_resolution": 1e-15,
"features": [
{ "type": "Feature", "properties": { "LONGNAME": "District 20", "SHORTNAME": "D20", "DISTRICT": 20, "COLOR": -174595750, "TOTAL": 769221, "TARGET_DEV": 0 }, "geometry": { "type": "MultiPolygon", "coordinates": [ [ [ [ -80.282262719459297, 26.25842680694296 ], [ -80.282146719425327, 26.258423806944794 ], [ -80.282140719440491, 26.2590488071023 ], [ -80.282142719444153, 26.259159807130228 ], [ -80.282274719482714, 26.25916080712755 ], [ -80.282277719490054, 26.259396807186878 ], [ -80.282288719512536, 26.260106807365442 ], [ -80.282292719520143, 26.260343807425016 ], [ -80.282294719524856, 26.260495807463261 ], [ -80.28230071953908, 26.260952807578171 ], [ -80.282303719544103, 26.261105807616648 ], [ -80.282190719510879, 26.261098807617397 ], [ -80.282196719525302, 26.261565807734812 ], [ -80.282194719529173, 26.261729807776199 ], [ -80.282192719535232, 26.261972807837434 ], [ -80.282192719542067, 26.262224807900886 ], [ -80.282197719549444, 26.262442807955626 ], [ -80.282213719572994, 26.263136808130017 ], [ -80.282231719593923, 26.263714808275186 ], [ -80.282229719597922, 26.263882808317515 ], [ -80.282295719617224, 26.26388280831604 ], [ -80.282345719631905, 26.263883808315192 ], [ -80.282345719633071, 26.263926808326023 ], [ -80.282347719638352, 26.264099808369568 ], [ -80.282353719654239, 26.26461980850036 ], [ -80.282356719659816, 26.264793808544102 ], [ -80.282358719664629, 26.264949808583356 ], [ -80.28236471967918, 26.265420808701805 ], [ -80.282366719684035, 26.265577808741305 ], [ -80.282367719686889, 26.265668808764183 ], [ -80.282370719695209, 26.265942808833099 ], [ -80.282372719698259, 26.266034808856237 ], [ -80.282375719705456, 26.266266808914569 ], [ -80.282384719726991, 26.266962809089591 ], [ -80.282387719734189, 26.267195809148223 ], [ -80.282389719740124, 26.267390809197249 ], [ -80.282396719758111, 26.267977809344881 ], [ -80.282399719764314, 26.268173809394181 ], [ -80.282400719766045, 26.268226809407494 ], [ -80.282411719785756, 26.268833809560068 ], [ -80.28244771984582, 26.270654810017749 ], [ -80.282459719865912, 26.271262810170555 ], [ -80.282465719876342, 26.27158181025073 ], [ -80.282483719907688, 26.27254081049178 ], [ -80.282487719913718, 26.272719810536788 ], [ -80.282490719918414, 26.272860810572176 ], [ -80.282339719874201, 26.27285881057503 ], [ -80.282031719784115, 26.272854810580867 ], [ -80.280654719381133, 26.272839810607501 ], [ -80.280195719246848, 26.272834810616398 ], [ -80.279777719124525, 26.272830810624651 ], [ -80.278525718758274, 26.272819810649544 ], [ -80.278108718636275, 26.272816810658032 ], [ -80.278033718614324, 26.272815810659413 ], [ -80.277808718548471, 26.272812810663662 ], [ -80.277734718526887, 26.272812810665293 ], [ -80.277547718472107, 26.272810810668947 ], [ -80.277479718452199, 26.272809810670193 ], [ -80.276715718228658, 26.272802810685327 ], [ -80.276461718154394, 26.272800810690448 ], [ -80.27606571803841, 26.272791810696912 ], [ -80.274877717690444, 26.272766810716892 ], [ -80.274481717574432, 26.272758810723666 ], [ -80.27441171755396, 26.272757810724958 ], [ -80.274201717492488, 26.272754810728802 ], [ -80.274131717472045, 26.272754810730355 ], [ -80.273815717379534, 26.272750810736344 ], [ -80.272870717103075, 26.272741810754997 ], [ -80.272555717010889, 26.272738810761204 ], [ -80.272258716924028, 26.272736810767292 ], [ -80.271367716663391, 26.272731810785668 ], [ -80.271071716576841, 26.272730810791973 ], [ -80.270972716547817, 26.272728810793669 ], [ -80.27067671646121, 26.272725810799461 ], [ -80.270578716432553, 26.272724810801389 ], [ -80.270249716336224, 26.272719810807427 ], [ -80.269264716047985, 26.272707810826155 ], [ -80.26893671595198, 26.2727038108324 ], [ -80.268418715800337, 26.272695810841871 ], [ -80.266867715346308, 26.272673810870614 ], [ -80.26635071519496, 26.272666810880306 ], [ -80.266194715149311, 26.27266481088321 ], [ -80.265726715012292, 26.272658810892054 ], [ -80.265571714966981, 26.272656810894986 ], [ -80.26543971492832, 26.272654810897407 ], [ -80.265046714813295, 26.272649810904845 ], [ -80.264915714774943, 26.272648810907498 ], [ -80.264021714513305, 26.272636810924219 ], [ -80.261339713728319, 26.272602810974998 ], [ -80.260446713466905, 26.272591810991941 ], [ -80.25936671315074, 26.272575811011826 ], [ -80.258653712941992, 26.272565811025043 ], [ -80.257462712593366, 26.272550811047577 ], [ -80.254197711637701, 26.272509811109501 ], [ -80.252099711023959, 26.272496811152589 ], [ -80.250234710477756, 26.272462811185228 ], [ -80.250094710436784, 26.272460811187827 ], [ -80.249733710331114, 26.272455811194551 ], [ -80.248650710014076, 26.272440811214757 ], [ -80.248290709908687, 26.272435811221431 ], [ -80.247991709821179, 26.272431811227037 ], [ -80.247097709559426, 26.272419811243807 ], [ -80.246799709472242, 26.272416811249585 ], [ -80.246704709444444, 26.272415811251438 ], [ -80.246419709361078, 26.272414811257502 ], [ -80.246325709333604, 26.272414811259576 ], [ -80.244540708810987, 26.272389811292747 ], [ -80.244411708773256, 26.272387811295104 ], [ -80.242532708223123, 26.272361811330114 ], [ -80.242409708187125, 26.272359811332333 ], [ -80.242042708079666, 26.272355811339455 ], [ -80.241920708044006, 26.272354811341881 ], [ -80.241648707964373, 26.272350811346914 ], [ -80.240833707725841, 26.272341811362629 ], [ -80.240562707646518, 26.272338811367874 ], [ -80.239775707416186, 26.272329811383027 ], [ -80.237986706893523, 26.272346811426807 ], [ -80.236726706524138, 26.272311811445881 ], [ -80.236214706374597, 26.272315811458199 ], [ -80.23589170627983, 26.272305811462854 ], [ -80.234868705979736, 26.272268811476131 ], [ -80.234756705946921, 26.272266811478108 ], [ -80.234420705848549, 26.272261811484281 ], [ -80.234308705815749, 26.272260811486529 ], [ -80.234197705783245, 26.272258811488406 ], [ -80.234176705777102, 26.272258811488875 ], [ -80.233781705661471, 26.272252811496102 ], [ -80.23365070562312, 26.272251811498744 ], [ -80.232853705389715, 26.27223981151338 ], [ -80.230462704689685, 26.272206811557904 ], [ -80.229665704456352, 26.272195811572772 ], [ -80.228939704243828, 26.272187811586761 ], [ -80.22676270360661, 26.272163811628864 ], [ -80.226037703394425, 26.272155811642879 ], [ -80.22565070328092, 26.272145811648883 ], [ -80.225274703170825, 26.272137811655199 ], [ -80.22462470298052, 26.272129811667572 ], [ -80.224489702940986, 26.272128811670314 ], [ -80.22428270288043, 26.272126811674404 ], [ -80.224103702828103, 26.272126811678348 ], [ -80.22389570276718, 26.272125811682695 ], [ -80.223673702702314, 26.272125811687605 ], [ -80.223315702598185, 26.272145811700508 ], [ -80.223273702586056, 26.272151811702987 ], [ -80.223069702527312, 26.272185811716035 ], [ -80.223069702525351, 26.272113811697889 ], [ -80.223070702522179, 26.271985811665626 ], [ -80.222807702446786, 26.272041811685568 ], [ -80.222510702359898, 26.272039811691641 ], [ -80.218443701169079, 26.271984811767641 ], [ -80.218350701141844, 26.271983811769459 ], [ -80.217883701005135, 26.271978811778549 ], [ -80.215221700225953, 26.271951811830576 ], [ -80.21459170004124, 26.271933811839947 ], [ -80.213239699645356, 26.271914811865049 ], [ -80.212607699460307, 26.271906811877024 ], [ -80.211566699155497, 26.271892811896461 ], [ -80.210995698988285, 26.271884811907103 ], [ -80.210792698928842, 26.271881811910831 ], [ -80.210013698700763, 26.271870811925265 ], [ -80.209804698639601, 26.27186881192938 ], [ -80.209179698456666, 26.271863811941955 ], [ -80.208971698395843, 26.271862811946303 ], [ -80.208471698249653, 26.27186681195834 ], [ -80.206973697811975, 26.271880811994997 ], [ -80.206474697666181, 26.27188581200728 ], [ -80.205540697392848, 26.271879812026416 ], [ -80.205025697242135, 26.271875812036743 ], [ -80.204374697051634, 26.27187181205014 ], [ -80.202740696573514, 26.271861812083763 ], [ -80.202389696470775, 26.271859812091019 ], [ -80.202065696375996, 26.271857812097664 ], [ -80.201807696300492, 26.271856812103117 ], [ -80.201869696379092, 26.274080812661918 ], [ -80.201794696357183, 26.274080812663573 ], [ -80.201696696328455, 26.274079812665502 ], [ -80.200718696042159, 26.274068812684366 ], [ -80.196779694888974, 26.274025812760591 ], [ -80.194676694273411, 26.27400681280227 ], [ -80.19466069426872, 26.274006812802639 ], [ -80.194579694244993, 26.274005812804187 ], [ -80.193515693933591, 26.273997812825709 ], [ -80.192699693694308, 26.273973812837674 ], [ -80.192700693698512, 26.274117812873914 ], [ -80.192524693646916, 26.274114812877034 ], [ -80.192379693604408, 26.274110812879258 ], [ -80.191990693490382, 26.274102812885815 ], [ -80.191800693434715, 26.274097812888758 ], [ -80.19131369329196, 26.274086812896769 ], [ -80.191234693268868, 26.274085812898267 ], [ -80.191045693213425, 26.274081812901393 ], [ -80.190629693091523, 26.274071812908108 ], [ -80.189384692726591, 26.274042812928336 ], [ -80.188969692604957, 26.274033812935183 ], [ -80.188463692456651, 26.274021812943406 ], [ -80.188306692410634, 26.274017812945857 ], [ -80.186945692011662, 26.273985812967844 ], [ -80.186446691865413, 26.273974812976121 ], [ -80.186378691845476, 26.273972812977156 ], [ -80.186263691811774, 26.273969812978862 ], [ -80.185988691731197, 26.273963812983443 ], [ -80.18463269133369, 26.273931813005376 ], [ -80.184181691201459, 26.273921813012816 ], [ -80.183826691097806, 26.273926813021959 ], [ -80.182760690786466, 26.273944813049994 ], [ -80.182406690683152, 26.273951813059625 ], [ -80.181650690462462, 26.273968813080572 ], [ -80.179385689801393, 26.274022813144267 ], [ -80.178630689581098, 26.274041813165741 ], [ -80.177761689327411, 26.274060813189685 ], [ -80.176073688834677, 26.274097813236331 ], [ -80.175155688566846, 26.27412181326266 ], [ -80.174797688462391, 26.274131813273119 ], [ -80.174287688313413, 26.274139813286407 ], [ -80.173295688023686, 26.274155813312348 ], [ -80.170319687154546, 26.274206813390968 ], [ -80.169630686953354, 26.274219813409477 ], [ -80.169337686867777, 26.274224813417195 ], [ -80.169247686841516, 26.274226813419684 ], [ -80.16921968683333, 26.274226813420306 ], [ -80.16916668681786, 26.274227813421724 ], [ -80.169048686783256, 26.27422581342384 ], [ -80.168973686761419, 26.274228813426244 ], [ -80.169034686843091, 26.27657581401618 ], [ -80.169076686929984, 26.279317814706019 ], [ -80.169084686950498, 26.279987814874641 ], [ -80.169106687005311, 26.28176581532205 ], [ -80.169139687084325, 26.284315815963666 ], [ -80.169154687134011, 26.285979816382508 ], [ -80.169149687159361, 26.286964816630721 ], [ -80.169181687221169, 26.288891817115346 ], [ -80.169013687172239, 26.288898817120884 ], [ -80.169014687174212, 26.288960817136434 ], [ -80.169016687178228, 26.289086817168137 ], [ -80.168748687099821, 26.289086817174066 ], [ -80.168639687067909, 26.289085817176225 ], [ -80.167679686786755, 26.289072817194164 ], [ -80.165284686084533, 26.289013817232327 ], [ -80.164772685934935, 26.289020817245408 ], [ -80.164585685880283, 26.289022817250032 ], [ -80.161915685100382, 26.28906381731943 ], [ -80.159487684391109, 26.289101817382733 ], [ -80.157206683724766, 26.289136817441978 ], [ -80.156072683393475, 26.289152817471113 ], [ -80.15492668305869, 26.289170817500992 ], [ -80.154132682826742, 26.289182817521546 ], [ -80.153652682686555, 26.289189817533927 ], [ -80.153367682603232, 26.289193817541271 ], [ -80.153267682574025, 26.289195817543977 ], [ -80.153062682514033, 26.289194817548285 ], [ -80.153009682498521, 26.289193817549187 ], [ -80.152792682434907, 26.289190817553195 ], [ -80.152719682413419, 26.289184817553299 ], [ -80.152559682365933, 26.289159817550551 ], [ -80.15256068237305, 26.289410817613756 ], [ -80.152369682320398, 26.289527817647436 ], [ -80.15236968232243, 26.289602817666385 ], [ -80.15236968232864, 26.289830817723811 ], [ -80.152369682330701, 26.289906817742914 ], [ -80.152369682335831, 26.290094817790308 ], [ -80.152369682351249, 26.29066181793312 ], [ -80.15237068235669, 26.290850817980697 ], [ -80.151884682214828, 26.290863817994744 ], [ -80.150575681832947, 26.290901818033237 ], [ -80.150428681790032, 26.290906818037787 ], [ -80.14994368164858, 26.290921818052247 ], [ -80.149908681638593, 26.290931818055583 ], [ -80.149637681560833, 26.290987818075649 ], [ -80.149539681532517, 26.290998818080606 ], [ -80.149263681452652, 26.291030818094789 ], [ -80.148309681174055, 26.291051818121158 ], [ -80.147899681054398, 26.291061818132786 ], [ -80.147423680915523, 26.291075818146812 ], [ -80.145998680499815, 26.291118818189155 ], [ -80.145523680361194, 26.291133818203477 ], [ -80.145405680326732, 26.291134818206331 ], [ -80.145052680223657, 26.291141818215884 ], [ -80.144935680189448, 26.291143818218973 ], [ -80.144823680156748, 26.291145818221956 ], [ -80.144490680059576, 26.291152818231119 ], [ -80.144379680027143, 26.291155818234323 ], [ -80.144269679995048, 26.291158818237506 ], [ -80.143943679899962, 26.291170818247704 ], [ -80.143834679868206, 26.291175818251425 ], [ -80.143723679835844, 26.291177818254372 ], [ -80.143390679738587, 26.291184818263496 ], [ -80.143280679706493, 26.291187818266664 ], [ -80.143171679674666, 26.291190818269818 ], [ -80.142846679579904, 26.291201818279809 ], [ -80.142738679548401, 26.291205818283224 ], [ -80.142615679512446, 26.291207818286424 ], [ -80.142248679405355, 26.291217818297099 ], [ -80.142126679369795, 26.29122181830078 ], [ -80.142105679363652, 26.291221818301249 ], [ -80.141868679294447, 26.291227818308005 ], [ -80.14109767906946, 26.291248818330324 ], [ -80.140841678994775, 26.291256818337992 ], [ -80.140275678829553, 26.291271818354321 ], [ -80.13942167858022, 26.291290818378009 ], [ -80.139076678479555, 26.291299818387877 ], [ -80.138841678411168, 26.291312818396378 ], [ -80.138392678280113, 26.291324818409301 ], [ -80.137673678070328, 26.291345818430504 ], [ -80.137045677887201, 26.291368818450174 ], [ -80.136696677785437, 26.291381818461204 ], [ -80.136623677764149, 26.29138481846357 ], [ -80.136597677756583, 26.291385818464398 ], [ -80.136477677721558, 26.291387818467538 ], [ -80.13611767761644, 26.291395818477493 ], [ -80.135998677581711, 26.291399818481196 ], [ -80.136010677592907, 26.291681818551929 ], [ -80.136012677595943, 26.291771818574549 ], [ -80.136039677634287, 26.292890818855884 ], [ -80.136048677647125, 26.293263818949608 ], [ -80.136048677647452, 26.293276818952904 ], [ -80.136049677648884, 26.293318818963449 ], [ -80.136050677649564, 26.293332818966942 ], [ -80.136050677651312, 26.293396818983084 ], [ -80.136053677657443, 26.293590819031902 ], [ -80.136054677659544, 26.293655819048265 ], [ -80.136057677666727, 26.293887819106626 ], [ -80.136066677688348, 26.294586819282525 ], [ -80.13606967769563, 26.294819819341193 ], [ -80.135955677662253, 26.294820819343958 ], [ -80.13598567770029, 26.295893819613546 ], [ -80.13599867773307, 26.296958819881567 ], [ -80.136021677739691, 26.296955819880271 ], [ -80.136090677759697, 26.296948819876999 ], [ -80.136114677766699, 26.296946819875973 ], [ -80.136121677780949, 26.297394819988668 ], [ -80.136144677822855, 26.298685820313317 ], [ -80.136140677823164, 26.298739820327068 ], [ -80.1361346778247, 26.298861820357903 ], [ -80.136109677821878, 26.299027820400237 ], [ -80.136064677812868, 26.299179820439541 ], [ -80.136032677806, 26.299269820462911 ], [ -80.136027677804947, 26.299284820466838 ], [ -80.135953677788137, 26.299463820513562 ], [ -80.135918677779841, 26.299534820532202 ], [ -80.135877677770239, 26.299621820555039 ], [ -80.136061677826007, 26.29969382056909 ], [ -80.136124677845729, 26.29974082057954 ], [ -80.136167677859973, 26.299801820593967 ], [ -80.136168677860638, 26.299814820597188 ], [ -80.136178677866255, 26.299914820622174 ], [ -80.136189677896496, 26.300905820871566 ], [ -80.136194677907852, 26.301269820963132 ], [ -80.136210677922762, 26.301644821057256 ], [ -80.136210677923501, 26.301671821064044 ], [ -80.13621167795678, 26.302881821368818 ], [ -80.136212677968061, 26.303285821470563 ], [ -80.136219677974552, 26.303448821511434 ], [ -80.136229677997292, 26.304174821694058 ], [ -80.136227677999642, 26.304282821721316 ], [ -80.136223678002679, 26.304438821760698 ], [ -80.134424677477369, 26.30447782181033 ], [ -80.133765677284202, 26.304463821821408 ], [ -80.132596676940324, 26.304396821830416 ], [ -80.132226676831834, 26.304387821836308 ], [ -80.131500676619609, 26.304393821853939 ], [ -80.131006676475465, 26.30440882186863 ], [ -80.130634676367038, 26.304424821880918 ], [ -80.130118676216213, 26.304430821893817 ], [ -80.130006676183498, 26.304432821896789 ], [ -80.129498676034601, 26.304421821905294 ], [ -80.129334675986897, 26.304433821911996 ], [ -80.128806675855728, 26.305288822138969 ], [ -80.127777675601578, 26.307011822595779 ], [ -80.127311675485686, 26.307760822794727 ], [ -80.127107675437358, 26.308179822904805 ], [ -80.126943675401748, 26.308631823022285 ], [ -80.126879675391905, 26.308958823106082 ], [ -80.126844675387744, 26.309180823162734 ], [ -80.12684167539318, 26.309411823221012 ], [ -80.126875675410844, 26.309694823291519 ], [ -80.126936675438216, 26.310044823378334 ], [ -80.127002675463316, 26.310256823430251 ], [ -80.127075675491341, 26.310501823490338 ], [ -80.127130675511367, 26.310644823525141 ], [ -80.127471675640948, 26.311737823792875 ], [ -80.127699675730341, 26.312569823997379 ], [ -80.12784667578893, 26.31314182413816 ], [ -80.128009675863041, 26.314108824378096 ], [ -80.128094675909807, 26.314912824578698 ], [ -80.128118675926459, 26.315266824667347 ], [ -80.12813267594629, 26.315842824812062 ], [ -80.12815467600835, 26.317881825325109 ], [ -80.128311676054295, 26.317880825321389 ], [ -80.128311676058459, 26.318033825359919 ], [ -80.128156676013177, 26.318036825364118 ], [ -80.128169676036677, 26.318756825545137 ], [ -80.128198676090534, 26.320420825963534 ], [ -80.128261676150743, 26.321950826347436 ], [ -80.128339676213798, 26.323425826717099 ], [ -80.128369676240112, 26.324066826877871 ], [ -80.12840167626868, 26.324770827054415 ], [ -80.128424676296589, 26.325546827249283 ], [ -80.128414676306051, 26.325999827363578 ], [ -80.128370676303589, 26.326380827460486 ], [ -80.12833267629766, 26.326571827509447 ], [ -80.128203676278304, 26.327245827682042 ], [ -80.128141676272719, 26.3277058277992 ], [ -80.128036676242118, 26.32770882780229 ], [ -80.127991676228987, 26.327710827803763 ], [ -80.126460675782312, 26.327757827849585 ], [ -80.125239675424993, 26.327755827876139 ], [ -80.124117675096457, 26.327747827899021 ], [ -80.121100674213395, 26.327738827963678 ], [ -80.120444674022778, 26.327787827990562 ], [ -80.120380674004082, 26.327788827992233 ], [ -80.120191673948909, 26.327794827997916 ], [ -80.120127673930185, 26.327795827999577 ], [ -80.119458673734741, 26.327805828016967 ], [ -80.118965673590694, 26.327813828029914 ], [ -80.11892267357814, 26.327814828031087 ], [ -80.117452673148776, 26.327843828070986 ], [ -80.117415673137955, 26.327844828072056 ], [ -80.117339673115765, 26.327845828073993 ], [ -80.117055673032823, 26.327851828081844 ], [ -80.117038673027821, 26.327851828082199 ], [ -80.116911672990668, 26.327850828084763 ], [ -80.116784672953457, 26.32784982808737 ], [ -80.11658067289369, 26.327847828091304 ], [ -80.116342672824288, 26.327856828098898 ], [ -80.11582667267318, 26.327852828109339 ], [ -80.115581672601564, 26.327853828115032 ], [ -80.115311672522594, 26.3278558281215 ], [ -80.113275671926715, 26.327853828166162 ], [ -80.111973671545869, 26.327859828196516 ], [ -80.110771671194343, 26.327866828224913 ], [ -80.110750671188185, 26.327866828225382 ], [ -80.110690671170616, 26.327866828226718 ], [ -80.110670671164755, 26.327866828227151 ], [ -80.110361671074415, 26.327867828234268 ], [ -80.110142671010337, 26.327869828239606 ], [ -80.10943667080376, 26.327868828255021 ], [ -80.109128670713588, 26.327868828261867 ], [ -80.109116670710051, 26.327868828262133 ], [ -80.109081670699837, 26.327868828262897 ], [ -80.109070670696596, 26.327868828263124 ], [ -80.108710670591222, 26.327867828270868 ], [ -80.107634670276383, 26.327867828294735 ], [ -80.107275670171305, 26.327867828302686 ], [ -80.106972670082627, 26.327867828309405 ], [ -80.106733670012716, 26.327867828314709 ], [ -80.106297669884967, 26.32786382832337 ], [ -80.106065669817127, 26.327864828328767 ], [ -80.105763669728802, 26.327867828336224 ], [ -80.105623669687873, 26.327868828339561 ], [ -80.104995669503765, 26.327857828350751 ], [ -80.104830669455453, 26.327855828353911 ], [ -80.104513669362362, 26.327843828357871 ], [ -80.103760669141977, 26.327841828374083 ], [ -80.103364669025609, 26.327825828378817 ], [ -80.102769668851082, 26.327811828388519 ], [ -80.102692668828567, 26.327811828390235 ], [ -80.10233366872356, 26.327813828398693 ], [ -80.101925668603954, 26.327805828405747 ], [ -80.09999066803708, 26.32778482844336 ], [ -80.099793667979128, 26.327774828445165 ], [ -80.099613667925482, 26.327738828440125 ], [ -80.099419667867181, 26.327681828430052 ], [ -80.099243667814591, 26.327641828423864 ], [ -80.098984667734896, 26.327500828394097 ], [ -80.098778667668043, 26.327259828337965 ], [ -80.098562667597079, 26.326974828271002 ], [ -80.098439667554516, 26.326734828213286 ], [ -80.098360667525242, 26.326508828158108 ], [ -80.098333667509081, 26.326207828082936 ], [ -80.098326667505091, 26.326135828064906 ], [ -80.098328667503708, 26.326063828046735 ], [ -80.098313667496399, 26.325955828019858 ], [ -80.09831366749539, 26.325918828010565 ], [ -80.098342667498969, 26.325739827964856 ], [ -80.098361667499603, 26.325558827918861 ], [ -80.098375667501699, 26.325486827900409 ], [ -80.098392667505294, 26.325435827887144 ], [ -80.098435667514551, 26.325313827855478 ], [ -80.098452667516597, 26.325205827827915 ], [ -80.098456667514782, 26.325096827800348 ], [ -80.098431667503561, 26.324953827764922 ], [ -80.098405667494106, 26.324884827748125 ], [ -80.098516667522432, 26.324733827707618 ], [ -80.09853766752758, 26.324696827697853 ], [ -80.098934667627503, 26.32410182753917 ], [ -80.099128667676098, 26.323801827459334 ], [ -80.099143667671484, 26.323472827376129 ], [ -80.099036667632092, 26.323175827303711 ], [ -80.098907667590183, 26.323023827268262 ], [ -80.098825667561101, 26.322838827223489 ], [ -80.098890667579454, 26.322813827215768 ], [ -80.098933667590558, 26.322759827201178 ], [ -80.098977667601986, 26.322705827186628 ], [ -80.09923166766761, 26.322386827100662 ], [ -80.09968066778363, 26.321823826948911 ], [ -80.099718667793383, 26.321772826935248 ], [ -80.099988667862647, 26.321415826839324 ], [ -80.100202667915767, 26.321067826746908 ], [ -80.100314667943664, 26.320888826699331 ], [ -80.100472667981819, 26.320592826621294 ], [ -80.100802668078515, 26.320595826614728 ], [ -80.100873668096327, 26.320488826586253 ], [ -80.100940668113296, 26.320391826560282 ], [ -80.101005668129034, 26.320270826528393 ], [ -80.10106166814144, 26.320123826490104 ], [ -80.101124668154398, 26.319924826438633 ], [ -80.101263668184089, 26.319519826333547 ], [ -80.101433668218647, 26.318964826189973 ], [ -80.101504668232522, 26.318711826124673 ], [ -80.101517668233882, 26.318621826101737 ], [ -80.101624668256107, 26.318287826015226 ], [ -80.101653668262472, 26.318210825995166 ], [ -80.101730668278591, 26.317976825934533 ], [ -80.101919668315759, 26.317309825762308 ], [ -80.102021668335865, 26.316953825670446 ], [ -80.102072668345869, 26.316771825623469 ], [ -80.102226668376048, 26.316227825482976 ], [ -80.10227866838639, 26.31604682543626 ], [ -80.102318668393067, 26.315864825389511 ], [ -80.102439668413652, 26.315319825249574 ], [ -80.102480668420711, 26.315138825203082 ], [ -80.102537668431466, 26.314921825147138 ], [ -80.102710668464411, 26.314273824980127 ], [ -80.102782668479719, 26.314062824925351 ], [ -80.10302666852634, 26.313152824690743 ], [ -80.103221668563592, 26.312425824503244 ], [ -80.103478668615125, 26.311558824279199 ], [ -80.103719668662123, 26.310694824056249 ], [ -80.103748668667848, 26.310593824030139 ], [ -80.103835668685122, 26.310293823952644 ], [ -80.103865668691185, 26.310194823927013 ], [ -80.103886668695381, 26.310122823908408 ], [ -80.103949668707898, 26.309905823852411 ], [ -80.103971668712433, 26.309834823833988 ], [ -80.104018668721466, 26.309662823789644 ], [ -80.104162668749495, 26.30914582365622 ], [ -80.104210668758938, 26.308974823612072 ], [ -80.104259668768634, 26.308804823568195 ], [ -80.104405668797511, 26.308297823437186 ], [ -80.104455668807546, 26.308129823393802 ], [ -80.104499668816061, 26.307969823352522 ], [ -80.10463266884193, 26.307490823228889 ], [ -80.104677668850769, 26.307331823187827 ], [ -80.104724668860158, 26.307171823146497 ], [ -80.104867668889014, 26.306693823022933 ], [ -80.104915668898727, 26.306534822981821 ], [ -80.104959668907057, 26.306367822938732 ], [ -80.105093668932668, 26.305868822810069 ], [ -80.105138668941308, 26.305702822767277 ], [ -80.105183668949991, 26.30553782272473 ], [ -80.105318668975997, 26.305042822597041 ], [ -80.105364668985004, 26.304878822554663 ], [ -80.105404668992989, 26.30474182251929 ], [ -80.105409668993929, 26.30472382251461 ], [ -80.105546669021436, 26.304261822395233 ], [ -80.105593669030981, 26.304107822355363 ], [ -80.105635669039103, 26.303953822315659 ], [ -80.105762669063651, 26.303492822196727 ], [ -80.105805669072069, 26.303339822157216 ], [ -80.105962669103278, 26.302797822017215 ], [ -80.106090669128804, 26.302359821903988 ], [ -80.106425669194422, 26.301169821596822 ], [ -80.106579669224729, 26.300627821456821 ], [ -80.106631669234957, 26.300444821409588 ], [ -80.106786669265404, 26.299896821268085 ], [ -80.106839669275928, 26.299714821221084 ], [ -80.106906669289003, 26.299474821159119 ], [ -80.107110669329089, 26.298754820973198 ], [ -80.107178669342474, 26.298515820911529 ], [ -80.107239669354499, 26.298301820856221 ], [ -80.107421669390376, 26.29766282069123 ], [ -80.107483669402725, 26.297449820636153 ], [ -80.107490669403973, 26.297420820628698 ], [ -80.107514669408701, 26.29733782060724 ], [ -80.107522669410329, 26.297309820600031 ], [ -80.107629669430963, 26.296918820499172 ], [ -80.107711669446886, 26.296621820422544 ], [ -80.107904669484469, 26.29592682024316 ], [ -80.108127669528955, 26.295165820046481 ], [ -80.108267669556511, 26.294671819918907 ], [ -80.108299669562896, 26.294562819890732 ], [ -80.108496669601891, 26.293877819713803 ], [ -80.108578669617984, 26.293585819638427 ], [ -80.108825669666402, 26.292711819412741 ], [ -80.108833669668016, 26.292683819405504 ], [ -80.108912669684003, 26.29242181933774 ], [ -80.109047669710449, 26.291942819214071 ], [ -80.109453669790184, 26.290506818843252 ], [ -80.109589669816955, 26.290028818719815 ], [ -80.10960566982007, 26.289970818704813 ], [ -80.109654669829709, 26.289797818660137 ], [ -80.109671669833133, 26.28974081864542 ], [ -80.110306669957765, 26.287492818064937 ], [ -80.11037766997174, 26.287242818000401 ], [ -80.110427669981704, 26.287069817955672 ], [ -80.110468669989785, 26.28692781791899 ], [ -80.110487669993717, 26.286866817903192 ], [ -80.110547670005772, 26.286663817850709 ], [ -80.110590670014247, 26.28651281781173 ], [ -80.110592670014583, 26.286503817809404 ], [ -80.110632670022454, 26.286362817773007 ], [ -80.11065867002749, 26.286268817748759 ], [ -80.110738670043233, 26.285987817676148 ], [ -80.11076567004865, 26.285894817652117 ], [ -80.110811670057487, 26.285724817608305 ], [ -80.110953670085166, 26.285215817476882 ], [ -80.111001670094623, 26.285046817433198 ], [ -80.111063670106788, 26.284826817376441 ], [ -80.111252670144225, 26.284170817206956 ], [ -80.111315670156714, 26.283951817150378 ], [ -80.11136267016586, 26.283782817106712 ], [ -80.111504670193739, 26.283279816976851 ], [ -80.111552670203253, 26.283111816933413 ], [ -80.111610670214574, 26.282905816880234 ], [ -80.111786670249373, 26.282290816721371 ], [ -80.11184567026109, 26.282085816668424 ], [ -80.111985670288519, 26.28158881654009 ], [ -80.112407670371525, 26.280099816155538 ], [ -80.112548670399278, 26.279603816027421 ], [ -80.112576670403442, 26.279455815989472 ], [ -80.112631670415254, 26.279296815948211 ], [ -80.112706670430072, 26.279034815880507 ], [ -80.112748670438506, 26.278892815843804 ], [ -80.112790670446799, 26.27874581580587 ], [ -80.112916670471762, 26.27830881569291 ], [ -80.112959670480365, 26.278162815655197 ], [ -80.113043670496722, 26.277858815576696 ], [ -80.11329767054626, 26.276947815341536 ], [ -80.113382670562885, 26.276644815263268 ], [ -80.113460670578178, 26.276368815192001 ], [ -80.113695670624566, 26.275543814978871 ], [ -80.113774670640183, 26.275268814907839 ], [ -80.113747670632293, 26.275268814908436 ], [ -80.113667670608933, 26.275268814910206 ], [ -80.113656670605678, 26.275268814910447 ], [ -80.113641670601282, 26.275269814911024 ], [ -80.113615670593688, 26.275269814911596 ], [ -80.11353667057061, 26.275269814913337 ], [ -80.113511670563327, 26.275270814914144 ], [ -80.11355567057177, 26.27510781487209 ], [ -80.113711670601859, 26.274536814724772 ], [ -80.114258670707713, 26.272540814209631 ], [ -80.114313670718246, 26.272336814156983 ], [ -80.114513670756835, 26.271603813967804 ], [ -80.114919670835093, 26.270110813582562 ], [ -80.115109670872428, 26.269437813408764 ], [ -80.115496670948573, 26.268071813055904 ], [ -80.116041671054987, 26.26611881255165 ], [ -80.116803671206469, 26.263485811871146 ], [ -80.116953671235933, 26.262955811734233 ], [ -80.117569671357572, 26.26079581117618 ], [ -80.117585671360686, 26.260737811161231 ], [ -80.117635671370607, 26.260564811116502 ], [ -80.11765267137406, 26.260507811101775 ], [ -80.117698671387828, 26.260518811103509 ], [ -80.117710671391364, 26.260520811103746 ], [ -80.117852671433766, 26.260553811108981 ], [ -80.117884671443392, 26.260561811110271 ], [ -80.117943671460992, 26.260575811112513 ], [ -80.117985671469341, 26.260429811074737 ], [ -80.118030671478238, 26.260271811033924 ], [ -80.118294671530833, 26.259363810799233 ], [ -80.11838267154836, 26.259060810720889 ], [ -80.118491671569629, 26.258668810619696 ], [ -80.118818671633363, 26.257492810316052 ], [ -80.118927671654632, 26.257100810214769 ], [ -80.119031671675117, 26.256732810119743 ], [ -80.119345671737136, 26.255632809835518 ], [ -80.119450671757889, 26.25526580974071 ], [ -80.119555671778656, 26.254898809645816 ], [ -80.119872671841563, 26.253797809361281 ], [ -80.11997867186264, 26.253431809266694 ], [ -80.12001467186937, 26.253292809230878 ], [ -80.120126671890858, 26.252876809123549 ], [ -80.12016467189828, 26.25273880908788 ], [ -80.120336671932193, 26.252133808931625 ], [ -80.120692672002548, 26.250886808609337 ], [ -80.120847672032468, 26.25031980846299 ], [ -80.121013672064677, 26.249714808306798 ], [ -80.120962672049771, 26.249714808307932 ], [ -80.120930672040373, 26.249714808308632 ], [ -80.120809672005038, 26.249716808311806 ], [ -80.12075967199047, 26.249717808313161 ], [ -80.120994672036275, 26.248872808094966 ], [ -80.121426672120833, 26.247328807696164 ], [ -80.121674672166307, 26.246330807439083 ], [ -80.121887672205602, 26.245479807219837 ], [ -80.122147672256574, 26.244554806980883 ], [ -80.122254672277521, 26.244171806881965 ], [ -80.12293067241049, 26.241779806263978 ], [ -80.123191672461829, 26.240855806025269 ], [ -80.123425672509057, 26.240072805822663 ], [ -80.123485672521326, 26.239876805771917 ], [ -80.124082672637314, 26.237711805212854 ], [ -80.124300672679837, 26.236924805009618 ], [ -80.124462672712511, 26.23638280486939 ], [ -80.124948672810746, 26.234758804449179 ], [ -80.125111672843772, 26.234217804309193 ], [ -80.125210672862934, 26.233855804215718 ], [ -80.125509672921069, 26.232770803935544 ], [ -80.125609672940527, 26.232409803842302 ], [ -80.125650672948481, 26.232260803803815 ], [ -80.125775672972964, 26.231814803688593 ], [ -80.125818672981566, 26.231666803650299 ], [ -80.125839672986018, 26.231604803634241 ], [ -80.125882672995346, 26.231483803602746 ], [ -80.125905673000375, 26.231421803586635 ], [ -80.125927673005179, 26.231361803571005 ], [ -80.125935673006623, 26.231328803562491 ], [ -80.125959673011067, 26.231230803537255 ], [ -80.125968673012778, 26.231198803529026 ], [ -80.126021673023061, 26.231005803479153 ], [ -80.126181673054205, 26.230427803329853 ], [ -80.126235673064841, 26.230235803280276 ], [ -80.126283673073885, 26.230051803232833 ], [ -80.126428673101429, 26.229502803091151 ], [ -80.126477673110898, 26.2293208030442 ], [ -80.126624673139844, 26.228802802910337 ], [ -80.127065673226824, 26.227247802508501 ], [ -80.127213673256094, 26.226730802374831 ], [ -80.1272516732637, 26.226599802340971 ], [ -80.127748673408846, 26.226590802327767 ], [ -80.127919673459076, 26.226596802325513 ], [ -80.128043673495426, 26.226600802323773 ], [ -80.128567673649769, 26.226638802321851 ], [ -80.128648673673453, 26.226637802319797 ], [ -80.128839673723306, 26.226415802259595 ], [ -80.12926267383385, 26.225926802127017 ], [ -80.129385673865485, 26.2257648020834 ], [ -80.129481673889515, 26.225615802043755 ], [ -80.129570673910905, 26.225443801998395 ], [ -80.129636673924423, 26.225229801943009 ], [ -80.12964467392608, 26.225204801936471 ], [ -80.129740673942095, 26.224759801822174 ], [ -80.129843673960067, 26.22430980170644 ], [ -80.1300736740004, 26.223312801449897 ], [ -80.130158674015831, 26.222962801359788 ], [ -80.130267674035579, 26.222514801244397 ], [ -80.130305674042262, 26.22234980120195 ], [ -80.130421674062887, 26.221857801075316 ], [ -80.130461674070119, 26.221693801033076 ], [ -80.131091674254094, 26.221681801016175 ], [ -80.132983674806724, 26.22164780096594 ], [ -80.133614674991094, 26.221636800949319 ], [ -80.134017675108765, 26.221629800938693 ], [ -80.135227675462289, 26.221610800907257 ], [ -80.135554675557856, 26.221605800898828 ], [ -80.135629675579324, 26.221589800893117 ], [ -80.136202675746915, 26.221588800880262 ], [ -80.136182675695082, 26.219886800451434 ], [ -80.13617867568307, 26.21948780035093 ], [ -80.136190675680496, 26.219261800293676 ], [ -80.136193675664785, 26.218648800138954 ], [ -80.136198675646483, 26.217917799954531 ], [ -80.136177675603321, 26.216549799609947 ], [ -80.136168675584159, 26.215936799455559 ], [ -80.136167675582115, 26.215871799439167 ], [ -80.136165675578539, 26.215761799411482 ], [ -80.136160675568206, 26.215432799328582 ], [ -80.136159675564954, 26.215323799301167 ], [ -80.136157675560654, 26.215187799266904 ], [ -80.136165675551425, 26.214758799158531 ], [ -80.136168675548959, 26.21463479912715 ], [ -80.136169675548771, 26.21461779912282 ], [ -80.136182675547687, 26.214435799076632 ], [ -80.136214675546071, 26.214030798973788 ], [ -80.13623067554704, 26.213892798938652 ], [ -80.13624867554843, 26.213748798901936 ], [ -80.136254675549182, 26.213712798892711 ], [ -80.136273675551806, 26.213603798864799 ], [ -80.136283675553315, 26.213551798851466 ], [ -80.136338675561959, 26.213277798781185 ], [ -80.136361675565837, 26.213169798753405 ], [ -80.136376675568215, 26.213096798734682 ], [ -80.136401675572529, 26.212985798706139 ], [ -80.136486675587662, 26.212625798613459 ], [ -80.136536675597171, 26.212436798564649 ], [ -80.136586675606949, 26.212255798517905 ], [ -80.13662767561469, 26.212099798477645 ], [ -80.13667867562468, 26.211915798430137 ], [ -80.136762675641663, 26.211636798357929 ], [ -80.136803675650071, 26.211503798323488 ], [ -80.13681067565156, 26.21148379831827 ], [ -80.136820675653709, 26.211452798310244 ], [ -80.136851675660225, 26.211359798286111 ], [ -80.136862675662655, 26.211329798278285 ], [ -80.137154675731693, 26.210723798118984 ], [ -80.137231675749987, 26.21056779807795 ], [ -80.137389675787631, 26.210249797994276 ], [ -80.137749675875099, 26.209589797819905 ], [ -80.137799675887862, 26.2095207978014 ], [ -80.137849675900668, 26.209451797782897 ], [ -80.137914675917187, 26.209360797758517 ], [ -80.137954675927432, 26.209306797743992 ], [ -80.138047675951128, 26.209176797709205 ], [ -80.138200675991342, 26.20900779766318 ], [ -80.138111675964652, 26.20898379765908 ], [ -80.138002675931972, 26.208954797654194 ], [ -80.137950675916358, 26.208940797651771 ], [ -80.137894675899631, 26.208925797649208 ], [ -80.137663675829998, 26.208851797635631 ], [ -80.137609675813678, 26.208831797631774 ], [ -80.137576675803729, 26.208820797629745 ], [ -80.137499675780191, 26.208782797621836 ], [ -80.137373675740903, 26.208694797602416 ], [ -80.137214675691652, 26.208592797580206 ], [ -80.137158675674314, 26.208556797572331 ], [ -80.137128675664925, 26.208533797567174 ], [ -80.136863675580074, 26.208262797504656 ], [ -80.136420675437847, 26.207796797396838 ], [ -80.135614675179383, 26.206958797203185 ], [ -80.135292675076187, 26.206624797126004 ], [ -80.135142675027708, 26.206455797086697 ], [ -80.135099675013592, 26.206397797072984 ], [ -80.13507567500568, 26.206365797065452 ], [ -80.135041674994, 26.206300797049813 ], [ -80.135028674989229, 26.20626579704124 ], [ -80.134995674977816, 26.206199797025317 ], [ -80.134957674966472, 26.206191797024154 ], [ -80.134845674932706, 26.206154797017266 ], [ -80.134774674911057, 26.206121797010532 ], [ -80.134738674900092, 26.206106797007507 ], [ -80.134628674866832, 26.206064796999314 ], [ -80.134527674835709, 26.206007796987208 ], [ -80.134489674824252, 26.205995796984983 ], [ -80.13437167478935, 26.205981796984076 ], [ -80.134332674777895, 26.205980796984683 ], [ -80.133778674616451, 26.206002797002402 ], [ -80.133269674467925, 26.206017797017335 ], [ -80.13277267432295, 26.206033797032333 ], [ -80.132730674310679, 26.206034797033507 ], [ -80.132713674305705, 26.206035797034136 ], [ -80.132659674248771, 26.204510796650599 ], [ -80.132650674237865, 26.204204796573642 ], [ -80.13263167421826, 26.203684796442875 ], [ -80.132417674155548, 26.203681796446844 ], [ -80.132346674134766, 26.203680796448086 ], [ -80.132314674125382, 26.203679796448554 ], [ -80.132221674098133, 26.203677796450112 ], [ -80.132209674094582, 26.203677796450354 ], [ -80.132205674090244, 26.203558796420431 ], [ -80.132186674084693, 26.203559796421096 ], [ -80.131545673897691, 26.203578796439988 ], [ -80.131461673873147, 26.203580796442335 ], [ -80.131271673817693, 26.203586796448008 ], [ -80.130428673571856, 26.203615796473898 ], [ -80.129215673217203, 26.203623796502555 ], [ -80.128387672975052, 26.203628796522015 ], [ -80.126717672487274, 26.203658796566241 ], [ -80.126480672418069, 26.203662796572516 ], [ -80.124634671878056, 26.203666796614083 ], [ -80.12303967141257, 26.203710796660246 ], [ -80.122904671373178, 26.203714796664208 ], [ -80.12269767131265, 26.203714796668734 ], [ -80.122613671287979, 26.203712796670104 ], [ -80.1223426712085, 26.20370579667431 ], [ -80.12220167116736, 26.20370979667841 ], [ -80.122069671128145, 26.203687796675741 ], [ -80.121673671010498, 26.203621796667807 ], [ -80.121655671005129, 26.203618796667453 ], [ -80.121541670971453, 26.203607796667143 ], [ -80.121519670964943, 26.203604796666877 ], [ -80.121455670945991, 26.203596796666286 ], [ -80.121434670939848, 26.203594796666252 ], [ -80.121428670929674, 26.203284796588157 ], [ -80.121416670905745, 26.202526796397166 ], [ -80.121419670902014, 26.202356796354241 ], [ -80.121420670901074, 26.202310796342609 ], [ -80.121410670896154, 26.202238796324629 ], [ -80.121382670886419, 26.202180796310646 ], [ -80.121337670872094, 26.202137796300782 ], [ -80.121276670853774, 26.202118796297309 ], [ -80.12100167077341, 26.202123796304608 ], [ -80.120179670533375, 26.202140796326965 ], [ -80.119905670453377, 26.202146796334493 ], [ -80.119899670447879, 26.202008796299801 ], [ -80.119884670432356, 26.201595796195971 ], [ -80.119879670427139, 26.201458796161511 ], [ -80.119875670422203, 26.201318796126291 ], [ -80.119865670408032, 26.200901796021274 ], [ -80.119862670403421, 26.200762795986286 ], [ -80.11985567038613, 26.200199795844394 ], [ -80.119834670334399, 26.198510795418724 ], [ -80.119827670317207, 26.197948795277064 ], [ -80.119827670313455, 26.197809795241998 ], [ -80.119828670302525, 26.197393795136986 ], [ -80.119829670299083, 26.197255795102155 ], [ -80.119825670294077, 26.197112795066197 ], [ -80.119814670279311, 26.19668479495845 ], [ -80.119811670274558, 26.196542794922635 ], [ -80.120102670359486, 26.196533794914014 ], [ -80.120978670615102, 26.196508794888459 ], [ -80.121091670648084, 26.196505794885216 ], [ -80.121270670700142, 26.196493794878247 ], [ -80.121428670746326, 26.196492794874516 ], [ -80.121903670885288, 26.196491794863825 ], [ -80.122062670931797, 26.196491794860339 ], [ -80.122232670981461, 26.196487794855603 ], [ -80.122743671130692, 26.19647679484164 ], [ -80.122914671180624, 26.196473794837086 ], [ -80.122911671175757, 26.196326794800083 ], [ -80.12290567116213, 26.195885794688927 ], [ -80.122903671157616, 26.195739794652166 ], [ -80.122897671153424, 26.195648794629342 ], [ -80.122880671141132, 26.195378794561584 ], [ -80.122875671137265, 26.195288794539003 ], [ -80.122871671132089, 26.195142794502203 ], [ -80.122859671116785, 26.194703794391746 ], [ -80.12285667111199, 26.194558794355178 ], [ -80.122849671104547, 26.194360794305403 ], [ -80.122848671103981, 26.194349794302639 ], [ -80.122842671097629, 26.194178794259596 ], [ -80.122828671082416, 26.19376779415623 ], [ -80.122821671075044, 26.193570794106652 ], [ -80.122807671060812, 26.193192794011608 ], [ -80.12276567101793, 26.192058793726357 ], [ -80.122751671003627, 26.191681793631602 ], [ -80.122734670994419, 26.191524793592343 ], [ -80.122685670967385, 26.19105379347458 ], [ -80.122669670958459, 26.190897793435543 ], [ -80.122660670949685, 26.190668793377988 ], [ -80.122636670924209, 26.189984793205873 ], [ -80.122628670915759, 26.189756793148522 ], [ -80.122622670910005, 26.189610793111839 ], [ -80.122607670893913, 26.189174793002117 ], [ -80.122602670888483, 26.189029792965655 ], [ -80.122593670880661, 26.188835792916898 ], [ -80.12256667085714, 26.188256792771369 ], [ -80.122557670849275, 26.188063792722872 ], [ -80.122553670843942, 26.187908792683853 ], [ -80.122544670828859, 26.187446792567435 ], [ -80.122541670823836, 26.187292792528698 ], [ -80.122531670813302, 26.187011792457973 ], [ -80.122502670782112, 26.186168792245905 ], [ -80.122493670771931, 26.185887792175151 ], [ -80.122484670764678, 26.185717792132483 ], [ -80.122458670743342, 26.185208792004584 ], [ -80.122450670736484, 26.185039791962136 ], [ -80.122447670732527, 26.184925791933381 ], [ -80.122438670720697, 26.184585791847788 ], [ -80.122435670716783, 26.184472791819339 ], [ -80.122427670708831, 26.184263791766799 ], [ -80.12240367068496, 26.183638791609575 ], [ -80.122396670677276, 26.183430791557253 ], [ -80.122278670642828, 26.183433791560596 ], [ -80.12192667054012, 26.183444791571137 ], [ -80.121809670506011, 26.183448791574687 ], [ -80.121776670496445, 26.183450791575918 ], [ -80.121677670467619, 26.183457791579851 ], [ -80.121645670458378, 26.18346079158129 ], [ -80.12151667042059, 26.183459791583854 ], [ -80.12112967030734, 26.183458791592106 ], [ -80.121001670269862, 26.183458791594905 ], [ -80.120802670211759, 26.183463791600587 ], [ -80.120205670037564, 26.183479791617685 ], [ -80.120007669979785, 26.18348579162355 ], [ -80.119787669915397, 26.183485791628371 ], [ -80.119127669722317, 26.183485791642848 ], [ -80.118908669658225, 26.183486791647955 ], [ -80.118992669677851, 26.183302791599633 ], [ -80.119248669737914, 26.182752791455247 ], [ -80.119333669757879, 26.182569791407197 ], [ -80.119477669790072, 26.182199791310623 ], [ -80.119584669811744, 26.18184379121848 ], [ -80.119658669823039, 26.181458791119635 ], [ -80.119691669823297, 26.181110791031124 ], [ -80.119703669815991, 26.180707790929141 ], [ -80.119679669787487, 26.179910790728538 ], [ -80.119614669709975, 26.17773979018202 ], [ -80.11960866970233, 26.177522790127412 ], [ -80.119585669674166, 26.176726789926981 ], [ -80.119574669658377, 26.1762597898094 ], [ -80.119541669610967, 26.174858789456479 ], [ -80.119531669595489, 26.174391789338863 ], [ -80.119528669592356, 26.174306789317445 ], [ -80.119519669582829, 26.174052789253569 ], [ -80.119516669579681, 26.173968789232408 ], [ -80.119506669572644, 26.173815789193995 ], [ -80.11947866955218, 26.173358789079266 ], [ -80.11946966954541, 26.173206789041096 ], [ -80.11946366953633, 26.172933788972333 ], [ -80.119445669509091, 26.172117788766773 ], [ -80.119439669500025, 26.171845788698207 ], [ -80.119357669463867, 26.171394788586159 ], [ -80.119283669431013, 26.170978788482813 ], [ -80.11910366936371, 26.170434788349457 ], [ -80.118948669309091, 26.170090788266027 ], [ -80.118940669306269, 26.170071788261396 ], [ -80.118755669242063, 26.169697788171028 ], [ -80.118463669143907, 26.169224788058042 ], [ -80.11799466898961, 26.168590787908286 ], [ -80.117003668663827, 26.167259787594016 ], [ -80.116917668635296, 26.167135787564582 ], [ -80.116886668625057, 26.167090787553906 ], [ -80.116749668579601, 26.166892787506917 ], [ -80.116556668514605, 26.166574787430879 ], [ -80.116450668478862, 26.166400787389314 ], [ -80.116373668452965, 26.166273787358929 ], [ -80.116368668451244, 26.166263787356534 ], [ -80.116193668389826, 26.165884787264694 ], [ -80.116169668381318, 26.165829787251297 ], [ -80.116106668358967, 26.165684787216108 ], [ -80.116037668334542, 26.165526787177722 ], [ -80.115942668295858, 26.165121787077563 ], [ -80.115860668260595, 26.164703786973828 ], [ -80.115845668251055, 26.164511786925704 ], [ -80.115821668227483, 26.16389778677118 ], [ -80.115881668228809, 26.163292786617205 ], [ -80.115978668244196, 26.162810786493356 ], [ -80.116311668307546, 26.161543786166231 ], [ -80.116476668340624, 26.160979786020228 ], [ -80.116816668408958, 26.159821785720403 ], [ -80.116878668421251, 26.15960378566405 ], [ -80.117053668456109, 26.158995785506715 ], [ -80.117065668458451, 26.15895278549559 ], [ -80.117128668471068, 26.15873578543939 ], [ -80.117205668486335, 26.158465785369547 ], [ -80.117438668532742, 26.157656785160196 ], [ -80.117468668538763, 26.157554785133815 ], [ -80.117476668540348, 26.157525785126271 ], [ -80.11749266854352, 26.157470785112057 ], [ -80.117516668548376, 26.15738778509056 ], [ -80.117356668500022, 26.157332785080214 ], [ -80.117344668496429, 26.157328785079489 ], [ -80.117294668481534, 26.157317785077751 ], [ -80.11707466841591, 26.157272785071225 ], [ -80.116641668288352, 26.157239785072392 ], [ -80.116601668276715, 26.157241785073762 ], [ -80.116523668254132, 26.157252785078231 ], [ -80.1164466682322, 26.157273785085223 ], [ -80.116377668212721, 26.15729978509329 ], [ -80.11618666815869, 26.157369785115222 ], [ -80.116164668152791, 26.157389785120682 ], [ -80.116200668165163, 26.157457785137058 ], [ -80.116307668200605, 26.157610785173347 ], [ -80.116419668237398, 26.157760785208801 ], [ -80.116451668248558, 26.157827785224992 ], [ -80.116475668257451, 26.157896785241906 ], [ -80.116533668280084, 26.158107785293883 ], [ -80.11654566828652, 26.15821678532112 ], [ -80.116543668286894, 26.158252785330294 ], [ -80.116515668280528, 26.158320785348071 ], [ -80.116472668269594, 26.15838178536438 ], [ -80.116446668262768, 26.158409785372072 ], [ -80.116270668215208, 26.158556785413008 ], [ -80.116225668202901, 26.158588785422094 ], [ -80.116208668198226, 26.15860078542546 ], [ -80.116072668160328, 26.158670785446116 ], [ -80.115855668099172, 26.15875678547259 ], [ -80.115780668077619, 26.158772785478277 ], [ -80.115702668054695, 26.158767785478741 ], [ -80.115510667997654, 26.158736785475092 ], [ -80.11543766797557, 26.158709785469885 ], [ -80.115241667914987, 26.158589785443915 ], [ -80.115150667886596, 26.158523785429228 ], [ -80.115063667859246, 26.15845178541295 ], [ -80.114952667824099, 26.15835278539036 ], [ -80.114831667786305, 26.158264785370786 ], [ -80.114554667697135, 26.15796278530064 ], [ -80.114388667642103, 26.157720785243157 ], [ -80.114370667635924, 26.15768778523524 ], [ -80.11431866761707, 26.157553785202534 ], [ -80.114297667609137, 26.157484785185609 ], [ -80.114267667596494, 26.157343785150626 ], [ -80.114250667588664, 26.157236785124006 ], [ -80.114253667587676, 26.157165785105967 ], [ -80.114276667590545, 26.157022785069383 ], [ -80.114296667594502, 26.156953785051517 ], [ -80.114345667605235, 26.156817785016109 ], [ -80.11440066761871, 26.15672178499069 ], [ -80.114424667625016, 26.156694784983344 ], [ -80.114449667631717, 26.156672784977268 ], [ -80.114535667655517, 26.156620784962215 ], [ -80.114637667683709, 26.156558784944373 ], [ -80.114871667747835, 26.156398784898794 ], [ -80.115109667811438, 26.156173784836774 ], [ -80.11527166785298, 26.155955784778214 ], [ -80.115376667878024, 26.155745784722871 ], [ -80.115452667892882, 26.155469784651526 ], [ -80.115461667888326, 26.155203784584181 ], [ -80.115366667855966, 26.155032784543099 ], [ -80.115147667792357, 26.15505178455269 ], [ -80.114767667688085, 26.155308784625891 ], [ -80.114260667536868, 26.155200784609729 ], [ -80.114182667510178, 26.155057784575348 ], [ -80.114118667488626, 26.154950784549694 ], [ -80.11407566747333, 26.154850784525433 ], [ -80.11407566746874, 26.154679784482241 ], [ -80.114118667474216, 26.154415784414606 ], [ -80.114275667513084, 26.154151784344545 ], [ -80.114453667559175, 26.153930784284832 ], [ -80.114653667613482, 26.153773784240826 ], [ -80.114931667689461, 26.153573784184225 ], [ -80.115238667775614, 26.153437784143179 ], [ -80.115666667897585, 26.153316784103275 ], [ -80.115916667970552, 26.15330978409601 ], [ -80.116162668042293, 26.153300784088366 ], [ -80.116258668070827, 26.153316784090336 ], [ -80.116287668079309, 26.153316784089686 ], [ -80.1163156680865, 26.153280784079978 ], [ -80.116372668093049, 26.152902783983269 ], [ -80.11632966807953, 26.152867783975395 ], [ -80.116279668064323, 26.152845783970932 ], [ -80.116094668010149, 26.152845783974978 ], [ -80.115580667859888, 26.152848783986975 ], [ -80.11532366778421, 26.152831783988319 ], [ -80.115252667763443, 26.152831783989885 ], [ -80.115224667754902, 26.152817783986915 ], [ -80.115202667748051, 26.152802783983638 ], [ -80.115263667755613, 26.152421783886105 ], [ -80.115395667777861, 26.151812783729479 ], [ -80.115477667796043, 26.151595783672846 ], [ -80.115545667810949, 26.151409783624402 ], [ -80.115623667828956, 26.151231783577757 ], [ -80.115716667851927, 26.151071783535333 ], [ -80.115816667878548, 26.150974783508588 ], [ -80.11598066792547, 26.150935783495228 ], [ -80.116112667964089, 26.150935783492329 ], [ -80.116283668015299, 26.150978783499443 ], [ -80.116411668055775, 26.151092783525417 ], [ -80.116490668082278, 26.151217783555236 ], [ -80.116501668088532, 26.151331783583764 ], [ -80.116447668078223, 26.151534783636219 ], [ -80.116262668038587, 26.152073783776359 ], [ -80.116247668035527, 26.152123783789357 ], [ -80.116244668035804, 26.152166783800212 ], [ -80.116272668045411, 26.152219783813017 ], [ -80.116340668065789, 26.15223778381608 ], [ -80.116394668081327, 26.152226783812104 ], [ -80.116440668093375, 26.152173783797735 ], [ -80.116533668116418, 26.152019783756796 ], [ -80.116600668128939, 26.151755783688657 ], [ -80.116729668154989, 26.151320783576011 ], [ -80.116804668172691, 26.151163783534731 ], [ -80.116925668204644, 26.151035783499758 ], [ -80.117093668251513, 26.150949783474356 ], [ -80.117328668319686, 26.150928783463904 ], [ -80.117521668375531, 26.150903783453373 ], [ -80.117560668386091, 26.150874783445218 ], [ -80.117585668392707, 26.150846783437615 ], [ -80.117614668399469, 26.150782783420809 ], [ -80.117621668398684, 26.150678783394369 ], [ -80.117585668386965, 26.15063278338355 ], [ -80.117521668368042, 26.150625783383191 ], [ -80.116829668165749, 26.150632783400091 ], [ -80.11642966804888, 26.15063978341065 ], [ -80.116329668019347, 26.150628783410035 ], [ -80.116222667986435, 26.150568783397215 ], [ -80.11612666795682, 26.150511783384957 ], [ -80.116126667952983, 26.150368783348856 ], [ -80.116146667956542, 26.150282783326698 ], [ -80.116240667977777, 26.150050783266011 ], [ -80.116272667986181, 26.15001578325651 ], [ -80.116326668000667, 26.149965783242713 ], [ -80.116386668016929, 26.149918783229538 ], [ -80.116679668101526, 26.149876783212527 ], [ -80.117621668376373, 26.149847783184551 ], [ -80.117803668429303, 26.149836783177804 ], [ -80.11784566844095, 26.149811783170591 ], [ -80.117885668451038, 26.149751783154528 ], [ -80.117935668463829, 26.149683783136282 ], [ -80.1179566684674, 26.149587783111578 ], [ -80.117867668440965, 26.149572783109726 ], [ -80.117514668337947, 26.149582783120007 ], [ -80.116932668168687, 26.149619783142047 ], [ -80.116836668139968, 26.149597783138603 ], [ -80.116765668116614, 26.149501783115934 ], [ -80.116718668100546, 26.149415783095225 ], [ -80.116693668091827, 26.14936278308242 ], [ -80.11669366809096, 26.149330783074305 ], [ -80.11670566809164, 26.149226783047826 ], [ -80.116693668087336, 26.149195783040209 ], [ -80.116733668097183, 26.149125783021663 ], [ -80.116802668114218, 26.149008782990627 ], [ -80.116851668125733, 26.148904782963324 ], [ -80.116927668146545, 26.148852782948513 ], [ -80.11702266817268, 26.148788782930257 ], [ -80.116968668145518, 26.148366782824915 ], [ -80.116969668145444, 26.148352782821334 ], [ -80.117013668157441, 26.148320782812316 ], [ -80.117022668163258, 26.148436782841411 ], [ -80.117052668172278, 26.148447782843505 ], [ -80.117113668192218, 26.148524782861632 ], [ -80.117162668206916, 26.148537782863823 ], [ -80.117258668235664, 26.148563782868287 ], [ -80.117007668153065, 26.148222782787681 ], [ -80.11700266815015, 26.148167782773914 ], [ -80.117031668155704, 26.148059782745992 ], [ -80.117148668185109, 26.147879782697981 ], [ -80.117458668273613, 26.147797782670494 ], [ -80.117474668278234, 26.147794782669376 ], [ -80.117060668151467, 26.147586782625922 ], [ -80.116942668116877, 26.147583782627741 ], [ -80.116832668084115, 26.147561782624614 ], [ -80.116723668049687, 26.147467782603275 ], [ -80.116680668034746, 26.147379782581986 ], [ -80.116654668023955, 26.147261782552782 ], [ -80.116637668016949, 26.147186782534177 ], [ -80.116624668011525, 26.14712478251878 ], [ -80.116543667976813, 26.146715782417306 ], [ -80.116527667969891, 26.146630782396219 ], [ -80.116531667969653, 26.146578782382974 ], [ -80.116539667969093, 26.146471782355757 ], [ -80.116541667969187, 26.146452782350977 ], [ -80.116563667971221, 26.146289782309289 ], [ -80.116594667976642, 26.146152782274015 ], [ -80.116667667997845, 26.146147782271171 ], [ -80.116793668034504, 26.146141782266898 ], [ -80.116769668017241, 26.145759782170966 ], [ -80.116600667969792, 26.145832782193086 ], [ -80.116605667970788, 26.145815782188681 ], [ -80.116789668017759, 26.145560782120267 ], [ -80.116815668023648, 26.145496782103528 ], [ -80.116874668036942, 26.145348782064914 ], [ -80.11700266806703, 26.145073781992622 ], [ -80.117228668132555, 26.145051781982115 ], [ -80.117258668138035, 26.14492978195068 ], [ -80.117276668138885, 26.144764781908616 ], [ -80.117416668167849, 26.14431878179294 ], [ -80.117496668188039, 26.144197781760592 ], [ -80.117812668269849, 26.14380178165371 ], [ -80.117946668305819, 26.143680781620244 ], [ -80.118026668326678, 26.14358678159472 ], [ -80.11821566837196, 26.143212781496171 ], [ -80.118300668393687, 26.14309678146504 ], [ -80.118477668440448, 26.142909781413895 ], [ -80.118562668460726, 26.142738781368895 ], [ -80.118611668472695, 26.142650781345594 ], [ -80.11869666849195, 26.142441781290916 ], [ -80.118751668502256, 26.142226781235447 ], [ -80.118763668500776, 26.142039781187979 ], [ -80.118836668506489, 26.141456781039139 ], [ -80.118830668501019, 26.141318781004436 ], [ -80.118836668495376, 26.141043780934801 ], [ -80.118799668479511, 26.140856780888427 ], [ -80.118811668477875, 26.140663780839461 ], [ -80.118811668470627, 26.140394780771526 ], [ -80.118786668459038, 26.14023478073161 ], [ -80.118640668404623, 26.139799780624983 ], [ -80.118548668371659, 26.13957478057015 ], [ -80.118487668344827, 26.13923878048665 ], [ -80.118444668326632, 26.139029780434832 ], [ -80.118383668297682, 26.138616780331866 ], [ -80.118365668283701, 26.138291780250164 ], [ -80.118262668240746, 26.137813780131712 ], [ -80.118255668237737, 26.137779780123257 ], [ -80.118362668267665, 26.137727780107799 ], [ -80.118059668179157, 26.137732780115666 ], [ -80.118064668179485, 26.137689780104697 ], [ -80.118075668181731, 26.137654780095627 ], [ -80.118094668186458, 26.137623780087349 ], [ -80.118118668192693, 26.137594780079539 ], [ -80.118368668259578, 26.137360780015001 ], [ -80.118384668263374, 26.137327780006284 ], [ -80.118435668274572, 26.137189779970331 ], [ -80.118533668296905, 26.136951779908109 ], [ -80.11855766830206, 26.136882779890165 ], [ -80.118571668304199, 26.136810779871624 ], [ -80.118576668302794, 26.136701779844032 ], [ -80.118627668314005, 26.136564779808261 ], [ -80.118635668315363, 26.136528779799036 ], [ -80.118640668314853, 26.136455779780515 ], [ -80.11865066831588, 26.136383779762063 ], [ -80.118564668286297, 26.136219779722534 ], [ -80.11853966827718, 26.136151779705905 ], [ -80.118524668270823, 26.136079779688078 ], [ -80.118524668269856, 26.136043779678968 ], [ -80.118530668270679, 26.136007779669789 ], [ -80.118543668273517, 26.135972779660595 ], [ -80.118561668276911, 26.135901779642285 ], [ -80.118575668278112, 26.135793779614708 ], [ -80.118570668273662, 26.135684779587294 ], [ -80.118572668271369, 26.135576779559997 ], [ -80.118582668270435, 26.135431779523127 ], [ -80.118578668267318, 26.135358779504788 ], [ -80.118534668244749, 26.134997779414583 ], [ -80.118467668219523, 26.134788779363276 ], [ -80.118443668208656, 26.134644779327417 ], [ -80.118443668207689, 26.134608779318341 ], [ -80.11845466820796, 26.134499779290572 ], [ -80.118478668211125, 26.134355779253653 ], [ -80.118486668211517, 26.134282779235047 ], [ -80.118508668215071, 26.134175779207538 ], [ -80.118537668220924, 26.134076779181903 ], [ -80.118503668208618, 26.133989779160672 ], [ -80.118457668192463, 26.13388977913646 ], [ -80.118423668176717, 26.13367277908236 ], [ -80.118408668170417, 26.13360177906479 ], [ -80.118378668158783, 26.133495779038658 ], [ -80.118323668138999, 26.133358779005242 ], [ -80.118146668077372, 26.132992778916698 ], [ -80.117947668009649, 26.132636778831106 ], [ -80.117825667971459, 26.132544778810566 ], [ -80.117592667902045, 26.132497778803778 ], [ -80.117514667879234, 26.13249877880574 ], [ -80.117395667844278, 26.132493778807095 ], [ -80.117079667751, 26.132462778806147 ], [ -80.116770667658869, 26.13239877879672 ], [ -80.116340667531318, 26.132333778789747 ], [ -80.116065667449973, 26.1323007787874 ], [ -80.115950667415603, 26.132273778783109 ], [ -80.115831667380732, 26.132270778784953 ], [ -80.115673667334207, 26.13225977878561 ], [ -80.115202667194794, 26.132199778780794 ], [ -80.115044667148183, 26.132185778780688 ], [ -80.114966667124989, 26.132172778779083 ], [ -80.114850667090366, 26.132146778775038 ], [ -80.114775667067846, 26.132124778771132 ], [ -80.114702667045719, 26.132095778765432 ], [ -80.114663667034364, 26.132097778766777 ], [ -80.11458466701113, 26.132094778767758 ], [ -80.114505666987796, 26.132085778767227 ], [ -80.114427666964531, 26.132070778765133 ], [ -80.114351666941772, 26.13205077876173 ], [ -80.114277666919463, 26.132024778756783 ], [ -80.114101666865722, 26.131941778739659 ], [ -80.113403666652232, 26.131595778667531 ], [ -80.113271666611411, 26.131514778649947 ], [ -80.113241666602036, 26.131490778644558 ], [ -80.113188666585046, 26.131437778632339 ], [ -80.113139666569154, 26.131379778618726 ], [ -80.113095666554642, 26.131318778604275 ], [ -80.113066666544398, 26.131251778587981 ], [ -80.113032666531595, 26.131146778562236 ], [ -80.112948666498511, 26.130828778483767 ], [ -80.112844666448709, 26.130106778303691 ], [ -80.112841666445888, 26.130033778285259 ], [ -80.1128496664453, 26.129924778257593 ], [ -80.112945666460874, 26.129459778138035 ], [ -80.11295666646221, 26.129387778119632 ], [ -80.112973666462324, 26.129206778073513 ], [ -80.112985666463899, 26.129134778055047 ], [ -80.113014666468942, 26.129005778021881 ], [ -80.113462666603809, 26.129148778048169 ], [ -80.113769666693699, 26.129150778041957 ], [ -80.116902667610859, 26.129169777978305 ], [ -80.117476667778959, 26.129173777966756 ], [ -80.121183668864091, 26.129196777891543 ], [ -80.121128668849892, 26.129264777909917 ], [ -80.121128668854453, 26.129435777953148 ], [ -80.12123466888788, 26.129524777973298 ], [ -80.121247668891883, 26.129533777975279 ], [ -80.120919668810899, 26.130091778123383 ], [ -80.120908668808426, 26.130119778130684 ], [ -80.121058668850466, 26.130050778109979 ], [ -80.121165668883052, 26.130097778119527 ], [ -80.12120366889441, 26.130107778121232 ], [ -80.121490668979476, 26.130148778125275 ], [ -80.121594669010364, 26.1301637781268 ], [ -80.121633669021705, 26.130163778125947 ], [ -80.121751669055925, 26.130150778120118 ], [ -80.121830669079117, 26.130154778119397 ], [ -80.12186366908827, 26.130134778113618 ], [ -80.12191466910167, 26.130078778098333 ], [ -80.121933669106411, 26.130047778090095 ], [ -80.121948669109855, 26.130013778081167 ], [ -80.122299669181686, 26.128862777782796 ], [ -80.122329669187792, 26.128763777757154 ], [ -80.122353669192805, 26.128688777737707 ], [ -80.122479669215807, 26.128170777604126 ], [ -80.122549669228491, 26.127880777529342 ], [ -80.122629669243167, 26.127554777445219 ], [ -80.122668669251794, 26.127452777418632 ], [ -80.122684669255662, 26.127420777410176 ], [ -80.122695669257936, 26.127384777400859 ], [ -80.122703669257362, 26.12727677737341 ], [ -80.122742669265051, 26.127137777337467 ], [ -80.12276766926918, 26.127018777306819 ], [ -80.12279566927387, 26.126888777273408 ], [ -80.122836669281597, 26.126729777232359 ], [ -80.122790669248459, 26.125995777047947 ], [ -80.12265466914964, 26.123793776494718 ], [ -80.122609669116827, 26.123060776310592 ], [ -80.122765669162391, 26.123057776306421 ], [ -80.123236669299956, 26.123048776293814 ], [ -80.12339366934583, 26.1230467762899 ], [ -80.123547669390248, 26.123024776280971 ], [ -80.123932669501471, 26.122972776259431 ], [ -80.124012669525214, 26.12298377626044 ], [ -80.124167669571165, 26.123005776262602 ], [ -80.124179669575256, 26.123028776268178 ], [ -80.12421066958656, 26.123110776288222 ], [ -80.124219669589721, 26.123131776293341 ], [ -80.124238669597176, 26.123201776310577 ], [ -80.124272669613731, 26.123446776371736 ], [ -80.124288669621379, 26.123559776399929 ], [ -80.124384669649487, 26.123558776397573 ], [ -80.124407669656193, 26.123557776396829 ], [ -80.124764669760467, 26.12355277638779 ], [ -80.124883669795281, 26.123551776384886 ], [ -80.124878669789439, 26.123389776344066 ], [ -80.124866669772956, 26.122904776221873 ], [ -80.124865669771523, 26.122861776211032 ], [ -80.124886669775847, 26.122793776193383 ], [ -80.124910669781784, 26.122753776182716 ], [ -80.124865669766066, 26.122658776159732 ], [ -80.124857669761127, 26.12256077613511 ], [ -80.124870669760355, 26.12239177609219 ], [ -80.1248886697595, 26.1221617760337 ], [ -80.125078669791904, 26.121297775811271 ], [ -80.1251586698056, 26.120934775717856 ], [ -80.125295669845571, 26.120931775714102 ], [ -80.125707669965919, 26.120924775703351 ], [ -80.125845670006214, 26.120922775699842 ], [ -80.125848670011862, 26.12109877574424 ], [ -80.125858670028919, 26.121626775877381 ], [ -80.12586267003482, 26.121803775921997 ], [ -80.125862670039595, 26.121981775966947 ], [ -80.125865670054765, 26.122515776101739 ], [ -80.125866670059835, 26.12269377614669 ], [ -80.126143670140792, 26.122688776139395 ], [ -80.126977670384406, 26.122674776117648 ], [ -80.12725567046563, 26.122670776110532 ], [ -80.127252670459981, 26.122492776065631 ], [ -80.12724667044391, 26.121958775930931 ], [ -80.127244670438557, 26.121780775886002 ], [ -80.127517670518301, 26.121775775878795 ], [ -80.128338670758112, 26.121763775857794 ], [ -80.12861267083818, 26.121759775850808 ], [ -80.128614670843589, 26.121940775896469 ], [ -80.128620670859945, 26.122483776033498 ], [ -80.128622670865397, 26.122665776079433 ], [ -80.128744670900986, 26.122661776075766 ], [ -80.129112671008414, 26.122651776065165 ], [ -80.129235671044285, 26.12264877606172 ], [ -80.12938767108858, 26.122641776056643 ], [ -80.129844671221761, 26.122622776041847 ], [ -80.129997671266366, 26.122616776037013 ], [ -80.13004967128154, 26.122615776035609 ], [ -80.130209671328259, 26.122612776031389 ], [ -80.1302626713438, 26.12261177602997 ], [ -80.130460671401607, 26.122609776025154 ], [ -80.131055671575567, 26.12260477601086 ], [ -80.131254671633769, 26.122603776006251 ], [ -80.131277671640476, 26.122602776005497 ], [ -80.131345671660327, 26.122600776003516 ], [ -80.131369671667329, 26.122600776002983 ], [ -80.131551671720402, 26.122594775997513 ], [ -80.132099671880326, 26.122580775981962 ], [ -80.132282671933737, 26.122575775976728 ], [ -80.13247567199015, 26.122572775971754 ], [ -80.133055672159657, 26.122566775957594 ], [ -80.133249672216323, 26.122564775952867 ], [ -80.133265672221, 26.122563775952251 ], [ -80.133312672234723, 26.122562775950975 ], [ -80.133329672239711, 26.12256277595062 ], [ -80.133511672292812, 26.122557775945321 ], [ -80.134059672452835, 26.122546775930608 ], [ -80.134242672506232, 26.122542775925591 ], [ -80.134273672515292, 26.122541775924674 ], [ -80.134370672543625, 26.122539775922043 ], [ -80.134402672553023, 26.122539775921357 ], [ -80.134573672602869, 26.1225347759163 ], [ -80.135089672753494, 26.122521775901781 ], [ -80.135261672803708, 26.122517775897034 ], [ -80.135303672815951, 26.12251577589555 ], [ -80.135429672852695, 26.122511775891805 ], [ -80.135472672865248, 26.122510775890621 ], [ -80.135469672859728, 26.122337775847022 ], [ -80.135461672843533, 26.121819775716368 ], [ -80.13545967283828, 26.121647775672951 ], [ -80.135800672937791, 26.121636775662694 ], [ -80.136827673237306, 26.121603775631954 ], [ -80.13717067333782, 26.121610775626205 ], [ -80.137170673335817, 26.121535775607271 ], [ -80.13717267333179, 26.121361775563262 ], [ -80.137174673330861, 26.121304775548865 ], [ -80.137176673328327, 26.121189775519785 ], [ -80.137181673320541, 26.120844775432484 ], [ -80.137184673318345, 26.120730775403647 ], [ -80.137179673312858, 26.120579775365574 ], [ -80.137167673297213, 26.120127775251689 ], [ -80.137163673292036, 26.119977775213947 ], [ -80.137160673287013, 26.119823775175082 ], [ -80.137151673272115, 26.119364775059314 ], [ -80.137151673271447, 26.119339775052996 ], [ -80.13714967326743, 26.119211775020759 ], [ -80.137146673261782, 26.119034774976118 ], [ -80.137137673244922, 26.118503774842154 ], [ -80.137135673239598, 26.11832677479747 ], [ -80.137133673237031, 26.118252774778846 ], [ -80.137133673236448, 26.118230774773288 ], [ -80.137130673231937, 26.118094774738999 ], [ -80.13712967322995, 26.1180317747231 ], [ -80.137128673227721, 26.117958774704707 ], [ -80.137251673264757, 26.117999774712377 ], [ -80.137290673276354, 26.118005774713037 ], [ -80.137369673299489, 26.11800777471181 ], [ -80.13744867332241, 26.117999774708078 ], [ -80.13748567333289, 26.117988774704472 ], [ -80.137595673363947, 26.117945774691211 ], [ -80.137807673423382, 26.117848774662075 ], [ -80.137841673432789, 26.117829774656528 ], [ -80.137997673475454, 26.117718774625086 ], [ -80.138111673506074, 26.117616774596858 ], [ -80.138341673566671, 26.117367774528955 ], [ -80.138643673646044, 26.117030774437232 ], [ -80.138702673661953, 26.116982774423825 ], [ -80.138766673679569, 26.116940774411802 ], [ -80.138880673712123, 26.116910774401681 ], [ -80.139038673758023, 26.11689877439526 ], [ -80.13923667381583, 26.11689377438967 ], [ -80.139275673827285, 26.11689577438932 ], [ -80.139314673838925, 26.116903774390472 ], [ -80.139393673862187, 26.116909774390255 ], [ -80.13958367391912, 26.116958774398512 ], [ -80.13959667392291, 26.116960774398738 ], [ -80.139894674011558, 26.117015774406092 ], [ -80.140310674134852, 26.11707377441169 ], [ -80.140307674132487, 26.117018774397835 ], [ -80.140306674131594, 26.116995774392045 ], [ -80.140302674128336, 26.11691777437246 ], [ -80.140298674125475, 26.116856774357117 ], [ -80.140296674123448, 26.116802774343547 ], [ -80.140345674137976, 26.116809774344222 ], [ -80.140745674256834, 26.116878774352919 ], [ -80.141244674405129, 26.116965774363987 ], [ -80.141388674448478, 26.117009774371972 ], [ -80.141598674512309, 26.117099774390113 ], [ -80.142054674649913, 26.117257774420075 ], [ -80.142485674780062, 26.117407774448584 ], [ -80.142578674806245, 26.117369774436906 ], [ -80.142650674825916, 26.117317774422236 ], [ -80.142687674835358, 26.117267774408731 ], [ -80.142704674839763, 26.117245774402804 ], [ -80.14273167484555, 26.117167774382548 ], [ -80.142734674833179, 26.116671774257206 ], [ -80.142736674829791, 26.116522774219519 ], [ -80.142738674823633, 26.116271774156072 ], [ -80.142733674818771, 26.116144774124081 ], [ -80.142727674811155, 26.115927774069434 ], [ -80.142726674810532, 26.115915774066398 ], [ -80.142714674803017, 26.115764774028563 ], [ -80.142704674796704, 26.115638773996935 ], [ -80.142695674789508, 26.115467773953917 ], [ -80.142668674767918, 26.114955773825219 ], [ -80.142660674760975, 26.114785773782422 ], [ -80.14256467473291, 26.114785773784522 ], [ -80.142278674649205, 26.114785773790757 ], [ -80.142183674621464, 26.114786773793114 ], [ -80.142181674616154, 26.114609773748406 ], [ -80.14217667460052, 26.114080773614933 ], [ -80.142175674595521, 26.113904773570486 ], [ -80.142172674589915, 26.113727773525831 ], [ -80.142164674573309, 26.113196773391916 ], [ -80.142162674567984, 26.113019773347236 ], [ -80.142037674531551, 26.113023773350967 ], [ -80.141664674422756, 26.113036773362378 ], [ -80.141540674386661, 26.11304177336638 ], [ -80.141530674378927, 26.112863773321621 ], [ -80.141502674356502, 26.11233177318784 ], [ -80.141493674349078, 26.112154773143313 ], [ -80.141823674445391, 26.11214577313385 ], [ -80.142813674734327, 26.112119773105682 ], [ -80.14314467483095, 26.112111773096387 ], [ -80.143135674823597, 26.111937773052688 ], [ -80.143111674802626, 26.111415772921291 ], [ -80.14310367479564, 26.111241772877563 ], [ -80.143095674788981, 26.111079772836835 ], [ -80.143076674772772, 26.110681772736687 ], [ -80.143063674766637, 26.110595772715243 ], [ -80.143039674755315, 26.110435772675363 ], [ -80.143095674768034, 26.110297772639282 ], [ -80.143071674735907, 26.109359772402819 ], [ -80.143065674711991, 26.108532772194049 ], [ -80.143052674701067, 26.108266772127173 ], [ -80.143051674697119, 26.108129772092536 ], [ -80.143032674676476, 26.107566771950719 ], [ -80.143154674712022, 26.107562771947066 ], [ -80.143778674894165, 26.107546771929446 ], [ -80.143986674954888, 26.107542771923846 ], [ -80.144956675237509, 26.107500771892102 ], [ -80.144971675241891, 26.107499771891476 ], [ -80.145016675255036, 26.107498771890238 ], [ -80.145032675259728, 26.107498771889894 ], [ -80.145021675251485, 26.107312771843166 ], [ -80.144998675233666, 26.106897771738858 ], [ -80.144986675226349, 26.106754771702949 ], [ -80.144972675217289, 26.106569771656545 ], [ -80.145120675260756, 26.106575771654828 ], [ -80.145209675286765, 26.10657477165261 ], [ -80.145478675365396, 26.106574771646756 ], [ -80.145568675391729, 26.106574771644784 ], [ -80.145563675385247, 26.106386771597414 ], [ -80.145551675366761, 26.105825771455951 ], [ -80.145547675360589, 26.105638771408827 ], [ -80.145843675446983, 26.105631771400606 ], [ -80.146734675707052, 26.1056117713761 ], [ -80.147122675820327, 26.105603771365587 ], [ -80.147446675914992, 26.105598771357258 ], [ -80.148688676277814, 26.105580771325609 ], [ -80.149103676399051, 26.105575771315298 ], [ -80.149431676494828, 26.105568771306391 ], [ -80.150414676781864, 26.105548771279889 ], [ -80.150743676877894, 26.105542771271189 ], [ -80.151237677022209, 26.105534771258359 ], [ -80.152719677455124, 26.105512771220461 ], [ -80.153214677599749, 26.105506771208159 ], [ -80.153214677600246, 26.105525771212992 ], [ -80.153215677602049, 26.105581771227069 ], [ -80.153216677602856, 26.105601771232095 ], [ -80.153217677605184, 26.105677771251315 ], [ -80.153220677612197, 26.105906771309076 ], [ -80.153222677614835, 26.105983771328475 ], [ -80.153222677615915, 26.106024771338841 ], [ -80.153223677619607, 26.10615077137065 ], [ -80.153224677621083, 26.106192771381224 ], [ -80.153224677622362, 26.106240771393384 ], [ -80.153226677626847, 26.106386771430195 ], [ -80.15322767762845, 26.106435771442538 ], [ -80.153230677634198, 26.106617771488448 ], [ -80.153240677651709, 26.107163771626187 ], [ -80.153244677657796, 26.107346771672329 ], [ -80.154376677988239, 26.107320771641042 ], [ -80.157774678980061, 26.107242771547149 ], [ -80.158392679160485, 26.107229771530431 ], [ -80.158650679235819, 26.10722377152322 ], [ -80.158907679310815, 26.107217771516122 ], [ -80.161439680050421, 26.107180771451489 ], [ -80.162316680306731, 26.107173771430595 ], [ -80.162818680453185, 26.107158771415843 ], [ -80.163590680678027, 26.10712277138995 ], [ -80.163740680722157, 26.107130771388647 ], [ -80.163890680766215, 26.107139771387676 ], [ -80.164144680839996, 26.107118771376832 ], [ -80.164423680920521, 26.107079771360876 ], [ -80.164899681057193, 26.106984771326495 ], [ -80.165072681107006, 26.106954771315102 ], [ -80.165089681111581, 26.106938771310727 ], [ -80.165202681142731, 26.106867771290293 ], [ -80.165269681160325, 26.106794771270401 ], [ -80.165395681196571, 26.106771771261837 ], [ -80.165500681226888, 26.106755771255489 ], [ -80.165757681301002, 26.106717771240312 ], [ -80.16614168141237, 26.106682771223078 ], [ -80.166200681429558, 26.106679771221042 ], [ -80.166435681498015, 26.106669771213408 ], [ -80.166604681547255, 26.106661771207662 ], [ -80.167112681695244, 26.106639771191023 ], [ -80.167266681740131, 26.10663477118641 ], [ -80.167282681744808, 26.106633771185798 ], [ -80.167389681776044, 26.106630771182743 ], [ -80.167594681835908, 26.106626771177247 ], [ -80.167712681870384, 26.106626771174664 ], [ -80.167820681901986, 26.106626771172323 ], [ -80.167857681912778, 26.10662677117152 ], [ -80.167961681943183, 26.106625771168986 ], [ -80.168384682066915, 26.106625771159763 ], [ -80.16845668208795, 26.106625771158196 ], [ -80.168525682108054, 26.106622771155934 ], [ -80.168614682134049, 26.10662077115343 ], [ -80.168794682186643, 26.106619771149241 ], [ -80.168884682212934, 26.106617771146766 ], [ -80.168974682239224, 26.106616771144562 ], [ -80.169029682255328, 26.106615771143133 ], [ -80.169066682266092, 26.106615771142305 ], [ -80.169306682336284, 26.106614771136819 ], [ -80.169343682347048, 26.106613771135759 ], [ -80.169436682374254, 26.106611771133231 ], [ -80.169446682377142, 26.106610771132758 ], [ -80.169478682386426, 26.106609771131836 ], [ -80.169489682389695, 26.106609771131581 ], [ -80.169504682394063, 26.106608771130979 ], [ -80.16955068240749, 26.106608771130002 ], [ -80.169566682412139, 26.106608771129657 ], [ -80.169627682429947, 26.106606771127819 ], [ -80.169812682483908, 26.106601771122516 ], [ -80.169874682502027, 26.106600771120934 ], [ -80.17079368276994, 26.1065677710925 ], [ -80.171329682925901, 26.106536771072989 ], [ -80.171754683049173, 26.106497771053863 ], [ -80.172090683146237, 26.106454771035654 ], [ -80.172330683215762, 26.106428771023847 ], [ -80.172626683301857, 26.106411771013093 ], [ -80.172892683379615, 26.106408771006528 ], [ -80.173133683450146, 26.106410771001755 ], [ -80.17314468345333, 26.106410771001524 ], [ -80.173296683497981, 26.106417770999961 ], [ -80.173372683520313, 26.106421770999354 ], [ -80.17371068361976, 26.106443770997533 ], [ -80.173787683642459, 26.106449770997365 ], [ -80.173951683690817, 26.10646477099759 ], [ -80.173985683700849, 26.106466770997343 ], [ -80.174090683731762, 26.106475770997303 ], [ -80.174125683742119, 26.106479770997549 ], [ -80.174263683782783, 26.10649077099735 ], [ -80.174301683794013, 26.106494770997507 ], [ -80.174676683904508, 26.106526770997377 ], [ -80.174815683945482, 26.1065387709974 ], [ -80.174952683985936, 26.106550770997423 ], [ -80.175029684008379, 26.106549770995485 ], [ -80.175162684047081, 26.106541770990582 ], [ -80.175875684253924, 26.10647777095885 ], [ -80.176158684336386, 26.106467770950161 ], [ -80.176522684442432, 26.106452770938411 ], [ -80.176656684482538, 26.106486770944116 ], [ -80.176822684530876, 26.106477770938167 ], [ -80.177770684806418, 26.106413770901298 ], [ -80.178074684894639, 26.106388770888362 ], [ -80.179474685300832, 26.106267770827262 ], [ -80.179827685403311, 26.106238770812201 ], [ -80.181406685861376, 26.106099770742631 ], [ -80.182286686116683, 26.106022770703994 ], [ -80.183182686376853, 26.105952770666772 ], [ -80.184058686631047, 26.105877770628666 ], [ -80.18439468672851, 26.105847770613764 ], [ -80.184937686885306, 26.105772770582998 ], [ -80.18521568696562, 26.105736770567805 ], [ -80.185818687139289, 26.105635770529176 ], [ -80.18770768768205, 26.105274770396786 ], [ -80.190510688488985, 26.104795770214569 ], [ -80.191449688762404, 26.104752770183214 ], [ -80.192735689137422, 26.104713770145327 ], [ -80.193329689310829, 26.104700770129067 ], [ -80.195351689900377, 26.104634770068262 ], [ -80.197326690477027, 26.104601770016849 ], [ -80.197573690549007, 26.104593770009398 ], [ -80.198650690862777, 26.104548769974514 ], [ -80.199480691105194, 26.104537769953659 ], [ -80.19973969118081, 26.104531769946497 ], [ -80.200790691487924, 26.104524769921763 ], [ -80.201337691647694, 26.104518769908292 ], [ -80.201365691655965, 26.104519769907938 ], [ -80.201559691712504, 26.104514769902462 ], [ -80.201560691713311, 26.104533769907245 ], [ -80.201563691716345, 26.104611769926851 ], [ -80.201568691720681, 26.10471976995402 ], [ -80.201591691740447, 26.105206770076528 ], [ -80.201607691764892, 26.105946770263074 ], [ -80.201632691782692, 26.106336770360986 ], [ -80.201695691801021, 26.106334770359094 ], [ -80.202063691908492, 26.106327770349271 ], [ -80.202187691944658, 26.106325770346057 ], [ -80.202591692062597, 26.106317770335238 ], [ -80.203802692416119, 26.106294770302998 ], [ -80.204207692534354, 26.106287770292411 ], [ -80.204830692716286, 26.106277770276254 ], [ -80.206699693262053, 26.10624977022837 ], [ -80.207323693444252, 26.106240770212509 ], [ -80.207759693571163, 26.106217770197187 ], [ -80.207889693608578, 26.106194770188534 ], [ -80.208876693896755, 26.10617977016317 ], [ -80.2090226939399, 26.106196770164306 ], [ -80.20949569407793, 26.106185770151161 ], [ -80.209802694167522, 26.106180770143226 ], [ -80.210277694306285, 26.106174770131346 ], [ -80.213055695117831, 26.106146770063592 ], [ -80.213202695160774, 26.106145770060127 ], [ -80.214086695418914, 26.106131770037326 ], [ -80.21459969556858, 26.106118770022821 ], [ -80.214990695682744, 26.106113770013028 ], [ -80.21522869575017, 26.106033769987587 ], [ -80.215767695907786, 26.106033769975831 ], [ -80.217171696317124, 26.105988769933838 ], [ -80.218193696615884, 26.105986769910992 ], [ -80.218362696665153, 26.105980769905816 ], [ -80.219210696912739, 26.10596776988401 ], [ -80.220503697290269, 26.105946769850505 ], [ -80.221582697605484, 26.105936769824396 ], [ -80.221682697634634, 26.105933769821458 ], [ -80.221795697667559, 26.105929769817983 ], [ -80.222135697766703, 26.105919769808008 ], [ -80.222249697799967, 26.105917769805036 ], [ -80.222250697803062, 26.106022769831529 ], [ -80.224273698392992, 26.105963769772444 ], [ -80.226748699115859, 26.105934769711098 ], [ -80.22717769924121, 26.10593276970123 ], [ -80.230307700155251, 26.105890769622274 ], [ -80.232331700746542, 26.105872769573516 ], [ -80.232337700753845, 26.106080769625891 ], [ -80.232334700755658, 26.106181769651478 ], [ -80.232326700756033, 26.106281769676897 ], [ -80.232313700754858, 26.106379769701942 ], [ -80.232274700747539, 26.106531769741181 ], [ -80.232228700736968, 26.106638769769173 ], [ -80.232193700728175, 26.106693769783867 ], [ -80.232158700719424, 26.106749769798732 ], [ -80.232085700700765, 26.106849769825615 ], [ -80.232027700685634, 26.106915769843535 ], [ -80.231949700664899, 26.106993769864911 ], [ -80.231800700624362, 26.107105769896435 ], [ -80.231621700573839, 26.107174769917762 ], [ -80.231314700486919, 26.107280769951245 ], [ -80.231142700437587, 26.107316769964061 ], [ -80.230977700390497, 26.10735976997853 ], [ -80.230770700331732, 26.107424769999461 ], [ -80.23061770028805, 26.107464770012928 ], [ -80.230429700234481, 26.107515770029885 ], [ -80.230292700195918, 26.107571770047038 ], [ -80.230145700155461, 26.107665770073986 ], [ -80.229966700107937, 26.107845770123337 ], [ -80.22984470007745, 26.108038770174694 ], [ -80.229817700071465, 26.108111770193762 ], [ -80.22978170006364, 26.108210770219507 ], [ -80.22975670006295, 26.108457770282417 ], [ -80.229759700067873, 26.108609770320751 ], [ -80.229772700083942, 26.10906777043607 ], [ -80.22978970009909, 26.109447770531652 ], [ -80.229842700145198, 26.110587770818327 ], [ -80.2298607001606, 26.110967770913884 ], [ -80.22986270016618, 26.111154770961036 ], [ -80.229870700183639, 26.111718771103249 ], [ -80.229873700189557, 26.111906771150618 ], [ -80.229876700192463, 26.111982771169785 ], [ -80.229886700201604, 26.112212771227625 ], [ -80.22989070020482, 26.112289771246949 ], [ -80.229891700210217, 26.112480771295161 ], [ -80.229896700227016, 26.113053771439684 ], [ -80.229897700230723, 26.113180771471765 ], [ -80.229897700231803, 26.113221771482117 ], [ -80.229899700233048, 26.113245771488128 ], [ -80.229895700234451, 26.113341771512438 ], [ -80.22988970023971, 26.113602771578467 ], [ -80.229886700239661, 26.113632771586094 ], [ -80.229877700239584, 26.113729771610764 ], [ -80.229841700234942, 26.113947771666609 ], [ -80.229810700228214, 26.114036771689761 ], [ -80.229784700222766, 26.114116771710471 ], [ -80.229717700207644, 26.114283771754145 ], [ -80.229613700183009, 26.114499771810912 ], [ -80.229458700144704, 26.114758771879707 ], [ -80.229368700121313, 26.114867771909211 ], [ -80.229170700069986, 26.115113771975636 ], [ -80.229006700019013, 26.115001771950947 ], [ -80.228850699970621, 26.114895771927589 ], [ -80.228574699885584, 26.11473577189323 ], [ -80.228497699862118, 26.114699771885796 ], [ -80.228318699807559, 26.114616771868803 ], [ -80.228118699746162, 26.114507771845638 ], [ -80.227851699664967, 26.114391771822191 ], [ -80.227824699656779, 26.114379771819724 ], [ -80.227584699584071, 26.114285771801249 ], [ -80.227218699473696, 26.114159771777405 ], [ -80.226846699362042, 26.114051771758316 ], [ -80.226594699286665, 26.113989771748173 ], [ -80.226365699218476, 26.113943771741553 ], [ -80.226147699153572, 26.113900771735441 ], [ -80.225855699067097, 26.113859771731462 ], [ -80.225659699009157, 26.113834771729458 ], [ -80.225567698981962, 26.113823771728651 ], [ -80.225241698885981, 26.113799771729713 ], [ -80.225070698835864, 26.113793771731942 ], [ -80.224874698778422, 26.113788771734988 ], [ -80.224872698782335, 26.113956771777417 ], [ -80.224869698795047, 26.114463771905498 ], [ -80.224868698799298, 26.114632771948177 ], [ -80.224870698804324, 26.114798771990053 ], [ -80.224876698819372, 26.11529577211541 ], [ -80.224879698824751, 26.115462772157471 ], [ -80.225198698918263, 26.115473772153315 ], [ -80.225372698969622, 26.115490772153763 ], [ -80.225526699015091, 26.11550677215445 ], [ -80.226099699185767, 26.115624772171696 ], [ -80.22666169935448, 26.115788772200869 ], [ -80.226813699400211, 26.115836772209647 ], [ -80.226912699430017, 26.115868772215549 ], [ -80.227276699540312, 26.116011772243734 ], [ -80.227173699514054, 26.116156772282562 ], [ -80.226866699435959, 26.116592772399322 ], [ -80.226764699410111, 26.116738772438421 ], [ -80.226589699357149, 26.116672772425591 ], [ -80.226306699271191, 26.116551772401259 ], [ -80.226065699198671, 26.116475772387293 ], [ -80.225889699146165, 26.116436772381288 ], [ -80.225825699131519, 26.116588772421085 ], [ -80.225634699087934, 26.117045772540585 ], [ -80.225571699073626, 26.117198772580593 ], [ -80.225519699062488, 26.117349772619889 ], [ -80.225435699044667, 26.117601772685326 ], [ -80.225384699035345, 26.117809772738944 ], [ -80.225347699028674, 26.117965772779126 ], [ -80.225327699026934, 26.118118772818203 ], [ -80.225298699024762, 26.118353772878191 ], [ -80.225280699025618, 26.118581772936125 ], [ -80.225268699026245, 26.118736772975527 ], [ -80.225395699063824, 26.118752772976748 ], [ -80.225450699079985, 26.11875677297655 ], [ -80.225776699176023, 26.11878277297604 ], [ -80.225997699241702, 26.118821772981029 ], [ -80.22617969929577, 26.118853772985151 ], [ -80.226184699300887, 26.118990773019611 ], [ -80.22620169931696, 26.119404773123723 ], [ -80.226207699322416, 26.119542773158429 ], [ -80.226210699327396, 26.119695773196998 ], [ -80.226219699342394, 26.120155773312959 ], [ -80.226220699343543, 26.120187773320986 ], [ -80.226216699343496, 26.120229773331687 ], [ -80.226199699339432, 26.1202637733406 ], [ -80.226170699331718, 26.120293773348848 ], [ -80.226141699323691, 26.120309773353465 ], [ -80.226099699311661, 26.12031977335694 ], [ -80.225984699278158, 26.120323773360468 ], [ -80.225250699063608, 26.120324773376769 ], [ -80.222476698252706, 26.120332773439404 ], [ -80.221552697982617, 26.120335773460408 ], [ -80.221486697972551, 26.120680773548933 ], [ -80.22146169796882, 26.120813773583059 ], [ -80.22230569821555, 26.12081077356385 ], [ -80.224839698956231, 26.120803773506662 ], [ -80.225684699203313, 26.120802773487931 ], [ -80.225991699293118, 26.120803773481484 ], [ -80.226217699359225, 26.120804773476781 ], [ -80.226915699563349, 26.120806773462082 ], [ -80.227224699653704, 26.120807773455571 ], [ -80.227229699659617, 26.120972773497101 ], [ -80.225684699207875, 26.120972773530877 ], [ -80.225683699216901, 26.121319773618456 ], [ -80.225681699257962, 26.122872774010538 ], [ -80.22568169927186, 26.123390774141296 ], [ -80.226008699367384, 26.123388774133641 ], [ -80.226324699459752, 26.123387774126488 ], [ -80.226989699654098, 26.123383774110938 ], [ -80.22731669974965, 26.123382774103543 ], [ -80.227357699761797, 26.123387774103893 ], [ -80.227482699798799, 26.123403774105217 ], [ -80.227524699811241, 26.123409774105799 ], [ -80.227531699820801, 26.123689774176331 ], [ -80.227555699850342, 26.124529774387852 ], [ -80.22756469986048, 26.124810774458542 ], [ -80.228082700011797, 26.124805774445978 ], [ -80.229636700465818, 26.124792774408753 ], [ -80.230155700617473, 26.124789774396604 ], [ -80.230144700606729, 26.124507774325682 ], [ -80.23011170057444, 26.123662774113097 ], [ -80.230101700563921, 26.123381774042407 ], [ -80.230353700637565, 26.12338077403663 ], [ -80.231110700858878, 26.123378774019585 ], [ -80.231363700932818, 26.123378774014064 ], [ -80.231668701021945, 26.123375774006647 ], [ -80.232584701289511, 26.123367773984555 ], [ -80.232890701378935, 26.123365773977373 ], [ -80.232974701403577, 26.123367773976032 ], [ -80.233227701477773, 26.123376773972812 ], [ -80.233312701502712, 26.123379773971678 ], [ -80.233515701562112, 26.123381773967768 ], [ -80.234127701741272, 26.123390773956618 ], [ -80.23424970177696, 26.123392773954464 ], [ -80.234332701801279, 26.123393773952891 ], [ -80.234333701800793, 26.123364773945564 ], [ -80.234340701800903, 26.12329277392725 ], [ -80.234342701798582, 26.123185773900175 ], [ -80.234322701784464, 26.122874773822115 ], [ -80.234308701774296, 26.12264977376563 ], [ -80.234309701772702, 26.122578773747691 ], [ -80.234263701739138, 26.121829773559661 ], [ -80.234264701737516, 26.121757773541475 ], [ -80.234257701732602, 26.121650773514602 ], [ -80.234222701713435, 26.12131877343155 ], [ -80.234183701691592, 26.120929773334211 ], [ -80.234170701684377, 26.120801773302194 ], [ -80.234271701713951, 26.120803773300484 ], [ -80.23434670173593, 26.120803773298832 ], [ -80.234875701890701, 26.12080977328883 ], [ -80.235052701942536, 26.120812773285699 ], [ -80.235644702115678, 26.120814773273263 ], [ -80.23605370223531, 26.120817773265081 ], [ -80.237422702635641, 26.120819773235652 ], [ -80.238015702809065, 26.120820773222921 ], [ -80.23868270300396, 26.120817773207605 ], [ -80.240686703589631, 26.120810773162031 ], [ -80.241354703784907, 26.120808773146933 ], [ -80.241433703807971, 26.120808773145203 ], [ -80.242251704047106, 26.120806773126812 ], [ -80.243292704351347, 26.120803773103251 ], [ -80.246418705265057, 26.120796773033174 ], [ -80.247460705569623, 26.120795773010144 ], [ -80.248166705775986, 26.12079477299444 ], [ -80.248712705935617, 26.12079377298226 ], [ -80.248825705968628, 26.120792772979549 ], [ -80.250215706374007, 26.120757772940301 ], [ -80.250221706380188, 26.120921772981585 ], [ -80.251583706778192, 26.120916772950522 ], [ -80.252104706930155, 26.120903772935879 ], [ -80.252420707022438, 26.120900772928195 ], [ -80.252606707076822, 26.120899772923906 ], [ -80.253738707407521, 26.120891772897107 ], [ -80.254690707685796, 26.120891772876291 ], [ -80.256629708252945, 26.12090377283695 ], [ -80.25716070840825, 26.120905772825829 ], [ -80.258292708739276, 26.12091077280235 ], [ -80.258394708764882, 26.120752772760238 ], [ -80.258485708791483, 26.120752772758227 ], [ -80.259077708964526, 26.120752772745288 ], [ -80.259275709022418, 26.12075277274095 ], [ -80.259313709033549, 26.120752772740136 ], [ -80.259428709067151, 26.120752772737617 ], [ -80.259467709078507, 26.120752772736751 ], [ -80.259525709099876, 26.120915772776605 ], [ -80.260834709482339, 26.120909772746508 ], [ -80.26093670951218, 26.120908772744023 ], [ -80.260939709508619, 26.120744772702601 ], [ -80.261632709711193, 26.120743772687202 ], [ -80.263715710320014, 26.120742772641371 ], [ -80.264409710522898, 26.120742772626208 ], [ -80.264605710580184, 26.120741772621674 ], [ -80.26480771063919, 26.120739772616755 ], [ -80.265459710829717, 26.120736772601692 ], [ -80.266002710988332, 26.120733772589073 ], [ -80.266313711079178, 26.12073277258202 ], [ -80.266401711104876, 26.120731772579855 ], [ -80.266466711123869, 26.120731772578431 ], [ -80.266490711130885, 26.120731772577894 ], [ -80.26657771115633, 26.120731772575986 ], [ -80.267105711310734, 26.120732772564718 ], [ -80.267281711362173, 26.12073377256111 ], [ -80.267392711394606, 26.12073377255868 ], [ -80.26772871149285, 26.120734772551586 ], [ -80.267840711525636, 26.120735772549374 ], [ -80.267884711538485, 26.120735772548421 ], [ -80.268017711577343, 26.120735772545494 ], [ -80.268062711590517, 26.120735772544528 ], [ -80.26818871162736, 26.120735772541781 ], [ -80.2685677117382, 26.120736772533743 ], [ -80.268694711775296, 26.120737772531204 ], [ -80.269109711896661, 26.120737772522133 ], [ -80.270356712261133, 26.12073777249487 ], [ -80.270772712382737, 26.120737772485771 ], [ -80.270893712418086, 26.120737772483125 ], [ -80.270921712426201, 26.120735772482025 ], [ -80.271369712556719, 26.120718772467963 ], [ -80.271519712600451, 26.12071377246339 ], [ -80.271961712729606, 26.120713772453733 ], [ -80.272540712898916, 26.120715772441564 ], [ -80.27328871311758, 26.120716772425499 ], [ -80.27373171324713, 26.120717772416064 ], [ -80.273952713311687, 26.120716772410983 ], [ -80.27461971350651, 26.12071377239559 ], [ -80.274841713571433, 26.120713772390744 ], [ -80.274840713575301, 26.12086877242988 ], [ -80.282530715822773, 26.120859772259482 ], [ -80.282925715938205, 26.120859772250842 ], [ -80.284420716375706, 26.120879772223173 ], [ -80.285023716551649, 26.120869772207449 ], [ -80.285288716628457, 26.120844772195351 ], [ -80.285227716629379, 26.121541772372581 ], [ -80.285221716636599, 26.121878772457741 ], [ -80.285223716643074, 26.122097772512969 ], [ -80.285240716657, 26.122430772596623 ], [ -80.285310716724666, 26.124189773038932 ], [ -80.285328716738277, 26.124500773117031 ], [ -80.285354716751314, 26.124703773167678 ], [ -80.285399716770968, 26.124945773227729 ], [ -80.285453716791068, 26.125105773266899 ], [ -80.285554716830134, 26.125461773354537 ], [ -80.28564971686383, 26.125683773408479 ], [ -80.285775716906983, 26.125917773464785 ], [ -80.285938716963599, 26.126252773545698 ], [ -80.286113717023412, 26.126574773623151 ], [ -80.286305717089263, 26.126938773710798 ], [ -80.286719717231435, 26.127725773900302 ], [ -80.286794717257152, 26.127867773934476 ], [ -80.286886717289775, 26.128080773986234 ], [ -80.286958717316239, 26.128283774035875 ], [ -80.287089717353666, 26.128251774024896 ], [ -80.287176717386458, 26.128525774092111 ], [ -80.287251717417931, 26.12888077418005 ], [ -80.287265717428255, 26.12911377423859 ], [ -80.287270717431142, 26.129166774251804 ], [ -80.287301717448031, 26.129456774324321 ], [ -80.287342717491683, 26.130637774621349 ], [ -80.287398717544022, 26.131975774957734 ], [ -80.287407717552043, 26.132177775008493 ], [ -80.287414717565582, 26.132603775115822 ], [ -80.287429717577325, 26.13287877518486 ], [ -80.287432717579634, 26.132932775198405 ], [ -80.287435717581801, 26.132978775209935 ], [ -80.287468717603673, 26.133434775324254 ], [ -80.287507717629666, 26.133977775460441 ], [ -80.287533717661717, 26.134887775689414 ], [ -80.28753171766428, 26.135004775718961 ], [ -80.287523717676038, 26.135528775851306 ], [ -80.287702717728436, 26.135533775848717 ], [ -80.289165718155715, 26.135521775813608 ], [ -80.291720718901971, 26.13550177575263 ], [ -80.29409471959525, 26.135482775695852 ], [ -80.29573772007511, 26.135469775656627 ], [ -80.295963720141089, 26.1354677756512 ], [ -80.296645720340294, 26.135461775634703 ], [ -80.296872720406611, 26.135460775629483 ], [ -80.296978720437508, 26.135459775626906 ], [ -80.297016720448639, 26.135459775626082 ], [ -80.297160720490737, 26.135458775622666 ], [ -80.29729772053058, 26.135452775618177 ], [ -80.297330720540202, 26.135451775617195 ], [ -80.297404720561715, 26.135448775614815 ], [ -80.297468720580554, 26.135453775614671 ], [ -80.297662720637717, 26.135469775614478 ], [ -80.297727720656894, 26.135475775614566 ], [ -80.297709720706905, 26.137532776133842 ], [ -80.297700720733189, 26.13860777640522 ], [ -80.297696720746757, 26.139157776544057 ], [ -80.297690720824349, 26.142108777288563 ], [ -80.297690720860942, 26.143469777631822 ], [ -80.29769072086728, 26.14370477769112 ], [ -80.297690720867877, 26.143726777696664 ], [ -80.297720720910661, 26.144992778015322 ], [ -80.297739720936903, 26.145761778208865 ], [ -80.297743720942108, 26.145911778246635 ], [ -80.297758720964296, 26.146572778412995 ], [ -80.297793721013946, 26.148036778781467 ], [ -80.297847721035751, 26.148261778837025 ], [ -80.297878721050111, 26.148459778886306 ], [ -80.297934721080878, 26.148993779019712 ], [ -80.29794572108672, 26.149092779044452 ], [ -80.29800672111125, 26.1493407791057 ], [ -80.298006721115257, 26.149489779143284 ], [ -80.298000721121795, 26.149797779221064 ], [ -80.29795572110865, 26.149797779222045 ], [ -80.297821721069482, 26.149797779224983 ], [ -80.297777721056633, 26.149798779226181 ], [ -80.297779721060209, 26.149909779254152 ], [ -80.297781721063899, 26.150025779283375 ], [ -80.297804721101869, 26.151186779575692 ], [ -80.297807721147151, 26.152835779991474 ], [ -80.297822721355274, 26.160402781899396 ], [ -80.297911721381013, 26.160392781894942 ], [ -80.298053721422079, 26.160377781888023 ], [ -80.298046721431092, 26.160785781991049 ], [ -80.298024721457693, 26.162012782300977 ], [ -80.298019721465366, 26.162351782386565 ], [ -80.29801872146696, 26.16242178240422 ], [ -80.298016721468599, 26.162503782424949 ], [ -80.298012721473867, 26.162744782485788 ], [ -80.297995721495127, 26.163716782731239 ], [ -80.297990721502359, 26.164040782813064 ], [ -80.297988721502989, 26.164085782824461 ], [ -80.297987721504754, 26.164161782843628 ], [ -80.297986721506078, 26.164221782858814 ], [ -80.297986721507314, 26.164267782870382 ], [ -80.297986721507939, 26.164291782876447 ], [ -80.297989721512849, 26.164439782913707 ], [ -80.297998721529481, 26.164958783044383 ], [ -80.298002721535269, 26.165131783087876 ], [ -80.298002721552209, 26.165759783246219 ], [ -80.298004721603562, 26.16764378372125 ], [ -80.298004721605608, 26.167719783740392 ], [ -80.298004721616252, 26.168114783840004 ], [ -80.298005721620783, 26.168271783879565 ], [ -80.298002721638753, 26.168970784055862 ], [ -80.298001721650976, 26.169434784172857 ], [ -80.297990721741883, 26.172926785053544 ], [ -80.297987721772429, 26.17409178534729 ], [ -80.297982721779789, 26.174418785429864 ], [ -80.297981721782477, 26.174527785457379 ], [ -80.297964721812747, 26.175835785787502 ], [ -80.297959721823077, 26.176272785897751 ], [ -80.297957721837363, 26.176823786036746 ], [ -80.297956721856849, 26.177556786221533 ], [ -80.297953721880845, 26.178478786454026 ], [ -80.297953721890622, 26.178840786545276 ], [ -80.297953721891858, 26.17888678655687 ], [ -80.297953721895738, 26.179030786593213 ], [ -80.297955721897068, 26.179058786600219 ], [ -80.297951721896268, 26.179071786603529 ], [ -80.297951721897775, 26.179127786617695 ], [ -80.29795072190069, 26.179245786647446 ], [ -80.297945721950001, 26.181129787122515 ], [ -80.297944721962082, 26.181587787237973 ], [ -80.297936721966408, 26.18183378730015 ], [ -80.297933721968633, 26.181948787329205 ], [ -80.297928721974017, 26.182200787392819 ], [ -80.297926721978371, 26.182383787439065 ], [ -80.297927721990348, 26.182817787548409 ], [ -80.297917722011803, 26.183721787776506 ], [ -80.297920722027342, 26.184264787913307 ], [ -80.297931722035457, 26.184445787958715 ], [ -80.297939722042642, 26.184626788004149 ], [ -80.297949722046596, 26.184662788013018 ], [ -80.297965722054144, 26.184770788039909 ], [ -80.298002722069739, 26.184947788083658 ], [ -80.298013722075879, 26.185056788110909 ], [ -80.298013722076632, 26.185084788118004 ], [ -80.298018722081281, 26.185200788147139 ], [ -80.298052722096017, 26.185379788191483 ], [ -80.298074722106335, 26.185523788227293 ], [ -80.29809072211296, 26.185594788244838 ], [ -80.29811272212325, 26.185738788280673 ], [ -80.29813472213155, 26.185807788297573 ], [ -80.29814872213754, 26.185879788315415 ], [ -80.298240722172011, 26.186157788383433 ], [ -80.298233722172824, 26.186265788410832 ], [ -80.298226722171663, 26.186297788419036 ], [ -80.298262722182272, 26.18629978841874 ], [ -80.298306722194951, 26.186295788416764 ], [ -80.298367722214735, 26.186366788433318 ], [ -80.298453722242627, 26.186468788457166 ], [ -80.298569722280163, 26.1866047884889 ], [ -80.298686722318067, 26.186741788520866 ], [ -80.298376722234593, 26.187003788593717 ], [ -80.297886722103485, 26.187452788717664 ], [ -80.297180721923567, 26.188431788979926 ], [ -80.296644721781718, 26.188978789129589 ], [ -80.296018721627505, 26.190043789411817 ], [ -80.295573721524249, 26.19103678967188 ], [ -80.295231721455735, 26.192200789972798 ], [ -80.29512872144781, 26.193022790182223 ], [ -80.295045721440587, 26.193651790342592 ], [ -80.295350721529744, 26.193653790336366 ], [ -80.295440721556091, 26.193654790334655 ], [ -80.295455721560486, 26.19365479033431 ], [ -80.295524721580648, 26.193654790332797 ], [ -80.296585721890935, 26.193661790311207 ], [ -80.297363722118462, 26.193665790295157 ], [ -80.297646722201179, 26.193667790289439 ], [ -80.297641722202229, 26.193759790312729 ], [ -80.297626722205493, 26.194043790384601 ], [ -80.297610722332266, 26.198906791610558 ], [ -80.29760372234297, 26.199379791729918 ], [ -80.297598722374644, 26.200603792038535 ], [ -80.297596722382963, 26.20093379212171 ], [ -80.297595722391009, 26.201242792199622 ], [ -80.297594722395957, 26.201435792248283 ], [ -80.297589722430303, 26.202759792582057 ], [ -80.29757772249792, 26.205390793245286 ], [ -80.297565722566162, 26.208041793913598 ], [ -80.297564722572659, 26.208292793976838 ], [ -80.297564722575302, 26.208390794001591 ], [ -80.297540722838619, 26.218380796519174 ], [ -80.297537722849384, 26.218810796627565 ], [ -80.297473723100765, 26.228779799140398 ], [ -80.297469723108691, 26.229114799224874 ], [ -80.297483723122028, 26.229454799310211 ], [ -80.297445723290451, 26.236077800979295 ], [ -80.297023723167356, 26.236087800991154 ], [ -80.296974723153056, 26.236088800992491 ], [ -80.297060723239397, 26.238342801558307 ], [ -80.297028723231193, 26.238385801569837 ], [ -80.297206723308562, 26.23931980180112 ], [ -80.29723072331754, 26.239391801818769 ], [ -80.297350723373683, 26.240168802011809 ], [ -80.297399723399877, 26.240606802121057 ], [ -80.297400723403484, 26.240728802151743 ], [ -80.297414723412359, 26.240904802195772 ], [ -80.297437723423641, 26.241072802237554 ], [ -80.297442723430834, 26.241284802290856 ], [ -80.297421723540367, 26.245546803364682 ], [ -80.297421723791743, 26.254803805695776 ], [ -80.297384723803674, 26.255638805906845 ], [ -80.297357723870448, 26.258388806599871 ], [ -80.297355723875583, 26.258598806652824 ], [ -80.297062723789935, 26.2585988066593 ], [ -80.296926723750232, 26.258599806662559 ], [ -80.29667972367767, 26.258586806664724 ], [ -80.296479723619314, 26.258590806670107 ], [ -80.296413723599883, 26.258585806670343 ], [ -80.294534723050077, 26.258561806705817 ], [ -80.293767722825649, 26.258552806720541 ], [ -80.29368472280126, 26.258548806721286 ], [ -80.288703721342529, 26.258444806805201 ], [ -80.287648721033548, 26.25842380682322 ], [ -80.286759720773418, 26.25841280684006 ], [ -80.286110720583494, 26.258404806852393 ], [ -80.286071720572167, 26.25840780685402 ], [ -80.286032720560982, 26.258415806856927 ], [ -80.285971720542818, 26.258402806854981 ], [ -80.285858720509736, 26.258400806856969 ], [ -80.284629720150065, 26.258385806880334 ], [ -80.284550720127015, 26.258387806882581 ], [ -80.283148719716706, 26.258369806909073 ], [ -80.282574719548819, 26.258363806920205 ], [ -80.282539719538704, 26.258369806922534 ], [ -80.282510719530947, 26.258395806929695 ], [ -80.282476719521512, 26.258414806935253 ], [ -80.282438719510694, 26.258424806938564 ], [ -80.282282719465186, 26.258427806942763 ], [ -80.282262719459297, 26.25842680694296 ] ] ] ] } }
]
}
