{
"type": "FeatureCollection",
"name": "DISTRICT_22",
"crs": { "type": "name", "properties": { "name": "urn:ogc:def:crs:OGC:1.3:CRS84" } },
"xy_coordinate_resolution": 1e-15,
"features": [
{ "type": "Feature", "properties": { "LONGNAME": "District 22", "SHORTNAME": "D22", "DISTRICT": 22, "COLOR": -169739584, "TOTAL": 769221, "TARGET_DEV": 0 }, "geometry": { "type": "MultiPolygon", "coordinates": [ [ [ [ -81.563766099621191, 26.513335842002387 ], [ -81.563823099776329, 26.518263843226553 ], [ -81.563823099777537, 26.518306843237255 ], [ -81.563830099784255, 26.518473843278588 ], [ -81.563835099789287, 26.518601843310304 ], [ -81.563951100084964, 26.527912845622804 ], [ -81.564087100337474, 26.535476847500156 ], [ -81.56421310057145, 26.542480849238341 ], [ -81.564255100637169, 26.544379849709383 ], [ -81.564340100769272, 26.54818885065416 ], [ -81.564443100929893, 26.552823851803783 ], [ -81.564536101076072, 26.557046852851173 ], [ -81.564594101287611, 26.563940854562968 ], [ -81.564596101295876, 26.564212854630505 ], [ -81.56464710148451, 26.570364856157919 ], [ -81.564657101523053, 26.571624856470741 ], [ -81.564791101799841, 26.580036858557548 ], [ -81.564891102007621, 26.586354860124679 ], [ -81.564980102197495, 26.592147861561568 ], [ -81.565105102464514, 26.600290863581026 ], [ -81.565106102466146, 26.600337863592674 ], [ -81.565107102468787, 26.60042086361327 ], [ -81.565109102474821, 26.600613863661195 ], [ -81.565111102484508, 26.600934863740871 ], [ -81.565112102486736, 26.601002863757717 ], [ -81.56512310250379, 26.601492863879155 ], [ -81.565161102562243, 26.603165864293747 ], [ -81.565174102581892, 26.603724864432262 ], [ -81.565189102605416, 26.604401864600021 ], [ -81.565235102676368, 26.606432865103304 ], [ -81.565243102697934, 26.607110865271462 ], [ -81.565244102700603, 26.607194865292328 ], [ -81.565247102708668, 26.607448865355327 ], [ -81.565248102711365, 26.607533865376425 ], [ -81.565256102733869, 26.608245865553052 ], [ -81.565281102801762, 26.610382866083114 ], [ -81.565290102824605, 26.611095866259895 ], [ -81.565297102845392, 26.611756866423903 ], [ -81.565321102908655, 26.613740866915958 ], [ -81.565329102929823, 26.61440286708012 ], [ -81.565329102930406, 26.614423867085343 ], [ -81.565330102932535, 26.614488867101478 ], [ -81.565331102933456, 26.614510867106908 ], [ -81.565357102940951, 26.614509867106065 ], [ -81.565358102942909, 26.61456886712066 ], [ -81.565346102940424, 26.614604867129898 ], [ -81.565462103145123, 26.620629868623087 ], [ -81.565510103245032, 26.623655869373209 ], [ -81.565546103303674, 26.625352869793634 ], [ -81.565582103396409, 26.628247870511469 ], [ -81.56558410340179, 26.628416870553419 ], [ -81.565581103414544, 26.628895870672384 ], [ -81.565592103426212, 26.629194870746311 ], [ -81.565600103449398, 26.629927870928121 ], [ -81.565625103519167, 26.63212687147335 ], [ -81.565634103542578, 26.632859871655111 ], [ -81.565641103565923, 26.633609871841099 ], [ -81.565658103625466, 26.635529872317235 ], [ -81.565658103626291, 26.635557872324242 ], [ -81.565662103636043, 26.635860872399345 ], [ -81.565669103659474, 26.63661187258559 ], [ -81.56568710370702, 26.63810187295498 ], [ -81.565744103850776, 26.642571874063051 ], [ -81.565763103898689, 26.644061874432392 ], [ -81.56577010391949, 26.644721874596062 ], [ -81.565793103982642, 26.646705875087875 ], [ -81.565801104003782, 26.647366875251702 ], [ -81.56580910402586, 26.64805987542351 ], [ -81.565833104092093, 26.650141875939589 ], [ -81.56584110411417, 26.650835876111625 ], [ -81.565842104119383, 26.651008876154549 ], [ -81.565848104135952, 26.651527876283186 ], [ -81.565850104141461, 26.651700876326096 ], [ -81.565853104150463, 26.651986876396943 ], [ -81.565898104275433, 26.655914877370609 ], [ -81.565958104441933, 26.661147878667609 ], [ -81.566044104678284, 26.668559880504514 ], [ -81.566093104812779, 26.672774881548996 ], [ -81.56610310484065, 26.673649881765833 ], [ -81.56613310492429, 26.676274882416241 ], [ -81.566144104952485, 26.677149882633024 ], [ -81.566167105016845, 26.6791708831338 ], [ -81.566222105169231, 26.68394788431733 ], [ -81.566237105210334, 26.685233884635917 ], [ -81.566261105275061, 26.687254885136614 ], [ -81.566262105279179, 26.687388885169838 ], [ -81.566267105292184, 26.687793885270153 ], [ -81.566269105296641, 26.687928885303585 ], [ -81.566270105365248, 26.690319885896518 ], [ -81.566386105526661, 26.694788887002105 ], [ -81.566388105560534, 26.695950887290177 ], [ -81.566392105630158, 26.698344887883692 ], [ -81.566398105738344, 26.702064888805978 ], [ -81.566458105861628, 26.705763889721695 ], [ -81.56651610598135, 26.709358890611682 ], [ -81.566518105987399, 26.709548890658727 ], [ -81.566522105991581, 26.709653890684677 ], [ -81.566573106101544, 26.712976891507267 ], [ -81.566561106109603, 26.713380891607692 ], [ -81.56653010611619, 26.713923891743029 ], [ -81.566505106124566, 26.714468891878752 ], [ -81.566481106133679, 26.715029892018396 ], [ -81.566453106211867, 26.718043892766115 ], [ -81.566445106243577, 26.719229893060326 ], [ -81.566428106312259, 26.721797893697264 ], [ -81.566404106409266, 26.725423894596535 ], [ -81.566381106458451, 26.727370895079687 ], [ -81.566362106500193, 26.729017895488322 ], [ -81.566319106595287, 26.732766896418433 ], [ -81.566278106686042, 26.73634089730508 ], [ -81.566258106727517, 26.737988897713951 ], [ -81.566233106783116, 26.740176898256706 ], [ -81.56619110687717, 26.74387489917406 ], [ -81.566149106970826, 26.747558900087817 ], [ -81.566147106975848, 26.74775290013595 ], [ -81.566064107163299, 26.755111901961119 ], [ -81.565929107304186, 26.761369903514552 ], [ -81.565847107389857, 26.765171904458256 ], [ -81.565758107483404, 26.769317905487249 ], [ -81.565751107489632, 26.769605905558766 ], [ -81.564070107001655, 26.769589905593804 ], [ -81.564014106985439, 26.769590905595336 ], [ -81.563536106846612, 26.769584905604955 ], [ -81.559016105534283, 26.769539905698693 ], [ -81.556193104714694, 26.769511905757206 ], [ -81.55474010429279, 26.769496905787246 ], [ -81.551153103251366, 26.76946290586201 ], [ -81.550328103011807, 26.769453905878933 ], [ -81.54944410275516, 26.769445905897424 ], [ -81.541274100382878, 26.769363906066701 ], [ -81.535762098782328, 26.769308906180882 ], [ -81.535133098599673, 26.769302906194 ], [ -81.533086098004958, 26.769271906233836 ], [ -81.532967097970413, 26.76927090623634 ], [ -81.530896097369222, 26.769256906280887 ], [ -81.520654094396363, 26.769204906505585 ], [ -81.518631093809105, 26.769192906549467 ], [ -81.517016093340317, 26.76918290658449 ], [ -81.510627091485233, 26.769135906721019 ], [ -81.497715087735926, 26.769037906996104 ], [ -81.492487086217764, 26.768997907107469 ], [ -81.486375084443296, 26.768966907241463 ], [ -81.481245082954032, 26.768946907355428 ], [ -81.479528082455644, 26.768941907394005 ], [ -81.4793810824129, 26.768939907396923 ], [ -81.478940082284737, 26.768934907405924 ], [ -81.478923082279834, 26.768934907406333 ], [ -81.478793082242106, 26.768934907409335 ], [ -81.477990082009057, 26.768934907427948 ], [ -81.477513081870626, 26.768934907439004 ], [ -81.476283081513088, 26.768914907462563 ], [ -81.475585081310527, 26.768914907478745 ], [ -81.474783081077817, 26.768914907497333 ], [ -81.474673081045879, 26.768914907499887 ], [ -81.474378080960207, 26.76891290750623 ], [ -81.473166080608308, 26.768906907532859 ], [ -81.472763080491276, 26.768904907541653 ], [ -81.472559080432077, 26.768904907546386 ], [ -81.471947080254481, 26.768904907560561 ], [ -81.471743080195282, 26.768904907565293 ], [ -81.471529080133081, 26.768902907569764 ], [ -81.470887079946621, 26.768896907583173 ], [ -81.470673079884421, 26.768894907587658 ], [ -81.469713079605839, 26.768894907609894 ], [ -81.469302079486667, 26.768898907620407 ], [ -81.468883079365256, 26.768904907631612 ], [ -81.468072079129485, 26.768890907646952 ], [ -81.46766307901062, 26.768884907654968 ], [ -81.467243078888487, 26.76887790766293 ], [ -81.467063078836162, 26.768874907666365 ], [ -81.46601307853139, 26.768874907690716 ], [ -81.46598207852243, 26.768874907691441 ], [ -81.46556307840109, 26.768884907703644 ], [ -81.46510807826904, 26.768884907714192 ], [ -81.463745077873483, 26.768884907745793 ], [ -81.463291077741701, 26.768884907756313 ], [ -81.462943077640702, 26.768884907764392 ], [ -81.462833077608778, 26.768884907766925 ], [ -81.462713077573952, 26.768884907769724 ], [ -81.461900077338214, 26.768891907790284 ], [ -81.461553077237554, 26.768894907799048 ], [ -81.461513077225931, 26.768894907799964 ], [ -81.461131077115041, 26.768894907808832 ], [ -81.46060307696186, 26.768894907821071 ], [ -81.459868076747867, 26.768872907832652 ], [ -81.459457076628269, 26.768860907839244 ], [ -81.459453076646454, 26.76953390800611 ], [ -81.459446076677111, 26.770669908287871 ], [ -81.4594420766947, 26.771322908449811 ], [ -81.459437076695195, 26.771389908466553 ], [ -81.459431076695608, 26.771464908485257 ], [ -81.459425076715064, 26.772200908667831 ], [ -81.459418076735446, 26.772980908861353 ], [ -81.459417076737211, 26.773051908878962 ], [ -81.459412076757104, 26.773792909062749 ], [ -81.459404076783372, 26.774785909309035 ], [ -81.45939907680102, 26.775448909473447 ], [ -81.459395076813109, 26.775910909588081 ], [ -81.459394076820132, 26.77616490965104 ], [ -81.459391076827217, 26.776440909719483 ], [ -81.459389076834498, 26.776713909787201 ], [ -81.459384076849062, 26.777269909925135 ], [ -81.459382076856457, 26.777546909993823 ], [ -81.459379076863542, 26.77782291006233 ], [ -81.45937207688533, 26.778651910267904 ], [ -81.459370076892739, 26.778928910336642 ], [ -81.459366076901873, 26.779285910425227 ], [ -81.459357076930246, 26.780360910691797 ], [ -81.45935407693969, 26.780718910780614 ], [ -81.459352076942864, 26.78085091081336 ], [ -81.459349076953444, 26.78124891091208 ], [ -81.459348076956999, 26.781381910945086 ], [ -81.459348076957284, 26.781391910947519 ], [ -81.459348076958236, 26.781424910955739 ], [ -81.459348076958563, 26.781435910958443 ], [ -81.4593440769697, 26.781862911064351 ], [ -81.459333077003478, 26.783145911382558 ], [ -81.459331077012322, 26.783471911463373 ], [ -81.457176076386872, 26.783473911513898 ], [ -81.451891074853137, 26.78348391163901 ], [ -81.45112307463026, 26.783484911657069 ], [ -81.4507690745275, 26.783484911665287 ], [ -81.449707074219248, 26.783484911689929 ], [ -81.449353074116488, 26.783484911698135 ], [ -81.449317074106133, 26.783486911699466 ], [ -81.449208074074647, 26.783492911703487 ], [ -81.449173074064532, 26.783494911704778 ], [ -81.449138074054389, 26.783494911705578 ], [ -81.448643073910617, 26.783491911716318 ], [ -81.447053073448885, 26.783484911751493 ], [ -81.446883073399576, 26.783484911755448 ], [ -81.446523073295069, 26.783484911763807 ], [ -81.446144073185039, 26.783484911772586 ], [ -81.445293072938014, 26.783484911792332 ], [ -81.445230072919685, 26.78348391179356 ], [ -81.445010072855695, 26.783479911797667 ], [ -81.444633072746171, 26.783474911805193 ], [ -81.444301072649708, 26.783471911812125 ], [ -81.443305072360417, 26.783465911833744 ], [ -81.443053072287256, 26.783464911839349 ], [ -81.442973072263996, 26.783464911841193 ], [ -81.44257407214819, 26.783464911850444 ], [ -81.442423072104376, 26.783464911853969 ], [ -81.441380071801788, 26.783471911879872 ], [ -81.440983071686659, 26.783474911889872 ], [ -81.440580071569599, 26.783472911898716 ], [ -81.439374071219333, 26.783466911925196 ], [ -81.438973071102865, 26.783464911934004 ], [ -81.438805071054119, 26.783464911937884 ], [ -81.438301070907784, 26.783464911949576 ], [ -81.438133070859053, 26.783464911953494 ], [ -81.437813070766168, 26.783464911960909 ], [ -81.437526070682949, 26.783468911968548 ], [ -81.437113070563257, 26.783474911979653 ], [ -81.436693070441336, 26.783474911989384 ], [ -81.435864070200424, 26.783466912006602 ], [ -81.435825070189068, 26.783465912007262 ], [ -81.435711070155932, 26.783464912009663 ], [ -81.435673070144958, 26.78346491201054 ], [ -81.435497070093845, 26.783464912014637 ], [ -81.435456070081926, 26.783464912015578 ], [ -81.43496906994055, 26.783464912026886 ], [ -81.434924069927504, 26.783464912027931 ], [ -81.434941069690709, 26.77506790994612 ], [ -81.434939069616718, 26.772516909313815 ], [ -81.434939069589475, 26.771569909079037 ], [ -81.4349390695794, 26.771219908992247 ], [ -81.434938069552075, 26.770279908759289 ], [ -81.434938069551336, 26.770253908752775 ], [ -81.434938069544714, 26.770023908695787 ], [ -81.43493606951192, 26.768903908418149 ], [ -81.434937069508607, 26.768778908387173 ], [ -81.434560069399112, 26.768776908395406 ], [ -81.43439006934976, 26.768775908399093 ], [ -81.434349069337856, 26.768775908400048 ], [ -81.434183069289674, 26.768775908403889 ], [ -81.433867069197902, 26.768773908410726 ], [ -81.430820068312912, 26.768758908477597 ], [ -81.430236068143344, 26.768757908490887 ], [ -81.430170068124113, 26.768755908491936 ], [ -81.428437067620791, 26.768747908530059 ], [ -81.426107066944084, 26.768735908581117 ], [ -81.425053066638, 26.768732908604793 ], [ -81.424692066533154, 26.768730908612675 ], [ -81.422349065852629, 26.768719908664206 ], [ -81.41864106477567, 26.76870390874619 ], [ -81.418614064767851, 26.768703908746811 ], [ -81.417512064447678, 26.768695908770354 ], [ -81.408331061780757, 26.76864790897115 ], [ -81.403905060495902, 26.76865290907492 ], [ -81.402614060121053, 26.768653909105076 ], [ -81.401341059751459, 26.768653909134553 ], [ -81.400124059398323, 26.768661909164774 ], [ -81.399829059312722, 26.768662909171852 ], [ -81.396285058283482, 26.768656909252435 ], [ -81.39495105789598, 26.768650909281838 ], [ -81.394020057625582, 26.768647909302679 ], [ -81.39123105681557, 26.768641909365819 ], [ -81.390853056705851, 26.768642909374805 ], [ -81.390301056545425, 26.768639909386881 ], [ -81.38863405606115, 26.768631909423451 ], [ -81.38842305599988, 26.768630909428115 ], [ -81.387850055833454, 26.768628909440867 ], [ -81.386389055409083, 26.768624909473751 ], [ -81.386194055352462, 26.76862490947827 ], [ -81.384104054745279, 26.768616909524699 ], [ -81.380598053726828, 26.768602909602414 ], [ -81.37963205344623, 26.768599909624044 ], [ -81.378856053220758, 26.768596909641296 ], [ -81.377521052833004, 26.768593909671473 ], [ -81.377411052801833, 26.768620909680703 ], [ -81.377165052731769, 26.768668909698309 ], [ -81.377041052696356, 26.768687909705903 ], [ -81.376916052660462, 26.768702909712488 ], [ -81.376786052623004, 26.76871390971823 ], [ -81.376665052588066, 26.768719909722503 ], [ -81.376539052551536, 26.768722909726179 ], [ -81.37384005176763, 26.768718909787701 ], [ -81.37089305091169, 26.768715909855207 ], [ -81.358833047408694, 26.76869691012978 ], [ -81.358259047241972, 26.768696910143074 ], [ -81.357624047057527, 26.768695910157533 ], [ -81.353365045820368, 26.768689910254682 ], [ -81.35318604576841, 26.768689910258818 ], [ -81.349958044830657, 26.768682910331854 ], [ -81.346128043718068, 26.768679910419738 ], [ -81.341150042272076, 26.768676910534253 ], [ -81.336969041057529, 26.768671910629827 ], [ -81.32900003874235, 26.768660910811622 ], [ -81.329001038742263, 26.768647910808355 ], [ -81.328506038598405, 26.768645910819323 ], [ -81.324704037493817, 26.768641910906354 ], [ -81.324706037494764, 26.768654910909511 ], [ -81.324382037400682, 26.768655910917261 ], [ -81.316367035071949, 26.76864391109984 ], [ -81.316041034977232, 26.768644911107643 ], [ -81.316041034976834, 26.768630911104129 ], [ -81.312180033855071, 26.768626911192531 ], [ -81.312158033849812, 26.76866691120297 ], [ -81.311542033670804, 26.768665911216985 ], [ -81.3115420336716, 26.768693911223917 ], [ -81.310847033469656, 26.76869291123975 ], [ -81.309246033004442, 26.768689911276073 ], [ -81.306368032168308, 26.76868891134243 ], [ -81.304089031506038, 26.768685911394464 ], [ -81.2878560267891, 26.768671911766646 ], [ -81.278137023963993, 26.768635911982631 ], [ -81.271684022088053, 26.768611912125952 ], [ -81.255493017381696, 26.768574912491417 ], [ -81.247749015130466, 26.768556912666075 ], [ -81.247366015019097, 26.768554912674436 ], [ -81.242558013621405, 26.768546912783687 ], [ -81.240486013019066, 26.76854391283084 ], [ -81.239230012653977, 26.76854191285938 ], [ -81.238568012461542, 26.768541912874696 ], [ -81.235977011708314, 26.768537912933649 ], [ -81.233139010883292, 26.768533912998311 ], [ -81.230018009975979, 26.76853091306975 ], [ -81.227367009205338, 26.768527913130345 ], [ -81.211937004719786, 26.768525913486688 ], [ -81.20592000296989, 26.768502913620114 ], [ -81.204406002529581, 26.768496913653589 ], [ -81.194396999618434, 26.768456913875127 ], [ -81.185608997061763, 26.768403914065114 ], [ -81.176482994406598, 26.768347914262215 ], [ -81.175024993982362, 26.768338914293629 ], [ -81.173690993592984, 26.768286914311552 ], [ -81.173515993541258, 26.768257914308425 ], [ -81.173389993503832, 26.768230914304667 ], [ -81.17314199342988, 26.768165914294244 ], [ -81.171927993076864, 26.768166914322542 ], [ -81.171731993019904, 26.768166914327072 ], [ -81.160089989634727, 26.768179914599365 ], [ -81.145696985449263, 26.768191914935013 ], [ -81.143346984766197, 26.768204914992516 ], [ -81.137679983118346, 26.768218915126969 ], [ -81.136498982774725, 26.768213915153044 ], [ -81.135542982496546, 26.768210915174404 ], [ -81.130119980918536, 26.768187915293993 ], [ -81.128397980417759, 26.768189915334279 ], [ -81.11868297759294, 26.768228915568368 ], [ -81.115499976666456, 26.768207915636768 ], [ -81.114933976501916, 26.768211915650816 ], [ -81.113691976140956, 26.76822291568222 ], [ -81.113633976124078, 26.768223915683802 ], [ -81.113394976054622, 26.768225915689815 ], [ -81.105166973662108, 26.768262915889114 ], [ -81.083348967315587, 26.76830091640257 ], [ -81.083102967244002, 26.768300916408243 ], [ -81.082828967164275, 26.768300916414553 ], [ -81.080604966517313, 26.768305916467153 ], [ -81.074741964811892, 26.76832291660681 ], [ -81.04820995709342, 26.768401917239085 ], [ -81.031977952372443, 26.768511917641174 ], [ -81.028083951239552, 26.76852891773531 ], [ -81.015955947710978, 26.768580918028174 ], [ -81.014545947300789, 26.768589918062958 ], [ -81.014326947237009, 26.768589918068006 ], [ -81.010003945979506, 26.768619918175286 ], [ -81.005617944703843, 26.768658918286224 ], [ -81.001817943598098, 26.768672918377383 ], [ -80.985673938901172, 26.76877691877581 ], [ -80.977742936593174, 26.76881691896881 ], [ -80.972047934935972, 26.768849919108391 ], [ -80.96960493422506, 26.76886391916825 ], [ -80.96744893359768, 26.768876919221203 ], [ -80.959768931364479, 26.76898391942499 ], [ -80.959424931264465, 26.768988919434182 ], [ -80.958474930988018, 26.768996919458143 ], [ -80.957285930642129, 26.769006919488017 ], [ -80.956403930385534, 26.76901391951008 ], [ -80.955851930224853, 26.769017919523812 ], [ -80.945321927160904, 26.769103919788112 ], [ -80.943107926717602, 26.776137921588841 ], [ -80.943003926696733, 26.776466921673027 ], [ -80.942775926650697, 26.77717792185517 ], [ -80.941525926406058, 26.781342922919887 ], [ -80.937627925626032, 26.793728926090143 ], [ -80.936229925336974, 26.797846927146402 ], [ -80.935284925147286, 26.800825927908946 ], [ -80.911423920366985, 26.876156947182796 ], [ -80.89767791761885, 26.9195549582791 ], [ -80.888275915741588, 26.949236965865271 ], [ -80.885641915255945, 26.958923968330375 ], [ -80.874786912095686, 26.959021968608436 ], [ -80.749783875655623, 26.95903797153175 ], [ -80.731298870258854, 26.958844971915248 ], [ -80.712812864861135, 26.958650972298386 ], [ -80.706450863003383, 26.958584972430412 ], [ -80.700088861145488, 26.958517972562163 ], [ -80.694163859415198, 26.958455972685005 ], [ -80.688250857688317, 26.958393972807517 ], [ -80.688229857682188, 26.958393972808025 ], [ -80.681037855581735, 26.958318972957077 ], [ -80.67493985380068, 26.95825497308342 ], [ -80.661641849916464, 26.958115973358957 ], [ -80.660781849665284, 26.958106973376783 ], [ -80.659922849414357, 26.958097973394612 ], [ -80.644792844994612, 26.957938973707865 ], [ -80.629662840574454, 26.957780974021311 ], [ -80.624780839150745, 26.95782097414499 ], [ -80.618065837191338, 26.957837974305715 ], [ -80.613762835935717, 26.957848974408769 ], [ -80.611626835312364, 26.95785397445978 ], [ -80.611426835254022, 26.957854974464706 ], [ -80.611211835191256, 26.957855974469954 ], [ -80.611028835137873, 26.95785697447446 ], [ -80.609816834784183, 26.957859974503442 ], [ -80.609643834733532, 26.957852974505766 ], [ -80.60836783436136, 26.957863974538199 ], [ -80.60800983425689, 26.95786497454678 ], [ -80.601226832277476, 26.957882974709339 ], [ -80.600911832185545, 26.957883974716925 ], [ -80.596978831037731, 26.957893974811086 ], [ -80.596895831013526, 26.957893974813018 ], [ -80.580426826206988, 26.957938975207952 ], [ -80.580239826152408, 26.95793897521229 ], [ -80.577579825376077, 26.957946975276226 ], [ -80.577549825367257, 26.957946975276926 ], [ -80.564176821463889, 26.957983975597685 ], [ -80.561496820681626, 26.957991975662065 ], [ -80.561427820661478, 26.957991975663671 ], [ -80.531903812042557, 26.958071976371215 ], [ -80.530224811552316, 26.958075976411305 ], [ -80.530394810572204, 26.922507967559142 ], [ -80.530486809907032, 26.898542961592458 ], [ -80.504153801548114, 26.875339956425044 ], [ -80.499777800158057, 26.871446955556664 ], [ -80.49940880004273, 26.871183955499671 ], [ -80.482914794800067, 26.856398952197683 ], [ -80.466865789701544, 26.842098949004551 ], [ -80.466214789494714, 26.841518948875038 ], [ -80.464577788977749, 26.840165948575589 ], [ -80.464603788984064, 26.840121948564015 ], [ -80.455859786221936, 26.832875946959412 ], [ -80.438732780800592, 26.818290943717383 ], [ -80.43786378052306, 26.817465943531648 ], [ -80.434235779377616, 26.814478942870277 ], [ -80.433544779159476, 26.813910942744474 ], [ -80.431244778432372, 26.81198494231705 ], [ -80.41159477219793, 26.794736938466144 ], [ -80.408861771325348, 26.792144937882185 ], [ -80.406689770632397, 26.790103937422757 ], [ -80.400660768699197, 26.78409493606161 ], [ -80.394811766818592, 26.778084934695819 ], [ -80.389040764934037, 26.771133933093033 ], [ -80.386336764072652, 26.768636932531727 ], [ -80.386180764031536, 26.768793932574496 ], [ -80.385899763949425, 26.768793932580948 ], [ -80.385796763915721, 26.768667932551836 ], [ -80.385694763882341, 26.768540932522431 ], [ -80.383089763034306, 26.765495931821928 ], [ -80.381029762431965, 26.76548493186646 ], [ -80.379908762104463, 26.765489931893413 ], [ -80.37768376145371, 26.765473931940463 ], [ -80.375079760692387, 26.765464931997954 ], [ -80.373795760317151, 26.765465932027652 ], [ -80.371644759688266, 26.765457932074948 ], [ -80.369931759187622, 26.76545793211422 ], [ -80.369452759047476, 26.765454932124452 ], [ -80.365831757988531, 26.765430932201529 ], [ -80.36406775747264, 26.765422932239996 ], [ -80.361515756726405, 26.765410932295516 ], [ -80.360382756394799, 26.765393932317281 ], [ -80.359193756046935, 26.765383932342026 ], [ -80.358680755896856, 26.765379932352786 ], [ -80.355862755073161, 26.765379932417414 ], [ -80.349206753126879, 26.765356932564302 ], [ -80.34507975192038, 26.765352932657947 ], [ -80.337718749767305, 26.765308932815735 ], [ -80.337359749660308, 26.765236932805983 ], [ -80.33724374962415, 26.765157932788892 ], [ -80.336897749532469, 26.765489932879756 ], [ -80.336452749413624, 26.765885932988823 ], [ -80.335772749217014, 26.765960933023177 ], [ -80.327816746883286, 26.765688933137682 ], [ -80.327552746805907, 26.765681933141916 ], [ -80.323637745658473, 26.765579933206244 ], [ -80.319454744433571, 26.765512933285404 ], [ -80.319413744421567, 26.765511933286064 ], [ -80.31529774321389, 26.765362933343194 ], [ -80.311471742090674, 26.765201933390674 ], [ -80.311143741994442, 26.765188933394935 ], [ -80.307000740782215, 26.765158933482422 ], [ -80.29516473732528, 26.765297933788393 ], [ -80.295136737324796, 26.765567933856495 ], [ -80.294748737211265, 26.765566933865141 ], [ -80.283391733889147, 26.765529934116195 ], [ -80.266479728943921, 26.765552934509465 ], [ -80.263340728026108, 26.765562934583841 ], [ -80.262926727905082, 26.765563934593605 ], [ -80.262923727900386, 26.765428934559942 ], [ -80.262922727898271, 26.765365934544196 ], [ -80.262769727855542, 26.765436934565429 ], [ -80.261708727560062, 26.765957934719978 ], [ -80.261415727476489, 26.766032934745414 ], [ -80.261146727399137, 26.766079934763322 ], [ -80.260599727239409, 26.766087934777833 ], [ -80.255339725697766, 26.765975934870362 ], [ -80.249771724070513, 26.766022935009655 ], [ -80.247801723493765, 26.766004935050333 ], [ -80.24771672346354, 26.765816935005251 ], [ -80.24765472344609, 26.765838935012169 ], [ -80.24756972342108, 26.7658339350129 ], [ -80.247491723398085, 26.765829935013688 ], [ -80.247425723378257, 26.765809935010196 ], [ -80.247344723353919, 26.765786935006304 ], [ -80.247261723328904, 26.765761935001969 ], [ -80.243259722158314, 26.765760935093386 ], [ -80.239006720914247, 26.765759935190555 ], [ -80.235967720025343, 26.765761935260663 ], [ -80.235293719828192, 26.765762935276353 ], [ -80.235020719748334, 26.765762935282623 ], [ -80.234940719724918, 26.765762935284442 ], [ -80.231159718618969, 26.765765935371782 ], [ -80.230802718514738, 26.765772935381694 ], [ -80.226762717333273, 26.765785935477506 ], [ -80.226694717313393, 26.765785935479055 ], [ -80.222725716151871, 26.765772935566687 ], [ -80.218746714988356, 26.765789935662095 ], [ -80.218684714970209, 26.765789935663495 ], [ -80.218691714968941, 26.765673935634332 ], [ -80.218714714951801, 26.764833935423869 ], [ -80.218718714950228, 26.764737935399761 ], [ -80.21876071493682, 26.763833935172826 ], [ -80.218799714921673, 26.76289793493801 ], [ -80.218848714908233, 26.761920934692629 ], [ -80.218853714900547, 26.761599934612281 ], [ -80.218859714886861, 26.761054934475929 ], [ -80.218899714871725, 26.760108934238534 ], [ -80.218932714869936, 26.759707934137538 ], [ -80.218948714859749, 26.759183934006181 ], [ -80.219007714850676, 26.758257933773368 ], [ -80.21903071483041, 26.757306933535073 ], [ -80.21907471481785, 26.75641193331036 ], [ -80.219112714803217, 26.755503933082451 ], [ -80.219142714785676, 26.754577932850285 ], [ -80.219180714769863, 26.753628932612152 ], [ -80.219224714756862, 26.752717932383444 ], [ -80.219269714743518, 26.751783932148868 ], [ -80.21930271472705, 26.750864931918343 ], [ -80.21932471470744, 26.749946931688324 ], [ -80.219369714694324, 26.749020931455789 ], [ -80.219378714692766, 26.748871931418368 ], [ -80.219412714680118, 26.748076931218794 ], [ -80.219451714665965, 26.747175930992618 ], [ -80.219463714642941, 26.746238930758093 ], [ -80.2235017158266, 26.746323930687019 ], [ -80.223534715810658, 26.745422930460933 ], [ -80.223543715806414, 26.745178930399756 ], [ -80.223568715794244, 26.744492930227658 ], [ -80.21951071460434, 26.744393930295701 ], [ -80.219539714587057, 26.74348693006824 ], [ -80.220383714834341, 26.743500930052445 ], [ -80.223602715777545, 26.743553929992082 ], [ -80.223612715772276, 26.743263929919376 ], [ -80.223637715760276, 26.74258392974874 ], [ -80.220423714817827, 26.742505929802753 ], [ -80.219570714568007, 26.742495929819725 ], [ -80.219606714553152, 26.741599929594919 ], [ -80.219608714552876, 26.741569929587317 ], [ -80.219633714552586, 26.741301929519736 ], [ -80.219666714516066, 26.739672929111677 ], [ -80.219712714502393, 26.738715928871351 ], [ -80.219751714486861, 26.7377669286331 ], [ -80.215744713310315, 26.73761492868671 ], [ -80.215748713308201, 26.737497928657316 ], [ -80.215807713275254, 26.735727928213386 ], [ -80.215809713274481, 26.735679928201328 ], [ -80.216970713615623, 26.735731928187779 ], [ -80.217593713798735, 26.73576092818077 ], [ -80.223875715644482, 26.73604392810801 ], [ -80.227907716829137, 26.73622592806138 ], [ -80.22785571678817, 26.735319927836009 ], [ -80.22782571671253, 26.732959927246544 ], [ -80.227811716679199, 26.731928926989042 ], [ -80.227966716658599, 26.729601926403589 ], [ -80.228001716650397, 26.728949926239732 ], [ -80.228043716640812, 26.728177926045717 ], [ -80.22814271661754, 26.726334925582542 ], [ -80.228147716613833, 26.726151925536655 ], [ -80.228136716605576, 26.72597392549239 ], [ -80.228108716592104, 26.725786925446219 ], [ -80.228068716575777, 26.725623925406392 ], [ -80.227377716329542, 26.724066925032766 ], [ -80.227323716306628, 26.723814924970984 ], [ -80.227275716269304, 26.722992924766466 ], [ -80.227251716218674, 26.721454924382357 ], [ -80.227281716220517, 26.721207924319906 ], [ -80.227326716228148, 26.721012924270081 ], [ -80.227385716239993, 26.720822924221224 ], [ -80.227459716256519, 26.720639924173785 ], [ -80.227516716269633, 26.720515924141438 ], [ -80.227814716338472, 26.719868923972804 ], [ -80.227938716367106, 26.719597923902192 ], [ -80.228259716441073, 26.718893923718792 ], [ -80.22832771645615, 26.718723923674752 ], [ -80.228352716461401, 26.718651923656108 ], [ -80.228436716478186, 26.718375923585185 ], [ -80.228490716487329, 26.718139923524951 ], [ -80.228528716491667, 26.717900923464278 ], [ -80.228551716491339, 26.717652923401733 ], [ -80.228665716470957, 26.715753922924165 ], [ -80.228774716451568, 26.71394192246839 ], [ -80.228908716427284, 26.711697921904051 ], [ -80.229236716368405, 26.706222920526891 ], [ -80.225075715151888, 26.706245920627548 ], [ -80.222981714539756, 26.706260920679071 ], [ -80.222659714446621, 26.706297920695718 ], [ -80.222340714354729, 26.706349920715962 ], [ -80.222024714264137, 26.706414920739448 ], [ -80.221711714174759, 26.706492920766067 ], [ -80.221327714065794, 26.706610920804394 ], [ -80.220984713968988, 26.70673592084346 ], [ -80.220624713869285, 26.706934920901475 ], [ -80.220076713716765, 26.707209920982748 ], [ -80.218219713201989, 26.708216921277064 ], [ -80.217589713027337, 26.70855792137673 ], [ -80.216994712860284, 26.708804921452067 ], [ -80.216239712646143, 26.709042921528898 ], [ -80.216025712585477, 26.709110921550781 ], [ -80.215479712429712, 26.70925092159823 ], [ -80.214877712256822, 26.709364921640471 ], [ -80.213952711989592, 26.709484921691605 ], [ -80.21355071187233, 26.709496921703789 ], [ -80.213165711760027, 26.709507921715296 ], [ -80.213286711701826, 26.70619792088441 ], [ -80.213318711696246, 26.705668920751346 ], [ -80.212984711598097, 26.705653920755193 ], [ -80.213279711539514, 26.700527919465909 ], [ -80.21328671154042, 26.700486919455528 ], [ -80.213301711543664, 26.700446919445156 ], [ -80.213324711549376, 26.700410919435587 ], [ -80.213355711557554, 26.700379919427156 ], [ -80.213391711567382, 26.70035391941984 ], [ -80.213228711505096, 26.699836919294199 ], [ -80.213344711533864, 26.699653919245755 ], [ -80.213356711524753, 26.699208919134126 ], [ -80.213365711514868, 26.698764919022818 ], [ -80.214257711776554, 26.69879191900921 ], [ -80.217483712723961, 26.698920918967993 ], [ -80.217495712718048, 26.698587918884375 ], [ -80.217637712672413, 26.695502918109213 ], [ -80.217207712546454, 26.695496918117509 ], [ -80.217177712536753, 26.695463918109976 ], [ -80.217139712524968, 26.695439918104793 ], [ -80.217095712511636, 26.695423918101827 ], [ -80.216456712324245, 26.695406918112116 ], [ -80.215929712169768, 26.695394918121089 ], [ -80.215669712093543, 26.695389918125777 ], [ -80.215195711954607, 26.695380918134354 ], [ -80.21507671192002, 26.69538791813881 ], [ -80.214901711869501, 26.695411918148789 ], [ -80.214729711820368, 26.695454918163449 ], [ -80.214568711774618, 26.695502918179148 ], [ -80.214506711756925, 26.695517918184333 ], [ -80.214389711723314, 26.695539918192498 ], [ -80.214213711672286, 26.695556918200786 ], [ -80.214094711637543, 26.695558918203986 ], [ -80.213536711473964, 26.695546918213672 ], [ -80.213545711471625, 26.695369918169167 ], [ -80.21354971147052, 26.695289918149093 ], [ -80.213783711538909, 26.695287918143261 ], [ -80.213985711517452, 26.692434917424713 ], [ -80.214068711486902, 26.690492916936847 ], [ -80.214156711463261, 26.688742916496874 ], [ -80.214156711448112, 26.688205916362481 ], [ -80.214422711319642, 26.680895914526882 ], [ -80.214431711315129, 26.680642914463352 ], [ -80.213146710938318, 26.680610914484625 ], [ -80.2100797100384, 26.680514914530423 ], [ -80.208715709638795, 26.680495914556683 ], [ -80.206959709126551, 26.680547914609662 ], [ -80.203655708159715, 26.680539914682896 ], [ -80.202368707782782, 26.680523914708164 ], [ -80.202374707776954, 26.680253914640431 ], [ -80.202210707728824, 26.680249914643191 ], [ -80.202062707685442, 26.680245914645553 ], [ -80.201920707643737, 26.680241914647738 ], [ -80.201791707605949, 26.680238914649951 ], [ -80.195817705854097, 26.680095914750133 ], [ -80.195810705854555, 26.680183914772314 ], [ -80.19455970548519, 26.680065914771262 ], [ -80.192961705016131, 26.680011914794076 ], [ -80.191886704700636, 26.679975914809571 ], [ -80.19131070453156, 26.67995691481789 ], [ -80.184241702456958, 26.679732914922688 ], [ -80.182249701872294, 26.679667914951743 ], [ -80.181140701546781, 26.679631914967949 ], [ -80.180165701260918, 26.679610914984877 ], [ -80.179149700963038, 26.679589915002719 ], [ -80.178594700800176, 26.679573915011396 ], [ -80.176046700052495, 26.679497915050291 ], [ -80.1742866995355, 26.679425915072347 ], [ -80.174170699501417, 26.679420915073727 ], [ -80.174119699486482, 26.679419915074639 ], [ -80.170622698460662, 26.679330915131921 ], [ -80.169268698063235, 26.679286915151717 ], [ -80.167384697510172, 26.679224915179041 ], [ -80.166773697330811, 26.67920491518792 ], [ -80.166611697283287, 26.679199915190356 ], [ -80.166599697279807, 26.679199915190647 ], [ -80.16645869723834, 26.6791949151926 ], [ -80.166352697207287, 26.679191915194281 ], [ -80.163550696384746, 26.679099915234996 ], [ -80.163361696329261, 26.67909291523749 ], [ -80.163243696294657, 26.679089915239448 ], [ -80.162358696034829, 26.679060915252322 ], [ -80.161607695814396, 26.679035915263164 ], [ -80.160152695387211, 26.67898791528426 ], [ -80.158653694947219, 26.678938915306102 ], [ -80.15753469461869, 26.678901915322264 ], [ -80.15549569402009, 26.67883491535186 ], [ -80.154245693653223, 26.678795915370522 ], [ -80.149323692208469, 26.678642915444161 ], [ -80.148836692067349, 26.678691915467549 ], [ -80.148094691851171, 26.678725915492912 ], [ -80.147205691592873, 26.678793915530175 ], [ -80.145613691126783, 26.678787915564872 ], [ -80.145200691005897, 26.67878691557404 ], [ -80.145206690999856, 26.678510915504784 ], [ -80.145212690994981, 26.678273915445285 ], [ -80.145213690986282, 26.677954915365376 ], [ -80.145219690940763, 26.676277914945274 ], [ -80.145116690862736, 26.674579914522415 ], [ -80.145133690839131, 26.673563914267618 ], [ -80.145160690799699, 26.67188491384649 ], [ -80.14519169075713, 26.670049913386258 ], [ -80.145212690728286, 26.668806913074473 ], [ -80.145240690688425, 26.667100912646543 ], [ -80.145256690665235, 26.666109912397989 ], [ -80.145281690628849, 26.664557912008711 ], [ -80.145287690622268, 26.664261911934439 ], [ -80.147144691165067, 26.664239911886732 ], [ -80.147636691308918, 26.664234911874271 ], [ -80.148107691446654, 26.664230911862575 ], [ -80.148110691455017, 26.66449691192912 ], [ -80.148109691456895, 26.664573911948395 ], [ -80.148118691477009, 26.665193912103526 ], [ -80.148124691494885, 26.66576691224687 ], [ -80.148116691501528, 26.666084912326749 ], [ -80.148322691561759, 26.666082912321563 ], [ -80.148668691662891, 26.666079912312888 ], [ -80.149182691813181, 26.66607491229998 ], [ -80.151249692417565, 26.66605591224824 ], [ -80.151183692346052, 26.664201911785415 ], [ -80.151735692507415, 26.664196911771644 ], [ -80.15175469256522, 26.666051912235769 ], [ -80.151973692629255, 26.666049912230317 ], [ -80.152494692781588, 26.666045912217488 ], [ -80.152791692868419, 26.666042912209971 ], [ -80.154272693301479, 26.666029912173038 ], [ -80.154260693245746, 26.664173911708502 ], [ -80.157399694163487, 26.664144911629876 ], [ -80.15739769415778, 26.663962911584338 ], [ -80.157383694119588, 26.66275191128139 ], [ -80.157380694113044, 26.662550911231133 ], [ -80.157377694104028, 26.662260911158551 ], [ -80.154822693356991, 26.662284911222624 ], [ -80.153669693019921, 26.662296911251779 ], [ -80.153470692961733, 26.662298911256801 ], [ -80.153469692951006, 26.661927911163914 ], [ -80.153464692941697, 26.661648911094186 ], [ -80.153453692905074, 26.660460910796864 ], [ -80.153438692865933, 26.659226910488115 ], [ -80.1533886927336, 26.655041909440978 ], [ -80.153365692671784, 26.653083908951054 ], [ -80.153342692609911, 26.651122908460326 ], [ -80.153279692591497, 26.651123908462008 ], [ -80.153128692547355, 26.651125908465922 ], [ -80.153111692489546, 26.649247907995893 ], [ -80.153201692515992, 26.649250907994592 ], [ -80.153211692514461, 26.649091907954539 ], [ -80.153796692686228, 26.649111907946271 ], [ -80.157172693678262, 26.64925790790619 ], [ -80.157162693649568, 26.64834190767699 ], [ -80.157146693606592, 26.646978907335871 ], [ -80.157145693557069, 26.645226906896976 ], [ -80.157175693546151, 26.64452690672093 ], [ -80.157221693539967, 26.643827906544789 ], [ -80.157291693538411, 26.643042906346526 ], [ -80.157381693542689, 26.642258906148061 ], [ -80.157427693546822, 26.641926906063865 ], [ -80.157513693554378, 26.641298905904581 ], [ -80.157581693556551, 26.640668905745198 ], [ -80.15759669355576, 26.640483905698527 ], [ -80.155093692824096, 26.640510905762056 ], [ -80.155083692801838, 26.639823905590134 ], [ -80.153780692420924, 26.639837905623203 ], [ -80.153793692418617, 26.639619905568285 ], [ -80.154045692378048, 26.635549904542771 ], [ -80.15411369236682, 26.634441904263628 ], [ -80.154006692335415, 26.634438904265323 ], [ -80.154011692333967, 26.634334904239122 ], [ -80.152969692029387, 26.634346904265772 ], [ -80.152969692016697, 26.633894904152527 ], [ -80.152952691973965, 26.632549903815882 ], [ -80.15306469200668, 26.632547903812846 ], [ -80.155501692719241, 26.632525903752061 ], [ -80.157624693339855, 26.632503903698403 ], [ -80.157623693336319, 26.632387903669397 ], [ -80.157619693318395, 26.631790903519864 ], [ -80.157599693260735, 26.629944903057744 ], [ -80.157586693222228, 26.628709902748625 ], [ -80.157575693191845, 26.627740902506059 ], [ -80.157556693137181, 26.625990902067933 ], [ -80.157557693123096, 26.625478901939601 ], [ -80.157533693098642, 26.624856901784234 ], [ -80.157516693081192, 26.624412901673399 ], [ -80.157536693058802, 26.623405901420572 ], [ -80.157505692988622, 26.621225900874922 ], [ -80.157477692935927, 26.619640900478348 ], [ -80.157465692913576, 26.618966900309708 ], [ -80.15743369288495, 26.618281900138722 ], [ -80.157430692866541, 26.617655899981955 ], [ -80.161540694067227, 26.617584899871016 ], [ -80.165025695085276, 26.617523899776835 ], [ -80.170127696575619, 26.617434899638955 ], [ -80.171077696853089, 26.617417899613162 ], [ -80.171952697108736, 26.617402899589568 ], [ -80.172075697144791, 26.617404899587271 ], [ -80.172902697387144, 26.617417899571816 ], [ -80.17337269752484, 26.617425899563184 ], [ -80.173564697581099, 26.617428899559595 ], [ -80.173564697576154, 26.617251899515246 ], [ -80.173564697386766, 26.610494897821816 ], [ -80.173541697338052, 26.608996897446882 ], [ -80.1735306973261, 26.608685897369167 ], [ -80.173461697137029, 26.602656895859553 ], [ -80.173460697131517, 26.602469895812721 ], [ -80.173426697050189, 26.599918895174053 ], [ -80.173403697035383, 26.599630895102372 ], [ -80.173334696887053, 26.595051893956096 ], [ -80.173265696755479, 26.591070892959614 ], [ -80.173253696733212, 26.59040089279188 ], [ -80.173384696771635, 26.590404892789913 ], [ -80.173455696792473, 26.590406892788813 ], [ -80.17370169686464, 26.590413892785062 ], [ -80.173945696936229, 26.59042089278126 ], [ -80.176724697751638, 26.59050389273926 ], [ -80.18268369950006, 26.590681892649155 ], [ -80.183745699811666, 26.590713892633151 ], [ -80.186878700730929, 26.59080789258585 ], [ -80.189321701447696, 26.590880892548903 ], [ -80.195041703126094, 26.591059892464408 ], [ -80.197525703854978, 26.591138892428056 ], [ -80.200528704736115, 26.591231892383476 ], [ -80.205206706108569, 26.591375892313728 ], [ -80.205578706217764, 26.591387892308358 ], [ -80.20566670613357, 26.587457891321261 ], [ -80.205670706130178, 26.587295891280569 ], [ -80.205670706128245, 26.587226891263274 ], [ -80.20558570569888, 26.572756887637606 ], [ -80.205581705676693, 26.572003887448908 ], [ -80.205573705671853, 26.571913887426533 ], [ -80.205566705628428, 26.570433887055604 ], [ -80.205540705463065, 26.564783885639468 ], [ -80.205719705508173, 26.564523885570274 ], [ -80.205721705505766, 26.564416885543373 ], [ -80.205742705479906, 26.563269885255263 ], [ -80.205746705476287, 26.563098885212284 ], [ -80.205733705411745, 26.560921884666698 ], [ -80.20579670533408, 26.55747688380136 ], [ -80.205787705324383, 26.557224883738307 ], [ -80.205745705215435, 26.553759882870335 ], [ -80.205755705213633, 26.553589882827435 ], [ -80.205719705118256, 26.550547882065306 ], [ -80.205710705101922, 26.550054881941861 ], [ -80.205706705095309, 26.54985988189301 ], [ -80.205699705056389, 26.548537881561636 ], [ -80.205671704981867, 26.546157880965286 ], [ -80.205646704884842, 26.542937880158181 ], [ -80.20563870487004, 26.542489880045967 ], [ -80.205467704719467, 26.538880879144525 ], [ -80.205440704702241, 26.538545879061079 ], [ -80.205440704637752, 26.536229878480096 ], [ -80.205382704583812, 26.534902878148486 ], [ -80.205382704561671, 26.534107877949065 ], [ -80.205382704559867, 26.534042877932766 ], [ -80.205344704476872, 26.53146087728582 ], [ -80.205381704475016, 26.531004877170588 ], [ -80.205363704434177, 26.529726876850354 ], [ -80.205329704372687, 26.527873876386224 ], [ -80.205278704283273, 26.525195875715454 ], [ -80.205300704251982, 26.523838875374487 ], [ -80.205208704116743, 26.519944874399442 ], [ -80.205163704000341, 26.516231873468733 ], [ -80.205120703888483, 26.512657872572774 ], [ -80.205033703658586, 26.505297870727588 ], [ -80.204995703598968, 26.503550870289931 ], [ -80.205006703546701, 26.501552869788231 ], [ -80.204956703445163, 26.498421869003462 ], [ -80.204788703332042, 26.496115868428358 ], [ -80.204582702929216, 26.483760865331352 ], [ -80.204583702920701, 26.483442865251433 ], [ -80.204581702914908, 26.483254865204305 ], [ -80.20475070286804, 26.479780864328255 ], [ -80.20453570229607, 26.461388859714464 ], [ -80.204562702273194, 26.460276859434529 ], [ -80.204562702267651, 26.460075859384105 ], [ -80.204535702218607, 26.458587859010919 ], [ -80.204545702090115, 26.453834857816872 ], [ -80.204387701929889, 26.449708856783978 ], [ -80.204249701790303, 26.446116855884739 ], [ -80.204226701677626, 26.442280854921538 ], [ -80.204205701577877, 26.438889854070091 ], [ -80.204241701558033, 26.437790853793175 ], [ -80.204189701464742, 26.43496085308324 ], [ -80.204140701377469, 26.432316852420033 ], [ -80.204125701351799, 26.431545852226613 ], [ -80.20384670126812, 26.431469852213766 ], [ -80.203774701049412, 26.42430185041416 ], [ -80.203770701036007, 26.423857850302664 ], [ -80.203661700795024, 26.416269848398091 ], [ -80.203627700708935, 26.413505847704133 ], [ -80.203593700623344, 26.410757847014192 ], [ -80.203570700564327, 26.408857846537167 ], [ -80.203568700559543, 26.408705846498986 ], [ -80.203733700607771, 26.408705846495284 ], [ -80.203708700547182, 26.406769846009208 ], [ -80.203704700535909, 26.406401845916804 ], [ -80.203646700420407, 26.402822845018431 ], [ -80.203627700381787, 26.401619844716393 ], [ -80.203623700373058, 26.401345844647604 ], [ -80.203616700357642, 26.400858844525299 ], [ -80.203665700285512, 26.397715843734147 ], [ -80.20371570024426, 26.395683843222095 ], [ -80.203726700206943, 26.3942078428508 ], [ -80.203721700160386, 26.39256984243907 ], [ -80.203680700048395, 26.388929841524746 ], [ -80.203575699846624, 26.382703839961568 ], [ -80.203563699805798, 26.381345839620383 ], [ -80.203541699733492, 26.378946839017559 ], [ -80.203533699706924, 26.3780638387957 ], [ -80.203512699652507, 26.376304838353814 ], [ -80.203512699642076, 26.375924838258243 ], [ -80.203517699577731, 26.373527837655274 ], [ -80.203464699407078, 26.367870836233688 ], [ -80.203456699314145, 26.364566835402805 ], [ -80.203454699285345, 26.363537835144061 ], [ -80.203427699221706, 26.361505834633473 ], [ -80.20341069918085, 26.360194834304078 ], [ -80.203372699088973, 26.357248833563851 ], [ -80.203337699003399, 26.354499832873081 ], [ -80.203275698853275, 26.349678831661592 ], [ -80.203223698727641, 26.345646830648302 ], [ -80.203218698705896, 26.344904830461711 ], [ -80.203214698685187, 26.344190830282152 ], [ -80.203210698660527, 26.343331830066116 ], [ -80.203198698630757, 26.342373829825362 ], [ -80.203161698533606, 26.339216829031763 ], [ -80.203157698518609, 26.338713828905298 ], [ -80.203151698488711, 26.337683828646234 ], [ -80.203141698438714, 26.335961828213154 ], [ -80.203044698334949, 26.33320582752172 ], [ -80.202966698268426, 26.331605827120814 ], [ -80.202927698238582, 26.33093182695205 ], [ -80.202936698167434, 26.328230826272105 ], [ -80.202937698163268, 26.328068826231313 ], [ -80.202939698157465, 26.327834826172399 ], [ -80.20289469814432, 26.327835826173636 ], [ -80.202853698132188, 26.327830826173326 ], [ -80.202808698119256, 26.327838826176308 ], [ -80.202731698096784, 26.327841826178751 ], [ -80.202697698086908, 26.327842826179758 ], [ -80.202660698076102, 26.327844826181078 ], [ -80.202646698072058, 26.327844826181408 ], [ -80.202621698064746, 26.327845826182212 ], [ -80.202605698060168, 26.32784882618337 ], [ -80.202592698056407, 26.327851826184386 ], [ -80.202545698043082, 26.32786682618918 ], [ -80.202480698023521, 26.327846826185578 ], [ -80.202401698000187, 26.327836826184836 ], [ -80.202260697958508, 26.327822826184427 ], [ -80.202220697946814, 26.327821826185069 ], [ -80.2021926979386, 26.32782282618594 ], [ -80.201667697785624, 26.32784282620262 ], [ -80.201271697669711, 26.327837826210171 ], [ -80.201231697658045, 26.327839826211552 ], [ -80.201077697613954, 26.327874826223802 ], [ -80.201040697603077, 26.327873826224373 ], [ -80.200978697584716, 26.327863826223187 ], [ -80.200923697568371, 26.327854826222183 ], [ -80.200725697510293, 26.327848826225086 ], [ -80.200573697465899, 26.327849826228704 ], [ -80.200144697340477, 26.3278518262387 ], [ -80.199689697207432, 26.327854826249563 ], [ -80.199143697047887, 26.327858826262695 ], [ -80.199064697024738, 26.327856826263922 ], [ -80.198906696978625, 26.327859826268181 ], [ -80.19885969696476, 26.327857826268733 ], [ -80.198827696955391, 26.327856826269187 ], [ -80.198431696839535, 26.327855826277734 ], [ -80.198053696728962, 26.327853826285626 ], [ -80.196921696397752, 26.327850826309977 ], [ -80.196579696297718, 26.327850826317572 ], [ -80.196544696287475, 26.327848826317844 ], [ -80.196500696274541, 26.327846826318268 ], [ -80.196421696251463, 26.327848826320579 ], [ -80.195714696044448, 26.327838826333721 ], [ -80.195635696021341, 26.327840826335969 ], [ -80.195288695919757, 26.327835826342437 ], [ -80.193747695468446, 26.32781482637132 ], [ -80.193668695445382, 26.327816826373581 ], [ -80.19292869522873, 26.327808826388026 ], [ -80.192527695111352, 26.327805826396169 ], [ -80.192329695053374, 26.3278048264003 ], [ -80.192289695041822, 26.32780782640193 ], [ -80.19206469497594, 26.327804826406179 ], [ -80.191523694817647, 26.327802826417635 ], [ -80.191512694814392, 26.327802826417862 ], [ -80.191433694791201, 26.327798826418636 ], [ -80.190268694450424, 26.327797826444243 ], [ -80.190107694403309, 26.327796826447557 ], [ -80.189836694324043, 26.327796826453575 ], [ -80.188543693945761, 26.32779482648176 ], [ -80.18811269381969, 26.327794826491328 ], [ -80.187941693769631, 26.327793826494872 ], [ -80.187428693619609, 26.327793826506234 ], [ -80.187258693569873, 26.32779382651001 ], [ -80.187135693533918, 26.327792826512503 ], [ -80.186766693425938, 26.327792826520682 ], [ -80.186643693389982, 26.327792826523432 ], [ -80.186596693376231, 26.327792826524487 ], [ -80.186561693365988, 26.327792826525236 ], [ -80.186456693335288, 26.327792826527563 ], [ -80.18641069332179, 26.327792826528583 ], [ -80.186382693313632, 26.327792826529205 ], [ -80.186246693273816, 26.327791826531975 ], [ -80.185859693160623, 26.327791826540551 ], [ -80.185731693123188, 26.3277918265434 ], [ -80.185690693111212, 26.327791826544303 ], [ -80.185568693075496, 26.327791826547013 ], [ -80.185528693063773, 26.327791826547905 ], [ -80.185503693056489, 26.327791826548463 ], [ -80.185429693034806, 26.327790826549858 ], [ -80.185405693027832, 26.327790826550395 ], [ -80.185309692999724, 26.327789826552273 ], [ -80.18502269291568, 26.327786826557897 ], [ -80.184927692887896, 26.327786826560008 ], [ -80.184773692842782, 26.327784826562915 ], [ -80.184369692724545, 26.327781826571133 ], [ -80.184314692708426, 26.327781826572341 ], [ -80.184161692663736, 26.327782826575998 ], [ -80.183518692475758, 26.327786826591254 ], [ -80.18158969191181, 26.327799826637296 ], [ -80.180947691724214, 26.327804826652837 ], [ -80.180544691606372, 26.327806826662286 ], [ -80.179657691347089, 26.327812826683452 ], [ -80.179337691253394, 26.327810826690047 ], [ -80.178935691135777, 26.327809826698722 ], [ -80.178789691093073, 26.32780882670172 ], [ -80.178351690964888, 26.327805826710676 ], [ -80.178206690922451, 26.327805826713895 ], [ -80.178152690906686, 26.327805826715103 ], [ -80.178082690886129, 26.327802826715843 ], [ -80.177875690825346, 26.327796826718934 ], [ -80.177836690813763, 26.327787826717579 ], [ -80.17776469079179, 26.327756826711337 ], [ -80.177727690780685, 26.327744826709164 ], [ -80.177614690748172, 26.327764826716709 ], [ -80.177597690743127, 26.327762826716601 ], [ -80.177583690739098, 26.327765826717641 ], [ -80.177571690735704, 26.327768826718646 ], [ -80.177541690726997, 26.327770826719824 ], [ -80.177527690722911, 26.327771826720376 ], [ -80.177413690689775, 26.32777982672491 ], [ -80.177337690667088, 26.327761826722117 ], [ -80.177162690616029, 26.327767826727474 ], [ -80.17623569034491, 26.327768826748301 ], [ -80.17590069024692, 26.327769826755979 ], [ -80.174876689947837, 26.32778682678299 ], [ -80.174797689924858, 26.327790826785755 ], [ -80.173655689591314, 26.327809826815866 ], [ -80.172354689210295, 26.327793826840676 ], [ -80.171061688831671, 26.327778826865575 ], [ -80.171019688819342, 26.327777826866274 ], [ -80.171003688814665, 26.327777826866615 ], [ -80.170895688783077, 26.327778826869267 ], [ -80.170885688780217, 26.32777982686973 ], [ -80.170854688771229, 26.327782826871218 ], [ -80.170334688619178, 26.327786826883763 ], [ -80.170244688592817, 26.327785826885513 ], [ -80.17022568858728, 26.327784826885676 ], [ -80.170175688572627, 26.327784826886795 ], [ -80.170151688565625, 26.327785826887578 ], [ -80.170104688551916, 26.327787826889111 ], [ -80.170019688527475, 26.327802826894729 ], [ -80.169965688511795, 26.327806826896985 ], [ -80.169919688498439, 26.327810826899011 ], [ -80.169886688488887, 26.327812826900228 ], [ -80.169861688481603, 26.327815826901524 ], [ -80.169787688459948, 26.32781482690292 ], [ -80.169776688428541, 26.326781826643142 ], [ -80.169734688338067, 26.323919825923593 ], [ -80.169696688253296, 26.321222825245446 ], [ -80.169674688203543, 26.319636824846668 ], [ -80.16962268813802, 26.317792824383567 ], [ -80.169605688128286, 26.317618824340119 ], [ -80.169466687993335, 26.314162823473112 ], [ -80.169275687821738, 26.309922822409703 ], [ -80.169268687815602, 26.309771822371854 ], [ -80.1691936877465, 26.308041821937891 ], [ -80.169113687660641, 26.305752821363274 ], [ -80.169101687651363, 26.305539821309928 ], [ -80.169096687644313, 26.305335821258652 ], [ -80.169094687642996, 26.305309821252123 ], [ -80.16908768763723, 26.305172821217791 ], [ -80.169014687555759, 26.302966820663858 ], [ -80.168982687514898, 26.301812820374 ], [ -80.168743687445058, 26.301813820379525 ], [ -80.168690687374792, 26.299805819875026 ], [ -80.168660687331609, 26.298542819557625 ], [ -80.168618687278936, 26.297060819185301 ], [ -80.168595687249208, 26.296215818973021 ], [ -80.168603687200644, 26.294345818501828 ], [ -80.168619687155626, 26.292522818042343 ], [ -80.168629687119974, 26.291104817684968 ], [ -80.168639687067909, 26.289085817176225 ], [ -80.168748687099821, 26.289086817174066 ], [ -80.169016687178228, 26.289086817168137 ], [ -80.169014687174212, 26.288960817136434 ], [ -80.169013687172239, 26.288898817120884 ], [ -80.169181687221169, 26.288891817115346 ], [ -80.169149687159361, 26.286964816630721 ], [ -80.169154687134011, 26.285979816382508 ], [ -80.169139687084325, 26.284315815963666 ], [ -80.169106687005311, 26.28176581532205 ], [ -80.169084686950498, 26.279987814874641 ], [ -80.169076686929984, 26.279317814706019 ], [ -80.169034686843091, 26.27657581401618 ], [ -80.168973686761419, 26.274228813426244 ], [ -80.169048686783256, 26.27422581342384 ], [ -80.16916668681786, 26.274227813421724 ], [ -80.16921968683333, 26.274226813420306 ], [ -80.169247686841516, 26.274226813419684 ], [ -80.169337686867777, 26.274224813417195 ], [ -80.169630686953354, 26.274219813409477 ], [ -80.170319687154546, 26.274206813390968 ], [ -80.173295688023686, 26.274155813312348 ], [ -80.174287688313413, 26.274139813286407 ], [ -80.174797688462391, 26.274131813273119 ], [ -80.175155688566846, 26.27412181326266 ], [ -80.176073688834677, 26.274097813236331 ], [ -80.177761689327411, 26.274060813189685 ], [ -80.178630689581098, 26.274041813165741 ], [ -80.179385689801393, 26.274022813144267 ], [ -80.181650690462462, 26.273968813080572 ], [ -80.182406690683152, 26.273951813059625 ], [ -80.182760690786466, 26.273944813049994 ], [ -80.183826691097806, 26.273926813021959 ], [ -80.184181691201459, 26.273921813012816 ], [ -80.18463269133369, 26.273931813005376 ], [ -80.185988691731197, 26.273963812983443 ], [ -80.186263691811774, 26.273969812978862 ], [ -80.186378691845476, 26.273972812977156 ], [ -80.186446691865413, 26.273974812976121 ], [ -80.186945692011662, 26.273985812967844 ], [ -80.188306692410634, 26.274017812945857 ], [ -80.188463692456651, 26.274021812943406 ], [ -80.188969692604957, 26.274033812935183 ], [ -80.189384692726591, 26.274042812928336 ], [ -80.190629693091523, 26.274071812908108 ], [ -80.191045693213425, 26.274081812901393 ], [ -80.191234693268868, 26.274085812898267 ], [ -80.19131369329196, 26.274086812896769 ], [ -80.191800693434715, 26.274097812888758 ], [ -80.191990693490382, 26.274102812885815 ], [ -80.192379693604408, 26.274110812879258 ], [ -80.192524693646916, 26.274114812877034 ], [ -80.192700693698512, 26.274117812873914 ], [ -80.192699693694308, 26.273973812837674 ], [ -80.193515693933591, 26.273997812825709 ], [ -80.194579694244993, 26.274005812804187 ], [ -80.19466069426872, 26.274006812802639 ], [ -80.194676694273411, 26.27400681280227 ], [ -80.196779694888974, 26.274025812760591 ], [ -80.200718696042159, 26.274068812684366 ], [ -80.201696696328455, 26.274079812665502 ], [ -80.201794696357183, 26.274080812663573 ], [ -80.201869696379092, 26.274080812661918 ], [ -80.201807696300492, 26.271856812103117 ], [ -80.202065696375996, 26.271857812097664 ], [ -80.202389696470775, 26.271859812091019 ], [ -80.202740696573514, 26.271861812083763 ], [ -80.204374697051634, 26.27187181205014 ], [ -80.205025697242135, 26.271875812036743 ], [ -80.205540697392848, 26.271879812026416 ], [ -80.206474697666181, 26.27188581200728 ], [ -80.206973697811975, 26.271880811994997 ], [ -80.208471698249653, 26.27186681195834 ], [ -80.208971698395843, 26.271862811946303 ], [ -80.209179698456666, 26.271863811941955 ], [ -80.209804698639601, 26.27186881192938 ], [ -80.210013698700763, 26.271870811925265 ], [ -80.210792698928842, 26.271881811910831 ], [ -80.210995698988285, 26.271884811907103 ], [ -80.211566699155497, 26.271892811896461 ], [ -80.212607699460307, 26.271906811877024 ], [ -80.213239699645356, 26.271914811865049 ], [ -80.21459170004124, 26.271933811839947 ], [ -80.215221700225953, 26.271951811830576 ], [ -80.217883701005135, 26.271978811778549 ], [ -80.218350701141844, 26.271983811769459 ], [ -80.218443701169079, 26.271984811767641 ], [ -80.222510702359898, 26.272039811691641 ], [ -80.222807702446786, 26.272041811685568 ], [ -80.223070702522179, 26.271985811665626 ], [ -80.223069702525351, 26.272113811697889 ], [ -80.223069702527312, 26.272185811716035 ], [ -80.223273702586056, 26.272151811702987 ], [ -80.223315702598185, 26.272145811700508 ], [ -80.223673702702314, 26.272125811687605 ], [ -80.22389570276718, 26.272125811682695 ], [ -80.224103702828103, 26.272126811678348 ], [ -80.22428270288043, 26.272126811674404 ], [ -80.224489702940986, 26.272128811670314 ], [ -80.22462470298052, 26.272129811667572 ], [ -80.225274703170825, 26.272137811655199 ], [ -80.22565070328092, 26.272145811648883 ], [ -80.226037703394425, 26.272155811642879 ], [ -80.22676270360661, 26.272163811628864 ], [ -80.228939704243828, 26.272187811586761 ], [ -80.229665704456352, 26.272195811572772 ], [ -80.230462704689685, 26.272206811557904 ], [ -80.232853705389715, 26.27223981151338 ], [ -80.23365070562312, 26.272251811498744 ], [ -80.233781705661471, 26.272252811496102 ], [ -80.234176705777102, 26.272258811488875 ], [ -80.234197705783245, 26.272258811488406 ], [ -80.234308705815749, 26.272260811486529 ], [ -80.234420705848549, 26.272261811484281 ], [ -80.234756705946921, 26.272266811478108 ], [ -80.234868705979736, 26.272268811476131 ], [ -80.23589170627983, 26.272305811462854 ], [ -80.236214706374597, 26.272315811458199 ], [ -80.236726706524138, 26.272311811445881 ], [ -80.237986706893523, 26.272346811426807 ], [ -80.239775707416186, 26.272329811383027 ], [ -80.240562707646518, 26.272338811367874 ], [ -80.240833707725841, 26.272341811362629 ], [ -80.241648707964373, 26.272350811346914 ], [ -80.241920708044006, 26.272354811341881 ], [ -80.242042708079666, 26.272355811339455 ], [ -80.242409708187125, 26.272359811332333 ], [ -80.242532708223123, 26.272361811330114 ], [ -80.244411708773256, 26.272387811295104 ], [ -80.244540708810987, 26.272389811292747 ], [ -80.246325709333604, 26.272414811259576 ], [ -80.246419709361078, 26.272414811257502 ], [ -80.246704709444444, 26.272415811251438 ], [ -80.246799709472242, 26.272416811249585 ], [ -80.247097709559426, 26.272419811243807 ], [ -80.247991709821179, 26.272431811227037 ], [ -80.248290709908687, 26.272435811221431 ], [ -80.248650710014076, 26.272440811214757 ], [ -80.249733710331114, 26.272455811194551 ], [ -80.250094710436784, 26.272460811187827 ], [ -80.250234710477756, 26.272462811185228 ], [ -80.252099711023959, 26.272496811152589 ], [ -80.254197711637701, 26.272509811109501 ], [ -80.257462712593366, 26.272550811047577 ], [ -80.258653712941992, 26.272565811025043 ], [ -80.25936671315074, 26.272575811011826 ], [ -80.260446713466905, 26.272591810991941 ], [ -80.261339713728319, 26.272602810974998 ], [ -80.264021714513305, 26.272636810924219 ], [ -80.264915714774943, 26.272648810907498 ], [ -80.265046714813295, 26.272649810904845 ], [ -80.26543971492832, 26.272654810897407 ], [ -80.265571714966981, 26.272656810894986 ], [ -80.265726715012292, 26.272658810892054 ], [ -80.266194715149311, 26.27266481088321 ], [ -80.26635071519496, 26.272666810880306 ], [ -80.266867715346308, 26.272673810870614 ], [ -80.268418715800337, 26.272695810841871 ], [ -80.26893671595198, 26.2727038108324 ], [ -80.269264716047985, 26.272707810826155 ], [ -80.270249716336224, 26.272719810807427 ], [ -80.270578716432553, 26.272724810801389 ], [ -80.27067671646121, 26.272725810799461 ], [ -80.270972716547817, 26.272728810793669 ], [ -80.271071716576841, 26.272730810791973 ], [ -80.271367716663391, 26.272731810785668 ], [ -80.272258716924028, 26.272736810767292 ], [ -80.272555717010889, 26.272738810761204 ], [ -80.272870717103075, 26.272741810754997 ], [ -80.273815717379534, 26.272750810736344 ], [ -80.274131717472045, 26.272754810730355 ], [ -80.274201717492488, 26.272754810728802 ], [ -80.27441171755396, 26.272757810724958 ], [ -80.274481717574432, 26.272758810723666 ], [ -80.274877717690444, 26.272766810716892 ], [ -80.27606571803841, 26.272791810696912 ], [ -80.276461718154394, 26.272800810690448 ], [ -80.276715718228658, 26.272802810685327 ], [ -80.277479718452199, 26.272809810670193 ], [ -80.277547718472107, 26.272810810668947 ], [ -80.277734718526887, 26.272812810665293 ], [ -80.277808718548471, 26.272812810663662 ], [ -80.278033718614324, 26.272815810659413 ], [ -80.278108718636275, 26.272816810658032 ], [ -80.278525718758274, 26.272819810649544 ], [ -80.279777719124525, 26.272830810624651 ], [ -80.280195719246848, 26.272834810616398 ], [ -80.280654719381133, 26.272839810607501 ], [ -80.282031719784115, 26.272854810580867 ], [ -80.282339719874201, 26.27285881057503 ], [ -80.282490719918414, 26.272860810572176 ], [ -80.282487719913718, 26.272719810536788 ], [ -80.282483719907688, 26.27254081049178 ], [ -80.282465719876342, 26.27158181025073 ], [ -80.282459719865912, 26.271262810170555 ], [ -80.28244771984582, 26.270654810017749 ], [ -80.282411719785756, 26.268833809560068 ], [ -80.282400719766045, 26.268226809407494 ], [ -80.282399719764314, 26.268173809394181 ], [ -80.282396719758111, 26.267977809344881 ], [ -80.282389719740124, 26.267390809197249 ], [ -80.282387719734189, 26.267195809148223 ], [ -80.282384719726991, 26.266962809089591 ], [ -80.282375719705456, 26.266266808914569 ], [ -80.282372719698259, 26.266034808856237 ], [ -80.282370719695209, 26.265942808833099 ], [ -80.282367719686889, 26.265668808764183 ], [ -80.282366719684035, 26.265577808741305 ], [ -80.28236471967918, 26.265420808701805 ], [ -80.282358719664629, 26.264949808583356 ], [ -80.282356719659816, 26.264793808544102 ], [ -80.282353719654239, 26.26461980850036 ], [ -80.282347719638352, 26.264099808369568 ], [ -80.282345719633071, 26.263926808326023 ], [ -80.282345719631905, 26.263883808315192 ], [ -80.282295719617224, 26.26388280831604 ], [ -80.282229719597922, 26.263882808317515 ], [ -80.282231719593923, 26.263714808275186 ], [ -80.282213719572994, 26.263136808130017 ], [ -80.282197719549444, 26.262442807955626 ], [ -80.282192719542067, 26.262224807900886 ], [ -80.282192719535232, 26.261972807837434 ], [ -80.282194719529173, 26.261729807776199 ], [ -80.282196719525302, 26.261565807734812 ], [ -80.282190719510879, 26.261098807617397 ], [ -80.282303719544103, 26.261105807616648 ], [ -80.28230071953908, 26.260952807578171 ], [ -80.282294719524856, 26.260495807463261 ], [ -80.282292719520143, 26.260343807425016 ], [ -80.282288719512536, 26.260106807365442 ], [ -80.282277719490054, 26.259396807186878 ], [ -80.282274719482714, 26.25916080712755 ], [ -80.282142719444153, 26.259159807130228 ], [ -80.282140719440491, 26.2590488071023 ], [ -80.282146719425327, 26.258423806944794 ], [ -80.282262719459297, 26.25842680694296 ], [ -80.282282719465186, 26.258427806942763 ], [ -80.282438719510694, 26.258424806938564 ], [ -80.282476719521512, 26.258414806935253 ], [ -80.282510719530947, 26.258395806929695 ], [ -80.282539719538704, 26.258369806922534 ], [ -80.282574719548819, 26.258363806920205 ], [ -80.283148719716706, 26.258369806909073 ], [ -80.284550720127015, 26.258387806882581 ], [ -80.284629720150065, 26.258385806880334 ], [ -80.285858720509736, 26.258400806856969 ], [ -80.285971720542818, 26.258402806854981 ], [ -80.286032720560982, 26.258415806856927 ], [ -80.286071720572167, 26.25840780685402 ], [ -80.286110720583494, 26.258404806852393 ], [ -80.286759720773418, 26.25841280684006 ], [ -80.287648721033548, 26.25842380682322 ], [ -80.288703721342529, 26.258444806805201 ], [ -80.29368472280126, 26.258548806721286 ], [ -80.293767722825649, 26.258552806720541 ], [ -80.294534723050077, 26.258561806705817 ], [ -80.296413723599883, 26.258585806670343 ], [ -80.296479723619314, 26.258590806670107 ], [ -80.29667972367767, 26.258586806664724 ], [ -80.296926723750232, 26.258599806662559 ], [ -80.297062723789935, 26.2585988066593 ], [ -80.297355723875583, 26.258598806652824 ], [ -80.297357723870448, 26.258388806599871 ], [ -80.297384723803674, 26.255638805906845 ], [ -80.297421723791743, 26.254803805695776 ], [ -80.297421723540367, 26.245546803364682 ], [ -80.297442723430834, 26.241284802290856 ], [ -80.297437723423641, 26.241072802237554 ], [ -80.297414723412359, 26.240904802195772 ], [ -80.297400723403484, 26.240728802151743 ], [ -80.297399723399877, 26.240606802121057 ], [ -80.297350723373683, 26.240168802011809 ], [ -80.29723072331754, 26.239391801818769 ], [ -80.297206723308562, 26.23931980180112 ], [ -80.297028723231193, 26.238385801569837 ], [ -80.297060723239397, 26.238342801558307 ], [ -80.296974723153056, 26.236088800992491 ], [ -80.297023723167356, 26.236087800991154 ], [ -80.297445723290451, 26.236077800979295 ], [ -80.297483723122028, 26.229454799310211 ], [ -80.297469723108691, 26.229114799224874 ], [ -80.297473723100765, 26.228779799140398 ], [ -80.297537722849384, 26.218810796627565 ], [ -80.297540722838619, 26.218380796519174 ], [ -80.297564722575302, 26.208390794001591 ], [ -80.297564722572659, 26.208292793976838 ], [ -80.297565722566162, 26.208041793913598 ], [ -80.29757772249792, 26.205390793245286 ], [ -80.297589722430303, 26.202759792582057 ], [ -80.297594722395957, 26.201435792248283 ], [ -80.297595722391009, 26.201242792199622 ], [ -80.297596722382963, 26.20093379212171 ], [ -80.297598722374644, 26.200603792038535 ], [ -80.29760372234297, 26.199379791729918 ], [ -80.297610722332266, 26.198906791610558 ], [ -80.297626722205493, 26.194043790384601 ], [ -80.297641722202229, 26.193759790312729 ], [ -80.297646722201179, 26.193667790289439 ], [ -80.297363722118462, 26.193665790295157 ], [ -80.296585721890935, 26.193661790311207 ], [ -80.295524721580648, 26.193654790332797 ], [ -80.295455721560486, 26.19365479033431 ], [ -80.295440721556091, 26.193654790334655 ], [ -80.295350721529744, 26.193653790336366 ], [ -80.295045721440587, 26.193651790342592 ], [ -80.29512872144781, 26.193022790182223 ], [ -80.295231721455735, 26.192200789972798 ], [ -80.295573721524249, 26.19103678967188 ], [ -80.296018721627505, 26.190043789411817 ], [ -80.296644721781718, 26.188978789129589 ], [ -80.297180721923567, 26.188431788979926 ], [ -80.297886722103485, 26.187452788717664 ], [ -80.298376722234593, 26.187003788593717 ], [ -80.298686722318067, 26.186741788520866 ], [ -80.298569722280163, 26.1866047884889 ], [ -80.298453722242627, 26.186468788457166 ], [ -80.298367722214735, 26.186366788433318 ], [ -80.298306722194951, 26.186295788416764 ], [ -80.298262722182272, 26.18629978841874 ], [ -80.298226722171663, 26.186297788419036 ], [ -80.298233722172824, 26.186265788410832 ], [ -80.298240722172011, 26.186157788383433 ], [ -80.29814872213754, 26.185879788315415 ], [ -80.29813472213155, 26.185807788297573 ], [ -80.29811272212325, 26.185738788280673 ], [ -80.29809072211296, 26.185594788244838 ], [ -80.298074722106335, 26.185523788227293 ], [ -80.298052722096017, 26.185379788191483 ], [ -80.298018722081281, 26.185200788147139 ], [ -80.298013722076632, 26.185084788118004 ], [ -80.298013722075879, 26.185056788110909 ], [ -80.298002722069739, 26.184947788083658 ], [ -80.297965722054144, 26.184770788039909 ], [ -80.297949722046596, 26.184662788013018 ], [ -80.297939722042642, 26.184626788004149 ], [ -80.297931722035457, 26.184445787958715 ], [ -80.297920722027342, 26.184264787913307 ], [ -80.297917722011803, 26.183721787776506 ], [ -80.297927721990348, 26.182817787548409 ], [ -80.297926721978371, 26.182383787439065 ], [ -80.297928721974017, 26.182200787392819 ], [ -80.297933721968633, 26.181948787329205 ], [ -80.297936721966408, 26.18183378730015 ], [ -80.297944721962082, 26.181587787237973 ], [ -80.297945721950001, 26.181129787122515 ], [ -80.29795072190069, 26.179245786647446 ], [ -80.297951721897775, 26.179127786617695 ], [ -80.297951721896268, 26.179071786603529 ], [ -80.297955721897068, 26.179058786600219 ], [ -80.297953721895738, 26.179030786593213 ], [ -80.297953721891858, 26.17888678655687 ], [ -80.297953721890622, 26.178840786545276 ], [ -80.297953721880845, 26.178478786454026 ], [ -80.297956721856849, 26.177556786221533 ], [ -80.297957721837363, 26.176823786036746 ], [ -80.297959721823077, 26.176272785897751 ], [ -80.297964721812747, 26.175835785787502 ], [ -80.297981721782477, 26.174527785457379 ], [ -80.297982721779789, 26.174418785429864 ], [ -80.297987721772429, 26.17409178534729 ], [ -80.297990721741883, 26.172926785053544 ], [ -80.298001721650976, 26.169434784172857 ], [ -80.298002721638753, 26.168970784055862 ], [ -80.298005721620783, 26.168271783879565 ], [ -80.298004721616252, 26.168114783840004 ], [ -80.298004721605608, 26.167719783740392 ], [ -80.298004721603562, 26.16764378372125 ], [ -80.298002721552209, 26.165759783246219 ], [ -80.298002721535269, 26.165131783087876 ], [ -80.297998721529481, 26.164958783044383 ], [ -80.297989721512849, 26.164439782913707 ], [ -80.297986721507939, 26.164291782876447 ], [ -80.297986721507314, 26.164267782870382 ], [ -80.297986721506078, 26.164221782858814 ], [ -80.297987721504754, 26.164161782843628 ], [ -80.297988721502989, 26.164085782824461 ], [ -80.297990721502359, 26.164040782813064 ], [ -80.297995721495127, 26.163716782731239 ], [ -80.298012721473867, 26.162744782485788 ], [ -80.298016721468599, 26.162503782424949 ], [ -80.29801872146696, 26.16242178240422 ], [ -80.298019721465366, 26.162351782386565 ], [ -80.298024721457693, 26.162012782300977 ], [ -80.298046721431092, 26.160785781991049 ], [ -80.298053721422079, 26.160377781888023 ], [ -80.297911721381013, 26.160392781894942 ], [ -80.297822721355274, 26.160402781899396 ], [ -80.297807721147151, 26.152835779991474 ], [ -80.297804721101869, 26.151186779575692 ], [ -80.297781721063899, 26.150025779283375 ], [ -80.297779721060209, 26.149909779254152 ], [ -80.297777721056633, 26.149798779226181 ], [ -80.297821721069482, 26.149797779224983 ], [ -80.29795572110865, 26.149797779222045 ], [ -80.298000721121795, 26.149797779221064 ], [ -80.298006721115257, 26.149489779143284 ], [ -80.29800672111125, 26.1493407791057 ], [ -80.29794572108672, 26.149092779044452 ], [ -80.297934721080878, 26.148993779019712 ], [ -80.297878721050111, 26.148459778886306 ], [ -80.297847721035751, 26.148261778837025 ], [ -80.297793721013946, 26.148036778781467 ], [ -80.297758720964296, 26.146572778412995 ], [ -80.297743720942108, 26.145911778246635 ], [ -80.297739720936903, 26.145761778208865 ], [ -80.297720720910661, 26.144992778015322 ], [ -80.297690720867877, 26.143726777696664 ], [ -80.29769072086728, 26.14370477769112 ], [ -80.297690720860942, 26.143469777631822 ], [ -80.297690720824349, 26.142108777288563 ], [ -80.297696720746757, 26.139157776544057 ], [ -80.297700720733189, 26.13860777640522 ], [ -80.297709720706905, 26.137532776133842 ], [ -80.297727720656894, 26.135475775614566 ], [ -80.297662720637717, 26.135469775614478 ], [ -80.297468720580554, 26.135453775614671 ], [ -80.297404720561715, 26.135448775614815 ], [ -80.297330720540202, 26.135451775617195 ], [ -80.29729772053058, 26.135452775618177 ], [ -80.297160720490737, 26.135458775622666 ], [ -80.297016720448639, 26.135459775626082 ], [ -80.296978720437508, 26.135459775626906 ], [ -80.296872720406611, 26.135460775629483 ], [ -80.296645720340294, 26.135461775634703 ], [ -80.295963720141089, 26.1354677756512 ], [ -80.29573772007511, 26.135469775656627 ], [ -80.29409471959525, 26.135482775695852 ], [ -80.291720718901971, 26.13550177575263 ], [ -80.289165718155715, 26.135521775813608 ], [ -80.287702717728436, 26.135533775848717 ], [ -80.287523717676038, 26.135528775851306 ], [ -80.28753171766428, 26.135004775718961 ], [ -80.287533717661717, 26.134887775689414 ], [ -80.287507717629666, 26.133977775460441 ], [ -80.287468717603673, 26.133434775324254 ], [ -80.287435717581801, 26.132978775209935 ], [ -80.287432717579634, 26.132932775198405 ], [ -80.287429717577325, 26.13287877518486 ], [ -80.287414717565582, 26.132603775115822 ], [ -80.287407717552043, 26.132177775008493 ], [ -80.287398717544022, 26.131975774957734 ], [ -80.287342717491683, 26.130637774621349 ], [ -80.287301717448031, 26.129456774324321 ], [ -80.287270717431142, 26.129166774251804 ], [ -80.287265717428255, 26.12911377423859 ], [ -80.287251717417931, 26.12888077418005 ], [ -80.287176717386458, 26.128525774092111 ], [ -80.287089717353666, 26.128251774024896 ], [ -80.286958717316239, 26.128283774035875 ], [ -80.286886717289775, 26.128080773986234 ], [ -80.286794717257152, 26.127867773934476 ], [ -80.286719717231435, 26.127725773900302 ], [ -80.286305717089263, 26.126938773710798 ], [ -80.286113717023412, 26.126574773623151 ], [ -80.285938716963599, 26.126252773545698 ], [ -80.285775716906983, 26.125917773464785 ], [ -80.28564971686383, 26.125683773408479 ], [ -80.285554716830134, 26.125461773354537 ], [ -80.285453716791068, 26.125105773266899 ], [ -80.285399716770968, 26.124945773227729 ], [ -80.285354716751314, 26.124703773167678 ], [ -80.285328716738277, 26.124500773117031 ], [ -80.285310716724666, 26.124189773038932 ], [ -80.285240716657, 26.122430772596623 ], [ -80.285223716643074, 26.122097772512969 ], [ -80.285221716636599, 26.121878772457741 ], [ -80.285227716629379, 26.121541772372581 ], [ -80.285288716628457, 26.120844772195351 ], [ -80.285023716551649, 26.120869772207449 ], [ -80.284420716375706, 26.120879772223173 ], [ -80.282925715938205, 26.120859772250842 ], [ -80.282530715822773, 26.120859772259482 ], [ -80.274840713575301, 26.12086877242988 ], [ -80.274841713571433, 26.120713772390744 ], [ -80.27461971350651, 26.12071377239559 ], [ -80.273952713311687, 26.120716772410983 ], [ -80.27373171324713, 26.120717772416064 ], [ -80.27328871311758, 26.120716772425499 ], [ -80.272540712898916, 26.120715772441564 ], [ -80.271961712729606, 26.120713772453733 ], [ -80.271519712600451, 26.12071377246339 ], [ -80.271369712556719, 26.120718772467963 ], [ -80.270921712426201, 26.120735772482025 ], [ -80.270893712418086, 26.120737772483125 ], [ -80.270772712382737, 26.120737772485771 ], [ -80.270356712261133, 26.12073777249487 ], [ -80.269109711896661, 26.120737772522133 ], [ -80.268694711775296, 26.120737772531204 ], [ -80.2685677117382, 26.120736772533743 ], [ -80.26818871162736, 26.120735772541781 ], [ -80.268062711590517, 26.120735772544528 ], [ -80.268017711577343, 26.120735772545494 ], [ -80.267884711538485, 26.120735772548421 ], [ -80.267840711525636, 26.120735772549374 ], [ -80.26772871149285, 26.120734772551586 ], [ -80.267392711394606, 26.12073377255868 ], [ -80.267281711362173, 26.12073377256111 ], [ -80.267105711310734, 26.120732772564718 ], [ -80.26657771115633, 26.120731772575986 ], [ -80.266490711130885, 26.120731772577894 ], [ -80.266466711123869, 26.120731772578431 ], [ -80.266401711104876, 26.120731772579855 ], [ -80.266313711079178, 26.12073277258202 ], [ -80.266002710988332, 26.120733772589073 ], [ -80.265459710829717, 26.120736772601692 ], [ -80.26480771063919, 26.120739772616755 ], [ -80.264605710580184, 26.120741772621674 ], [ -80.264409710522898, 26.120742772626208 ], [ -80.263715710320014, 26.120742772641371 ], [ -80.261632709711193, 26.120743772687202 ], [ -80.260939709508619, 26.120744772702601 ], [ -80.26093670951218, 26.120908772744023 ], [ -80.260834709482339, 26.120909772746508 ], [ -80.259525709099876, 26.120915772776605 ], [ -80.259467709078507, 26.120752772736751 ], [ -80.259428709067151, 26.120752772737617 ], [ -80.259313709033549, 26.120752772740136 ], [ -80.259275709022418, 26.12075277274095 ], [ -80.259077708964526, 26.120752772745288 ], [ -80.258485708791483, 26.120752772758227 ], [ -80.258394708764882, 26.120752772760238 ], [ -80.258292708739276, 26.12091077280235 ], [ -80.25716070840825, 26.120905772825829 ], [ -80.256629708252945, 26.12090377283695 ], [ -80.254690707685796, 26.120891772876291 ], [ -80.253738707407521, 26.120891772897107 ], [ -80.252606707076822, 26.120899772923906 ], [ -80.252420707022438, 26.120900772928195 ], [ -80.252104706930155, 26.120903772935879 ], [ -80.251583706778192, 26.120916772950522 ], [ -80.250221706380188, 26.120921772981585 ], [ -80.250215706374007, 26.120757772940301 ], [ -80.248825705968628, 26.120792772979549 ], [ -80.248712705935617, 26.12079377298226 ], [ -80.248166705775986, 26.12079477299444 ], [ -80.247460705569623, 26.120795773010144 ], [ -80.246418705265057, 26.120796773033174 ], [ -80.243292704351347, 26.120803773103251 ], [ -80.242251704047106, 26.120806773126812 ], [ -80.241433703807971, 26.120808773145203 ], [ -80.241354703784907, 26.120808773146933 ], [ -80.240686703589631, 26.120810773162031 ], [ -80.23868270300396, 26.120817773207605 ], [ -80.238015702809065, 26.120820773222921 ], [ -80.237422702635641, 26.120819773235652 ], [ -80.23605370223531, 26.120817773265081 ], [ -80.235644702115678, 26.120814773273263 ], [ -80.235052701942536, 26.120812773285699 ], [ -80.234875701890701, 26.12080977328883 ], [ -80.23434670173593, 26.120803773298832 ], [ -80.234271701713951, 26.120803773300484 ], [ -80.234170701684377, 26.120801773302194 ], [ -80.234183701691592, 26.120929773334211 ], [ -80.234222701713435, 26.12131877343155 ], [ -80.234257701732602, 26.121650773514602 ], [ -80.234264701737516, 26.121757773541475 ], [ -80.234263701739138, 26.121829773559661 ], [ -80.234309701772702, 26.122578773747691 ], [ -80.234308701774296, 26.12264977376563 ], [ -80.234322701784464, 26.122874773822115 ], [ -80.234342701798582, 26.123185773900175 ], [ -80.234340701800903, 26.12329277392725 ], [ -80.234333701800793, 26.123364773945564 ], [ -80.234332701801279, 26.123393773952891 ], [ -80.23424970177696, 26.123392773954464 ], [ -80.234127701741272, 26.123390773956618 ], [ -80.233515701562112, 26.123381773967768 ], [ -80.233312701502712, 26.123379773971678 ], [ -80.233227701477773, 26.123376773972812 ], [ -80.232974701403577, 26.123367773976032 ], [ -80.232890701378935, 26.123365773977373 ], [ -80.232584701289511, 26.123367773984555 ], [ -80.231668701021945, 26.123375774006647 ], [ -80.231363700932818, 26.123378774014064 ], [ -80.231110700858878, 26.123378774019585 ], [ -80.230353700637565, 26.12338077403663 ], [ -80.230101700563921, 26.123381774042407 ], [ -80.23011170057444, 26.123662774113097 ], [ -80.230144700606729, 26.124507774325682 ], [ -80.230155700617473, 26.124789774396604 ], [ -80.229636700465818, 26.124792774408753 ], [ -80.228082700011797, 26.124805774445978 ], [ -80.22756469986048, 26.124810774458542 ], [ -80.227555699850342, 26.124529774387852 ], [ -80.227531699820801, 26.123689774176331 ], [ -80.227524699811241, 26.123409774105799 ], [ -80.227482699798799, 26.123403774105217 ], [ -80.227357699761797, 26.123387774103893 ], [ -80.22731669974965, 26.123382774103543 ], [ -80.226989699654098, 26.123383774110938 ], [ -80.226324699459752, 26.123387774126488 ], [ -80.226008699367384, 26.123388774133641 ], [ -80.22568169927186, 26.123390774141296 ], [ -80.225681699257962, 26.122872774010538 ], [ -80.225683699216901, 26.121319773618456 ], [ -80.225684699207875, 26.120972773530877 ], [ -80.227229699659617, 26.120972773497101 ], [ -80.227224699653704, 26.120807773455571 ], [ -80.226915699563349, 26.120806773462082 ], [ -80.226217699359225, 26.120804773476781 ], [ -80.225991699293118, 26.120803773481484 ], [ -80.225684699203313, 26.120802773487931 ], [ -80.224839698956231, 26.120803773506662 ], [ -80.22230569821555, 26.12081077356385 ], [ -80.22146169796882, 26.120813773583059 ], [ -80.221486697972551, 26.120680773548933 ], [ -80.221552697982617, 26.120335773460408 ], [ -80.222476698252706, 26.120332773439404 ], [ -80.225250699063608, 26.120324773376769 ], [ -80.225984699278158, 26.120323773360468 ], [ -80.226099699311661, 26.12031977335694 ], [ -80.226141699323691, 26.120309773353465 ], [ -80.226170699331718, 26.120293773348848 ], [ -80.226199699339432, 26.1202637733406 ], [ -80.226216699343496, 26.120229773331687 ], [ -80.226220699343543, 26.120187773320986 ], [ -80.226219699342394, 26.120155773312959 ], [ -80.226210699327396, 26.119695773196998 ], [ -80.226207699322416, 26.119542773158429 ], [ -80.22620169931696, 26.119404773123723 ], [ -80.226184699300887, 26.118990773019611 ], [ -80.22617969929577, 26.118853772985151 ], [ -80.225997699241702, 26.118821772981029 ], [ -80.225776699176023, 26.11878277297604 ], [ -80.225450699079985, 26.11875677297655 ], [ -80.225395699063824, 26.118752772976748 ], [ -80.225268699026245, 26.118736772975527 ], [ -80.225280699025618, 26.118581772936125 ], [ -80.225298699024762, 26.118353772878191 ], [ -80.225327699026934, 26.118118772818203 ], [ -80.225347699028674, 26.117965772779126 ], [ -80.225384699035345, 26.117809772738944 ], [ -80.225435699044667, 26.117601772685326 ], [ -80.225519699062488, 26.117349772619889 ], [ -80.225571699073626, 26.117198772580593 ], [ -80.225634699087934, 26.117045772540585 ], [ -80.225825699131519, 26.116588772421085 ], [ -80.225889699146165, 26.116436772381288 ], [ -80.226065699198671, 26.116475772387293 ], [ -80.226306699271191, 26.116551772401259 ], [ -80.226589699357149, 26.116672772425591 ], [ -80.226764699410111, 26.116738772438421 ], [ -80.226866699435959, 26.116592772399322 ], [ -80.227173699514054, 26.116156772282562 ], [ -80.227276699540312, 26.116011772243734 ], [ -80.226912699430017, 26.115868772215549 ], [ -80.226813699400211, 26.115836772209647 ], [ -80.22666169935448, 26.115788772200869 ], [ -80.226099699185767, 26.115624772171696 ], [ -80.225526699015091, 26.11550677215445 ], [ -80.225372698969622, 26.115490772153763 ], [ -80.225198698918263, 26.115473772153315 ], [ -80.224879698824751, 26.115462772157471 ], [ -80.224876698819372, 26.11529577211541 ], [ -80.224870698804324, 26.114798771990053 ], [ -80.224868698799298, 26.114632771948177 ], [ -80.224869698795047, 26.114463771905498 ], [ -80.224872698782335, 26.113956771777417 ], [ -80.224874698778422, 26.113788771734988 ], [ -80.225070698835864, 26.113793771731942 ], [ -80.225241698885981, 26.113799771729713 ], [ -80.225567698981962, 26.113823771728651 ], [ -80.225659699009157, 26.113834771729458 ], [ -80.225855699067097, 26.113859771731462 ], [ -80.226147699153572, 26.113900771735441 ], [ -80.226365699218476, 26.113943771741553 ], [ -80.226594699286665, 26.113989771748173 ], [ -80.226846699362042, 26.114051771758316 ], [ -80.227218699473696, 26.114159771777405 ], [ -80.227584699584071, 26.114285771801249 ], [ -80.227824699656779, 26.114379771819724 ], [ -80.227851699664967, 26.114391771822191 ], [ -80.228118699746162, 26.114507771845638 ], [ -80.228318699807559, 26.114616771868803 ], [ -80.228497699862118, 26.114699771885796 ], [ -80.228574699885584, 26.11473577189323 ], [ -80.228850699970621, 26.114895771927589 ], [ -80.229006700019013, 26.115001771950947 ], [ -80.229170700069986, 26.115113771975636 ], [ -80.229368700121313, 26.114867771909211 ], [ -80.229458700144704, 26.114758771879707 ], [ -80.229613700183009, 26.114499771810912 ], [ -80.229717700207644, 26.114283771754145 ], [ -80.229784700222766, 26.114116771710471 ], [ -80.229810700228214, 26.114036771689761 ], [ -80.229841700234942, 26.113947771666609 ], [ -80.229877700239584, 26.113729771610764 ], [ -80.229886700239661, 26.113632771586094 ], [ -80.22988970023971, 26.113602771578467 ], [ -80.229895700234451, 26.113341771512438 ], [ -80.229899700233048, 26.113245771488128 ], [ -80.229897700231803, 26.113221771482117 ], [ -80.229897700230723, 26.113180771471765 ], [ -80.229896700227016, 26.113053771439684 ], [ -80.229891700210217, 26.112480771295161 ], [ -80.22989070020482, 26.112289771246949 ], [ -80.229886700201604, 26.112212771227625 ], [ -80.229876700192463, 26.111982771169785 ], [ -80.229873700189557, 26.111906771150618 ], [ -80.229870700183639, 26.111718771103249 ], [ -80.22986270016618, 26.111154770961036 ], [ -80.2298607001606, 26.110967770913884 ], [ -80.229842700145198, 26.110587770818327 ], [ -80.22978970009909, 26.109447770531652 ], [ -80.229772700083942, 26.10906777043607 ], [ -80.229759700067873, 26.108609770320751 ], [ -80.22975670006295, 26.108457770282417 ], [ -80.22978170006364, 26.108210770219507 ], [ -80.229817700071465, 26.108111770193762 ], [ -80.22984470007745, 26.108038770174694 ], [ -80.229966700107937, 26.107845770123337 ], [ -80.230145700155461, 26.107665770073986 ], [ -80.230292700195918, 26.107571770047038 ], [ -80.230429700234481, 26.107515770029885 ], [ -80.23061770028805, 26.107464770012928 ], [ -80.230770700331732, 26.107424769999461 ], [ -80.230977700390497, 26.10735976997853 ], [ -80.231142700437587, 26.107316769964061 ], [ -80.231314700486919, 26.107280769951245 ], [ -80.231621700573839, 26.107174769917762 ], [ -80.231800700624362, 26.107105769896435 ], [ -80.231949700664899, 26.106993769864911 ], [ -80.232027700685634, 26.106915769843535 ], [ -80.232085700700765, 26.106849769825615 ], [ -80.232158700719424, 26.106749769798732 ], [ -80.232193700728175, 26.106693769783867 ], [ -80.232228700736968, 26.106638769769173 ], [ -80.232274700747539, 26.106531769741181 ], [ -80.232313700754858, 26.106379769701942 ], [ -80.232326700756033, 26.106281769676897 ], [ -80.232334700755658, 26.106181769651478 ], [ -80.232337700753845, 26.106080769625891 ], [ -80.232331700746542, 26.105872769573516 ], [ -80.230307700155251, 26.105890769622274 ], [ -80.22717769924121, 26.10593276970123 ], [ -80.226748699115859, 26.105934769711098 ], [ -80.224273698392992, 26.105963769772444 ], [ -80.222250697803062, 26.106022769831529 ], [ -80.222249697799967, 26.105917769805036 ], [ -80.222135697766703, 26.105919769808008 ], [ -80.221795697667559, 26.105929769817983 ], [ -80.221682697634634, 26.105933769821458 ], [ -80.221582697605484, 26.105936769824396 ], [ -80.220503697290269, 26.105946769850505 ], [ -80.219210696912739, 26.10596776988401 ], [ -80.218362696665153, 26.105980769905816 ], [ -80.218193696615884, 26.105986769910992 ], [ -80.218187696609434, 26.105810769866672 ], [ -80.218173696598129, 26.10554176979911 ], [ -80.218147696577546, 26.10505776967744 ], [ -80.218120696555374, 26.104523769543185 ], [ -80.218021696491789, 26.103229769218625 ], [ -80.217900696423413, 26.101998768910384 ], [ -80.217892696418858, 26.10191476888934 ], [ -80.217842696392566, 26.101478768780353 ], [ -80.217791696364316, 26.100981768655963 ], [ -80.217735696333179, 26.100429768517767 ], [ -80.217707696320915, 26.100276768479798 ], [ -80.217545696248948, 26.099359768251738 ], [ -80.217520696237813, 26.099215768215942 ], [ -80.217374696167241, 26.098172767955695 ], [ -80.217277696119993, 26.097469767780286 ], [ -80.217209696087195, 26.096986767659818 ], [ -80.217007695989366, 26.095537767298275 ], [ -80.216940695956907, 26.095055767178039 ], [ -80.216845695911005, 26.094379767009379 ], [ -80.216750695864832, 26.093690766837398 ], [ -80.216505695775396, 26.093026766675095 ], [ -80.216419695738097, 26.092572766562313 ], [ -80.216164695645688, 26.091904766399143 ], [ -80.215908695560231, 26.091507766304446 ], [ -80.215955695574308, 26.09151976630649 ], [ -80.216257695664865, 26.091605766321603 ], [ -80.216541695749598, 26.091667766331057 ], [ -80.21653669574674, 26.091614766317782 ], [ -80.21653069574252, 26.091524766295201 ], [ -80.216521695735793, 26.091370766256475 ], [ -80.216484695718094, 26.091113766192397 ], [ -80.216472695711076, 26.090981766159317 ], [ -80.216437695691923, 26.090648766075969 ], [ -80.216434695690211, 26.090617766068224 ], [ -80.216431695688811, 26.090597766063237 ], [ -80.216413695678554, 26.090411766016651 ], [ -80.216245695583794, 26.088703765588932 ], [ -80.21618969555216, 26.08813476544638 ], [ -80.216145695520794, 26.087442765272606 ], [ -80.216126695507043, 26.087136765195698 ], [ -80.216043695435474, 26.085365764750176 ], [ -80.21602669542068, 26.084998764657861 ], [ -80.216015695408743, 26.084673764576046 ], [ -80.216009695402292, 26.084497764531697 ], [ -80.215986695377012, 26.083803764356897 ], [ -80.215984695375212, 26.083757764345318 ], [ -80.215961695349591, 26.083050764167261 ], [ -80.215910695293559, 26.081511763779599 ], [ -80.215864695258972, 26.080720763580789 ], [ -80.215824695218757, 26.079653763312166 ], [ -80.215737695131054, 26.077323762725428 ], [ -80.215563694954653, 26.072624761542116 ], [ -80.215508694898503, 26.071122761163888 ], [ -80.215449694836877, 26.069461760745515 ], [ -80.215329694711158, 26.066064759889858 ], [ -80.215328694709299, 26.066006759875254 ], [ -80.215327694705366, 26.065868759840356 ], [ -80.215326694704075, 26.065832759831324 ], [ -80.215326694702568, 26.065775759816898 ], [ -80.215325694701193, 26.065734759806521 ], [ -80.215325694699757, 26.065680759792922 ], [ -80.215324694697657, 26.065613759776017 ], [ -80.215324694696591, 26.065573759765911 ], [ -80.215409694721401, 26.065571759763536 ], [ -80.215476694740886, 26.065569759761594 ], [ -80.215494694746155, 26.065569759761189 ], [ -80.215646694790507, 26.065564759756626 ], [ -80.215799694835084, 26.065559759752052 ], [ -80.215932694873828, 26.065553759747612 ], [ -80.216084694918081, 26.065547759742792 ], [ -80.216108694925126, 26.065546759742013 ], [ -80.216776695119847, 26.065526759722431 ], [ -80.217828695426647, 26.0654957596917 ], [ -80.218856695726387, 26.065463759661206 ], [ -80.219549695928421, 26.065443759641113 ], [ -80.219790695998626, 26.065432759633079 ], [ -80.22051669620997, 26.065398759608708 ], [ -80.220758696280456, 26.065388759600872 ], [ -80.221417696472642, 26.065370759581985 ], [ -80.223397697050132, 26.06531675952526 ], [ -80.224057697242685, 26.06529975950658 ], [ -80.224060697245193, 26.06536175952218 ], [ -80.224064697247769, 26.065414759535482 ], [ -80.224072697253149, 26.065529759564345 ], [ -80.224073697253942, 26.065547759568879 ], [ -80.224077697256845, 26.065610759584729 ], [ -80.224156697279881, 26.065609759582738 ], [ -80.224236697303255, 26.065608759580762 ], [ -80.224471697371584, 26.065594759572082 ], [ -80.224883697491805, 26.065586759561111 ], [ -80.22533969762496, 26.065578759549208 ], [ -80.227112698142193, 26.065538759500477 ], [ -80.22730269819759, 26.065530759494287 ], [ -80.227663698302763, 26.065517759483178 ], [ -80.228109698432931, 26.065508759471147 ], [ -80.228109698434537, 26.065568759486347 ], [ -80.22810969843529, 26.065596759493388 ], [ -80.228108698439058, 26.065748759531825 ], [ -80.228108698440664, 26.065808759547 ], [ -80.228511698558307, 26.065803759537005 ], [ -80.229719698911083, 26.065787759506637 ], [ -80.230123699029107, 26.065783759496838 ], [ -80.230322699087253, 26.065782759492254 ], [ -80.230921699262353, 26.065782759479202 ], [ -80.231121699320823, 26.065782759474864 ], [ -80.231325699380363, 26.065778759469353 ], [ -80.231937699559069, 26.065768759453523 ], [ -80.232142699618919, 26.065766759448579 ], [ -80.232277699658269, 26.065761759444374 ], [ -80.232684699776911, 26.0657487594322 ], [ -80.232820699816543, 26.065744759428252 ], [ -80.233098699897553, 26.065734759419637 ], [ -80.233934700141219, 26.065706759394374 ], [ -80.234213700222597, 26.065698759386304 ], [ -80.234503700307116, 26.065688759377434 ], [ -80.2353737005607, 26.065660759351445 ], [ -80.235664700645543, 26.065651759342849 ], [ -80.235795700683767, 26.065648759339251 ], [ -80.236187700798169, 26.065642759329151 ], [ -80.236319700836731, 26.06564075932577 ], [ -80.236398700859809, 26.065638759323573 ], [ -80.236637700929535, 26.065634759317351 ], [ -80.236717700952923, 26.06563375931535 ], [ -80.236825700984483, 26.065632759312763 ], [ -80.237149701079076, 26.065629759304965 ], [ -80.237257701110636, 26.065628759302339 ], [ -80.237860701286536, 26.065613759285398 ], [ -80.239669701814208, 26.065569759234894 ], [ -80.240273701990418, 26.065555759218263 ], [ -80.240327702006169, 26.065554759216784 ], [ -80.240342702010565, 26.06555475921645 ], [ -80.240492702054368, 26.065552759212689 ], [ -80.24054770207043, 26.065552759211482 ], [ -80.240711702118276, 26.065549759207169 ], [ -80.240965702192483, 26.065545759200642 ], [ -80.24120370226187, 26.06554075919421 ], [ -80.241367702309731, 26.065537759189898 ], [ -80.241713702410735, 26.065530759180543 ], [ -80.242512702643864, 26.065514759159157 ], [ -80.242752702713801, 26.065505759151616 ], [ -80.243099702814931, 26.06549475914132 ], [ -80.243424702909692, 26.065483759131428 ], [ -80.244194703134113, 26.065459759108599 ], [ -80.244401703194555, 26.065457759103591 ], [ -80.244727703289882, 26.065456759096246 ], [ -80.244926703347957, 26.065452759090913 ], [ -80.245522703521857, 26.065440759074875 ], [ -80.245722703580228, 26.065437759069759 ], [ -80.245913703635864, 26.065430759063869 ], [ -80.246486703802887, 26.065411759046594 ], [ -80.246678703858848, 26.065406759041153 ], [ -80.246980703946917, 26.065396759032005 ], [ -80.247886704211012, 26.065369759005474 ], [ -80.248189704299364, 26.065361758996879 ], [ -80.248401704361271, 26.065357758991279 ], [ -80.248899704506627, 26.065349758978371 ], [ -80.249037704546978, 26.065349758975369 ], [ -80.24925070460931, 26.065350758970972 ], [ -80.249520704688052, 26.065344758963594 ], [ -80.25033170492469, 26.065327758941621 ], [ -80.250602705003772, 26.065322758934474 ], [ -80.250898705090123, 26.065315758926282 ], [ -80.251785705348851, 26.065296758902161 ], [ -80.252082705435512, 26.065290758894196 ], [ -80.252348705513143, 26.065285758887143 ], [ -80.252882705669023, 26.0652767588732 ], [ -80.252979705697328, 26.065275758870857 ], [ -80.255283706370179, 26.065249758814126 ], [ -80.256084706604085, 26.065240758794449 ], [ -80.256303706668021, 26.06523775878885 ], [ -80.256321706673305, 26.06523775878847 ], [ -80.256375706689013, 26.065236758787041 ], [ -80.256517706730463, 26.065234758783458 ], [ -80.256827706821028, 26.065231758775941 ], [ -80.257816707110237, 26.06523575875541 ], [ -80.258250707237153, 26.06523875874672 ], [ -80.258679707362305, 26.065229758735146 ], [ -80.259968707738452, 26.065203758700502 ], [ -80.260246707819562, 26.065198758693203 ], [ -80.260398707863942, 26.065195758689136 ], [ -80.260400707858167, 26.06495775862896 ], [ -80.260401707855721, 26.064855758603137 ], [ -80.260666707933055, 26.064850758596119 ], [ -80.261397708146276, 26.064835758576454 ], [ -80.262462708457065, 26.06481575854821 ], [ -80.263592708786803, 26.06479275851779 ], [ -80.264258708981103, 26.064780758500223 ], [ -80.264322708999373, 26.064762758494286 ], [ -80.264360709010745, 26.064772758496005 ], [ -80.264399709022157, 26.064774758495645 ], [ -80.265202709256428, 26.064756758473614 ], [ -80.26561770937748, 26.064746758462075 ], [ -80.265660709390005, 26.064746758461144 ], [ -80.266093709516454, 26.064740758450156 ], [ -80.269507710512414, 26.064668758357659 ], [ -80.270804710890829, 26.064642758322861 ], [ -80.27126271102442, 26.064632758310367 ], [ -80.272360711344774, 26.064610758280907 ], [ -80.272637711425574, 26.064605758273572 ], [ -80.273096711559575, 26.064597758261595 ], [ -80.274332711920223, 26.064574758228858 ], [ -80.274411711943316, 26.064575758227384 ], [ -80.274450711954643, 26.064572758225783 ], [ -80.274529711977721, 26.064573758224313 ], [ -80.27688671266543, 26.064527758161372 ], [ -80.277264712775818, 26.064523758152131 ], [ -80.277343712798739, 26.064518758149109 ], [ -80.278837713234793, 26.064494758110531 ], [ -80.279700713486676, 26.06448175808848 ], [ -80.279778713509359, 26.064476758085537 ], [ -80.279895713543524, 26.064475758082718 ], [ -80.280010713576871, 26.064465758077656 ], [ -80.280050713588651, 26.064468758077538 ], [ -80.280162713621394, 26.064468758075083 ], [ -80.280273713653813, 26.064468758072692 ], [ -80.280360713679215, 26.064468758070795 ], [ -80.280531713729218, 26.064468758067083 ], [ -80.280702713779206, 26.064468758063356 ], [ -80.280742713790957, 26.064472758063459 ], [ -80.280779713801451, 26.064459758059439 ], [ -80.280855713823357, 26.064448758054954 ], [ -80.282598714332039, 26.064419758009702 ], [ -80.28712471565288, 26.0643467578927 ], [ -80.288367716015216, 26.064310757856529 ], [ -80.288446716038237, 26.064307757854049 ], [ -80.288850716156162, 26.06430375784425 ], [ -80.289827716441465, 26.064294757820729 ], [ -80.290062716509965, 26.064288757814051 ], [ -80.290466716627819, 26.064280757803257 ], [ -80.290667716686428, 26.064275757797638 ], [ -80.291271716862624, 26.064262757781162 ], [ -80.291473716921558, 26.064258757775754 ], [ -80.292045717088328, 26.064244757759756 ], [ -80.293761717588851, 26.064206757712828 ], [ -80.294334717755973, 26.064194757697283 ], [ -80.294469717795366, 26.064191757693582 ], [ -80.294764717881364, 26.06418475768541 ], [ -80.296058718258834, 26.064156757650139 ], [ -80.296489718384521, 26.064147757638487 ], [ -80.296734718455966, 26.064141757631656 ], [ -80.297299718620749, 26.064129757616293 ], [ -80.297473718671469, 26.064125757611503 ], [ -80.297651718723372, 26.064121757606618 ], [ -80.29771971874321, 26.064120757604893 ], [ -80.297785718762455, 26.064118757602966 ], [ -80.297814718770965, 26.06411875760233 ], [ -80.297850718781447, 26.064117757601295 ], [ -80.298243718896089, 26.064108757590422 ], [ -80.298362718930761, 26.064105757587086 ], [ -80.298795719057125, 26.064099757576162 ], [ -80.298874719080132, 26.064095757573437 ], [ -80.300101719438118, 26.064074757541405 ], [ -80.304025720583155, 26.064011757440017 ], [ -80.304104720606162, 26.064007757437292 ], [ -80.305320720961035, 26.063989757406254 ], [ -80.307202721510095, 26.063954757356409 ], [ -80.30724872152355, 26.063955757355664 ], [ -80.307281721533201, 26.063956757355182 ], [ -80.308065721761992, 26.063944757335111 ], [ -80.308143721784631, 26.06393975733214 ], [ -80.308926722013112, 26.06392775731204 ], [ -80.309004722036008, 26.063929757310856 ], [ -80.309474722173164, 26.063922757298869 ], [ -80.309513722184391, 26.063917757296775 ], [ -80.309551722195195, 26.063905757292883 ], [ -80.309585722204602, 26.063887757287596 ], [ -80.309617722213403, 26.06386475728107 ], [ -80.30965072222358, 26.063886757285914 ], [ -80.309685722234278, 26.06390275728922 ], [ -80.309723722245678, 26.0639137572912 ], [ -80.309772722259993, 26.06391375729013 ], [ -80.309841722280197, 26.063915757289106 ], [ -80.310272722405912, 26.063906757277429 ], [ -80.310439722454589, 26.063903757273042 ], [ -80.310455722459281, 26.063902757272427 ], [ -80.31050572247382, 26.0639017572711 ], [ -80.310522722478836, 26.063901757270731 ], [ -80.310742722542997, 26.063896757264693 ], [ -80.310820722565609, 26.06389175726175 ], [ -80.311145722660427, 26.063883757252594 ], [ -80.3116047227943, 26.063874757240345 ], [ -80.311683722817449, 26.063876757239132 ], [ -80.312781723137547, 26.063850757208673 ], [ -80.313016723206118, 26.063845757202305 ], [ -80.31333072329771, 26.063838757193654 ], [ -80.313640723388133, 26.063832757185413 ], [ -80.313693723403574, 26.063831757183994 ], [ -80.313853723450222, 26.063827757179489 ], [ -80.313907723465988, 26.063827757178331 ], [ -80.31437072360103, 26.063817757165697 ], [ -80.315360723889796, 26.063797757139092 ], [ -80.315438723912422, 26.06379275713612 ], [ -80.315760724006367, 26.063785757127377 ], [ -80.315886724043096, 26.063782757123867 ], [ -80.316224724141648, 26.063775757114691 ], [ -80.316340724175461, 26.063772757111412 ], [ -80.31641972419861, 26.063773757109953 ], [ -80.316456724209388, 26.063772757108893 ], [ -80.317152724412367, 26.063757757089977 ], [ -80.317320724461354, 26.063754757085565 ], [ -80.31738472447995, 26.063749757082874 ], [ -80.317408724486938, 26.063748757082106 ], [ -80.318063724677941, 26.063734757064328 ], [ -80.318141724700737, 26.063735757062883 ], [ -80.318884724917382, 26.063718757042395 ], [ -80.319432725077363, 26.063711757028702 ], [ -80.31951072510023, 26.063714757027775 ], [ -80.320411725363158, 26.063702757005082 ], [ -80.320489725385869, 26.063697757002135 ], [ -80.321273725614702, 26.063688756982799 ], [ -80.321626725717678, 26.063683756973813 ], [ -80.321773725760693, 26.063684756970837 ], [ -80.321843725781051, 26.063681756968574 ], [ -80.321913725801423, 26.063678756966322 ], [ -80.322424725950455, 26.063667756952412 ], [ -80.322502725973095, 26.06366275694943 ], [ -80.323060726135779, 26.063648756933762 ], [ -80.324385726522152, 26.063618756897284 ], [ -80.324463726544764, 26.063613756894352 ], [ -80.325990726990014, 26.06357875685228 ], [ -80.326068727012697, 26.063572756849013 ], [ -80.327478727424165, 26.063554756813815 ], [ -80.327791727515404, 26.063546756804943 ], [ -80.329396727983777, 26.063525756764655 ], [ -80.329911728134078, 26.063519756751937 ], [ -80.330107728191223, 26.0635137567462 ], [ -80.330263728236801, 26.06351375674279 ], [ -80.330381728271249, 26.063512756739961 ], [ -80.330459728293931, 26.063507756736993 ], [ -80.33135972855645, 26.063490756713094 ], [ -80.331438728579556, 26.063492756711895 ], [ -80.332103728773575, 26.063480756694329 ], [ -80.332181728796201, 26.063475756691396 ], [ -80.332846728990205, 26.063463756673919 ], [ -80.33304272904742, 26.063463756669645 ], [ -80.333590729207316, 26.063453756655125 ], [ -80.333668729229899, 26.063447756651936 ], [ -80.333746729252766, 26.063448756650502 ], [ -80.334568729492432, 26.063431756628283 ], [ -80.334646729515313, 26.06343375662707 ], [ -80.335193729674856, 26.063423756612682 ], [ -80.335272729697763, 26.063418756609696 ], [ -80.336679730108301, 26.063396756573493 ], [ -80.336875730165374, 26.063388756567161 ], [ -80.337422730324889, 26.063378756552748 ], [ -80.337500730347742, 26.063381756551777 ], [ -80.338017730498464, 26.063368756537237 ], [ -80.338039730504903, 26.063369756537 ], [ -80.338078730516244, 26.063366756535409 ], [ -80.338118730527995, 26.063368756535048 ], [ -80.338706730699485, 26.063357756519473 ], [ -80.338784730722111, 26.063352756516537 ], [ -80.340087731102216, 26.063329756482339 ], [ -80.340430731202233, 26.063323756473295 ], [ -80.340743731293429, 26.063314756464241 ], [ -80.342115731693639, 26.063289756428048 ], [ -80.342271731739174, 26.063287756424135 ], [ -80.342350731762124, 26.063282756421174 ], [ -80.344114732276694, 26.063252756375142 ], [ -80.344310732333781, 26.063245756369124 ], [ -80.344539732400563, 26.063241756363126 ], [ -80.345764732757857, 26.063220756331138 ], [ -80.345926732805168, 26.063217756326875 ], [ -80.346059732843926, 26.063215756323459 ], [ -80.346075732848618, 26.063215756323114 ], [ -80.346271732905706, 26.063208756317046 ], [ -80.34641473294738, 26.063205756313177 ], [ -80.346577732994916, 26.063202756308865 ], [ -80.346775733052667, 26.063198756303557 ], [ -80.346938733100259, 26.063196756299504 ], [ -80.347370733227237, 26.063225756297392 ], [ -80.347490733262546, 26.063234756297032 ], [ -80.347567733285373, 26.063248756298922 ], [ -80.347592733292828, 26.063252756299356 ], [ -80.34762873330348, 26.06325875630008 ], [ -80.347667733315077, 26.063265756301035 ], [ -80.347693733322785, 26.06327075630173 ], [ -80.348498733552688, 26.063072756234195 ], [ -80.348847733651937, 26.062971756201097 ], [ -80.348418733526259, 26.062958756207152 ], [ -80.348411733523889, 26.062945756204062 ], [ -80.34899373369403, 26.062949756192374 ], [ -80.350013733991787, 26.06294175616808 ], [ -80.352196734628123, 26.062888756107185 ], [ -80.352756734791384, 26.062875756091675 ], [ -80.352890734830467, 26.062872756088012 ], [ -80.35360573503884, 26.062852756067389 ], [ -80.353741735078628, 26.062855756065197 ], [ -80.353972735146257, 26.062861756061686 ], [ -80.354151735198698, 26.062866756059034 ], [ -80.354288735238811, 26.062870756057041 ], [ -80.355038735457413, 26.062851756035908 ], [ -80.357167736077969, 26.062798755976171 ], [ -80.357288736113233, 26.062796755973022 ], [ -80.357882736286442, 26.062782755956516 ], [ -80.358039736332174, 26.062778755952113 ], [ -80.358125736357223, 26.062777755949995 ], [ -80.358676736518092, 26.062772755936731 ], [ -80.360127736943994, 26.062848755924286 ], [ -80.360484737048751, 26.062866755921075 ], [ -80.36061273708637, 26.06287375592002 ], [ -80.361096737228394, 26.062899755916103 ], [ -80.361109737232198, 26.062898755915501 ], [ -80.361344737300826, 26.062898755910386 ], [ -80.361972737484322, 26.062899755897007 ], [ -80.362088737518008, 26.06289275589268 ], [ -80.362336737590141, 26.062880755884272 ], [ -80.362338737592708, 26.062953755902655 ], [ -80.362339737593388, 26.062967755906183 ], [ -80.362347737601183, 26.063172755957726 ], [ -80.362350737604018, 26.063246755976355 ], [ -80.362394737616839, 26.063244755974882 ], [ -80.362480737641917, 26.063242755972496 ], [ -80.362526737655287, 26.063240755971012 ], [ -80.362571737668418, 26.063239755969775 ], [ -80.36320073785167, 26.06322175595151 ], [ -80.365088738401795, 26.063168755896964 ], [ -80.365718738585372, 26.063151755878998 ], [ -80.366842738912851, 26.063119755846401 ], [ -80.367691739160207, 26.063096755822087 ], [ -80.370217739896518, 26.063038755752448 ], [ -80.370878740089253, 26.063023755734246 ], [ -80.371343740224759, 26.063013755721609 ], [ -80.37150374027145, 26.063009755717054 ], [ -80.371780740352222, 26.06300475570978 ], [ -80.371986740412282, 26.063000755704284 ], [ -80.372147740459226, 26.062997755700021 ], [ -80.372452740548155, 26.062990755691647 ], [ -80.373014740712023, 26.062979755676579 ], [ -80.373368740815152, 26.062970755666623 ], [ -80.373674740904406, 26.062964755658417 ], [ -80.373750740926511, 26.062962755656248 ], [ -80.373980740993574, 26.062956755649747 ], [ -80.374180741051845, 26.062952755644389 ], [ -80.377398741989893, 26.062879755555844 ], [ -80.377883742131388, 26.062872755543477 ], [ -80.377991742163005, 26.062874755541628 ], [ -80.37829074225057, 26.062883755537413 ], [ -80.37849474231038, 26.062892755535209 ], [ -80.378592742339123, 26.062897755534316 ], [ -80.378643742354029, 26.062895755532715 ], [ -80.378810742402578, 26.062888755527332 ], [ -80.379047742471187, 26.062864755516106 ], [ -80.380735742962486, 26.062798755462651 ], [ -80.381905743303378, 26.062766755429116 ], [ -80.383879743877912, 26.062690755366884 ], [ -80.384762744135557, 26.062679755344885 ], [ -80.385515744355089, 26.062665755324929 ], [ -80.387740745003399, 26.062606755261584 ], [ -80.38921274543307, 26.062597755227209 ], [ -80.389792745602321, 26.062591755213088 ], [ -80.390305745752073, 26.062587755200898 ], [ -80.391257746029183, 26.062552755171282 ], [ -80.391783746182782, 26.062552755159857 ], [ -80.392364746351916, 26.06253075514163 ], [ -80.392819746484619, 26.062524755130195 ], [ -80.39323274660596, 26.062549755127506 ], [ -80.393282746620571, 26.062550755126658 ], [ -80.393726746750403, 26.062555755118243 ], [ -80.393855746788105, 26.062558755116193 ], [ -80.393977746823239, 26.06253875510852 ], [ -80.39413474686809, 26.062500755095481 ], [ -80.39430274691675, 26.062486755088276 ], [ -80.395715747328808, 26.062462755051438 ], [ -80.396368747519503, 26.0624607550367 ], [ -80.398698748198015, 26.062388754967767 ], [ -80.401248748940901, 26.062316754894034 ], [ -80.403750749669697, 26.062245754821532 ], [ -80.406007750327618, 26.062199754760751 ], [ -80.409856751449297, 26.062110754654462 ], [ -80.409871751453693, 26.062110754654132 ], [ -80.410040751502962, 26.062108754649913 ], [ -80.411598751957584, 26.062094754612456 ], [ -80.413364752472461, 26.062061754565608 ], [ -80.417220753594975, 26.061929754448233 ], [ -80.417858753781189, 26.061926754433589 ], [ -80.417904753794645, 26.061925754432341 ], [ -80.418976754106893, 26.06189675440169 ], [ -80.419614754292894, 26.061885754385006 ], [ -80.421345754796349, 26.061809754328067 ], [ -80.422527755140862, 26.061783754295764 ], [ -80.42478675580054, 26.061785754247033 ], [ -80.425938756136958, 26.061786754222165 ], [ -80.426009756157725, 26.061786754220613 ], [ -80.426700756359907, 26.061802754209609 ], [ -80.426828756397398, 26.061806754207829 ], [ -80.428037756751024, 26.061827754186758 ], [ -80.430630757508609, 26.061844754134562 ], [ -80.431674757813127, 26.06183275410875 ], [ -80.431895757877882, 26.061840754105997 ], [ -80.433312758291535, 26.061836754074061 ], [ -80.433637758386894, 26.061854754071526 ], [ -80.434439758622275, 26.061897754064887 ], [ -80.434655758685693, 26.061910754063476 ], [ -80.437399759487292, 26.061926754007676 ], [ -80.440160760293722, 26.061935753949786 ], [ -80.442002760831699, 26.061940753910889 ], [ -80.442036760866614, 26.062876754146327 ], [ -80.44210476096849, 26.065946754919366 ], [ -80.44226576120937, 26.073194756744378 ], [ -80.44246976148996, 26.081454758823497 ], [ -80.442632761705866, 26.087739760405139 ], [ -80.442862762008801, 26.096539762619379 ], [ -80.443014762210638, 26.102411764096757 ], [ -80.443061762272734, 26.104214764550349 ], [ -80.443110762337824, 26.106108765026828 ], [ -80.44315676239809, 26.107853765465762 ], [ -80.443204762462116, 26.109717765934693 ], [ -80.443229762495193, 26.110677766176192 ], [ -80.443247762519292, 26.111380766353026 ], [ -80.443267762545688, 26.112145766545446 ], [ -80.44328876257309, 26.112937766744651 ], [ -80.444261762969646, 26.117125767779168 ], [ -80.446548763901703, 26.126960770208203 ], [ -80.449217764989797, 26.138442773043483 ], [ -80.449754765208738, 26.140750773613277 ], [ -80.449713765226221, 26.141845773890129 ], [ -80.44968576523884, 26.142617774085263 ], [ -80.449613765271479, 26.144609774588837 ], [ -80.44821076486167, 26.144603774618083 ], [ -80.447875764763836, 26.144602774625127 ], [ -80.447826764752023, 26.144694774649448 ], [ -80.447702764722024, 26.144926774710605 ], [ -80.447665764713079, 26.144996774729062 ], [ -80.447650764709493, 26.145023774736192 ], [ -80.447527764679705, 26.145253774796807 ], [ -80.447656764717934, 26.145273774799023 ], [ -80.449660765311464, 26.145584774833445 ], [ -80.450195765469374, 26.145648774837845 ], [ -80.450670765609487, 26.14570077484052 ], [ -80.451286765790826, 26.145756774841136 ], [ -80.451851765956619, 26.145787774836538 ], [ -80.452462766135554, 26.145807774828182 ], [ -80.453096766320968, 26.145816774816527 ], [ -80.453814766530726, 26.145821774802055 ], [ -80.456637767355019, 26.145823774740627 ], [ -80.4589347680255, 26.145817774688673 ], [ -80.460374768445746, 26.145810774655338 ], [ -80.461051768643316, 26.145807774639742 ], [ -80.461215768691162, 26.145806774635883 ], [ -80.461315768720368, 26.145805774633462 ], [ -80.46140576874663, 26.145805774631476 ], [ -80.46299276920972, 26.145797774594676 ], [ -80.46550676994184, 26.145727774521834 ], [ -80.468872770926509, 26.145801774466644 ], [ -80.477144773343241, 26.145867774301784 ], [ -80.482197774818744, 26.145882774194657 ], [ -80.48835577661724, 26.145914774067627 ], [ -80.496677779047303, 26.145946773893026 ], [ -80.499779779952817, 26.145947773825206 ], [ -80.512726783732603, 26.145978773548901 ], [ -80.524523787176932, 26.14602677330204 ], [ -80.52713878793999, 26.14602277324364 ], [ -80.528678788389243, 26.146014773207796 ], [ -80.533161789697246, 26.146004773106881 ], [ -80.533184789704606, 26.146028773112434 ], [ -80.540661791887132, 26.146049772953578 ], [ -80.548208794090726, 26.146098772800229 ], [ -80.556700796568322, 26.146086772610722 ], [ -80.558540797104243, 26.146050772561292 ], [ -80.560640797718463, 26.146105772528994 ], [ -80.566588799453015, 26.146072772390127 ], [ -80.569026800164579, 26.14607977233835 ], [ -80.578042802795039, 26.146079772140364 ], [ -80.586119805153032, 26.146138771977881 ], [ -80.596340808133959, 26.146109771746058 ], [ -80.604507810517489, 26.146152771577505 ], [ -80.607648811434117, 26.146168771512585 ], [ -80.615696813782407, 26.146197771343061 ], [ -80.622275815699723, 26.146138771183747 ], [ -80.628031817380915, 26.146226771079469 ], [ -80.632044818551293, 26.146225770991059 ], [ -80.632862818789803, 26.146225770973068 ], [ -80.633056818846427, 26.146225770968833 ], [ -80.633382818941499, 26.146225770961657 ], [ -80.636735819919465, 26.146229770888979 ], [ -80.638616820468073, 26.146229770847658 ], [ -80.639767820803741, 26.146229770822377 ], [ -80.641585821334274, 26.146242770785673 ], [ -80.644616822219362, 26.146285770729904 ], [ -80.650877824044485, 26.146260770586082 ], [ -80.659265826490511, 26.146260770401764 ], [ -80.664312827962164, 26.146260770290866 ], [ -80.668256829113631, 26.14631477021781 ], [ -80.672618830384977, 26.146294770116906 ], [ -80.675572831245731, 26.146274770046958 ], [ -80.678328832049843, 26.146294769991428 ], [ -80.679239832315702, 26.146304769973913 ], [ -80.681758833050949, 26.146333769925835 ], [ -80.687171834627506, 26.146274769792043 ], [ -80.687885834837289, 26.14633376979117 ], [ -80.691434835871434, 26.146314769708439 ], [ -80.694239836689704, 26.146333769651516 ], [ -80.696629837385927, 26.146314769594269 ], [ -80.699057838096977, 26.146433769570809 ], [ -80.70033683847241, 26.146527769566333 ], [ -80.701744838885944, 26.146641769564063 ], [ -80.702922839233892, 26.146809769580411 ], [ -80.703965839540984, 26.146923769586195 ], [ -80.706899840408624, 26.14737976963638 ], [ -80.709777841258273, 26.147776769672948 ], [ -80.71843984382042, 26.149154769829167 ], [ -80.723752845391033, 26.149967769916795 ], [ -80.724336845563755, 26.150059769927083 ], [ -80.741611850671958, 26.152770770228884 ], [ -80.74447885151983, 26.153224770279991 ], [ -80.751903853714794, 26.154375770406091 ], [ -80.761883856664568, 26.155906770571427 ], [ -80.766879858141536, 26.156687770657793 ], [ -80.782546862772705, 26.159131770927345 ], [ -80.789746864900138, 26.160225771043795 ], [ -80.795249866526618, 26.161080771137513 ], [ -80.795793866687404, 26.161165771146923 ], [ -80.802035868532329, 26.162140771254499 ], [ -80.808774870523905, 26.163187771369223 ], [ -80.814857872320999, 26.164109771466936 ], [ -80.818989873542904, 26.164783771545284 ], [ -80.824380875135873, 26.165616771635829 ], [ -80.82490187528974, 26.165694771643924 ], [ -80.827869876166361, 26.166140771690596 ], [ -80.828059876222724, 26.166178771695975 ], [ -80.828228876272803, 26.166211771700521 ], [ -80.828540876365039, 26.166261771706189 ], [ -80.830977877085459, 26.166649771750023 ], [ -80.833233877751923, 26.166994771786985 ], [ -80.839144879498164, 26.16790077188433 ], [ -80.850529882861665, 26.16965577207429 ], [ -80.850683882907177, 26.169679772076929 ], [ -80.856267884557269, 26.17055877217464 ], [ -80.860336885759665, 26.171198772245731 ], [ -80.862352886354856, 26.171498772276621 ], [ -80.866720887644604, 26.172151772344318 ], [ -80.8698748885719, 26.17247677235644 ], [ -80.87169688910528, 26.172579772342104 ], [ -80.874997890068542, 26.172651772287363 ], [ -80.879144891273341, 26.172548772170078 ], [ -80.879112891245356, 26.171858771997456 ], [ -80.878861891022538, 26.166330770614564 ], [ -80.878024890287136, 26.148151766066093 ], [ -80.877796890086955, 26.143199764826857 ], [ -80.877724890024055, 26.14164676443821 ], [ -80.877735890022592, 26.141474764394783 ], [ -80.877693889997644, 26.141001764276876 ], [ -80.877688889992015, 26.140849764238769 ], [ -80.877679889984677, 26.140673764194716 ], [ -80.877660889969874, 26.14033076410896 ], [ -80.877646889957276, 26.140015764030107 ], [ -80.877209889655489, 26.133549762414848 ], [ -80.876656889273761, 26.12536976037115 ], [ -80.876227888662413, 26.107314755841944 ], [ -80.876197888633939, 26.106580755658094 ], [ -80.876107888548461, 26.104378755106428 ], [ -80.876078888520311, 26.103645754922734 ], [ -80.875838888227236, 26.095349752842086 ], [ -80.875121887350048, 26.070463746598843 ], [ -80.87488388705836, 26.062168744517223 ], [ -80.874864887035059, 26.061506744351099 ], [ -80.874807886965257, 26.059522743853208 ], [ -80.874789886942352, 26.058861743687252 ], [ -80.874789886937933, 26.058696743645747 ], [ -80.874789886924688, 26.05820274352147 ], [ -80.874789886920325, 26.058038743480225 ], [ -80.874582886703408, 26.052193742014033 ], [ -80.873961886053408, 26.034658737614745 ], [ -80.873755885837213, 26.028813736148056 ], [ -80.873590885664939, 26.024165734981612 ], [ -80.873097885149178, 26.01022173148181 ], [ -80.872933884977513, 26.00557373031501 ], [ -80.872896884938967, 26.004533730053947 ], [ -80.872786884823839, 26.001413729270705 ], [ -80.872750884785646, 26.000374729009788 ], [ -80.872786884792973, 26.000255728979052 ], [ -80.872896884815532, 25.999901728887501 ], [ -80.872934884823465, 25.999783728856972 ], [ -80.872944884825543, 25.999750728848458 ], [ -80.872974884831621, 25.999652728823097 ], [ -80.872985884833952, 25.999620728814829 ], [ -80.872981884788359, 25.997952728394861 ], [ -80.872972884652455, 25.992948727134863 ], [ -80.872969884607201, 25.991281726715055 ], [ -80.872968884600809, 25.991052726657369 ], [ -80.872967884582309, 25.99036772648487 ], [ -80.872967884576227, 25.990139726427469 ], [ -80.872960884517141, 25.987998725888374 ], [ -80.87294088434048, 25.981578724271721 ], [ -80.872934884281847, 25.979438723732752 ], [ -80.872959884101178, 25.972370721951648 ], [ -80.872994883532002, 25.950550716452792 ], [ -80.873270883166569, 25.933728712206864 ], [ -80.873318883140996, 25.932236711829731 ], [ -80.873457882871222, 25.920512708870991 ], [ -80.873602882590774, 25.908305705789822 ], [ -80.873512881696058, 25.875378697486315 ], [ -80.873558881523692, 25.868321695704729 ], [ -80.87358388137568, 25.862420694215125 ], [ -80.873574881360227, 25.861931694091911 ], [ -80.873562881338657, 25.861244693918842 ], [ -80.873390881037679, 25.851701691514105 ], [ -80.873413881041188, 25.851580691483104 ], [ -80.873360880985828, 25.85005969110032 ], [ -80.87329288086724, 25.846298690152491 ], [ -80.873267880825338, 25.844980689820321 ], [ -80.873246880789267, 25.843839689532789 ], [ -80.873242880741984, 25.842082689089381 ], [ -80.873168879996228, 25.814458682116431 ], [ -80.873194879922892, 25.811368681335523 ], [ -80.873189879785244, 25.806165680021532 ], [ -80.873125879756302, 25.805768679922675 ], [ -80.873102879745446, 25.805610679883248 ], [ -80.873098879738237, 25.805381679825526 ], [ -80.873269879787969, 25.805378679821036 ], [ -80.874787880229292, 25.805355679782704 ], [ -80.89700388668777, 25.80501267921985 ], [ -80.931139896613658, 25.804635678392778 ], [ -80.957308904221222, 25.804336677756172 ], [ -80.981373911214206, 25.803992677153268 ], [ -80.999794916572867, 25.80397867675461 ], [ -81.100000945696806, 25.803331674441445 ], [ -81.100485945837704, 25.803328674430222 ], [ -81.100534945851948, 25.803328674429153 ], [ -81.103127946606534, 25.803358674381119 ], [ -81.124797952914946, 25.803707674003949 ], [ -81.185802970647757, 25.803862672733256 ], [ -81.207200976866062, 25.803917672287625 ], [ -81.211609978147209, 25.803928672195674 ], [ -81.212612978438642, 25.803931672174883 ], [ -81.212664978453788, 25.803931672173753 ], [ -81.213701978755111, 25.803934672152238 ], [ -81.219248980366828, 25.803948672036647 ], [ -81.223933981728081, 25.803960671939077 ], [ -81.234759984873506, 25.803989671713808 ], [ -81.234854984901077, 25.803989671711772 ], [ -81.234945984927478, 25.803988671709565 ], [ -81.249702989217766, 25.804145671432117 ], [ -81.257455991470863, 25.804201671279632 ], [ -81.25755399149935, 25.804202671277768 ], [ -81.257651991527865, 25.804203671275914 ], [ -81.257862991589164, 25.804204671271631 ], [ -81.258074991650801, 25.804206671267579 ], [ -81.258637991814453, 25.804211671256798 ], [ -81.259495992063876, 25.804221671240846 ], [ -81.259919992183697, 25.804096671200277 ], [ -81.260236992275381, 25.804079671189168 ], [ -81.260699992409172, 25.80405567117317 ], [ -81.261603992670942, 25.80402767114666 ], [ -81.261725992706317, 25.804023671143042 ], [ -81.261856992744228, 25.804018671138977 ], [ -81.267129994271727, 25.803873670989173 ], [ -81.267434994360059, 25.803865670980581 ], [ -81.289903000880315, 25.803713670459576 ], [ -81.293790002012571, 25.803852670411068 ], [ -81.294142002114896, 25.803858670405013 ], [ -81.295145002406599, 25.803876670387957 ], [ -81.297758003166535, 25.803924670343914 ], [ -81.297850003193389, 25.803929670343184 ], [ -81.298130003274977, 25.803939670339709 ], [ -81.301476004248173, 25.804006670284686 ], [ -81.301662004302074, 25.80400367027989 ], [ -81.304891005238503, 25.803962670200224 ], [ -81.305633005453515, 25.80394767018046 ], [ -81.306594005732165, 25.803932670156026 ], [ -81.314971008159489, 25.803754669931141 ], [ -81.321400010025016, 25.80372366978521 ], [ -81.321529010062235, 25.803714669780202 ], [ -81.32478201100038, 25.803479669651072 ], [ -81.324907011036416, 25.803469669645892 ], [ -81.34417301662522, 25.80333266919731 ], [ -81.35049401845751, 25.803243669039038 ], [ -81.358401020752908, 25.80326066887331 ], [ -81.35999202121468, 25.803263668839925 ], [ -81.36630702304781, 25.803277668707668 ], [ -81.366365023064617, 25.803277668706411 ], [ -81.367275023328787, 25.803279668687349 ], [ -81.368184023592633, 25.803281668668308 ], [ -81.368520023690152, 25.803282668661328 ], [ -81.369602024004209, 25.80328466863855 ], [ -81.370685024318547, 25.803286668615812 ], [ -81.370975024402725, 25.803287668609837 ], [ -81.372889024958297, 25.803291668569702 ], [ -81.374804025514123, 25.80329566852954 ], [ -81.376478025999745, 25.80328766849156 ], [ -81.379169026780275, 25.803274668430376 ], [ -81.37929502681682, 25.803273668427448 ], [ -81.379421026853336, 25.80327266842448 ], [ -81.379811026966465, 25.803269668415357 ], [ -81.380893027280294, 25.803264668390849 ], [ -81.381976027594433, 25.803259668366263 ], [ -81.38224002767096, 25.803258668360343 ], [ -81.382424027724412, 25.803258668356385 ], [ -81.382609027778059, 25.803257668352146 ], [ -81.384024028188477, 25.803249668319733 ], [ -81.384136028220965, 25.803249668317331 ], [ -81.384500028326528, 25.803247668309016 ], [ -81.385522028622887, 25.803240668285298 ], [ -81.386544028919317, 25.803234668261776 ], [ -81.386836029004087, 25.803235668255738 ], [ -81.387153029096055, 25.803235668248906 ], [ -81.387471029188333, 25.803235668242085 ], [ -81.387817029288684, 25.803234668234399 ], [ -81.388960029620236, 25.803229668208576 ], [ -81.390984030207292, 25.803220668162805 ], [ -81.392951030778548, 25.803240668125557 ], [ -81.393082030816601, 25.803241668123004 ], [ -81.393669030987084, 25.803247668111883 ], [ -81.394255031157272, 25.803253668100762 ], [ -81.395059031390616, 25.803255668083978 ], [ -81.395323031467314, 25.803257668078807 ], [ -81.395557031535233, 25.803260668074518 ], [ -81.395791031603196, 25.803263668070294 ], [ -81.395974031656323, 25.803265668066842 ], [ -81.397056031970536, 25.803273668045577 ], [ -81.397362032059718, 25.803289668043046 ], [ -81.397675032150971, 25.803305668040309 ], [ -81.397911032219454, 25.803307668035789 ], [ -81.398480032386288, 25.803371668039603 ], [ -81.39875303246653, 25.803411668043832 ], [ -81.399013032541802, 25.803406668036981 ], [ -81.399221032602014, 25.803398668030511 ], [ -81.39940503265538, 25.803398668026556 ], [ -81.400981033112302, 25.803385667989382 ], [ -81.40240203352387, 25.803357667951804 ], [ -81.405978034559993, 25.803303667861261 ], [ -81.408242035215736, 25.803261667802012 ], [ -81.408794035375962, 25.803263667790699 ], [ -81.410227035791905, 25.803269667761384 ], [ -81.410572035892017, 25.803271667754458 ], [ -81.411187036070515, 25.803274667742002 ], [ -81.411803036249367, 25.803278667729753 ], [ -81.413230036663407, 25.803280667699546 ], [ -81.41355003675622, 25.803280667692679 ], [ -81.41390703685984, 25.803281667685237 ], [ -81.414657037077433, 25.803282667669365 ], [ -81.414847037132645, 25.803284667665785 ], [ -81.415038037188111, 25.803287667662488 ], [ -81.415279037257989, 25.803285667656795 ], [ -81.415520037327894, 25.803283667651076 ], [ -81.423333039594581, 25.803285667483596 ], [ -81.427988040944953, 25.803286667383741 ], [ -81.428873041201442, 25.803274667361645 ], [ -81.432445042237561, 25.803273667284611 ], [ -81.432782042335333, 25.803273667277331 ], [ -81.436983043553809, 25.803267667185505 ], [ -81.440822044667556, 25.803274667104684 ], [ -81.443861045552282, 25.80339766707031 ], [ -81.452555048081479, 25.803678666953981 ], [ -81.452910048184705, 25.803690666949386 ], [ -81.455319048882387, 25.803650666887499 ], [ -81.455549048949948, 25.803681666890334 ], [ -81.456601049254658, 25.803667666864147 ], [ -81.467002052269734, 25.803608666625625 ], [ -81.468583052727652, 25.803586666586074 ], [ -81.469311052938977, 25.803592666571912 ], [ -81.470845053383329, 25.803572666533871 ], [ -81.477457055300093, 25.803542666384114 ], [ -81.502699062616742, 25.803431665813147 ], [ -81.571788082629837, 25.802869664185074 ], [ -81.624883098005114, 25.802487662946138 ], [ -81.722958126389955, 25.801731660644208 ], [ -81.848209162613614, 25.800789657708851 ], [ -81.849233162952856, 25.802424658096957 ], [ -81.849993163212176, 25.803924658456921 ], [ -81.850643163440751, 25.805464658829219 ], [ -81.853023164192152, 25.807854659377494 ], [ -81.854973164809635, 25.809884659844716 ], [ -81.856893165419592, 25.811954660322552 ], [ -81.858763166015564, 25.814044660806399 ], [ -81.860593166601006, 25.816174661301204 ], [ -81.862383167175182, 25.818314661799295 ], [ -81.864133167739098, 25.820504662310775 ], [ -81.865843168291718, 25.822704662825611 ], [ -81.867503168830936, 25.824944663351527 ], [ -81.869123169359128, 25.827204663883244 ], [ -81.870703169876293, 25.829484664420818 ], [ -81.872223170376927, 25.831794664967209 ], [ -81.873723170872239, 25.834124665518985 ], [ -81.875153171348174, 25.836484666079787 ], [ -81.876553171815942, 25.838864666646227 ], [ -81.877933172280066, 25.841324667233085 ], [ -81.879203172709751, 25.843684667797245 ], [ -81.880463173138665, 25.846124668381634 ], [ -81.881673173553878, 25.848594668974599 ], [ -81.882833173954452, 25.8510546695661 ], [ -81.883953174344768, 25.853564670170979 ], [ -81.885023174720601, 25.856074670776863 ], [ -81.88603317507993, 25.858614671391582 ], [ -81.887003175427679, 25.86115467200711 ], [ -81.887923175761557, 25.863714672628753 ], [ -81.888793176081421, 25.866294673256363 ], [ -81.889613176387229, 25.868884673887575 ], [ -81.89038317667881, 25.871484674522378 ], [ -81.893378177622111, 25.874395675186754 ], [ -81.894403177946387, 25.875444675427357 ], [ -81.895833178417732, 25.877624675942446 ], [ -81.897113178842275, 25.879674676428248 ], [ -81.898273179228156, 25.881574676879065 ], [ -81.899863179760104, 25.884294677525904 ], [ -81.901563180333753, 25.887384678262986 ], [ -81.903363180945888, 25.890834679088023 ], [ -81.904983181502558, 25.894154679884355 ], [ -81.905903181822211, 25.896174680370216 ], [ -81.907733182463815, 25.900404681389759 ], [ -81.909163182972776, 25.903994682257675 ], [ -81.910373183409902, 25.907274683052606 ], [ -81.911373183777513, 25.91022468376946 ], [ -81.912103184049045, 25.912494684321942 ], [ -81.912683184268118, 25.914424684792536 ], [ -81.913333184517029, 25.9167146853517 ], [ -81.913993184773659, 25.919184685955631 ], [ -81.914693185051703, 25.922024686651302 ], [ -81.915133185231099, 25.923984687132357 ], [ -81.915833185523894, 25.927374687965671 ], [ -81.916313185734111, 25.930054688626004 ], [ -81.916643185881753, 25.932014689109373 ], [ -81.916933186018412, 25.933994689598599 ], [ -81.917153186125233, 25.935614689999241 ], [ -81.917473186289783, 25.938314690667973 ], [ -81.917733186432216, 25.940834691292952 ], [ -81.917993186598906, 25.944264692145573 ], [ -81.918163186730055, 25.947334692910104 ], [ -81.918263186840917, 25.950404693676084 ], [ -81.918433186952342, 25.952734694255316 ], [ -81.919193187217274, 25.954424694661604 ], [ -81.920343187622237, 25.957134695314448 ], [ -81.921643188085341, 25.960394696101648 ], [ -81.922673188456912, 25.963154696769539 ], [ -81.923293188682493, 25.964884697188744 ], [ -81.925303189419409, 25.970704698600628 ], [ -81.92568318955874, 25.971804698867398 ], [ -81.925783189595663, 25.972104698940274 ], [ -81.92731319011142, 25.974844699592065 ], [ -81.931873191648293, 25.982994701530437 ], [ -81.932583191887872, 25.984274701834991 ], [ -81.933453192183137, 25.985904702223561 ], [ -81.934383192499496, 25.987674702645737 ], [ -81.934473192530064, 25.987844702686292 ], [ -81.938833194019523, 25.996374704723451 ], [ -81.939813194356049, 25.998354705196963 ], [ -81.940453194576492, 25.999674705512898 ], [ -81.941163194821812, 26.001164705869822 ], [ -81.943283195557754, 26.005744706968148 ], [ -81.944213195881446, 26.007784707457688 ], [ -81.945223196236327, 26.010124708020356 ], [ -81.946603196725874, 26.013494708832333 ], [ -81.947283196969778, 26.015254709257253 ], [ -81.947803197157242, 26.01663470959074 ], [ -81.949003197555584, 26.01854471004166 ], [ -81.950053197906172, 26.020294710455932 ], [ -81.951263198312532, 26.022394710954092 ], [ -81.952893198862398, 26.025314711647944 ], [ -81.95427319933215, 26.02794471227476 ], [ -81.955833199867968, 26.031094713027496 ], [ -81.957563200467519, 26.034784713911318 ], [ -81.958963200959005, 26.038004714684917 ], [ -81.960343201450129, 26.041424715508896 ], [ -81.961753201959993, 26.04521471642451 ], [ -81.96328320252421, 26.04973471751979 ], [ -81.964443202964304, 26.05361471846323 ], [ -81.96554320339159, 26.057664719450393 ], [ -81.9662332036675, 26.060494720141904 ], [ -81.966973203972728, 26.063874720969554 ], [ -81.967623204252263, 26.067264721801646 ], [ -81.968023204430907, 26.069594722374593 ], [ -81.968273204546691, 26.071204722771011 ], [ -81.968603204705317, 26.07354472334794 ], [ -81.96882320481761, 26.075344723792448 ], [ -81.969173205006456, 26.078584724593565 ], [ -81.969423205161789, 26.081654725354433 ], [ -81.969593205284539, 26.08437472602958 ], [ -81.969733205423083, 26.087994726930059 ], [ -81.969753205541224, 26.09214472796538 ], [ -81.969703205595323, 26.094674728597944 ], [ -81.969663205617906, 26.095934728913296 ], [ -81.969643205626795, 26.096474729048495 ], [ -81.970103205847039, 26.099694729841911 ], [ -81.970233205907959, 26.100554730053627 ], [ -81.970423206000831, 26.101954730398795 ], [ -81.970533206057581, 26.102874730625935 ], [ -81.972234206929542, 26.116883734083654 ], [ -81.973215207432531, 26.124960736076861 ], [ -81.826797165426768, 26.137628742481052 ], [ -81.813533161617997, 26.138725743048653 ], [ -81.810161160649656, 26.139003743192788 ], [ -81.809986160558623, 26.137518742825872 ], [ -81.809431160310268, 26.134288742031611 ], [ -81.809368160281295, 26.133893741934394 ], [ -81.80914516017846, 26.132485741587729 ], [ -81.808933160080528, 26.131139741256288 ], [ -81.808735159988473, 26.129858740940826 ], [ -81.808635159941105, 26.129181740774019 ], [ -81.80855215990249, 26.128642740641229 ], [ -81.808385159822976, 26.127495740358473 ], [ -81.808234159749759, 26.126409740090573 ], [ -81.808092159679646, 26.125339739826519 ], [ -81.807951159608876, 26.124234739553696 ], [ -81.807798159532069, 26.123037739258134 ], [ -81.807694159479738, 26.122219739056113 ], [ -81.807628159446494, 26.121698738927456 ], [ -81.807505159385059, 26.120745738692168 ], [ -81.807430159347575, 26.12016373854846 ], [ -81.807301159283526, 26.119179738305544 ], [ -81.807195159231142, 26.1183797381081 ], [ -81.806915159093506, 26.116292737592996 ], [ -81.806583158931858, 26.11387573699664 ], [ -81.806515158898918, 26.113386736875967 ], [ -81.806210158751341, 26.111200736336681 ], [ -81.806034158666762, 26.109958736030329 ], [ -81.805809158558517, 26.10836673563761 ], [ -81.805394158359888, 26.105470734923269 ], [ -81.804978158162058, 26.102611734218222 ], [ -81.804576157971908, 26.099886733546313 ], [ -81.804201157795859, 26.097393732931742 ], [ -81.803867157640624, 26.095231732398936 ], [ -81.803753157595054, 26.094766732285233 ], [ -81.803407157456661, 26.093351731939318 ], [ -81.803398157424738, 26.092267731668652 ], [ -81.803397157422054, 26.092178731646431 ], [ -81.803387157385728, 26.090944731338293 ], [ -81.803419157391716, 26.090822731307124 ], [ -81.80344215739558, 26.090719731280867 ], [ -81.803458157397202, 26.090609731253029 ], [ -81.803463157394759, 26.090465731216952 ], [ -81.803458157390693, 26.090369731193086 ], [ -81.803449157386225, 26.090298731175491 ], [ -81.803418157373386, 26.090156731140706 ], [ -81.803394157364281, 26.090078731121761 ], [ -81.803368157354953, 26.090010731105345 ], [ -81.803327157340661, 26.089921731084029 ], [ -81.803240157311521, 26.08977373104894 ], [ -81.803041157246568, 26.089502730985608 ], [ -81.802215156977141, 26.088380730723443 ], [ -81.802084156931016, 26.088077730650657 ], [ -81.801519156741762, 26.087125730425232 ], [ -81.800373156357466, 26.085179729964157 ], [ -81.800034156242461, 26.084554729815444 ], [ -81.799553156076442, 26.08356372957838 ], [ -81.798958155860433, 26.081944729186862 ], [ -81.798647155742756, 26.080918728937331 ], [ -81.798485155681234, 26.080379728806196 ], [ -81.798134155549363, 26.079257728533523 ], [ -81.797968155492043, 26.07891572845169 ], [ -81.79564515481988, 26.078922728504629 ], [ -81.795542154790098, 26.078922728506882 ], [ -81.795445154762021, 26.078923728509267 ], [ -81.794659154534543, 26.07892472852685 ], [ -81.793809154288624, 26.078926728546069 ], [ -81.793529154207562, 26.0789277285525 ], [ -81.792570153930086, 26.078929728574185 ], [ -81.792149153808211, 26.078929728583486 ], [ -81.791938153747125, 26.078928728587819 ], [ -81.791328153570518, 26.078928728601255 ], [ -81.790812153421186, 26.078927728612381 ], [ -81.789840153139977, 26.078933728635345 ], [ -81.788697152809235, 26.078935728661012 ], [ -81.788362152712239, 26.078934728668159 ], [ -81.788203152666213, 26.078934728671658 ], [ -81.785574151905351, 26.078939728730834 ], [ -81.785492151881556, 26.07893772873215 ], [ -81.785148151781996, 26.078937728739721 ], [ -81.784507151596515, 26.0789387287541 ], [ -81.784398151564943, 26.078938728756505 ], [ -81.784371151557082, 26.078938728757102 ], [ -81.784333151546406, 26.078948728760412 ], [ -81.784323151543575, 26.078952728761688 ], [ -81.784305151538618, 26.078959728763802 ], [ -81.784274151529871, 26.078969728766971 ], [ -81.784239151520154, 26.078983728771263 ], [ -81.78421015151217, 26.079000728776165 ], [ -81.78418315150482, 26.079017728780965 ], [ -81.784148151495003, 26.079027728784261 ], [ -81.784116151486003, 26.079038728787687 ], [ -81.784146151495307, 26.079062728793012 ], [ -81.784180151505396, 26.079070728794317 ], [ -81.784214151515485, 26.079078728795544 ], [ -81.784243151524393, 26.079098728799885 ], [ -81.784253151527636, 26.079111728802964 ], [ -81.784269151532669, 26.079126728806319 ], [ -81.784294151540649, 26.079153728812507 ], [ -81.784316151547685, 26.079179728818577 ], [ -81.784357151561011, 26.079232728830885 ], [ -81.783208151229005, 26.079253728861463 ], [ -81.782259150954758, 26.079270728886641 ], [ -81.782278151029175, 26.081819729523342 ], [ -81.782316151191011, 26.087400730917437 ], [ -81.782318151203327, 26.08783473102584 ], [ -81.782320151206747, 26.087939731052046 ], [ -81.782324151229616, 26.088740731252113 ], [ -81.7823371512889, 26.090794731765204 ], [ -81.782340151305164, 26.091363731907322 ], [ -81.782347151338101, 26.092505732192592 ], [ -81.78235115135692, 26.09315873235569 ], [ -81.782372151370993, 26.093453732428955 ], [ -81.782394151490749, 26.097642733475279 ], [ -81.78244815163643, 26.102446734674487 ], [ -81.782448151660205, 26.103324734893871 ], [ -81.782449151672438, 26.103765735004057 ], [ -81.782472151735149, 26.105834735520528 ], [ -81.782485151829846, 26.109189736358488 ], [ -81.782493151923234, 26.112550737197981 ], [ -81.782542152017186, 26.11549273793193 ], [ -81.782638152221764, 26.12200873955754 ], [ -81.782638152223853, 26.122085739576736 ], [ -81.78264015222554, 26.122126739586964 ], [ -81.782642152230864, 26.122301739630629 ], [ -81.782642152233166, 26.122386739651894 ], [ -81.782657152270474, 26.123603739955552 ], [ -81.782684152278335, 26.123602739954695 ], [ -81.782682152280643, 26.123711739981971 ], [ -81.782734152392976, 26.127293740875544 ], [ -81.782599152353882, 26.127293740878535 ], [ -81.78260015235459, 26.127307740881974 ], [ -81.782608152381798, 26.128225741111105 ], [ -81.78261715240555, 26.129003741305244 ], [ -81.782631152412108, 26.129097741328412 ], [ -81.782663152424206, 26.129200741353401 ], [ -81.782708152443035, 26.129413741405639 ], [ -81.782738152504962, 26.131375741894995 ], [ -81.782746152522179, 26.13192474203192 ], [ -81.782206152365944, 26.131927742044617 ], [ -81.781748152233504, 26.131931742055791 ], [ -81.780916151993011, 26.131944742077405 ], [ -81.780838151970713, 26.131954742081668 ], [ -81.780766151950544, 26.131980742089748 ], [ -81.780772151973139, 26.13274674228094 ], [ -81.780767151973521, 26.132815742298284 ], [ -81.780748151970712, 26.132913742323137 ], [ -81.780745151971573, 26.132978742339464 ], [ -81.780746151979471, 26.133258742409396 ], [ -81.780750151999783, 26.133962742585112 ], [ -81.780763152017698, 26.134484742715202 ], [ -81.780757152016875, 26.134517742723602 ], [ -81.780744152013952, 26.134549742731846 ], [ -81.780712152005862, 26.134591742743066 ], [ -81.780696152001369, 26.134597742744898 ], [ -81.780635151984114, 26.134610742749526 ], [ -81.780368151906714, 26.134606742754386 ], [ -81.780224151865156, 26.134613742759349 ], [ -81.780209151848268, 26.134149742643789 ], [ -81.780192151821026, 26.13332874243914 ], [ -81.779828151716075, 26.13334274245063 ], [ -81.77893715145845, 26.133354742473387 ], [ -81.778738151400674, 26.133349742476575 ], [ -81.778741151412362, 26.133748742576113 ], [ -81.778733151421264, 26.134160742679228 ], [ -81.77871315141968, 26.134315742718375 ], [ -81.778618151402711, 26.13470274281714 ], [ -81.77860915140306, 26.134810742844323 ], [ -81.77861015140914, 26.135023742897467 ], [ -81.778594151407034, 26.135117742921285 ], [ -81.778560151399574, 26.13520674294427 ], [ -81.778526151391688, 26.13527674296251 ], [ -81.779090151565555, 26.135667743047719 ], [ -81.780190151904662, 26.136427743213133 ], [ -81.779986151847481, 26.136497743235129 ], [ -81.779629151737225, 26.136242743179338 ], [ -81.778453151374578, 26.13542474300111 ], [ -81.778396151360425, 26.135512743024357 ], [ -81.778324151342076, 26.135603743048662 ], [ -81.778265151327687, 26.135702743074674 ], [ -81.77824115132313, 26.135791743097442 ], [ -81.778233151322496, 26.135852743112874 ], [ -81.778235151329, 26.136070743167284 ], [ -81.777930151240952, 26.13608074317651 ], [ -81.77730915106126, 26.13608174319052 ], [ -81.77730115105571, 26.135963743161227 ], [ -81.777274151045319, 26.135868743138115 ], [ -81.777246151035698, 26.135812743124728 ], [ -81.777188151016901, 26.135739743107784 ], [ -81.777142151002437, 26.135696743098048 ], [ -81.776968150948747, 26.135572743070902 ], [ -81.776647150849939, 26.13535874302459 ], [ -81.776500150804537, 26.135252743001345 ], [ -81.776445150787794, 26.135223742995354 ], [ -81.776365150763965, 26.135198742990891 ], [ -81.776302150745551, 26.135191742990493 ], [ -81.776084150682323, 26.135187742994333 ], [ -81.774912150343511, 26.135204743024527 ], [ -81.774885150335919, 26.135212743027104 ], [ -81.774861150329357, 26.135226743031154 ], [ -81.774843150324656, 26.135245743036318 ], [ -81.774827150320988, 26.13528074304536 ], [ -81.77483615033313, 26.135631743132866 ], [ -81.774852150350796, 26.136110743252122 ], [ -81.774017150109401, 26.136122743273631 ], [ -81.772820149763319, 26.13614074330463 ], [ -81.772404149642909, 26.136140743313842 ], [ -81.771566149400797, 26.136156743336347 ], [ -81.770654149137187, 26.136173743360789 ], [ -81.770420149069295, 26.136167743364492 ], [ -81.7699581489358, 26.136177743377203 ], [ -81.768624148550032, 26.136192743410483 ], [ -81.768626148525996, 26.135286743184171 ], [ -81.766747147982599, 26.135306743230764 ], [ -81.766513147915063, 26.135315743238152 ], [ -81.766524147942889, 26.136221743464208 ], [ -81.766536147970953, 26.137127743690211 ], [ -81.766553148013742, 26.138520744037756 ], [ -81.763696147187432, 26.13855074410856 ], [ -81.763577147153029, 26.138551744111428 ], [ -81.760472146254983, 26.138584744188375 ], [ -81.757931145520004, 26.138609744250864 ], [ -81.757634145434096, 26.138612744258189 ], [ -81.755715144879048, 26.138631744305439 ], [ -81.754363144487954, 26.13864474433862 ], [ -81.751548143673674, 26.138672744407927 ], [ -81.750568143390012, 26.13867574443038 ], [ -81.750386143337337, 26.138676744434644 ], [ -81.750027143233424, 26.138677744442855 ], [ -81.749500143080922, 26.138679744455001 ], [ -81.74736114246177, 26.138686744504135 ], [ -81.744931141758414, 26.138694744559903 ], [ -81.742377141019546, 26.138719744622673 ], [ -81.742019140916, 26.138723744631594 ], [ -81.741837140863367, 26.138725744636119 ], [ -81.739592140213887, 26.138745744690812 ], [ -81.738084139777683, 26.138761744728203 ], [ -81.736782139401015, 26.138774744760301 ], [ -81.736479139313289, 26.138775744767251 ], [ -81.734582138764324, 26.138787744812209 ], [ -81.733853138553329, 26.138790744829091 ], [ -81.733472138443062, 26.138792744838028 ], [ -81.732573138182588, 26.138787744856685 ], [ -81.732327138111387, 26.13878974486261 ], [ -81.7322431380871, 26.138790744864714 ], [ -81.731753137945304, 26.138794744876559 ], [ -81.731165137774852, 26.138787744887857 ], [ -81.730416137558279, 26.138799744907455 ], [ -81.730400137517279, 26.137460744573268 ], [ -81.730370137471894, 26.136109744236396 ], [ -81.730369137470205, 26.136057744223443 ], [ -81.730368137468133, 26.135991744206976 ], [ -81.730366137465211, 26.135904744185282 ], [ -81.730337137420818, 26.134579743854864 ], [ -81.73031213738092, 26.133378743555394 ], [ -81.730306137372139, 26.133118743490524 ], [ -81.730271137313025, 26.131313743040348 ], [ -81.730236137254423, 26.129529742595395 ], [ -81.72877413683095, 26.129524742626483 ], [ -81.728176136657581, 26.129515742637427 ], [ -81.727870136568583, 26.129502742640987 ], [ -81.727437136443086, 26.129497742649313 ], [ -81.72722013638024, 26.12949874265437 ], [ -81.726414136147511, 26.129523742678447 ], [ -81.726179136079338, 26.129518742682347 ], [ -81.725946136011359, 26.129500742683053 ], [ -81.725712135943411, 26.12949374268641 ], [ -81.72516313578457, 26.129497742699616 ], [ -81.723230135224512, 26.129486742739584 ], [ -81.722699135070485, 26.129477742749103 ], [ -81.721473134715694, 26.129485742778218 ], [ -81.720699134492364, 26.129517742803319 ], [ -81.719735134212726, 26.129498742819923 ], [ -81.719111134031849, 26.129492742832177 ], [ -81.718215133772162, 26.129485742850264 ], [ -81.716035133140323, 26.129466742893712 ], [ -81.716026133116756, 26.128693742700765 ], [ -81.715999133080544, 26.127646742439698 ], [ -81.715989133066998, 26.127255742342228 ], [ -81.715972133036715, 26.126321742109177 ], [ -81.715953133014139, 26.125690741951903 ], [ -81.715916132956281, 26.123953741518665 ], [ -81.715916132949559, 26.123705741456682 ], [ -81.711822131763569, 26.123692741543966 ], [ -81.71160513170345, 26.123791741573481 ], [ -81.710259131313975, 26.123804741606506 ], [ -81.710114131271467, 26.123786741605215 ], [ -81.710066131257236, 26.123775741603506 ], [ -81.708964130938526, 26.123790741631602 ], [ -81.706598130254179, 26.123823741692178 ], [ -81.701436128761145, 26.123895741824278 ], [ -81.701449128698883, 26.121462741215897 ], [ -81.696051127137878, 26.121550741357197 ], [ -81.687113124553036, 26.121697741591422 ], [ -81.686924124498205, 26.12169574159509 ], [ -81.686883124594914, 26.125699742596844 ], [ -81.686877124611073, 26.126359742761913 ], [ -81.686884124616753, 26.126492742795008 ], [ -81.686827124654087, 26.128477743292422 ], [ -81.686835124701616, 26.130144743708861 ], [ -81.68700812475133, 26.130129743701321 ], [ -81.687007124801042, 26.131971744161678 ], [ -81.686963124908715, 26.136408745271591 ], [ -81.686943124919324, 26.137011745422672 ], [ -81.686932124948456, 26.138200745720098 ], [ -81.686916124982957, 26.139641746080532 ], [ -81.686908125001224, 26.140399746270138 ], [ -81.686889125038419, 26.141971746663415 ], [ -81.686844125118498, 26.145398747520726 ], [ -81.686822125141759, 26.146488747793541 ], [ -81.686809125159868, 26.147294747995243 ], [ -81.686809125178527, 26.147980748166692 ], [ -81.686817125210993, 26.149087748443108 ], [ -81.686747125216968, 26.150055748686508 ], [ -81.68668012522761, 26.151160748964099 ], [ -81.686662125235102, 26.151626749080886 ], [ -81.686634125250094, 26.152477749294128 ], [ -81.686622125294718, 26.154244749735899 ], [ -81.686622125311061, 26.154845749886018 ], [ -81.686670125382761, 26.156970750415891 ], [ -81.686645125377851, 26.157055750437689 ], [ -81.686561125358409, 26.157235750484521 ], [ -81.686565125367125, 26.157513750553846 ], [ -81.68657012537841, 26.157874750643938 ], [ -81.686580125402671, 26.158660750840077 ], [ -81.68658112540426, 26.158707750851789 ], [ -81.686593125433276, 26.159645751085886 ], [ -81.686615125454693, 26.160198751223525 ], [ -81.686624125466736, 26.160545751310035 ], [ -81.686641125512452, 26.162043751683846 ], [ -81.686656125551977, 26.163337752006804 ], [ -81.686669125587201, 26.164491752294765 ], [ -81.686702125640011, 26.166081752691191 ], [ -81.686706125646126, 26.166261752736062 ], [ -81.686754125721521, 26.168520753299326 ], [ -81.686782125764026, 26.169782753613912 ], [ -81.686783125765601, 26.169830753625881 ], [ -81.686784125767502, 26.169889753640632 ], [ -81.686788125773774, 26.17007775368748 ], [ -81.686797125787592, 26.170487753789672 ], [ -81.686807125802787, 26.170940753902602 ], [ -81.686878125860346, 26.172298754240252 ], [ -81.686905125889169, 26.173069754432198 ], [ -81.687007126098678, 26.17967075607859 ], [ -81.687056126211758, 26.183296756983022 ], [ -81.687072126248566, 26.184475757277067 ], [ -81.687099126310756, 26.186468757774204 ], [ -81.687129126359395, 26.187933758139362 ], [ -81.687124126447586, 26.191216758959261 ], [ -81.687121126487568, 26.192713759333095 ], [ -81.6871281265216, 26.193886759625826 ], [ -81.687164126585103, 26.195828760109954 ], [ -81.68719712664911, 26.197823760607303 ], [ -81.687226126705653, 26.199584761046363 ], [ -81.687251126763599, 26.201439761508926 ], [ -81.687298126876684, 26.20508076241688 ], [ -81.687322126932855, 26.206881762865944 ], [ -81.687346126989993, 26.208716763323466 ], [ -81.687405127106729, 26.212359764231554 ], [ -81.687466127225449, 26.216054765152496 ], [ -81.687521127341284, 26.219703766062057 ], [ -81.687576127457049, 26.223350766971055 ], [ -81.687602127564432, 26.226997767880647 ], [ -81.687616127620274, 26.22888776835201 ], [ -81.687729127703193, 26.230718768806398 ], [ -81.687755127722042, 26.231132768909152 ], [ -81.687755127725737, 26.231267768942839 ], [ -81.687813127778796, 26.232589769271428 ], [ -81.687822127789318, 26.23287876934333 ], [ -81.687846127836963, 26.234363769713376 ], [ -81.687897127951175, 26.237991770617501 ], [ -81.687913127990768, 26.239265770935074 ], [ -81.687933128018557, 26.24006777113474 ], [ -81.687954128068725, 26.241674771535227 ], [ -81.687964128093725, 26.242481771736337 ], [ -81.687996128129157, 26.243433771973123 ], [ -81.688011128145462, 26.243868772081314 ], [ -81.688039128166693, 26.244346772199993 ], [ -81.688086128217066, 26.245687772533479 ], [ -81.688173128290558, 26.247446772970367 ], [ -81.688220128329974, 26.248386773203848 ], [ -81.688343128432692, 26.250831773811104 ], [ -81.688361128447994, 26.251198773902235 ], [ -81.688432128500253, 26.252353774188776 ], [ -81.688546128600876, 26.254815774800424 ], [ -81.688555128608613, 26.255000774846344 ], [ -81.688716128751054, 26.258487775712599 ], [ -81.688790128813451, 26.259979776083064 ], [ -81.688858128868972, 26.261282776406563 ], [ -81.688917128916515, 26.262390776681599 ], [ -81.688932128930304, 26.262735776767297 ], [ -81.688957128946385, 26.263055776846603 ], [ -81.688974128960325, 26.263385776928502 ], [ -81.68901912899733, 26.264256777144752 ], [ -81.689068129037238, 26.265190777376656 ], [ -81.689094129053743, 26.265517777457589 ], [ -81.689137129106115, 26.266968777818491 ], [ -81.689187129146262, 26.26790277805036 ], [ -81.689318129258368, 26.270597778719555 ], [ -81.68939712932125, 26.272053779080871 ], [ -81.689434129354098, 26.272857779280571 ], [ -81.689442129364011, 26.273134779349437 ], [ -81.689479129379905, 26.273321779395289 ], [ -81.689525129398817, 26.273524779444895 ], [ -81.689518129403851, 26.273782779509361 ], [ -81.689466129415251, 26.274743779750199 ], [ -81.689404129429093, 26.27589978003985 ], [ -81.689418129444121, 26.276297780138787 ], [ -81.689449129498598, 26.277951780550545 ], [ -81.689452129502357, 26.278054780576166 ], [ -81.689469129571549, 26.28039078115831 ], [ -81.68946312957496, 26.280577781205039 ], [ -81.689553129705175, 26.284359782146069 ], [ -81.689588129749282, 26.285591782452471 ], [ -81.689696129883274, 26.289320783379754 ], [ -81.689855130089242, 26.295122784822698 ], [ -81.689974130292754, 26.301249786347409 ], [ -81.690017130343008, 26.302619786687941 ], [ -81.690483130883806, 26.31731879034108 ], [ -81.690497130888446, 26.31733879034574 ], [ -81.690039130755977, 26.317345790357763 ], [ -81.689880130709994, 26.317348790362075 ], [ -81.687730130087502, 26.317361790413589 ], [ -81.687431130000945, 26.317363790420785 ], [ -81.687270129954328, 26.31736479042463 ], [ -81.687250129948538, 26.317364790425078 ], [ -81.682006128430189, 26.317394790550217 ], [ -81.674955126389236, 26.31745879072438 ], [ -81.674939126384572, 26.317458790724739 ], [ -81.674910126376233, 26.317459790725646 ], [ -81.67489812637271, 26.317459790725927 ], [ -81.674861126361961, 26.317459790726751 ], [ -81.674642126298622, 26.317461790732153 ], [ -81.673719126031457, 26.31746979075491 ], [ -81.671460125377635, 26.317495790812046 ], [ -81.670530125108485, 26.31750579083538 ], [ -81.667722124295864, 26.317539790906885 ], [ -81.667251124159264, 26.317535790916409 ], [ -81.666197123853678, 26.31752579093758 ], [ -81.666069123816541, 26.317524790940208 ], [ -81.658914121744203, 26.317552791107719 ], [ -81.658549121638501, 26.31755479111639 ], [ -81.657903121451682, 26.317567791134163 ], [ -81.657906121460215, 26.31784579120335 ], [ -81.658061121898399, 26.332071794745566 ], [ -81.658063121903552, 26.332236794786624 ], [ -81.658067121908488, 26.332372794820419 ], [ -81.658064121909419, 26.332439794837171 ], [ -81.658125122081955, 26.338035796230344 ], [ -81.658224122364047, 26.347185798508026 ], [ -81.658392122843765, 26.362734802377865 ], [ -81.65839912286043, 26.363263802509493 ], [ -81.658561123243317, 26.375363805519541 ], [ -81.659164124227772, 26.404476812754734 ], [ -81.659199124284626, 26.406152813171129 ], [ -81.659306124459349, 26.411309814452405 ], [ -81.659444124684299, 26.417944816100647 ], [ -81.659462124713158, 26.418791816311064 ], [ -81.659469124725021, 26.419145816399013 ], [ -81.659476124736926, 26.419499816486937 ], [ -81.659498124772853, 26.420558816749971 ], [ -81.659505124784232, 26.420895816833678 ], [ -81.659509124790659, 26.421081816879923 ], [ -81.658359124457959, 26.421101816910852 ], [ -81.65240012273425, 26.421211817073026 ], [ -81.649558121912136, 26.421263817150262 ], [ -81.649163121797827, 26.421270817160927 ], [ -81.647822121409945, 26.421295817197475 ], [ -81.64737512128049, 26.421298817208299 ], [ -81.647350121273249, 26.421298817208871 ], [ -81.643362120118255, 26.421326817306017 ], [ -81.643037120024303, 26.421333817315141 ], [ -81.642835119965881, 26.421337817320701 ], [ -81.640593119317472, 26.421386817383592 ], [ -81.636325118083192, 26.421479817503243 ], [ -81.632766117053791, 26.42155381760217 ], [ -81.62999111625092, 26.421602817677108 ], [ -81.629950116239058, 26.421603817678271 ], [ -81.629796116194498, 26.421606817682516 ], [ -81.626588115266301, 26.421663817769179 ], [ -81.626436115222347, 26.421666817773438 ], [ -81.624806114750712, 26.421695817817497 ], [ -81.62281311417378, 26.421720817868763 ], [ -81.622736114151451, 26.421721817870765 ], [ -81.622705114142491, 26.421721817871465 ], [ -81.621108113680194, 26.421741817912547 ], [ -81.620733113571603, 26.421746817922262 ], [ -81.619248113141765, 26.421767817961058 ], [ -81.619125113106193, 26.42176981796435 ], [ -81.619109113101544, 26.421769817964705 ], [ -81.619089113095768, 26.421770817965395 ], [ -81.619075113091739, 26.421770817965726 ], [ -81.618935113051194, 26.421772817969373 ], [ -81.618840113023694, 26.421773817971758 ], [ -81.613877111587144, 26.421844818101665 ], [ -81.613779111558557, 26.421839818102637 ], [ -81.608182109938653, 26.421926818250824 ], [ -81.608076109907955, 26.421928818253733 ], [ -81.604846108973149, 26.421980818339687 ], [ -81.604778108953482, 26.421981818341521 ], [ -81.604631108911192, 26.42199481834805 ], [ -81.604429108852671, 26.421995818352862 ], [ -81.604227108794134, 26.421996818357677 ], [ -81.603444108567345, 26.422003818377167 ], [ -81.586932103788101, 26.422270818816862 ], [ -81.578999101491803, 26.422399819028307 ], [ -81.578796101433028, 26.422402819033636 ], [ -81.578535101357446, 26.422406819040521 ], [ -81.567521098168925, 26.422579819332558 ], [ -81.562523096720966, 26.422623819456479 ], [ -81.562183096622547, 26.422629819465651 ], [ -81.562189096626881, 26.422722819488676 ], [ -81.562219096647823, 26.423162819597589 ], [ -81.56232909687553, 26.430183821343434 ], [ -81.56232209687532, 26.430247821359565 ], [ -81.56233709689738, 26.430882821517311 ], [ -81.56233709689775, 26.430894821520258 ], [ -81.562338096898571, 26.430914821525239 ], [ -81.562352096919753, 26.431529821678108 ], [ -81.562354096924977, 26.431695821719362 ], [ -81.562360096937397, 26.432077821814342 ], [ -81.562532097297748, 26.443199824579512 ], [ -81.562537097307739, 26.44350382465505 ], [ -81.562542097318087, 26.443822824734401 ], [ -81.562543097319818, 26.443874824747315 ], [ -81.562543097320457, 26.44389782475303 ], [ -81.562558097351911, 26.444868824994405 ], [ -81.562558097352252, 26.444881824997662 ], [ -81.56255809735255, 26.444891825000145 ], [ -81.562584097405846, 26.446527825406843 ], [ -81.562586097409181, 26.446626825431405 ], [ -81.562606097444373, 26.447677825692615 ], [ -81.562630097488139, 26.448995826020131 ], [ -81.562649097531448, 26.450349826356796 ], [ -81.562668097556795, 26.451058826532837 ], [ -81.562669097559223, 26.451135826551944 ], [ -81.562678097572672, 26.451521826647859 ], [ -81.562678097574917, 26.451602826668001 ], [ -81.562682097579142, 26.451711826695032 ], [ -81.562688097585237, 26.451868826733985 ], [ -81.562702097610909, 26.452640826925823 ], [ -81.562705097614554, 26.45274082695067 ], [ -81.562746097672843, 26.454399827362661 ], [ -81.562758097686256, 26.454755827450999 ], [ -81.562762097699718, 26.455194827560213 ], [ -81.562809097763719, 26.456994828007165 ], [ -81.562885097881548, 26.460420828858126 ], [ -81.562887097893508, 26.460827828959388 ], [ -81.562940097981524, 26.463424829604495 ], [ -81.563009098071404, 26.465920830224114 ], [ -81.563010098072667, 26.465953830232337 ], [ -81.563014098077687, 26.466091830266571 ], [ -81.563016098081221, 26.466197830292867 ], [ -81.563016098081491, 26.466207830295385 ], [ -81.563028098105775, 26.466951830480269 ], [ -81.563028098106287, 26.466969830484768 ], [ -81.563029098107322, 26.466996830491439 ], [ -81.56302909810799, 26.467019830497165 ], [ -81.563032098115457, 26.467255830555793 ], [ -81.563107098267551, 26.47190983171226 ], [ -81.56313309830405, 26.472943831968976 ], [ -81.563128098305128, 26.473033831991469 ], [ -81.563115098303172, 26.473099832008202 ], [ -81.563113098302878, 26.473109832010724 ], [ -81.563078098296344, 26.473237832043381 ], [ -81.563078098297083, 26.473263832049842 ], [ -81.56338609889707, 26.491479836574964 ], [ -81.563444099008208, 26.494839837409518 ], [ -81.563466099049009, 26.49606583771395 ], [ -81.563541099191184, 26.500355838779338 ], [ -81.563633099354092, 26.505205839983539 ], [ -81.563650099383921, 26.506090840203253 ], [ -81.563690099453325, 26.508147840713939 ], [ -81.563764099616165, 26.513177841963149 ], [ -81.563766099621191, 26.513335842002387 ] ] ] ] } }
]
}
