{
"type": "FeatureCollection",
"name": "DISTRICT_25",
"crs": { "type": "name", "properties": { "name": "urn:ogc:def:crs:OGC:1.3:CRS84" } },
"xy_coordinate_resolution": 1e-15,
"features": [
{ "type": "Feature", "properties": { "LONGNAME": "District 25", "SHORTNAME": "D25", "DISTRICT": 25, "COLOR": 717326464, "TOTAL": 769221, "TARGET_DEV": 0 }, "geometry": { "type": "MultiPolygon", "coordinates": [ [ [ [ -80.213055695117831, 26.106146770063592 ], [ -80.210277694306285, 26.106174770131346 ], [ -80.209802694167522, 26.106180770143226 ], [ -80.20949569407793, 26.106185770151161 ], [ -80.2090226939399, 26.106196770164306 ], [ -80.208876693896755, 26.10617977016317 ], [ -80.207889693608578, 26.106194770188534 ], [ -80.207759693571163, 26.106217770197187 ], [ -80.207323693444252, 26.106240770212509 ], [ -80.206699693262053, 26.10624977022837 ], [ -80.204830692716286, 26.106277770276254 ], [ -80.204207692534354, 26.106287770292411 ], [ -80.203802692416119, 26.106294770302998 ], [ -80.202591692062597, 26.106317770335238 ], [ -80.202187691944658, 26.106325770346057 ], [ -80.202063691908492, 26.106327770349271 ], [ -80.201695691801021, 26.106334770359094 ], [ -80.201632691782692, 26.106336770360986 ], [ -80.201607691764892, 26.105946770263074 ], [ -80.201591691740447, 26.105206770076528 ], [ -80.201568691720681, 26.10471976995402 ], [ -80.201563691716345, 26.104611769926851 ], [ -80.201560691713311, 26.104533769907245 ], [ -80.201559691712504, 26.104514769902462 ], [ -80.201365691655965, 26.104519769907938 ], [ -80.201337691647694, 26.104518769908292 ], [ -80.200790691487924, 26.104524769921763 ], [ -80.19973969118081, 26.104531769946497 ], [ -80.199480691105194, 26.104537769953659 ], [ -80.198650690862777, 26.104548769974514 ], [ -80.197573690549007, 26.104593770009398 ], [ -80.197326690477027, 26.104601770016849 ], [ -80.195351689900377, 26.104634770068262 ], [ -80.193329689310829, 26.104700770129067 ], [ -80.192735689137422, 26.104713770145327 ], [ -80.191449688762404, 26.104752770183214 ], [ -80.190510688488985, 26.104795770214569 ], [ -80.18770768768205, 26.105274770396786 ], [ -80.185818687139289, 26.105635770529176 ], [ -80.18521568696562, 26.105736770567805 ], [ -80.184937686885306, 26.105772770582998 ], [ -80.18439468672851, 26.105847770613764 ], [ -80.184058686631047, 26.105877770628666 ], [ -80.183182686376853, 26.105952770666772 ], [ -80.182286686116683, 26.106022770703994 ], [ -80.181406685861376, 26.106099770742631 ], [ -80.179827685403311, 26.106238770812201 ], [ -80.179474685300832, 26.106267770827262 ], [ -80.178074684894639, 26.106388770888362 ], [ -80.177770684806418, 26.106413770901298 ], [ -80.176822684530876, 26.106477770938167 ], [ -80.176656684482538, 26.106486770944116 ], [ -80.176522684442432, 26.106452770938411 ], [ -80.176158684336386, 26.106467770950161 ], [ -80.175875684253924, 26.10647777095885 ], [ -80.175162684047081, 26.106541770990582 ], [ -80.175029684008379, 26.106549770995485 ], [ -80.174952683985936, 26.106550770997423 ], [ -80.174815683945482, 26.1065387709974 ], [ -80.174676683904508, 26.106526770997377 ], [ -80.174301683794013, 26.106494770997507 ], [ -80.174263683782783, 26.10649077099735 ], [ -80.174125683742119, 26.106479770997549 ], [ -80.174090683731762, 26.106475770997303 ], [ -80.173985683700849, 26.106466770997343 ], [ -80.173951683690817, 26.10646477099759 ], [ -80.173787683642459, 26.106449770997365 ], [ -80.17371068361976, 26.106443770997533 ], [ -80.173372683520313, 26.106421770999354 ], [ -80.173296683497981, 26.106417770999961 ], [ -80.17314468345333, 26.106410771001524 ], [ -80.173133683450146, 26.106410771001755 ], [ -80.172892683379615, 26.106408771006528 ], [ -80.172626683301857, 26.106411771013093 ], [ -80.172330683215762, 26.106428771023847 ], [ -80.172090683146237, 26.106454771035654 ], [ -80.171754683049173, 26.106497771053863 ], [ -80.171329682925901, 26.106536771072989 ], [ -80.17079368276994, 26.1065677710925 ], [ -80.169874682502027, 26.106600771120934 ], [ -80.169812682483908, 26.106601771122516 ], [ -80.169627682429947, 26.106606771127819 ], [ -80.169566682412139, 26.106608771129657 ], [ -80.16955068240749, 26.106608771130002 ], [ -80.169504682394063, 26.106608771130979 ], [ -80.169489682389695, 26.106609771131581 ], [ -80.169478682386426, 26.106609771131836 ], [ -80.169446682377142, 26.106610771132758 ], [ -80.169436682374254, 26.106611771133231 ], [ -80.169343682347048, 26.106613771135759 ], [ -80.169306682336284, 26.106614771136819 ], [ -80.169066682266092, 26.106615771142305 ], [ -80.169029682255328, 26.106615771143133 ], [ -80.168974682239224, 26.106616771144562 ], [ -80.168884682212934, 26.106617771146766 ], [ -80.168794682186643, 26.106619771149241 ], [ -80.168614682134049, 26.10662077115343 ], [ -80.168525682108054, 26.106622771155934 ], [ -80.16845668208795, 26.106625771158196 ], [ -80.168384682066915, 26.106625771159763 ], [ -80.167961681943183, 26.106625771168986 ], [ -80.167857681912778, 26.10662677117152 ], [ -80.167820681901986, 26.106626771172323 ], [ -80.167712681870384, 26.106626771174664 ], [ -80.167594681835908, 26.106626771177247 ], [ -80.167389681776044, 26.106630771182743 ], [ -80.167282681744808, 26.106633771185798 ], [ -80.167266681740131, 26.10663477118641 ], [ -80.167112681695244, 26.106639771191023 ], [ -80.166604681547255, 26.106661771207662 ], [ -80.166435681498015, 26.106669771213408 ], [ -80.166200681429558, 26.106679771221042 ], [ -80.16614168141237, 26.106682771223078 ], [ -80.165757681301002, 26.106717771240312 ], [ -80.165500681226888, 26.106755771255489 ], [ -80.165395681196571, 26.106771771261837 ], [ -80.165269681160325, 26.106794771270401 ], [ -80.165202681142731, 26.106867771290293 ], [ -80.165089681111581, 26.106938771310727 ], [ -80.165072681107006, 26.106954771315102 ], [ -80.164899681057193, 26.106984771326495 ], [ -80.164423680920521, 26.107079771360876 ], [ -80.164144680839996, 26.107118771376832 ], [ -80.163890680766215, 26.107139771387676 ], [ -80.163740680722157, 26.107130771388647 ], [ -80.163590680678027, 26.10712277138995 ], [ -80.162818680453185, 26.107158771415843 ], [ -80.162316680306731, 26.107173771430595 ], [ -80.161439680050421, 26.107180771451489 ], [ -80.158907679310815, 26.107217771516122 ], [ -80.158650679235819, 26.10722377152322 ], [ -80.158392679160485, 26.107229771530431 ], [ -80.157774678980061, 26.107242771547149 ], [ -80.154376677988239, 26.107320771641042 ], [ -80.153244677657796, 26.107346771672329 ], [ -80.153240677651709, 26.107163771626187 ], [ -80.153230677634198, 26.106617771488448 ], [ -80.15322767762845, 26.106435771442538 ], [ -80.153226677626847, 26.106386771430195 ], [ -80.153224677622362, 26.106240771393384 ], [ -80.153224677621083, 26.106192771381224 ], [ -80.153223677619607, 26.10615077137065 ], [ -80.153222677615915, 26.106024771338841 ], [ -80.153222677614835, 26.105983771328475 ], [ -80.153220677612197, 26.105906771309076 ], [ -80.153217677605184, 26.105677771251315 ], [ -80.153216677602856, 26.105601771232095 ], [ -80.153215677602049, 26.105581771227069 ], [ -80.153214677600246, 26.105525771212992 ], [ -80.153214677599749, 26.105506771208159 ], [ -80.152719677455124, 26.105512771220461 ], [ -80.151237677022209, 26.105534771258359 ], [ -80.150743676877894, 26.105542771271189 ], [ -80.150414676781864, 26.105548771279889 ], [ -80.149431676494828, 26.105568771306391 ], [ -80.149103676399051, 26.105575771315298 ], [ -80.148688676277814, 26.105580771325609 ], [ -80.147446675914992, 26.105598771357258 ], [ -80.147122675820327, 26.105603771365587 ], [ -80.146734675707052, 26.1056117713761 ], [ -80.145843675446983, 26.105631771400606 ], [ -80.145547675360589, 26.105638771408827 ], [ -80.145551675366761, 26.105825771455951 ], [ -80.145563675385247, 26.106386771597414 ], [ -80.145568675391729, 26.106574771644784 ], [ -80.145478675365396, 26.106574771646756 ], [ -80.145209675286765, 26.10657477165261 ], [ -80.145120675260756, 26.106575771654828 ], [ -80.144972675217289, 26.106569771656545 ], [ -80.144986675226349, 26.106754771702949 ], [ -80.144998675233666, 26.106897771738858 ], [ -80.145021675251485, 26.107312771843166 ], [ -80.145032675259728, 26.107498771889894 ], [ -80.145016675255036, 26.107498771890238 ], [ -80.144971675241891, 26.107499771891476 ], [ -80.144956675237509, 26.107500771892102 ], [ -80.143986674954888, 26.107542771923846 ], [ -80.143778674894165, 26.107546771929446 ], [ -80.143154674712022, 26.107562771947066 ], [ -80.143032674676476, 26.107566771950719 ], [ -80.143051674697119, 26.108129772092536 ], [ -80.143052674701067, 26.108266772127173 ], [ -80.143065674711991, 26.108532772194049 ], [ -80.143071674735907, 26.109359772402819 ], [ -80.143095674768034, 26.110297772639282 ], [ -80.143039674755315, 26.110435772675363 ], [ -80.143063674766637, 26.110595772715243 ], [ -80.143076674772772, 26.110681772736687 ], [ -80.143095674788981, 26.111079772836835 ], [ -80.14310367479564, 26.111241772877563 ], [ -80.143111674802626, 26.111415772921291 ], [ -80.143135674823597, 26.111937773052688 ], [ -80.14314467483095, 26.112111773096387 ], [ -80.142813674734327, 26.112119773105682 ], [ -80.141823674445391, 26.11214577313385 ], [ -80.141493674349078, 26.112154773143313 ], [ -80.141502674356502, 26.11233177318784 ], [ -80.141530674378927, 26.112863773321621 ], [ -80.141540674386661, 26.11304177336638 ], [ -80.141664674422756, 26.113036773362378 ], [ -80.142037674531551, 26.113023773350967 ], [ -80.142162674567984, 26.113019773347236 ], [ -80.142164674573309, 26.113196773391916 ], [ -80.142172674589915, 26.113727773525831 ], [ -80.142175674595521, 26.113904773570486 ], [ -80.14217667460052, 26.114080773614933 ], [ -80.142181674616154, 26.114609773748406 ], [ -80.142183674621464, 26.114786773793114 ], [ -80.142278674649205, 26.114785773790757 ], [ -80.14256467473291, 26.114785773784522 ], [ -80.142660674760975, 26.114785773782422 ], [ -80.142668674767918, 26.114955773825219 ], [ -80.142695674789508, 26.115467773953917 ], [ -80.142704674796704, 26.115638773996935 ], [ -80.142714674803017, 26.115764774028563 ], [ -80.142726674810532, 26.115915774066398 ], [ -80.142727674811155, 26.115927774069434 ], [ -80.142733674818771, 26.116144774124081 ], [ -80.142738674823633, 26.116271774156072 ], [ -80.142736674829791, 26.116522774219519 ], [ -80.142734674833179, 26.116671774257206 ], [ -80.14273167484555, 26.117167774382548 ], [ -80.142704674839763, 26.117245774402804 ], [ -80.142687674835358, 26.117267774408731 ], [ -80.142650674825916, 26.117317774422236 ], [ -80.142578674806245, 26.117369774436906 ], [ -80.142485674780062, 26.117407774448584 ], [ -80.142054674649913, 26.117257774420075 ], [ -80.141598674512309, 26.117099774390113 ], [ -80.141388674448478, 26.117009774371972 ], [ -80.141244674405129, 26.116965774363987 ], [ -80.140745674256834, 26.116878774352919 ], [ -80.140345674137976, 26.116809774344222 ], [ -80.140296674123448, 26.116802774343547 ], [ -80.140298674125475, 26.116856774357117 ], [ -80.140302674128336, 26.11691777437246 ], [ -80.140306674131594, 26.116995774392045 ], [ -80.140307674132487, 26.117018774397835 ], [ -80.140310674134852, 26.11707377441169 ], [ -80.139894674011558, 26.117015774406092 ], [ -80.13959667392291, 26.116960774398738 ], [ -80.13958367391912, 26.116958774398512 ], [ -80.139393673862187, 26.116909774390255 ], [ -80.139314673838925, 26.116903774390472 ], [ -80.139275673827285, 26.11689577438932 ], [ -80.13923667381583, 26.11689377438967 ], [ -80.139038673758023, 26.11689877439526 ], [ -80.138880673712123, 26.116910774401681 ], [ -80.138766673679569, 26.116940774411802 ], [ -80.138702673661953, 26.116982774423825 ], [ -80.138643673646044, 26.117030774437232 ], [ -80.138341673566671, 26.117367774528955 ], [ -80.138111673506074, 26.117616774596858 ], [ -80.137997673475454, 26.117718774625086 ], [ -80.137841673432789, 26.117829774656528 ], [ -80.137807673423382, 26.117848774662075 ], [ -80.137595673363947, 26.117945774691211 ], [ -80.13748567333289, 26.117988774704472 ], [ -80.13744867332241, 26.117999774708078 ], [ -80.137369673299489, 26.11800777471181 ], [ -80.137290673276354, 26.118005774713037 ], [ -80.137251673264757, 26.117999774712377 ], [ -80.137128673227721, 26.117958774704707 ], [ -80.13712967322995, 26.1180317747231 ], [ -80.137130673231937, 26.118094774738999 ], [ -80.137133673236448, 26.118230774773288 ], [ -80.137133673237031, 26.118252774778846 ], [ -80.137135673239598, 26.11832677479747 ], [ -80.137137673244922, 26.118503774842154 ], [ -80.137146673261782, 26.119034774976118 ], [ -80.13714967326743, 26.119211775020759 ], [ -80.137151673271447, 26.119339775052996 ], [ -80.137151673272115, 26.119364775059314 ], [ -80.137160673287013, 26.119823775175082 ], [ -80.137163673292036, 26.119977775213947 ], [ -80.137167673297213, 26.120127775251689 ], [ -80.137179673312858, 26.120579775365574 ], [ -80.137184673318345, 26.120730775403647 ], [ -80.137181673320541, 26.120844775432484 ], [ -80.137176673328327, 26.121189775519785 ], [ -80.137174673330861, 26.121304775548865 ], [ -80.13717267333179, 26.121361775563262 ], [ -80.137170673335817, 26.121535775607271 ], [ -80.13717067333782, 26.121610775626205 ], [ -80.136827673237306, 26.121603775631954 ], [ -80.135800672937791, 26.121636775662694 ], [ -80.13545967283828, 26.121647775672951 ], [ -80.135461672843533, 26.121819775716368 ], [ -80.135469672859728, 26.122337775847022 ], [ -80.135472672865248, 26.122510775890621 ], [ -80.135429672852695, 26.122511775891805 ], [ -80.135303672815951, 26.12251577589555 ], [ -80.135261672803708, 26.122517775897034 ], [ -80.135089672753494, 26.122521775901781 ], [ -80.134573672602869, 26.1225347759163 ], [ -80.134402672553023, 26.122539775921357 ], [ -80.134370672543625, 26.122539775922043 ], [ -80.134273672515292, 26.122541775924674 ], [ -80.134242672506232, 26.122542775925591 ], [ -80.134059672452835, 26.122546775930608 ], [ -80.133511672292812, 26.122557775945321 ], [ -80.133329672239711, 26.12256277595062 ], [ -80.133312672234723, 26.122562775950975 ], [ -80.133265672221, 26.122563775952251 ], [ -80.133249672216323, 26.122564775952867 ], [ -80.133055672159657, 26.122566775957594 ], [ -80.13247567199015, 26.122572775971754 ], [ -80.132282671933737, 26.122575775976728 ], [ -80.132099671880326, 26.122580775981962 ], [ -80.131551671720402, 26.122594775997513 ], [ -80.131369671667329, 26.122600776002983 ], [ -80.131345671660327, 26.122600776003516 ], [ -80.131277671640476, 26.122602776005497 ], [ -80.131254671633769, 26.122603776006251 ], [ -80.131055671575567, 26.12260477601086 ], [ -80.130460671401607, 26.122609776025154 ], [ -80.1302626713438, 26.12261177602997 ], [ -80.130209671328259, 26.122612776031389 ], [ -80.13004967128154, 26.122615776035609 ], [ -80.129997671266366, 26.122616776037013 ], [ -80.129844671221761, 26.122622776041847 ], [ -80.12938767108858, 26.122641776056643 ], [ -80.129235671044285, 26.12264877606172 ], [ -80.129112671008414, 26.122651776065165 ], [ -80.128744670900986, 26.122661776075766 ], [ -80.128622670865397, 26.122665776079433 ], [ -80.128620670859945, 26.122483776033498 ], [ -80.128614670843589, 26.121940775896469 ], [ -80.12861267083818, 26.121759775850808 ], [ -80.128338670758112, 26.121763775857794 ], [ -80.127517670518301, 26.121775775878795 ], [ -80.127244670438557, 26.121780775886002 ], [ -80.12724667044391, 26.121958775930931 ], [ -80.127252670459981, 26.122492776065631 ], [ -80.12725567046563, 26.122670776110532 ], [ -80.126977670384406, 26.122674776117648 ], [ -80.126143670140792, 26.122688776139395 ], [ -80.125866670059835, 26.12269377614669 ], [ -80.125865670054765, 26.122515776101739 ], [ -80.125862670039595, 26.121981775966947 ], [ -80.12586267003482, 26.121803775921997 ], [ -80.125858670028919, 26.121626775877381 ], [ -80.125848670011862, 26.12109877574424 ], [ -80.125845670006214, 26.120922775699842 ], [ -80.125707669965919, 26.120924775703351 ], [ -80.125295669845571, 26.120931775714102 ], [ -80.1251586698056, 26.120934775717856 ], [ -80.125078669791904, 26.121297775811271 ], [ -80.1248886697595, 26.1221617760337 ], [ -80.124870669760355, 26.12239177609219 ], [ -80.124857669761127, 26.12256077613511 ], [ -80.124865669766066, 26.122658776159732 ], [ -80.124910669781784, 26.122753776182716 ], [ -80.124886669775847, 26.122793776193383 ], [ -80.124865669771523, 26.122861776211032 ], [ -80.124866669772956, 26.122904776221873 ], [ -80.124878669789439, 26.123389776344066 ], [ -80.124883669795281, 26.123551776384886 ], [ -80.124764669760467, 26.12355277638779 ], [ -80.124407669656193, 26.123557776396829 ], [ -80.124384669649487, 26.123558776397573 ], [ -80.124288669621379, 26.123559776399929 ], [ -80.124272669613731, 26.123446776371736 ], [ -80.124238669597176, 26.123201776310577 ], [ -80.124219669589721, 26.123131776293341 ], [ -80.12421066958656, 26.123110776288222 ], [ -80.124179669575256, 26.123028776268178 ], [ -80.124167669571165, 26.123005776262602 ], [ -80.124012669525214, 26.12298377626044 ], [ -80.123932669501471, 26.122972776259431 ], [ -80.123547669390248, 26.123024776280971 ], [ -80.12339366934583, 26.1230467762899 ], [ -80.123236669299956, 26.123048776293814 ], [ -80.122765669162391, 26.123057776306421 ], [ -80.122609669116827, 26.123060776310592 ], [ -80.12265466914964, 26.123793776494718 ], [ -80.122790669248459, 26.125995777047947 ], [ -80.122836669281597, 26.126729777232359 ], [ -80.12279566927387, 26.126888777273408 ], [ -80.12276766926918, 26.127018777306819 ], [ -80.122742669265051, 26.127137777337467 ], [ -80.122703669257362, 26.12727677737341 ], [ -80.122695669257936, 26.127384777400859 ], [ -80.122684669255662, 26.127420777410176 ], [ -80.122668669251794, 26.127452777418632 ], [ -80.122629669243167, 26.127554777445219 ], [ -80.122549669228491, 26.127880777529342 ], [ -80.122479669215807, 26.128170777604126 ], [ -80.122353669192805, 26.128688777737707 ], [ -80.122329669187792, 26.128763777757154 ], [ -80.122299669181686, 26.128862777782796 ], [ -80.121948669109855, 26.130013778081167 ], [ -80.121933669106411, 26.130047778090095 ], [ -80.12191466910167, 26.130078778098333 ], [ -80.12186366908827, 26.130134778113618 ], [ -80.121830669079117, 26.130154778119397 ], [ -80.121751669055925, 26.130150778120118 ], [ -80.121633669021705, 26.130163778125947 ], [ -80.121594669010364, 26.1301637781268 ], [ -80.121490668979476, 26.130148778125275 ], [ -80.12120366889441, 26.130107778121232 ], [ -80.121165668883052, 26.130097778119527 ], [ -80.121058668850466, 26.130050778109979 ], [ -80.120908668808426, 26.130119778130684 ], [ -80.120919668810899, 26.130091778123383 ], [ -80.121247668891883, 26.129533777975279 ], [ -80.12123466888788, 26.129524777973298 ], [ -80.121128668854453, 26.129435777953148 ], [ -80.121128668849892, 26.129264777909917 ], [ -80.121183668864091, 26.129196777891543 ], [ -80.117476667778959, 26.129173777966756 ], [ -80.116902667610859, 26.129169777978305 ], [ -80.113769666693699, 26.129150778041957 ], [ -80.113462666603809, 26.129148778048169 ], [ -80.113014666468942, 26.129005778021881 ], [ -80.112985666463899, 26.129134778055047 ], [ -80.112973666462324, 26.129206778073513 ], [ -80.11295666646221, 26.129387778119632 ], [ -80.112945666460874, 26.129459778138035 ], [ -80.1128496664453, 26.129924778257593 ], [ -80.112841666445888, 26.130033778285259 ], [ -80.112844666448709, 26.130106778303691 ], [ -80.112948666498511, 26.130828778483767 ], [ -80.113032666531595, 26.131146778562236 ], [ -80.113066666544398, 26.131251778587981 ], [ -80.113095666554642, 26.131318778604275 ], [ -80.113139666569154, 26.131379778618726 ], [ -80.113188666585046, 26.131437778632339 ], [ -80.113241666602036, 26.131490778644558 ], [ -80.113271666611411, 26.131514778649947 ], [ -80.113403666652232, 26.131595778667531 ], [ -80.114101666865722, 26.131941778739659 ], [ -80.114277666919463, 26.132024778756783 ], [ -80.114351666941772, 26.13205077876173 ], [ -80.114427666964531, 26.132070778765133 ], [ -80.114505666987796, 26.132085778767227 ], [ -80.11458466701113, 26.132094778767758 ], [ -80.114663667034364, 26.132097778766777 ], [ -80.114702667045719, 26.132095778765432 ], [ -80.114775667067846, 26.132124778771132 ], [ -80.114850667090366, 26.132146778775038 ], [ -80.114966667124989, 26.132172778779083 ], [ -80.115044667148183, 26.132185778780688 ], [ -80.115202667194794, 26.132199778780794 ], [ -80.115673667334207, 26.13225977878561 ], [ -80.115831667380732, 26.132270778784953 ], [ -80.115950667415603, 26.132273778783109 ], [ -80.116065667449973, 26.1323007787874 ], [ -80.116340667531318, 26.132333778789747 ], [ -80.116770667658869, 26.13239877879672 ], [ -80.117079667751, 26.132462778806147 ], [ -80.117395667844278, 26.132493778807095 ], [ -80.117514667879234, 26.13249877880574 ], [ -80.117592667902045, 26.132497778803778 ], [ -80.117825667971459, 26.132544778810566 ], [ -80.117947668009649, 26.132636778831106 ], [ -80.118146668077372, 26.132992778916698 ], [ -80.118323668138999, 26.133358779005242 ], [ -80.118378668158783, 26.133495779038658 ], [ -80.118408668170417, 26.13360177906479 ], [ -80.118423668176717, 26.13367277908236 ], [ -80.118457668192463, 26.13388977913646 ], [ -80.118503668208618, 26.133989779160672 ], [ -80.118537668220924, 26.134076779181903 ], [ -80.118508668215071, 26.134175779207538 ], [ -80.118486668211517, 26.134282779235047 ], [ -80.118478668211125, 26.134355779253653 ], [ -80.11845466820796, 26.134499779290572 ], [ -80.118443668207689, 26.134608779318341 ], [ -80.118443668208656, 26.134644779327417 ], [ -80.118467668219523, 26.134788779363276 ], [ -80.118534668244749, 26.134997779414583 ], [ -80.118578668267318, 26.135358779504788 ], [ -80.118582668270435, 26.135431779523127 ], [ -80.118572668271369, 26.135576779559997 ], [ -80.118570668273662, 26.135684779587294 ], [ -80.118575668278112, 26.135793779614708 ], [ -80.118561668276911, 26.135901779642285 ], [ -80.118543668273517, 26.135972779660595 ], [ -80.118530668270679, 26.136007779669789 ], [ -80.118524668269856, 26.136043779678968 ], [ -80.118524668270823, 26.136079779688078 ], [ -80.11853966827718, 26.136151779705905 ], [ -80.118564668286297, 26.136219779722534 ], [ -80.11865066831588, 26.136383779762063 ], [ -80.118640668314853, 26.136455779780515 ], [ -80.118635668315363, 26.136528779799036 ], [ -80.118627668314005, 26.136564779808261 ], [ -80.118576668302794, 26.136701779844032 ], [ -80.118571668304199, 26.136810779871624 ], [ -80.11855766830206, 26.136882779890165 ], [ -80.118533668296905, 26.136951779908109 ], [ -80.118435668274572, 26.137189779970331 ], [ -80.118384668263374, 26.137327780006284 ], [ -80.118368668259578, 26.137360780015001 ], [ -80.118118668192693, 26.137594780079539 ], [ -80.118094668186458, 26.137623780087349 ], [ -80.118075668181731, 26.137654780095627 ], [ -80.118064668179485, 26.137689780104697 ], [ -80.118059668179157, 26.137732780115666 ], [ -80.118362668267665, 26.137727780107799 ], [ -80.118255668237737, 26.137779780123257 ], [ -80.118262668240746, 26.137813780131712 ], [ -80.118365668283701, 26.138291780250164 ], [ -80.118383668297682, 26.138616780331866 ], [ -80.118444668326632, 26.139029780434832 ], [ -80.118487668344827, 26.13923878048665 ], [ -80.118548668371659, 26.13957478057015 ], [ -80.118640668404623, 26.139799780624983 ], [ -80.118786668459038, 26.14023478073161 ], [ -80.118811668470627, 26.140394780771526 ], [ -80.118811668477875, 26.140663780839461 ], [ -80.118799668479511, 26.140856780888427 ], [ -80.118836668495376, 26.141043780934801 ], [ -80.118830668501019, 26.141318781004436 ], [ -80.118836668506489, 26.141456781039139 ], [ -80.118763668500776, 26.142039781187979 ], [ -80.118751668502256, 26.142226781235447 ], [ -80.11869666849195, 26.142441781290916 ], [ -80.118611668472695, 26.142650781345594 ], [ -80.118562668460726, 26.142738781368895 ], [ -80.118477668440448, 26.142909781413895 ], [ -80.118300668393687, 26.14309678146504 ], [ -80.11821566837196, 26.143212781496171 ], [ -80.118026668326678, 26.14358678159472 ], [ -80.117946668305819, 26.143680781620244 ], [ -80.117812668269849, 26.14380178165371 ], [ -80.117496668188039, 26.144197781760592 ], [ -80.117416668167849, 26.14431878179294 ], [ -80.117276668138885, 26.144764781908616 ], [ -80.117258668138035, 26.14492978195068 ], [ -80.117228668132555, 26.145051781982115 ], [ -80.11700266806703, 26.145073781992622 ], [ -80.116874668036942, 26.145348782064914 ], [ -80.116815668023648, 26.145496782103528 ], [ -80.116789668017759, 26.145560782120267 ], [ -80.116605667970788, 26.145815782188681 ], [ -80.116600667969792, 26.145832782193086 ], [ -80.116769668017241, 26.145759782170966 ], [ -80.116793668034504, 26.146141782266898 ], [ -80.116667667997845, 26.146147782271171 ], [ -80.116594667976642, 26.146152782274015 ], [ -80.116563667971221, 26.146289782309289 ], [ -80.116541667969187, 26.146452782350977 ], [ -80.116539667969093, 26.146471782355757 ], [ -80.116531667969653, 26.146578782382974 ], [ -80.116527667969891, 26.146630782396219 ], [ -80.116543667976813, 26.146715782417306 ], [ -80.116624668011525, 26.14712478251878 ], [ -80.116637668016949, 26.147186782534177 ], [ -80.116654668023955, 26.147261782552782 ], [ -80.116680668034746, 26.147379782581986 ], [ -80.116723668049687, 26.147467782603275 ], [ -80.116832668084115, 26.147561782624614 ], [ -80.116942668116877, 26.147583782627741 ], [ -80.117060668151467, 26.147586782625922 ], [ -80.117474668278234, 26.147794782669376 ], [ -80.117458668273613, 26.147797782670494 ], [ -80.117148668185109, 26.147879782697981 ], [ -80.117031668155704, 26.148059782745992 ], [ -80.11700266815015, 26.148167782773914 ], [ -80.117007668153065, 26.148222782787681 ], [ -80.117258668235664, 26.148563782868287 ], [ -80.117162668206916, 26.148537782863823 ], [ -80.117113668192218, 26.148524782861632 ], [ -80.117052668172278, 26.148447782843505 ], [ -80.117022668163258, 26.148436782841411 ], [ -80.117013668157441, 26.148320782812316 ], [ -80.116969668145444, 26.148352782821334 ], [ -80.116968668145518, 26.148366782824915 ], [ -80.11702266817268, 26.148788782930257 ], [ -80.116927668146545, 26.148852782948513 ], [ -80.116851668125733, 26.148904782963324 ], [ -80.116802668114218, 26.149008782990627 ], [ -80.116733668097183, 26.149125783021663 ], [ -80.116693668087336, 26.149195783040209 ], [ -80.11670566809164, 26.149226783047826 ], [ -80.11669366809096, 26.149330783074305 ], [ -80.116693668091827, 26.14936278308242 ], [ -80.116718668100546, 26.149415783095225 ], [ -80.116765668116614, 26.149501783115934 ], [ -80.116836668139968, 26.149597783138603 ], [ -80.116932668168687, 26.149619783142047 ], [ -80.117514668337947, 26.149582783120007 ], [ -80.117867668440965, 26.149572783109726 ], [ -80.1179566684674, 26.149587783111578 ], [ -80.117935668463829, 26.149683783136282 ], [ -80.117885668451038, 26.149751783154528 ], [ -80.11784566844095, 26.149811783170591 ], [ -80.117803668429303, 26.149836783177804 ], [ -80.117621668376373, 26.149847783184551 ], [ -80.116679668101526, 26.149876783212527 ], [ -80.116386668016929, 26.149918783229538 ], [ -80.116326668000667, 26.149965783242713 ], [ -80.116272667986181, 26.15001578325651 ], [ -80.116240667977777, 26.150050783266011 ], [ -80.116146667956542, 26.150282783326698 ], [ -80.116126667952983, 26.150368783348856 ], [ -80.11612666795682, 26.150511783384957 ], [ -80.116222667986435, 26.150568783397215 ], [ -80.116329668019347, 26.150628783410035 ], [ -80.11642966804888, 26.15063978341065 ], [ -80.116829668165749, 26.150632783400091 ], [ -80.117521668368042, 26.150625783383191 ], [ -80.117585668386965, 26.15063278338355 ], [ -80.117621668398684, 26.150678783394369 ], [ -80.117614668399469, 26.150782783420809 ], [ -80.117585668392707, 26.150846783437615 ], [ -80.117560668386091, 26.150874783445218 ], [ -80.117521668375531, 26.150903783453373 ], [ -80.117328668319686, 26.150928783463904 ], [ -80.117093668251513, 26.150949783474356 ], [ -80.116925668204644, 26.151035783499758 ], [ -80.116804668172691, 26.151163783534731 ], [ -80.116729668154989, 26.151320783576011 ], [ -80.116600668128939, 26.151755783688657 ], [ -80.116533668116418, 26.152019783756796 ], [ -80.116440668093375, 26.152173783797735 ], [ -80.116394668081327, 26.152226783812104 ], [ -80.116340668065789, 26.15223778381608 ], [ -80.116272668045411, 26.152219783813017 ], [ -80.116244668035804, 26.152166783800212 ], [ -80.116247668035527, 26.152123783789357 ], [ -80.116262668038587, 26.152073783776359 ], [ -80.116447668078223, 26.151534783636219 ], [ -80.116501668088532, 26.151331783583764 ], [ -80.116490668082278, 26.151217783555236 ], [ -80.116411668055775, 26.151092783525417 ], [ -80.116283668015299, 26.150978783499443 ], [ -80.116112667964089, 26.150935783492329 ], [ -80.11598066792547, 26.150935783495228 ], [ -80.115816667878548, 26.150974783508588 ], [ -80.115716667851927, 26.151071783535333 ], [ -80.115623667828956, 26.151231783577757 ], [ -80.115545667810949, 26.151409783624402 ], [ -80.115477667796043, 26.151595783672846 ], [ -80.115395667777861, 26.151812783729479 ], [ -80.115263667755613, 26.152421783886105 ], [ -80.115202667748051, 26.152802783983638 ], [ -80.115224667754902, 26.152817783986915 ], [ -80.115252667763443, 26.152831783989885 ], [ -80.11532366778421, 26.152831783988319 ], [ -80.115580667859888, 26.152848783986975 ], [ -80.116094668010149, 26.152845783974978 ], [ -80.116279668064323, 26.152845783970932 ], [ -80.11632966807953, 26.152867783975395 ], [ -80.116372668093049, 26.152902783983269 ], [ -80.1163156680865, 26.153280784079978 ], [ -80.116287668079309, 26.153316784089686 ], [ -80.116258668070827, 26.153316784090336 ], [ -80.116162668042293, 26.153300784088366 ], [ -80.115916667970552, 26.15330978409601 ], [ -80.115666667897585, 26.153316784103275 ], [ -80.115238667775614, 26.153437784143179 ], [ -80.114931667689461, 26.153573784184225 ], [ -80.114653667613482, 26.153773784240826 ], [ -80.114453667559175, 26.153930784284832 ], [ -80.114275667513084, 26.154151784344545 ], [ -80.114118667474216, 26.154415784414606 ], [ -80.11407566746874, 26.154679784482241 ], [ -80.11407566747333, 26.154850784525433 ], [ -80.114118667488626, 26.154950784549694 ], [ -80.114182667510178, 26.155057784575348 ], [ -80.114260667536868, 26.155200784609729 ], [ -80.114767667688085, 26.155308784625891 ], [ -80.115147667792357, 26.15505178455269 ], [ -80.115366667855966, 26.155032784543099 ], [ -80.115461667888326, 26.155203784584181 ], [ -80.115452667892882, 26.155469784651526 ], [ -80.115376667878024, 26.155745784722871 ], [ -80.11527166785298, 26.155955784778214 ], [ -80.115109667811438, 26.156173784836774 ], [ -80.114871667747835, 26.156398784898794 ], [ -80.114637667683709, 26.156558784944373 ], [ -80.114535667655517, 26.156620784962215 ], [ -80.114449667631717, 26.156672784977268 ], [ -80.114424667625016, 26.156694784983344 ], [ -80.11440066761871, 26.15672178499069 ], [ -80.114345667605235, 26.156817785016109 ], [ -80.114296667594502, 26.156953785051517 ], [ -80.114276667590545, 26.157022785069383 ], [ -80.114253667587676, 26.157165785105967 ], [ -80.114250667588664, 26.157236785124006 ], [ -80.114267667596494, 26.157343785150626 ], [ -80.114297667609137, 26.157484785185609 ], [ -80.11431866761707, 26.157553785202534 ], [ -80.114370667635924, 26.15768778523524 ], [ -80.114388667642103, 26.157720785243157 ], [ -80.114554667697135, 26.15796278530064 ], [ -80.114831667786305, 26.158264785370786 ], [ -80.114952667824099, 26.15835278539036 ], [ -80.115063667859246, 26.15845178541295 ], [ -80.115150667886596, 26.158523785429228 ], [ -80.115241667914987, 26.158589785443915 ], [ -80.11543766797557, 26.158709785469885 ], [ -80.115510667997654, 26.158736785475092 ], [ -80.115702668054695, 26.158767785478741 ], [ -80.115780668077619, 26.158772785478277 ], [ -80.115855668099172, 26.15875678547259 ], [ -80.116072668160328, 26.158670785446116 ], [ -80.116208668198226, 26.15860078542546 ], [ -80.116225668202901, 26.158588785422094 ], [ -80.116270668215208, 26.158556785413008 ], [ -80.116446668262768, 26.158409785372072 ], [ -80.116472668269594, 26.15838178536438 ], [ -80.116515668280528, 26.158320785348071 ], [ -80.116543668286894, 26.158252785330294 ], [ -80.11654566828652, 26.15821678532112 ], [ -80.116533668280084, 26.158107785293883 ], [ -80.116475668257451, 26.157896785241906 ], [ -80.116451668248558, 26.157827785224992 ], [ -80.116419668237398, 26.157760785208801 ], [ -80.116307668200605, 26.157610785173347 ], [ -80.116200668165163, 26.157457785137058 ], [ -80.116164668152791, 26.157389785120682 ], [ -80.11618666815869, 26.157369785115222 ], [ -80.116377668212721, 26.15729978509329 ], [ -80.1164466682322, 26.157273785085223 ], [ -80.116523668254132, 26.157252785078231 ], [ -80.116601668276715, 26.157241785073762 ], [ -80.116641668288352, 26.157239785072392 ], [ -80.11707466841591, 26.157272785071225 ], [ -80.117294668481534, 26.157317785077751 ], [ -80.117344668496429, 26.157328785079489 ], [ -80.117356668500022, 26.157332785080214 ], [ -80.117516668548376, 26.15738778509056 ], [ -80.11749266854352, 26.157470785112057 ], [ -80.117476668540348, 26.157525785126271 ], [ -80.117468668538763, 26.157554785133815 ], [ -80.117438668532742, 26.157656785160196 ], [ -80.117205668486335, 26.158465785369547 ], [ -80.117128668471068, 26.15873578543939 ], [ -80.117065668458451, 26.15895278549559 ], [ -80.117053668456109, 26.158995785506715 ], [ -80.116878668421251, 26.15960378566405 ], [ -80.116816668408958, 26.159821785720403 ], [ -80.116476668340624, 26.160979786020228 ], [ -80.116311668307546, 26.161543786166231 ], [ -80.115978668244196, 26.162810786493356 ], [ -80.115881668228809, 26.163292786617205 ], [ -80.115821668227483, 26.16389778677118 ], [ -80.115845668251055, 26.164511786925704 ], [ -80.115860668260595, 26.164703786973828 ], [ -80.115942668295858, 26.165121787077563 ], [ -80.116037668334542, 26.165526787177722 ], [ -80.116106668358967, 26.165684787216108 ], [ -80.116169668381318, 26.165829787251297 ], [ -80.116193668389826, 26.165884787264694 ], [ -80.116368668451244, 26.166263787356534 ], [ -80.116373668452965, 26.166273787358929 ], [ -80.116450668478862, 26.166400787389314 ], [ -80.116556668514605, 26.166574787430879 ], [ -80.116749668579601, 26.166892787506917 ], [ -80.116886668625057, 26.167090787553906 ], [ -80.116917668635296, 26.167135787564582 ], [ -80.117003668663827, 26.167259787594016 ], [ -80.11799466898961, 26.168590787908286 ], [ -80.118463669143907, 26.169224788058042 ], [ -80.118755669242063, 26.169697788171028 ], [ -80.118940669306269, 26.170071788261396 ], [ -80.118948669309091, 26.170090788266027 ], [ -80.11910366936371, 26.170434788349457 ], [ -80.119283669431013, 26.170978788482813 ], [ -80.119357669463867, 26.171394788586159 ], [ -80.119439669500025, 26.171845788698207 ], [ -80.119445669509091, 26.172117788766773 ], [ -80.11946366953633, 26.172933788972333 ], [ -80.11946966954541, 26.173206789041096 ], [ -80.11947866955218, 26.173358789079266 ], [ -80.119506669572644, 26.173815789193995 ], [ -80.119516669579681, 26.173968789232408 ], [ -80.119519669582829, 26.174052789253569 ], [ -80.119528669592356, 26.174306789317445 ], [ -80.119531669595489, 26.174391789338863 ], [ -80.119541669610967, 26.174858789456479 ], [ -80.119574669658377, 26.1762597898094 ], [ -80.119585669674166, 26.176726789926981 ], [ -80.11960866970233, 26.177522790127412 ], [ -80.119614669709975, 26.17773979018202 ], [ -80.119679669787487, 26.179910790728538 ], [ -80.119703669815991, 26.180707790929141 ], [ -80.119691669823297, 26.181110791031124 ], [ -80.119658669823039, 26.181458791119635 ], [ -80.119584669811744, 26.18184379121848 ], [ -80.119477669790072, 26.182199791310623 ], [ -80.119333669757879, 26.182569791407197 ], [ -80.119248669737914, 26.182752791455247 ], [ -80.118992669677851, 26.183302791599633 ], [ -80.118908669658225, 26.183486791647955 ], [ -80.119127669722317, 26.183485791642848 ], [ -80.119787669915397, 26.183485791628371 ], [ -80.120007669979785, 26.18348579162355 ], [ -80.120205670037564, 26.183479791617685 ], [ -80.120802670211759, 26.183463791600587 ], [ -80.121001670269862, 26.183458791594905 ], [ -80.12112967030734, 26.183458791592106 ], [ -80.12151667042059, 26.183459791583854 ], [ -80.121645670458378, 26.18346079158129 ], [ -80.121677670467619, 26.183457791579851 ], [ -80.121776670496445, 26.183450791575918 ], [ -80.121809670506011, 26.183448791574687 ], [ -80.12192667054012, 26.183444791571137 ], [ -80.122278670642828, 26.183433791560596 ], [ -80.122396670677276, 26.183430791557253 ], [ -80.12240367068496, 26.183638791609575 ], [ -80.122427670708831, 26.184263791766799 ], [ -80.122435670716783, 26.184472791819339 ], [ -80.122438670720697, 26.184585791847788 ], [ -80.122447670732527, 26.184925791933381 ], [ -80.122450670736484, 26.185039791962136 ], [ -80.122458670743342, 26.185208792004584 ], [ -80.122484670764678, 26.185717792132483 ], [ -80.122493670771931, 26.185887792175151 ], [ -80.122502670782112, 26.186168792245905 ], [ -80.122531670813302, 26.187011792457973 ], [ -80.122541670823836, 26.187292792528698 ], [ -80.122544670828859, 26.187446792567435 ], [ -80.122553670843942, 26.187908792683853 ], [ -80.122557670849275, 26.188063792722872 ], [ -80.12256667085714, 26.188256792771369 ], [ -80.122593670880661, 26.188835792916898 ], [ -80.122602670888483, 26.189029792965655 ], [ -80.122607670893913, 26.189174793002117 ], [ -80.122622670910005, 26.189610793111839 ], [ -80.122628670915759, 26.189756793148522 ], [ -80.122636670924209, 26.189984793205873 ], [ -80.122660670949685, 26.190668793377988 ], [ -80.122669670958459, 26.190897793435543 ], [ -80.122685670967385, 26.19105379347458 ], [ -80.122734670994419, 26.191524793592343 ], [ -80.122751671003627, 26.191681793631602 ], [ -80.12276567101793, 26.192058793726357 ], [ -80.122807671060812, 26.193192794011608 ], [ -80.122821671075044, 26.193570794106652 ], [ -80.122828671082416, 26.19376779415623 ], [ -80.122842671097629, 26.194178794259596 ], [ -80.122848671103981, 26.194349794302639 ], [ -80.122849671104547, 26.194360794305403 ], [ -80.12285667111199, 26.194558794355178 ], [ -80.122859671116785, 26.194703794391746 ], [ -80.122871671132089, 26.195142794502203 ], [ -80.122875671137265, 26.195288794539003 ], [ -80.122880671141132, 26.195378794561584 ], [ -80.122897671153424, 26.195648794629342 ], [ -80.122903671157616, 26.195739794652166 ], [ -80.12290567116213, 26.195885794688927 ], [ -80.122911671175757, 26.196326794800083 ], [ -80.122914671180624, 26.196473794837086 ], [ -80.122743671130692, 26.19647679484164 ], [ -80.122232670981461, 26.196487794855603 ], [ -80.122062670931797, 26.196491794860339 ], [ -80.121903670885288, 26.196491794863825 ], [ -80.121428670746326, 26.196492794874516 ], [ -80.121270670700142, 26.196493794878247 ], [ -80.121091670648084, 26.196505794885216 ], [ -80.120978670615102, 26.196508794888459 ], [ -80.120102670359486, 26.196533794914014 ], [ -80.119811670274558, 26.196542794922635 ], [ -80.119814670279311, 26.19668479495845 ], [ -80.119825670294077, 26.197112795066197 ], [ -80.119829670299083, 26.197255795102155 ], [ -80.119828670302525, 26.197393795136986 ], [ -80.119827670313455, 26.197809795241998 ], [ -80.119827670317207, 26.197948795277064 ], [ -80.119834670334399, 26.198510795418724 ], [ -80.11985567038613, 26.200199795844394 ], [ -80.119862670403421, 26.200762795986286 ], [ -80.119865670408032, 26.200901796021274 ], [ -80.119875670422203, 26.201318796126291 ], [ -80.119879670427139, 26.201458796161511 ], [ -80.119884670432356, 26.201595796195971 ], [ -80.119899670447879, 26.202008796299801 ], [ -80.119905670453377, 26.202146796334493 ], [ -80.120179670533375, 26.202140796326965 ], [ -80.12100167077341, 26.202123796304608 ], [ -80.121276670853774, 26.202118796297309 ], [ -80.121337670872094, 26.202137796300782 ], [ -80.121382670886419, 26.202180796310646 ], [ -80.121410670896154, 26.202238796324629 ], [ -80.121420670901074, 26.202310796342609 ], [ -80.121419670902014, 26.202356796354241 ], [ -80.121416670905745, 26.202526796397166 ], [ -80.121428670929674, 26.203284796588157 ], [ -80.121434670939848, 26.203594796666252 ], [ -80.121455670945991, 26.203596796666286 ], [ -80.121519670964943, 26.203604796666877 ], [ -80.121541670971453, 26.203607796667143 ], [ -80.121655671005129, 26.203618796667453 ], [ -80.121673671010498, 26.203621796667807 ], [ -80.122069671128145, 26.203687796675741 ], [ -80.12220167116736, 26.20370979667841 ], [ -80.1223426712085, 26.20370579667431 ], [ -80.122613671287979, 26.203712796670104 ], [ -80.12269767131265, 26.203714796668734 ], [ -80.122904671373178, 26.203714796664208 ], [ -80.12303967141257, 26.203710796660246 ], [ -80.124634671878056, 26.203666796614083 ], [ -80.126480672418069, 26.203662796572516 ], [ -80.126717672487274, 26.203658796566241 ], [ -80.128387672975052, 26.203628796522015 ], [ -80.129215673217203, 26.203623796502555 ], [ -80.130428673571856, 26.203615796473898 ], [ -80.131271673817693, 26.203586796448008 ], [ -80.131461673873147, 26.203580796442335 ], [ -80.131545673897691, 26.203578796439988 ], [ -80.132186674084693, 26.203559796421096 ], [ -80.132205674090244, 26.203558796420431 ], [ -80.132209674094582, 26.203677796450354 ], [ -80.132221674098133, 26.203677796450112 ], [ -80.132314674125382, 26.203679796448554 ], [ -80.132346674134766, 26.203680796448086 ], [ -80.132417674155548, 26.203681796446844 ], [ -80.13263167421826, 26.203684796442875 ], [ -80.132650674237865, 26.204204796573642 ], [ -80.132659674248771, 26.204510796650599 ], [ -80.132713674305705, 26.206035797034136 ], [ -80.132730674310679, 26.206034797033507 ], [ -80.13277267432295, 26.206033797032333 ], [ -80.133269674467925, 26.206017797017335 ], [ -80.133778674616451, 26.206002797002402 ], [ -80.134332674777895, 26.205980796984683 ], [ -80.13437167478935, 26.205981796984076 ], [ -80.134489674824252, 26.205995796984983 ], [ -80.134527674835709, 26.206007796987208 ], [ -80.134628674866832, 26.206064796999314 ], [ -80.134738674900092, 26.206106797007507 ], [ -80.134774674911057, 26.206121797010532 ], [ -80.134845674932706, 26.206154797017266 ], [ -80.134957674966472, 26.206191797024154 ], [ -80.134995674977816, 26.206199797025317 ], [ -80.135028674989229, 26.20626579704124 ], [ -80.135041674994, 26.206300797049813 ], [ -80.13507567500568, 26.206365797065452 ], [ -80.135099675013592, 26.206397797072984 ], [ -80.135142675027708, 26.206455797086697 ], [ -80.135292675076187, 26.206624797126004 ], [ -80.135614675179383, 26.206958797203185 ], [ -80.136420675437847, 26.207796797396838 ], [ -80.136863675580074, 26.208262797504656 ], [ -80.137128675664925, 26.208533797567174 ], [ -80.137158675674314, 26.208556797572331 ], [ -80.137214675691652, 26.208592797580206 ], [ -80.137373675740903, 26.208694797602416 ], [ -80.137499675780191, 26.208782797621836 ], [ -80.137576675803729, 26.208820797629745 ], [ -80.137609675813678, 26.208831797631774 ], [ -80.137663675829998, 26.208851797635631 ], [ -80.137894675899631, 26.208925797649208 ], [ -80.137950675916358, 26.208940797651771 ], [ -80.138002675931972, 26.208954797654194 ], [ -80.138111675964652, 26.20898379765908 ], [ -80.138200675991342, 26.20900779766318 ], [ -80.138047675951128, 26.209176797709205 ], [ -80.137954675927432, 26.209306797743992 ], [ -80.137914675917187, 26.209360797758517 ], [ -80.137849675900668, 26.209451797782897 ], [ -80.137799675887862, 26.2095207978014 ], [ -80.137749675875099, 26.209589797819905 ], [ -80.137389675787631, 26.210249797994276 ], [ -80.137231675749987, 26.21056779807795 ], [ -80.137154675731693, 26.210723798118984 ], [ -80.136862675662655, 26.211329798278285 ], [ -80.136851675660225, 26.211359798286111 ], [ -80.136820675653709, 26.211452798310244 ], [ -80.13681067565156, 26.21148379831827 ], [ -80.136803675650071, 26.211503798323488 ], [ -80.136762675641663, 26.211636798357929 ], [ -80.13667867562468, 26.211915798430137 ], [ -80.13662767561469, 26.212099798477645 ], [ -80.136586675606949, 26.212255798517905 ], [ -80.136536675597171, 26.212436798564649 ], [ -80.136486675587662, 26.212625798613459 ], [ -80.136401675572529, 26.212985798706139 ], [ -80.136376675568215, 26.213096798734682 ], [ -80.136361675565837, 26.213169798753405 ], [ -80.136338675561959, 26.213277798781185 ], [ -80.136283675553315, 26.213551798851466 ], [ -80.136273675551806, 26.213603798864799 ], [ -80.136254675549182, 26.213712798892711 ], [ -80.13624867554843, 26.213748798901936 ], [ -80.13623067554704, 26.213892798938652 ], [ -80.136214675546071, 26.214030798973788 ], [ -80.136182675547687, 26.214435799076632 ], [ -80.136169675548771, 26.21461779912282 ], [ -80.136168675548959, 26.21463479912715 ], [ -80.136165675551425, 26.214758799158531 ], [ -80.136157675560654, 26.215187799266904 ], [ -80.136159675564954, 26.215323799301167 ], [ -80.136160675568206, 26.215432799328582 ], [ -80.136165675578539, 26.215761799411482 ], [ -80.136167675582115, 26.215871799439167 ], [ -80.136168675584159, 26.215936799455559 ], [ -80.136177675603321, 26.216549799609947 ], [ -80.136198675646483, 26.217917799954531 ], [ -80.136193675664785, 26.218648800138954 ], [ -80.136190675680496, 26.219261800293676 ], [ -80.13617867568307, 26.21948780035093 ], [ -80.136182675695082, 26.219886800451434 ], [ -80.136202675746915, 26.221588800880262 ], [ -80.135629675579324, 26.221589800893117 ], [ -80.135554675557856, 26.221605800898828 ], [ -80.135227675462289, 26.221610800907257 ], [ -80.134017675108765, 26.221629800938693 ], [ -80.133614674991094, 26.221636800949319 ], [ -80.132983674806724, 26.22164780096594 ], [ -80.131091674254094, 26.221681801016175 ], [ -80.130461674070119, 26.221693801033076 ], [ -80.130421674062887, 26.221857801075316 ], [ -80.130305674042262, 26.22234980120195 ], [ -80.130267674035579, 26.222514801244397 ], [ -80.130158674015831, 26.222962801359788 ], [ -80.1300736740004, 26.223312801449897 ], [ -80.129843673960067, 26.22430980170644 ], [ -80.129740673942095, 26.224759801822174 ], [ -80.12964467392608, 26.225204801936471 ], [ -80.129636673924423, 26.225229801943009 ], [ -80.129570673910905, 26.225443801998395 ], [ -80.129481673889515, 26.225615802043755 ], [ -80.129385673865485, 26.2257648020834 ], [ -80.12926267383385, 26.225926802127017 ], [ -80.128839673723306, 26.226415802259595 ], [ -80.128648673673453, 26.226637802319797 ], [ -80.128567673649769, 26.226638802321851 ], [ -80.128043673495426, 26.226600802323773 ], [ -80.127919673459076, 26.226596802325513 ], [ -80.127748673408846, 26.226590802327767 ], [ -80.1272516732637, 26.226599802340971 ], [ -80.127213673256094, 26.226730802374831 ], [ -80.127065673226824, 26.227247802508501 ], [ -80.126624673139844, 26.228802802910337 ], [ -80.126477673110898, 26.2293208030442 ], [ -80.126428673101429, 26.229502803091151 ], [ -80.126283673073885, 26.230051803232833 ], [ -80.126235673064841, 26.230235803280276 ], [ -80.126181673054205, 26.230427803329853 ], [ -80.126021673023061, 26.231005803479153 ], [ -80.125968673012778, 26.231198803529026 ], [ -80.125959673011067, 26.231230803537255 ], [ -80.125935673006623, 26.231328803562491 ], [ -80.125927673005179, 26.231361803571005 ], [ -80.125905673000375, 26.231421803586635 ], [ -80.125882672995346, 26.231483803602746 ], [ -80.125839672986018, 26.231604803634241 ], [ -80.125818672981566, 26.231666803650299 ], [ -80.125775672972964, 26.231814803688593 ], [ -80.125650672948481, 26.232260803803815 ], [ -80.125609672940527, 26.232409803842302 ], [ -80.125509672921069, 26.232770803935544 ], [ -80.125210672862934, 26.233855804215718 ], [ -80.125111672843772, 26.234217804309193 ], [ -80.124948672810746, 26.234758804449179 ], [ -80.124462672712511, 26.23638280486939 ], [ -80.124300672679837, 26.236924805009618 ], [ -80.124082672637314, 26.237711805212854 ], [ -80.123485672521326, 26.239876805771917 ], [ -80.123425672509057, 26.240072805822663 ], [ -80.123191672461829, 26.240855806025269 ], [ -80.12293067241049, 26.241779806263978 ], [ -80.122254672277521, 26.244171806881965 ], [ -80.122147672256574, 26.244554806980883 ], [ -80.121887672205602, 26.245479807219837 ], [ -80.121674672166307, 26.246330807439083 ], [ -80.121426672120833, 26.247328807696164 ], [ -80.120994672036275, 26.248872808094966 ], [ -80.12075967199047, 26.249717808313161 ], [ -80.120809672005038, 26.249716808311806 ], [ -80.120930672040373, 26.249714808308632 ], [ -80.120962672049771, 26.249714808307932 ], [ -80.121013672064677, 26.249714808306798 ], [ -80.120847672032468, 26.25031980846299 ], [ -80.120692672002548, 26.250886808609337 ], [ -80.120336671932193, 26.252133808931625 ], [ -80.12016467189828, 26.25273880908788 ], [ -80.120126671890858, 26.252876809123549 ], [ -80.12001467186937, 26.253292809230878 ], [ -80.11997867186264, 26.253431809266694 ], [ -80.119872671841563, 26.253797809361281 ], [ -80.119555671778656, 26.254898809645816 ], [ -80.119450671757889, 26.25526580974071 ], [ -80.119345671737136, 26.255632809835518 ], [ -80.119031671675117, 26.256732810119743 ], [ -80.118927671654632, 26.257100810214769 ], [ -80.118818671633363, 26.257492810316052 ], [ -80.118491671569629, 26.258668810619696 ], [ -80.11838267154836, 26.259060810720889 ], [ -80.118294671530833, 26.259363810799233 ], [ -80.118030671478238, 26.260271811033924 ], [ -80.117985671469341, 26.260429811074737 ], [ -80.117943671460992, 26.260575811112513 ], [ -80.117884671443392, 26.260561811110271 ], [ -80.117852671433766, 26.260553811108981 ], [ -80.117710671391364, 26.260520811103746 ], [ -80.117698671387828, 26.260518811103509 ], [ -80.11765267137406, 26.260507811101775 ], [ -80.117635671370607, 26.260564811116502 ], [ -80.117585671360686, 26.260737811161231 ], [ -80.117569671357572, 26.26079581117618 ], [ -80.116953671235933, 26.262955811734233 ], [ -80.116803671206469, 26.263485811871146 ], [ -80.116041671054987, 26.26611881255165 ], [ -80.115496670948573, 26.268071813055904 ], [ -80.115109670872428, 26.269437813408764 ], [ -80.114919670835093, 26.270110813582562 ], [ -80.114513670756835, 26.271603813967804 ], [ -80.114313670718246, 26.272336814156983 ], [ -80.114258670707713, 26.272540814209631 ], [ -80.113711670601859, 26.274536814724772 ], [ -80.11355567057177, 26.27510781487209 ], [ -80.113511670563327, 26.275270814914144 ], [ -80.11353667057061, 26.275269814913337 ], [ -80.113615670593688, 26.275269814911596 ], [ -80.113641670601282, 26.275269814911024 ], [ -80.113656670605678, 26.275268814910447 ], [ -80.113667670608933, 26.275268814910206 ], [ -80.113747670632293, 26.275268814908436 ], [ -80.113774670640183, 26.275268814907839 ], [ -80.113695670624566, 26.275543814978871 ], [ -80.113460670578178, 26.276368815192001 ], [ -80.113382670562885, 26.276644815263268 ], [ -80.11329767054626, 26.276947815341536 ], [ -80.113043670496722, 26.277858815576696 ], [ -80.112959670480365, 26.278162815655197 ], [ -80.112916670471762, 26.27830881569291 ], [ -80.112790670446799, 26.27874581580587 ], [ -80.112748670438506, 26.278892815843804 ], [ -80.112706670430072, 26.279034815880507 ], [ -80.112631670415254, 26.279296815948211 ], [ -80.112576670403442, 26.279455815989472 ], [ -80.112548670399278, 26.279603816027421 ], [ -80.112407670371525, 26.280099816155538 ], [ -80.111985670288519, 26.28158881654009 ], [ -80.11184567026109, 26.282085816668424 ], [ -80.111786670249373, 26.282290816721371 ], [ -80.111610670214574, 26.282905816880234 ], [ -80.111552670203253, 26.283111816933413 ], [ -80.111504670193739, 26.283279816976851 ], [ -80.11136267016586, 26.283782817106712 ], [ -80.111315670156714, 26.283951817150378 ], [ -80.111252670144225, 26.284170817206956 ], [ -80.111063670106788, 26.284826817376441 ], [ -80.111001670094623, 26.285046817433198 ], [ -80.110953670085166, 26.285215817476882 ], [ -80.110811670057487, 26.285724817608305 ], [ -80.11076567004865, 26.285894817652117 ], [ -80.110738670043233, 26.285987817676148 ], [ -80.11065867002749, 26.286268817748759 ], [ -80.110632670022454, 26.286362817773007 ], [ -80.110592670014583, 26.286503817809404 ], [ -80.110590670014247, 26.28651281781173 ], [ -80.110547670005772, 26.286663817850709 ], [ -80.110487669993717, 26.286866817903192 ], [ -80.110468669989785, 26.28692781791899 ], [ -80.110427669981704, 26.287069817955672 ], [ -80.11037766997174, 26.287242818000401 ], [ -80.110306669957765, 26.287492818064937 ], [ -80.109671669833133, 26.28974081864542 ], [ -80.109654669829709, 26.289797818660137 ], [ -80.10960566982007, 26.289970818704813 ], [ -80.109589669816955, 26.290028818719815 ], [ -80.109453669790184, 26.290506818843252 ], [ -80.109047669710449, 26.291942819214071 ], [ -80.108912669684003, 26.29242181933774 ], [ -80.108833669668016, 26.292683819405504 ], [ -80.108825669666402, 26.292711819412741 ], [ -80.108578669617984, 26.293585819638427 ], [ -80.108496669601891, 26.293877819713803 ], [ -80.108299669562896, 26.294562819890732 ], [ -80.108267669556511, 26.294671819918907 ], [ -80.108127669528955, 26.295165820046481 ], [ -80.107904669484469, 26.29592682024316 ], [ -80.107711669446886, 26.296621820422544 ], [ -80.107629669430963, 26.296918820499172 ], [ -80.107522669410329, 26.297309820600031 ], [ -80.107514669408701, 26.29733782060724 ], [ -80.107490669403973, 26.297420820628698 ], [ -80.107483669402725, 26.297449820636153 ], [ -80.107421669390376, 26.29766282069123 ], [ -80.107239669354499, 26.298301820856221 ], [ -80.107178669342474, 26.298515820911529 ], [ -80.107110669329089, 26.298754820973198 ], [ -80.106906669289003, 26.299474821159119 ], [ -80.106839669275928, 26.299714821221084 ], [ -80.106786669265404, 26.299896821268085 ], [ -80.106631669234957, 26.300444821409588 ], [ -80.106579669224729, 26.300627821456821 ], [ -80.106425669194422, 26.301169821596822 ], [ -80.106090669128804, 26.302359821903988 ], [ -80.105962669103278, 26.302797822017215 ], [ -80.105805669072069, 26.303339822157216 ], [ -80.105762669063651, 26.303492822196727 ], [ -80.105635669039103, 26.303953822315659 ], [ -80.105593669030981, 26.304107822355363 ], [ -80.105546669021436, 26.304261822395233 ], [ -80.105409668993929, 26.30472382251461 ], [ -80.105404668992989, 26.30474182251929 ], [ -80.105364668985004, 26.304878822554663 ], [ -80.105318668975997, 26.305042822597041 ], [ -80.105183668949991, 26.30553782272473 ], [ -80.105138668941308, 26.305702822767277 ], [ -80.105093668932668, 26.305868822810069 ], [ -80.104959668907057, 26.306367822938732 ], [ -80.104915668898727, 26.306534822981821 ], [ -80.104867668889014, 26.306693823022933 ], [ -80.104724668860158, 26.307171823146497 ], [ -80.104677668850769, 26.307331823187827 ], [ -80.10463266884193, 26.307490823228889 ], [ -80.104499668816061, 26.307969823352522 ], [ -80.104455668807546, 26.308129823393802 ], [ -80.104405668797511, 26.308297823437186 ], [ -80.104259668768634, 26.308804823568195 ], [ -80.104210668758938, 26.308974823612072 ], [ -80.104162668749495, 26.30914582365622 ], [ -80.104018668721466, 26.309662823789644 ], [ -80.103971668712433, 26.309834823833988 ], [ -80.103949668707898, 26.309905823852411 ], [ -80.103886668695381, 26.310122823908408 ], [ -80.103865668691185, 26.310194823927013 ], [ -80.103835668685122, 26.310293823952644 ], [ -80.103748668667848, 26.310593824030139 ], [ -80.103719668662123, 26.310694824056249 ], [ -80.103478668615125, 26.311558824279199 ], [ -80.103221668563592, 26.312425824503244 ], [ -80.10302666852634, 26.313152824690743 ], [ -80.102782668479719, 26.314062824925351 ], [ -80.102710668464411, 26.314273824980127 ], [ -80.102537668431466, 26.314921825147138 ], [ -80.102480668420711, 26.315138825203082 ], [ -80.102439668413652, 26.315319825249574 ], [ -80.102318668393067, 26.315864825389511 ], [ -80.10227866838639, 26.31604682543626 ], [ -80.102226668376048, 26.316227825482976 ], [ -80.102072668345869, 26.316771825623469 ], [ -80.102021668335865, 26.316953825670446 ], [ -80.101919668315759, 26.317309825762308 ], [ -80.101730668278591, 26.317976825934533 ], [ -80.101653668262472, 26.318210825995166 ], [ -80.101624668256107, 26.318287826015226 ], [ -80.101517668233882, 26.318621826101737 ], [ -80.101504668232522, 26.318711826124673 ], [ -80.101433668218647, 26.318964826189973 ], [ -80.101263668184089, 26.319519826333547 ], [ -80.101124668154398, 26.319924826438633 ], [ -80.10106166814144, 26.320123826490104 ], [ -80.101005668129034, 26.320270826528393 ], [ -80.100940668113296, 26.320391826560282 ], [ -80.100873668096327, 26.320488826586253 ], [ -80.100802668078515, 26.320595826614728 ], [ -80.100472667981819, 26.320592826621294 ], [ -80.100314667943664, 26.320888826699331 ], [ -80.100202667915767, 26.321067826746908 ], [ -80.099988667862647, 26.321415826839324 ], [ -80.099718667793383, 26.321772826935248 ], [ -80.09968066778363, 26.321823826948911 ], [ -80.09923166766761, 26.322386827100662 ], [ -80.098977667601986, 26.322705827186628 ], [ -80.098933667590558, 26.322759827201178 ], [ -80.098890667579454, 26.322813827215768 ], [ -80.098825667561101, 26.322838827223489 ], [ -80.098907667590183, 26.323023827268262 ], [ -80.099036667632092, 26.323175827303711 ], [ -80.099143667671484, 26.323472827376129 ], [ -80.099128667676098, 26.323801827459334 ], [ -80.098934667627503, 26.32410182753917 ], [ -80.09853766752758, 26.324696827697853 ], [ -80.098516667522432, 26.324733827707618 ], [ -80.098405667494106, 26.324884827748125 ], [ -80.098431667503561, 26.324953827764922 ], [ -80.098456667514782, 26.325096827800348 ], [ -80.098452667516597, 26.325205827827915 ], [ -80.098435667514551, 26.325313827855478 ], [ -80.098392667505294, 26.325435827887144 ], [ -80.098375667501699, 26.325486827900409 ], [ -80.098361667499603, 26.325558827918861 ], [ -80.098342667498969, 26.325739827964856 ], [ -80.09831366749539, 26.325918828010565 ], [ -80.098313667496399, 26.325955828019858 ], [ -80.098328667503708, 26.326063828046735 ], [ -80.098326667505091, 26.326135828064906 ], [ -80.098333667509081, 26.326207828082936 ], [ -80.098360667525242, 26.326508828158108 ], [ -80.098439667554516, 26.326734828213286 ], [ -80.098562667597079, 26.326974828271002 ], [ -80.098778667668043, 26.327259828337965 ], [ -80.098984667734896, 26.327500828394097 ], [ -80.099243667814591, 26.327641828423864 ], [ -80.099419667867181, 26.327681828430052 ], [ -80.099613667925482, 26.327738828440125 ], [ -80.099793667979128, 26.327774828445165 ], [ -80.09999066803708, 26.32778482844336 ], [ -80.101925668603954, 26.327805828405747 ], [ -80.10233366872356, 26.327813828398693 ], [ -80.102692668828567, 26.327811828390235 ], [ -80.102769668851082, 26.327811828388519 ], [ -80.103364669025609, 26.327825828378817 ], [ -80.103760669141977, 26.327841828374083 ], [ -80.104513669362362, 26.327843828357871 ], [ -80.104830669455453, 26.327855828353911 ], [ -80.104995669503765, 26.327857828350751 ], [ -80.105623669687873, 26.327868828339561 ], [ -80.105763669728802, 26.327867828336224 ], [ -80.106065669817127, 26.327864828328767 ], [ -80.106297669884967, 26.32786382832337 ], [ -80.106733670012716, 26.327867828314709 ], [ -80.106972670082627, 26.327867828309405 ], [ -80.107275670171305, 26.327867828302686 ], [ -80.107634670276383, 26.327867828294735 ], [ -80.108710670591222, 26.327867828270868 ], [ -80.109070670696596, 26.327868828263124 ], [ -80.109081670699837, 26.327868828262897 ], [ -80.109116670710051, 26.327868828262133 ], [ -80.109128670713588, 26.327868828261867 ], [ -80.10943667080376, 26.327868828255021 ], [ -80.110142671010337, 26.327869828239606 ], [ -80.110361671074415, 26.327867828234268 ], [ -80.110670671164755, 26.327866828227151 ], [ -80.110690671170616, 26.327866828226718 ], [ -80.110750671188185, 26.327866828225382 ], [ -80.110771671194343, 26.327866828224913 ], [ -80.111973671545869, 26.327859828196516 ], [ -80.113275671926715, 26.327853828166162 ], [ -80.115311672522594, 26.3278558281215 ], [ -80.115581672601564, 26.327853828115032 ], [ -80.11582667267318, 26.327852828109339 ], [ -80.116342672824288, 26.327856828098898 ], [ -80.11658067289369, 26.327847828091304 ], [ -80.116784672953457, 26.32784982808737 ], [ -80.116911672990668, 26.327850828084763 ], [ -80.117038673027821, 26.327851828082199 ], [ -80.117055673032823, 26.327851828081844 ], [ -80.117339673115765, 26.327845828073993 ], [ -80.117415673137955, 26.327844828072056 ], [ -80.117452673148776, 26.327843828070986 ], [ -80.11892267357814, 26.327814828031087 ], [ -80.118965673590694, 26.327813828029914 ], [ -80.119458673734741, 26.327805828016967 ], [ -80.120127673930185, 26.327795827999577 ], [ -80.120191673948909, 26.327794827997916 ], [ -80.120380674004082, 26.327788827992233 ], [ -80.120444674022778, 26.327787827990562 ], [ -80.121100674213395, 26.327738827963678 ], [ -80.124117675096457, 26.327747827899021 ], [ -80.125239675424993, 26.327755827876139 ], [ -80.126460675782312, 26.327757827849585 ], [ -80.127991676228987, 26.327710827803763 ], [ -80.128036676242118, 26.32770882780229 ], [ -80.128141676272719, 26.3277058277992 ], [ -80.128203676278304, 26.327245827682042 ], [ -80.12833267629766, 26.326571827509447 ], [ -80.128370676303589, 26.326380827460486 ], [ -80.128414676306051, 26.325999827363578 ], [ -80.128424676296589, 26.325546827249283 ], [ -80.12840167626868, 26.324770827054415 ], [ -80.128369676240112, 26.324066826877871 ], [ -80.128339676213798, 26.323425826717099 ], [ -80.128261676150743, 26.321950826347436 ], [ -80.128198676090534, 26.320420825963534 ], [ -80.128169676036677, 26.318756825545137 ], [ -80.128156676013177, 26.318036825364118 ], [ -80.128311676058459, 26.318033825359919 ], [ -80.128311676054295, 26.317880825321389 ], [ -80.12815467600835, 26.317881825325109 ], [ -80.12813267594629, 26.315842824812062 ], [ -80.128118675926459, 26.315266824667347 ], [ -80.128094675909807, 26.314912824578698 ], [ -80.128009675863041, 26.314108824378096 ], [ -80.12784667578893, 26.31314182413816 ], [ -80.127699675730341, 26.312569823997379 ], [ -80.127471675640948, 26.311737823792875 ], [ -80.127130675511367, 26.310644823525141 ], [ -80.127075675491341, 26.310501823490338 ], [ -80.127002675463316, 26.310256823430251 ], [ -80.126936675438216, 26.310044823378334 ], [ -80.126875675410844, 26.309694823291519 ], [ -80.12684167539318, 26.309411823221012 ], [ -80.126844675387744, 26.309180823162734 ], [ -80.126879675391905, 26.308958823106082 ], [ -80.126943675401748, 26.308631823022285 ], [ -80.127107675437358, 26.308179822904805 ], [ -80.127311675485686, 26.307760822794727 ], [ -80.127777675601578, 26.307011822595779 ], [ -80.128806675855728, 26.305288822138969 ], [ -80.129334675986897, 26.304433821911996 ], [ -80.129498676034601, 26.304421821905294 ], [ -80.130006676183498, 26.304432821896789 ], [ -80.130118676216213, 26.304430821893817 ], [ -80.130634676367038, 26.304424821880918 ], [ -80.131006676475465, 26.30440882186863 ], [ -80.131500676619609, 26.304393821853939 ], [ -80.132226676831834, 26.304387821836308 ], [ -80.132596676940324, 26.304396821830416 ], [ -80.133765677284202, 26.304463821821408 ], [ -80.134424677477369, 26.30447782181033 ], [ -80.136223678002679, 26.304438821760698 ], [ -80.136227677999642, 26.304282821721316 ], [ -80.136229677997292, 26.304174821694058 ], [ -80.136219677974552, 26.303448821511434 ], [ -80.136212677968061, 26.303285821470563 ], [ -80.13621167795678, 26.302881821368818 ], [ -80.136210677923501, 26.301671821064044 ], [ -80.136210677922762, 26.301644821057256 ], [ -80.136194677907852, 26.301269820963132 ], [ -80.136189677896496, 26.300905820871566 ], [ -80.136178677866255, 26.299914820622174 ], [ -80.136168677860638, 26.299814820597188 ], [ -80.136167677859973, 26.299801820593967 ], [ -80.136124677845729, 26.29974082057954 ], [ -80.136061677826007, 26.29969382056909 ], [ -80.135877677770239, 26.299621820555039 ], [ -80.135918677779841, 26.299534820532202 ], [ -80.135953677788137, 26.299463820513562 ], [ -80.136027677804947, 26.299284820466838 ], [ -80.136032677806, 26.299269820462911 ], [ -80.136064677812868, 26.299179820439541 ], [ -80.136109677821878, 26.299027820400237 ], [ -80.1361346778247, 26.298861820357903 ], [ -80.136140677823164, 26.298739820327068 ], [ -80.136144677822855, 26.298685820313317 ], [ -80.136121677780949, 26.297394819988668 ], [ -80.136114677766699, 26.296946819875973 ], [ -80.136090677759697, 26.296948819876999 ], [ -80.136021677739691, 26.296955819880271 ], [ -80.13599867773307, 26.296958819881567 ], [ -80.13598567770029, 26.295893819613546 ], [ -80.135955677662253, 26.294820819343958 ], [ -80.13606967769563, 26.294819819341193 ], [ -80.136066677688348, 26.294586819282525 ], [ -80.136057677666727, 26.293887819106626 ], [ -80.136054677659544, 26.293655819048265 ], [ -80.136053677657443, 26.293590819031902 ], [ -80.136050677651312, 26.293396818983084 ], [ -80.136050677649564, 26.293332818966942 ], [ -80.136049677648884, 26.293318818963449 ], [ -80.136048677647452, 26.293276818952904 ], [ -80.136048677647125, 26.293263818949608 ], [ -80.136039677634287, 26.292890818855884 ], [ -80.136012677595943, 26.291771818574549 ], [ -80.136010677592907, 26.291681818551929 ], [ -80.135998677581711, 26.291399818481196 ], [ -80.13611767761644, 26.291395818477493 ], [ -80.136477677721558, 26.291387818467538 ], [ -80.136597677756583, 26.291385818464398 ], [ -80.136623677764149, 26.29138481846357 ], [ -80.136696677785437, 26.291381818461204 ], [ -80.137045677887201, 26.291368818450174 ], [ -80.137673678070328, 26.291345818430504 ], [ -80.138392678280113, 26.291324818409301 ], [ -80.138841678411168, 26.291312818396378 ], [ -80.139076678479555, 26.291299818387877 ], [ -80.13942167858022, 26.291290818378009 ], [ -80.140275678829553, 26.291271818354321 ], [ -80.140841678994775, 26.291256818337992 ], [ -80.14109767906946, 26.291248818330324 ], [ -80.141868679294447, 26.291227818308005 ], [ -80.142105679363652, 26.291221818301249 ], [ -80.142126679369795, 26.29122181830078 ], [ -80.142248679405355, 26.291217818297099 ], [ -80.142615679512446, 26.291207818286424 ], [ -80.142738679548401, 26.291205818283224 ], [ -80.142846679579904, 26.291201818279809 ], [ -80.143171679674666, 26.291190818269818 ], [ -80.143280679706493, 26.291187818266664 ], [ -80.143390679738587, 26.291184818263496 ], [ -80.143723679835844, 26.291177818254372 ], [ -80.143834679868206, 26.291175818251425 ], [ -80.143943679899962, 26.291170818247704 ], [ -80.144269679995048, 26.291158818237506 ], [ -80.144379680027143, 26.291155818234323 ], [ -80.144490680059576, 26.291152818231119 ], [ -80.144823680156748, 26.291145818221956 ], [ -80.144935680189448, 26.291143818218973 ], [ -80.145052680223657, 26.291141818215884 ], [ -80.145405680326732, 26.291134818206331 ], [ -80.145523680361194, 26.291133818203477 ], [ -80.145998680499815, 26.291118818189155 ], [ -80.147423680915523, 26.291075818146812 ], [ -80.147899681054398, 26.291061818132786 ], [ -80.148309681174055, 26.291051818121158 ], [ -80.149263681452652, 26.291030818094789 ], [ -80.149539681532517, 26.290998818080606 ], [ -80.149637681560833, 26.290987818075649 ], [ -80.149908681638593, 26.290931818055583 ], [ -80.14994368164858, 26.290921818052247 ], [ -80.150428681790032, 26.290906818037787 ], [ -80.150575681832947, 26.290901818033237 ], [ -80.151884682214828, 26.290863817994744 ], [ -80.15237068235669, 26.290850817980697 ], [ -80.152369682351249, 26.29066181793312 ], [ -80.152369682335831, 26.290094817790308 ], [ -80.152369682330701, 26.289906817742914 ], [ -80.15236968232864, 26.289830817723811 ], [ -80.15236968232243, 26.289602817666385 ], [ -80.152369682320398, 26.289527817647436 ], [ -80.15256068237305, 26.289410817613756 ], [ -80.152559682365933, 26.289159817550551 ], [ -80.152719682413419, 26.289184817553299 ], [ -80.152792682434907, 26.289190817553195 ], [ -80.153009682498521, 26.289193817549187 ], [ -80.153062682514033, 26.289194817548285 ], [ -80.153267682574025, 26.289195817543977 ], [ -80.153367682603232, 26.289193817541271 ], [ -80.153652682686555, 26.289189817533927 ], [ -80.154132682826742, 26.289182817521546 ], [ -80.15492668305869, 26.289170817500992 ], [ -80.156072683393475, 26.289152817471113 ], [ -80.157206683724766, 26.289136817441978 ], [ -80.159487684391109, 26.289101817382733 ], [ -80.161915685100382, 26.28906381731943 ], [ -80.164585685880283, 26.289022817250032 ], [ -80.164772685934935, 26.289020817245408 ], [ -80.165284686084533, 26.289013817232327 ], [ -80.167679686786755, 26.289072817194164 ], [ -80.168639687067909, 26.289085817176225 ], [ -80.168629687119974, 26.291104817684968 ], [ -80.168619687155626, 26.292522818042343 ], [ -80.168603687200644, 26.294345818501828 ], [ -80.168595687249208, 26.296215818973021 ], [ -80.168618687278936, 26.297060819185301 ], [ -80.168660687331609, 26.298542819557625 ], [ -80.168690687374792, 26.299805819875026 ], [ -80.168743687445058, 26.301813820379525 ], [ -80.168982687514898, 26.301812820374 ], [ -80.169014687555759, 26.302966820663858 ], [ -80.16908768763723, 26.305172821217791 ], [ -80.169094687642996, 26.305309821252123 ], [ -80.169096687644313, 26.305335821258652 ], [ -80.169101687651363, 26.305539821309928 ], [ -80.169113687660641, 26.305752821363274 ], [ -80.1691936877465, 26.308041821937891 ], [ -80.169268687815602, 26.309771822371854 ], [ -80.169275687821738, 26.309922822409703 ], [ -80.169466687993335, 26.314162823473112 ], [ -80.169605688128286, 26.317618824340119 ], [ -80.16962268813802, 26.317792824383567 ], [ -80.169674688203543, 26.319636824846668 ], [ -80.169696688253296, 26.321222825245446 ], [ -80.169734688338067, 26.323919825923593 ], [ -80.169776688428541, 26.326781826643142 ], [ -80.169787688459948, 26.32781482690292 ], [ -80.169861688481603, 26.327815826901524 ], [ -80.169886688488887, 26.327812826900228 ], [ -80.169919688498439, 26.327810826899011 ], [ -80.169965688511795, 26.327806826896985 ], [ -80.170019688527475, 26.327802826894729 ], [ -80.170104688551916, 26.327787826889111 ], [ -80.170151688565625, 26.327785826887578 ], [ -80.170175688572627, 26.327784826886795 ], [ -80.17022568858728, 26.327784826885676 ], [ -80.170244688592817, 26.327785826885513 ], [ -80.170334688619178, 26.327786826883763 ], [ -80.170854688771229, 26.327782826871218 ], [ -80.170885688780217, 26.32777982686973 ], [ -80.170895688783077, 26.327778826869267 ], [ -80.171003688814665, 26.327777826866615 ], [ -80.171019688819342, 26.327777826866274 ], [ -80.171061688831671, 26.327778826865575 ], [ -80.172354689210295, 26.327793826840676 ], [ -80.173655689591314, 26.327809826815866 ], [ -80.174797689924858, 26.327790826785755 ], [ -80.174876689947837, 26.32778682678299 ], [ -80.17590069024692, 26.327769826755979 ], [ -80.17623569034491, 26.327768826748301 ], [ -80.177162690616029, 26.327767826727474 ], [ -80.177337690667088, 26.327761826722117 ], [ -80.177413690689775, 26.32777982672491 ], [ -80.177527690722911, 26.327771826720376 ], [ -80.177541690726997, 26.327770826719824 ], [ -80.177571690735704, 26.327768826718646 ], [ -80.177583690739098, 26.327765826717641 ], [ -80.177597690743127, 26.327762826716601 ], [ -80.177614690748172, 26.327764826716709 ], [ -80.177727690780685, 26.327744826709164 ], [ -80.17776469079179, 26.327756826711337 ], [ -80.177836690813763, 26.327787826717579 ], [ -80.177875690825346, 26.327796826718934 ], [ -80.178082690886129, 26.327802826715843 ], [ -80.178152690906686, 26.327805826715103 ], [ -80.178206690922451, 26.327805826713895 ], [ -80.178351690964888, 26.327805826710676 ], [ -80.178789691093073, 26.32780882670172 ], [ -80.178935691135777, 26.327809826698722 ], [ -80.179337691253394, 26.327810826690047 ], [ -80.179657691347089, 26.327812826683452 ], [ -80.180544691606372, 26.327806826662286 ], [ -80.180947691724214, 26.327804826652837 ], [ -80.18158969191181, 26.327799826637296 ], [ -80.183518692475758, 26.327786826591254 ], [ -80.184161692663736, 26.327782826575998 ], [ -80.184314692708426, 26.327781826572341 ], [ -80.184369692724545, 26.327781826571133 ], [ -80.184773692842782, 26.327784826562915 ], [ -80.184927692887896, 26.327786826560008 ], [ -80.18502269291568, 26.327786826557897 ], [ -80.185309692999724, 26.327789826552273 ], [ -80.185405693027832, 26.327790826550395 ], [ -80.185429693034806, 26.327790826549858 ], [ -80.185503693056489, 26.327791826548463 ], [ -80.185528693063773, 26.327791826547905 ], [ -80.185568693075496, 26.327791826547013 ], [ -80.185690693111212, 26.327791826544303 ], [ -80.185731693123188, 26.3277918265434 ], [ -80.185859693160623, 26.327791826540551 ], [ -80.186246693273816, 26.327791826531975 ], [ -80.186382693313632, 26.327792826529205 ], [ -80.18641069332179, 26.327792826528583 ], [ -80.186456693335288, 26.327792826527563 ], [ -80.186561693365988, 26.327792826525236 ], [ -80.186596693376231, 26.327792826524487 ], [ -80.186643693389982, 26.327792826523432 ], [ -80.186766693425938, 26.327792826520682 ], [ -80.187135693533918, 26.327792826512503 ], [ -80.187258693569873, 26.32779382651001 ], [ -80.187428693619609, 26.327793826506234 ], [ -80.187941693769631, 26.327793826494872 ], [ -80.18811269381969, 26.327794826491328 ], [ -80.188543693945761, 26.32779482648176 ], [ -80.189836694324043, 26.327796826453575 ], [ -80.190107694403309, 26.327796826447557 ], [ -80.190268694450424, 26.327797826444243 ], [ -80.191433694791201, 26.327798826418636 ], [ -80.191512694814392, 26.327802826417862 ], [ -80.191523694817647, 26.327802826417635 ], [ -80.19206469497594, 26.327804826406179 ], [ -80.192289695041822, 26.32780782640193 ], [ -80.192329695053374, 26.3278048264003 ], [ -80.192527695111352, 26.327805826396169 ], [ -80.19292869522873, 26.327808826388026 ], [ -80.193668695445382, 26.327816826373581 ], [ -80.193747695468446, 26.32781482637132 ], [ -80.195288695919757, 26.327835826342437 ], [ -80.195635696021341, 26.327840826335969 ], [ -80.195714696044448, 26.327838826333721 ], [ -80.196421696251463, 26.327848826320579 ], [ -80.196500696274541, 26.327846826318268 ], [ -80.196544696287475, 26.327848826317844 ], [ -80.196579696297718, 26.327850826317572 ], [ -80.196921696397752, 26.327850826309977 ], [ -80.198053696728962, 26.327853826285626 ], [ -80.198431696839535, 26.327855826277734 ], [ -80.198827696955391, 26.327856826269187 ], [ -80.19885969696476, 26.327857826268733 ], [ -80.198906696978625, 26.327859826268181 ], [ -80.199064697024738, 26.327856826263922 ], [ -80.199143697047887, 26.327858826262695 ], [ -80.199689697207432, 26.327854826249563 ], [ -80.200144697340477, 26.3278518262387 ], [ -80.200573697465899, 26.327849826228704 ], [ -80.200725697510293, 26.327848826225086 ], [ -80.200923697568371, 26.327854826222183 ], [ -80.200978697584716, 26.327863826223187 ], [ -80.201040697603077, 26.327873826224373 ], [ -80.201077697613954, 26.327874826223802 ], [ -80.201231697658045, 26.327839826211552 ], [ -80.201271697669711, 26.327837826210171 ], [ -80.201667697785624, 26.32784282620262 ], [ -80.2021926979386, 26.32782282618594 ], [ -80.202220697946814, 26.327821826185069 ], [ -80.202260697958508, 26.327822826184427 ], [ -80.202401698000187, 26.327836826184836 ], [ -80.202480698023521, 26.327846826185578 ], [ -80.202545698043082, 26.32786682618918 ], [ -80.202592698056407, 26.327851826184386 ], [ -80.202605698060168, 26.32784882618337 ], [ -80.202621698064746, 26.327845826182212 ], [ -80.202646698072058, 26.327844826181408 ], [ -80.202660698076102, 26.327844826181078 ], [ -80.202697698086908, 26.327842826179758 ], [ -80.202731698096784, 26.327841826178751 ], [ -80.202808698119256, 26.327838826176308 ], [ -80.202853698132188, 26.327830826173326 ], [ -80.20289469814432, 26.327835826173636 ], [ -80.202939698157465, 26.327834826172399 ], [ -80.202937698163268, 26.328068826231313 ], [ -80.202936698167434, 26.328230826272105 ], [ -80.202927698238582, 26.33093182695205 ], [ -80.202966698268426, 26.331605827120814 ], [ -80.203044698334949, 26.33320582752172 ], [ -80.203141698438714, 26.335961828213154 ], [ -80.203151698488711, 26.337683828646234 ], [ -80.203157698518609, 26.338713828905298 ], [ -80.203161698533606, 26.339216829031763 ], [ -80.203198698630757, 26.342373829825362 ], [ -80.203210698660527, 26.343331830066116 ], [ -80.203214698685187, 26.344190830282152 ], [ -80.203218698705896, 26.344904830461711 ], [ -80.203223698727641, 26.345646830648302 ], [ -80.203275698853275, 26.349678831661592 ], [ -80.203337699003399, 26.354499832873081 ], [ -80.203372699088973, 26.357248833563851 ], [ -80.20341069918085, 26.360194834304078 ], [ -80.203427699221706, 26.361505834633473 ], [ -80.203454699285345, 26.363537835144061 ], [ -80.203456699314145, 26.364566835402805 ], [ -80.203464699407078, 26.367870836233688 ], [ -80.203517699577731, 26.373527837655274 ], [ -80.203512699642076, 26.375924838258243 ], [ -80.203512699652507, 26.376304838353814 ], [ -80.203533699706924, 26.3780638387957 ], [ -80.203541699733492, 26.378946839017559 ], [ -80.203563699805798, 26.381345839620383 ], [ -80.203575699846624, 26.382703839961568 ], [ -80.203680700048395, 26.388929841524746 ], [ -80.203721700160386, 26.39256984243907 ], [ -80.203726700206943, 26.3942078428508 ], [ -80.20371570024426, 26.395683843222095 ], [ -80.203665700285512, 26.397715843734147 ], [ -80.203616700357642, 26.400858844525299 ], [ -80.203623700373058, 26.401345844647604 ], [ -80.203627700381787, 26.401619844716393 ], [ -80.203646700420407, 26.402822845018431 ], [ -80.203704700535909, 26.406401845916804 ], [ -80.203708700547182, 26.406769846009208 ], [ -80.203733700607771, 26.408705846495284 ], [ -80.203568700559543, 26.408705846498986 ], [ -80.203570700564327, 26.408857846537167 ], [ -80.203593700623344, 26.410757847014192 ], [ -80.203627700708935, 26.413505847704133 ], [ -80.203661700795024, 26.416269848398091 ], [ -80.203770701036007, 26.423857850302664 ], [ -80.203774701049412, 26.42430185041416 ], [ -80.20384670126812, 26.431469852213766 ], [ -80.204125701351799, 26.431545852226613 ], [ -80.204140701377469, 26.432316852420033 ], [ -80.204189701464742, 26.43496085308324 ], [ -80.204241701558033, 26.437790853793175 ], [ -80.204205701577877, 26.438889854070091 ], [ -80.204226701677626, 26.442280854921538 ], [ -80.204249701790303, 26.446116855884739 ], [ -80.204387701929889, 26.449708856783978 ], [ -80.204545702090115, 26.453834857816872 ], [ -80.204067701950294, 26.453833857827313 ], [ -80.202845701592736, 26.453830857853941 ], [ -80.201482701188809, 26.453639857836507 ], [ -80.196223699650716, 26.45364785795628 ], [ -80.195464699428726, 26.453647857973252 ], [ -80.188112697278413, 26.453658858140617 ], [ -80.187376697063087, 26.453658858157105 ], [ -80.185108696399652, 26.453657858207634 ], [ -80.184771696301055, 26.453657858215191 ], [ -80.179935694886311, 26.4536568583232 ], [ -80.179280694694711, 26.453656858337869 ], [ -80.176426693859753, 26.453655858401525 ], [ -80.17626769381323, 26.453655858405089 ], [ -80.175469693579799, 26.453655858422952 ], [ -80.174647693339296, 26.453655858441358 ], [ -80.17453669330682, 26.453655858443852 ], [ -80.174401693267328, 26.453655858446869 ], [ -80.174093693177241, 26.453656858454011 ], [ -80.172720692775499, 26.453654858484242 ], [ -80.171690692474243, 26.453654858507321 ], [ -80.171629692456349, 26.453654858508681 ], [ -80.171669692462572, 26.453455858457783 ], [ -80.171667692459977, 26.453382858439493 ], [ -80.171618692391561, 26.451426857949141 ], [ -80.171589692365728, 26.450798857791995 ], [ -80.171570692333532, 26.449834857550275 ], [ -80.17152369227712, 26.448289857163097 ], [ -80.171515692267505, 26.448025857096944 ], [ -80.171493692239736, 26.44725285690323 ], [ -80.171484692220716, 26.446658856754194 ], [ -80.171469692202436, 26.446156856628345 ], [ -80.171329692065626, 26.442684855759047 ], [ -80.171308691979135, 26.439773855028047 ], [ -80.171305691966822, 26.439357854923543 ], [ -80.171300691960539, 26.439185854880471 ], [ -80.171299691958495, 26.439121854864418 ], [ -80.171369691974391, 26.438956854821324 ], [ -80.168749691182157, 26.438022854645244 ], [ -80.168635691146818, 26.437950854629708 ], [ -80.168436691086114, 26.437860854611539 ], [ -80.167841690902577, 26.437516854538412 ], [ -80.16716969069418, 26.437089854446128 ], [ -80.1666736905417, 26.436822854390101 ], [ -80.166261690416576, 26.436654854357073 ], [ -80.165803690278949, 26.436524854334611 ], [ -80.16546769017917, 26.436471854328843 ], [ -80.165132690080711, 26.43645585433228 ], [ -80.164780689977761, 26.436455854340167 ], [ -80.164472689888797, 26.436497854357608 ], [ -80.16428468983456, 26.436524854368592 ], [ -80.163950689737604, 26.436552854383145 ], [ -80.163762689684063, 26.436604854400411 ], [ -80.163676689659553, 26.43662885440834 ], [ -80.163490689606689, 26.436685854426848 ], [ -80.163355689569215, 26.43675985444845 ], [ -80.16325068953995, 26.436811854463858 ], [ -80.16304568948307, 26.436922854496334 ], [ -80.162849689429109, 26.437046854531911 ], [ -80.162662689378152, 26.437181854570028 ], [ -80.162486689330677, 26.437326854610369 ], [ -80.161473689060131, 26.438263854868531 ], [ -80.16129568901205, 26.438409854909171 ], [ -80.161105688960262, 26.438545854947595 ], [ -80.160907688905738, 26.43866985498321 ], [ -80.160700688848308, 26.438782855016239 ], [ -80.160485688788143, 26.438882855046153 ], [ -80.160264688725889, 26.43897085507324 ], [ -80.160132688688478, 26.439014855087244 ], [ -80.160065688669491, 26.439036855094251 ], [ -80.15982668860137, 26.439100855115715 ], [ -80.15959068853364, 26.439149855133298 ], [ -80.15935168846471, 26.439184855147445 ], [ -80.159111688395058, 26.4392058551581 ], [ -80.15886968832443, 26.439212855165238 ], [ -80.156045687495919, 26.439129855207518 ], [ -80.1560046874839, 26.439128855208189 ], [ -80.155450687321647, 26.43912385521935 ], [ -80.154991687188385, 26.439160855238924 ], [ -80.15442568702268, 26.439155855250263 ], [ -80.154007686900798, 26.439172855263905 ], [ -80.151547686181317, 26.439181855321152 ], [ -80.150136685768601, 26.439186855354009 ], [ -80.149243685507443, 26.439190855374978 ], [ -80.148473685281104, 26.439154855383119 ], [ -80.147673685045987, 26.439115855391247 ], [ -80.146573684724288, 26.439121855417337 ], [ -80.146572684720283, 26.438986855383423 ], [ -80.14656568467008, 26.437240854944712 ], [ -80.146554684585524, 26.434292854203971 ], [ -80.146552684572157, 26.43382985408768 ], [ -80.146550684558804, 26.433365853971065 ], [ -80.146546684527848, 26.432285853699678 ], [ -80.146545684522252, 26.432092853651234 ], [ -80.146544684513771, 26.431795853576549 ], [ -80.146543684506554, 26.431544853513486 ], [ -80.143568683636417, 26.431556853583007 ], [ -80.141405683003299, 26.431548853629298 ], [ -80.138371682115221, 26.431537853694355 ], [ -80.13652168157374, 26.431531853734203 ], [ -80.135449681260056, 26.431532853758416 ], [ -80.135169681178169, 26.431533853764908 ], [ -80.134337680934621, 26.43153085378276 ], [ -80.134146680675968, 26.424174851937718 ], [ -80.133815680579119, 26.424174851945107 ], [ -80.131337679855406, 26.424225852013247 ], [ -80.130607679642253, 26.424241852033603 ], [ -80.129868679426409, 26.42425685205389 ], [ -80.129207679233005, 26.424256852068634 ], [ -80.12681967853419, 26.424256852121978 ], [ -80.122858677375262, 26.424262852211925 ], [ -80.122056677142922, 26.424348852251473 ], [ -80.122082677190363, 26.425795852614701 ], [ -80.122063677196167, 26.426207852718694 ], [ -80.122104677258761, 26.42804385317941 ], [ -80.12210067727429, 26.428649853331866 ], [ -80.122153677316675, 26.429625853576049 ], [ -80.122176677343305, 26.430347853757038 ], [ -80.122158677349375, 26.430756853860256 ], [ -80.122153677358213, 26.431132853954921 ], [ -80.122193677399494, 26.432204854223553 ], [ -80.122198677421721, 26.432958854412977 ], [ -80.122198677433659, 26.433391854521822 ], [ -80.122256677497646, 26.43509585494893 ], [ -80.122256677507551, 26.435454855039175 ], [ -80.122256677512922, 26.435649855088201 ], [ -80.122251677528979, 26.436284855247933 ], [ -80.122263677552255, 26.437002855428169 ], [ -80.122265677555788, 26.437109855454981 ], [ -80.122265677563135, 26.437375855521868 ], [ -80.122309677622482, 26.43906185594469 ], [ -80.12232767763291, 26.439247855991049 ], [ -80.122354677740887, 26.44287585690245 ], [ -80.122426677811674, 26.444675857353293 ], [ -80.122443677850129, 26.445889857658006 ], [ -80.12245967787176, 26.446502857811762 ], [ -80.122258677813036, 26.446506857817262 ], [ -80.113862675356444, 26.446525858009824 ], [ -80.110020674235912, 26.446664858130685 ], [ -80.106002673059677, 26.446654858217986 ], [ -80.105843673012785, 26.446641858218314 ], [ -80.105797672982234, 26.446022858063724 ], [ -80.105799672981831, 26.445986858054663 ], [ -80.105792672952319, 26.444991857804691 ], [ -80.105767672904364, 26.443517857434692 ], [ -80.105752672880669, 26.442818857259311 ], [ -80.105731672845081, 26.441751856991576 ], [ -80.105711672813086, 26.440803856753714 ], [ -80.105689672770822, 26.439505856427857 ], [ -80.103884672243083, 26.439524856472982 ], [ -80.101533671555885, 26.439555856533328 ], [ -80.097727670442282, 26.439567856621427 ], [ -80.097622670411525, 26.439567856623768 ], [ -80.097426670354167, 26.439568856628391 ], [ -80.097283670312336, 26.439568856631595 ], [ -80.096628670120694, 26.439570856646732 ], [ -80.095239669714061, 26.439568856677269 ], [ -80.094563669514443, 26.43950485667629 ], [ -80.094043669360232, 26.439431856669579 ], [ -80.093527669208513, 26.439406856674783 ], [ -80.092408668882413, 26.439458856712889 ], [ -80.091462668605345, 26.439452856732533 ], [ -80.090871668433095, 26.439478856752267 ], [ -80.090724668390294, 26.439485856757294 ], [ -80.089999668178251, 26.43949285677526 ], [ -80.089133667925523, 26.439519856801372 ], [ -80.089044667899586, 26.439522856804157 ], [ -80.088893667855388, 26.439523856807799 ], [ -80.088228667660957, 26.439530856824405 ], [ -80.087502667448831, 26.439545856844401 ], [ -80.087307667391883, 26.439549856849773 ], [ -80.087176667353589, 26.439551856853189 ], [ -80.085971667001587, 26.43957785688665 ], [ -80.083237666203843, 26.439668856970631 ], [ -80.082645666031098, 26.439687856988645 ], [ -80.081151665593993, 26.439696857024266 ], [ -80.079180665017404, 26.439708857071373 ], [ -80.077120664414736, 26.439721857120645 ], [ -80.073787663439617, 26.439741857200136 ], [ -80.073676663427122, 26.440466857384983 ], [ -80.07354266341035, 26.441280857592648 ], [ -80.073320663389666, 26.442887858001647 ], [ -80.073113663360104, 26.444011858288906 ], [ -80.072940663341498, 26.445172858584709 ], [ -80.072645663306957, 26.44704985906322 ], [ -80.072408663277855, 26.448510859435842 ], [ -80.072189663250128, 26.449829859772318 ], [ -80.071981663225628, 26.451147860108385 ], [ -80.071765663200452, 26.45252686045988 ], [ -80.071745663197191, 26.452618860483451 ], [ -80.071610663179342, 26.453403860683839 ], [ -80.071469663163981, 26.454344860923555 ], [ -80.071258663139687, 26.455700861269186 ], [ -80.070875663091229, 26.458005861857213 ], [ -80.07059966306069, 26.459824862320609 ], [ -80.070281663018079, 26.461651862787054 ], [ -80.070149663029724, 26.463472863247688 ], [ -80.069852662993824, 26.465321863719158 ], [ -80.069713662953149, 26.465320863721963 ], [ -80.069424662918451, 26.467127864182682 ], [ -80.069095662880059, 26.469221864716378 ], [ -80.068316662785065, 26.474033865943213 ], [ -80.068188662747644, 26.474034865946372 ], [ -80.068089662718833, 26.474042865950576 ], [ -80.068036662711791, 26.474347866028406 ], [ -80.068028662712194, 26.474447866053751 ], [ -80.068007662709036, 26.474554866081107 ], [ -80.067975662701258, 26.474613866096632 ], [ -80.067876662681385, 26.474941866181286 ], [ -80.067780662660368, 26.475199866248271 ], [ -80.067698662641675, 26.475389866297888 ], [ -80.067333662555313, 26.476131866492558 ], [ -80.067213662527138, 26.476383866558564 ], [ -80.067084662497635, 26.476680866636084 ], [ -80.067026662481553, 26.476713866645706 ], [ -80.06696366246895, 26.476925866700373 ], [ -80.066837662443746, 26.477346866809018 ], [ -80.065365662012965, 26.477352866843493 ], [ -80.064357661717949, 26.477356866867083 ], [ -80.062742661245352, 26.477362866904752 ], [ -80.062820661253667, 26.476838866771324 ], [ -80.062975661286174, 26.476372866650721 ], [ -80.063133661319185, 26.475894866527064 ], [ -80.063280661350021, 26.475452866412663 ], [ -80.06327366134272, 26.475263866365324 ], [ -80.063248661302595, 26.474077866067798 ], [ -80.062770661162801, 26.474081866079555 ], [ -80.062347661039027, 26.474084866089758 ], [ -80.062263661014413, 26.474084866091651 ], [ -80.06216666098608, 26.474085866094075 ], [ -80.061900660944559, 26.475400866430508 ], [ -80.061305660770202, 26.475393866442097 ], [ -80.061214660743502, 26.47539186644363 ], [ -80.061169660730343, 26.475391866444646 ], [ -80.061120660715957, 26.475390866445508 ], [ -80.060872660643298, 26.475388866450551 ], [ -80.060815660626602, 26.475388866451848 ], [ -80.06069166059028, 26.475387866454362 ], [ -80.059221660158912, 26.475352866478474 ], [ -80.059221660159608, 26.475377866484742 ], [ -80.059222660161652, 26.475440866500563 ], [ -80.058751660023745, 26.475440866511121 ], [ -80.058752660030365, 26.475669866568655 ], [ -80.056767659449577, 26.475681866616142 ], [ -80.056768659453795, 26.475823866651805 ], [ -80.056652659419726, 26.475819866653406 ], [ -80.056638659415668, 26.475819866653723 ], [ -80.056281659311196, 26.475821866662216 ], [ -80.055864659189169, 26.475824866672291 ], [ -80.055196658993708, 26.475829866688532 ], [ -80.055216658995732, 26.475690866653149 ], [ -80.055235658997262, 26.475544866616058 ], [ -80.054810658872725, 26.475540866624492 ], [ -80.05140065787343, 26.475506866692371 ], [ -80.0532156580242, 26.461734863189786 ], [ -80.053865658007936, 26.454255861294946 ], [ -80.002532642984661, 26.45453586251319 ], [ -80.006151643445733, 26.432813856968274 ], [ -80.006890643487282, 26.426461855353615 ], [ -80.011002643720502, 26.391131846370289 ], [ -80.01436464391324, 26.362240839021002 ], [ -80.014614643678613, 26.350987836181169 ], [ -80.014935643375665, 26.336460832514476 ], [ -80.014942643369196, 26.336147832435454 ], [ -80.015278643053122, 26.320960828601308 ], [ -80.022082644169245, 26.288784820340464 ], [ -80.022142644171808, 26.288234820200483 ], [ -80.022662644192764, 26.283404818971182 ], [ -80.022682644152155, 26.281694818539666 ], [ -80.022762644129131, 26.279984818106698 ], [ -80.022882644123214, 26.278474817723311 ], [ -80.023022644133505, 26.27734481743521 ], [ -80.023452644165474, 26.273884816553302 ], [ -80.023592644161113, 26.272214816129029 ], [ -80.023732644022132, 26.265584814453952 ], [ -80.023792643999002, 26.264084814074291 ], [ -80.02390264398592, 26.262414813650668 ], [ -80.024072643995268, 26.260924813271124 ], [ -80.024312644020227, 26.259254812844624 ], [ -80.024542644052588, 26.257964812514192 ], [ -80.024512644008553, 26.256664812186937 ], [ -80.02448264395936, 26.25517481181177 ], [ -80.024482643934149, 26.254244811577149 ], [ -80.024519643925572, 26.253527811395461 ], [ -80.02455264390909, 26.252564811151853 ], [ -80.02463264389678, 26.251244810817091 ], [ -80.024812643903687, 26.249554810386808 ], [ -80.025052643928447, 26.2478748099577 ], [ -80.025382643974368, 26.246004809478695 ], [ -80.025712644030889, 26.244524809098071 ], [ -80.026032644089938, 26.243244808768097 ], [ -80.026232644128442, 26.24250480857701 ], [ -80.026622644208217, 26.241234808247967 ], [ -80.027172644325162, 26.239604807824637 ], [ -80.02771264444452, 26.238174807451973 ], [ -80.028602644647947, 26.236064806899986 ], [ -80.029522644865892, 26.23416480640034 ], [ -80.030052644993191, 26.233134806128831 ], [ -80.030422645083092, 26.232454805949065 ], [ -80.030522645076417, 26.231124805611284 ], [ -80.030722645083799, 26.229234805129973 ], [ -80.030972645111063, 26.22753480469553 ], [ -80.03132264516293, 26.225664804215963 ], [ -80.031802645248021, 26.22361480368809 ], [ -80.032312645347602, 26.221774803212522 ], [ -80.032912645473814, 26.219944802737515 ], [ -80.033652645636934, 26.217964802221562 ], [ -80.034172645755405, 26.216714801894646 ], [ -80.034372645783947, 26.215604801610127 ], [ -80.03467264582126, 26.213734801131565 ], [ -80.034982645872063, 26.212254800751211 ], [ -80.03519264590868, 26.211334800514386 ], [ -80.035472645960638, 26.210224800228097 ], [ -80.035632645987818, 26.209494800040357 ], [ -80.035722645983668, 26.208364799753177 ], [ -80.035892645992632, 26.206854799368276 ], [ -80.036132646017293, 26.205164798936391 ], [ -80.036452646065612, 26.203484798505347 ], [ -80.036598646092159, 26.202885798350909 ], [ -80.036712646106949, 26.202194798173959 ], [ -80.036932646141352, 26.201084797888957 ], [ -80.037192646188089, 26.199994797608106 ], [ -80.037422646230866, 26.199084797373345 ], [ -80.037772646299089, 26.197814797045062 ], [ -80.038112646369754, 26.196744796767469 ], [ -80.037992646314081, 26.195984796578276 ], [ -80.037712646171187, 26.193724796013825 ], [ -80.037542646059947, 26.191444795441978 ], [ -80.037482645981243, 26.189174794870169 ], [ -80.037532645939535, 26.187084794341377 ], [ -80.037682645927148, 26.184994793810446 ], [ -80.037872645936972, 26.183294793377023 ], [ -80.038162645971241, 26.181414792895964 ], [ -80.038532646029154, 26.179544792415623 ], [ -80.03883264608227, 26.178254792083308 ], [ -80.039392646191558, 26.176224791558454 ], [ -80.039892646294845, 26.174624791143451 ], [ -80.04033264639051, 26.173394790823178 ], [ -80.04066264646373, 26.17252479059627 ], [ -80.041392646630811, 26.170794790143365 ], [ -80.0415626466486, 26.169604789839116 ], [ -80.041752646675135, 26.168524789562195 ], [ -80.041992646712046, 26.167284789243791 ], [ -80.042102646729475, 26.166734789102435 ], [ -80.042192646731337, 26.165824788870665 ], [ -80.042342646699979, 26.163024788160229 ], [ -80.042432646690827, 26.161704787824842 ], [ -80.042612646697819, 26.160004787391543 ], [ -80.04279264671527, 26.158694787056692 ], [ -80.042972646737866, 26.157574786769867 ], [ -80.043112646758701, 26.156824786577328 ], [ -80.04386064687472, 26.152994785593528 ], [ -80.045722647163601, 26.143454783142772 ], [ -80.046542647272105, 26.138554781886924 ], [ -80.047212647318034, 26.132954780457322 ], [ -80.047302647232044, 26.128764779396619 ], [ -80.047342647214023, 26.127654779115293 ], [ -80.047402647202318, 26.126564778838496 ], [ -80.04751264719971, 26.125264778507606 ], [ -80.04765264721118, 26.124164778226572 ], [ -80.047842647222879, 26.122524777807964 ], [ -80.048512647271991, 26.11703477640587 ], [ -80.048612647123207, 26.110384774722942 ], [ -80.048632647104185, 26.1094547744874 ], [ -80.048732647083114, 26.107574774010033 ], [ -80.048932647086801, 26.105524773487492 ], [ -80.049142647108482, 26.104034773106296 ], [ -80.049322647131476, 26.102924772821726 ], [ -80.049542647166149, 26.10181477253634 ], [ -80.049692647190014, 26.101064772343509 ], [ -80.049572647130034, 26.100134772110973 ], [ -80.049432647048661, 26.098624771732304 ], [ -80.049332646979053, 26.097114771352746 ], [ -80.049282646918982, 26.095414770924076 ], [ -80.049292646886073, 26.094074770585063 ], [ -80.049312646867079, 26.093144770349511 ], [ -80.049332646862808, 26.092764770252998 ], [ -80.049352646858509, 26.092384770156475 ], [ -80.049402646852826, 26.091624769963207 ], [ -80.049542646853453, 26.090114769578395 ], [ -80.049782646873524, 26.088234769097859 ], [ -80.050102646917466, 26.086374768620573 ], [ -80.050452646975089, 26.084694768188193 ], [ -80.05082264704383, 26.083214767805906 ], [ -80.051292647137103, 26.081554767375881 ], [ -80.051772647239162, 26.080114767001309 ], [ -80.052392647374745, 26.078394766552904 ], [ -80.052902647486945, 26.077004766190271 ], [ -80.053312647578394, 26.075934765910795 ], [ -80.053602647644325, 26.075224765724915 ], [ -80.053892647710271, 26.074514765539035 ], [ -80.054282647800932, 26.073634765308007 ], [ -80.054532647860512, 26.073124765173652 ], [ -80.054552647851423, 26.072564765031572 ], [ -80.054612647844735, 26.07165476480009 ], [ -80.05466264784522, 26.071124764664997 ], [ -80.055262647840848, 26.064374762944752 ], [ -80.0557226477424, 26.0556247607215 ], [ -80.055772647736802, 26.054864760528197 ], [ -80.055882647733853, 26.053544760191883 ], [ -80.055952647739161, 26.052974760046183 ], [ -80.056032647742626, 26.052224759854703 ], [ -80.056132647751909, 26.051474759662799 ], [ -80.056972647844191, 26.045704758184854 ], [ -80.057352647849015, 26.041704757164567 ], [ -80.057862647844061, 26.035904755686008 ], [ -80.057932647844638, 26.035154755494691 ], [ -80.058262647802522, 26.029934754166629 ], [ -80.058282647804106, 26.029774754125704 ], [ -80.058302647797433, 26.029304754006329 ], [ -80.058682647776365, 26.02432475273784 ], [ -80.059302647730391, 26.015754750555462 ], [ -80.059342647724321, 26.015084750384997 ], [ -80.059372647724601, 26.014764750303378 ], [ -80.05988264772931, 26.009314748912814 ], [ -80.059922647727731, 26.008814748785358 ], [ -80.059952647727798, 26.008484748701193 ], [ -80.060222647742634, 26.006064748082728 ], [ -80.060272647681458, 26.003204747357639 ], [ -80.060292647667453, 26.002454747167352 ], [ -80.060322647656321, 26.001704746976873 ], [ -80.060382647649263, 26.000774746740085 ], [ -80.060442647646724, 26.000014746546363 ], [ -80.06049264764674, 25.999464746406076 ], [ -80.06094264765899, 25.994954745254539 ], [ -80.060902647623166, 25.994044745024958 ], [ -80.060882647588471, 25.992954744749447 ], [ -80.06090264756466, 25.991834744465425 ], [ -80.060912647542679, 25.990894744227184 ], [ -80.060982647528476, 25.989584743893989 ], [ -80.061072647525179, 25.98846474360845 ], [ -80.061152647528772, 25.987714743416838 ], [ -80.061282647537183, 25.986594743130397 ], [ -80.061322647539114, 25.986224743035883 ], [ -80.061502647562151, 25.985104742748362 ], [ -80.061892647622301, 25.983064742223377 ], [ -80.06214264766659, 25.98197474194194 ], [ -80.062382647688466, 25.980144741473332 ], [ -80.062602647714201, 25.978684741098856 ], [ -80.062792647740721, 25.977584740816173 ], [ -80.062895647750452, 25.976813740618702 ], [ -80.062992647764631, 25.9762747404801 ], [ -80.063052647772125, 25.975894740382572 ], [ -80.063162647789511, 25.975334740238363 ], [ -80.063230647799941, 25.974975740145968 ], [ -80.063352647820579, 25.974404739998739 ], [ -80.063322647806729, 25.974214739951297 ], [ -80.063172647733268, 25.973094739670859 ], [ -80.063102647697974, 25.972534739530559 ], [ -80.063032647657678, 25.97178473934213 ], [ -80.062982647628218, 25.971224739201372 ], [ -80.062972647620285, 25.971034739153431 ], [ -80.062942647596728, 25.970474739012229 ], [ -80.062892647566997, 25.969904738868973 ], [ -80.062862647533407, 25.968964738631524 ], [ -80.06284264750272, 25.968024738393911 ], [ -80.062842647487912, 25.967464738252055 ], [ -80.062852647470791, 25.966704738059324 ], [ -80.06299264743727, 25.963884737342042 ], [ -80.063102647439905, 25.962764737055956 ], [ -80.063032647360274, 25.960524736490029 ], [ -80.063072647272421, 25.956754735534162 ], [ -80.063132647205848, 25.953564734724743 ], [ -80.063232647170992, 25.951134734106951 ], [ -80.063412647169315, 25.949074733581202 ], [ -80.063692647196959, 25.947014733053201 ], [ -80.06389264722624, 25.945904732767691 ], [ -80.064032647247416, 25.945154732574668 ], [ -80.064072647223014, 25.943784732226653 ], [ -80.064122647193628, 25.942114731802469 ], [ -80.064182647186684, 25.941184731565478 ], [ -80.064212647185713, 25.940814731471118 ], [ -80.064092647130835, 25.940064731283655 ], [ -80.063852647031069, 25.938944731005023 ], [ -80.063492646871197, 25.936874730488242 ], [ -80.063162646705081, 25.934234729826375 ], [ -80.063012646601166, 25.931954729251757 ], [ -80.062972646524159, 25.929474728624132 ], [ -80.06303264649172, 25.927574728141359 ], [ -80.063192646483557, 25.925484727608215 ], [ -80.063482646508689, 25.923214727026622 ], [ -80.063874646565608, 25.921018726461611 ], [ -80.063992646583969, 25.920404726303424 ], [ -80.064252646630621, 25.919284726013991 ], [ -80.064542646686292, 25.91817472572637 ], [ -80.064692646715443, 25.917614725581245 ], [ -80.064852646747795, 25.917064725438365 ], [ -80.065072646792984, 25.9163347252486 ], [ -80.065215646823333, 25.915895725134234 ], [ -80.065348646851547, 25.915490725028707 ], [ -80.065432646869411, 25.915234724962033 ], [ -80.065169646766307, 25.914240724715732 ], [ -80.064912646664141, 25.913214724461177 ], [ -80.064602646534524, 25.911734724092639 ], [ -80.064312646405497, 25.910054723673031 ], [ -80.064122646315496, 25.908744723345041 ], [ -80.064032646269723, 25.908004723159358 ], [ -80.063882646181142, 25.906304722731594 ], [ -80.063782646107271, 25.904604722302775 ], [ -80.063762646066735, 25.903284721968522 ], [ -80.063782646027946, 25.901584721537105 ], [ -80.063882646007826, 25.899704721058264 ], [ -80.064032646007121, 25.898004720624062 ], [ -80.064232646025786, 25.896484720234337 ], [ -80.064402646046346, 25.89537471994926 ], [ -80.06464264608249, 25.894074719614473 ], [ -80.064882646123337, 25.892954719325296 ], [ -80.06509264616281, 25.892117719108558 ], [ -80.065292646199765, 25.891294718895615 ], [ -80.065442646229258, 25.890744718752899 ], [ -80.06549264623915, 25.890564718706184 ], [ -80.065602646261638, 25.890194718610029 ], [ -80.065572646243112, 25.889824718516813 ], [ -80.065502646198254, 25.888894718282508 ], [ -80.065482646177699, 25.888334718140921 ], [ -80.065442646136674, 25.887214717857763 ], [ -80.065432646119035, 25.886654717715935 ], [ -80.065432646099367, 25.885904717525761 ], [ -80.065452646085561, 25.885154717335169 ], [ -80.06547264607201, 25.88441471714706 ], [ -80.065502646066108, 25.883854717004393 ], [ -80.065532646060234, 25.883294716861737 ], [ -80.065592646058093, 25.882544716670267 ], [ -80.065642646058038, 25.881984716527153 ], [ -80.065692646058309, 25.881434716386625 ], [ -80.065722646062071, 25.881244716337758 ], [ -80.065672646038024, 25.880884716247532 ], [ -80.065532645968773, 25.879804715976629 ], [ -80.065382645905473, 25.879064715792158 ], [ -80.065242645845103, 25.878324715607459 ], [ -80.065082645773941, 25.877394715375061 ], [ -80.064952645711514, 25.876464715141974 ], [ -80.064832645652004, 25.875534714908699 ], [ -80.064732645597886, 25.874584714669851 ], [ -80.064652645550083, 25.873654714435684 ], [ -80.064592645507958, 25.87271471419853 ], [ -80.064552645476326, 25.871954714006673 ], [ -80.064542645453798, 25.871204713816592 ], [ -80.064522645433286, 25.870644713674967 ], [ -80.064542645409546, 25.869514713387925 ], [ -80.064552645392567, 25.868754713194914 ], [ -80.064572645383748, 25.868194713052475 ], [ -80.064602645377846, 25.867634712909783 ], [ -80.064582645362051, 25.867254712813804 ], [ -80.064452645304669, 25.866514712628874 ], [ -80.06434264525285, 25.865764712441017 ], [ -80.064222645193368, 25.864834712207614 ], [ -80.064112645136632, 25.86389471197154 ], [ -80.064032645088858, 25.862964711737309 ], [ -80.063982645054367, 25.862204711545569 ], [ -80.063942645032697, 25.861824711450065 ], [ -80.063942645022777, 25.861444711353652 ], [ -80.063912644999107, 25.860874711209661 ], [ -80.063792644949558, 25.860324711072732 ], [ -80.06367264489981, 25.859764710933209 ], [ -80.063532644839242, 25.859014710745935 ], [ -80.063462644809093, 25.858644710653561 ], [ -80.063312644740591, 25.857704710418325 ], [ -80.063272644721479, 25.857422710347631 ], [ -80.063232644702524, 25.857144710277961 ], [ -80.063152644664484, 25.856584710137593 ], [ -80.063072644626416, 25.856024709997218 ], [ -80.063002644586049, 25.855264709805859 ], [ -80.062952644556546, 25.85469470966234 ], [ -80.06288264451149, 25.853754709425335 ], [ -80.062822644464376, 25.85262470913991 ], [ -80.06279264443576, 25.851864708947712 ], [ -80.06279264440596, 25.850724708658479 ], [ -80.06280264437936, 25.849594708371516 ], [ -80.062852644359523, 25.848274708035543 ], [ -80.062892644356282, 25.847704707890024 ], [ -80.062962644352211, 25.846764707650046 ], [ -80.063052644353746, 25.845814707407008 ], [ -80.063122644359638, 25.845254707263464 ], [ -80.063272644373967, 25.844124706973471 ], [ -80.063392644389538, 25.843374706780612 ], [ -80.063552644412056, 25.842444706541194 ], [ -80.063652644426682, 25.841884706396961 ], [ -80.063782644450114, 25.841324706252053 ], [ -80.063902644470588, 25.840764706107365 ], [ -80.064032644494276, 25.840214705965042 ], [ -80.064162644517708, 25.839654705820159 ], [ -80.064262644537536, 25.839294705726655 ], [ -80.064252644524743, 25.838914705630422 ], [ -80.064202644490791, 25.83817470544367 ], [ -80.064182644460132, 25.837224705203027 ], [ -80.06418264444082, 25.836484705015224 ], [ -80.06419264441945, 25.835554704779021 ], [ -80.0642026444078, 25.834994704636671 ], [ -80.064252644402828, 25.834244704445265 ], [ -80.064282644392293, 25.833504704256811 ], [ -80.064412644391496, 25.832014703875881 ], [ -80.064512644396444, 25.831084703637668 ], [ -80.064652644393306, 25.829394703205761 ], [ -80.064772644389109, 25.827884702819944 ], [ -80.064892644394988, 25.82676470253308 ], [ -80.064952644383098, 25.825634702244997 ], [ -80.064932644352723, 25.824694702006809 ], [ -80.06494264433114, 25.823754701768049 ], [ -80.064992644301739, 25.822064701337982 ], [ -80.065122644295684, 25.820374700906228 ], [ -80.065232644298689, 25.81925470061957 ], [ -80.065372644307857, 25.818034700306878 ], [ -80.065462644294868, 25.816524699921647 ], [ -80.065562644294459, 25.815384699630087 ], [ -80.065762644308961, 25.813694699196791 ], [ -80.06594264433248, 25.812574698908605 ], [ -80.066142644362117, 25.811464698622547 ], [ -80.066322644390311, 25.810524698380046 ], [ -80.066492644420734, 25.809784698188555 ], [ -80.066522644399882, 25.808644697898494 ], [ -80.066552644369054, 25.807124697511938 ], [ -80.066612644352276, 25.805804697175482 ], [ -80.066752644348739, 25.804094696738343 ], [ -80.06696264436593, 25.802394696302244 ], [ -80.06723264440096, 25.80070469586737 ], [ -80.067482644440048, 25.799394695529415 ], [ -80.067822644501305, 25.797924695148872 ], [ -80.068152644563796, 25.7966146948092 ], [ -80.068522644638776, 25.795334694476274 ], [ -80.068992644738316, 25.793874694095578 ], [ -80.069442644836997, 25.79260469376344 ], [ -80.069582644868845, 25.792254693671602 ], [ -80.069862644932101, 25.791534693482809 ], [ -80.070082644977504, 25.790804693292689 ], [ -80.070292645015002, 25.789884693054567 ], [ -80.070472645048724, 25.789154692865388 ], [ -80.070622645078316, 25.788604692722483 ], [ -80.070722645097931, 25.788234692626418 ], [ -80.070922645137514, 25.787504692436794 ], [ -80.071202645196038, 25.786604692202275 ], [ -80.071562645273332, 25.785524691920319 ], [ -80.071742645296879, 25.78440469163203 ], [ -80.071952645329276, 25.783284691343084 ], [ -80.072122645359755, 25.782544691151511 ], [ -80.072332645397353, 25.781624690913365 ], [ -80.072392645400598, 25.781074690772428 ], [ -80.072452645404141, 25.780534690634003 ], [ -80.072552645414675, 25.779814690449012 ], [ -80.072622645421404, 25.779284690312949 ], [ -80.072552645382487, 25.778574690134054 ], [ -80.072272645282411, 25.777874689962232 ], [ -80.071762645097081, 25.77648468962002 ], [ -80.07124264490264, 25.774854689217086 ], [ -80.070912644777565, 25.773754688944667 ], [ -80.070482644608632, 25.772094688532135 ], [ -80.070122644459715, 25.770414688113078 ], [ -80.069792644314674, 25.768544687644987 ], [ -80.069582644214037, 25.767034687265888 ], [ -80.069432644135972, 25.765714686933745 ], [ -80.06933264407219, 25.764384686598 ], [ -80.069282644032953, 25.763434686357726 ], [ -80.069242643976906, 25.761724685924133 ], [ -80.069272643936472, 25.759824685440734 ], [ -80.069332643919779, 25.758504685104139 ], [ -80.069432643919541, 25.757364684812313 ], [ -80.069622643931069, 25.755664684376317 ], [ -80.069902643964326, 25.753784683892743 ], [ -80.070112643996481, 25.752654683601158 ], [ -80.070285644025162, 25.751806683382011 ], [ -80.070612644085031, 25.750424683023901 ], [ -80.071112644183671, 25.748584682545712 ], [ -80.071942644360519, 25.746034681880118 ], [ -80.072482644481269, 25.744594681502718 ], [ -80.073152644635897, 25.742994681081903 ], [ -80.073882644808577, 25.741414680664843 ], [ -80.074662644996707, 25.739864680254424 ], [ -80.075512645205862, 25.738334679847561 ], [ -80.076102645352591, 25.737334679580869 ], [ -80.077142645614202, 25.735684679139489 ], [ -80.077922645813246, 25.734554678835767 ], [ -80.078722646018548, 25.733444678536642 ], [ -80.079802646298333, 25.732044678157937 ], [ -80.080812646562308, 25.730824677826433 ], [ -80.081592646767533, 25.729934677583739 ], [ -80.082802647087703, 25.728624677225081 ], [ -80.084492647538724, 25.726944676762287 ], [ -80.086412648055216, 25.725194676276757 ], [ -80.08826264855692, 25.723664675848671 ], [ -80.091782649520894, 25.721114675125914 ], [ -80.10930865496519, 25.733393677874911 ], [ -80.124769659741844, 25.743218680043089 ], [ -80.131369661787815, 25.747681681036656 ], [ -80.132540662152834, 25.748551681232737 ], [ -80.132181662083539, 25.749929681590427 ], [ -80.135718663185699, 25.752540682178452 ], [ -80.138349664007293, 25.754551682633309 ], [ -80.139794664458549, 25.755656682883231 ], [ -80.139969664513202, 25.755790682913531 ], [ -80.140312664621035, 25.756080682979917 ], [ -80.140352664633184, 25.756097682983395 ], [ -80.140401664648238, 25.756126682989706 ], [ -80.141242664910237, 25.756745683128994 ], [ -80.141283664922923, 25.756771683134783 ], [ -80.141326664936159, 25.756797683140459 ], [ -80.142030665155531, 25.757317683257536 ], [ -80.142057665164117, 25.757342683263321 ], [ -80.142320665246714, 25.75756268331363 ], [ -80.142688665361987, 25.757856683380449 ], [ -80.142921665434457, 25.758023683417893 ], [ -80.144191665830277, 25.758965683630109 ], [ -80.144526665934478, 25.75920568368398 ], [ -80.145099666113154, 25.759632683780222 ], [ -80.148823667273447, 25.76237868439836 ], [ -80.149090667391221, 25.763908684781178 ], [ -80.14908966739236, 25.763962684794915 ], [ -80.149079667390509, 25.764005684806026 ], [ -80.14906166738632, 25.764044684816334 ], [ -80.149002667370794, 25.76411268483486 ], [ -80.148954667357586, 25.764144684843966 ], [ -80.148899667341851, 25.764158684848717 ], [ -80.148480667219843, 25.764177684862467 ], [ -80.148050667094566, 25.764196684876385 ], [ -80.144428666038067, 25.764304684980868 ], [ -80.144086665938275, 25.764313684990459 ], [ -80.14170466524341, 25.764382685058628 ], [ -80.141184665091885, 25.76440368507502 ], [ -80.140013664750043, 25.764428685106289 ], [ -80.139955664732796, 25.764417685104682 ], [ -80.139681664652997, 25.764431685114115 ], [ -80.139423664577905, 25.764444685122843 ], [ -80.139173664505108, 25.76445868513175 ], [ -80.138678664360668, 25.764471685145594 ], [ -80.138632664347284, 25.764473685147077 ], [ -80.138603664340351, 25.764533685162888 ], [ -80.138616664349883, 25.764753685218487 ], [ -80.137589664049912, 25.764769685244413 ], [ -80.137737664095724, 25.764865685265622 ], [ -80.138229664247419, 25.765168685332135 ], [ -80.136904663859923, 25.765168685360326 ], [ -80.138116664231575, 25.765831685502867 ], [ -80.138403664318275, 25.765937685523692 ], [ -80.139082664523443, 25.766191685573741 ], [ -80.141410665226914, 25.767061685745155 ], [ -80.144472666163765, 25.768653686084225 ], [ -80.152078668473138, 25.771924686752925 ], [ -80.162203671547104, 25.77627868764273 ], [ -80.163150671834543, 25.776683687725374 ], [ -80.167907673278634, 25.778722688141716 ], [ -80.169052673626211, 25.779213688241924 ], [ -80.169009673621019, 25.779498688315211 ], [ -80.16897167361526, 25.779704688368263 ], [ -80.168923673606471, 25.779906688420574 ], [ -80.168467673523921, 25.781860688926272 ], [ -80.166962673197048, 25.786217690064188 ], [ -80.166156673030869, 25.788891690760071 ], [ -80.165848672970668, 25.790040691058241 ], [ -80.165757672949312, 25.790242691111416 ], [ -80.165739672948703, 25.790422691157524 ], [ -80.165717672944297, 25.790499691177573 ], [ -80.165687672938276, 25.790605691205052 ], [ -80.165656672932258, 25.790722691235462 ], [ -80.164991672801278, 25.793163691869111 ], [ -80.164968672796746, 25.793247691890944 ], [ -80.164130672631629, 25.796320692688656 ], [ -80.163867672577467, 25.797195692916304 ], [ -80.163255672455193, 25.799373693482075 ], [ -80.162638672332093, 25.801575694054044 ], [ -80.161742672153579, 25.80478369488716 ], [ -80.161128672030969, 25.806969695454971 ], [ -80.16057767191721, 25.808789695928525 ], [ -80.160213671844403, 25.810080696263835 ], [ -80.160092671820166, 25.810507696374756 ], [ -80.160045671810749, 25.810675696418421 ], [ -80.159950671791819, 25.811014696506476 ], [ -80.159399671681683, 25.812971697014756 ], [ -80.159470671786622, 25.816201697832732 ], [ -80.159582671892167, 25.818993698538669 ], [ -80.159598671913599, 25.81963569870123 ], [ -80.159792672034627, 25.822102699322908 ], [ -80.159905672122321, 25.82419769985195 ], [ -80.160063672239531, 25.826918700538808 ], [ -80.160234672326013, 25.828315700889497 ], [ -80.16049967253457, 25.833336702157439 ], [ -80.160675672675694, 25.836771703024922 ], [ -80.160807672793652, 25.839809703792611 ], [ -80.160937672909498, 25.842787704545071 ], [ -80.161109673107475, 25.848436705973924 ], [ -80.161273673296165, 25.853818707335137 ], [ -80.161382673379649, 25.855790707832842 ], [ -80.161770673492782, 25.855777707821211 ], [ -80.163470673987334, 25.855677707759469 ], [ -80.16191167362129, 25.859113708664005 ], [ -80.161744673582078, 25.859480708760618 ], [ -80.152708670939461, 25.859480708954212 ], [ -80.147818669509348, 25.859485709060284 ], [ -80.147470669462351, 25.861577709598194 ], [ -80.145773669229953, 25.871655712189675 ], [ -80.145472669169635, 25.872714712464603 ], [ -80.146840669569002, 25.872685712427913 ], [ -80.155807672188473, 25.872567712205726 ], [ -80.154930671982569, 25.874498712714043 ], [ -80.154805671953326, 25.874776712787174 ], [ -80.153670671686911, 25.877277713445476 ], [ -80.15170567118092, 25.879897714151742 ], [ -80.150970670991597, 25.880876714415717 ], [ -80.158715673261156, 25.88104571429232 ], [ -80.159673673540681, 25.881019714265168 ], [ -80.159734673558503, 25.881017714263354 ], [ -80.159952673625327, 25.881136714288836 ], [ -80.160430673771884, 25.881392714343498 ], [ -80.164855675129303, 25.883808714860834 ], [ -80.165383675283167, 25.883785714843658 ], [ -80.165447675301763, 25.883782714841544 ], [ -80.165568675337028, 25.883777714837684 ], [ -80.165545675331742, 25.883832714852101 ], [ -80.16553967533045, 25.883851714857073 ], [ -80.165408675301151, 25.884193714946527 ], [ -80.165032675218654, 25.885240715219982 ], [ -80.164885675189169, 25.885756715353914 ], [ -80.164833675177277, 25.885881715386684 ], [ -80.164697675146186, 25.886212715473501 ], [ -80.164603675127552, 25.886550715561167 ], [ -80.164550675117113, 25.88674171561069 ], [ -80.164311675068078, 25.887537715817583 ], [ -80.164304675066589, 25.887558715823058 ], [ -80.164014675005973, 25.888480716062968 ], [ -80.163730674947359, 25.889412716305223 ], [ -80.163620674923735, 25.889738716390173 ], [ -80.163287674852398, 25.890731716649015 ], [ -80.163029674801507, 25.891666716891482 ], [ -80.162779674752628, 25.892589717130733 ], [ -80.162518674699839, 25.893486717363661 ], [ -80.162440674683864, 25.893746717431188 ], [ -80.16164867452089, 25.89636071811065 ], [ -80.160937674373528, 25.898666718710231 ], [ -80.160871674359527, 25.898869718763081 ], [ -80.160592674301597, 25.899769718997128 ], [ -80.160541674291096, 25.899936719040522 ], [ -80.160387674261472, 25.90052371919257 ], [ -80.162527674885169, 25.900441719125848 ], [ -80.162620674912247, 25.900437719122817 ], [ -80.162741674947483, 25.900433719119164 ], [ -80.162761674953629, 25.900443719121288 ], [ -80.162766674957325, 25.900529719142991 ], [ -80.162698674943854, 25.900773719206306 ], [ -80.162507674892751, 25.900953719256012 ], [ -80.162457674879363, 25.900999719268736 ], [ -80.16241967486917, 25.901035719278639 ], [ -80.162386674860301, 25.901066719287233 ], [ -80.162209674812985, 25.901234719333583 ], [ -80.161892674727682, 25.901515719411627 ], [ -80.160998674485299, 25.902242719615039 ], [ -80.160833674443467, 25.90248771968065 ], [ -80.160658674396913, 25.90266271972872 ], [ -80.160593674380181, 25.902748719751909 ], [ -80.160430674338258, 25.902967719810928 ], [ -80.160130674260515, 25.903349719914164 ], [ -80.159829674183783, 25.903778720029319 ], [ -80.159547674113767, 25.904253720155733 ], [ -80.159523674107859, 25.904295720166907 ], [ -80.159300674054521, 25.904747720286206 ], [ -80.159114674010823, 25.90515572039358 ], [ -80.159005673987366, 25.905475720476993 ], [ -80.158909673968537, 25.905826720568008 ], [ -80.158850673957815, 25.906075720632362 ], [ -80.158831673954481, 25.906158720653824 ], [ -80.158778673944042, 25.906352720704067 ], [ -80.158767673942847, 25.906428720723603 ], [ -80.15872567394257, 25.906885720840268 ], [ -80.158704673942779, 25.90712772090205 ], [ -80.158621673941013, 25.907984721120965 ], [ -80.158601673940709, 25.908195721174824 ], [ -80.158421673936999, 25.910056721650207 ], [ -80.158368673931875, 25.910450721751126 ], [ -80.158343673929807, 25.910649721802116 ], [ -80.158241673923982, 25.911563722035901 ], [ -80.158204673919784, 25.911813722100014 ], [ -80.158168673914901, 25.912029722155523 ], [ -80.157813673865533, 25.914100722687792 ], [ -80.15772267384591, 25.914365722756877 ], [ -80.157697673841753, 25.914485722787848 ], [ -80.157588673820953, 25.914906722896824 ], [ -80.157558673815814, 25.915044722932407 ], [ -80.157729673865703, 25.915039722927478 ], [ -80.157659673851555, 25.915281722990315 ], [ -80.157602673839676, 25.91546272303739 ], [ -80.157431673803856, 25.916003723178125 ], [ -80.157242673764472, 25.916606723334958 ], [ -80.157034673703819, 25.916612723340922 ], [ -80.15667067362844, 25.917792723647665 ], [ -80.156515673596346, 25.918296723778724 ], [ -80.156395673571495, 25.918687723880318 ], [ -80.156106673509811, 25.919552724105703 ], [ -80.156098673507884, 25.919569724110133 ], [ -80.156009673491695, 25.919944724207056 ], [ -80.155932673475647, 25.920189724270799 ], [ -80.15578767344536, 25.920651724390915 ], [ -80.15588267347313, 25.920649724388362 ], [ -80.155974673499983, 25.920647724385887 ], [ -80.15579667346293, 25.921217724534127 ], [ -80.154824673260023, 25.92430872533803 ], [ -80.154543673201346, 25.925202725570539 ], [ -80.154252673140633, 25.926128725811342 ], [ -80.154430673192749, 25.926131725808286 ], [ -80.155942673634485, 25.926112725770885 ], [ -80.157959674222838, 25.926052725712253 ], [ -80.159982674813705, 25.926022725661106 ], [ -80.160443674948581, 25.926025725651908 ], [ -80.161408675230163, 25.926000725624824 ], [ -80.161946675386886, 25.925976725607146 ], [ -80.162371675511224, 25.925978725598515 ], [ -80.163362675800357, 25.925951725570343 ], [ -80.163994675985023, 25.925945725555245 ], [ -80.166009676571676, 25.925846725486725 ], [ -80.168003677153123, 25.925780725427078 ], [ -80.16944967757415, 25.925711725378473 ], [ -80.169674677638938, 25.925672725363725 ], [ -80.170024677741026, 25.925660725353197 ], [ -80.172002678317085, 25.925570725287805 ], [ -80.172315678408239, 25.925557725277741 ], [ -80.174011678902417, 25.925487725223498 ], [ -80.175029679199127, 25.925450725192256 ], [ -80.175354679293662, 25.925432725180684 ], [ -80.176040679494051, 25.925422725163344 ], [ -80.176097679529761, 25.926146725345511 ], [ -80.176095679533603, 25.926314725388071 ], [ -80.176099679535966, 25.926358725399147 ], [ -80.176151679567994, 25.926997725559836 ], [ -80.176156679576238, 25.927255725625105 ], [ -80.176168679591683, 25.927706725739046 ], [ -80.176186679614645, 25.92838172590961 ], [ -80.176202679638251, 25.929098726090864 ], [ -80.178271680241338, 25.929024726027507 ], [ -80.180233680812677, 25.928933725962199 ], [ -80.180315680885016, 25.930767726424918 ], [ -80.180317680886631, 25.930807726435027 ], [ -80.180321680890302, 25.930902726458964 ], [ -80.180335680910076, 25.93149672660908 ], [ -80.180340680916416, 25.931681726655803 ], [ -80.181178681160659, 25.931652726630421 ], [ -80.182341681499921, 25.931620726597281 ], [ -80.182365681531209, 25.932541726829985 ], [ -80.183212681777974, 25.932507726803095 ], [ -80.184440682135502, 25.932447726761424 ], [ -80.184698682210438, 25.932428726751095 ], [ -80.186404682707305, 25.932352726695058 ], [ -80.186436682740023, 25.93323772691846 ], [ -80.18759668307834, 25.933205726885383 ], [ -80.188483683337168, 25.933182726860458 ], [ -80.188493683348824, 25.93351572694457 ], [ -80.188501683362333, 25.933939727051765 ], [ -80.188506683370221, 25.934181727112886 ], [ -80.188509683373127, 25.934258727132363 ], [ -80.188540683402735, 25.935039727329453 ], [ -80.188587683440261, 25.935941727556827 ], [ -80.188614683467307, 25.936668727740308 ], [ -80.188621683474423, 25.936859727788505 ], [ -80.188657683508183, 25.93774272801134 ], [ -80.188716683544357, 25.938458728191314 ], [ -80.188734683581629, 25.939671728498048 ], [ -80.188766683613693, 25.940533728715646 ], [ -80.1887876836375, 25.94120372888478 ], [ -80.188790683642054, 25.941342728919906 ], [ -80.188794683646108, 25.941453728947927 ], [ -80.188755683652772, 25.942136729121717 ], [ -80.188736683655037, 25.942433729197315 ], [ -80.188686683661629, 25.943236729401718 ], [ -80.188590683633649, 25.943241729405035 ], [ -80.187898683432294, 25.943277729429042 ], [ -80.187567683335928, 25.943294729440485 ], [ -80.187309683269717, 25.943646729535178 ], [ -80.186990683189308, 25.944133729665332 ], [ -80.186737683127717, 25.944602729789537 ], [ -80.186232683005699, 25.945573730046267 ], [ -80.18553768283283, 25.946725730352938 ], [ -80.185099682721599, 25.94736473052415 ], [ -80.184969682686869, 25.947489730558559 ], [ -80.184887682665462, 25.947585730584663 ], [ -80.184642682600185, 25.947827730651241 ], [ -80.184400682536037, 25.948078730719992 ], [ -80.183919682405815, 25.948473730830354 ], [ -80.181425681732122, 25.950581731417845 ], [ -80.180563681498668, 25.951285731614629 ], [ -80.179215681134025, 25.952405731927264 ], [ -80.178094680830441, 25.953323732183875 ], [ -80.177413680646097, 25.953884732340594 ], [ -80.176730680460651, 25.954424732492022 ], [ -80.176257680330352, 25.954728732579177 ], [ -80.175317680071686, 25.955343732755114 ], [ -80.173845679668062, 25.956361733044652 ], [ -80.172836679390272, 25.95701473323173 ], [ -80.171497679019893, 25.957818733464126 ], [ -80.169699678524225, 25.95896073379204 ], [ -80.169432678450875, 25.959140733843373 ], [ -80.169116678363679, 25.959337733900092 ], [ -80.168796678275811, 25.959553733961645 ], [ -80.168595678220868, 25.959699734002971 ], [ -80.168143678097607, 25.960037734098286 ], [ -80.167747677991429, 25.960400734198714 ], [ -80.167357677887793, 25.960796734307412 ], [ -80.167080677815349, 25.961119734395126 ], [ -80.166638677702949, 25.96175973456667 ], [ -80.166370677637545, 25.962250734696749 ], [ -80.166027677553899, 25.962880734863624 ], [ -80.165640677470293, 25.963999735155266 ], [ -80.165485677442504, 25.964663735326663 ], [ -80.165395677429515, 25.965168735456469 ], [ -80.165330677427065, 25.965794735616356 ], [ -80.165282677429801, 25.96642973577811 ], [ -80.165233677432454, 25.967071735941648 ], [ -80.16522567744714, 25.967714736104604 ], [ -80.165233677460662, 25.968137736211517 ], [ -80.165309677517854, 25.969461736544933 ], [ -80.16543767759309, 25.970890736903918 ], [ -80.165529677642056, 25.971725737113257 ], [ -80.165726677754236, 25.973787737630907 ], [ -80.165591677715867, 25.973829737644419 ], [ -80.165394677659876, 25.973891737664371 ], [ -80.165178677596614, 25.973889737668536 ], [ -80.1650386775557, 25.973889737671577 ], [ -80.164490677395861, 25.973905737687481 ], [ -80.162846676916345, 25.973953737735151 ], [ -80.162299676756817, 25.973970737751273 ], [ -80.161893676638357, 25.973981737762802 ], [ -80.160676676283288, 25.974016737797992 ], [ -80.160271676165223, 25.974028737809743 ], [ -80.159862676045819, 25.974038737821157 ], [ -80.158636675688101, 25.974069737855476 ], [ -80.158228675569049, 25.974080737867098 ], [ -80.15811967553725, 25.974083737870213 ], [ -80.157795675442713, 25.974091737879228 ], [ -80.157687675411211, 25.97409573788255 ], [ -80.157586675381722, 25.974098737885488 ], [ -80.157436675338005, 25.97410273788979 ], [ -80.157334675308192, 25.974104737892485 ], [ -80.156580675088236, 25.974124737913861 ], [ -80.156329675014987, 25.974132737921284 ], [ -80.156306675008253, 25.974132737921806 ], [ -80.156237674988134, 25.974134737923773 ], [ -80.156215674981709, 25.974135737924502 ], [ -80.156029674927453, 25.974140737929776 ], [ -80.155473674765219, 25.974155737945612 ], [ -80.155288674711272, 25.974161737951103 ], [ -80.155073674648591, 25.974167737957249 ], [ -80.154428674460391, 25.974185737975766 ], [ -80.154213674397653, 25.974191737981908 ], [ -80.154121674370842, 25.974195737984964 ], [ -80.153848674291311, 25.974206737993622 ], [ -80.153757674264824, 25.974211737996836 ], [ -80.153538674200973, 25.974220738003879 ], [ -80.152883674010184, 25.974249738025357 ], [ -80.152665673946743, 25.974259738032636 ], [ -80.152579673921579, 25.974260738034751 ], [ -80.15232467384709, 25.974263738040996 ], [ -80.15223967382228, 25.974265738043346 ], [ -80.152179673804739, 25.9742667380449 ], [ -80.152139673793016, 25.974266738045742 ], [ -80.152119673787183, 25.974267738046418 ], [ -80.151930673732025, 25.974270738051263 ], [ -80.151840673705706, 25.974271738053471 ], [ -80.151741673676838, 25.974273738056098 ], [ -80.15143867358853, 25.974286738065945 ], [ -80.150530673323971, 25.974324738095167 ], [ -80.150228673235972, 25.97433873810526 ], [ -80.150208673230154, 25.974338738105693 ], [ -80.150151673213529, 25.974340738107443 ], [ -80.150132673208006, 25.974341738108084 ], [ -80.149718673087293, 25.974355738120593 ], [ -80.148478672725702, 25.974396738157779 ], [ -80.148065672605242, 25.97441173817047 ], [ -80.148063672608657, 25.974562738208764 ], [ -80.148061672620102, 25.975017738323942 ], [ -80.148061672624124, 25.975169738362442 ], [ -80.14806567262923, 25.97531873840008 ], [ -80.148080672645463, 25.975765738512859 ], [ -80.148085672650879, 25.975914738550482 ], [ -80.148089672655701, 25.976053738585588 ], [ -80.148093672660295, 25.97618173861791 ], [ -80.148101672670265, 25.976470738690896 ], [ -80.148106672675411, 25.976610738726194 ], [ -80.148108672678745, 25.976714738752509 ], [ -80.148117672689708, 25.977027738831492 ], [ -80.148121672693634, 25.977132738857986 ], [ -80.148127672700824, 25.97733873891001 ], [ -80.148145672722492, 25.977958739066565 ], [ -80.148152672730006, 25.978165739118808 ], [ -80.14815967273671, 25.978340739162956 ], [ -80.148180672756709, 25.978865739295347 ], [ -80.148187672763456, 25.979041739339756 ], [ -80.148195672770612, 25.979224739385909 ], [ -80.148220672792519, 25.979776739525086 ], [ -80.14822967280007, 25.97996073957146 ], [ -80.148234672806467, 25.980147739618662 ], [ -80.148252672826615, 25.98071073976077 ], [ -80.14825867283335, 25.980898739808204 ], [ -80.148264672840142, 25.981089739856451 ], [ -80.148283672860885, 25.981662740001028 ], [ -80.148290672867986, 25.981854740049492 ], [ -80.148296672876867, 25.982122740117205 ], [ -80.148316672904031, 25.98292774032052 ], [ -80.148323672913179, 25.98319674038839 ], [ -80.148332672923885, 25.983501740465432 ], [ -80.148361672956668, 25.984418740696889 ], [ -80.14837167296767, 25.984724740774073 ], [ -80.148378672974431, 25.984902740818988 ], [ -80.148401672995277, 25.985436740953652 ], [ -80.14840267299661, 25.985475740963516 ], [ -80.148409673002377, 25.985614740998528 ], [ -80.14837067299095, 25.985614740999381 ], [ -80.148255672957362, 25.985616741002353 ], [ -80.148217672946288, 25.985618741003684 ], [ -80.14817467293372, 25.985619741004871 ], [ -80.148138672923267, 25.985620741005867 ], [ -80.147903672854753, 25.985630741013541 ], [ -80.147825672832084, 25.985634741016213 ], [ -80.147837672848269, 25.98611474113742 ], [ -80.147874672897288, 25.98755674150156 ], [ -80.147887672913797, 25.988037741622986 ], [ -80.147893672921825, 25.988272741682362 ], [ -80.147911672945767, 25.98897774186036 ], [ -80.147918672954006, 25.989212741919708 ], [ -80.147939672960163, 25.98921274191925 ], [ -80.148004672979255, 25.989215741918603 ], [ -80.148026672985736, 25.989216741918376 ], [ -80.148036672998387, 25.989584742011267 ], [ -80.148066673036382, 25.990689742290243 ], [ -80.148077673049428, 25.991058742383416 ], [ -80.148093673063784, 25.991423742475444 ], [ -80.148104673072766, 25.991642742530633 ], [ -80.148114673084521, 25.991974742614399 ], [ -80.148149673107184, 25.992444742732552 ], [ -80.148156673111203, 25.992519742751433 ], [ -80.148195673132278, 25.992883742842679 ], [ -80.148225673142633, 25.992944742857436 ], [ -80.148249673157721, 25.993246742933373 ], [ -80.148261673171035, 25.993617743026949 ], [ -80.148333673248828, 25.995759743567422 ], [ -80.148334673251398, 25.995845743589175 ], [ -80.148350673273839, 25.996515743758373 ], [ -80.148352673276364, 25.99658874377679 ], [ -80.148352673276634, 25.996598743779359 ], [ -80.148352673277429, 25.996628743786921 ], [ -80.14835367327801, 25.996639743789714 ], [ -80.14823167324235, 25.996639743792358 ], [ -80.147866673135681, 25.996642743800997 ], [ -80.147745673100289, 25.996643743803862 ], [ -80.147533673038353, 25.996645743808958 ], [ -80.146898672852871, 25.996655743825194 ], [ -80.146687672791245, 25.996659743830783 ], [ -80.1462886726748, 25.996670743842227 ], [ -80.145092672325902, 25.996704743876684 ], [ -80.144694672209795, 25.996716743888385 ], [ -80.144483672148198, 25.996721743894195 ], [ -80.143853671964422, 25.996740743912639 ], [ -80.143643671903206, 25.996747743918938 ], [ -80.142763671646648, 25.996779743946114 ], [ -80.14261167160231, 25.996784743950663 ], [ -80.142611671606289, 25.996934743988632 ], [ -80.142612671621393, 25.997493744130026 ], [ -80.142613671626634, 25.99768074417738 ], [ -80.14261867163296, 25.997864744223804 ], [ -80.142635671652599, 25.998416744363094 ], [ -80.14264167165922, 25.99860174440979 ], [ -80.142644671665167, 25.998790744457548 ], [ -80.142653671682879, 25.999360744601553 ], [ -80.142657671689079, 25.999550744649579 ], [ -80.142661671695109, 25.999734744696031 ], [ -80.142676671714156, 26.000286744835421 ], [ -80.14268167172051, 26.00047174488212 ], [ -80.142687671727117, 26.000655744928533 ], [ -80.142706671747334, 26.001207745067745 ], [ -80.142713671754265, 26.001391745114223 ], [ -80.142716671760041, 26.001575745160711 ], [ -80.142725671777313, 26.002128745300386 ], [ -80.142728671783075, 26.002313745347173 ], [ -80.142732671789091, 26.002496745393405 ], [ -80.142747671808152, 26.003048745532695 ], [ -80.142752671814478, 26.003232745579144 ], [ -80.14236067170016, 26.003244745590692 ], [ -80.141188671358364, 26.003283745625946 ], [ -80.140797671244357, 26.003296745637666 ], [ -80.140800671250162, 26.003482745684661 ], [ -80.140812671268435, 26.004040745825588 ], [ -80.140816671274564, 26.004227745872864 ], [ -80.140821671280648, 26.004400745916499 ], [ -80.140838671299363, 26.004920746047688 ], [ -80.140844671305786, 26.005094746091594 ], [ -80.140847671311576, 26.005279746138328 ], [ -80.140859671329835, 26.005837746279269 ], [ -80.140863671335921, 26.006023746326225 ], [ -80.140871671343248, 26.006209746373155 ], [ -80.140895671365129, 26.006769746514269 ], [ -80.140904671372681, 26.006956746561421 ], [ -80.140906671378119, 26.007139746607663 ], [ -80.140913671394827, 26.007690746746899 ], [ -80.140916671400589, 26.007874746793437 ], [ -80.140922671407353, 26.008063746841106 ], [ -80.140943671428531, 26.008630746984092 ], [ -80.140950671435576, 26.008819747031787 ], [ -80.140954671441619, 26.009001747077733 ], [ -80.140967671459947, 26.009550747216323 ], [ -80.140972671466272, 26.009733747262516 ], [ -80.140980671473514, 26.00991874730915 ], [ -80.141004671495324, 26.010474747449294 ], [ -80.141012671502565, 26.010660747496161 ], [ -80.141236671568123, 26.010661747491572 ], [ -80.141911671765641, 26.010664747477691 ], [ -80.142053671808597, 26.010718747488312 ], [ -80.141950671781487, 26.010830747518881 ], [ -80.141862671759014, 26.01095474755212 ], [ -80.141845671754865, 26.010985747560373 ], [ -80.141792671742095, 26.011087747587311 ], [ -80.141753671733284, 26.011186747613223 ], [ -80.141715671725962, 26.011330747650458 ], [ -80.141699671724083, 26.011434747677143 ], [ -80.141695671726737, 26.011580747714131 ], [ -80.141706671733317, 26.011705747745527 ], [ -80.141733671744475, 26.011829747776307 ], [ -80.141790671765463, 26.011990747815787 ], [ -80.141838671782011, 26.012085747838846 ], [ -80.141920671809316, 26.012211747868896 ], [ -80.141928671811939, 26.01222174787128 ], [ -80.141975671827225, 26.012279747884904 ], [ -80.142066671856412, 26.012375747907203 ], [ -80.142255671915237, 26.012510747937267 ], [ -80.142362671948021, 26.012565747948884 ], [ -80.142484671985045, 26.012616747959136 ], [ -80.142728672058169, 26.012682747970555 ], [ -80.142765672069274, 26.012692747972309 ], [ -80.142852672095174, 26.012708747974422 ], [ -80.143017672143756, 26.012722747974415 ], [ -80.143056672155126, 26.012719747972799 ], [ -80.143161672185684, 26.012713747968984 ], [ -80.143256672213084, 26.01269874796316 ], [ -80.14317867219232, 26.012777747984796 ], [ -80.143153672186443, 26.012831747999041 ], [ -80.143132672182332, 26.01290874801894 ], [ -80.143125672182421, 26.012988748039383 ], [ -80.143081672180998, 26.013419748149353 ], [ -80.143077672184688, 26.013602748195723 ], [ -80.143095672204595, 26.014153748334692 ], [ -80.14310167221123, 26.014337748381166 ], [ -80.143102672216415, 26.01452274842794 ], [ -80.143106672232364, 26.015079748568777 ], [ -80.143108672237886, 26.015265748615771 ], [ -80.143116672245171, 26.015450748662392 ], [ -80.143142672267572, 26.016007748802743 ], [ -80.143151672275124, 26.01619374884957 ], [ -80.143155672281267, 26.016381748897018 ], [ -80.143170672300656, 26.016945749039373 ], [ -80.143175672307109, 26.017134749087113 ], [ -80.143181672313702, 26.017317749133255 ], [ -80.143199672333566, 26.017866749271722 ], [ -80.143205672340258, 26.018050749318196 ], [ -80.14320967234616, 26.018229749363343 ], [ -80.143224672364795, 26.018767749499105 ], [ -80.143229672371092, 26.018947749544523 ], [ -80.143017672309213, 26.018954749550936 ], [ -80.142385672124917, 26.018975749569965 ], [ -80.142174672063433, 26.018983749576535 ], [ -80.142175672073591, 26.019354749670327 ], [ -80.142180672104587, 26.020467749951791 ], [ -80.142182672115041, 26.02083975004583 ], [ -80.142185672125521, 26.021200750137051 ], [ -80.142194672156961, 26.022284750411124 ], [ -80.142198672167737, 26.022646750502602 ], [ -80.14240667222839, 26.022639750496278 ], [ -80.1430316724107, 26.022619750477663 ], [ -80.143240672471649, 26.022613750471606 ], [ -80.143239672476241, 26.022796750517927 ], [ -80.143236672489891, 26.023344750656641 ], [ -80.143236672494808, 26.023528750703171 ], [ -80.143238672500331, 26.023715750750409 ], [ -80.143245672517295, 26.024276750892163 ], [ -80.143248672523129, 26.024464750939636 ], [ -80.143247672527593, 26.024642750984679 ], [ -80.143245672541283, 26.02517975112055 ], [ -80.14324567254603, 26.025358751165836 ], [ -80.143246672551214, 26.025542751212349 ], [ -80.143249672566753, 26.02609475135192 ], [ -80.143250672572009, 26.026279751398679 ], [ -80.143251672577136, 26.026461751444693 ], [ -80.143257672593421, 26.027008751582894 ], [ -80.143259672598873, 26.027191751629189 ], [ -80.143260672604015, 26.027374751675456 ], [ -80.143265672620032, 26.027923751814175 ], [ -80.143267672625498, 26.028106751860406 ], [ -80.143267672630728, 26.028302751909997 ], [ -80.14326967264698, 26.028892752059168 ], [ -80.14327067265252, 26.029089752108966 ], [ -80.14327167265732, 26.029259752151926 ], [ -80.14327567267209, 26.029770752281095 ], [ -80.143277672677229, 26.029941752324337 ], [ -80.143277672679801, 26.030038752348844 ], [ -80.143278672687856, 26.030329752422436 ], [ -80.143279672690724, 26.03042775244716 ], [ -80.143279672692969, 26.030511752468431 ], [ -80.143279672699663, 26.030763752532149 ], [ -80.143279672701908, 26.030847752553409 ], [ -80.143280672704606, 26.0309387525764 ], [ -80.143283672712812, 26.031214752646143 ], [ -80.143284672715566, 26.031306752669369 ], [ -80.143284672717201, 26.031368752685058 ], [ -80.143285672722513, 26.031557752732812 ], [ -80.143286672724486, 26.031620752748736 ], [ -80.143286672725239, 26.031649752756117 ], [ -80.143286672727626, 26.03173875277858 ], [ -80.14328767272869, 26.031768752786178 ], [ -80.143292672743456, 26.032268752912515 ], [ -80.143296672755511, 26.0326767530156 ], [ -80.14329467275833, 26.032805753048287 ], [ -80.143290672767449, 26.033192753146238 ], [ -80.143290672770874, 26.033322753179103 ], [ -80.143289672772298, 26.033386753195337 ], [ -80.143288672774617, 26.033483753219866 ], [ -80.143287672775841, 26.033541753234573 ], [ -80.143287672776921, 26.033581753244654 ], [ -80.143287672778641, 26.033646753261106 ], [ -80.142846672649966, 26.033657753273491 ], [ -80.141525672264436, 26.033691753310737 ], [ -80.141085672136029, 26.033703753323341 ], [ -80.14108867213929, 26.033793753346025 ], [ -80.141098672149482, 26.034065753414602 ], [ -80.141102672153053, 26.034156753437546 ], [ -80.141538672280305, 26.03414675342551 ], [ -80.142849672663132, 26.034119753390225 ], [ -80.143286672790708, 26.034110753378499 ], [ -80.143288672793503, 26.03419375339946 ], [ -80.143294672801844, 26.03444275346229 ], [ -80.143297672805019, 26.034526753483433 ], [ -80.143298672807859, 26.03462375350799 ], [ -80.143303672817083, 26.034914753581479 ], [ -80.143305672820247, 26.035012753606203 ], [ -80.143307672823227, 26.035102753628912 ], [ -80.143313672832221, 26.035375753697803 ], [ -80.14331667283551, 26.035466753720769 ], [ -80.143316672837074, 26.035525753735698 ], [ -80.143316672841834, 26.035704753780969 ], [ -80.143317672843736, 26.03576475379608 ], [ -80.143316672846638, 26.03588475382649 ], [ -80.143313672855442, 26.036248753918599 ], [ -80.143313672858667, 26.036369753949181 ], [ -80.143316672862838, 26.036493753980523 ], [ -80.14332667287573, 26.036867754074834 ], [ -80.143330672880211, 26.036992754106397 ], [ -80.143331672882155, 26.03705475412206 ], [ -80.143334672888045, 26.037242754169519 ], [ -80.143335672890004, 26.037305754185429 ], [ -80.143334672892152, 26.037397754208719 ], [ -80.143334672899513, 26.037674754278754 ], [ -80.143334672902, 26.037767754302251 ], [ -80.143333672904149, 26.037859754325542 ], [ -80.143333672911496, 26.038135754395384 ], [ -80.143333672913982, 26.038228754418881 ], [ -80.143333672916427, 26.038320754442157 ], [ -80.143336672924633, 26.038596754511886 ], [ -80.143337672927402, 26.038689754535344 ], [ -80.143338672929914, 26.03877375455659 ], [ -80.143342672937919, 26.039027754620722 ], [ -80.143344672940742, 26.03911275464219 ], [ -80.143344672945275, 26.039282754685189 ], [ -80.143346672951424, 26.039492754738244 ], [ -80.143348672960443, 26.039809754818364 ], [ -80.143352672975809, 26.040343754953319 ], [ -80.143355672984342, 26.040631755026048 ], [ -80.143359672995629, 26.041012755122296 ], [ -80.143359672998031, 26.041102755145069 ], [ -80.143359673005307, 26.041375755214133 ], [ -80.143360673008019, 26.041466755237114 ], [ -80.14336267301104, 26.041558755260354 ], [ -80.143368673020234, 26.041836755330483 ], [ -80.143371673023566, 26.041929755353955 ], [ -80.143372673026263, 26.042019755376675 ], [ -80.143376673034666, 26.042291755445358 ], [ -80.143378673037674, 26.042382755468338 ], [ -80.143381673041162, 26.042481755493345 ], [ -80.143390673051741, 26.042778755568246 ], [ -80.143394673055568, 26.04287875559341 ], [ -80.143397673058985, 26.042974755617671 ], [ -80.14340667306935, 26.043265755691007 ], [ -80.143410673073149, 26.043362755715485 ], [ -80.143411673074738, 26.043411755727831 ], [ -80.143417673080421, 26.043559755765155 ], [ -80.14341967308232, 26.043609755777734 ], [ -80.143419673085802, 26.043739755810623 ], [ -80.14342267309712, 26.044132755909924 ], [ -80.143423673100898, 26.044263755943035 ], [ -80.143423673101367, 26.044281755947573 ], [ -80.143425673103394, 26.044335755961171 ], [ -80.143426673104187, 26.044354755965966 ], [ -80.143427673106473, 26.044429755984886 ], [ -80.143433673114288, 26.044655756041884 ], [ -80.143436673117179, 26.044731756061079 ], [ -80.143439673121293, 26.044853756091864 ], [ -80.143448673133676, 26.045219756184188 ], [ -80.143452673138057, 26.045341756214988 ], [ -80.143452673138555, 26.045360756219807 ], [ -80.143453673140456, 26.045418756234387 ], [ -80.143454673141278, 26.045438756239452 ], [ -80.143455673144189, 26.045536756264191 ], [ -80.143459673153245, 26.045833756339231 ], [ -80.143461673156452, 26.045932756364213 ], [ -80.14346467316021, 26.046040756391459 ], [ -80.143474673171795, 26.046366756473649 ], [ -80.14347867317592, 26.046475756501128 ], [ -80.143480673178047, 26.046534756516031 ], [ -80.143486673184512, 26.046711756560672 ], [ -80.143488673186681, 26.046771756575755 ], [ -80.143498673200227, 26.047168756675923 ], [ -80.143531673241554, 26.048359756976375 ], [ -80.143541673253011, 26.048680757057308 ], [ -80.143542673254018, 26.048707757064108 ], [ -80.143543673255664, 26.04875675707645 ], [ -80.143545673257478, 26.048802757088044 ], [ -80.143557673269029, 26.049106757164665 ], [ -80.143599673309296, 26.050156757429253 ], [ -80.143613673322747, 26.050507757517661 ], [ -80.143626673336144, 26.050867757608405 ], [ -80.143665673376319, 26.051947757880633 ], [ -80.143678673389758, 26.052308757971613 ], [ -80.143687673401885, 26.052665758061682 ], [ -80.143715673438649, 26.053739758332625 ], [ -80.143725673451158, 26.054097758422905 ], [ -80.143733673462847, 26.054448758511466 ], [ -80.143758673498198, 26.055501758777147 ], [ -80.143767673510169, 26.055852758865708 ], [ -80.143779673523142, 26.056207758955164 ], [ -80.14379067353461, 26.056517759033294 ], [ -80.143812673558756, 26.05718275920097 ], [ -80.143814673561863, 26.057274759224196 ], [ -80.143818673566514, 26.057406759257489 ], [ -80.143823673573934, 26.057630759313984 ], [ -80.143824673576603, 26.057719759336422 ], [ -80.143827673584653, 26.057987759404121 ], [ -80.143829673587604, 26.05807775942683 ], [ -80.143878673633012, 26.059243759720538 ], [ -80.143984673664107, 26.059246759718985 ], [ -80.144353673772244, 26.05925575971327 ], [ -80.144476673808384, 26.059259759711594 ], [ -80.144510673818303, 26.059259759710859 ], [ -80.144614673848835, 26.059262759709355 ], [ -80.144649673859135, 26.059264759709095 ], [ -80.144898673932133, 26.059270759705189 ], [ -80.145411674082538, 26.059284759697587 ], [ -80.14564567415097, 26.059283759692249 ], [ -80.145895674224079, 26.059283759686807 ], [ -80.146096674282703, 26.059276759680685 ], [ -80.146701674459095, 26.059254759661957 ], [ -80.146903674518029, 26.059248759655993 ], [ -80.147113674579231, 26.059240759649448 ], [ -80.147746674763795, 26.059218759630113 ], [ -80.147957674825392, 26.059212759624021 ], [ -80.14845267497023, 26.059214759613749 ], [ -80.148938675112419, 26.059216759603693 ], [ -80.149164675178582, 26.059218759599261 ], [ -80.150863675676234, 26.059243759568648 ], [ -80.1517436759341, 26.059260759553819 ], [ -80.152787676239527, 26.059263759531884 ], [ -80.153995676592999, 26.059267759506582 ], [ -80.154033676604072, 26.059267759505769 ], [ -80.154212676656655, 26.059275759503944 ], [ -80.15465867678769, 26.059296759499546 ], [ -80.154772676821167, 26.059302759498568 ], [ -80.154865676848502, 26.059307759497798 ], [ -80.154947676872666, 26.059313759497503 ], [ -80.155033676897972, 26.0593187594969 ], [ -80.155083676912668, 26.059322759496865 ], [ -80.155125676925039, 26.059324759496441 ], [ -80.155145676930999, 26.059328759497028 ], [ -80.155224676954376, 26.059339759498052 ], [ -80.155298676976358, 26.059350759499253 ], [ -80.155365676996212, 26.059360759500308 ], [ -80.155385677002116, 26.059364759500909 ], [ -80.155715677101185, 26.059459759517747 ], [ -80.155737677107766, 26.05946475951853 ], [ -80.155922677163716, 26.05953375953192 ], [ -80.156126677225416, 26.059610759546956 ], [ -80.156236677259201, 26.05967075955974 ], [ -80.15656667736053, 26.059850759598056 ], [ -80.156676677394316, 26.059910759610851 ], [ -80.156852677449194, 26.060037759639101 ], [ -80.15689167746126, 26.060063759644866 ], [ -80.157074677518622, 26.060205759676773 ], [ -80.157147677541545, 26.060265759690356 ], [ -80.157264677578439, 26.060365759713079 ], [ -80.15727967758319, 26.060378759716059 ], [ -80.157458677640236, 26.060554759756588 ], [ -80.157504677654913, 26.060600759767215 ], [ -80.157521677660299, 26.060617759771162 ], [ -80.157565677674455, 26.060665759782331 ], [ -80.157770677740828, 26.060906759838815 ], [ -80.158582678005132, 26.061911760075187 ], [ -80.158768678062572, 26.062023760099471 ], [ -80.158811678075821, 26.062048760104847 ], [ -80.158966678124372, 26.062168760131787 ], [ -80.159147678180432, 26.062286760157672 ], [ -80.159321678234008, 26.062388760179676 ], [ -80.15952467829608, 26.062489760200762 ], [ -80.159541678301323, 26.062499760202979 ], [ -80.159831678389409, 26.062621760227454 ], [ -80.159930678419059, 26.062647760231883 ], [ -80.16004067845202, 26.062677760237104 ], [ -80.160486678585883, 26.062805760259721 ], [ -80.161216678798169, 26.062759760232211 ], [ -80.16310967934858, 26.062635760159711 ], [ -80.16350367946373, 26.06263276015039 ], [ -80.163833679560184, 26.062629760142464 ], [ -80.163971679600479, 26.062628760139216 ], [ -80.164107679640267, 26.062628760136249 ], [ -80.164464679744455, 26.062619760126179 ], [ -80.164918679876948, 26.062608760113566 ], [ -80.165572680067797, 26.062592760095256 ], [ -80.165603680070816, 26.062366760037456 ], [ -80.165795680089104, 26.060945759674116 ], [ -80.166208680128975, 26.057910758897993 ], [ -80.166559680162777, 26.055326758237161 ], [ -80.166814680187457, 26.053454757758402 ], [ -80.166957680199886, 26.052352757476736 ], [ -80.166990680202971, 26.052104757413304 ], [ -80.167110680214662, 26.051226757188758 ], [ -80.167193680226362, 26.050753757067376 ], [ -80.167379680252523, 26.049694756795628 ], [ -80.167464680260551, 26.049061756633755 ], [ -80.167614680275165, 26.04796175635239 ], [ -80.167629680276278, 26.047840756321506 ], [ -80.16770668028164, 26.047195756156761 ], [ -80.167772680286362, 26.046648756017046 ], [ -80.167910680301318, 26.045693755772575 ], [ -80.168014680310677, 26.044903755570605 ], [ -80.168116680320153, 26.044139755375223 ], [ -80.16813668032232, 26.044000755339649 ], [ -80.168197680329172, 26.04358675523369 ], [ -80.168218680331577, 26.043448755198352 ], [ -80.168243680328075, 26.043040755094616 ], [ -80.168254680326697, 26.042869755051154 ], [ -80.16826968032538, 26.042653754996191 ], [ -80.168289680319234, 26.042203754881999 ], [ -80.168298680311267, 26.041805754781219 ], [ -80.168281680288359, 26.041132754611414 ], [ -80.168269680271422, 26.040626754483718 ], [ -80.168267680268897, 26.040553754465286 ], [ -80.168265680266529, 26.04048675444842 ], [ -80.168261680261438, 26.040341754411866 ], [ -80.168252680249523, 26.039991754323552 ], [ -80.168245680239949, 26.039707754251872 ], [ -80.168240680232827, 26.039496754198648 ], [ -80.168218680194855, 26.038311753899492 ], [ -80.168154680081599, 26.034756753002043 ], [ -80.168133680043937, 26.033571752702827 ], [ -80.168167680053813, 26.033570752701841 ], [ -80.168272680084542, 26.033570752699578 ], [ -80.168307680094756, 26.033570752698804 ], [ -80.168769680229474, 26.033554752684719 ], [ -80.169010680299806, 26.033547752677759 ], [ -80.169341680395505, 26.033507752660427 ], [ -80.169710680501765, 26.033443752636227 ], [ -80.170139680624658, 26.033347752602644 ], [ -80.170223680648789, 26.033329752596249 ], [ -80.170408680701996, 26.033296752583933 ], [ -80.170594680755457, 26.033262752571265 ], [ -80.170590680750053, 26.033102752530901 ], [ -80.170866680829434, 26.03305375251254 ], [ -80.171177680919939, 26.033035752501224 ], [ -80.171714681076551, 26.033018752485251 ], [ -80.172303681248763, 26.033017752472208 ], [ -80.172729681373113, 26.033008752460709 ], [ -80.174572681911229, 26.03297475241208 ], [ -80.175316682128681, 26.032969752394681 ], [ -80.175322682134023, 26.033104752428674 ], [ -80.175837682284367, 26.033093752414736 ], [ -80.177382682735313, 26.033059752372569 ], [ -80.177898682885896, 26.033049752358867 ], [ -80.17813868295589, 26.033041752351608 ], [ -80.178858683165814, 26.033017752329911 ], [ -80.179098683235807, 26.033009752322705 ], [ -80.179507683355084, 26.032997752310759 ], [ -80.180737683713929, 26.032963752275489 ], [ -80.181147683833544, 26.032953752264024 ], [ -80.181318683883418, 26.032949752259313 ], [ -80.181831684033128, 26.032937752245171 ], [ -80.182003684083369, 26.032934752240681 ], [ -80.182414684203252, 26.032923752228957 ], [ -80.183646684562746, 26.032892752194396 ], [ -80.184058684682952, 26.032882752182893 ], [ -80.18442068478862, 26.032875752173286 ], [ -80.18550968510651, 26.03285475214431 ], [ -80.185872685212559, 26.032848752134949 ], [ -80.186034685259827, 26.03284475213043 ], [ -80.186348685351462, 26.032838752122046 ], [ -80.186521685401942, 26.032835752117531 ], [ -80.18668468544962, 26.032833752113515 ], [ -80.186702685454804, 26.032832752112864 ], [ -80.186756685470613, 26.032831752111449 ], [ -80.18677568547615, 26.032831752111015 ], [ -80.186914685516697, 26.03282875210725 ], [ -80.187271685620956, 26.032821752097757 ], [ -80.187271685616906, 26.032669752059306 ], [ -80.188965686111558, 26.032642752015715 ], [ -80.189337686220355, 26.032642752007636 ], [ -80.189807686357994, 26.032650751999437 ], [ -80.190114686447387, 26.032636751989216 ], [ -80.19106768672556, 26.032617751963762 ], [ -80.191972686990482, 26.032626751946367 ], [ -80.192478687138461, 26.032627751935635 ], [ -80.192948687274964, 26.032591751916293 ], [ -80.193152687334347, 26.032582751909629 ], [ -80.193551687450579, 26.032564751896391 ], [ -80.195449688005326, 26.032555751852946 ], [ -80.19622368823137, 26.032545751833581 ], [ -80.196226688235228, 26.032657751861823 ], [ -80.197054688476967, 26.032642751840111 ], [ -80.198167688803338, 26.03267575182425 ], [ -80.198808688988294, 26.03258375178708 ], [ -80.199252689116236, 26.032511751759252 ], [ -80.199526689194983, 26.032460751740413 ], [ -80.199657689232666, 26.032436751731449 ], [ -80.200035689341917, 26.032388751711121 ], [ -80.200350689433975, 26.03238575170354 ], [ -80.200504689478805, 26.032380751698927 ], [ -80.200965689613298, 26.032367751685619 ], [ -80.201120689658509, 26.032363751681252 ], [ -80.201279689704961, 26.032361751677289 ], [ -80.201758689844908, 26.032357751665884 ], [ -80.20191868989167, 26.032357751662413 ], [ -80.202081689939249, 26.032352751657633 ], [ -80.202572690082434, 26.032339751643651 ], [ -80.202736690130337, 26.032335751639096 ], [ -80.202897690177309, 26.032332751634858 ], [ -80.203379690318016, 26.032324751622387 ], [ -80.203541690365327, 26.032322751618306 ], [ -80.203617690387517, 26.032320751616162 ], [ -80.203846690454384, 26.032316751610193 ], [ -80.203923690476856, 26.032316751608523 ], [ -80.204003690500187, 26.032313751606033 ], [ -80.204243690570209, 26.032306751599045 ], [ -80.20432469059385, 26.032305751597068 ], [ -80.204487690641358, 26.032301751592524 ], [ -80.204977690784375, 26.032290751579072 ], [ -80.205141690832235, 26.032287751574746 ], [ -80.205300690878673, 26.032283751570304 ], [ -80.205776691017547, 26.032272751557155 ], [ -80.205936691064252, 26.032269751552935 ], [ -80.206095691110647, 26.032265751548465 ], [ -80.206574691250424, 26.032255751535526 ], [ -80.206734691297129, 26.032253751531549 ], [ -80.20684769133014, 26.032251751528587 ], [ -80.20718869142965, 26.032245751519671 ], [ -80.207302691462957, 26.032244751516945 ], [ -80.20739169148888, 26.032240751514017 ], [ -80.207660691567284, 26.032230751505619 ], [ -80.207750691593517, 26.032227751502923 ], [ -80.207878691630825, 26.032223751499139 ], [ -80.208264691743452, 26.03221375148825 ], [ -80.208393691781097, 26.032210751484648 ], [ -80.20885869191693, 26.032204751473035 ], [ -80.208877691922424, 26.032204751472641 ], [ -80.209487692101263, 26.032222751463948 ], [ -80.209906692225488, 26.032285751470798 ], [ -80.210324692348507, 26.032314751469016 ], [ -80.21035269235675, 26.032317751469183 ], [ -80.210808692490488, 26.032333751463341 ], [ -80.21116269259366, 26.032320751452335 ], [ -80.212226692903698, 26.032280751419165 ], [ -80.212581693007181, 26.032268751408406 ], [ -80.21269669304067, 26.032263751404646 ], [ -80.212811693074215, 26.032260751401402 ], [ -80.213041693141207, 26.032251751394089 ], [ -80.213159693175612, 26.032246751390279 ], [ -80.213188693184065, 26.032245751389407 ], [ -80.213259693204719, 26.032242751387106 ], [ -80.213295693215244, 26.032240751385828 ], [ -80.21333069322543, 26.032240751385075 ], [ -80.213358693251706, 26.032921751556593 ], [ -80.213379693271236, 26.03342475168327 ], [ -80.213434693317936, 26.034573751972552 ], [ -80.213458693335312, 26.034963752070631 ], [ -80.213500693365731, 26.035644752241865 ], [ -80.213501693366467, 26.035661752246146 ], [ -80.21350469336862, 26.035709752258203 ], [ -80.213517693377568, 26.035904752307232 ], [ -80.21352369338112, 26.035970752323724 ], [ -80.213585693415297, 26.036572752474573 ], [ -80.213773693518391, 26.038381752927794 ], [ -80.213836693552864, 26.038984753078797 ], [ -80.213844693557235, 26.039061753098135 ], [ -80.213868693570447, 26.039294753156483 ], [ -80.213876693574832, 26.039372753176067 ], [ -80.213951693616167, 26.04009975335816 ], [ -80.214177693740297, 26.042279753904278 ], [ -80.21424169377525, 26.042889754057057 ], [ -80.21425369378187, 26.043007754086606 ], [ -80.214325693821166, 26.043692754258164 ], [ -80.214503693918161, 26.04537975468067 ], [ -80.214529693935617, 26.045751754774162 ], [ -80.214572693964186, 26.046351754924888 ], [ -80.214579693968659, 26.046440754947238 ], [ -80.214581693970246, 26.046478754956752 ], [ -80.214582693970812, 26.046488754959285 ], [ -80.214641694012769, 26.047417755192786 ], [ -80.214664694036173, 26.048043755350509 ], [ -80.214842694212692, 26.05271475652707 ], [ -80.214883694252848, 26.053770756793043 ], [ -80.214884694253954, 26.053801756800837 ], [ -80.214901694271475, 26.054271756919256 ], [ -80.214905694275842, 26.054391756949524 ], [ -80.21491869428931, 26.054754757040957 ], [ -80.214923694294015, 26.054875757071411 ], [ -80.214959694331455, 26.055884757325607 ], [ -80.21497869435143, 26.056427757462419 ], [ -80.215013694386954, 26.057374757700952 ], [ -80.215103694479893, 26.059873758330468 ], [ -80.215154694527143, 26.061085758635631 ], [ -80.215207694576222, 26.062343758952327 ], [ -80.215213694585842, 26.062638759026747 ], [ -80.215222694599305, 26.063045759129398 ], [ -80.21522969460618, 26.063225759174713 ], [ -80.215303694674773, 26.064985759617802 ], [ -80.215309694680258, 26.065125759653036 ], [ -80.21531569468695, 26.065312759700173 ], [ -80.21548269473567, 26.065306759694998 ], [ -80.215494694746155, 26.065569759761189 ], [ -80.215476694740886, 26.065569759761594 ], [ -80.215409694721401, 26.065571759763536 ], [ -80.215324694696591, 26.065573759765911 ], [ -80.215324694697657, 26.065613759776017 ], [ -80.215325694699757, 26.065680759792922 ], [ -80.215325694701193, 26.065734759806521 ], [ -80.215326694702568, 26.065775759816898 ], [ -80.215326694704075, 26.065832759831324 ], [ -80.215327694705366, 26.065868759840356 ], [ -80.215328694709299, 26.066006759875254 ], [ -80.215329694711158, 26.066064759889858 ], [ -80.215449694836877, 26.069461760745515 ], [ -80.215508694898503, 26.071122761163888 ], [ -80.215563694954653, 26.072624761542116 ], [ -80.215737695131054, 26.077323762725428 ], [ -80.215824695218757, 26.079653763312166 ], [ -80.215864695258972, 26.080720763580789 ], [ -80.215910695293559, 26.081511763779599 ], [ -80.215961695349591, 26.083050764167261 ], [ -80.215984695375212, 26.083757764345318 ], [ -80.215986695377012, 26.083803764356897 ], [ -80.216009695402292, 26.084497764531697 ], [ -80.216015695408743, 26.084673764576046 ], [ -80.21602669542068, 26.084998764657861 ], [ -80.216043695435474, 26.085365764750176 ], [ -80.216126695507043, 26.087136765195698 ], [ -80.216145695520794, 26.087442765272606 ], [ -80.21618969555216, 26.08813476544638 ], [ -80.216245695583794, 26.088703765588932 ], [ -80.216413695678554, 26.090411766016651 ], [ -80.216431695688811, 26.090597766063237 ], [ -80.216434695690211, 26.090617766068224 ], [ -80.216437695691923, 26.090648766075969 ], [ -80.216472695711076, 26.090981766159317 ], [ -80.216484695718094, 26.091113766192397 ], [ -80.216521695735793, 26.091370766256475 ], [ -80.21653069574252, 26.091524766295201 ], [ -80.21653669574674, 26.091614766317782 ], [ -80.216541695749598, 26.091667766331057 ], [ -80.216257695664865, 26.091605766321603 ], [ -80.215955695574308, 26.09151976630649 ], [ -80.215908695560231, 26.091507766304446 ], [ -80.216164695645688, 26.091904766399143 ], [ -80.216419695738097, 26.092572766562313 ], [ -80.216505695775396, 26.093026766675095 ], [ -80.216750695864832, 26.093690766837398 ], [ -80.216845695911005, 26.094379767009379 ], [ -80.216940695956907, 26.095055767178039 ], [ -80.217007695989366, 26.095537767298275 ], [ -80.217209696087195, 26.096986767659818 ], [ -80.217277696119993, 26.097469767780286 ], [ -80.217374696167241, 26.098172767955695 ], [ -80.217520696237813, 26.099215768215942 ], [ -80.217545696248948, 26.099359768251738 ], [ -80.217707696320915, 26.100276768479798 ], [ -80.217735696333179, 26.100429768517767 ], [ -80.217791696364316, 26.100981768655963 ], [ -80.217842696392566, 26.101478768780353 ], [ -80.217892696418858, 26.10191476888934 ], [ -80.217900696423413, 26.101998768910384 ], [ -80.218021696491789, 26.103229769218625 ], [ -80.218120696555374, 26.104523769543185 ], [ -80.218147696577546, 26.10505776967744 ], [ -80.218173696598129, 26.10554176979911 ], [ -80.218187696609434, 26.105810769866672 ], [ -80.218193696615884, 26.105986769910992 ], [ -80.217171696317124, 26.105988769933838 ], [ -80.215767695907786, 26.106033769975831 ], [ -80.21522869575017, 26.106033769987587 ], [ -80.214990695682744, 26.106113770013028 ], [ -80.21459969556858, 26.106118770022821 ], [ -80.214086695418914, 26.106131770037326 ], [ -80.213202695160774, 26.106145770060127 ], [ -80.213055695117831, 26.106146770063592 ] ] ] ] } }
]
}
