{
"type": "FeatureCollection",
"name": "district_2",
"crs": { "type": "name", "properties": { "name": "urn:ogc:def:crs:OGC:1.3:CRS84" } },
"xy_coordinate_resolution": 1e-15,
"features": [
{ "type": "Feature", "properties": { "district": "2" }, "geometry": { "type": "MultiPolygon", "coordinates": [ [ [ [ -76.932113, 36.670689 ], [ -76.931085, 36.671125 ], [ -76.930016, 36.669505 ], [ -76.9291, 36.669886 ], [ -76.929552, 36.670577 ], [ -76.928746, 36.670909 ], [ -76.929899, 36.672664 ], [ -76.928405, 36.673203 ], [ -76.927596, 36.671991 ], [ -76.925549, 36.672923 ], [ -76.925314, 36.67257 ], [ -76.924994, 36.672743 ], [ -76.924575, 36.672977 ], [ -76.925211, 36.673718 ], [ -76.925755, 36.674356 ], [ -76.924908, 36.674715 ], [ -76.923866, 36.675276 ], [ -76.924451, 36.675946 ], [ -76.925155, 36.675538 ], [ -76.925753, 36.675193 ], [ -76.926256, 36.675769 ], [ -76.927668, 36.674968 ], [ -76.927841, 36.674912 ], [ -76.927936, 36.67491 ], [ -76.928044, 36.674929 ], [ -76.928294, 36.674981 ], [ -76.928444, 36.675008 ], [ -76.928709, 36.675024 ], [ -76.929037, 36.675003 ], [ -76.92927, 36.674965 ], [ -76.929875, 36.674811 ], [ -76.930652, 36.674568 ], [ -76.930927, 36.674463 ], [ -76.931163, 36.674283 ], [ -76.931843, 36.67353 ], [ -76.932151, 36.67323 ], [ -76.932787, 36.672769 ], [ -76.932966, 36.67266 ], [ -76.933236, 36.672549 ], [ -76.933647, 36.672465 ], [ -76.934117, 36.672399 ], [ -76.934472, 36.672362 ], [ -76.934866, 36.672358 ], [ -76.935151, 36.672383 ], [ -76.935694, 36.672483 ], [ -76.935905, 36.672544 ], [ -76.936271, 36.672677 ], [ -76.936565, 36.672785 ], [ -76.936909, 36.672879 ], [ -76.93732, 36.672941 ], [ -76.937628, 36.672951 ], [ -76.937986, 36.672922 ], [ -76.938371, 36.672837 ], [ -76.938712, 36.672722 ], [ -76.945982, 36.670243 ], [ -76.946999, 36.669895 ], [ -76.948062, 36.669532 ], [ -76.949926, 36.668896 ], [ -76.950482, 36.668706 ], [ -76.952959, 36.66786 ], [ -76.954535, 36.667326 ], [ -76.956076, 36.666846 ], [ -76.957654, 36.666304 ], [ -76.957786, 36.666259 ], [ -76.95813, 36.666534 ], [ -76.958246, 36.666606 ], [ -76.958346, 36.666655 ], [ -76.95862, 36.666746 ], [ -76.9609, 36.667091 ], [ -76.961441, 36.667232 ], [ -76.962, 36.667407 ], [ -76.962263, 36.667483 ], [ -76.962339, 36.667515 ], [ -76.961115, 36.667825 ], [ -76.959545, 36.668413 ], [ -76.957095, 36.669465 ], [ -76.954443, 36.670665 ], [ -76.953593, 36.67105 ], [ -76.9496, 36.672858 ], [ -76.949738, 36.6736 ], [ -76.949824, 36.674058 ], [ -76.948189, 36.674655 ], [ -76.948188, 36.675252 ], [ -76.947438, 36.67588 ], [ -76.947839, 36.676485 ], [ -76.948154, 36.67696 ], [ -76.949327, 36.67873 ], [ -76.949695, 36.678673 ], [ -76.951593, 36.678381 ], [ -76.954319, 36.677963 ], [ -76.955544, 36.678071 ], [ -76.96138, 36.678592 ], [ -76.9645, 36.67887 ], [ -76.965627, 36.680005 ], [ -76.965787, 36.680154 ], [ -76.966486, 36.680449 ], [ -76.967395, 36.681873 ], [ -76.968027, 36.682971 ], [ -76.968018, 36.683014 ], [ -76.96789, 36.683675 ], [ -76.967855, 36.683851 ], [ -76.967824, 36.684008 ], [ -76.968086, 36.684483 ], [ -76.968137, 36.685066 ], [ -76.967841, 36.685629 ], [ -76.966383, 36.68814 ], [ -76.965874, 36.688845 ], [ -76.965595, 36.689425 ], [ -76.965495, 36.689734 ], [ -76.965515, 36.690121 ], [ -76.965615, 36.690759 ], [ -76.965755, 36.691126 ], [ -76.966732, 36.69246 ], [ -76.966872, 36.692808 ], [ -76.965216, 36.694257 ], [ -76.9656, 36.69443 ], [ -76.969434, 36.696134 ], [ -76.96941, 36.696297 ], [ -76.969333, 36.697124 ], [ -76.969272, 36.697843 ], [ -76.968471, 36.698853 ], [ -76.96839, 36.70058 ], [ -76.967134, 36.70156 ], [ -76.967071, 36.701718 ], [ -76.967072, 36.702092 ], [ -76.967151, 36.702092 ], [ -76.967212, 36.702588 ], [ -76.962281, 36.702586 ], [ -76.962288, 36.703017 ], [ -76.9623, 36.704114 ], [ -76.962983, 36.704093 ], [ -76.963021, 36.704696 ], [ -76.963069, 36.704993 ], [ -76.962148, 36.705119 ], [ -76.952438, 36.70868 ], [ -76.949535, 36.708617 ], [ -76.939093, 36.708644 ], [ -76.938181, 36.708645 ], [ -76.936388, 36.708647 ], [ -76.933033, 36.70865 ], [ -76.925403, 36.708644 ], [ -76.924707, 36.707822 ], [ -76.924629, 36.707729 ], [ -76.924468, 36.707851 ], [ -76.92413, 36.708051 ], [ -76.923359, 36.708729 ], [ -76.923339, 36.708964 ], [ -76.923487, 36.709279 ], [ -76.923315, 36.709517 ], [ -76.92283, 36.709412 ], [ -76.922643, 36.709558 ], [ -76.923206, 36.710224 ], [ -76.923266, 36.710602 ], [ -76.923394, 36.710651 ], [ -76.923976, 36.710539 ], [ -76.924269, 36.710596 ], [ -76.924464, 36.710757 ], [ -76.924309, 36.711178 ], [ -76.924314, 36.711383 ], [ -76.924187, 36.71163 ], [ -76.924156, 36.711907 ], [ -76.924271, 36.712427 ], [ -76.924279, 36.712754 ], [ -76.923358, 36.713546 ], [ -76.922837, 36.714537 ], [ -76.922868, 36.715293 ], [ -76.922831, 36.715826 ], [ -76.922585, 36.715922 ], [ -76.921757, 36.715823 ], [ -76.921306, 36.716587 ], [ -76.920558, 36.71666 ], [ -76.919955, 36.716414 ], [ -76.919768, 36.716049 ], [ -76.91955, 36.715981 ], [ -76.918764, 36.716035 ], [ -76.918462, 36.716162 ], [ -76.91827, 36.716626 ], [ -76.918405, 36.71693 ], [ -76.919132, 36.717563 ], [ -76.919782, 36.718156 ], [ -76.920441, 36.718064 ], [ -76.920722, 36.71812 ], [ -76.920777, 36.718324 ], [ -76.920654, 36.718449 ], [ -76.920237, 36.718558 ], [ -76.919669, 36.718731 ], [ -76.919264, 36.719801 ], [ -76.918859, 36.719849 ], [ -76.918284, 36.718712 ], [ -76.917484, 36.718203 ], [ -76.916692, 36.718063 ], [ -76.916398, 36.718231 ], [ -76.916342, 36.718518 ], [ -76.916751, 36.718614 ], [ -76.917109, 36.718741 ], [ -76.91735, 36.719228 ], [ -76.917292, 36.719424 ], [ -76.916989, 36.719531 ], [ -76.916045, 36.719362 ], [ -76.915896, 36.719528 ], [ -76.916363, 36.719878 ], [ -76.916559, 36.7201 ], [ -76.916252, 36.720555 ], [ -76.914246, 36.721621 ], [ -76.914088, 36.7219 ], [ -76.914176, 36.722144 ], [ -76.914876, 36.722163 ], [ -76.915378, 36.723464 ], [ -76.916354, 36.723868 ], [ -76.916577, 36.724161 ], [ -76.916572, 36.724468 ], [ -76.914404, 36.725178 ], [ -76.913846, 36.725218 ], [ -76.91346, 36.72552 ], [ -76.913528, 36.725959 ], [ -76.913904, 36.72626 ], [ -76.91394, 36.72671 ], [ -76.91385, 36.727161 ], [ -76.913876, 36.727723 ], [ -76.914084, 36.727894 ], [ -76.915347, 36.728078 ], [ -76.915773, 36.728358 ], [ -76.915834, 36.728766 ], [ -76.914231, 36.72871 ], [ -76.913858, 36.729023 ], [ -76.91366, 36.729261 ], [ -76.91404, 36.729971 ], [ -76.915109, 36.731048 ], [ -76.916709, 36.733304 ], [ -76.916984, 36.733616 ], [ -76.91699, 36.733724 ], [ -76.917008, 36.734076 ], [ -76.916228, 36.734928 ], [ -76.915629, 36.735868 ], [ -76.915377, 36.736455 ], [ -76.914891, 36.736862 ], [ -76.913874, 36.737103 ], [ -76.912953, 36.737374 ], [ -76.912751, 36.738461 ], [ -76.912542, 36.738751 ], [ -76.910959, 36.738449 ], [ -76.910306, 36.738756 ], [ -76.910119, 36.739936 ], [ -76.909757, 36.740964 ], [ -76.909501, 36.741429 ], [ -76.909024, 36.741721 ], [ -76.908706, 36.741626 ], [ -76.908591, 36.741126 ], [ -76.90816, 36.740632 ], [ -76.907323, 36.740216 ], [ -76.906662, 36.740196 ], [ -76.90591, 36.740116 ], [ -76.905182, 36.739442 ], [ -76.904227, 36.738884 ], [ -76.903552, 36.739304 ], [ -76.903063, 36.740622 ], [ -76.902642, 36.741334 ], [ -76.901871, 36.742533 ], [ -76.898509, 36.744581 ], [ -76.896956, 36.745025 ], [ -76.896655, 36.745153 ], [ -76.89635, 36.74571 ], [ -76.895854, 36.745994 ], [ -76.895322, 36.74679 ], [ -76.894892, 36.746889 ], [ -76.894807, 36.747034 ], [ -76.8954, 36.747904 ], [ -76.895395, 36.748211 ], [ -76.895544, 36.748587 ], [ -76.896139, 36.749018 ], [ -76.896459, 36.749596 ], [ -76.896629, 36.749808 ], [ -76.896823, 36.749917 ], [ -76.897764, 36.749963 ], [ -76.898036, 36.750151 ], [ -76.897939, 36.75033 ], [ -76.89784, 36.750678 ], [ -76.897836, 36.750986 ], [ -76.898216, 36.751356 ], [ -76.898922, 36.751817 ], [ -76.899294, 36.752369 ], [ -76.89938, 36.752946 ], [ -76.899402, 36.753341 ], [ -76.899501, 36.753455 ], [ -76.899719, 36.753576 ], [ -76.900062, 36.753388 ], [ -76.90041, 36.752958 ], [ -76.900539, 36.752841 ], [ -76.900714, 36.752896 ], [ -76.900792, 36.753174 ], [ -76.900634, 36.753552 ], [ -76.900355, 36.753894 ], [ -76.900218, 36.754628 ], [ -76.899898, 36.754768 ], [ -76.899831, 36.754942 ], [ -76.900146, 36.755091 ], [ -76.901183, 36.75493 ], [ -76.901724, 36.755008 ], [ -76.901755, 36.755297 ], [ -76.901497, 36.755513 ], [ -76.900592, 36.75573 ], [ -76.90039, 36.756022 ], [ -76.900361, 36.756311 ], [ -76.900956, 36.756629 ], [ -76.901468, 36.757006 ], [ -76.901405, 36.757393 ], [ -76.900596, 36.758051 ], [ -76.899328, 36.758823 ], [ -76.897786, 36.759425 ], [ -76.897564, 36.759612 ], [ -76.89768, 36.759976 ], [ -76.897937, 36.761147 ], [ -76.898305, 36.761998 ], [ -76.898239, 36.76225 ], [ -76.897691, 36.762364 ], [ -76.896104, 36.762072 ], [ -76.89571, 36.762126 ], [ -76.895394, 36.762642 ], [ -76.895329, 36.762951 ], [ -76.895053, 36.763408 ], [ -76.894683, 36.763453 ], [ -76.894425, 36.763177 ], [ -76.894788, 36.762854 ], [ -76.894791, 36.762459 ], [ -76.894532, 36.762184 ], [ -76.893255, 36.762329 ], [ -76.89278, 36.76251 ], [ -76.892465, 36.762351 ], [ -76.892481, 36.762024 ], [ -76.893189, 36.761097 ], [ -76.893178, 36.760664 ], [ -76.892801, 36.760439 ], [ -76.891719, 36.760706 ], [ -76.890543, 36.76061 ], [ -76.890073, 36.760983 ], [ -76.889989, 36.761437 ], [ -76.889626, 36.762021 ], [ -76.889146, 36.762462 ], [ -76.888155, 36.763065 ], [ -76.887279, 36.763936 ], [ -76.886934, 36.764057 ], [ -76.886746, 36.763232 ], [ -76.886622, 36.763041 ], [ -76.886351, 36.7632 ], [ -76.886065, 36.763763 ], [ -76.885546, 36.764079 ], [ -76.88462, 36.764402 ], [ -76.884547, 36.765097 ], [ -76.884759, 36.766119 ], [ -76.884829, 36.766335 ], [ -76.886241, 36.768008 ], [ -76.887574, 36.769152 ], [ -76.887101, 36.769892 ], [ -76.887194, 36.770256 ], [ -76.887977, 36.771198 ], [ -76.889338, 36.771494 ], [ -76.889389, 36.771535 ], [ -76.889631, 36.77173 ], [ -76.889665, 36.772153 ], [ -76.888576, 36.773134 ], [ -76.888153, 36.773969 ], [ -76.887487, 36.774384 ], [ -76.885181, 36.775557 ], [ -76.885164, 36.775856 ], [ -76.886296, 36.776098 ], [ -76.886878, 36.776426 ], [ -76.887202, 36.776931 ], [ -76.887071, 36.777463 ], [ -76.886467, 36.777964 ], [ -76.885802, 36.778687 ], [ -76.885545, 36.779414 ], [ -76.88499, 36.780222 ], [ -76.884158, 36.780996 ], [ -76.883445, 36.781181 ], [ -76.879882, 36.78116 ], [ -76.879204, 36.781373 ], [ -76.878316, 36.782283 ], [ -76.877262, 36.782733 ], [ -76.875687, 36.782999 ], [ -76.874685, 36.783681 ], [ -76.874154, 36.783881 ], [ -76.872666, 36.784876 ], [ -76.872475, 36.78521 ], [ -76.872188, 36.786206 ], [ -76.872324, 36.786714 ], [ -76.872432, 36.788064 ], [ -76.871928, 36.788323 ], [ -76.868614, 36.787724 ], [ -76.867566, 36.78765 ], [ -76.867007, 36.787959 ], [ -76.866065, 36.789166 ], [ -76.86559, 36.789574 ], [ -76.865414, 36.790047 ], [ -76.865194, 36.792264 ], [ -76.865489, 36.79286 ], [ -76.866083, 36.793732 ], [ -76.866115, 36.794042 ], [ -76.865573, 36.794521 ], [ -76.86541, 36.795505 ], [ -76.864807, 36.795805 ], [ -76.864016, 36.796589 ], [ -76.863252, 36.796891 ], [ -76.861938, 36.797653 ], [ -76.861927, 36.797963 ], [ -76.862074, 36.798402 ], [ -76.861982, 36.799224 ], [ -76.861748, 36.799829 ], [ -76.861718, 36.80064 ], [ -76.862009, 36.801627 ], [ -76.862333, 36.802153 ], [ -76.862498, 36.803813 ], [ -76.862545, 36.803893 ], [ -76.862875, 36.804458 ], [ -76.863116, 36.804664 ], [ -76.863571, 36.804928 ], [ -76.864046, 36.80499 ], [ -76.864976, 36.804825 ], [ -76.865855, 36.804111 ], [ -76.866199, 36.803915 ], [ -76.866414, 36.804032 ], [ -76.866766, 36.804186 ], [ -76.868025, 36.806029 ], [ -76.868881, 36.808449 ], [ -76.868756, 36.808702 ], [ -76.86739, 36.809354 ], [ -76.867262, 36.809757 ], [ -76.867258, 36.810578 ], [ -76.866953, 36.810843 ], [ -76.866705, 36.811398 ], [ -76.866572, 36.81159 ], [ -76.866365, 36.811273 ], [ -76.865905, 36.810799 ], [ -76.865603, 36.810654 ], [ -76.86533, 36.811199 ], [ -76.865267, 36.812191 ], [ -76.865484, 36.81344 ], [ -76.865404, 36.813762 ], [ -76.865048, 36.813947 ], [ -76.864595, 36.813531 ], [ -76.864387, 36.813534 ], [ -76.864103, 36.813583 ], [ -76.864029, 36.813919 ], [ -76.864779, 36.815009 ], [ -76.865041, 36.815861 ], [ -76.865615, 36.816635 ], [ -76.865724, 36.816873 ], [ -76.865659, 36.816936 ], [ -76.865415, 36.817266 ], [ -76.864546, 36.817368 ], [ -76.864663, 36.818124 ], [ -76.8645, 36.819088 ], [ -76.864624, 36.819703 ], [ -76.864311, 36.819893 ], [ -76.863894, 36.820111 ], [ -76.863933, 36.820807 ], [ -76.86387, 36.82139 ], [ -76.863584, 36.8218 ], [ -76.863151, 36.822063 ], [ -76.86255, 36.822584 ], [ -76.862058, 36.823332 ], [ -76.86215, 36.823957 ], [ -76.862637, 36.824126 ], [ -76.862961, 36.824376 ], [ -76.863098, 36.825053 ], [ -76.862557, 36.82582 ], [ -76.862376, 36.826493 ], [ -76.862027, 36.826807 ], [ -76.861187, 36.827005 ], [ -76.860515, 36.827351 ], [ -76.859969, 36.82743 ], [ -76.859041, 36.826722 ], [ -76.859217, 36.824937 ], [ -76.859113, 36.824719 ], [ -76.858707, 36.824681 ], [ -76.857495, 36.82492 ], [ -76.856716, 36.825382 ], [ -76.856213, 36.825875 ], [ -76.855824, 36.826807 ], [ -76.855625, 36.827207 ], [ -76.855829, 36.827468 ], [ -76.855853, 36.827997 ], [ -76.855372, 36.828525 ], [ -76.855257, 36.828756 ], [ -76.855293, 36.828905 ], [ -76.855759, 36.82866 ], [ -76.856045, 36.828673 ], [ -76.85639, 36.828888 ], [ -76.85698, 36.828791 ], [ -76.857137, 36.828929 ], [ -76.857174, 36.829123 ], [ -76.857112, 36.829256 ], [ -76.856522, 36.82938 ], [ -76.856404, 36.829461 ], [ -76.856557, 36.829908 ], [ -76.856533, 36.830261 ], [ -76.856863, 36.831023 ], [ -76.857078, 36.83121 ], [ -76.857984, 36.831647 ], [ -76.858724, 36.831756 ], [ -76.858886, 36.831894 ], [ -76.858997, 36.832147 ], [ -76.858692, 36.832582 ], [ -76.858658, 36.832822 ], [ -76.858817, 36.833589 ], [ -76.859587, 36.834233 ], [ -76.859879, 36.834673 ], [ -76.859787, 36.834879 ], [ -76.859066, 36.834834 ], [ -76.858987, 36.835167 ], [ -76.859171, 36.835355 ], [ -76.859689, 36.835699 ], [ -76.859643, 36.835968 ], [ -76.858917, 36.8361 ], [ -76.858598, 36.836345 ], [ -76.858164, 36.836556 ], [ -76.857749, 36.836795 ], [ -76.857597, 36.837793 ], [ -76.857428, 36.837859 ], [ -76.856521, 36.838127 ], [ -76.856004, 36.83853 ], [ -76.85629, 36.838716 ], [ -76.85634, 36.83897 ], [ -76.855747, 36.839162 ], [ -76.855693, 36.839453 ], [ -76.856065, 36.839595 ], [ -76.856148, 36.839763 ], [ -76.856072, 36.839884 ], [ -76.855646, 36.840074 ], [ -76.855247, 36.840433 ], [ -76.855237, 36.840765 ], [ -76.855607, 36.84155 ], [ -76.855251, 36.841711 ], [ -76.853988, 36.843212 ], [ -76.853675, 36.843337 ], [ -76.853452, 36.842818 ], [ -76.853191, 36.84254 ], [ -76.852831, 36.842574 ], [ -76.852978, 36.843362 ], [ -76.852365, 36.844162 ], [ -76.85171, 36.844694 ], [ -76.850607, 36.844436 ], [ -76.849734, 36.845043 ], [ -76.84966, 36.84522 ], [ -76.849908, 36.845499 ], [ -76.849495, 36.845844 ], [ -76.849285, 36.846256 ], [ -76.849445, 36.846677 ], [ -76.849915, 36.847242 ], [ -76.849919, 36.847432 ], [ -76.849567, 36.847748 ], [ -76.849387, 36.848294 ], [ -76.848907, 36.848584 ], [ -76.848846, 36.849001 ], [ -76.848599, 36.849682 ], [ -76.84865, 36.849964 ], [ -76.8493, 36.850511 ], [ -76.849905, 36.850488 ], [ -76.850193, 36.850427 ], [ -76.850579, 36.850407 ], [ -76.850891, 36.850571 ], [ -76.851102, 36.850942 ], [ -76.851563, 36.851147 ], [ -76.852202, 36.851807 ], [ -76.852245, 36.852117 ], [ -76.852012, 36.852304 ], [ -76.85159, 36.852282 ], [ -76.851292, 36.851927 ], [ -76.850867, 36.852152 ], [ -76.85105, 36.852799 ], [ -76.851647, 36.853171 ], [ -76.851874, 36.85347 ], [ -76.851915, 36.853731000000103 ], [ -76.851706, 36.853812 ], [ -76.851157, 36.853609 ], [ -76.850783, 36.853734 ], [ -76.850272, 36.853298 ], [ -76.849604, 36.853118 ], [ -76.849388, 36.853262 ], [ -76.84943, 36.853544 ], [ -76.849008, 36.853515 ], [ -76.848633, 36.853613 ], [ -76.848175, 36.853923 ], [ -76.84747, 36.854181 ], [ -76.846487, 36.854225 ], [ -76.845551, 36.854013 ], [ -76.845393, 36.854164 ], [ -76.844909, 36.854489 ], [ -76.844818, 36.854737 ], [ -76.844654, 36.854867 ], [ -76.844389, 36.855182 ], [ -76.844096, 36.855377 ], [ -76.843782, 36.855494 ], [ -76.843542, 36.855378 ], [ -76.843343, 36.855127 ], [ -76.843074, 36.855237 ], [ -76.842955, 36.855437 ], [ -76.843166, 36.856174 ], [ -76.842771, 36.856152 ], [ -76.842334, 36.855877 ], [ -76.842108, 36.855605 ], [ -76.841911, 36.855474 ], [ -76.841807, 36.855504 ], [ -76.841673, 36.855795 ], [ -76.840847, 36.855752 ], [ -76.840552, 36.856088 ], [ -76.840004, 36.856661 ], [ -76.84001, 36.857303 ], [ -76.839726, 36.85754 ], [ -76.839506, 36.857861 ], [ -76.839703, 36.858592 ], [ -76.839356, 36.858753 ], [ -76.839204, 36.859009 ], [ -76.839395, 36.859317 ], [ -76.839521, 36.859442 ], [ -76.838879, 36.859802 ], [ -76.838663, 36.859921 ], [ -76.838067, 36.859958 ], [ -76.837497, 36.860355 ], [ -76.837251, 36.860331 ], [ -76.837412, 36.859743 ], [ -76.837181, 36.859252 ], [ -76.836632, 36.859444 ], [ -76.836192, 36.859761 ], [ -76.836057, 36.86001 ], [ -76.836054, 36.86025 ], [ -76.836208, 36.860439 ], [ -76.835839, 36.860783 ], [ -76.835922, 36.86112 ], [ -76.835823, 36.861411 ], [ -76.835287, 36.861377 ], [ -76.835089, 36.861578 ], [ -76.835192, 36.861816 ], [ -76.834808, 36.861921 ], [ -76.834283, 36.862 ], [ -76.834302, 36.862437 ], [ -76.834279, 36.862592 ], [ -76.833855, 36.862853 ], [ -76.833764, 36.863066 ], [ -76.833901, 36.863297 ], [ -76.834492, 36.863408 ], [ -76.834762, 36.863665 ], [ -76.835767, 36.864221 ], [ -76.836649, 36.864348 ], [ -76.836924, 36.864288 ], [ -76.837828, 36.864626 ], [ -76.838222, 36.864882 ], [ -76.838488, 36.865054 ], [ -76.838551, 36.86549 ], [ -76.838449, 36.865647 ], [ -76.838158, 36.865934 ], [ -76.838336, 36.86603 ], [ -76.8387, 36.865841 ], [ -76.838893, 36.865852 ], [ -76.838986, 36.866062 ], [ -76.838798, 36.866277 ], [ -76.838687, 36.866758 ], [ -76.838252, 36.86692 ], [ -76.837872, 36.867209 ], [ -76.837151, 36.867544 ], [ -76.836617, 36.867976 ], [ -76.83661, 36.868 ], [ -76.836422, 36.868628 ], [ -76.835964, 36.868593 ], [ -76.835766, 36.868384 ], [ -76.835619, 36.868118 ], [ -76.835422, 36.867952 ], [ -76.835211, 36.867955 ], [ -76.835102, 36.86855 ], [ -76.835088, 36.868556 ], [ -76.834232, 36.868888 ], [ -76.833759, 36.868937 ], [ -76.833248, 36.868847 ], [ -76.832972, 36.869091 ], [ -76.832851, 36.869149 ], [ -76.831898, 36.868994 ], [ -76.831392, 36.869115 ], [ -76.831256, 36.869301 ], [ -76.831231, 36.869739 ], [ -76.831095, 36.869938 ], [ -76.830342, 36.870035 ], [ -76.830187, 36.870164 ], [ -76.82983, 36.871369 ], [ -76.830007, 36.871451 ], [ -76.830422, 36.871176 ], [ -76.830562, 36.871132 ], [ -76.830688, 36.871285 ], [ -76.830643, 36.871597 ], [ -76.831041, 36.872084 ], [ -76.831099, 36.872295 ], [ -76.830057, 36.872777 ], [ -76.82985, 36.872935 ], [ -76.829436, 36.874029 ], [ -76.829374, 36.874368 ], [ -76.829569, 36.874436 ], [ -76.829904, 36.874473 ], [ -76.830015, 36.874711 ], [ -76.82993, 36.874854 ], [ -76.829862, 36.874925 ], [ -76.829635, 36.874999 ], [ -76.829489, 36.87515 ], [ -76.82938, 36.875384 ], [ -76.829071, 36.875785 ], [ -76.828144, 36.876088 ], [ -76.82806, 36.87689 ], [ -76.827877, 36.87695 ], [ -76.827261, 36.876333 ], [ -76.826335, 36.876256 ], [ -76.825434, 36.875932 ], [ -76.82494, 36.875898 ], [ -76.824684, 36.876372 ], [ -76.824237, 36.876577 ], [ -76.824109, 36.876802 ], [ -76.82437, 36.877004 ], [ -76.824436, 36.877185 ], [ -76.824318, 36.877409 ], [ -76.824329, 36.877863 ], [ -76.824181, 36.878121 ], [ -76.822317, 36.878315 ], [ -76.822065, 36.878112 ], [ -76.822533, 36.877486 ], [ -76.821924, 36.876935 ], [ -76.82152, 36.877015 ], [ -76.821072, 36.877154000000118 ], [ -76.820625, 36.877392 ], [ -76.820427, 36.877692 ], [ -76.820617, 36.87792 ], [ -76.820811, 36.878264 ], [ -76.820799, 36.878627 ], [ -76.820438, 36.879029 ], [ -76.818895, 36.879762 ], [ -76.818617, 36.880195 ], [ -76.81817, 36.880417 ], [ -76.818031, 36.880584 ], [ -76.818275, 36.881356 ], [ -76.817737, 36.882057 ], [ -76.818682, 36.882076 ], [ -76.819348, 36.882412 ], [ -76.819028, 36.88278 ], [ -76.818952, 36.883045 ], [ -76.81937, 36.883352 ], [ -76.819971, 36.883591 ], [ -76.820526, 36.883599 ], [ -76.821458, 36.882754 ], [ -76.8215, 36.882695 ], [ -76.822108, 36.882345 ], [ -76.822878, 36.882333 ], [ -76.823301, 36.882437 ], [ -76.8232, 36.882867 ], [ -76.8229, 36.883639 ], [ -76.82303, 36.883846 ], [ -76.824654, 36.88438 ], [ -76.82502, 36.884528 ], [ -76.82512, 36.884997 ], [ -76.825688, 36.885095 ], [ -76.826073, 36.884726 ], [ -76.826555, 36.885082 ], [ -76.826867, 36.885374 ], [ -76.827278, 36.886023 ], [ -76.827322, 36.886292 ], [ -76.82685, 36.886442 ], [ -76.826729, 36.886672 ], [ -76.827272, 36.887483 ], [ -76.827066, 36.887734 ], [ -76.826695, 36.887993 ], [ -76.826413, 36.887953 ], [ -76.82594, 36.887911 ], [ -76.825903, 36.888071 ], [ -76.826277, 36.888285 ], [ -76.826404, 36.888437 ], [ -76.825818, 36.888556 ], [ -76.82572, 36.888734 ], [ -76.825906, 36.8891 ], [ -76.826388, 36.889431 ], [ -76.826331, 36.890022 ], [ -76.825636, 36.89122 ], [ -76.825426, 36.891304 ], [ -76.824915, 36.890965 ], [ -76.824642, 36.8913 ], [ -76.82424, 36.89133 ], [ -76.823261, 36.89162 ], [ -76.822229, 36.891337 ], [ -76.822019, 36.891405 ], [ -76.821852, 36.891795 ], [ -76.822112, 36.892163 ], [ -76.822103, 36.892599 ], [ -76.821122, 36.892404 ], [ -76.819991, 36.892616 ], [ -76.819414, 36.892891 ], [ -76.819274, 36.893362 ], [ -76.818584, 36.894568 ], [ -76.818528, 36.895595 ], [ -76.819039, 36.895967 ], [ -76.819396, 36.896584 ], [ -76.819234, 36.896974 ], [ -76.818196, 36.897499 ], [ -76.816965, 36.898616 ], [ -76.816499, 36.899771 ], [ -76.815625, 36.899824 ], [ -76.815125, 36.899953 ], [ -76.814941, 36.900465 ], [ -76.815337, 36.903392 ], [ -76.815422, 36.904828 ], [ -76.815576, 36.905384 ], [ -76.816529, 36.9057 ], [ -76.817073, 36.906167 ], [ -76.817464, 36.906502 ], [ -76.817745, 36.906692 ], [ -76.819087, 36.906873 ], [ -76.818985, 36.908103 ], [ -76.818267, 36.90792 ], [ -76.816839, 36.908612 ], [ -76.816139, 36.909205 ], [ -76.816204, 36.909397 ], [ -76.816634, 36.90927 ], [ -76.816884, 36.909217 ], [ -76.816836, 36.910139 ], [ -76.816549, 36.910354 ], [ -76.815848, 36.910065 ], [ -76.815874, 36.91034 ], [ -76.816229, 36.910884 ], [ -76.816417, 36.911382 ], [ -76.816432, 36.911575 ], [ -76.816123, 36.912146 ], [ -76.815269, 36.912579 ], [ -76.815244, 36.912797 ], [ -76.8156, 36.91339 ], [ -76.8157, 36.913816 ], [ -76.815601, 36.914278 ], [ -76.815753, 36.914567 ], [ -76.816162, 36.914907 ], [ -76.816258, 36.914928 ], [ -76.816463, 36.915 ], [ -76.817325, 36.915384 ], [ -76.818064, 36.915648 ], [ -76.81855, 36.915912 ], [ -76.818666, 36.915939 ], [ -76.819001, 36.915901 ], [ -76.819241, 36.915955 ], [ -76.819788, 36.915944 ], [ -76.819939, 36.915972 ], [ -76.820568, 36.916648 ], [ -76.820657, 36.916708 ], [ -76.820938, 36.916818 ], [ -76.821225, 36.916818 ], [ -76.821519, 36.916719 ], [ -76.821814, 36.916581 ], [ -76.822053, 36.916384 ], [ -76.822326, 36.916246 ], [ -76.822498, 36.91623 ], [ -76.822593, 36.916279 ], [ -76.82273, 36.916433 ], [ -76.822888, 36.916878 ], [ -76.823011, 36.917076 ], [ -76.823127, 36.917169 ], [ -76.823284, 36.917213 ], [ -76.824106, 36.917295 ], [ -76.824283, 36.917328 ], [ -76.8244, 36.917405 ], [ -76.824475, 36.917504 ], [ -76.824619, 36.917949 ], [ -76.825132, 36.918383 ], [ -76.825276, 36.918564 ], [ -76.825653, 36.919056 ], [ -76.826271, 36.919484 ], [ -76.826978, 36.920162 ], [ -76.827306, 36.920762 ], [ -76.828778, 36.921025 ], [ -76.829088, 36.920869 ], [ -76.829367, 36.920277 ], [ -76.829799, 36.919934 ], [ -76.829575, 36.919332 ], [ -76.830209, 36.918717 ], [ -76.830817, 36.917851 ], [ -76.83186, 36.917717 ], [ -76.832583, 36.918193 ], [ -76.833043, 36.918169 ], [ -76.833464, 36.917373 ], [ -76.83382, 36.917384 ], [ -76.834287, 36.917663 ], [ -76.834805, 36.91831 ], [ -76.83495, 36.918354 ], [ -76.835054, 36.918642 ], [ -76.835658, 36.91939 ], [ -76.835752, 36.919808 ], [ -76.835634, 36.92013 ], [ -76.835154, 36.920187 ], [ -76.835545, 36.921677 ], [ -76.836282, 36.922725 ], [ -76.836352, 36.92301 ], [ -76.836301, 36.923498 ], [ -76.836042, 36.924057 ], [ -76.83562, 36.924332 ], [ -76.834897, 36.924764 ], [ -76.834623, 36.924667 ], [ -76.834547, 36.92413 ], [ -76.833863, 36.924427 ], [ -76.833701, 36.924631 ], [ -76.833722, 36.925521 ], [ -76.833669, 36.925942 ], [ -76.833256, 36.926167 ], [ -76.833056, 36.926557 ], [ -76.833132, 36.927111 ], [ -76.832824, 36.927384 ], [ -76.832179, 36.92842 ], [ -76.831866, 36.928458 ], [ -76.831463, 36.929137 ], [ -76.831432, 36.929591 ], [ -76.831919, 36.929802 ], [ -76.832555, 36.930128 ], [ -76.833125, 36.930321 ], [ -76.833917, 36.930175 ], [ -76.83468, 36.929692 ], [ -76.836084, 36.929721 ], [ -76.837213, 36.929653 ], [ -76.837814, 36.929396 ], [ -76.837889, 36.929335 ], [ -76.837909, 36.929258 ], [ -76.837752, 36.929115 ], [ -76.837581, 36.928769 ], [ -76.837601, 36.928632 ], [ -76.83769, 36.928583 ], [ -76.837923, 36.928615 ], [ -76.838238, 36.928846 ], [ -76.838457, 36.928961 ], [ -76.8386, 36.929005 ], [ -76.839531, 36.929148 ], [ -76.839654, 36.929137 ], [ -76.839804, 36.929055 ], [ -76.8399, 36.929043 ], [ -76.839989, 36.929071 ], [ -76.841194, 36.930109 ], [ -76.841564, 36.930361 ], [ -76.842433, 36.930619 ], [ -76.842727, 36.930839 ], [ -76.843028, 36.93096 ], [ -76.843336, 36.931191 ], [ -76.843987, 36.931756 ], [ -76.844726, 36.932564 ], [ -76.844829, 36.932596 ], [ -76.845554, 36.933879 ], [ -76.845745, 36.934527 ], [ -76.845519, 36.935163 ], [ -76.844628, 36.936355 ], [ -76.844704, 36.936776 ], [ -76.844719, 36.937408 ], [ -76.844257, 36.938224 ], [ -76.845339, 36.938612 ], [ -76.845393, 36.938941 ], [ -76.845311, 36.939145 ], [ -76.845407, 36.93926 ], [ -76.845742, 36.93959 ], [ -76.845742, 36.939864 ], [ -76.845681, 36.940029 ], [ -76.845298, 36.940793 ], [ -76.845298, 36.940952 ], [ -76.845387, 36.941056 ], [ -76.845709, 36.941271 ], [ -76.84577, 36.941342 ], [ -76.846003, 36.941913 ], [ -76.846578, 36.942243 ], [ -76.846729, 36.942484 ], [ -76.846873, 36.942627 ], [ -76.847311, 36.942825 ], [ -76.847995, 36.943264 ], [ -76.848769, 36.943566 ], [ -76.848783, 36.943593 ], [ -76.849501, 36.943972 ], [ -76.849727, 36.944137 ], [ -76.850138, 36.944335 ], [ -76.850371, 36.944472 ], [ -76.851336, 36.945515 ], [ -76.852076, 36.946059 ], [ -76.852261, 36.946355 ], [ -76.852519, 36.946863 ], [ -76.852503, 36.947115 ], [ -76.852051, 36.94714 ], [ -76.851714, 36.947385 ], [ -76.851144, 36.948596 ], [ -76.851164, 36.949111 ], [ -76.851606, 36.949567 ], [ -76.851668, 36.950029 ], [ -76.851893, 36.95026 ], [ -76.851989, 36.950465 ], [ -76.851948, 36.950932 ], [ -76.852058, 36.951069 ], [ -76.852517, 36.951354 ], [ -76.852866, 36.952003 ], [ -76.852743, 36.952272 ], [ -76.85273, 36.952387 ], [ -76.852887, 36.952535 ], [ -76.852928, 36.952689 ], [ -76.852874, 36.95314 ], [ -76.852942, 36.953206 ], [ -76.853, 36.953238 ], [ -76.853335, 36.953221 ], [ -76.854624, 36.954273 ], [ -76.854962, 36.954435 ], [ -76.855291, 36.954518 ], [ -76.855798, 36.95516 ], [ -76.856256, 36.955215 ], [ -76.856715, 36.955369 ], [ -76.856934, 36.955517 ], [ -76.857393, 36.955885 ], [ -76.857564, 36.955978 ], [ -76.857653, 36.955994 ], [ -76.857818, 36.955972 ], [ -76.8579, 36.955901 ], [ -76.85805, 36.955621 ], [ -76.858262, 36.955445 ], [ -76.858529, 36.9555 ], [ -76.85897, 36.956031 ], [ -76.859083, 36.956235 ], [ -76.85908, 36.956942 ], [ -76.859281, 36.957992 ], [ -76.857342, 36.959511 ], [ -76.857509, 36.960269 ], [ -76.857439, 36.960454 ], [ -76.856992, 36.960972 ], [ -76.856566, 36.961283 ], [ -76.856246, 36.962037 ], [ -76.855725, 36.962317 ], [ -76.855661, 36.962459 ], [ -76.856039, 36.962975 ], [ -76.855636, 36.963687 ], [ -76.85508, 36.963652 ], [ -76.855199, 36.964639 ], [ -76.855298, 36.964811 ], [ -76.855986, 36.964431 ], [ -76.856045, 36.96518 ], [ -76.855968, 36.965355 ], [ -76.85566, 36.965501 ], [ -76.855529, 36.965688 ], [ -76.855546, 36.966394 ], [ -76.856021, 36.967005 ], [ -76.856121, 36.967199 ], [ -76.855954, 36.9673 ], [ -76.855629, 36.967294 ], [ -76.855224, 36.967322 ], [ -76.854904, 36.967533 ], [ -76.854657, 36.96795 ], [ -76.854301, 36.968912 ], [ -76.853621, 36.969346 ], [ -76.853539, 36.96989 ], [ -76.853063, 36.970886 ], [ -76.853298, 36.971122 ], [ -76.853545, 36.971237 ], [ -76.853525, 36.971531 ], [ -76.853563, 36.971976 ], [ -76.853927, 36.972193 ], [ -76.853596, 36.972768 ], [ -76.852304, 36.973234 ], [ -76.851905, 36.973553 ], [ -76.851196, 36.974153 ], [ -76.85086, 36.974967 ], [ -76.850877, 36.975396 ], [ -76.851253, 36.976102 ], [ -76.851598, 36.976379 ], [ -76.852267, 36.976586 ], [ -76.852486, 36.976838 ], [ -76.852876, 36.97757 ], [ -76.853564, 36.977755 ], [ -76.853826, 36.978202 ], [ -76.854212, 36.978646 ], [ -76.854118, 36.979799 ], [ -76.85328, 36.980388 ], [ -76.853162, 36.980694 ], [ -76.853268, 36.981176 ], [ -76.852311, 36.981886 ], [ -76.852324, 36.982304 ], [ -76.852178, 36.982698 ], [ -76.851889, 36.983066 ], [ -76.851891, 36.983414 ], [ -76.851613, 36.98413 ], [ -76.851632, 36.984325 ], [ -76.851305, 36.98483 ], [ -76.85094, 36.984841 ], [ -76.850754, 36.984985 ], [ -76.850647, 36.985307 ], [ -76.850753, 36.985767 ], [ -76.850737, 36.986093 ], [ -76.850456, 36.986222 ], [ -76.850122, 36.986727 ], [ -76.850148, 36.987504 ], [ -76.850449, 36.987646 ], [ -76.850597, 36.987991 ], [ -76.850688, 36.988967 ], [ -76.851157, 36.989612 ], [ -76.851135, 36.990074 ], [ -76.850766, 36.990775 ], [ -76.850115, 36.99067 ], [ -76.850116, 36.990752 ], [ -76.850247, 36.991334 ], [ -76.85032, 36.991918 ], [ -76.850273, 36.992386 ], [ -76.850062, 36.992513 ], [ -76.849849, 36.99254 ], [ -76.849665, 36.992606 ], [ -76.849562, 36.992705 ], [ -76.849363, 36.992969 ], [ -76.849288, 36.9932 ], [ -76.849042, 36.994593 ], [ -76.849138, 36.994977 ], [ -76.849358, 36.995139 ], [ -76.849303, 36.99537 ], [ -76.849105, 36.995573 ], [ -76.849125, 36.995661 ], [ -76.849139, 36.995694 ], [ -76.849372, 36.995831 ], [ -76.849427, 36.996106 ], [ -76.849684, 36.996211 ], [ -76.8416, 37.000156 ], [ -76.837581, 37.002237 ], [ -76.835662, 37.003073 ], [ -76.825667, 37.007483 ], [ -76.818953, 37.010338 ], [ -76.807332, 37.015403 ], [ -76.80104, 37.018143 ], [ -76.791086, 37.022492 ], [ -76.779839, 37.027404 ], [ -76.775468, 37.029294 ], [ -76.774554, 37.029672 ], [ -76.774165, 37.029833 ], [ -76.771586, 37.030907 ], [ -76.771095, 37.031099 ], [ -76.749762, 37.039913 ], [ -76.749681, 37.039959 ], [ -76.748319, 37.040524 ], [ -76.748192, 37.040576 ], [ -76.7416, 37.043284 ], [ -76.73368, 37.046514 ], [ -76.729753, 37.048123 ], [ -76.72216, 37.051131 ], [ -76.714304, 37.054388 ], [ -76.713584, 37.054708 ], [ -76.712399, 37.054964 ], [ -76.711775, 37.05538 ], [ -76.711455, 37.055412 ], [ -76.710719, 37.055252 ], [ -76.710399, 37.055476 ], [ -76.710175, 37.055924 ], [ -76.709855, 37.056324 ], [ -76.709535, 37.056452 ], [ -76.708127, 37.0565 ], [ -76.707631, 37.056324 ], [ -76.706943, 37.055924 ], [ -76.706227, 37.055752 ], [ -76.706207, 37.055748 ], [ -76.705599, 37.055924 ], [ -76.705087, 37.05634 ], [ -76.704127, 37.056884 ], [ -76.702879, 37.056772 ], [ -76.701679, 37.057204 ], [ -76.699311, 37.05842 ], [ -76.698255, 37.05914 ], [ -76.697631, 37.059796 ], [ -76.697615, 37.060484 ], [ -76.697967, 37.061268 ], [ -76.698879, 37.062164 ], [ -76.699967, 37.062852 ], [ -76.700655, 37.063572 ], [ -76.700991, 37.064324 ], [ -76.701151, 37.065284 ], [ -76.701183, 37.066196 ], [ -76.700751, 37.066932 ], [ -76.699839, 37.06786 ], [ -76.699151, 37.06874 ], [ -76.698927, 37.068948 ], [ -76.698431, 37.069572 ], [ -76.697775, 37.070292 ], [ -76.697183, 37.070996 ], [ -76.696815, 37.071844 ], [ -76.696159, 37.072564 ], [ -76.695807, 37.072644 ], [ -76.695151, 37.07266 ], [ -76.694463, 37.072884 ], [ -76.694015, 37.073188 ], [ -76.693391, 37.073556 ], [ -76.693167, 37.074052 ], [ -76.693322, 37.074838 ], [ -76.693455, 37.07514 ], [ -76.693567, 37.0753 ], [ -76.694223, 37.075828 ], [ -76.694639, 37.076132 ], [ -76.695007, 37.07666 ], [ -76.694751, 37.077524 ], [ -76.694399, 37.078324 ], [ -76.694127, 37.07906 ], [ -76.693727, 37.079748 ], [ -76.693407, 37.080452 ], [ -76.693295, 37.081412 ], [ -76.693407, 37.081876 ], [ -76.693759, 37.082164 ], [ -76.694303, 37.08226 ], [ -76.695071, 37.082468 ], [ -76.695455, 37.082868 ], [ -76.695647, 37.083284 ], [ -76.695231, 37.08354 ], [ -76.694431, 37.084164 ], [ -76.693727, 37.084628 ], [ -76.693376, 37.084722 ], [ -76.693247, 37.084756 ], [ -76.692591, 37.08506 ], [ -76.691087, 37.08546 ], [ -76.690511, 37.085396 ], [ -76.689775, 37.085124 ], [ -76.689023, 37.085332 ], [ -76.688383, 37.085556 ], [ -76.687853, 37.085959 ], [ -76.687775, 37.08602 ], [ -76.687807, 37.086548 ], [ -76.687967, 37.087076 ], [ -76.687871, 37.087316 ], [ -76.687679, 37.087412 ], [ -76.687039, 37.087668 ], [ -76.686431, 37.087844 ], [ -76.685775, 37.087956 ], [ -76.684926, 37.087972 ], [ -76.684478, 37.088164 ], [ -76.68435, 37.088468 ], [ -76.684318, 37.088996 ], [ -76.684126, 37.090068 ], [ -76.683902, 37.09042 ], [ -76.683822, 37.090836 ], [ -76.683998, 37.091284 ], [ -76.684318, 37.091796 ], [ -76.68427, 37.092148 ], [ -76.684046, 37.092436 ], [ -76.683838, 37.092628 ], [ -76.68323, 37.092996 ], [ -76.682142, 37.093396 ], [ -76.681694, 37.093779 ], [ -76.68179, 37.094227 ], [ -76.681934, 37.094515 ], [ -76.682558, 37.095027 ], [ -76.68323, 37.095507 ], [ -76.683614, 37.095923 ], [ -76.683774, 37.096419 ], [ -76.684014, 37.096851 ], [ -76.684142, 37.097011 ], [ -76.684062, 37.097427 ], [ -76.683662, 37.097811 ], [ -76.683118, 37.098035 ], [ -76.682318, 37.098451 ], [ -76.682078, 37.098659 ], [ -76.682142, 37.099315 ], [ -76.68227, 37.099891 ], [ -76.682526, 37.100659 ], [ -76.682782, 37.101299 ], [ -76.682974, 37.101971 ], [ -76.68315, 37.102227 ], [ -76.683454, 37.102419 ], [ -76.68419, 37.103171 ], [ -76.684254, 37.103459 ], [ -76.68419, 37.103891 ], [ -76.68403, 37.104051 ], [ -76.683422, 37.104371 ], [ -76.682622, 37.105027 ], [ -76.681742, 37.106419 ], [ -76.681406, 37.106739 ], [ -76.681118, 37.106883 ], [ -76.68067, 37.106803 ], [ -76.680094, 37.106483 ], [ -76.67987, 37.106259 ], [ -76.679454, 37.105907 ], [ -76.67923, 37.105267 ], [ -76.679006, 37.104403 ], [ -76.67843, 37.104051 ], [ -76.677966, 37.104179 ], [ -76.677678, 37.104467 ], [ -76.67739, 37.104707 ], [ -76.677054, 37.105267 ], [ -76.676462, 37.106451 ], [ -76.676398, 37.106835 ], [ -76.67587, 37.107571 ], [ -76.675294, 37.108099 ], [ -76.675182, 37.108371 ], [ -76.675166, 37.108643 ], [ -76.675326, 37.108947 ], [ -76.675406, 37.109059 ], [ -76.675502, 37.109123 ], [ -76.675726, 37.109187 ], [ -76.675934, 37.109203 ], [ -76.676494, 37.109299 ], [ -76.676894, 37.109427 ], [ -76.67779, 37.109811 ], [ -76.678494, 37.110451 ], [ -76.678846, 37.110995 ], [ -76.679198, 37.111219 ], [ -76.679358, 37.111427 ], [ -76.67939, 37.111875 ], [ -76.679358, 37.112211 ], [ -76.679102, 37.112627 ], [ -76.67795, 37.113219 ], [ -76.677406, 37.113635 ], [ -76.677134, 37.113923 ], [ -76.677038, 37.114291 ], [ -76.677086, 37.114451 ], [ -76.677166, 37.114547 ], [ -76.677438, 37.114787 ], [ -76.677934, 37.115043 ], [ -76.678046, 37.115075 ], [ -76.678302, 37.115219 ], [ -76.678606, 37.115427 ], [ -76.679006, 37.115891 ], [ -76.679198, 37.116435 ], [ -76.67947, 37.116931 ], [ -76.679966, 37.117683 ], [ -76.680046, 37.118099 ], [ -76.679966, 37.119187 ], [ -76.679854, 37.119875 ], [ -76.67979, 37.121123 ], [ -76.67987, 37.121715 ], [ -76.680094, 37.122787 ], [ -76.68019, 37.123523 ], [ -76.680158, 37.124083 ], [ -76.68003, 37.125139 ], [ -76.680174, 37.125715 ], [ -76.680286, 37.126291 ], [ -76.680254, 37.126755 ], [ -76.680126, 37.127219 ], [ -76.679806, 37.127923 ], [ -76.679006, 37.129107 ], [ -76.678222, 37.130403 ], [ -76.677678, 37.131027 ], [ -76.677118, 37.131459 ], [ -76.676414, 37.131859 ], [ -76.675822, 37.132147 ], [ -76.674942, 37.132371 ], [ -76.67395, 37.132531 ], [ -76.673054, 37.132643 ], [ -76.672654, 37.132771 ], [ -76.672526, 37.132979 ], [ -76.672414, 37.133491 ], [ -76.67243, 37.133667 ], [ -76.672606, 37.133875 ], [ -76.673054, 37.134147 ], [ -76.674654, 37.135043 ], [ -76.675134, 37.135523 ], [ -76.675502, 37.136003 ], [ -76.675742, 37.136499 ], [ -76.675822, 37.136979 ], [ -76.675838, 37.137651 ], [ -76.67571, 37.138339 ], [ -76.675422, 37.139043 ], [ -76.674702, 37.140147 ], [ -76.674142, 37.140691 ], [ -76.67379, 37.140979 ], [ -76.673326, 37.141267 ], [ -76.672734, 37.141571 ], [ -76.671927, 37.141921 ], [ -76.671588, 37.14206 ], [ -76.641581, 37.153827 ], [ -76.641597, 37.153379 ], [ -76.643245, 37.139187 ], [ -76.643549, 37.137107 ], [ -76.643965, 37.135331 ], [ -76.645773, 37.128723 ], [ -76.645997, 37.128019 ], [ -76.646093, 37.127411 ], [ -76.646093, 37.126547 ], [ -76.645821, 37.125155 ], [ -76.628205, 37.092755 ], [ -76.624573, 37.089059 ], [ -76.603989, 37.072394 ], [ -76.597084, 37.066803 ], [ -76.550891, 37.034245 ], [ -76.53593, 37.023699 ], [ -76.50398, 37.001713 ], [ -76.501708, 37.000147 ], [ -76.499673, 36.998506 ], [ -76.499673, 36.998355 ], [ -76.49209, 36.992889 ], [ -76.486198, 36.988604 ], [ -76.486112, 36.988541 ], [ -76.473735, 36.979507 ], [ -76.471479, 36.977939 ], [ -76.468183, 36.975027 ], [ -76.467351, 36.974147 ], [ -76.467111, 36.973843 ], [ -76.464551, 36.971267 ], [ -76.463876, 36.970463 ], [ -76.462199, 36.968467 ], [ -76.460086, 36.965763 ], [ -76.459039, 36.963881 ], [ -76.458662, 36.963203 ], [ -76.455558, 36.957843 ], [ -76.454246, 36.955491 ], [ -76.452422, 36.952771 ], [ -76.44983, 36.948307 ], [ -76.447414, 36.944819 ], [ -76.445365, 36.942355 ], [ -76.445301, 36.941891 ], [ -76.444645, 36.941107 ], [ -76.442453, 36.939315 ], [ -76.439125, 36.937139 ], [ -76.435989, 36.935731 ], [ -76.434789, 36.935283 ], [ -76.428453, 36.934211 ], [ -76.42298, 36.933251 ], [ -76.41802, 36.932275 ], [ -76.412436, 36.931459 ], [ -76.407348, 36.930787 ], [ -76.407059, 36.930781 ], [ -76.406778, 36.930775 ], [ -76.402804, 36.930691 ], [ -76.400836, 36.930691 ], [ -76.399567, 36.930947 ], [ -76.403567, 36.900848 ], [ -76.407768, 36.896648 ], [ -76.407656, 36.89656 ], [ -76.40733, 36.896085 ], [ -76.406842, 36.89566 ], [ -76.406317, 36.895385 ], [ -76.40584, 36.895107 ], [ -76.405205, 36.894885 ], [ -76.404392, 36.894523 ], [ -76.404055, 36.89426 ], [ -76.403942, 36.89396 ], [ -76.403988, 36.893625 ], [ -76.404155, 36.89331 ], [ -76.404405, 36.89296 ], [ -76.40458, 36.892748 ], [ -76.404667, 36.89261 ], [ -76.404755, 36.892335 ], [ -76.404792, 36.89211 ], [ -76.404742, 36.891935 ], [ -76.404605, 36.89166 ], [ -76.404556, 36.891491 ], [ -76.404517, 36.891335 ], [ -76.404667, 36.891148 ], [ -76.405243, 36.891168 ], [ -76.405686, 36.891268 ], [ -76.405957, 36.891421 ], [ -76.406283, 36.891439 ], [ -76.406617, 36.891421 ], [ -76.406933, 36.891286 ], [ -76.407304, 36.890942 ], [ -76.407476, 36.890544 ], [ -76.407458, 36.890364 ], [ -76.407349, 36.890174 ], [ -76.407087, 36.889939 ], [ -76.406689, 36.889884 ], [ -76.406355, 36.889649 ], [ -76.406201, 36.88936 ], [ -76.405975, 36.888917 ], [ -76.405632, 36.887796 ], [ -76.405641, 36.887471 ], [ -76.405693, 36.887106 ], [ -76.405776, 36.886513 ], [ -76.405785, 36.886106 ], [ -76.405758, 36.885835 ], [ -76.405641, 36.885636 ], [ -76.405478, 36.8856 ], [ -76.404908, 36.885591 ], [ -76.40461, 36.885437 ], [ -76.404411, 36.88532 ], [ -76.404212, 36.885139 ], [ -76.40414, 36.885039 ], [ -76.404149, 36.884786 ], [ -76.404339, 36.884596 ], [ -76.404547, 36.884578 ], [ -76.404664, 36.884587 ], [ -76.4048, 36.884569 ], [ -76.404918, 36.884479 ], [ -76.404999, 36.884253 ], [ -76.405026, 36.884018 ], [ -76.405171, 36.883656 ], [ -76.405234, 36.883186 ], [ -76.405198, 36.882752 ], [ -76.405141, 36.882394 ], [ -76.404918, 36.882327 ], [ -76.40489, 36.881812 ], [ -76.404954, 36.881541 ], [ -76.405107, 36.881414 ], [ -76.405321, 36.881113 ], [ -76.405444, 36.880858 ], [ -76.405588, 36.880424 ], [ -76.405691, 36.880312 ], [ -76.405775, 36.880274 ], [ -76.40585, 36.88018 ], [ -76.405879, 36.880096 ], [ -76.405925, 36.879772 ], [ -76.405996, 36.879529 ], [ -76.406207, 36.879276 ], [ -76.406413, 36.879079 ], [ -76.406675, 36.878919 ], [ -76.40676, 36.878788 ], [ -76.406797, 36.878516 ], [ -76.406854, 36.878348 ], [ -76.407099, 36.877954 ], [ -76.40736, 36.87786 ], [ -76.40766, 36.877869 ], [ -76.407894, 36.877898 ], [ -76.408213, 36.877813 ], [ -76.408466, 36.877663 ], [ -76.408663, 36.877504 ], [ -76.408785, 36.877354 ], [ -76.408888, 36.877269 ], [ -76.409085, 36.877157 ], [ -76.409347, 36.877063 ], [ -76.409694, 36.876819 ], [ -76.410032, 36.876679 ], [ -76.410172, 36.876566 ], [ -76.411067, 36.876148 ], [ -76.413434, 36.874257 ], [ -76.413566, 36.874147 ], [ -76.416968, 36.870348 ], [ -76.417319, 36.869933 ], [ -76.418967, 36.867992 ], [ -76.418994, 36.86796 ], [ -76.41914, 36.867787 ], [ -76.419294, 36.867608 ], [ -76.420368, 36.866348 ], [ -76.413067, 36.866347 ], [ -76.411787, 36.866362 ], [ -76.407141, 36.866448 ], [ -76.404474, 36.866531 ], [ -76.403967, 36.866549 ], [ -76.403412, 36.866505 ], [ -76.402667, 36.866448 ], [ -76.40251, 36.866461 ], [ -76.401467, 36.866548 ], [ -76.39999, 36.866305 ], [ -76.39985, 36.86628 ], [ -76.399658, 36.866246 ], [ -76.398467, 36.865948 ], [ -76.398475, 36.865079 ], [ -76.398661, 36.863837 ], [ -76.398885, 36.861817 ], [ -76.398922, 36.861478 ], [ -76.39894, 36.861324 ], [ -76.398965, 36.861105 ], [ -76.398976, 36.861012 ], [ -76.399092, 36.859882 ], [ -76.399207, 36.858779 ], [ -76.399366, 36.857244 ], [ -76.397695, 36.857165 ], [ -76.396218, 36.856947 ], [ -76.394267, 36.856848 ], [ -76.392642, 36.856645 ], [ -76.391866, 36.856548 ], [ -76.391573, 36.855475 ], [ -76.391416, 36.854898 ], [ -76.391266, 36.854348 ], [ -76.389062, 36.853468 ], [ -76.38834, 36.853107 ], [ -76.387421, 36.852199 ], [ -76.387049, 36.851248 ], [ -76.388266, 36.848948 ], [ -76.388266, 36.844948 ], [ -76.384415, 36.839011 ], [ -76.383466, 36.837548 ], [ -76.385233, 36.836416 ], [ -76.388466, 36.834348 ], [ -76.388796, 36.833516 ], [ -76.389466, 36.832948 ], [ -76.390915, 36.831788 ], [ -76.395466, 36.828148 ], [ -76.397892, 36.823782 ], [ -76.397902, 36.823763 ], [ -76.397927, 36.823719 ], [ -76.400866, 36.818948 ], [ -76.403666, 36.814048 ], [ -76.402266, 36.811048 ], [ -76.401491, 36.809173 ], [ -76.400265, 36.806437 ], [ -76.400315, 36.806027 ], [ -76.400409, 36.805689 ], [ -76.400399, 36.805474 ], [ -76.400324, 36.805239 ], [ -76.400231, 36.805033 ], [ -76.400081, 36.804921 ], [ -76.399687, 36.804883 ], [ -76.39949, 36.804902 ], [ -76.398956, 36.804986 ], [ -76.398806, 36.805052 ], [ -76.398937, 36.805296 ], [ -76.399162, 36.805417 ], [ -76.399659, 36.805474 ], [ -76.399827, 36.805642 ], [ -76.399884, 36.806027 ], [ -76.399799, 36.806252 ], [ -76.399724, 36.806364 ], [ -76.399537, 36.806524 ], [ -76.399256, 36.806533 ], [ -76.399171, 36.806505 ], [ -76.398843, 36.806327 ], [ -76.398566, 36.806248 ], [ -76.398168, 36.806289 ], [ -76.397849, 36.806458 ], [ -76.397718, 36.806617 ], [ -76.397596, 36.806702 ], [ -76.397249, 36.806477 ], [ -76.396977, 36.806374 ], [ -76.396799, 36.806149 ], [ -76.39664, 36.805849 ], [ -76.396293, 36.805563 ], [ -76.396185, 36.80553 ], [ -76.395988, 36.805507 ], [ -76.395881, 36.805525 ], [ -76.395777, 36.805596 ], [ -76.395501, 36.805914 ], [ -76.395473, 36.805975 ], [ -76.395445, 36.806153 ], [ -76.395393, 36.806271 ], [ -76.395271, 36.806374 ], [ -76.394962, 36.8065 ], [ -76.394526, 36.806369 ], [ -76.394306, 36.806228 ], [ -76.394184, 36.806186 ], [ -76.393865, 36.806149 ], [ -76.393509, 36.806017 ], [ -76.393373, 36.805947 ], [ -76.393213, 36.805839 ], [ -76.392988, 36.805647 ], [ -76.392777, 36.805521 ], [ -76.392576, 36.805455 ], [ -76.392342, 36.805446 ], [ -76.392093, 36.805417 ], [ -76.39199, 36.80538 ], [ -76.391849, 36.805291 ], [ -76.391732, 36.805122 ], [ -76.391681, 36.804649 ], [ -76.391849, 36.804297 ], [ -76.391863, 36.804208 ], [ -76.391817, 36.804147 ], [ -76.391737, 36.804091 ], [ -76.391638, 36.804058 ], [ -76.391502, 36.803964 ], [ -76.391437, 36.803824 ], [ -76.391465, 36.803557 ], [ -76.391451, 36.803482 ], [ -76.391371, 36.803364 ], [ -76.391301, 36.803299 ], [ -76.391052, 36.803107 ], [ -76.390945, 36.80306 ], [ -76.390757, 36.803064 ], [ -76.390565, 36.802975 ], [ -76.390438, 36.802966 ], [ -76.390387, 36.802985 ], [ -76.39019, 36.802989 ], [ -76.390115, 36.802924 ], [ -76.390152, 36.802764 ], [ -76.390092, 36.802689 ], [ -76.389946, 36.802675 ], [ -76.389674, 36.802699 ], [ -76.389543, 36.802689 ], [ -76.389356, 36.802628 ], [ -76.388901, 36.80231 ], [ -76.388702, 36.802073 ], [ -76.387985, 36.801312 ], [ -76.387706, 36.801077 ], [ -76.387293, 36.800805 ], [ -76.387199, 36.800627 ], [ -76.387152, 36.800289 ], [ -76.386998, 36.798547 ], [ -76.385009, 36.796172 ], [ -76.384826, 36.795931 ], [ -76.384628, 36.795695 ], [ -76.378711, 36.789099 ], [ -76.377638, 36.788073 ], [ -76.375679, 36.786062 ], [ -76.372871, 36.786471 ], [ -76.363839, 36.787804 ], [ -76.364025, 36.785022 ], [ -76.36403, 36.784933 ], [ -76.363629, 36.784979 ], [ -76.358846, 36.785542 ], [ -76.358671, 36.785548 ], [ -76.350338, 36.78687 ], [ -76.350113, 36.786716 ], [ -76.349876, 36.785572 ], [ -76.349485, 36.784926 ], [ -76.348809, 36.784606 ], [ -76.347033, 36.784379 ], [ -76.346484, 36.784265 ], [ -76.346616, 36.783458 ], [ -76.34664, 36.783323 ], [ -76.346909, 36.78167 ], [ -76.347378, 36.778844 ], [ -76.347546, 36.777744 ], [ -76.347511, 36.777654 ], [ -76.347445, 36.777576 ], [ -76.347335, 36.777501 ], [ -76.347264, 36.777472 ], [ -76.347087, 36.777454 ], [ -76.344863, 36.777572 ], [ -76.344679, 36.777563 ], [ -76.343571, 36.777377 ], [ -76.343746, 36.775414 ], [ -76.343776, 36.775085 ], [ -76.343865, 36.774113 ], [ -76.343958, 36.773116 ], [ -76.343978, 36.772644 ], [ -76.344093, 36.772575 ], [ -76.344213, 36.772547 ], [ -76.345334, 36.772523 ], [ -76.345423, 36.772518 ], [ -76.345503, 36.772483 ], [ -76.345542, 36.772424 ], [ -76.345535, 36.772313 ], [ -76.342709, 36.772372 ], [ -76.343166, 36.771795 ], [ -76.343518, 36.771408 ], [ -76.343928, 36.771045 ], [ -76.344747, 36.770459 ], [ -76.344321, 36.770067 ], [ -76.344197, 36.769895 ], [ -76.344153, 36.769744 ], [ -76.344189, 36.769075 ], [ -76.344256, 36.767934 ], [ -76.344286, 36.767469 ], [ -76.344312, 36.767034 ], [ -76.34435, 36.766964 ], [ -76.344325, 36.7667 ], [ -76.344361, 36.76592 ], [ -76.344293, 36.76458 ], [ -76.344275, 36.764485 ], [ -76.344236, 36.764415999999891 ], [ -76.343824, 36.763893 ], [ -76.343786, 36.763804 ], [ -76.343778, 36.763709 ], [ -76.343932, 36.76371 ], [ -76.344383, 36.763677 ], [ -76.344325, 36.763324 ], [ -76.344319, 36.763176 ], [ -76.344393, 36.762983 ], [ -76.344382, 36.76276 ], [ -76.344439, 36.761978 ], [ -76.344644, 36.760157 ], [ -76.344826, 36.758785 ], [ -76.344854, 36.758521 ], [ -76.345149, 36.755842 ], [ -76.345093, 36.75576 ], [ -76.345203, 36.754997 ], [ -76.345332, 36.754206 ], [ -76.345863, 36.751136 ], [ -76.345904, 36.750867 ], [ -76.345997, 36.750134 ], [ -76.346137, 36.748692 ], [ -76.346185, 36.748072 ], [ -76.346169, 36.747328 ], [ -76.346171, 36.747004 ], [ -76.346184, 36.746818 ], [ -76.346201, 36.746568 ], [ -76.346211, 36.746424 ], [ -76.346229, 36.746041 ], [ -76.346203, 36.745753 ], [ -76.346098, 36.745479 ], [ -76.345883, 36.745128 ], [ -76.345178, 36.744088 ], [ -76.345052, 36.74385 ], [ -76.345006, 36.743648 ], [ -76.345007, 36.743524 ], [ -76.345035, 36.743368 ], [ -76.345306, 36.742488 ], [ -76.345433, 36.74196 ], [ -76.34553, 36.741661 ], [ -76.3456, 36.741516 ], [ -76.345728, 36.741312 ], [ -76.344966, 36.741109 ], [ -76.344774, 36.741056 ], [ -76.344508, 36.740985 ], [ -76.344248, 36.740918 ], [ -76.34317, 36.74064 ], [ -76.342727, 36.740474 ], [ -76.342374, 36.740291 ], [ -76.341982, 36.740056 ], [ -76.34111, 36.739676 ], [ -76.340518, 36.739438 ], [ -76.339151, 36.738984 ], [ -76.33858, 36.738974 ], [ -76.338216, 36.738989 ], [ -76.337714, 36.739013 ], [ -76.337454, 36.73906 ], [ -76.337213, 36.739092 ], [ -76.33709, 36.739055 ], [ -76.336633, 36.739162 ], [ -76.336215, 36.739313 ], [ -76.335193, 36.739761 ], [ -76.334549, 36.740009 ], [ -76.33398, 36.740148 ], [ -76.333636, 36.74021 ], [ -76.333333, 36.740245 ], [ -76.333006, 36.740264 ], [ -76.332314, 36.740252 ], [ -76.331966, 36.740202 ], [ -76.331382, 36.74009 ], [ -76.328648, 36.739456 ], [ -76.326352, 36.738938 ], [ -76.326172, 36.73894 ], [ -76.326026, 36.738906 ], [ -76.324544, 36.738564 ], [ -76.323377, 36.738189 ], [ -76.321814, 36.737615 ], [ -76.320336, 36.736967 ], [ -76.317664, 36.735457 ], [ -76.316186, 36.73451 ], [ -76.316033, 36.734264 ], [ -76.315571, 36.73396 ], [ -76.315165, 36.733608 ], [ -76.314384, 36.732874 ], [ -76.313913, 36.732386 ], [ -76.313292, 36.731789 ], [ -76.312494, 36.731155 ], [ -76.311761, 36.730656 ], [ -76.311425, 36.730459 ], [ -76.310841, 36.73013 ], [ -76.310275, 36.729866 ], [ -76.309683, 36.729611 ], [ -76.309134, 36.729401 ], [ -76.307962, 36.729057 ], [ -76.306036, 36.728626 ], [ -76.305874, 36.72859 ], [ -76.304188, 36.728191 ], [ -76.304669, 36.728059 ], [ -76.305687, 36.727914 ], [ -76.306451, 36.727777 ], [ -76.306714, 36.727705 ], [ -76.307115, 36.727527 ], [ -76.307417, 36.727343 ], [ -76.307714, 36.727119 ], [ -76.307914, 36.726919 ], [ -76.308098, 36.726685 ], [ -76.309428, 36.72484 ], [ -76.309618, 36.724633 ], [ -76.309871, 36.724396 ], [ -76.310424, 36.723921 ], [ -76.310793, 36.723664 ], [ -76.31107, 36.723508 ], [ -76.312409, 36.722903 ], [ -76.319577, 36.719752 ], [ -76.319642, 36.719723 ], [ -76.319833, 36.71964 ], [ -76.32098, 36.719135 ], [ -76.321178, 36.719034 ], [ -76.321282, 36.718963 ], [ -76.323095, 36.717624 ], [ -76.323317, 36.717504 ], [ -76.323512, 36.717471 ], [ -76.323581, 36.717463 ], [ -76.324352, 36.717601 ], [ -76.324545, 36.717646 ], [ -76.324788, 36.717729 ], [ -76.324973, 36.717833 ], [ -76.325056, 36.717897 ], [ -76.327464, 36.71624 ], [ -76.333682, 36.711861 ], [ -76.33397, 36.711636 ], [ -76.334223, 36.711341 ], [ -76.334321, 36.711195 ], [ -76.334376, 36.711061 ], [ -76.334692, 36.709796 ], [ -76.335289, 36.707646 ], [ -76.340463, 36.704853 ], [ -76.341436, 36.704164 ], [ -76.341929, 36.703734 ], [ -76.342396, 36.703283 ], [ -76.342784, 36.702849 ], [ -76.343028, 36.702529 ], [ -76.343407, 36.701969 ], [ -76.34374, 36.701341 ], [ -76.344008, 36.700788 ], [ -76.344412, 36.70099 ], [ -76.344857, 36.701248 ], [ -76.345201, 36.701516 ], [ -76.34568, 36.702018 ], [ -76.346529, 36.701501 ], [ -76.347259, 36.701017 ], [ -76.348304, 36.700253 ], [ -76.348926, 36.699761 ], [ -76.349527, 36.699249 ], [ -76.352524, 36.696527 ], [ -76.353592, 36.695553 ], [ -76.355466, 36.693724 ], [ -76.356105, 36.693063 ], [ -76.356922, 36.692173 ], [ -76.3573, 36.691715 ], [ -76.357516, 36.69142 ], [ -76.357794, 36.691009 ], [ -76.358815, 36.689381 ], [ -76.359158, 36.688737 ], [ -76.35942, 36.688131 ], [ -76.359628, 36.687547 ], [ -76.359743, 36.687205 ], [ -76.3601, 36.685914 ], [ -76.361807, 36.679436 ], [ -76.362387, 36.677345 ], [ -76.363246, 36.674108 ], [ -76.364389, 36.669716 ], [ -76.365108, 36.66708 ], [ -76.366717, 36.661018 ], [ -76.368523, 36.653989 ], [ -76.368546, 36.653563 ], [ -76.369085, 36.651841 ], [ -76.371823, 36.641484 ], [ -76.372879, 36.637618 ], [ -76.366688, 36.637374 ], [ -76.363397, 36.63729 ], [ -76.363197, 36.637268 ], [ -76.362994, 36.637227 ], [ -76.362799, 36.637169 ], [ -76.362581, 36.637095 ], [ -76.361896, 36.636866 ], [ -76.361649, 36.636767 ], [ -76.361425, 36.636639 ], [ -76.361224, 36.636486 ], [ -76.360316, 36.635705 ], [ -76.358346, 36.633756 ], [ -76.358178, 36.633645 ], [ -76.358046, 36.633622 ], [ -76.357085, 36.633619 ], [ -76.356854, 36.633604 ], [ -76.356664, 36.633572 ], [ -76.356474, 36.633518 ], [ -76.355352, 36.633066 ], [ -76.355167, 36.632978 ], [ -76.354929, 36.632839 ], [ -76.354524, 36.632575 ], [ -76.354292, 36.632465 ], [ -76.35418, 36.632444 ], [ -76.353669, 36.632434 ], [ -76.353392, 36.632451 ], [ -76.35319, 36.632491 ], [ -76.352821, 36.632635 ], [ -76.352534, 36.632781 ], [ -76.352334, 36.632862 ], [ -76.352084, 36.632919 ], [ -76.351586, 36.632929 ], [ -76.351321, 36.632887 ], [ -76.351199, 36.632843 ], [ -76.350985, 36.632706 ], [ -76.350708, 36.632396 ], [ -76.350264, 36.631828 ], [ -76.350064, 36.631634 ], [ -76.349804, 36.631457 ], [ -76.349554, 36.631354 ], [ -76.349215, 36.631281 ], [ -76.34781, 36.631198 ], [ -76.347439, 36.631162 ], [ -76.347001, 36.631115 ], [ -76.343831, 36.630653 ], [ -76.343519, 36.630575 ], [ -76.343066, 36.630431 ], [ -76.340984, 36.629689 ], [ -76.338778, 36.62888 ], [ -76.335707, 36.627679 ], [ -76.335327, 36.627499 ], [ -76.334633, 36.627089 ], [ -76.334512, 36.627037 ], [ -76.334397, 36.627013 ], [ -76.334305, 36.627007 ], [ -76.334096, 36.627035 ], [ -76.331636, 36.627716 ], [ -76.330047, 36.628087 ], [ -76.328935, 36.628237 ], [ -76.327963, 36.628403 ], [ -76.327624, 36.628445 ], [ -76.324399, 36.628565 ], [ -76.32167, 36.626873 ], [ -76.317205, 36.624268 ], [ -76.317009, 36.624187 ], [ -76.316877, 36.624175 ], [ -76.3166, 36.624189 ], [ -76.315828, 36.624263 ], [ -76.315116, 36.62437 ], [ -76.311752, 36.624815 ], [ -76.311471, 36.624865 ], [ -76.311072, 36.624996 ], [ -76.310823, 36.625116 ], [ -76.310646, 36.625228 ], [ -76.310412, 36.62542 ], [ -76.310019, 36.625841 ], [ -76.309764, 36.626061 ], [ -76.309494, 36.626194 ], [ -76.308476, 36.626503 ], [ -76.308394, 36.626526 ], [ -76.307186, 36.626905 ], [ -76.306915, 36.626964 ], [ -76.306706, 36.626993 ], [ -76.306293, 36.627023 ], [ -76.303946, 36.626963 ], [ -76.303661, 36.626916 ], [ -76.302658, 36.626619 ], [ -76.302319, 36.626561 ], [ -76.301968, 36.626545 ], [ -76.301623, 36.626562 ], [ -76.300778, 36.626675 ], [ -76.300587, 36.626688 ], [ -76.300031, 36.626679 ], [ -76.299271, 36.626595 ], [ -76.298215, 36.626428 ], [ -76.297671, 36.626382 ], [ -76.297402, 36.626378 ], [ -76.297071, 36.626393 ], [ -76.296866, 36.626418 ], [ -76.296667, 36.626472 ], [ -76.296434, 36.626601 ], [ -76.296037, 36.626912 ], [ -76.295854, 36.626995 ], [ -76.29572, 36.62703 ], [ -76.295515, 36.627046 ], [ -76.295311, 36.627028 ], [ -76.293274, 36.626601 ], [ -76.292786, 36.626532 ], [ -76.292438, 36.626545 ], [ -76.292301, 36.626565 ], [ -76.291964, 36.626647 ], [ -76.291651, 36.62677 ], [ -76.288789, 36.628349 ], [ -76.288614, 36.628412 ], [ -76.288524, 36.628438 ], [ -76.288162, 36.628475 ], [ -76.286663, 36.628566 ], [ -76.284041, 36.628698 ], [ -76.282941, 36.628784 ], [ -76.281792, 36.628905 ], [ -76.28161, 36.628938 ], [ -76.281281, 36.62903 ], [ -76.281057, 36.629113 ], [ -76.280835, 36.629226 ], [ -76.280356, 36.629542 ], [ -76.27987, 36.629813 ], [ -76.279612, 36.629922 ], [ -76.279457, 36.629966 ], [ -76.279166, 36.630003 ], [ -76.278925, 36.629997 ], [ -76.277939, 36.629886 ], [ -76.276412, 36.629643 ], [ -76.276154, 36.629634 ], [ -76.275965, 36.629679 ], [ -76.275754, 36.629776 ], [ -76.275541, 36.629934 ], [ -76.275348, 36.630148 ], [ -76.275297, 36.630245 ], [ -76.275235, 36.630498 ], [ -76.275231, 36.631477 ], [ -76.275184, 36.631675 ], [ -76.275074, 36.631828 ], [ -76.275014, 36.631869 ], [ -76.274904, 36.631908 ], [ -76.274781, 36.631923 ], [ -76.27423, 36.631895 ], [ -76.273957, 36.631909 ], [ -76.273832, 36.631726 ], [ -76.272461, 36.630136 ], [ -76.271592, 36.629187 ], [ -76.2714, 36.629005 ], [ -76.271159, 36.628845 ], [ -76.270977, 36.628775 ], [ -76.27074, 36.628721 ], [ -76.26986, 36.628631 ], [ -76.264559, 36.628408 ], [ -76.264348, 36.628417 ], [ -76.264214, 36.628443 ], [ -76.263277, 36.628762 ], [ -76.260871, 36.629572 ], [ -76.260609, 36.629651 ], [ -76.260359, 36.629697 ], [ -76.260124, 36.629695 ], [ -76.259934, 36.629663 ], [ -76.258476, 36.629273 ], [ -76.258216, 36.629219 ], [ -76.257797, 36.629201 ], [ -76.25707, 36.62924 ], [ -76.253392, 36.62948 ], [ -76.253117, 36.629525 ], [ -76.252922, 36.629584 ], [ -76.252739, 36.629662 ], [ -76.252326, 36.62989 ], [ -76.250363, 36.631039 ], [ -76.249979, 36.631239 ], [ -76.249575, 36.631395 ], [ -76.248247, 36.631819 ], [ -76.245941, 36.632789 ], [ -76.245686, 36.632884 ], [ -76.245211, 36.633031 ], [ -76.243434, 36.63353 ], [ -76.243115, 36.633603 ], [ -76.2428, 36.633638 ], [ -76.242374, 36.633645 ], [ -76.239119, 36.633519 ], [ -76.237929, 36.633517 ], [ -76.237059, 36.633547 ], [ -76.236708, 36.633546 ], [ -76.236432, 36.633522 ], [ -76.236008, 36.633454 ], [ -76.231746, 36.63268 ], [ -76.231244, 36.632606 ], [ -76.230792, 36.632564 ], [ -76.229757, 36.632509 ], [ -76.228814, 36.632476 ], [ -76.225159, 36.6325 ], [ -76.224373, 36.632468 ], [ -76.223475, 36.632389 ], [ -76.223073, 36.632384 ], [ -76.222506, 36.632419 ], [ -76.21983, 36.632636 ], [ -76.219104, 36.632659 ], [ -76.218301, 36.632591 ], [ -76.216025, 36.632337 ], [ -76.215824, 36.632314 ], [ -76.214965, 36.632212 ], [ -76.214499, 36.632174 ], [ -76.213747, 36.632139 ], [ -76.209622, 36.632026 ], [ -76.208083, 36.631976 ], [ -76.207953, 36.632329 ], [ -76.207417, 36.633704 ], [ -76.206893, 36.635129 ], [ -76.206263, 36.636718 ], [ -76.204501, 36.640319 ], [ -76.2044, 36.640498 ], [ -76.204373, 36.640584 ], [ -76.204145, 36.641046 ], [ -76.20203, 36.645351 ], [ -76.201532, 36.646391 ], [ -76.201414, 36.646678 ], [ -76.201351, 36.646963 ], [ -76.201332, 36.647143 ], [ -76.200992, 36.652531 ], [ -76.200976, 36.652711 ], [ -76.200689, 36.655447 ], [ -76.200628, 36.655888 ], [ -76.200572, 36.656136 ], [ -76.200545, 36.656247 ], [ -76.200431, 36.656656 ], [ -76.200289, 36.657049 ], [ -76.200128, 36.65743 ], [ -76.199077, 36.659678 ], [ -76.198452, 36.661084 ], [ -76.198362, 36.661245 ], [ -76.198037, 36.661721 ], [ -76.197493, 36.662455 ], [ -76.197256, 36.662854 ], [ -76.195404, 36.666908 ], [ -76.191896, 36.674725 ], [ -76.191598, 36.675438 ], [ -76.190788, 36.677285 ], [ -76.189887, 36.678772 ], [ -76.188252, 36.680923 ], [ -76.187948, 36.681388 ], [ -76.187618, 36.68204 ], [ -76.187598, 36.682122 ], [ -76.187518, 36.682291 ], [ -76.187376, 36.682804 ], [ -76.187312, 36.682891 ], [ -76.187141, 36.683591 ], [ -76.186249, 36.687016 ], [ -76.185379, 36.690387 ], [ -76.185209, 36.691029 ], [ -76.185161, 36.691151 ], [ -76.185065, 36.691368 ], [ -76.184796, 36.691813 ], [ -76.183646, 36.693629 ], [ -76.183475, 36.693956 ], [ -76.183379, 36.69431 ], [ -76.183371, 36.694592 ], [ -76.183424, 36.69488 ], [ -76.183513, 36.695177 ], [ -76.184539, 36.698006 ], [ -76.184772, 36.698644 ], [ -76.184812, 36.698688 ], [ -76.185205, 36.699784 ], [ -76.185277, 36.700011 ], [ -76.185361, 36.700389 ], [ -76.185366, 36.700434 ], [ -76.18545, 36.70195 ], [ -76.185447, 36.702497 ], [ -76.18553, 36.704464 ], [ -76.185558, 36.706021 ], [ -76.18544, 36.710225 ], [ -76.185398, 36.712141 ], [ -76.185338, 36.713219 ], [ -76.185321, 36.714589 ], [ -76.185494, 36.716305 ], [ -76.185823, 36.719163 ], [ -76.186358, 36.723433 ], [ -76.186388, 36.723685 ], [ -76.186409, 36.723897 ], [ -76.187424, 36.731598 ], [ -76.187468, 36.732269 ], [ -76.187459, 36.732448 ], [ -76.187384, 36.732793 ], [ -76.187221, 36.733214 ], [ -76.18713, 36.733402 ], [ -76.186958, 36.733681 ], [ -76.18588, 36.7351 ], [ -76.185663, 36.735401 ], [ -76.185468, 36.735744 ], [ -76.185393, 36.735973 ], [ -76.185361, 36.736131 ], [ -76.185193, 36.738942 ], [ -76.187975, 36.739521 ], [ -76.188939, 36.739689 ], [ -76.189191, 36.739696 ], [ -76.189548, 36.739631 ], [ -76.191625, 36.738912 ], [ -76.19322, 36.738442 ], [ -76.19415, 36.738179 ], [ -76.194689, 36.73807 ], [ -76.195409, 36.737961 ], [ -76.196613, 36.737876 ], [ -76.197086, 36.737823 ], [ -76.197337, 36.737764 ], [ -76.198438, 36.73748 ], [ -76.199413, 36.737193 ], [ -76.199627, 36.73709 ], [ -76.199788, 36.736964 ], [ -76.199988, 36.736692 ], [ -76.20191, 36.737242 ], [ -76.20282, 36.737508 ], [ -76.205505, 36.738283 ], [ -76.205734, 36.738346 ], [ -76.206774, 36.738631 ], [ -76.206909, 36.738668 ], [ -76.209053, 36.739241 ], [ -76.212604, 36.740192 ], [ -76.212381, 36.740591 ], [ -76.212048, 36.741349 ], [ -76.211926, 36.741745 ], [ -76.21184, 36.742108 ], [ -76.211781, 36.742479 ], [ -76.211749, 36.742849 ], [ -76.210695, 36.742823 ], [ -76.210713, 36.744401 ], [ -76.210717, 36.745158 ], [ -76.210751, 36.745529 ], [ -76.210792, 36.745727 ], [ -76.210299, 36.745784 ], [ -76.2098, 36.745821 ], [ -76.209297, 36.745835 ], [ -76.208799, 36.745831 ], [ -76.208298, 36.745804 ], [ -76.208356, 36.74716 ], [ -76.211115, 36.74656 ], [ -76.211332, 36.746851 ], [ -76.211573, 36.74713 ], [ -76.211103, 36.747414 ], [ -76.210664, 36.747721 ], [ -76.21038, 36.747953 ], [ -76.210015, 36.748286 ], [ -76.209242, 36.74778 ], [ -76.208735, 36.747722 ], [ -76.206372, 36.747627 ], [ -76.206048, 36.74758 ], [ -76.205602, 36.747443 ], [ -76.205185, 36.747357 ], [ -76.205002, 36.747305 ], [ -76.20477, 36.747185 ], [ -76.204296, 36.746845 ], [ -76.204144, 36.746777 ], [ -76.203852, 36.746719 ], [ -76.203692, 36.746703 ], [ -76.203361, 36.746708 ], [ -76.202926, 36.746744 ], [ -76.202666, 36.746783 ], [ -76.20179, 36.746837 ], [ -76.201358, 36.746904 ], [ -76.201202, 36.746971 ], [ -76.201077, 36.747067 ], [ -76.20102, 36.747131 ], [ -76.200655, 36.747691 ], [ -76.200502, 36.747893 ], [ -76.199733, 36.748809 ], [ -76.19955, 36.748994 ], [ -76.199462, 36.749193 ], [ -76.199388, 36.749279 ], [ -76.199307, 36.749361 ], [ -76.199115, 36.749503 ], [ -76.198896, 36.749618 ], [ -76.198665, 36.749717 ], [ -76.197366, 36.750212 ], [ -76.192611, 36.751975 ], [ -76.192056, 36.752163 ], [ -76.191698, 36.752257 ], [ -76.191179, 36.752363 ], [ -76.190418, 36.752452 ], [ -76.189307, 36.752506 ], [ -76.187263, 36.752522 ], [ -76.184531, 36.752603 ], [ -76.184473, 36.754621 ], [ -76.184492, 36.755015 ], [ -76.182265, 36.755188 ], [ -76.18075, 36.755335 ], [ -76.17985, 36.7557 ], [ -76.179063, 36.75571 ], [ -76.178909, 36.755697 ], [ -76.178808, 36.755777 ], [ -76.178015, 36.755911 ], [ -76.177562, 36.756227 ], [ -76.176488, 36.756803 ], [ -76.174374, 36.758389 ], [ -76.172797, 36.757617 ], [ -76.170182, 36.758005 ], [ -76.168731, 36.758651 ], [ -76.164925, 36.759788 ], [ -76.164513, 36.759824 ], [ -76.164504, 36.759968 ], [ -76.164367, 36.760056 ], [ -76.164079, 36.760068 ], [ -76.163449, 36.760164 ], [ -76.169802, 36.761092 ], [ -76.17753, 36.762356 ], [ -76.179061, 36.762583 ], [ -76.180858, 36.762836 ], [ -76.18179, 36.763087 ], [ -76.1836, 36.763391 ], [ -76.183641, 36.763396 ], [ -76.186531, 36.763747 ], [ -76.18716, 36.764095 ], [ -76.188551, 36.764748 ], [ -76.189658, 36.765109 ], [ -76.191515, 36.765711 ], [ -76.195246, 36.76692 ], [ -76.201422, 36.768925 ], [ -76.203598, 36.769633 ], [ -76.203667, 36.769655 ], [ -76.2037, 36.769742 ], [ -76.203788, 36.769525 ], [ -76.203953, 36.769039 ], [ -76.204041, 36.768626 ], [ -76.204074, 36.768274 ], [ -76.20406, 36.767871 ], [ -76.204002, 36.767134 ], [ -76.203991, 36.766989 ], [ -76.203898, 36.765717 ], [ -76.203834, 36.765023 ], [ -76.2037, 36.764265 ], [ -76.203668, 36.763826 ], [ -76.203678, 36.763329 ], [ -76.203715, 36.763021 ], [ -76.203928, 36.763068 ], [ -76.204506, 36.763265 ], [ -76.207298, 36.764334 ], [ -76.21025, 36.765417 ], [ -76.212573, 36.76632 ], [ -76.214202, 36.766952 ], [ -76.214534, 36.766383 ], [ -76.214584, 36.766306 ], [ -76.21402, 36.766096 ], [ -76.213815, 36.765987 ], [ -76.213712, 36.765894 ], [ -76.213598, 36.76571 ], [ -76.213565, 36.765566 ], [ -76.213572, 36.765435 ], [ -76.214264, 36.763209 ], [ -76.214375, 36.763043 ], [ -76.214522, 36.762915 ], [ -76.214778, 36.762798 ], [ -76.21532, 36.762623 ], [ -76.215552, 36.762506 ], [ -76.215731, 36.762353 ], [ -76.215822, 36.762257 ], [ -76.215901, 36.762142 ], [ -76.216843, 36.759768 ], [ -76.216882, 36.759608 ], [ -76.216928, 36.7591 ], [ -76.216963, 36.758958 ], [ -76.21789, 36.75605 ], [ -76.218036, 36.755765 ], [ -76.218142, 36.75562 ], [ -76.218517, 36.755188 ], [ -76.218733, 36.754825 ], [ -76.219634, 36.753236 ], [ -76.219698, 36.753172 ], [ -76.219843, 36.753089 ], [ -76.220012, 36.753045 ], [ -76.220132, 36.753035 ], [ -76.22488, 36.753087 ], [ -76.224879, 36.75277 ], [ -76.224832, 36.75238 ], [ -76.224734, 36.751906 ], [ -76.22456, 36.75134 ], [ -76.224452, 36.751052 ], [ -76.222416, 36.746338 ], [ -76.222112, 36.745634 ], [ -76.221884, 36.745174 ], [ -76.221632, 36.744789 ], [ -76.22126, 36.744331 ], [ -76.223182, 36.743472 ], [ -76.223776, 36.743203 ], [ -76.224205, 36.743014 ], [ -76.224891, 36.742682 ], [ -76.225578, 36.742308 ], [ -76.226267, 36.741886 ], [ -76.226637, 36.742378 ], [ -76.22696, 36.742905 ], [ -76.227156, 36.743319 ], [ -76.227235, 36.743618 ], [ -76.227344, 36.74375 ], [ -76.227451, 36.744056 ], [ -76.227608, 36.744387 ], [ -76.22782, 36.744739 ], [ -76.227961, 36.744931 ], [ -76.228647, 36.74562 ], [ -76.229409, 36.746178 ], [ -76.231082, 36.747063 ], [ -76.234329, 36.748773 ], [ -76.2356, 36.74945 ], [ -76.235792, 36.749543 ], [ -76.235903, 36.74956 ], [ -76.236057, 36.749616 ], [ -76.236205, 36.749763 ], [ -76.236282, 36.749787 ], [ -76.236442, 36.74978 ], [ -76.236481, 36.749765 ], [ -76.23654, 36.7497 ], [ -76.236552, 36.749602 ], [ -76.23654, 36.749545 ], [ -76.236512, 36.749492 ], [ -76.236455, 36.749465 ], [ -76.236289, 36.749452 ], [ -76.236332, 36.749398 ], [ -76.2365, 36.749079 ], [ -76.236754, 36.748277 ], [ -76.237085, 36.747313 ], [ -76.237817, 36.74732 ], [ -76.238304, 36.747421 ], [ -76.239023, 36.747662 ], [ -76.239192, 36.747557 ], [ -76.241465, 36.747404 ], [ -76.245211, 36.747434 ], [ -76.245887, 36.749293 ], [ -76.246156, 36.7492 ], [ -76.246452, 36.749143 ], [ -76.246736, 36.749108 ], [ -76.247595, 36.749036 ], [ -76.247932, 36.748989 ], [ -76.248221, 36.748972 ], [ -76.248418, 36.748907 ], [ -76.24855, 36.748817 ], [ -76.24868, 36.748808 ], [ -76.248833, 36.74869 ], [ -76.24899, 36.748604 ], [ -76.249282, 36.748404 ], [ -76.24987, 36.747695 ], [ -76.250908, 36.746383 ], [ -76.251921, 36.745042 ], [ -76.251691, 36.744919 ], [ -76.251784, 36.744779 ], [ -76.251915, 36.744778 ], [ -76.252109, 36.744731 ], [ -76.252399, 36.744363 ], [ -76.253121, 36.743365 ], [ -76.253145, 36.743275 ], [ -76.253126, 36.743165 ], [ -76.253088, 36.7431 ], [ -76.253274, 36.742767 ], [ -76.253426, 36.742562 ], [ -76.256215, 36.744312 ], [ -76.256587, 36.744545 ], [ -76.257371, 36.745174 ], [ -76.257881, 36.745687 ], [ -76.258353, 36.746241 ], [ -76.258733, 36.746787 ], [ -76.259134, 36.747556 ], [ -76.259538, 36.748191 ], [ -76.260357, 36.749158 ], [ -76.260935, 36.74979 ], [ -76.261694, 36.750584 ], [ -76.262727, 36.751569 ], [ -76.263642, 36.752373 ], [ -76.265643, 36.753988 ], [ -76.265933, 36.754228 ], [ -76.266431, 36.754701 ], [ -76.267016, 36.755492 ], [ -76.267176, 36.755833 ], [ -76.267215, 36.755923 ], [ -76.267309, 36.755852 ], [ -76.267646, 36.755657 ], [ -76.268203, 36.755405 ], [ -76.268421, 36.755317 ], [ -76.268847, 36.755202 ], [ -76.269394, 36.754967 ], [ -76.269787, 36.754829 ], [ -76.270235, 36.754694 ], [ -76.271636, 36.754172 ], [ -76.271683, 36.754329 ], [ -76.273364, 36.753719 ], [ -76.273969, 36.75346 ], [ -76.277449, 36.75212 ], [ -76.278272, 36.751782 ], [ -76.279269, 36.751316 ], [ -76.280039, 36.750911 ], [ -76.28097, 36.750362 ], [ -76.281443, 36.750055 ], [ -76.282468, 36.749321 ], [ -76.283087, 36.748828 ], [ -76.28336, 36.748592 ], [ -76.283907, 36.748091 ], [ -76.284484, 36.747509 ], [ -76.285676, 36.746221 ], [ -76.290716, 36.740776 ], [ -76.292126, 36.739222 ], [ -76.294262, 36.736918 ], [ -76.29484, 36.736295 ], [ -76.294901, 36.736347 ], [ -76.296129, 36.737389 ], [ -76.297608, 36.740176 ], [ -76.298196, 36.741868 ], [ -76.296776, 36.744457 ], [ -76.297265, 36.746599 ], [ -76.297362, 36.747348 ], [ -76.295062, 36.752448 ], [ -76.295162, 36.753448 ], [ -76.29766, 36.757861 ], [ -76.297776, 36.758067 ], [ -76.297833, 36.758152 ], [ -76.299679, 36.762026 ], [ -76.298586, 36.767037 ], [ -76.295263, 36.774055 ], [ -76.295037, 36.774905 ], [ -76.295077, 36.775176 ], [ -76.295091, 36.775231 ], [ -76.295862, 36.776338 ], [ -76.297118, 36.776944 ], [ -76.306551, 36.777602 ], [ -76.308761, 36.779141 ], [ -76.308666, 36.779568 ], [ -76.308463, 36.780448 ], [ -76.304562, 36.784548 ], [ -76.303362, 36.786548 ], [ -76.303262, 36.789548 ], [ -76.302862, 36.790748 ], [ -76.297362, 36.792548 ], [ -76.292828, 36.797154 ], [ -76.292144, 36.798663 ], [ -76.291562, 36.799948 ], [ -76.290662, 36.804548 ], [ -76.290138, 36.808223 ], [ -76.290061, 36.808742 ], [ -76.290394, 36.811641 ], [ -76.291262, 36.818448 ], [ -76.290962, 36.819277 ], [ -76.289962, 36.822048 ], [ -76.289462, 36.822048 ], [ -76.288068, 36.821966 ], [ -76.286742, 36.821975 ], [ -76.286357, 36.82201 ], [ -76.286165, 36.822062 ], [ -76.28595, 36.822142 ], [ -76.285612, 36.822151 ], [ -76.28505, 36.822099 ], [ -76.28433, 36.821991 ], [ -76.282003, 36.822929 ], [ -76.281262, 36.823048 ], [ -76.280615, 36.823191 ], [ -76.280357, 36.823249 ], [ -76.280109, 36.823299 ], [ -76.279862, 36.823348 ], [ -76.279725, 36.823429 ], [ -76.279365, 36.823644 ], [ -76.278769, 36.824046 ], [ -76.278143, 36.824278 ], [ -76.277959, 36.824347 ], [ -76.276963, 36.824892 ], [ -76.277035, 36.824967 ], [ -76.27635, 36.825932 ], [ -76.275888, 36.82655 ], [ -76.275804, 36.826651 ], [ -76.275367, 36.827178 ], [ -76.275185, 36.827417 ], [ -76.27471, 36.828039 ], [ -76.273021, 36.827379 ], [ -76.272416, 36.82714 ], [ -76.272198, 36.827049 ], [ -76.269825, 36.826114 ], [ -76.269068, 36.825808 ], [ -76.268284, 36.825496 ], [ -76.267477, 36.825189 ], [ -76.26672, 36.824888 ], [ -76.265892, 36.824564 ], [ -76.265218, 36.824296 ], [ -76.265098, 36.824248 ], [ -76.264301, 36.823916 ], [ -76.263511, 36.823593 ], [ -76.262492, 36.823174 ], [ -76.262083, 36.823005 ], [ -76.261014, 36.82261 ], [ -76.260647, 36.822475 ], [ -76.260416, 36.822384 ], [ -76.25957, 36.822021 ], [ -76.258946, 36.821724 ], [ -76.257475, 36.820757 ], [ -76.256344, 36.821953 ], [ -76.253431, 36.824888 ], [ -76.252851, 36.825474 ], [ -76.250742, 36.827532 ], [ -76.249593, 36.828767 ], [ -76.24926, 36.829147 ], [ -76.248274, 36.830105 ], [ -76.247086, 36.831325000000113 ], [ -76.246673, 36.831726 ], [ -76.246058, 36.832438 ], [ -76.24572, 36.832886 ], [ -76.245533, 36.833173 ], [ -76.244917, 36.834266 ], [ -76.24455, 36.83497 ], [ -76.243765, 36.836862 ], [ -76.24196, 36.837147 ], [ -76.241405, 36.834301 ], [ -76.241304, 36.833768 ], [ -76.240976, 36.833037 ], [ -76.240629, 36.832643 ], [ -76.240038, 36.832231 ], [ -76.238262, 36.831088 ], [ -76.237747, 36.83082 ], [ -76.237048, 36.830778 ], [ -76.235997, 36.830515 ], [ -76.234873, 36.829578 ], [ -76.234188, 36.828668 ], [ -76.233898, 36.827609 ], [ -76.233653, 36.826243 ], [ -76.233569, 36.825471 ], [ -76.233654, 36.825218 ], [ -76.233832, 36.824843 ], [ -76.234151, 36.824524 ], [ -76.234535, 36.824337 ], [ -76.235041, 36.824253 ], [ -76.235407, 36.824215 ], [ -76.236185, 36.824037 ], [ -76.236515, 36.823839 ], [ -76.236793, 36.823362 ], [ -76.237376, 36.822181 ], [ -76.238116, 36.821149 ], [ -76.238548, 36.820906 ], [ -76.238998, 36.820737 ], [ -76.239373, 36.820699 ], [ -76.239973, 36.820531 ], [ -76.240404, 36.820381 ], [ -76.241285, 36.819968 ], [ -76.241477, 36.819776 ], [ -76.241773, 36.819481 ], [ -76.241979, 36.819049 ], [ -76.242016, 36.818712 ], [ -76.242016, 36.818449 ], [ -76.241713, 36.817331 ], [ -76.242241, 36.815984 ], [ -76.24366, 36.814447 ], [ -76.24376, 36.813847 ], [ -76.243561, 36.813308 ], [ -76.243205, 36.812629 ], [ -76.243165, 36.812553 ], [ -76.242893, 36.812215 ], [ -76.242776, 36.812042 ], [ -76.242691, 36.811868 ], [ -76.24264, 36.811713 ], [ -76.242635, 36.811451 ], [ -76.242748, 36.811156 ], [ -76.243048, 36.811146 ], [ -76.24331, 36.811156 ], [ -76.243554, 36.811193 ], [ -76.243713, 36.811137 ], [ -76.243854, 36.810987 ], [ -76.244079, 36.810359 ], [ -76.244229, 36.810228 ], [ -76.244463, 36.810096 ], [ -76.244707, 36.810068 ], [ -76.244791, 36.810021 ], [ -76.244923, 36.809843 ], [ -76.244951, 36.809703 ], [ -76.244923, 36.809562 ], [ -76.244802, 36.809434 ], [ -76.244477, 36.809346 ], [ -76.244098, 36.809154 ], [ -76.243544, 36.808751 ], [ -76.243076, 36.808301 ], [ -76.242944, 36.808203 ], [ -76.242809, 36.80817 ], [ -76.242673, 36.808207 ], [ -76.242523, 36.808587 ], [ -76.242387, 36.808713 ], [ -76.241965, 36.808995 ], [ -76.241852, 36.809131 ], [ -76.241871, 36.809243 ], [ -76.242035, 36.809454 ], [ -76.242044, 36.809562 ], [ -76.242012, 36.809604 ], [ -76.241899, 36.809623 ], [ -76.241787, 36.809581 ], [ -76.241599, 36.809398 ], [ -76.24143, 36.809267 ], [ -76.241276, 36.809196 ], [ -76.241004, 36.809056 ], [ -76.240685, 36.809009 ], [ -76.240451, 36.808887 ], [ -76.240245, 36.808859 ], [ -76.239973, 36.808896 ], [ -76.239795, 36.80899 ], [ -76.239626, 36.809046 ], [ -76.239185, 36.808878 ], [ -76.238885, 36.808709 ], [ -76.23837, 36.808475 ], [ -76.238295, 36.8084 ], [ -76.238257, 36.808278 ], [ -76.238238, 36.808109 ], [ -76.238145, 36.807996 ], [ -76.237995, 36.807921 ], [ -76.23792, 36.807912 ], [ -76.237868, 36.807939 ], [ -76.237741, 36.808006 ], [ -76.237657, 36.808287 ], [ -76.237526, 36.808343 ], [ -76.237188, 36.808268 ], [ -76.236298, 36.808198 ], [ -76.235951, 36.808348 ], [ -76.235787, 36.80839 ], [ -76.235641, 36.808409 ], [ -76.235388, 36.808376 ], [ -76.23514, 36.808522 ], [ -76.234999, 36.80855 ], [ -76.234685, 36.808559 ], [ -76.234512, 36.808582 ], [ -76.234123, 36.808686 ], [ -76.233926, 36.8087 ], [ -76.233748, 36.808671 ], [ -76.233599, 36.808613 ], [ -76.233469, 36.808549 ], [ -76.233438, 36.808479 ], [ -76.23341, 36.808264 ], [ -76.233438, 36.808048 ], [ -76.233349, 36.807889 ], [ -76.232956, 36.80765 ], [ -76.232726, 36.807448 ], [ -76.232618, 36.807406 ], [ -76.232473, 36.807373 ], [ -76.232163, 36.807247 ], [ -76.231995, 36.807082 ], [ -76.23066, 36.806348 ], [ -76.229974, 36.805877 ], [ -76.22928, 36.806302 ], [ -76.228479, 36.806833 ], [ -76.228134, 36.80706 ], [ -76.227199, 36.80768 ], [ -76.226534, 36.808127 ], [ -76.225857, 36.808582 ], [ -76.225202, 36.80901 ], [ -76.225308, 36.809137 ], [ -76.225428, 36.809341 ], [ -76.225494, 36.809654 ], [ -76.225489, 36.809909 ], [ -76.225437, 36.810168 ], [ -76.225408, 36.810468 ], [ -76.225456, 36.81079 ], [ -76.225535, 36.810999 ], [ -76.225937, 36.81184 ], [ -76.226285, 36.812562 ], [ -76.22384, 36.813184 ], [ -76.223661, 36.813222 ], [ -76.223522, 36.813316 ], [ -76.222484, 36.81487 ], [ -76.222458, 36.814949 ], [ -76.222449, 36.815134 ], [ -76.222636, 36.815628 ], [ -76.222167, 36.815746 ], [ -76.222075, 36.815758 ], [ -76.221887, 36.815739 ], [ -76.221572, 36.815657 ], [ -76.22235, 36.817614 ], [ -76.222705, 36.818541 ], [ -76.223164, 36.819813 ], [ -76.223249, 36.819972 ], [ -76.223591, 36.820793 ], [ -76.2242, 36.82249 ], [ -76.22452, 36.823375 ], [ -76.224921, 36.824481 ], [ -76.225154, 36.824846 ], [ -76.225814, 36.826543 ], [ -76.226084, 36.827266 ], [ -76.226833, 36.829275 ], [ -76.227599, 36.831442 ], [ -76.227756, 36.831895 ], [ -76.227757, 36.831981 ], [ -76.22806, 36.832874 ], [ -76.22776, 36.833847 ], [ -76.226142, 36.835839 ], [ -76.22516, 36.837047 ], [ -76.22616, 36.839247 ], [ -76.22606, 36.839947 ], [ -76.22306, 36.837747 ], [ -76.21876, 36.835147 ], [ -76.21726, 36.833547 ], [ -76.213959, 36.832347 ], [ -76.210654, 36.832869 ], [ -76.210412, 36.832907 ], [ -76.210158, 36.832947 ], [ -76.206859, 36.832647 ], [ -76.205493, 36.831207 ], [ -76.204563, 36.830487 ], [ -76.203344, 36.830056 ], [ -76.201389, 36.829409 ], [ -76.200159, 36.827948 ], [ -76.197259, 36.828148 ], [ -76.195799, 36.829672 ], [ -76.19575, 36.829723 ], [ -76.19543, 36.829828 ], [ -76.194742, 36.829967 ], [ -76.194737, 36.830055 ], [ -76.194727, 36.830955 ], [ -76.194846, 36.831259 ], [ -76.194874, 36.831405 ], [ -76.194919, 36.831937 ], [ -76.194928, 36.832264 ], [ -76.194981, 36.832934 ], [ -76.194953, 36.833121 ], [ -76.193557, 36.83559 ], [ -76.193059, 36.836448 ], [ -76.192202, 36.838076 ], [ -76.191843, 36.838775 ], [ -76.191659, 36.839153 ], [ -76.191454, 36.839435 ], [ -76.190595, 36.840172 ], [ -76.19046, 36.840279 ], [ -76.189779, 36.840772 ], [ -76.189529, 36.841003 ], [ -76.189378, 36.841106 ], [ -76.18885, 36.841437 ], [ -76.187763, 36.842045 ], [ -76.187694, 36.842082 ], [ -76.187624, 36.842118 ], [ -76.187369, 36.842244 ], [ -76.186497, 36.842598 ], [ -76.186234, 36.84274 ], [ -76.186077, 36.842851 ], [ -76.185814, 36.843083 ], [ -76.184637, 36.844331 ], [ -76.184591, 36.84438 ], [ -76.183215, 36.845839 ], [ -76.183058, 36.846003 ], [ -76.182918, 36.846149 ], [ -76.181883, 36.847241 ], [ -76.180753, 36.848433 ], [ -76.180512, 36.848668 ], [ -76.179467, 36.849683 ], [ -76.179342, 36.849865 ], [ -76.179097, 36.850324 ], [ -76.179003, 36.850571 ], [ -76.178573, 36.851453 ], [ -76.178106, 36.852498 ], [ -76.177852, 36.853427 ], [ -76.177672, 36.8542 ], [ -76.177637, 36.854364 ], [ -76.177108, 36.856205 ], [ -76.176905, 36.856971 ], [ -76.177005, 36.857021 ], [ -76.177458, 36.857247 ], [ -76.178592, 36.85786 ], [ -76.179558, 36.858247 ], [ -76.179694, 36.858315 ], [ -76.180758, 36.858847 ], [ -76.181858, 36.859347 ], [ -76.182959, 36.859947 ], [ -76.185159, 36.860947 ], [ -76.185122, 36.861209 ], [ -76.185059, 36.861647 ], [ -76.185318, 36.86177 ], [ -76.186959, 36.862547 ], [ -76.187033, 36.862547 ], [ -76.188959, 36.862547 ], [ -76.189759, 36.862447 ], [ -76.190259, 36.863247 ], [ -76.191759, 36.863747 ], [ -76.192843, 36.864691 ], [ -76.193259, 36.865247 ], [ -76.193202, 36.865336 ], [ -76.192559, 36.866347 ], [ -76.191459, 36.867047 ], [ -76.190359, 36.869347 ], [ -76.189852, 36.873644 ], [ -76.188571, 36.873648 ], [ -76.188443, 36.874108 ], [ -76.188569, 36.87419 ], [ -76.189285, 36.874681 ], [ -76.189794, 36.875062 ], [ -76.192865, 36.877175 ], [ -76.193015, 36.877298 ], [ -76.193122, 36.877425 ], [ -76.193329, 36.877919 ], [ -76.195559, 36.881947 ], [ -76.197459, 36.884902 ], [ -76.19752, 36.884975 ], [ -76.197589, 36.885097 ], [ -76.197691, 36.885277 ], [ -76.198459, 36.886642 ], [ -76.196459, 36.889647 ], [ -76.193959, 36.893847 ], [ -76.192559, 36.895047 ], [ -76.188285, 36.899756 ], [ -76.182076, 36.906597 ], [ -76.182012, 36.906668 ], [ -76.182062, 36.906685 ], [ -76.182769, 36.906999 ], [ -76.183109, 36.907191 ], [ -76.183464, 36.907435 ], [ -76.183774, 36.907686 ], [ -76.18414, 36.908019 ], [ -76.185148, 36.90909 ], [ -76.185507, 36.90946 ], [ -76.185758, 36.909689 ], [ -76.186013, 36.909884 ], [ -76.187011, 36.91055 ], [ -76.1892, 36.912034 ], [ -76.189574, 36.912352 ], [ -76.18981, 36.912629 ], [ -76.189943, 36.912814 ], [ -76.190231, 36.91329 ], [ -76.192531, 36.918035 ], [ -76.19258, 36.918184 ], [ -76.192521, 36.918232 ], [ -76.19113, 36.918519 ], [ -76.190384, 36.918657 ], [ -76.190317, 36.918638 ], [ -76.190151, 36.918632 ], [ -76.190001, 36.918636 ], [ -76.189848, 36.918668 ], [ -76.189772, 36.918701 ], [ -76.189745, 36.918731 ], [ -76.189746, 36.918829 ], [ -76.18915, 36.918978 ], [ -76.187923, 36.921865 ], [ -76.187759, 36.922247 ], [ -76.187509, 36.922912 ], [ -76.183419, 36.922595 ], [ -76.183488, 36.922071 ], [ -76.182472, 36.921766 ], [ -76.179467, 36.921179 ], [ -76.176765, 36.921031 ], [ -76.176325, 36.922006 ], [ -76.177092, 36.930054 ], [ -76.177246, 36.931669 ], [ -76.181426, 36.931768 ], [ -76.181159, 36.933147 ], [ -76.180825, 36.934672 ], [ -76.179803, 36.939347 ], [ -76.177663, 36.948001 ], [ -76.177275, 36.94957 ], [ -76.158378, 36.990129 ], [ -76.153712, 37.000146 ], [ -76.133872, 37.040886 ], [ -76.133748, 37.041142 ], [ -76.133981, 37.056083 ], [ -76.134941, 37.117603 ], [ -76.135016, 37.125142 ], [ -76.13552, 37.19197 ], [ -76.13586, 37.232018 ], [ -76.136301, 37.282137 ], [ -76.136307, 37.28279 ], [ -76.13716, 37.375135 ], [ -76.138222, 37.426364 ], [ -76.139069847554651, 37.466884993895135 ], [ -76.139110808883714, 37.468813994892507 ], [ -76.139760182251962, 37.500133011234752 ], [ -76.140841668813678, 37.542221077539018 ], [ -76.140851664344439, 37.542588078112843 ], [ -76.151717113261867, 37.585969196990369 ], [ -76.161538635686981, 37.625132288327336 ], [ -76.162577634106398, 37.625132293109203 ], [ -76.168130401043996, 37.644820335456465 ], [ -76.175692092366859, 37.671627386156523 ], [ -76.198130245977211, 37.750131488182305 ], [ -76.205232926622543, 37.775077342627213 ], [ -76.233719627918731, 37.875127753088329 ], [ -76.23643247821289, 37.886486684579111 ], [ -76.236460476642549, 37.886605683860054 ], [ -76.233417460170969, 37.887638671353869 ], [ -76.124662838896185, 37.92870820487272 ], [ -76.052022480856451, 37.953577917211675 ], [ -76.05196548082607, 37.953577917109008 ], [ -76.050256479877959, 37.953580914015163 ], [ -76.045542476631795, 37.953639905167385 ], [ -76.043284472681833, 37.953860899738771 ], [ -76.041692470146089, 37.953996896034695 ], [ -76.041679470623706, 37.953957896252142 ], [ -76.041552470953803, 37.953925896221286 ], [ -76.041468469865691, 37.954009895551451 ], [ -76.038025468472554, 37.953974889574141 ], [ -76.030122468258512, 37.95365287734024 ], [ -76.029981467268442, 37.953726876630903 ], [ -76.029406466369068, 37.953774875300773 ], [ -76.028134466594452, 37.953701873461419 ], [ -76.027209465855066, 37.95372187167407 ], [ -76.026680465697012, 37.953711870783749 ], [ -76.025352464891498, 37.953719868345097 ], [ -76.024412464699651, 37.953694866807496 ], [ -76.022312462164265, 37.953809862322167 ], [ -76.022250463856949, 37.953669863070864 ], [ -76.022112465052984, 37.953566863455563 ], [ -76.021432464764516, 37.953560862268709 ], [ -76.021203464864229, 37.953542861967215 ], [ -76.020842465571079, 37.953469861765917 ], [ -76.020775465288978, 37.953489861522435 ], [ -76.020773464487164, 37.953554861119599 ], [ -76.020835461440484, 37.953804859695545 ], [ -76.017563462013428, 37.953616854962618 ], [ -76.011608458804346, 37.953619844228299 ], [ -76.008759457053827, 37.953638838985341 ], [ -76.005809455972425, 37.953598833921781 ], [ -76.00351045471082, 37.95360182976647 ], [ -76.002964454407689, 37.953602828777832 ], [ -76.001010454160905, 37.95353782565887 ], [ -75.999657453171622, 37.953521824461184 ], [ -75.999283453180368, 37.953462825409929 ], [ -75.996880448334636, 37.953484829056912 ], [ -75.995210445571615, 37.953450831891359 ], [ -75.994741444567978, 37.953459832574502 ], [ -75.993339441565809, 37.953486834616939 ], [ -75.983273440969285, 37.951995859378734 ], [ -75.94369444287652, 37.946132954569336 ], [ -75.95267396625529, 37.906827167152443 ], [ -75.902677860989712, 37.910060210998182 ], [ -75.895912846390175, 37.910497217118923 ], [ -75.88294081815333, 37.91133522897892 ], [ -75.874655806598454, 37.911397239086348 ], [ -75.813908718620397, 37.912039312546106 ], [ -75.801241700114687, 37.912174327932071 ], [ -75.801210699817389, 37.912191327892714 ], [ -75.783964481914282, 37.924910292539295 ], [ -75.76164319047615, 37.941366251673905 ], [ -75.749653126179695, 37.944126256682296 ], [ -75.742501091993276, 37.945773238204339 ], [ -75.739910080453015, 37.946319231893895 ], [ -75.735385058816433, 37.947370220721091 ], [ -75.727640021214654, 37.949216202133961 ], [ -75.721837993642765, 37.95057018890288 ], [ -75.717114970417072, 37.951728178323336 ], [ -75.714438956844788, 37.952413172393776 ], [ -75.709943935675611, 37.953463162994787 ], [ -75.70586991688829, 37.95439315479706 ], [ -75.704634910846622, 37.954698152295087 ], [ -75.703795908485276, 37.954793150919905 ], [ -75.699000899622092, 37.955038143937976 ], [ -75.695646892697809, 37.9552571389791 ], [ -75.693162888150582, 37.955382135427044 ], [ -75.691321884454425, 37.955496132756622 ], [ -75.690351887483985, 37.95523313211185 ], [ -75.683447902672413, 37.953769126187183 ], [ -75.677389918371247, 37.952321120773931 ], [ -75.673060928686155, 37.951340116467165 ], [ -75.670449935505786, 37.950707113809578 ], [ -75.66780594200489, 37.950091110970504 ], [ -75.665300948084152, 37.949511108179458 ], [ -75.66295496218477, 37.948413106297529 ], [ -75.661332969237094, 37.947830104650635 ], [ -75.657027991634351, 37.946035100304961 ], [ -75.655681999229643, 37.945433098895897 ], [ -75.655064997382425, 37.945509097803502 ], [ -75.652169985319645, 37.946091092463732 ], [ -75.648214969245501, 37.946862085366305 ], [ -75.647700967147912, 37.946963084457394 ], [ -75.647606966108313, 37.9470250842488 ], [ -75.647769867564719, 37.953575078037922 ], [ -75.648103737580854, 37.962221069864647 ], [ -75.648133703796631, 37.964464067656714 ], [ -75.648145690119819, 37.965372066761624 ], [ -75.648159673339208, 37.966486065661741 ], [ -75.648228669109272, 37.966771065441783 ], [ -75.64704065266919, 37.967786063345251 ], [ -75.64584263801504, 37.968683061426027 ], [ -75.644725620519381, 37.969775059470578 ], [ -75.643739, 37.971337 ], [ -75.642833, 37.974229 ], [ -75.641816, 37.975974 ], [ -75.640914, 37.977235 ], [ -75.639302, 37.978715 ], [ -75.638222, 37.979395 ], [ -75.637319, 37.979723 ], [ -75.636677, 37.979685 ], [ -75.636278, 37.979633 ], [ -75.635735, 37.979534 ], [ -75.635485, 37.979374 ], [ -75.634787, 37.978637 ], [ -75.634209, 37.97767 ], [ -75.632008, 37.976018 ], [ -75.631406, 37.975762 ], [ -75.630991, 37.975665 ], [ -75.630296, 37.975714 ], [ -75.629532, 37.975963 ], [ -75.628839, 37.976787 ], [ -75.628853, 37.977795 ], [ -75.629093, 37.978244 ], [ -75.629954, 37.979036 ], [ -75.631433, 37.980497 ], [ -75.632594, 37.981732 ], [ -75.633712, 37.983055 ], [ -75.633979, 37.983553 ], [ -75.633832, 37.984517 ], [ -75.633412, 37.985428 ], [ -75.632532, 37.986691 ], [ -75.630868, 37.987816 ], [ -75.629348, 37.988354 ], [ -75.627607, 37.988519 ], [ -75.626655, 37.988892 ], [ -75.625611, 37.989798 ], [ -75.625084, 37.990577 ], [ -75.624828, 37.99145 ], [ -75.624648, 37.9925 ], [ -75.624449, 37.994195 ], [ -75.624343, 37.994208 ], [ -75.623369, 37.994337 ], [ -75.622481, 37.994383 ], [ -75.621344, 37.994524 ], [ -75.620651, 37.994585 ], [ -75.614064, 37.995255 ], [ -75.60987, 37.995491 ], [ -75.602181, 37.996215 ], [ -75.600841, 37.996359 ], [ -75.60045, 37.996396 ], [ -75.599983, 37.996431 ], [ -75.59988, 37.996438 ], [ -75.599224, 37.996478 ], [ -75.598898, 37.996504 ], [ -75.586364, 37.997576 ], [ -75.581383, 37.997998 ], [ -75.575107, 37.998586 ], [ -75.572013, 37.99885 ], [ -75.568641, 37.999094 ], [ -75.568363, 37.99912 ], [ -75.567703, 37.999186 ], [ -75.56636, 37.999308 ], [ -75.559547, 37.999937 ], [ -75.556314, 38.000121 ], [ -75.545059, 38.001135 ], [ -75.541951, 38.001358 ], [ -75.541937, 38.001358 ], [ -75.541739, 38.001364 ], [ -75.539999, 38.001336 ], [ -75.530764, 38.002371 ], [ -75.530296, 38.002413 ], [ -75.52404, 38.002943 ], [ -75.519401, 38.003333 ], [ -75.509401, 38.004162 ], [ -75.508593, 38.004229 ], [ -75.504402, 38.004599 ], [ -75.502783, 38.004738 ], [ -75.499504, 38.005026 ], [ -75.493055, 38.005541 ], [ -75.490119, 38.005782 ], [ -75.488661, 38.005892 ], [ -75.486227, 38.006102 ], [ -75.482986, 38.006419 ], [ -75.474082, 38.007193 ], [ -75.469818, 38.007578 ], [ -75.468115, 38.007697 ], [ -75.467337, 38.007746 ], [ -75.461326, 38.008276 ], [ -75.459648, 38.008429 ], [ -75.45764, 38.008606 ], [ -75.449363, 38.009273 ], [ -75.448844, 38.009315 ], [ -75.442024, 38.009875 ], [ -75.438232, 38.010088 ], [ -75.436668, 38.010206 ], [ -75.435958, 38.010367 ], [ -75.4354, 38.01039 ], [ -75.430694, 38.010798 ], [ -75.429076, 38.010889 ], [ -75.428885, 38.010889 ], [ -75.428871, 38.01087 ], [ -75.428801, 38.010847 ], [ -75.428619, 38.01084 ], [ -75.427688, 38.010928 ], [ -75.425455, 38.011095 ], [ -75.422544, 38.011347 ], [ -75.415306, 38.011944 ], [ -75.411495, 38.012255 ], [ -75.404617, 38.012831 ], [ -75.399397, 38.01322 ], [ -75.398498, 38.013258 ], [ -75.398336, 38.01323 ], [ -75.397878, 38.013101 ], [ -75.397764, 38.013063 ], [ -75.396979, 38.013438 ], [ -75.394172, 38.013693 ], [ -75.393622, 38.013777 ], [ -75.392501, 38.013831 ], [ -75.388496, 38.014212 ], [ -75.37983, 38.014966 ], [ -75.377853, 38.015165 ], [ -75.375125, 38.015414 ], [ -75.374641, 38.015459 ], [ -75.323157, 38.020155 ], [ -75.284622, 38.023656 ], [ -75.283355, 38.023772 ], [ -75.27436, 38.024592 ], [ -75.263797, 38.0255 ], [ -75.262022, 38.025656 ], [ -75.260652, 38.025762 ], [ -75.256877, 38.02609 ], [ -75.255911, 38.026206 ], [ -75.252711, 38.026461 ], [ -75.250372, 38.026651 ], [ -75.249609, 38.026715 ], [ -75.242123, 38.027034 ], [ -75.240397, 38.027063 ], [ -75.223762, 38.02735 ], [ -75.168349, 38.027934 ], [ -75.166435, 38.027834 ], [ -75.177078, 38.01342 ], [ -75.188003, 38.000121 ], [ -75.238063589223614, 37.935390950156332 ], [ -75.24174861197541, 37.931532914181929 ], [ -75.249626700897309, 37.918628813212123 ], [ -75.253048751066402, 37.913736779828696 ], [ -75.256802812710518, 37.907871741771153 ], [ -75.259181850368947, 37.904332718766142 ], [ -75.263046924399418, 37.897088673996521 ], [ -75.265906984455228, 37.891126638087137 ], [ -75.27043507204074, 37.882602586477127 ], [ -75.274972151056986, 37.875124540783169 ], [ -75.27872621039927, 37.869668507077051 ], [ -75.281613252960994, 37.865845483252095 ], [ -75.285047301270652, 37.86158245656641 ], [ -75.288060345635628, 37.857624432279948 ], [ -75.291231399673137, 37.852619402811804 ], [ -75.29599547548446, 37.845752362220516 ], [ -75.303123566118927, 37.83816931546945 ], [ -75.312211266786434, 37.83061100818226 ], [ -75.320966341455957, 37.824978013491481 ], [ -75.327912399552403, 37.820668017612931 ], [ -75.337981475085186, 37.815231024939536 ], [ -75.349470526475088, 37.811981040234215 ], [ -75.36012755977255, 37.810185057292152 ], [ -75.366859571827405, 37.80978806998445 ], [ -75.374645573412508, 37.810319087429612 ], [ -75.380176578182088, 37.81040309901325 ], [ -75.386953568568501, 37.811723116776946 ], [ -75.393690552693187, 37.813515135986371 ], [ -75.399288530066684, 37.815724154245594 ], [ -75.405010499581991, 37.818531174764011 ], [ -75.409287472828908, 37.820918191137856 ], [ -75.417075478424252, 37.82104920809595 ], [ -75.460936190447342, 37.77135513019838 ], [ -75.461670233483929, 37.768250120795166 ], [ -75.463411293825558, 37.763985109092502 ], [ -75.464769354499353, 37.75966209643471 ], [ -75.467282404541095, 37.756273088877144 ], [ -75.469073454355325, 37.752825079803252 ], [ -75.470069492774158, 37.750124071971626 ], [ -75.470115520496904, 37.748920071431741 ], [ -75.470348538525982, 37.748187071689152 ], [ -75.470496549823437, 37.747728071853459 ], [ -75.470827571528432, 37.746850072244769 ], [ -75.471119587474078, 37.746209072611535 ], [ -75.471284599948618, 37.745703072794448 ], [ -75.471618615191502, 37.745095073233706 ], [ -75.471909631135077, 37.744455073597315 ], [ -75.472199652817963, 37.743577073918374 ], [ -75.472449665475139, 37.743071074237029 ], [ -75.472868683350413, 37.742362074793782 ], [ -75.473074699193035, 37.741721075017196 ], [ -75.47340871613234, 37.741045075440702 ], [ -75.474410762886095, 37.739188076736291 ], [ -75.474955782748637, 37.738410077478697 ], [ -75.475205796290027, 37.737870077786745 ], [ -75.475624810999619, 37.737296078360089 ], [ -75.475957829631497, 37.736553078764842 ], [ -75.476377842745862, 37.736046079349876 ], [ -75.477050860504065, 37.735369080310015 ], [ -75.477553879552971, 37.734625080984031 ], [ -75.478347914760121, 37.733240082007534 ], [ -75.480197965484734, 37.731311084615427 ], [ -75.480996988582746, 37.730431085729187 ], [ -75.481627008036995, 37.729687086596485 ], [ -75.483015045665667, 37.728266088542604 ], [ -75.483815064788843, 37.727554089681448 ], [ -75.485205096832388, 37.726368091665279 ], [ -75.485965110151426, 37.725893092781043 ], [ -75.486470122878416, 37.725419093491105 ], [ -75.487229137887837, 37.724876094589753 ], [ -75.487853173999554, 37.723458095301616 ], [ -75.488142199525768, 37.722442095559643 ], [ -75.488598224460873, 37.721467096088702 ], [ -75.488972246820438, 37.720590096506179 ], [ -75.489427278501879, 37.719341096976436 ], [ -75.489885304410805, 37.718329097496657 ], [ -75.490343327057019, 37.717451098042147 ], [ -75.490927357492382, 37.716269098723203 ], [ -75.491596384052713, 37.71525509956922 ], [ -75.49209641018868, 37.714242100148162 ], [ -75.492557427135154, 37.713600100740088 ], [ -75.493017445763854, 37.712890101315359 ], [ -75.493605465552292, 37.712147102083065 ], [ -75.494103486748912, 37.711338102694903 ], [ -75.494693506582877, 37.710595103462779 ], [ -75.495152526089385, 37.709852104024748 ], [ -75.495568549659851, 37.708940104483119 ], [ -75.496155572107611, 37.708093105220136 ], [ -75.497120600589156, 37.707044106500888 ], [ -75.497367621075725, 37.706241106714792 ], [ -75.498322687240218, 37.703668107648888 ], [ -75.498737704116579, 37.703032108155611 ], [ -75.499404740285627, 37.701645108889537 ], [ -75.499649763610236, 37.700730109070633 ], [ -75.500677816642309, 37.69871111429709 ], [ -75.501462852316834, 37.697367119886245 ], [ -75.502210889008637, 37.695978125174065 ], [ -75.503252933367321, 37.694317132582867 ], [ -75.504160964232327, 37.693185139097451 ], [ -75.505500012745571, 37.691396148649645 ], [ -75.506753060557301, 37.689626157535031 ], [ -75.507751087832403, 37.688653164708271 ], [ -75.50816312018965, 37.68740116743637 ], [ -75.509231179231804, 37.685158174754513 ], [ -75.509936223673193, 37.683458179506545 ], [ -75.51088326652939, 37.681854186060484 ], [ -75.512166332627601, 37.679359194813173 ], [ -75.512993380622945, 37.677535200367807 ], [ -75.513694415458161, 37.676225205133072 ], [ -75.514312456077548, 37.674672209200715 ], [ -75.515223497527359, 37.673125215408525 ], [ -75.515967539469358, 37.67153722036079 ], [ -75.515697576030703, 37.67003121790146 ], [ -75.515582643240975, 37.667313216194863 ], [ -75.515442672837864, 37.666104214788959 ], [ -75.515550716643389, 37.664357215021361 ], [ -75.515722801627874, 37.660963215191266 ], [ -75.515982843074767, 37.659332216556052 ], [ -75.516269901336358, 37.657029217894092 ], [ -75.516930958259579, 37.654832221958664 ], [ -75.517200996586226, 37.653329223414502 ], [ -75.517649034143375, 37.651882226165498 ], [ -75.518141067707973, 37.650602229280459 ], [ -75.51846609813667, 37.649425231221919 ], [ -75.519702169560773, 37.646730239174495 ], [ -75.520899234201678, 37.644304246899715 ], [ -75.522434300116899, 37.641877256998896 ], [ -75.52538142084039, 37.637458276344219 ], [ -75.526505458595409, 37.636107283808151 ], [ -75.527717492498809, 37.634924291942973 ], [ -75.528549519980302, 37.633944297448842 ], [ -75.529636549249929, 37.632930304735325 ], [ -75.530888584237402, 37.631712313089189 ], [ -75.532059613878744, 37.630697320937429 ], [ -75.533189638361947, 37.629883328567871 ], [ -75.534653762646556, 37.625131336800365 ], [ -75.541786265347596, 37.60614437764481 ], [ -75.540673292057761, 37.604908369365099 ], [ -75.539901313396228, 37.603938363578791 ], [ -75.539259326828741, 37.603303358855591 ], [ -75.538788340091102, 37.602701355329728 ], [ -75.538232352166318, 37.602133351238912 ], [ -75.537506365203086, 37.601500345953525 ], [ -75.537330381352632, 37.600828344434689 ], [ -75.536689392228823, 37.600294339787901 ], [ -75.536219402940873, 37.599793336333938 ], [ -75.535360430603404, 37.598554329884919 ], [ -75.535059441990626, 37.598052327598111 ], [ -75.534716450682495, 37.597651325070423 ], [ -75.534287464089445, 37.597048321866865 ], [ -75.533898481002424, 37.59631131888176 ], [ -75.533255500261603, 37.595440314106085 ], [ -75.532952515001071, 37.59480331176043 ], [ -75.532480529044079, 37.594167308264062 ], [ -75.532049546595317, 37.593397304994383 ], [ -75.531747561352077, 37.592759302664234 ], [ -75.531103582222158, 37.591822297881073 ], [ -75.530755603485687, 37.590916295133056 ], [ -75.530106637812835, 37.589439290106874 ], [ -75.529756663226706, 37.588366287287968 ], [ -75.529325682438085, 37.587528284020522 ], [ -75.528883728527774, 37.585612280246863 ], [ -75.528452745200326, 37.584875277032459 ], [ -75.52814178173189, 37.583362274323164 ], [ -75.528063796600151, 37.582754273553427 ], [ -75.528003808044389, 37.582286272961554 ], [ -75.527785823941102, 37.581614271223025 ], [ -75.527474860430644, 37.580102268527348 ], [ -75.527423882918768, 37.579193267824628 ], [ -75.527287904184803, 37.578319266564861 ], [ -75.527068922587503, 37.577546264788701 ], [ -75.52710294374738, 37.576704264686143 ], [ -75.526922969021328, 37.575662263069383 ], [ -75.526957987663451, 37.574921263013465 ], [ -75.526951005284118, 37.57421426268926 ], [ -75.526860023381744, 37.573474261790203 ], [ -75.526937041373969, 37.572766262027891 ], [ -75.526921083321596, 37.571083261261293 ], [ -75.527033119959938, 37.569634261439937 ], [ -75.527195139158678, 37.568892262227848 ], [ -75.527230157804496, 37.568151262169074 ], [ -75.527346182681597, 37.567174262555667 ], [ -75.527592203935356, 37.566364263870661 ], [ -75.527956249261393, 37.564610265590289 ], [ -75.528195287327875, 37.563126266581811 ], [ -75.528431333754767, 37.561307267414364 ], [ -75.528719355206078, 37.560497268991831 ], [ -75.529045387789523, 37.559248270638982 ], [ -75.529334408429776, 37.558471272229362 ], [ -75.529706430277116, 37.557660274349715 ], [ -75.52990945473168, 37.556716275298953 ], [ -75.53032547427739, 37.556005277742827 ], [ -75.531153521741331, 37.554248282452313 ], [ -75.531777551498479, 37.553165286091122 ], [ -75.532645605929559, 37.551138290914736 ], [ -75.532977624272604, 37.550462292796567 ], [ -75.533601654066331, 37.549379296407018 ], [ -75.533974675124909, 37.548602298504264 ], [ -75.534597707461032, 37.547418302049145 ], [ -75.53530474102682, 37.546200306116333 ], [ -75.536639790975329, 37.544438314010605 ], [ -75.537264819135103, 37.543423317608621 ], [ -75.537849840389953, 37.542677321063273 ], [ -75.538351856200279, 37.542134324068691 ], [ -75.540062919782244, 37.539898334101366 ], [ -75.541942986761768, 37.537559345125239 ], [ -75.542489000273051, 37.537117348433249 ], [ -75.543411023992206, 37.536335353994311 ], [ -75.544291048390434, 37.535519359258096 ], [ -75.544917072447788, 37.53467236286118 ], [ -75.546929125820867, 37.532905374893851 ], [ -75.547726146478226, 37.532225379657945 ], [ -75.548776169158813, 37.531510386020301 ], [ -75.550199212270201, 37.530050394360309 ], [ -75.551082229124418, 37.529538399738193 ], [ -75.552254262620536, 37.528417406621344 ], [ -75.552885275790004, 37.528007410428678 ], [ -75.553469296358273, 37.527295413761692 ], [ -75.555070319190293, 37.526676423637639 ], [ -75.574661081059759, 37.500134530106237 ], [ -75.579649173278455, 37.494636566268376 ], [ -75.583246288806436, 37.48650259601429 ], [ -75.589120420644278, 37.477856639046145 ], [ -75.592509520179689, 37.470897664940949 ], [ -75.595652598498006, 37.465583687547507 ], [ -75.596054653245574, 37.46118669332008 ], [ -75.5960567502012, 37.453132699636861 ], [ -75.597451782208367, 37.450987709155413 ], [ -75.603970031650562, 37.432589758422942 ], [ -75.604037158586664, 37.42202376603484 ], [ -75.618264454137361, 37.402262851145096 ], [ -75.62465654347956, 37.396950885609733 ], [ -75.643456, 37.372864 ], [ -75.640318, 37.363865 ], [ -75.644386, 37.34227 ], [ -75.65659, 37.323914 ], [ -75.678964, 37.312577 ], [ -75.691846, 37.300159 ], [ -75.715515, 37.275687 ], [ -75.715377, 37.269972 ], [ -75.727821, 37.250141 ], [ -75.732284, 37.245694 ], [ -75.728367, 37.235617 ], [ -75.729271, 37.216901 ], [ -75.740119, 37.196986 ], [ -75.742831, 37.192907 ], [ -75.744639, 37.182349 ], [ -75.749643, 37.175097 ], [ -75.766049, 37.154932 ], [ -75.781587, 37.137116 ], [ -75.797035, 37.125145 ], [ -75.805907, 37.116061 ], [ -75.824147, 37.110122 ], [ -75.827525, 37.105263 ], [ -75.835631, 37.095006 ], [ -75.854547, 37.079349 ], [ -75.869409, 37.073951 ], [ -75.874651, 37.067561 ], [ -75.889676, 37.054515 ], [ -75.905749, 37.000144 ], [ -75.909491, 36.990708 ], [ -75.928307, 36.938179 ], [ -75.926847, 36.936462 ], [ -75.914017, 36.88922 ], [ -75.90933, 36.87197 ], [ -75.905263, 36.856998 ], [ -75.901039, 36.841451 ], [ -75.887373, 36.791148 ], [ -75.878943, 36.760117 ], [ -75.874647, 36.744305 ], [ -75.862119, 36.714051 ], [ -75.843991, 36.679773 ], [ -75.834038, 36.654572 ], [ -75.829758, 36.644632 ], [ -75.823618, 36.632295 ], [ -75.819825, 36.625153 ], [ -75.800435, 36.56274 ], [ -75.797497, 36.550916 ], [ -75.854355, 36.550283 ], [ -75.866002, 36.550396 ], [ -75.867494, 36.550411 ], [ -75.876043, 36.550443 ], [ -75.886301, 36.550481 ], [ -75.887416, 36.550485 ], [ -75.89143, 36.550499 ], [ -75.893482, 36.550507 ], [ -75.894659, 36.550511 ], [ -75.901005, 36.550534 ], [ -75.904082, 36.550544 ], [ -75.904868, 36.550547 ], [ -75.90688, 36.550553 ], [ -75.909745, 36.550564 ], [ -75.911522, 36.55057 ], [ -75.922297, 36.550604 ], [ -75.928004, 36.550627 ], [ -75.953228, 36.550568 ], [ -75.953397, 36.550568 ], [ -75.956112, 36.550553 ], [ -75.958108, 36.550557 ], [ -75.962842, 36.550544 ], [ -75.984229, 36.550488 ], [ -76.00258, 36.550436 ], [ -76.004003, 36.550432 ], [ -76.005183, 36.550429 ], [ -76.006889, 36.550423 ], [ -76.010019, 36.550423 ], [ -76.013718, 36.550434 ], [ -76.026721, 36.55047 ], [ -76.036182, 36.550498 ], [ -76.071704, 36.550598 ], [ -76.075713, 36.550585 ], [ -76.090161, 36.550544 ], [ -76.094477, 36.550538 ], [ -76.122349, 36.550523 ], [ -76.137231, 36.550513 ], [ -76.138642, 36.550497 ], [ -76.140303, 36.55051 ], [ -76.150138, 36.550502 ], [ -76.151731, 36.550501 ], [ -76.152593, 36.5505 ], [ -76.164534, 36.550492 ], [ -76.190659, 36.550473 ], [ -76.19266, 36.550472 ], [ -76.192787, 36.550473 ], [ -76.193036, 36.550471 ], [ -76.20499, 36.550455 ], [ -76.215124, 36.550436 ], [ -76.220791, 36.550432 ], [ -76.229688, 36.550472 ], [ -76.233486, 36.550488 ], [ -76.24641, 36.550418 ], [ -76.26438, 36.550489 ], [ -76.272454, 36.550521 ], [ -76.288586, 36.550522 ], [ -76.313303, 36.55052 ], [ -76.34083, 36.550556 ], [ -76.350835, 36.550568 ], [ -76.376262, 36.550595 ], [ -76.376634, 36.550595 ], [ -76.376931, 36.550595 ], [ -76.377287, 36.550596 ], [ -76.491496, 36.550648 ], [ -76.541966, 36.550653 ], [ -76.557936, 36.55068 ], [ -76.573629, 36.550701 ], [ -76.575525, 36.550744 ], [ -76.577507, 36.550707 ], [ -76.600574, 36.550736 ], [ -76.60149, 36.550737 ], [ -76.606955, 36.550743 ], [ -76.617343, 36.550754 ], [ -76.632873, 36.550763 ], [ -76.636664, 36.550761 ], [ -76.642641, 36.550786 ], [ -76.64648, 36.550771 ], [ -76.64787, 36.550791 ], [ -76.648922, 36.550758 ], [ -76.650141, 36.550756 ], [ -76.655578, 36.550765 ], [ -76.65783, 36.550764 ], [ -76.670864, 36.550747 ], [ -76.696465, 36.55074 ], [ -76.708549, 36.550759 ], [ -76.715322, 36.550798 ], [ -76.718206, 36.550773 ], [ -76.719057, 36.550781 ], [ -76.722157, 36.550764 ], [ -76.729123, 36.550767 ], [ -76.735028, 36.550798 ], [ -76.736866, 36.550789 ], [ -76.738115, 36.550783 ], [ -76.748954, 36.550748 ], [ -76.755255, 36.550766 ], [ -76.767127, 36.550843 ], [ -76.7814, 36.550914 ], [ -76.802114, 36.55101 ], [ -76.815054, 36.551072 ], [ -76.816621, 36.551103 ], [ -76.817097, 36.551086 ], [ -76.819611, 36.551117 ], [ -76.822553, 36.551146 ], [ -76.823157, 36.551179 ], [ -76.823575, 36.551157 ], [ -76.826683, 36.551195 ], [ -76.83991, 36.551331 ], [ -76.842293, 36.55136 ], [ -76.856306, 36.55151 ], [ -76.862848, 36.551596 ], [ -76.867557, 36.55163 ], [ -76.875058, 36.551708 ], [ -76.87607, 36.551741 ], [ -76.876905, 36.551728 ], [ -76.886525, 36.551819 ], [ -76.889006, 36.551858 ], [ -76.897949, 36.551949 ], [ -76.898275, 36.55195 ], [ -76.902125, 36.552003 ], [ -76.904078, 36.552015 ], [ -76.912782, 36.552114 ], [ -76.913487, 36.552147 ], [ -76.914168, 36.55213 ], [ -76.915411, 36.552146 ], [ -76.915899, 36.552149 ], [ -76.915768, 36.55264 ], [ -76.91573, 36.553309 ], [ -76.91608, 36.553953 ], [ -76.91629, 36.55421 ], [ -76.916639, 36.554403 ], [ -76.916998, 36.554499 ], [ -76.917477, 36.554474 ], [ -76.918075, 36.554473 ], [ -76.918772, 36.5544 ], [ -76.919161, 36.554432 ], [ -76.91963, 36.554608 ], [ -76.919743, 36.554791 ], [ -76.919886, 36.55498 ], [ -76.919991, 36.555189 ], [ -76.92016, 36.555461 ], [ -76.92054, 36.555847 ], [ -76.92106, 36.556024 ], [ -76.921687, 36.555966 ], [ -76.922245, 36.555708 ], [ -76.922793, 36.555667 ], [ -76.923461, 36.555795 ], [ -76.92406, 36.556148 ], [ -76.926217, 36.557731 ], [ -76.927204, 36.558222 ], [ -76.928382, 36.558646 ], [ -76.92932, 36.558822 ], [ -76.930297, 36.558925 ], [ -76.930686, 36.559118 ], [ -76.930936, 36.559569 ], [ -76.930668, 36.56002 ], [ -76.930101, 36.560311 ], [ -76.929334, 36.560634 ], [ -76.928071, 36.561763 ], [ -76.927654, 36.562392 ], [ -76.927565, 36.562883 ], [ -76.927586, 36.563504 ], [ -76.927777, 36.564059 ], [ -76.927948, 36.564856 ], [ -76.92804, 36.565653 ], [ -76.928027, 36.56609 ], [ -76.927884, 36.567256 ], [ -76.927739, 36.568793 ], [ -76.927402, 36.569623 ], [ -76.926369, 36.57159 ], [ -76.926141, 36.571952 ], [ -76.925594, 36.572428 ], [ -76.924877, 36.572735 ], [ -76.924179, 36.572914 ], [ -76.923272, 36.573011 ], [ -76.921607, 36.57299 ], [ -76.920519, 36.572782 ], [ -76.919671, 36.572509 ], [ -76.919003, 36.572357 ], [ -76.918335, 36.572374 ], [ -76.917996, 36.572568 ], [ -76.917778, 36.573019 ], [ -76.917735, 36.573305 ], [ -76.917617, 36.573851 ], [ -76.91759, 36.573889 ], [ -76.917691, 36.574308 ], [ -76.917931, 36.574541 ], [ -76.919008, 36.574741 ], [ -76.919567, 36.57499 ], [ -76.920056, 36.575303 ], [ -76.920836, 36.576131 ], [ -76.920927, 36.57659 ], [ -76.920738, 36.577106 ], [ -76.920251, 36.577614 ], [ -76.919564, 36.577945 ], [ -76.918986, 36.577978 ], [ -76.918317, 36.577891 ], [ -76.917669, 36.57765 ], [ -76.916581, 36.577168 ], [ -76.915912, 36.577 ], [ -76.914048, 36.57697 ], [ -76.91338, 36.576995 ], [ -76.912453, 36.577093 ], [ -76.911785, 36.577304 ], [ -76.91056, 36.577925 ], [ -76.909814, 36.578603 ], [ -76.909476, 36.579167 ], [ -76.909268, 36.579747 ], [ -76.909299, 36.580351 ], [ -76.90971, 36.581252 ], [ -76.909923, 36.58271 ], [ -76.909905, 36.583869 ], [ -76.909949, 36.585697 ], [ -76.910021, 36.586752 ], [ -76.910233, 36.587823 ], [ -76.910206, 36.589426 ], [ -76.910058, 36.589949 ], [ -76.90981, 36.590505 ], [ -76.909552, 36.591142 ], [ -76.909464, 36.591923 ], [ -76.909595, 36.592583 ], [ -76.910269, 36.595232 ], [ -76.910793, 36.597575 ], [ -76.911415, 36.599418 ], [ -76.911766, 36.600207 ], [ -76.912617, 36.601711 ], [ -76.912697, 36.601921 ], [ -76.912728, 36.602154 ], [ -76.912649, 36.602452 ], [ -76.91247, 36.602678 ], [ -76.91068, 36.605233 ], [ -76.909267, 36.606886 ], [ -76.908303, 36.608385 ], [ -76.907739, 36.609695 ], [ -76.90737, 36.610925 ], [ -76.90731, 36.612116 ], [ -76.907555, 36.612953 ], [ -76.907956, 36.613778 ], [ -76.908391, 36.614506 ], [ -76.908977, 36.615051 ], [ -76.91066, 36.616194 ], [ -76.911861, 36.617105 ], [ -76.912246, 36.61752 ], [ -76.912302, 36.617831 ], [ -76.912268, 36.617895 ], [ -76.912104, 36.618203 ], [ -76.91184, 36.618476 ], [ -76.910964, 36.619229 ], [ -76.90764, 36.619905 ], [ -76.902094, 36.622564 ], [ -76.901261, 36.622769 ], [ -76.900683, 36.622663 ], [ -76.900529, 36.622384 ], [ -76.900544, 36.621969 ], [ -76.900799, 36.621542 ], [ -76.901184, 36.621108 ], [ -76.901254, 36.620786 ], [ -76.901099, 36.620494 ], [ -76.900775, 36.620327 ], [ -76.900391, 36.620346 ], [ -76.899996, 36.620463 ], [ -76.899356, 36.620686 ], [ -76.89894, 36.620965 ], [ -76.898469, 36.621442 ], [ -76.898238, 36.621957 ], [ -76.898083, 36.622595 ], [ -76.898199, 36.623004 ], [ -76.898184, 36.623488 ], [ -76.898076, 36.623909 ], [ -76.897698, 36.624343 ], [ -76.897122, 36.624573 ], [ -76.896888, 36.624634 ], [ -76.89587, 36.624789 ], [ -76.8955, 36.62474 ], [ -76.894769, 36.625034 ], [ -76.894208, 36.625426 ], [ -76.894156, 36.625507 ], [ -76.89388, 36.625712 ], [ -76.893583, 36.626112 ], [ -76.893351, 36.626393 ], [ -76.89324, 36.627079 ], [ -76.892944, 36.628418 ], [ -76.892114, 36.629479 ], [ -76.891748, 36.629837 ], [ -76.891488, 36.630066 ], [ -76.891345, 36.630445 ], [ -76.891383, 36.630788 ], [ -76.891686, 36.631147 ], [ -76.894147, 36.634708 ], [ -76.894866, 36.635393 ], [ -76.895063, 36.635712 ], [ -76.895081, 36.636893 ], [ -76.895059, 36.637589 ], [ -76.895112, 36.63964 ], [ -76.895175, 36.63989 ], [ -76.895685, 36.642055 ], [ -76.895847, 36.642215 ], [ -76.897034, 36.643602 ], [ -76.897592, 36.64405 ], [ -76.897868, 36.644224 ], [ -76.897925, 36.644285 ], [ -76.9004, 36.645731 ], [ -76.905536, 36.646704 ], [ -76.907702, 36.64719 ], [ -76.909672, 36.648175 ], [ -76.910155, 36.648955 ], [ -76.910569, 36.649849 ], [ -76.912598, 36.650697 ], [ -76.912958, 36.651413 ], [ -76.912964, 36.652082 ], [ -76.912383, 36.65347 ], [ -76.912021, 36.654793 ], [ -76.912077, 36.655793 ], [ -76.91307, 36.656981 ], [ -76.913873, 36.657825 ], [ -76.913957, 36.658575 ], [ -76.91372, 36.659035 ], [ -76.913801, 36.6593 ], [ -76.914651, 36.659725 ], [ -76.915559, 36.659803 ], [ -76.915935, 36.660001 ], [ -76.916088, 36.659996 ], [ -76.918255, 36.659799 ], [ -76.918596, 36.660525 ], [ -76.920078, 36.663536 ], [ -76.920461, 36.664315 ], [ -76.9211, 36.665549 ], [ -76.921554, 36.666374 ], [ -76.922029, 36.667241 ], [ -76.9225, 36.6681 ], [ -76.923215, 36.669405 ], [ -76.924212, 36.66905 ], [ -76.92515, 36.668714 ], [ -76.925382, 36.669133 ], [ -76.925575, 36.669483 ], [ -76.926041, 36.669381 ], [ -76.926564, 36.669329 ], [ -76.92771, 36.669237 ], [ -76.928011, 36.669188 ], [ -76.928236, 36.669135 ], [ -76.928553, 36.669037 ], [ -76.929463, 36.66867 ], [ -76.930035, 36.668431 ], [ -76.930491, 36.668242 ], [ -76.931523, 36.667814 ], [ -76.932333, 36.667479 ], [ -76.93268, 36.667335 ], [ -76.933905, 36.669175 ], [ -76.935071, 36.668688 ], [ -76.934947, 36.6685 ], [ -76.935989, 36.668051 ], [ -76.936517, 36.667821 ], [ -76.937028, 36.66761 ], [ -76.937549, 36.668418 ], [ -76.936515, 36.66886 ], [ -76.935476, 36.669298 ], [ -76.934307, 36.669781 ], [ -76.933148, 36.67026 ], [ -76.932113, 36.670689 ] ] ] ] } }
]
}
