{
"type": "FeatureCollection",
"name": "district_7",
"crs": { "type": "name", "properties": { "name": "urn:ogc:def:crs:OGC:1.3:CRS84" } },
"xy_coordinate_resolution": 1e-15,
"features": [
{ "type": "Feature", "properties": { "district": "7" }, "geometry": { "type": "MultiPolygon", "coordinates": [ [ [ [ -78.309107, 37.63843 ], [ -78.308999, 37.638545 ], [ -78.309847, 37.639143 ], [ -78.308104, 37.644763 ], [ -78.306408, 37.650857 ], [ -78.305466, 37.654278 ], [ -78.305331, 37.65638 ], [ -78.305094, 37.659507 ], [ -78.303452, 37.661376 ], [ -78.302228, 37.665399 ], [ -78.296497, 37.673585 ], [ -78.296032, 37.677392 ], [ -78.296677, 37.677344 ], [ -78.297798, 37.677345 ], [ -78.298369, 37.677377 ], [ -78.298972, 37.677444 ], [ -78.299383, 37.677517 ], [ -78.299967, 37.677647 ], [ -78.300665, 37.67786 ], [ -78.301466, 37.67814 ], [ -78.301725, 37.678256 ], [ -78.303286, 37.679103 ], [ -78.30482, 37.680033 ], [ -78.307344, 37.681418 ], [ -78.307533, 37.681539 ], [ -78.307887, 37.68181 ], [ -78.308631, 37.682468 ], [ -78.309077, 37.682814 ], [ -78.309726, 37.683215 ], [ -78.310318, 37.6835 ], [ -78.310973, 37.683788 ], [ -78.311557, 37.684016 ], [ -78.31222, 37.684215 ], [ -78.312633, 37.684321 ], [ -78.314245, 37.684677 ], [ -78.315031, 37.684876 ], [ -78.317294, 37.685598 ], [ -78.317722, 37.685766 ], [ -78.317904, 37.685865 ], [ -78.318687, 37.686383 ], [ -78.321223, 37.688177 ], [ -78.321697, 37.68853 ], [ -78.322008, 37.688784 ], [ -78.322959, 37.689623 ], [ -78.323245, 37.689833 ], [ -78.323764, 37.690111 ], [ -78.325965, 37.691123 ], [ -78.327131, 37.689392 ], [ -78.327526, 37.688712 ], [ -78.327665, 37.688773 ], [ -78.327718, 37.688822 ], [ -78.327747, 37.688901 ], [ -78.327743, 37.68896 ], [ -78.327585, 37.689508 ], [ -78.327466, 37.690128 ], [ -78.327297, 37.690627 ], [ -78.327123, 37.690909 ], [ -78.327835, 37.691115 ], [ -78.328275, 37.691218 ], [ -78.328423, 37.691236 ], [ -78.328609, 37.691723 ], [ -78.330421, 37.691973 ], [ -78.33148, 37.692294 ], [ -78.332909, 37.692133 ], [ -78.334772, 37.693046 ], [ -78.335089, 37.692653 ], [ -78.336678, 37.693054 ], [ -78.33967, 37.694261 ], [ -78.340407, 37.69352 ], [ -78.342247, 37.69406 ], [ -78.34207, 37.694318 ], [ -78.341561, 37.695373 ], [ -78.341098, 37.697858 ], [ -78.340844, 37.699122 ], [ -78.340563, 37.699916 ], [ -78.338964, 37.701636 ], [ -78.338441, 37.702091 ], [ -78.33808, 37.702756 ], [ -78.338097, 37.703703 ], [ -78.338047, 37.70451 ], [ -78.337865, 37.705284 ], [ -78.337673, 37.706552 ], [ -78.337509, 37.706992 ], [ -78.337187, 37.707474 ], [ -78.336534, 37.708206 ], [ -78.335319, 37.709055 ], [ -78.335258, 37.709083 ], [ -78.331516, 37.707739 ], [ -78.327925, 37.706345 ], [ -78.327268, 37.706109 ], [ -78.326919, 37.705948 ], [ -78.326168, 37.705903 ], [ -78.312625, 37.706429 ], [ -78.312325, 37.705581 ], [ -78.312249, 37.705465 ], [ -78.312112, 37.70537 ], [ -78.312013, 37.705334 ], [ -78.311779, 37.705264 ], [ -78.31141, 37.705196 ], [ -78.311376, 37.705147 ], [ -78.311381, 37.705115 ], [ -78.3116, 37.704922 ], [ -78.311725, 37.704724 ], [ -78.311993, 37.704161 ], [ -78.312509, 37.703157 ], [ -78.312679, 37.702758 ], [ -78.312769, 37.702594 ], [ -78.312852, 37.702484 ], [ -78.313543, 37.701759 ], [ -78.313794, 37.701439 ], [ -78.314355, 37.700563 ], [ -78.314438, 37.700331 ], [ -78.314425, 37.700257 ], [ -78.314299, 37.70012 ], [ -78.313728, 37.69958 ], [ -78.31357, 37.699403 ], [ -78.313414, 37.699185 ], [ -78.312672, 37.699844 ], [ -78.312535, 37.699944 ], [ -78.312171, 37.699922 ], [ -78.311517, 37.699947 ], [ -78.3106, 37.70005 ], [ -78.309286, 37.700169 ], [ -78.308777, 37.700237 ], [ -78.308056, 37.700395 ], [ -78.307796, 37.700467 ], [ -78.307384, 37.700625 ], [ -78.307034, 37.700812 ], [ -78.306795, 37.700972 ], [ -78.30649, 37.701239 ], [ -78.305878, 37.701957 ], [ -78.304461, 37.703753 ], [ -78.30465, 37.704149 ], [ -78.305258, 37.705901 ], [ -78.303346, 37.707467 ], [ -78.303138, 37.707675 ], [ -78.303075, 37.707745 ], [ -78.302971, 37.707878 ], [ -78.302795, 37.708229 ], [ -78.302651, 37.708835 ], [ -78.302561, 37.709421 ], [ -78.302545, 37.709526 ], [ -78.302497, 37.709862 ], [ -78.302474, 37.710007 ], [ -78.302422, 37.710463 ], [ -78.300757, 37.710622 ], [ -78.300524, 37.710643 ], [ -78.299424, 37.710443 ], [ -78.298424, 37.710243 ], [ -78.297857, 37.710112 ], [ -78.293924, 37.709243 ], [ -78.293624, 37.709243 ], [ -78.293024, 37.709143 ], [ -78.291624, 37.708743 ], [ -78.290043, 37.708252 ], [ -78.289124, 37.707843 ], [ -78.287424, 37.707044 ], [ -78.285624, 37.706144 ], [ -78.284124, 37.705444 ], [ -78.282924, 37.704644 ], [ -78.281424, 37.703744 ], [ -78.279924, 37.702944 ], [ -78.278224, 37.701844 ], [ -78.276223, 37.700444 ], [ -78.274523, 37.699444 ], [ -78.272623, 37.698244 ], [ -78.271623, 37.697544 ], [ -78.271233, 37.697378 ], [ -78.269305, 37.695526 ], [ -78.265493, 37.693791 ], [ -78.261569, 37.692483 ], [ -78.257724, 37.691644 ], [ -78.257123, 37.691544 ], [ -78.256123, 37.691444 ], [ -78.252823, 37.691244 ], [ -78.250423, 37.691244 ], [ -78.249723, 37.691294 ], [ -78.248823, 37.690944 ], [ -78.248207, 37.69068 ], [ -78.247221, 37.69063 ], [ -78.245411, 37.690488 ], [ -78.245045, 37.690444 ], [ -78.243856, 37.690411 ], [ -78.242267, 37.690324 ], [ -78.24148, 37.690308 ], [ -78.24091, 37.690337 ], [ -78.23992, 37.690745 ], [ -78.239722, 37.690842 ], [ -78.239722, 37.690643 ], [ -78.239748, 37.690495 ], [ -78.239352, 37.690567 ], [ -78.238606, 37.690749 ], [ -78.237839, 37.69098 ], [ -78.237494, 37.691111 ], [ -78.236561, 37.691546 ], [ -78.235739, 37.691985 ], [ -78.235339, 37.69221 ], [ -78.234952, 37.692452 ], [ -78.234717, 37.692611 ], [ -78.234491, 37.692789 ], [ -78.234144, 37.693095 ], [ -78.233301, 37.693743 ], [ -78.232576, 37.694397 ], [ -78.230988, 37.695726 ], [ -78.2302, 37.69644 ], [ -78.229351, 37.697165 ], [ -78.228936, 37.69756 ], [ -78.228778, 37.697736 ], [ -78.22846, 37.698208 ], [ -78.228218, 37.698714 ], [ -78.227901, 37.699713 ], [ -78.227245, 37.701393 ], [ -78.227114, 37.701882 ], [ -78.22697, 37.702491 ], [ -78.226894, 37.703019 ], [ -78.226681, 37.705056 ], [ -78.226653, 37.705204 ], [ -78.226425, 37.705978 ], [ -78.226398, 37.706126 ], [ -78.226329, 37.70718 ], [ -78.226274, 37.707559 ], [ -78.225991, 37.708784 ], [ -78.225708, 37.709794 ], [ -78.225536, 37.71059 ], [ -78.22546, 37.711084 ], [ -78.225391, 37.711353 ], [ -78.225205, 37.711787 ], [ -78.224756, 37.712534 ], [ -78.223623, 37.714022 ], [ -78.223022, 37.714868 ], [ -78.222767, 37.715181 ], [ -78.222573, 37.715368 ], [ -78.22104, 37.716582 ], [ -78.220521, 37.717021 ], [ -78.219644, 37.717801 ], [ -78.218656, 37.718526 ], [ -78.217695, 37.719179 ], [ -78.217218, 37.719476 ], [ -78.216216, 37.720195 ], [ -78.215546, 37.720739 ], [ -78.214544, 37.72176 ], [ -78.214116, 37.722145 ], [ -78.2133, 37.722738 ], [ -78.212879, 37.72298 ], [ -78.212374, 37.723413 ], [ -78.211331, 37.724029 ], [ -78.208974, 37.725522 ], [ -78.207951, 37.726099 ], [ -78.207391, 37.72645 ], [ -78.206202, 37.727263 ], [ -78.203797, 37.728762 ], [ -78.202836, 37.729394 ], [ -78.202394, 37.729619 ], [ -78.201212, 37.73013 ], [ -78.200714, 37.730366 ], [ -78.199436, 37.730909 ], [ -78.198634, 37.731294 ], [ -78.197749, 37.731749 ], [ -78.197196, 37.732068 ], [ -78.195606, 37.733073 ], [ -78.194576, 37.733759 ], [ -78.192186, 37.735197 ], [ -78.191506, 37.735565 ], [ -78.191216, 37.735741 ], [ -78.190352, 37.736361 ], [ -78.189737, 37.736872 ], [ -78.189211, 37.737366 ], [ -78.189087, 37.737503 ], [ -78.18843, 37.73808 ], [ -78.187642, 37.738711 ], [ -78.187407, 37.738936 ], [ -78.186777, 37.739677 ], [ -78.186287, 37.740149 ], [ -78.186162, 37.740298 ], [ -78.185706, 37.741044 ], [ -78.185498, 37.741429 ], [ -78.184987, 37.742175 ], [ -78.184551, 37.742686 ], [ -78.184205, 37.743015 ], [ -78.183465, 37.743608 ], [ -78.182179, 37.744388 ], [ -78.181847, 37.744558 ], [ -78.18099, 37.744959 ], [ -78.180188, 37.745299 ], [ -78.179337, 37.745562 ], [ -78.178846, 37.745776 ], [ -78.178023, 37.746084 ], [ -78.176392, 37.746594 ], [ -78.175714, 37.746847 ], [ -78.174587, 37.747428 ], [ -78.174103, 37.747604 ], [ -78.173799, 37.747692 ], [ -78.173052, 37.747851 ], [ -78.171842, 37.748054 ], [ -78.168128, 37.74875 ], [ -78.167306, 37.748854 ], [ -78.166932, 37.748937 ], [ -78.166006, 37.74909 ], [ -78.164837, 37.749249 ], [ -78.163851, 37.749354 ], [ -78.163288, 37.74938 ], [ -78.162514, 37.749353 ], [ -78.16185, 37.749276 ], [ -78.161152, 37.749182 ], [ -78.160868, 37.749127 ], [ -78.160115, 37.748902 ], [ -78.159769, 37.74877 ], [ -78.159541, 37.748671 ], [ -78.159326, 37.748528 ], [ -78.15905, 37.749329 ], [ -78.158885, 37.749807 ], [ -78.158872, 37.749846 ], [ -78.158775, 37.750125 ], [ -78.158732, 37.75025 ], [ -78.158725, 37.750272 ], [ -78.158666, 37.750443 ], [ -78.158609, 37.750606 ], [ -78.157873, 37.752742 ], [ -78.157859, 37.752783 ], [ -78.157655, 37.753387 ], [ -78.156322, 37.757329 ], [ -78.154463, 37.76337 ], [ -78.147714, 37.773949 ], [ -78.141474771339617, 37.78373311354791 ], [ -78.139398769102215, 37.786842114769172 ], [ -78.139259768952101, 37.787051114851309 ], [ -78.136971766502754, 37.790478116185454 ], [ -78.136923766452398, 37.790549116212546 ], [ -78.135595765039739, 37.79253711698022 ], [ -78.135560765002921, 37.79258911700002 ], [ -78.135524764964615, 37.79264311702088 ], [ -78.135462764898634, 37.792736117056833 ], [ -78.132177761428508, 37.7976551189386 ], [ -78.132087761333707, 37.797790118990001 ], [ -78.12090874979441, 37.814522125198863 ], [ -78.120600749480275, 37.814985125367635 ], [ -78.120555749436875, 37.815050125389909 ], [ -78.116409745266097, 37.821253127613943 ], [ -78.112974742102679, 37.826123129192673 ], [ -78.112250741441841, 37.82714812952085 ], [ -78.105812734983999, 37.836969132999201 ], [ -78.102243731462707, 37.842413134885192 ], [ -78.09165072131097, 37.858511140255679 ], [ -78.087476717424835, 37.864839142286932 ], [ -78.083304713592625, 37.871169144280941 ], [ -78.080892711202807, 37.875052145603775 ], [ -78.078357708711906, 37.879134146979453 ], [ -78.067317698126942, 37.896906152780495 ], [ -78.063969695000523, 37.902295154479724 ], [ -78.063929694963733, 37.902359154499543 ], [ -78.062483693626021, 37.904686155224212 ], [ -78.063312692851596, 37.905109156269354 ], [ -78.06472969152621, 37.905832158056953 ], [ -78.071161686162057, 37.90834616554848 ], [ -78.07208868538639, 37.908708166629886 ], [ -78.074886683037846, 37.909804169900063 ], [ -78.07490368303479, 37.909798169909344 ], [ -78.075749682313074, 37.910141170908858 ], [ -78.082814676353408, 37.912903179186259 ], [ -78.095771665313521, 37.917970194446099 ], [ -78.10655465601856, 37.922187207222578 ], [ -78.115452648275905, 37.925666217817543 ], [ -78.117597646400142, 37.926504220378227 ], [ -78.124245640559437, 37.92910422833441 ], [ -78.124725640135992, 37.92929222891005 ], [ -78.124726639994122, 37.929442229042714 ], [ -78.125144639678666, 37.929549229494327 ], [ -78.125925638906764, 37.92994223050826 ], [ -78.128525636624204, 37.930942233615198 ], [ -78.129925635429302, 37.931442235255894 ], [ -78.132125633439927, 37.932342237937434 ], [ -78.133925631938979, 37.932942240012807 ], [ -78.135726630243369, 37.93374324226906 ], [ -78.137625628401082, 37.934641244697943 ], [ -78.140042626247507, 37.935579247610605 ], [ -78.142125624528305, 37.936241249993138 ], [ -78.144025622672345, 37.937141252432646 ], [ -78.14602562076044, 37.938041254961057 ], [ -78.148026619036713, 37.938742257314779 ], [ -78.149503617744415, 37.939278259070079 ], [ -78.152526615127314, 37.940341262636075 ], [ -78.155266612470825, 37.941590266129857 ], [ -78.16559060235825, 37.946334279375996 ], [ -78.173931594081381, 37.950197290160389 ], [ -78.174006594007366, 37.950231290256951 ], [ -78.174136593922796, 37.950246290384051 ], [ -78.18098458949396, 37.951005297053044 ], [ -78.1921275822626, 37.95224130792279 ], [ -78.193027581575521, 37.95244130889494 ], [ -78.195961578786864, 37.953629312565802 ], [ -78.201089573894308, 37.955706318995283 ], [ -78.205127570026178, 37.957341324069183 ], [ -78.205327569814671, 37.957441324338632 ], [ -78.208824564841805, 37.960417330212181 ], [ -78.21556155520112, 37.96614834157058 ], [ -78.21915955001819, 37.969209347661305 ], [ -78.220092, 37.970102 ], [ -78.2219, 37.971542 ], [ -78.222501, 37.972052 ], [ -78.227941, 37.976686 ], [ -78.230126, 37.97854 ], [ -78.230175, 37.97855 ], [ -78.230625, 37.978641 ], [ -78.231426, 37.97894 ], [ -78.232626, 37.97934 ], [ -78.234627, 37.979841 ], [ -78.235643, 37.980179 ], [ -78.236126, 37.98034 ], [ -78.237726, 37.98074 ], [ -78.238626, 37.98104 ], [ -78.239026, 37.98114 ], [ -78.241928, 37.981958 ], [ -78.242926, 37.98224 ], [ -78.243826, 37.98254 ], [ -78.245229, 37.982841 ], [ -78.246532, 37.98304 ], [ -78.246961, 37.983126 ], [ -78.24802, 37.983338 ], [ -78.249125, 37.983539 ], [ -78.249725, 37.98379 ], [ -78.249726, 37.98394 ], [ -78.249927, 37.98394 ], [ -78.250529, 37.98404 ], [ -78.251327, 37.98424 ], [ -78.251928, 37.98444 ], [ -78.252227, 37.98444 ], [ -78.252429, 37.98454 ], [ -78.252527, 37.98454 ], [ -78.252725, 37.984639 ], [ -78.253296, 37.98483 ], [ -78.254517, 37.985138 ], [ -78.255628, 37.98544 ], [ -78.256727, 37.98584 ], [ -78.258027, 37.98624 ], [ -78.260827, 37.98694 ], [ -78.264027, 37.98764 ], [ -78.265231, 37.98794 ], [ -78.266536, 37.988216 ], [ -78.267124, 37.988339 ], [ -78.269123, 37.989039 ], [ -78.272027, 37.98994 ], [ -78.272532, 37.990116 ], [ -78.276527, 37.99154 ], [ -78.278137, 37.992297 ], [ -78.279428, 37.99294 ], [ -78.280728, 37.99364 ], [ -78.282431, 37.994342 ], [ -78.283837, 37.995145 ], [ -78.284822, 37.995737 ], [ -78.286653, 37.996717 ], [ -78.287511, 37.997179 ], [ -78.288919, 37.997836 ], [ -78.290044, 37.998334 ], [ -78.292598, 37.999533 ], [ -78.294098, 38.000243 ], [ -78.295702, 38.001048 ], [ -78.300208, 38.003319 ], [ -78.301596, 38.003988 ], [ -78.306763, 38.006474 ], [ -78.306466, 38.006794 ], [ -78.305779, 38.007526 ], [ -78.303075, 38.010414 ], [ -78.299727, 38.013993 ], [ -78.293178, 38.020989 ], [ -78.28492, 38.029806 ], [ -78.278374, 38.03795 ], [ -78.276507, 38.040274 ], [ -78.275381, 38.041677 ], [ -78.274773, 38.042429 ], [ -78.265879, 38.051154 ], [ -78.259842, 38.057073 ], [ -78.259769, 38.05715 ], [ -78.259608, 38.05731 ], [ -78.253989, 38.062813 ], [ -78.253686, 38.06327 ], [ -78.253662, 38.063306 ], [ -78.244435, 38.077206 ], [ -78.243797, 38.078171 ], [ -78.241693, 38.081339 ], [ -78.23278, 38.094788 ], [ -78.22682, 38.104048 ], [ -78.226505, 38.104537 ], [ -78.223426, 38.109312 ], [ -78.221905, 38.111703 ], [ -78.221143, 38.112864 ], [ -78.215227, 38.122057 ], [ -78.210146, 38.129944 ], [ -78.209384, 38.131128 ], [ -78.211796, 38.13199 ], [ -78.221767, 38.13555 ], [ -78.232831, 38.139526 ], [ -78.239629, 38.141944 ], [ -78.240784, 38.142352 ], [ -78.251898, 38.146121 ], [ -78.256818, 38.147905 ], [ -78.261957, 38.149768 ], [ -78.26926, 38.152416 ], [ -78.26979, 38.152597 ], [ -78.272871, 38.153642 ], [ -78.281118, 38.156446 ], [ -78.289001, 38.159156 ], [ -78.29008, 38.159521 ], [ -78.292945, 38.160541 ], [ -78.299464, 38.162843 ], [ -78.299653, 38.162909 ], [ -78.311355, 38.166617 ], [ -78.314635, 38.167698 ], [ -78.317063, 38.168584 ], [ -78.326903, 38.171935 ], [ -78.329993, 38.172973 ], [ -78.332451, 38.173829 ], [ -78.334384, 38.174433 ], [ -78.337266, 38.175334 ], [ -78.33796, 38.17558 ], [ -78.341674, 38.176898 ], [ -78.34454, 38.177858 ], [ -78.344725, 38.177908 ], [ -78.347837, 38.17878 ], [ -78.352149, 38.179858 ], [ -78.361369, 38.182181 ], [ -78.364759, 38.183081 ], [ -78.368743, 38.184074 ], [ -78.368984, 38.184146 ], [ -78.36902, 38.184158 ], [ -78.377436, 38.186914 ], [ -78.379763, 38.187607 ], [ -78.385667, 38.189263 ], [ -78.387807, 38.189949 ], [ -78.388811, 38.190254 ], [ -78.39031, 38.190694 ], [ -78.392446, 38.191168 ], [ -78.396281, 38.192018 ], [ -78.396421, 38.192039 ], [ -78.396706, 38.192075 ], [ -78.396801, 38.192088 ], [ -78.398052, 38.192504 ], [ -78.399808, 38.193085 ], [ -78.402108, 38.194104 ], [ -78.403077, 38.194452 ], [ -78.411009, 38.197305 ], [ -78.416816, 38.199299 ], [ -78.419161, 38.200005 ], [ -78.430471, 38.203412 ], [ -78.431502, 38.203739 ], [ -78.438107, 38.205708 ], [ -78.43838, 38.205809 ], [ -78.438379, 38.205844 ], [ -78.440298, 38.206549 ], [ -78.441257, 38.206876 ], [ -78.442376, 38.207283 ], [ -78.451119, 38.209794 ], [ -78.457422, 38.211605 ], [ -78.462017, 38.213004 ], [ -78.465449, 38.214047 ], [ -78.472261, 38.216117 ], [ -78.474119, 38.216661 ], [ -78.48394, 38.219669 ], [ -78.488745, 38.22113 ], [ -78.499909, 38.224504 ], [ -78.517778, 38.229787 ], [ -78.518031, 38.229874 ], [ -78.518577, 38.230025 ], [ -78.519084, 38.230222 ], [ -78.519567, 38.23044 ], [ -78.519692, 38.230479 ], [ -78.520365, 38.23059 ], [ -78.520962, 38.230768 ], [ -78.521648, 38.23093 ], [ -78.522374, 38.231082 ], [ -78.522545, 38.231133 ], [ -78.522709, 38.231197 ], [ -78.523012, 38.231356 ], [ -78.523282, 38.231467 ], [ -78.523936, 38.231625 ], [ -78.52488, 38.231897 ], [ -78.534755, 38.234986 ], [ -78.542088, 38.237367 ], [ -78.544122, 38.237994 ], [ -78.550959, 38.240099 ], [ -78.554501, 38.24119 ], [ -78.556103, 38.241702 ], [ -78.556708, 38.241909 ], [ -78.573129, 38.247253 ], [ -78.574797, 38.247784 ], [ -78.585394, 38.251002 ], [ -78.586098, 38.251216 ], [ -78.593696, 38.253523 ], [ -78.596734, 38.254623 ], [ -78.606539, 38.258172 ], [ -78.617335, 38.262079 ], [ -78.620785, 38.263271 ], [ -78.62477, 38.264648 ], [ -78.636279, 38.268633 ], [ -78.64755, 38.272536 ], [ -78.649898, 38.273347 ], [ -78.660394, 38.276965 ], [ -78.660583, 38.277047 ], [ -78.663145, 38.277933 ], [ -78.663636, 38.277384 ], [ -78.663898, 38.276676 ], [ -78.663373, 38.274968 ], [ -78.662684, 38.273585 ], [ -78.662215, 38.272547 ], [ -78.662049, 38.271812 ], [ -78.661902, 38.271685 ], [ -78.661554, 38.27138 ], [ -78.660758, 38.270949 ], [ -78.660646, 38.270257 ], [ -78.660849, 38.269696 ], [ -78.661186, 38.269011 ], [ -78.661373, 38.268822 ], [ -78.662177, 38.268356 ], [ -78.662713, 38.268079 ], [ -78.663082, 38.267723 ], [ -78.66374, 38.267203 ], [ -78.665076, 38.266514 ], [ -78.666398, 38.266053 ], [ -78.666192, 38.265942 ], [ -78.666038, 38.26589 ], [ -78.665866, 38.265743 ], [ -78.664857, 38.265249 ], [ -78.664279, 38.265096 ], [ -78.66357, 38.264998 ], [ -78.6625, 38.264783 ], [ -78.662225, 38.264459 ], [ -78.662158, 38.263643 ], [ -78.661417, 38.263353 ], [ -78.660941, 38.263062 ], [ -78.66042, 38.262821 ], [ -78.659777, 38.262522 ], [ -78.659195, 38.262064 ], [ -78.658823, 38.261439 ], [ -78.658082, 38.260899 ], [ -78.657236, 38.260566 ], [ -78.656285, 38.260505 ], [ -78.655149, 38.260632 ], [ -78.655273, 38.260427 ], [ -78.655347, 38.26026 ], [ -78.655738, 38.25969 ], [ -78.656117, 38.259369 ], [ -78.656532, 38.259058 ], [ -78.657681, 38.258545 ], [ -78.658975, 38.258043 ], [ -78.659238, 38.257563 ], [ -78.659263, 38.256959 ], [ -78.660079, 38.255375 ], [ -78.661398, 38.254456 ], [ -78.662188, 38.253476 ], [ -78.665093, 38.251962 ], [ -78.666142, 38.251602 ], [ -78.667387, 38.251245 ], [ -78.668725, 38.250675 ], [ -78.669158, 38.249731 ], [ -78.669484, 38.249194 ], [ -78.669727, 38.248464 ], [ -78.669889, 38.24782 ], [ -78.669806, 38.247327 ], [ -78.670486, 38.247455 ], [ -78.671603, 38.247925 ], [ -78.672366, 38.248525 ], [ -78.673848, 38.249844 ], [ -78.674483, 38.250428 ], [ -78.67465, 38.250701 ], [ -78.675041, 38.251166 ], [ -78.675448, 38.251696 ], [ -78.675913, 38.252875 ], [ -78.676213, 38.253154 ], [ -78.67703, 38.253388 ], [ -78.678145, 38.254132 ], [ -78.678847, 38.254409 ], [ -78.679356, 38.254588 ], [ -78.679947, 38.254696 ], [ -78.680303, 38.254729 ], [ -78.681032, 38.254905 ], [ -78.681816, 38.254882 ], [ -78.682488, 38.254616 ], [ -78.685286, 38.252822 ], [ -78.685369, 38.252424 ], [ -78.686347, 38.251406 ], [ -78.686691, 38.251282 ], [ -78.687271, 38.251073 ], [ -78.688249, 38.250144 ], [ -78.689397, 38.249855 ], [ -78.689616, 38.249283 ], [ -78.689787, 38.248838 ], [ -78.692865, 38.247286 ], [ -78.695236, 38.246457 ], [ -78.697744, 38.245738 ], [ -78.69922, 38.245841 ], [ -78.700812, 38.245953 ], [ -78.702277, 38.246198 ], [ -78.704336, 38.246991 ], [ -78.706566, 38.246438 ], [ -78.706735, 38.24465 ], [ -78.708509, 38.243245 ], [ -78.710006, 38.242445 ], [ -78.7107, 38.241289 ], [ -78.710624, 38.240466 ], [ -78.710711, 38.24051 ], [ -78.711186, 38.240878 ], [ -78.711995, 38.241402 ], [ -78.712382, 38.241698 ], [ -78.712973, 38.24203 ], [ -78.71312, 38.24216 ], [ -78.713179, 38.242275 ], [ -78.713186, 38.242343 ], [ -78.713137, 38.242506 ], [ -78.713003, 38.24265 ], [ -78.712895, 38.242726 ], [ -78.712775, 38.24279 ], [ -78.712554, 38.242871 ], [ -78.712324, 38.242993 ], [ -78.711911, 38.243101 ], [ -78.711814, 38.243145 ], [ -78.711711, 38.243215 ], [ -78.711445, 38.243476 ], [ -78.71127, 38.243758 ], [ -78.711154, 38.244272 ], [ -78.711121, 38.244348 ], [ -78.711054, 38.244456 ], [ -78.710964, 38.244555 ], [ -78.710861, 38.244788 ], [ -78.710813, 38.24501 ], [ -78.710705, 38.245314 ], [ -78.710708, 38.245368 ], [ -78.710739, 38.245422 ], [ -78.71087, 38.245547 ], [ -78.711049, 38.245639 ], [ -78.711323, 38.245728 ], [ -78.711468, 38.245751 ], [ -78.711842, 38.245776 ], [ -78.712372, 38.245784 ], [ -78.712615, 38.245803 ], [ -78.712822, 38.245857 ], [ -78.712966, 38.24592 ], [ -78.713095, 38.246 ], [ -78.71319, 38.246069 ], [ -78.713266, 38.246152 ], [ -78.713356, 38.246341 ], [ -78.713355, 38.246509 ], [ -78.713253, 38.246921 ], [ -78.713294, 38.247027 ], [ -78.713382, 38.247126 ], [ -78.713562, 38.247262 ], [ -78.71397, 38.24746 ], [ -78.714435, 38.247572 ], [ -78.714629, 38.247646 ], [ -78.714698, 38.247723 ], [ -78.714708, 38.247771 ], [ -78.7147, 38.247818 ], [ -78.714613, 38.24798 ], [ -78.714588, 38.248139 ], [ -78.714646, 38.248257 ], [ -78.714702, 38.248312 ], [ -78.715074, 38.248497 ], [ -78.715251, 38.24856 ], [ -78.715925, 38.248727 ], [ -78.71619, 38.248819 ], [ -78.716278, 38.248905 ], [ -78.716449, 38.249306 ], [ -78.716523, 38.249434 ], [ -78.716613, 38.249553 ], [ -78.716719, 38.249615 ], [ -78.716851, 38.249624 ], [ -78.717918, 38.249259 ], [ -78.71808, 38.249218 ], [ -78.718329, 38.249211 ], [ -78.718502, 38.249274 ], [ -78.718614, 38.249334 ], [ -78.718712, 38.249429 ], [ -78.71885, 38.24963 ], [ -78.718999, 38.250001 ], [ -78.719092, 38.250097 ], [ -78.719266, 38.250129 ], [ -78.719361, 38.250117 ], [ -78.719448, 38.250086 ], [ -78.719923, 38.24978 ], [ -78.720221, 38.249565 ], [ -78.720553, 38.24927 ], [ -78.720868, 38.248921 ], [ -78.72111, 38.248408 ], [ -78.721278, 38.247965 ], [ -78.721333, 38.24762 ], [ -78.72133, 38.247399 ], [ -78.721376, 38.2472 ], [ -78.72146, 38.247105 ], [ -78.721585, 38.247045 ], [ -78.721705, 38.247034 ], [ -78.721943, 38.247059 ], [ -78.722053, 38.247124 ], [ -78.722088, 38.247172 ], [ -78.722123, 38.247289 ], [ -78.72213, 38.247383 ], [ -78.722091, 38.247569 ], [ -78.721995, 38.24779 ], [ -78.721986, 38.24815 ], [ -78.72202, 38.248456 ], [ -78.72209, 38.248553 ], [ -78.722146, 38.248588 ], [ -78.722288, 38.2486 ], [ -78.722714, 38.248539 ], [ -78.723659, 38.248275 ], [ -78.724622, 38.247953 ], [ -78.725008, 38.247862 ], [ -78.725207, 38.247838 ], [ -78.725521, 38.247835 ], [ -78.725696, 38.247887 ], [ -78.725772, 38.247932 ], [ -78.725843, 38.248011 ], [ -78.72591, 38.248162 ], [ -78.725901, 38.248399 ], [ -78.725833, 38.248644 ], [ -78.725765, 38.248787 ], [ -78.72548, 38.249211 ], [ -78.725447, 38.249898 ], [ -78.72546, 38.250088 ], [ -78.725499, 38.25014 ], [ -78.725537, 38.250156 ], [ -78.725621, 38.250145 ], [ -78.725971, 38.249896 ], [ -78.726312, 38.249703 ], [ -78.72696, 38.249431 ], [ -78.727379, 38.249228 ], [ -78.727792, 38.249049 ], [ -78.728223, 38.248907 ], [ -78.728573, 38.248828 ], [ -78.728999, 38.248772 ], [ -78.729221, 38.248768 ], [ -78.729558, 38.248806 ], [ -78.72983, 38.248885 ], [ -78.730062, 38.249015 ], [ -78.730319, 38.249235 ], [ -78.730426, 38.249359 ], [ -78.730614, 38.249646 ], [ -78.730741, 38.249956 ], [ -78.730833, 38.250011 ], [ -78.73093, 38.250011 ], [ -78.73104, 38.249955 ], [ -78.73137, 38.249431 ], [ -78.731502, 38.249189 ], [ -78.731657, 38.248957 ], [ -78.731834, 38.248734 ], [ -78.732673, 38.247888 ], [ -78.732821, 38.247819 ], [ -78.732889, 38.247808 ], [ -78.732974, 38.247816 ], [ -78.733115, 38.247865 ], [ -78.733369, 38.248059 ], [ -78.733469, 38.248165 ], [ -78.734109, 38.249022 ], [ -78.734306, 38.249226 ], [ -78.734654, 38.249539 ], [ -78.735155, 38.24996 ], [ -78.735256, 38.249978 ], [ -78.735376, 38.249936 ], [ -78.735609, 38.249665 ], [ -78.735686, 38.249605 ], [ -78.735861, 38.249508 ], [ -78.73611, 38.24944 ], [ -78.736359, 38.249427 ], [ -78.73645, 38.249436 ], [ -78.736664, 38.249496 ], [ -78.736947, 38.249658 ], [ -78.737082, 38.24983 ], [ -78.737173, 38.249998 ], [ -78.737273, 38.250078 ], [ -78.737339, 38.2501 ], [ -78.737782, 38.250118 ], [ -78.738021, 38.250169 ], [ -78.738281, 38.250315 ], [ -78.738432, 38.250427 ], [ -78.738494, 38.250502 ], [ -78.738532, 38.250587 ], [ -78.738559, 38.250726 ], [ -78.73855, 38.250908 ], [ -78.738521, 38.251004 ], [ -78.738473, 38.251095 ], [ -78.738376, 38.25122 ], [ -78.738161, 38.251441 ], [ -78.737673, 38.251766 ], [ -78.737636, 38.25184 ], [ -78.737663, 38.251924 ], [ -78.737812, 38.252013 ], [ -78.738196, 38.252114 ], [ -78.739376, 38.252242 ], [ -78.739453, 38.252264 ], [ -78.739535, 38.252307 ], [ -78.739605, 38.2524 ], [ -78.739787, 38.252759 ], [ -78.739918, 38.252901 ], [ -78.74012, 38.253015 ], [ -78.740322, 38.253098 ], [ -78.740722, 38.25322 ], [ -78.740836, 38.253293 ], [ -78.740881, 38.253373 ], [ -78.740901, 38.253458 ], [ -78.740867, 38.253689 ], [ -78.740812, 38.253813 ], [ -78.740666, 38.253999 ], [ -78.740651, 38.254073 ], [ -78.740671, 38.254108 ], [ -78.740829, 38.254231 ], [ -78.740965, 38.254379 ], [ -78.741204, 38.25472 ], [ -78.741295, 38.254789 ], [ -78.741377, 38.254792 ], [ -78.741453, 38.254732 ], [ -78.741474, 38.254688 ], [ -78.741468, 38.25459 ], [ -78.741363, 38.254382 ], [ -78.741352, 38.25432 ], [ -78.741359, 38.254258 ], [ -78.741396, 38.254185 ], [ -78.741551, 38.254003 ], [ -78.741784, 38.253831 ], [ -78.74189, 38.253775 ], [ -78.742149, 38.253694 ], [ -78.742343, 38.253672 ], [ -78.742796, 38.253725 ], [ -78.743027, 38.253689 ], [ -78.743141, 38.253652 ], [ -78.745472, 38.252644 ], [ -78.746468, 38.252293 ], [ -78.747005, 38.252151 ], [ -78.747223, 38.252114 ], [ -78.747623, 38.252097 ], [ -78.74782, 38.252111 ], [ -78.74804, 38.252163 ], [ -78.749225, 38.252761 ], [ -78.749509, 38.252871 ], [ -78.749845, 38.252926 ], [ -78.750626, 38.253 ], [ -78.750799, 38.253041 ], [ -78.751628, 38.253323 ], [ -78.752054, 38.253531 ], [ -78.752969, 38.25387 ], [ -78.753231, 38.253952 ], [ -78.753603, 38.254034 ], [ -78.754232, 38.254052 ], [ -78.754975, 38.25415 ], [ -78.755584, 38.254316 ], [ -78.756375, 38.254563 ], [ -78.75676, 38.254654 ], [ -78.757027, 38.254735 ], [ -78.75741, 38.254884 ], [ -78.757883, 38.255201 ], [ -78.758195, 38.255345 ], [ -78.758748, 38.255556 ], [ -78.759307, 38.255713 ], [ -78.759704, 38.255779 ], [ -78.760051, 38.255798 ], [ -78.760522, 38.255808 ], [ -78.761038, 38.255763 ], [ -78.761201, 38.255763 ], [ -78.762653, 38.2559 ], [ -78.763038, 38.255982 ], [ -78.763467, 38.256108 ], [ -78.763638, 38.256137 ], [ -78.764079, 38.256178 ], [ -78.764772, 38.256327 ], [ -78.765644, 38.256482 ], [ -78.767011, 38.256834 ], [ -78.767277, 38.256851 ], [ -78.767603, 38.256819 ], [ -78.767796, 38.256817 ], [ -78.768341, 38.256874 ], [ -78.76864, 38.256925 ], [ -78.769371, 38.256975 ], [ -78.770086, 38.257054 ], [ -78.771351, 38.257507 ], [ -78.771884, 38.257595 ], [ -78.772862, 38.257903 ], [ -78.773775, 38.258136 ], [ -78.77376, 38.25846 ], [ -78.773868, 38.259823 ], [ -78.773852, 38.259934 ], [ -78.773737, 38.260244 ], [ -78.773624, 38.261534 ], [ -78.77367, 38.261798 ], [ -78.773788, 38.262109 ], [ -78.773854, 38.262462 ], [ -78.773823, 38.263361 ], [ -78.77378, 38.263649 ], [ -78.773694, 38.263897 ], [ -78.773668, 38.264127 ], [ -78.773665, 38.264249 ], [ -78.773749, 38.264706 ], [ -78.773736, 38.264966 ], [ -78.773748, 38.265052 ], [ -78.774421, 38.266505 ], [ -78.77468, 38.266934 ], [ -78.775082, 38.267445 ], [ -78.775148, 38.267561 ], [ -78.775186, 38.267733 ], [ -78.775156, 38.268302 ], [ -78.775083, 38.268648 ], [ -78.774999, 38.269284 ], [ -78.774824, 38.270144 ], [ -78.774804, 38.270321 ], [ -78.774724, 38.27063 ], [ -78.774509, 38.271091 ], [ -78.774359, 38.271577 ], [ -78.774222, 38.271869 ], [ -78.774085, 38.272081 ], [ -78.773367, 38.272865 ], [ -78.77246, 38.273816 ], [ -78.771693, 38.274795 ], [ -78.771417, 38.275118 ], [ -78.771074, 38.275574 ], [ -78.770766, 38.275952 ], [ -78.770531, 38.276193 ], [ -78.770398, 38.276382 ], [ -78.770223, 38.276564 ], [ -78.770173, 38.276636 ], [ -78.769976, 38.277092 ], [ -78.769915, 38.277184 ], [ -78.769759, 38.277352 ], [ -78.769548, 38.277516 ], [ -78.768909, 38.277794 ], [ -78.768553, 38.27801 ], [ -78.768356, 38.278172 ], [ -78.768174, 38.278453 ], [ -78.767836, 38.278739 ], [ -78.76739, 38.279034 ], [ -78.767207, 38.279133 ], [ -78.767014, 38.279221 ], [ -78.766522, 38.279383 ], [ -78.766383, 38.279454 ], [ -78.766142, 38.279658 ], [ -78.765457, 38.280385 ], [ -78.765287, 38.280506 ], [ -78.765158, 38.28055 ], [ -78.765025, 38.280542 ], [ -78.764906, 38.280484 ], [ -78.76463, 38.280197 ], [ -78.764121, 38.279843 ], [ -78.763866, 38.279685 ], [ -78.763743, 38.279673 ], [ -78.763632, 38.279715 ], [ -78.763402, 38.279961 ], [ -78.763327, 38.280106 ], [ -78.76332, 38.280333 ], [ -78.76338, 38.280554 ], [ -78.763405, 38.280748 ], [ -78.763175, 38.281713 ], [ -78.763109, 38.281894 ], [ -78.762988, 38.282132 ], [ -78.762792, 38.282351 ], [ -78.762504, 38.282624 ], [ -78.76218, 38.282906 ], [ -78.761677, 38.283303 ], [ -78.761387, 38.283514 ], [ -78.760855, 38.283844 ], [ -78.760517, 38.284031 ], [ -78.76051, 38.284682 ], [ -78.760527, 38.284805 ], [ -78.760569, 38.284931 ], [ -78.76076, 38.285229 ], [ -78.760794, 38.285316 ], [ -78.760807, 38.285415 ], [ -78.760802, 38.285483 ], [ -78.760721, 38.285731 ], [ -78.760728, 38.286227 ], [ -78.760686, 38.286366 ], [ -78.760389, 38.286836 ], [ -78.760269, 38.287083 ], [ -78.760232, 38.287315 ], [ -78.760172, 38.287508 ], [ -78.760154, 38.287621 ], [ -78.760158, 38.287975 ], [ -78.760077, 38.288271 ], [ -78.760076, 38.288361 ], [ -78.760154, 38.288748 ], [ -78.760117, 38.289545 ], [ -78.760159, 38.289856 ], [ -78.760157, 38.289977 ], [ -78.759987, 38.29048 ], [ -78.759815, 38.290748 ], [ -78.759718, 38.290973 ], [ -78.759652, 38.291318 ], [ -78.759674, 38.291427 ], [ -78.760068, 38.292107 ], [ -78.760345, 38.292535 ], [ -78.76069, 38.292883 ], [ -78.760857, 38.293105 ], [ -78.761118, 38.293379 ], [ -78.761518, 38.293675 ], [ -78.76167, 38.293808 ], [ -78.762408, 38.29463 ], [ -78.762747, 38.295192 ], [ -78.76282, 38.295281 ], [ -78.763088, 38.295525 ], [ -78.763187, 38.295638 ], [ -78.763639, 38.2964 ], [ -78.764094, 38.297425 ], [ -78.764613, 38.298672 ], [ -78.764833, 38.299022 ], [ -78.764962, 38.29915 ], [ -78.765313, 38.299357 ], [ -78.76553, 38.299509 ], [ -78.766074, 38.300014 ], [ -78.76664, 38.300409 ], [ -78.766716, 38.300492 ], [ -78.766876, 38.300727 ], [ -78.767657, 38.301911 ], [ -78.770893, 38.307626 ], [ -78.771165, 38.308108 ], [ -78.771213, 38.30823 ], [ -78.771265, 38.308486 ], [ -78.77127, 38.308788 ], [ -78.771243, 38.308958 ], [ -78.771015, 38.309678 ], [ -78.770895, 38.310104 ], [ -78.770862, 38.31029 ], [ -78.77085, 38.310623 ], [ -78.770871, 38.310793 ], [ -78.770926, 38.311009 ], [ -78.771166, 38.311646 ], [ -78.771284, 38.311958 ], [ -78.771359, 38.312158 ], [ -78.771854, 38.313473 ], [ -78.772037, 38.31388 ], [ -78.772189, 38.314164 ], [ -78.772526, 38.314635 ], [ -78.774625, 38.317397 ], [ -78.774906, 38.317834 ], [ -78.775416, 38.318545 ], [ -78.778552, 38.322633 ], [ -78.775215, 38.324226 ], [ -78.775276, 38.324414 ], [ -78.77543, 38.325066 ], [ -78.776019, 38.327776 ], [ -78.776057, 38.327857 ], [ -78.776151, 38.327973 ], [ -78.776347, 38.328102 ], [ -78.779099, 38.32953 ], [ -78.779898, 38.330016 ], [ -78.780283, 38.330273 ], [ -78.780407, 38.330335 ], [ -78.78054, 38.330385 ], [ -78.780767, 38.330435 ], [ -78.782317, 38.330575 ], [ -78.784304, 38.330779 ], [ -78.78732, 38.331057 ], [ -78.789702, 38.33126 ], [ -78.789799, 38.331252 ], [ -78.789947, 38.331211 ], [ -78.790107, 38.331108 ], [ -78.790167, 38.33104 ], [ -78.790731, 38.330144 ], [ -78.790792, 38.330073 ], [ -78.790869, 38.330011 ], [ -78.791014, 38.329958 ], [ -78.791102, 38.329947 ], [ -78.791295, 38.329972 ], [ -78.791638, 38.330116 ], [ -78.792645, 38.330593 ], [ -78.7951, 38.331793 ], [ -78.803736, 38.336193 ], [ -78.804131, 38.336414 ], [ -78.804283, 38.336544 ], [ -78.804336, 38.336612 ], [ -78.804403, 38.336795 ], [ -78.804454, 38.337096 ], [ -78.804483, 38.33716 ], [ -78.804593, 38.337268 ], [ -78.804782, 38.337348 ], [ -78.804936, 38.337384 ], [ -78.805165, 38.33741 ], [ -78.805356, 38.337459 ], [ -78.805174, 38.337546 ], [ -78.803251, 38.338292 ], [ -78.802786, 38.338504 ], [ -78.801885, 38.338946 ], [ -78.801599, 38.339031 ], [ -78.800606, 38.339181 ], [ -78.800099, 38.339275 ], [ -78.799737, 38.339396 ], [ -78.798594, 38.339857 ], [ -78.798355, 38.339968 ], [ -78.7981, 38.340109 ], [ -78.797641, 38.340428 ], [ -78.796701, 38.341203 ], [ -78.79633, 38.341555 ], [ -78.796206, 38.341693 ], [ -78.794439, 38.343576 ], [ -78.793782, 38.344284 ], [ -78.793687, 38.344398 ], [ -78.793585, 38.344583 ], [ -78.793352, 38.34551 ], [ -78.793284, 38.3457 ], [ -78.793212, 38.345838 ], [ -78.793008, 38.346102 ], [ -78.792671, 38.346406 ], [ -78.791859, 38.346976 ], [ -78.790305, 38.347878 ], [ -78.789763, 38.348118 ], [ -78.788261, 38.348705 ], [ -78.787829, 38.348907 ], [ -78.787456, 38.349153 ], [ -78.783983, 38.351776 ], [ -78.784558, 38.35236 ], [ -78.789667, 38.357697 ], [ -78.79011, 38.358149 ], [ -78.79035, 38.358366 ], [ -78.790642, 38.358599 ], [ -78.791229, 38.358993 ], [ -78.794593, 38.360904 ], [ -78.795109, 38.361187 ], [ -78.795367, 38.361308 ], [ -78.795635, 38.361416 ], [ -78.795967, 38.361527 ], [ -78.796428, 38.361639 ], [ -78.796759, 38.361695 ], [ -78.797314, 38.361746 ], [ -78.798142, 38.361785 ], [ -78.7984, 38.361811 ], [ -78.798623, 38.361853 ], [ -78.799007, 38.361977 ], [ -78.799312, 38.362138 ], [ -78.799612, 38.362381 ], [ -78.799801, 38.362594 ], [ -78.79989, 38.362729 ], [ -78.799959, 38.362868 ], [ -78.800293, 38.363745 ], [ -78.800422, 38.364006 ], [ -78.800569, 38.36426 ], [ -78.801286, 38.365227 ], [ -78.80142, 38.365445 ], [ -78.801622, 38.365883 ], [ -78.801738, 38.366313 ], [ -78.801836, 38.367436 ], [ -78.801924, 38.367891 ], [ -78.802248, 38.367805 ], [ -78.804102, 38.367151 ], [ -78.805576, 38.36667 ], [ -78.807758, 38.365924 ], [ -78.807865, 38.365835 ], [ -78.807896, 38.365777 ], [ -78.807997, 38.365393 ], [ -78.808188, 38.364575 ], [ -78.808212, 38.364396 ], [ -78.808177, 38.36408 ], [ -78.808183, 38.363993 ], [ -78.808206, 38.363922 ], [ -78.808297, 38.363814 ], [ -78.808447, 38.363736 ], [ -78.809965, 38.363366 ], [ -78.811064, 38.363001 ], [ -78.811318, 38.362911 ], [ -78.812993, 38.362335 ], [ -78.813521, 38.364414 ], [ -78.813602, 38.364621 ], [ -78.813725, 38.36482 ], [ -78.813909, 38.364986 ], [ -78.817879, 38.367524 ], [ -78.818007, 38.367649 ], [ -78.818066, 38.367738 ], [ -78.818109, 38.367833 ], [ -78.818321, 38.368699 ], [ -78.819146, 38.372731 ], [ -78.819733, 38.375305 ], [ -78.819844, 38.375671 ], [ -78.819639, 38.375812 ], [ -78.819308, 38.376077 ], [ -78.819013, 38.376371 ], [ -78.818579, 38.376932 ], [ -78.818238, 38.377455 ], [ -78.818085, 38.377733 ], [ -78.817966, 38.37796 ], [ -78.817752, 38.37847 ], [ -78.817383, 38.379596 ], [ -78.817153, 38.380361 ], [ -78.817033, 38.380991 ], [ -78.816948, 38.3817 ], [ -78.816745, 38.383605 ], [ -78.816666, 38.384076 ], [ -78.816547, 38.384616 ], [ -78.816354, 38.385402 ], [ -78.816247, 38.385752 ], [ -78.816072, 38.386159 ], [ -78.815866, 38.386501 ], [ -78.8155, 38.386982 ], [ -78.814139, 38.388629 ], [ -78.811743, 38.391537 ], [ -78.811249, 38.392059 ], [ -78.810614, 38.392623 ], [ -78.810452, 38.392746 ], [ -78.813392, 38.39627 ], [ -78.81395, 38.397038 ], [ -78.814494, 38.397782 ], [ -78.814813, 38.398137 ], [ -78.815286, 38.398602 ], [ -78.81582, 38.399055 ], [ -78.821585, 38.403495 ], [ -78.825093, 38.406263 ], [ -78.825742, 38.406741 ], [ -78.826489, 38.407199 ], [ -78.827263, 38.407697 ], [ -78.828676, 38.408767 ], [ -78.829275, 38.409229 ], [ -78.830121, 38.409942 ], [ -78.830847, 38.410636 ], [ -78.831251, 38.411052 ], [ -78.831657, 38.41151 ], [ -78.832587, 38.412603 ], [ -78.835039, 38.415489 ], [ -78.836275, 38.416943 ], [ -78.836583, 38.417343 ], [ -78.836856, 38.417778 ], [ -78.832349, 38.419048 ], [ -78.828435, 38.420155 ], [ -78.827316, 38.420474 ], [ -78.827031, 38.420552 ], [ -78.828619, 38.421424 ], [ -78.830252, 38.422601 ], [ -78.827439, 38.429523 ], [ -78.826485, 38.429364 ], [ -78.826239, 38.430018 ], [ -78.82432, 38.435079 ], [ -78.824836, 38.436041 ], [ -78.825511, 38.436481 ], [ -78.825191, 38.437945 ], [ -78.825163, 38.438279 ], [ -78.825806, 38.439543 ], [ -78.826693, 38.440306000000106 ], [ -78.828839, 38.441758 ], [ -78.829507, 38.442557 ], [ -78.830295, 38.44307 ], [ -78.833313, 38.4435 ], [ -78.83406, 38.443581 ], [ -78.834083, 38.443616 ], [ -78.83436, 38.444043 ], [ -78.834541, 38.444733 ], [ -78.834556, 38.445053 ], [ -78.834318, 38.445512 ], [ -78.834033, 38.445833 ], [ -78.833695, 38.446442 ], [ -78.833611, 38.447579 ], [ -78.833338, 38.448559 ], [ -78.833283, 38.449212 ], [ -78.833246, 38.449676 ], [ -78.833317, 38.450284 ], [ -78.833341, 38.450871 ], [ -78.833351, 38.451455 ], [ -78.833686, 38.452567 ], [ -78.833918, 38.453352 ], [ -78.833991, 38.453551 ], [ -78.834579, 38.45554 ], [ -78.835451, 38.455516 ], [ -78.838248, 38.455443 ], [ -78.844752, 38.453993 ], [ -78.845567, 38.453628 ], [ -78.848589, 38.452278 ], [ -78.847428, 38.457349 ], [ -78.846892, 38.459696 ], [ -78.849852, 38.463116 ], [ -78.849931, 38.463207 ], [ -78.849342, 38.464099 ], [ -78.849132, 38.464478 ], [ -78.848901, 38.464816 ], [ -78.857903, 38.475412 ], [ -78.857924, 38.475436 ], [ -78.86788, 38.478882 ], [ -78.86926, 38.479379 ], [ -78.870961, 38.479993 ], [ -78.870993, 38.480001 ], [ -78.870804, 38.481526 ], [ -78.870745, 38.482653 ], [ -78.870676, 38.484087 ], [ -78.870561, 38.486433 ], [ -78.870517, 38.487244 ], [ -78.871246, 38.489338 ], [ -78.871361, 38.489518 ], [ -78.873481, 38.488106 ], [ -78.87325, 38.487531 ], [ -78.87415, 38.487482 ], [ -78.875015, 38.485941 ], [ -78.875635, 38.484836 ], [ -78.877421, 38.481641 ], [ -78.878638, 38.479451 ], [ -78.880439, 38.476733 ], [ -78.880758, 38.47615 ], [ -78.882274, 38.472574 ], [ -78.882758, 38.471431 ], [ -78.88297, 38.47093 ], [ -78.883475, 38.469744 ], [ -78.883316, 38.469642 ], [ -78.883335, 38.469615 ], [ -78.886154, 38.465084 ], [ -78.886605, 38.463934 ], [ -78.886667, 38.463778 ], [ -78.888973, 38.455357 ], [ -78.890082, 38.455857 ], [ -78.894792, 38.456966 ], [ -78.895569, 38.457148 ], [ -78.897253, 38.457847 ], [ -78.900589, 38.459217 ], [ -78.902897, 38.456096 ], [ -78.902947, 38.456026 ], [ -78.904142, 38.454409 ], [ -78.904346, 38.454271 ], [ -78.905937, 38.453198 ], [ -78.908014, 38.451799 ], [ -78.90957, 38.448144 ], [ -78.909618, 38.448033 ], [ -78.91099, 38.444809 ], [ -78.913438, 38.440572 ], [ -78.914907, 38.438294 ], [ -78.915443, 38.437455 ], [ -78.912361, 38.436333 ], [ -78.910462, 38.435544 ], [ -78.910023, 38.434315 ], [ -78.909075, 38.434506 ], [ -78.908537, 38.433926 ], [ -78.908353, 38.433637 ], [ -78.907964, 38.433028 ], [ -78.906989, 38.431181 ], [ -78.906759, 38.430749 ], [ -78.905979, 38.42973 ], [ -78.903115, 38.425945 ], [ -78.902201, 38.42436 ], [ -78.902469, 38.42415 ], [ -78.903699, 38.423667 ], [ -78.903748, 38.423596 ], [ -78.903784, 38.423537 ], [ -78.904658, 38.423231 ], [ -78.904875, 38.42272 ], [ -78.90586, 38.422501 ], [ -78.905865, 38.421867 ], [ -78.905872, 38.421098 ], [ -78.904589, 38.421248 ], [ -78.904492, 38.421195 ], [ -78.904367, 38.421125 ], [ -78.905253, 38.418726 ], [ -78.904769, 38.418258 ], [ -78.905965, 38.416984 ], [ -78.906359, 38.416131 ], [ -78.90397, 38.414876 ], [ -78.904031, 38.414819 ], [ -78.90977, 38.40939 ], [ -78.909477, 38.409191 ], [ -78.911208, 38.406982 ], [ -78.91305, 38.404634 ], [ -78.912559, 38.404309 ], [ -78.916442, 38.398 ], [ -78.917537, 38.396224 ], [ -78.917588, 38.396135 ], [ -78.917275, 38.395451 ], [ -78.917553, 38.394842 ], [ -78.917617, 38.394803 ], [ -78.917686, 38.394761 ], [ -78.917871, 38.394153 ], [ -78.916949, 38.393522 ], [ -78.916852, 38.393414 ], [ -78.916771, 38.393325 ], [ -78.914823, 38.391734 ], [ -78.914065, 38.391009 ], [ -78.914587, 38.390067 ], [ -78.914485, 38.390056 ], [ -78.914168, 38.390026 ], [ -78.913936, 38.390004 ], [ -78.913216, 38.389929 ], [ -78.911455, 38.389766 ], [ -78.905734, 38.392718 ], [ -78.903108, 38.391736 ], [ -78.902746, 38.391603 ], [ -78.90007, 38.391437 ], [ -78.899788, 38.39142 ], [ -78.899735, 38.391404 ], [ -78.896734, 38.391235 ], [ -78.891118, 38.390882 ], [ -78.890002, 38.390814 ], [ -78.889458, 38.396688 ], [ -78.888794, 38.399078 ], [ -78.887438, 38.403975 ], [ -78.885601, 38.403462 ], [ -78.883943, 38.402702 ], [ -78.88294, 38.40249 ], [ -78.882853, 38.403173 ], [ -78.882392, 38.406671 ], [ -78.881992, 38.409669 ], [ -78.88229, 38.410348 ], [ -78.883033, 38.411037 ], [ -78.883527, 38.411497 ], [ -78.88182, 38.412128 ], [ -78.881621, 38.411793 ], [ -78.878521, 38.412135 ], [ -78.877203, 38.412278 ], [ -78.875253, 38.412495 ], [ -78.874806, 38.412516 ], [ -78.865186, 38.41291 ], [ -78.865112, 38.412342 ], [ -78.865102, 38.412059 ], [ -78.865154, 38.409725 ], [ -78.865135, 38.409322 ], [ -78.86509, 38.409018 ], [ -78.864998, 38.408633 ], [ -78.86491, 38.40834 ], [ -78.864676, 38.407746 ], [ -78.864191, 38.406941 ], [ -78.864136, 38.406887 ], [ -78.863723, 38.40629 ], [ -78.863352, 38.405822 ], [ -78.862936, 38.405229 ], [ -78.86229, 38.404219 ], [ -78.861575, 38.402993 ], [ -78.860883, 38.401589 ], [ -78.859661, 38.399082 ], [ -78.859174, 38.398073 ], [ -78.85762, 38.394884 ], [ -78.857085, 38.393812 ], [ -78.856725, 38.393167 ], [ -78.856492, 38.39278 ], [ -78.854425, 38.389565 ], [ -78.853973, 38.388946 ], [ -78.853563, 38.388476 ], [ -78.851742, 38.38673 ], [ -78.851379, 38.38629 ], [ -78.852256, 38.386095 ], [ -78.854669, 38.385482 ], [ -78.858253, 38.384624 ], [ -78.858766, 38.384492 ], [ -78.859124, 38.384377 ], [ -78.859358, 38.384273 ], [ -78.859669, 38.384097 ], [ -78.860511, 38.383481 ], [ -78.861389, 38.382872 ], [ -78.862047, 38.382518 ], [ -78.862593, 38.382249 ], [ -78.863024, 38.382041 ], [ -78.863774, 38.381722 ], [ -78.864587, 38.381403 ], [ -78.866444, 38.380662 ], [ -78.867172, 38.380387 ], [ -78.867702, 38.380166 ], [ -78.869694, 38.379403 ], [ -78.870056, 38.379288 ], [ -78.871812, 38.378819 ], [ -78.872428, 38.378669 ], [ -78.872813, 38.378534 ], [ -78.873349, 38.37827 ], [ -78.875537, 38.377043 ], [ -78.87663, 38.376419 ], [ -78.876745, 38.376381 ], [ -78.875794, 38.375944 ], [ -78.874517, 38.375309 ], [ -78.874201, 38.375101 ], [ -78.873818, 38.374746 ], [ -78.872938, 38.373872 ], [ -78.872729, 38.373629 ], [ -78.872174, 38.372905 ], [ -78.871978, 38.372741 ], [ -78.871709, 38.372606 ], [ -78.87092, 38.372285 ], [ -78.87078, 38.372236 ], [ -78.870671, 38.372218 ], [ -78.870569, 38.372214 ], [ -78.869993, 38.372252 ], [ -78.868223, 38.372408 ], [ -78.867894, 38.372425 ], [ -78.867661, 38.372407 ], [ -78.867435, 38.372341 ], [ -78.867334, 38.372288 ], [ -78.866938, 38.371935 ], [ -78.866271, 38.37124 ], [ -78.865392, 38.370241 ], [ -78.865198, 38.370011 ], [ -78.864943, 38.369807 ], [ -78.863072, 38.368849 ], [ -78.862282, 38.368412 ], [ -78.862028, 38.368203 ], [ -78.859811, 38.366245 ], [ -78.859582, 38.365975 ], [ -78.859084, 38.365229 ], [ -78.85895, 38.365146 ], [ -78.858681, 38.365058 ], [ -78.856327, 38.364337 ], [ -78.855418, 38.364037 ], [ -78.855214, 38.363963 ], [ -78.854766, 38.363749 ], [ -78.854592, 38.36361 ], [ -78.854528, 38.363526 ], [ -78.85438, 38.363213 ], [ -78.85426, 38.363015 ], [ -78.8542, 38.362969 ], [ -78.853222, 38.362445 ], [ -78.852909, 38.362136 ], [ -78.852709, 38.362027 ], [ -78.852486, 38.36195 ], [ -78.852353, 38.361888 ], [ -78.85219, 38.36179 ], [ -78.851566, 38.36133 ], [ -78.850615, 38.360678 ], [ -78.85024, 38.36045 ], [ -78.849999, 38.360319 ], [ -78.84948, 38.360077 ], [ -78.848482, 38.359641 ], [ -78.848055, 38.359416 ], [ -78.847833, 38.359264 ], [ -78.846657, 38.358111 ], [ -78.845388, 38.356538 ], [ -78.845892, 38.356063 ], [ -78.846826, 38.355112 ], [ -78.849572, 38.352254 ], [ -78.84999, 38.351806 ], [ -78.850528, 38.351189 ], [ -78.85076, 38.350869 ], [ -78.850958, 38.350558 ], [ -78.851272, 38.34996 ], [ -78.85191, 38.34858 ], [ -78.852063, 38.348293 ], [ -78.852328, 38.347868 ], [ -78.85278, 38.347297 ], [ -78.853156, 38.346911 ], [ -78.853431, 38.346668 ], [ -78.855714, 38.344804 ], [ -78.856436, 38.344191 ], [ -78.856902, 38.343753 ], [ -78.857352, 38.343246 ], [ -78.857605, 38.342919 ], [ -78.857999, 38.342338 ], [ -78.85943, 38.340007 ], [ -78.859997, 38.340192 ], [ -78.864503, 38.341474 ], [ -78.865752, 38.341859 ], [ -78.870785, 38.343303 ], [ -78.870869, 38.34334 ], [ -78.871041, 38.343458 ], [ -78.871253, 38.343692 ], [ -78.872239, 38.345449 ], [ -78.872633, 38.346217 ], [ -78.873104, 38.34701 ], [ -78.873313, 38.347229 ], [ -78.874982, 38.348419 ], [ -78.875927, 38.349128 ], [ -78.876021, 38.349155 ], [ -78.87614, 38.349131 ], [ -78.876304, 38.348992 ], [ -78.877125, 38.348174 ], [ -78.877542, 38.347829 ], [ -78.877927, 38.347572 ], [ -78.879178, 38.346822 ], [ -78.881001, 38.345771 ], [ -78.881251, 38.345651 ], [ -78.881444, 38.345579 ], [ -78.881882, 38.345472 ], [ -78.882233, 38.345435 ], [ -78.882838, 38.345439 ], [ -78.882948, 38.345222 ], [ -78.883154, 38.34493 ], [ -78.885565, 38.342253 ], [ -78.885694, 38.34211 ], [ -78.88612, 38.341597 ], [ -78.888869, 38.337433 ], [ -78.890339, 38.335173 ], [ -78.890553, 38.334871 ], [ -78.890633, 38.334788 ], [ -78.89085, 38.334639 ], [ -78.891078, 38.334536 ], [ -78.893656, 38.333645 ], [ -78.895652, 38.332816 ], [ -78.896014, 38.332628 ], [ -78.896155, 38.332499 ], [ -78.896532, 38.331939 ], [ -78.896617, 38.331843 ], [ -78.897355, 38.331268 ], [ -78.8979, 38.330788 ], [ -78.898634, 38.330042 ], [ -78.89914, 38.329561 ], [ -78.89969, 38.32906 ], [ -78.90107, 38.327891 ], [ -78.902519, 38.326591 ], [ -78.902978, 38.326079 ], [ -78.903031, 38.325991 ], [ -78.903246, 38.325725 ], [ -78.90395, 38.325011 ], [ -78.904538, 38.324501 ], [ -78.905343, 38.323855 ], [ -78.90804, 38.321954 ], [ -78.908137, 38.321866 ], [ -78.908264, 38.321713 ], [ -78.908361, 38.321691 ], [ -78.908441, 38.321723000000112 ], [ -78.908733, 38.321929 ], [ -78.909234, 38.322503 ], [ -78.909319, 38.322729 ], [ -78.909362, 38.322929 ], [ -78.90943, 38.323588 ], [ -78.909457, 38.323648 ], [ -78.909532, 38.323719 ], [ -78.909586, 38.323734 ], [ -78.909695, 38.32372 ], [ -78.909791, 38.323649 ], [ -78.909824, 38.323606 ], [ -78.909847, 38.323493 ], [ -78.909807, 38.323369 ], [ -78.909812, 38.323247 ], [ -78.910077, 38.322565 ], [ -78.91, 38.322241 ], [ -78.90984, 38.321867 ], [ -78.909736, 38.32156 ], [ -78.909729, 38.321455 ], [ -78.909757, 38.321345 ], [ -78.90998, 38.321071 ], [ -78.910022, 38.320988 ], [ -78.91005, 38.320802 ], [ -78.910029, 38.320664 ], [ -78.909869, 38.320286 ], [ -78.909646, 38.319879 ], [ -78.909437, 38.319522 ], [ -78.909304, 38.319346 ], [ -78.909054, 38.318956 ], [ -78.908524, 38.318248 ], [ -78.90782, 38.317429 ], [ -78.907709, 38.31721 ], [ -78.907639, 38.317012 ], [ -78.907605, 38.316666 ], [ -78.907633, 38.316249 ], [ -78.907675, 38.316078 ], [ -78.907737, 38.315925 ], [ -78.907877, 38.31571 ], [ -78.908316, 38.315304 ], [ -78.908674, 38.315067 ], [ -78.90872, 38.315247 ], [ -78.909959, 38.314482 ], [ -78.91087, 38.313603 ], [ -78.911331, 38.312988 ], [ -78.911855, 38.312109 ], [ -78.91223, 38.311264 ], [ -78.912434, 38.310395 ], [ -78.91275, 38.309651 ], [ -78.913078, 38.309153 ], [ -78.913345, 38.308918 ], [ -78.913376, 38.308786 ], [ -78.913831, 38.308172 ], [ -78.913962, 38.308069 ], [ -78.914261, 38.307159 ], [ -78.914234, 38.306939 ], [ -78.91455, 38.306639 ], [ -78.914912, 38.305248 ], [ -78.914841, 38.305102 ], [ -78.914283, 38.30448 ], [ -78.914187, 38.304439 ], [ -78.914289, 38.304319 ], [ -78.914383, 38.304381 ], [ -78.914622, 38.30454 ], [ -78.918428, 38.306627 ], [ -78.918691, 38.306772 ], [ -78.923271, 38.30929 ], [ -78.923405, 38.309363 ], [ -78.923597, 38.309468 ], [ -78.925457, 38.310489 ], [ -78.929159, 38.312562 ], [ -78.930195, 38.313144 ], [ -78.930693, 38.313424 ], [ -78.930343, 38.309585 ], [ -78.93012, 38.306989 ], [ -78.930117, 38.30693 ], [ -78.930113, 38.30686 ], [ -78.930085, 38.306063 ], [ -78.930082, 38.30531 ], [ -78.930142, 38.303878 ], [ -78.930259, 38.30266 ], [ -78.930487, 38.301119 ], [ -78.930678, 38.300178 ], [ -78.932223, 38.29307 ], [ -78.932539, 38.291802 ], [ -78.932687, 38.290962 ], [ -78.932829, 38.290316 ], [ -78.933239, 38.2887 ], [ -78.933604, 38.287412 ], [ -78.934104, 38.285801 ], [ -78.93462, 38.284227 ], [ -78.936327, 38.278693 ], [ -78.936544, 38.277854 ], [ -78.936829, 38.276535 ], [ -78.936948, 38.275851 ], [ -78.937271, 38.273619 ], [ -78.937669, 38.270965 ], [ -78.937889, 38.269962 ], [ -78.93796, 38.269708 ], [ -78.938176, 38.269026 ], [ -78.938545, 38.268083 ], [ -78.938997, 38.267144 ], [ -78.939336, 38.26654 ], [ -78.940089, 38.26538 ], [ -78.940785, 38.264506 ], [ -78.941135, 38.264106 ], [ -78.941805, 38.263402 ], [ -78.942338, 38.2629 ], [ -78.945498, 38.260062 ], [ -78.946518, 38.259164 ], [ -78.947647, 38.258124 ], [ -78.949374, 38.256588 ], [ -78.950816, 38.255209 ], [ -78.950981, 38.255027 ], [ -78.95168, 38.254308 ], [ -78.95251, 38.253525 ], [ -78.952961, 38.253046 ], [ -78.954169, 38.251723 ], [ -78.95629, 38.249282 ], [ -78.956815, 38.24863 ], [ -78.958548, 38.246372 ], [ -78.960657, 38.243686 ], [ -78.963003, 38.240976 ], [ -78.964621, 38.23927 ], [ -78.965484, 38.238408 ], [ -78.966948, 38.237031 ], [ -78.967131, 38.236864 ], [ -78.967901, 38.23616 ], [ -78.969886, 38.234464 ], [ -78.973612, 38.231351 ], [ -78.976819, 38.228644 ], [ -78.986684, 38.220332 ], [ -78.987606, 38.219536 ], [ -78.988188, 38.218976 ], [ -78.988967, 38.21813 ], [ -78.989424, 38.217579 ], [ -78.989793, 38.217091 ], [ -78.990257, 38.216416 ], [ -78.99077, 38.215548 ], [ -78.991147, 38.214815 ], [ -78.99139, 38.21428 ], [ -78.99161, 38.213722 ], [ -78.991833, 38.213075 ], [ -78.991966, 38.212612 ], [ -78.992171, 38.211832 ], [ -78.993665, 38.205741 ], [ -78.994216, 38.203401 ], [ -78.99424, 38.203304 ], [ -78.994943, 38.203787 ], [ -78.995256, 38.204102 ], [ -78.996585, 38.205186 ], [ -78.997681, 38.205911 ], [ -78.998092, 38.206104 ], [ -78.998228, 38.206123 ], [ -78.998476, 38.206267 ], [ -78.998946, 38.20636 ], [ -79.000232, 38.206521 ], [ -79.00052, 38.206643 ], [ -79.001015, 38.20693 ], [ -79.001674, 38.207267 ], [ -79.002235, 38.207726 ], [ -79.002337, 38.207741 ], [ -79.002421, 38.207834 ], [ -79.002523, 38.207848 ], [ -79.002845, 38.208038 ], [ -79.002939, 38.207944 ], [ -79.003449, 38.207431 ], [ -79.004065, 38.206788 ], [ -79.0043, 38.206488 ], [ -79.004475, 38.206241 ], [ -79.00492, 38.205507 ], [ -79.005347, 38.20485 ], [ -79.005692, 38.204439 ], [ -79.006082, 38.20407 ], [ -79.006346, 38.203849 ], [ -79.007019, 38.203295 ], [ -79.008265, 38.202258 ], [ -79.008927, 38.20173 ], [ -79.013043, 38.198339 ], [ -79.015737, 38.19604 ], [ -79.017839, 38.194306 ], [ -79.018379, 38.193861 ], [ -79.021141, 38.191587 ], [ -79.022162, 38.190705 ], [ -79.024808, 38.192161 ], [ -79.022841, 38.195645 ], [ -79.025035, 38.195873 ], [ -79.033789, 38.199018 ], [ -79.039378, 38.193696 ], [ -79.041794, 38.192864 ], [ -79.044118, 38.191199 ], [ -79.044545, 38.190043 ], [ -79.053585, 38.188139 ], [ -79.059387, 38.186921 ], [ -79.059902, 38.186812 ], [ -79.060144, 38.18684 ], [ -79.062141, 38.18712 ], [ -79.062824, 38.187201 ], [ -79.063677, 38.187268 ], [ -79.064402, 38.187302 ], [ -79.065129, 38.187312 ], [ -79.065855, 38.187298 ], [ -79.066885, 38.187237 ], [ -79.078367, 38.186014 ], [ -79.079647, 38.186769 ], [ -79.082282, 38.188322 ], [ -79.082945, 38.188714 ], [ -79.083951, 38.188502 ], [ -79.088241, 38.187926 ], [ -79.088878, 38.187791 ], [ -79.090138, 38.187481 ], [ -79.09076, 38.187305 ], [ -79.092227, 38.186845 ], [ -79.093275, 38.186494 ], [ -79.093708, 38.186324 ], [ -79.094134, 38.186124 ], [ -79.094762, 38.185783 ], [ -79.095448, 38.185377 ], [ -79.096167, 38.184886 ], [ -79.096934, 38.184281 ], [ -79.097608, 38.183642 ], [ -79.098228, 38.182971 ], [ -79.098403, 38.182775 ], [ -79.100554, 38.180291 ], [ -79.100951, 38.179898 ], [ -79.101322, 38.179419 ], [ -79.103803, 38.175019 ], [ -79.10494, 38.17296 ], [ -79.104978, 38.172893 ], [ -79.105899, 38.171268 ], [ -79.107924, 38.166507 ], [ -79.107952, 38.166449 ], [ -79.109713, 38.162317 ], [ -79.109982, 38.161841 ], [ -79.112295, 38.157749 ], [ -79.113345, 38.156098 ], [ -79.11349, 38.155811 ], [ -79.113665, 38.155369 ], [ -79.113753, 38.155069 ], [ -79.113817, 38.154764 ], [ -79.11384, 38.154611 ], [ -79.11357, 38.153153 ], [ -79.113334, 38.152768 ], [ -79.113042, 38.152277 ], [ -79.112614, 38.15132 ], [ -79.11249, 38.150898 ], [ -79.111749, 38.149193 ], [ -79.110385, 38.14698 ], [ -79.108033, 38.14314 ], [ -79.106469, 38.140611 ], [ -79.106276, 38.140344 ], [ -79.105671, 38.139591 ], [ -79.105461, 38.139416 ], [ -79.105132, 38.139105 ], [ -79.104669, 38.138727 ], [ -79.104129, 38.138384 ], [ -79.103287, 38.137951 ], [ -79.097183, 38.135234 ], [ -79.096482, 38.134854 ], [ -79.092669, 38.132243 ], [ -79.091559, 38.132128 ], [ -79.091041, 38.130581 ], [ -79.090705, 38.129929 ], [ -79.090245, 38.12928 ], [ -79.086569, 38.126964 ], [ -79.08214, 38.126266 ], [ -79.078497, 38.126366 ], [ -79.077799, 38.126370000000108 ], [ -79.077561, 38.12646 ], [ -79.074396, 38.127651 ], [ -79.072681, 38.127855 ], [ -79.071469, 38.128718 ], [ -79.070724, 38.12813 ], [ -79.070119, 38.128446 ], [ -79.070433, 38.128792 ], [ -79.070052, 38.129113 ], [ -79.070491, 38.129411 ], [ -79.06994, 38.131022 ], [ -79.068762, 38.130442 ], [ -79.065464, 38.128835 ], [ -79.06378, 38.127991 ], [ -79.06207, 38.127161 ], [ -79.053614, 38.123035 ], [ -79.049819, 38.121176 ], [ -79.048755, 38.122104 ], [ -79.048455, 38.121845 ], [ -79.048267, 38.121642 ], [ -79.048087, 38.121389 ], [ -79.047533, 38.121439 ], [ -79.047186, 38.121367 ], [ -79.046081, 38.121139 ], [ -79.042031, 38.119463 ], [ -79.038214, 38.118118 ], [ -79.03702, 38.117682 ], [ -79.035603, 38.11711 ], [ -79.034502, 38.116641 ], [ -79.033161, 38.116017 ], [ -79.031503, 38.115169 ], [ -79.023727, 38.111063 ], [ -79.021063, 38.109629 ], [ -79.018951, 38.108439 ], [ -79.018712, 38.108304 ], [ -79.018645, 38.108266 ], [ -79.018577, 38.108228 ], [ -79.013418, 38.105308 ], [ -79.01146, 38.104196 ], [ -79.009885, 38.103263 ], [ -79.008852, 38.102603 ], [ -79.00816, 38.102135 ], [ -79.00743, 38.101624 ], [ -79.006018, 38.100561 ], [ -79.004943, 38.099676 ], [ -79.00392, 38.098771 ], [ -79.002939, 38.09784 ], [ -79.002253, 38.097144 ], [ -79.001501, 38.096336 ], [ -78.996517, 38.090614 ], [ -78.995701, 38.089709 ], [ -78.994885, 38.088837 ], [ -78.994008, 38.087946 ], [ -78.993151, 38.087105 ], [ -78.991861, 38.085888 ], [ -78.991474, 38.085503 ], [ -78.988695, 38.082996 ], [ -78.989016, 38.082815 ], [ -78.98946, 38.082572 ], [ -78.989809, 38.082359 ], [ -78.990529, 38.081832 ], [ -78.99105, 38.081342 ], [ -78.991296, 38.081072 ], [ -78.991506, 38.080792 ], [ -78.991644, 38.080577 ], [ -78.992381, 38.079462 ], [ -78.992616, 38.079149 ], [ -78.992957, 38.078759 ], [ -78.993493, 38.078264 ], [ -78.993697, 38.078116 ], [ -78.994099, 38.077886 ], [ -78.994433, 38.077742 ], [ -78.994723, 38.077644 ], [ -79.000013, 38.07636 ], [ -78.999476, 38.075753 ], [ -78.998956, 38.075153 ], [ -78.998724, 38.07482 ], [ -78.998531, 38.074491 ], [ -78.998131, 38.073764 ], [ -78.99808, 38.073577 ], [ -78.998077, 38.073459 ], [ -78.998367, 38.071393 ], [ -78.998357, 38.071106 ], [ -78.998286, 38.07049 ], [ -78.998297, 38.070284 ], [ -78.998597, 38.068813 ], [ -78.998639, 38.068525 ], [ -78.99889, 38.065549 ], [ -78.998918, 38.065406 ], [ -78.999005, 38.06516 ], [ -78.999632, 38.063889 ], [ -78.999794, 38.06357 ], [ -79.000547, 38.062113 ], [ -79.000653, 38.061956 ], [ -79.000795, 38.061794 ], [ -79.001114, 38.061509 ], [ -79.001239, 38.061417 ], [ -79.001396, 38.061314 ], [ -79.002254, 38.060835 ], [ -79.002714, 38.060582 ], [ -79.003193, 38.060341 ], [ -79.003735, 38.060139 ], [ -79.005185, 38.059766 ], [ -79.005372, 38.059693 ], [ -79.005466, 38.059639 ], [ -79.005671, 38.059463 ], [ -79.006085, 38.058904 ], [ -79.006344, 38.058637 ], [ -79.008541, 38.056708 ], [ -79.008752, 38.056559 ], [ -79.009194, 38.056283 ], [ -79.010684, 38.05537 ], [ -79.011991, 38.054622 ], [ -79.012323, 38.054366 ], [ -79.01253, 38.05416 ], [ -79.013683, 38.052867 ], [ -79.014499, 38.05199 ], [ -79.015058, 38.051404 ], [ -79.015185, 38.051221 ], [ -79.015226, 38.051087 ], [ -79.015313, 38.051056 ], [ -79.015424, 38.050967 ], [ -79.015808, 38.050364 ], [ -79.015936, 38.050239 ], [ -79.016008, 38.050195 ], [ -79.016106, 38.050151 ], [ -79.018294, 38.049443 ], [ -79.019065, 38.04918 ], [ -79.020405, 38.048734 ], [ -79.021125, 38.048596 ], [ -79.021653, 38.048523 ], [ -79.021766, 38.048524 ], [ -79.021918, 38.048535 ], [ -79.022048, 38.048567 ], [ -79.022206, 38.048637 ], [ -79.022286, 38.048692 ], [ -79.022781, 38.049163 ], [ -79.022887, 38.049243 ], [ -79.023128, 38.049376 ], [ -79.024906, 38.050025 ], [ -79.025099, 38.05012 ], [ -79.025254, 38.050251 ], [ -79.025844, 38.050936 ], [ -79.027376, 38.052505 ], [ -79.027507, 38.052657 ], [ -79.027733, 38.052978 ], [ -79.027812, 38.053155 ], [ -79.027875, 38.053337 ], [ -79.027951, 38.053709 ], [ -79.028081, 38.055972 ], [ -79.028074, 38.056351 ], [ -79.028122, 38.057415 ], [ -79.028145, 38.057889 ], [ -79.028173, 38.057994 ], [ -79.028262, 38.058118 ], [ -79.028516, 38.058343 ], [ -79.02827, 38.058613 ], [ -79.028131, 38.058804 ], [ -79.027947, 38.059104 ], [ -79.027781, 38.059484 ], [ -79.027664, 38.059937 ], [ -79.02764, 38.060385 ], [ -79.027653, 38.06069 ], [ -79.027824, 38.06227 ], [ -79.02791, 38.063188 ], [ -79.027911, 38.063527 ], [ -79.027871, 38.064209 ], [ -79.027706, 38.065038 ], [ -79.027617, 38.065333 ], [ -79.027388, 38.065957 ], [ -79.026987, 38.066798 ], [ -79.027448, 38.067102 ], [ -79.02836, 38.067851 ], [ -79.028698, 38.068141 ], [ -79.028853, 38.068298 ], [ -79.029176, 38.068724 ], [ -79.030604, 38.071322 ], [ -79.030817, 38.071673 ], [ -79.030949, 38.071845 ], [ -79.031058, 38.071947 ], [ -79.031187, 38.072034 ], [ -79.031339, 38.072111 ], [ -79.033799, 38.073075 ], [ -79.036269, 38.074011 ], [ -79.038757, 38.074992 ], [ -79.040627, 38.075596 ], [ -79.04149, 38.075848 ], [ -79.043878, 38.076413 ], [ -79.043959, 38.07642 ], [ -79.044131, 38.076396 ], [ -79.044456, 38.076231 ], [ -79.044544, 38.076201 ], [ -79.044752, 38.076182 ], [ -79.0449, 38.076211 ], [ -79.045264, 38.07637 ], [ -79.047151, 38.077334 ], [ -79.04743, 38.077506 ], [ -79.04761, 38.077641 ], [ -79.048129, 38.078129 ], [ -79.048227, 38.078207 ], [ -79.048294, 38.078238 ], [ -79.048446, 38.078262 ], [ -79.048523, 38.078252 ], [ -79.04893, 38.078062 ], [ -79.049125, 38.077997 ], [ -79.049533, 38.077911 ], [ -79.049857, 38.077876 ], [ -79.050523, 38.077859 ], [ -79.051018, 38.077884 ], [ -79.051305, 38.077937 ], [ -79.051426, 38.077983 ], [ -79.051504, 38.078035 ], [ -79.05185, 38.078282 ], [ -79.051979, 38.078412 ], [ -79.05204, 38.078497 ], [ -79.052093, 38.078606 ], [ -79.052117, 38.078702 ], [ -79.052164, 38.07913 ], [ -79.052204, 38.079275 ], [ -79.052392, 38.079691 ], [ -79.052572, 38.079949 ], [ -79.052718, 38.080108 ], [ -79.053379, 38.080625 ], [ -79.054029, 38.081169 ], [ -79.054273, 38.081318 ], [ -79.054962, 38.081647 ], [ -79.055103, 38.08173 ], [ -79.055231, 38.081823 ], [ -79.055868, 38.082374 ], [ -79.056018, 38.082479 ], [ -79.056252, 38.082608 ], [ -79.056568, 38.082733 ], [ -79.058166, 38.083159 ], [ -79.058617, 38.083257 ], [ -79.059745, 38.083556 ], [ -79.061923, 38.084103 ], [ -79.062254, 38.084223 ], [ -79.062539, 38.084374 ], [ -79.062801, 38.084589 ], [ -79.062932, 38.084749 ], [ -79.062991, 38.084875 ], [ -79.063059, 38.085122 ], [ -79.063125, 38.085109 ], [ -79.063334, 38.085125 ], [ -79.063646, 38.08518 ], [ -79.064258, 38.085219 ], [ -79.064487, 38.085263 ], [ -79.064591, 38.085356 ], [ -79.06464, 38.085493 ], [ -79.06473, 38.085565 ], [ -79.065265, 38.085576 ], [ -79.065356, 38.08562 ], [ -79.065391, 38.085713 ], [ -79.065321, 38.085812 ], [ -79.065321, 38.085878 ], [ -79.065439, 38.085933 ], [ -79.065648, 38.085949 ], [ -79.066099, 38.086042 ], [ -79.066169, 38.086169 ], [ -79.066224, 38.086416 ], [ -79.066204, 38.086581 ], [ -79.066273, 38.086734 ], [ -79.066377, 38.086773 ], [ -79.066676, 38.086773 ], [ -79.06685, 38.086817 ], [ -79.067024, 38.086872 ], [ -79.067183, 38.086982 ], [ -79.067336, 38.087174 ], [ -79.067371, 38.087284 ], [ -79.067336, 38.087421 ], [ -79.067392, 38.087531 ], [ -79.068017, 38.088025 ], [ -79.068678, 38.088492 ], [ -79.069004, 38.088684 ], [ -79.069164, 38.088799 ], [ -79.069178, 38.088893 ], [ -79.06899, 38.089096 ], [ -79.06897, 38.089195 ], [ -79.06906, 38.089387 ], [ -79.069463, 38.08948 ], [ -79.069706, 38.089552 ], [ -79.069998, 38.089563 ], [ -79.07038, 38.089552 ], [ -79.070887, 38.089634 ], [ -79.07104, 38.089618 ], [ -79.071235, 38.089552 ], [ -79.071423, 38.089442 ], [ -79.071527, 38.089288 ], [ -79.071721, 38.089178 ], [ -79.072013, 38.089041 ], [ -79.072465, 38.088876 ], [ -79.072778, 38.088821 ], [ -79.072917, 38.088684 ], [ -79.073097, 38.088547 ], [ -79.073202, 38.088558 ], [ -79.073702, 38.088777 ], [ -79.073792, 38.088832 ], [ -79.073792, 38.088887 ], [ -79.073737, 38.089013 ], [ -79.073792, 38.089107 ], [ -79.073876, 38.089178 ], [ -79.074015, 38.089206 ], [ -79.074188, 38.089205 ], [ -79.074432, 38.089178 ], [ -79.074605, 38.089216 ], [ -79.074814, 38.089288 ], [ -79.074953, 38.08937 ], [ -79.075113, 38.089409 ], [ -79.075217, 38.089409 ], [ -79.075599, 38.089299 ], [ -79.075912, 38.089189 ], [ -79.076016, 38.089178 ], [ -79.076176, 38.089134 ], [ -79.076384, 38.089161 ], [ -79.076736, 38.089232 ], [ -79.077389, 38.089353 ], [ -79.077566, 38.089381 ], [ -79.078101, 38.089518 ], [ -79.0784, 38.089518 ], [ -79.078587, 38.089535 ], [ -79.078886, 38.089589 ], [ -79.079034, 38.089631 ], [ -79.079546, 38.089754 ], [ -79.079651, 38.089793 ], [ -79.079776, 38.089864 ], [ -79.07988, 38.089891 ], [ -79.080137, 38.089864 ], [ -79.080297, 38.089875 ], [ -79.080471, 38.089946 ], [ -79.080749, 38.090029 ], [ -79.080971, 38.090138 ], [ -79.08127, 38.090204 ], [ -79.081618, 38.090331 ], [ -79.081826, 38.090358 ], [ -79.082139, 38.090358 ], [ -79.082222, 38.090396 ], [ -79.082542, 38.090698 ], [ -79.08282, 38.090918 ], [ -79.083028, 38.091 ], [ -79.083216, 38.09111 ], [ -79.083355, 38.09128 ], [ -79.083654, 38.091868 ], [ -79.083772, 38.092033 ], [ -79.083911, 38.092088 ], [ -79.084141, 38.092066 ], [ -79.084557, 38.091884 ], [ -79.084676, 38.091857 ], [ -79.084766, 38.091868 ], [ -79.08494, 38.091967 ], [ -79.085169, 38.092197 ], [ -79.085239, 38.092335 ], [ -79.085287, 38.092571 ], [ -79.085287, 38.092763 ], [ -79.085169, 38.093093 ], [ -79.085169, 38.093186 ], [ -79.085253, 38.093329 ], [ -79.085274, 38.093411 ], [ -79.085218, 38.093504 ], [ -79.085058, 38.093614 ], [ -79.084857, 38.093724 ], [ -79.084648, 38.093889 ], [ -79.084544, 38.094274 ], [ -79.084523, 38.094466 ], [ -79.084384, 38.094521 ], [ -79.084419, 38.094603 ], [ -79.084489, 38.094647 ], [ -79.084683, 38.094702 ], [ -79.084871, 38.094702 ], [ -79.085045, 38.094647 ], [ -79.08517, 38.094576 ], [ -79.085239, 38.094427 ], [ -79.085323, 38.094356 ], [ -79.085413, 38.094317 ], [ -79.085517, 38.094317 ], [ -79.085948, 38.094466 ], [ -79.086087, 38.094603 ], [ -79.086212, 38.094795 ], [ -79.086352, 38.095306 ], [ -79.0864, 38.09535 ], [ -79.08649, 38.095322 ], [ -79.086748, 38.095152 ], [ -79.086907, 38.095086 ], [ -79.086991, 38.095086 ], [ -79.087215, 38.095133 ], [ -79.087726, 38.094585 ], [ -79.088813, 38.093119 ], [ -79.092747, 38.087765 ], [ -79.094841, 38.084944 ], [ -79.095232, 38.084384 ], [ -79.096448, 38.082729 ], [ -79.097111, 38.08186 ], [ -79.098173, 38.080374 ], [ -79.099331, 38.078799 ], [ -79.099542, 38.078471 ], [ -79.098799, 38.078223 ], [ -79.098173, 38.078076 ], [ -79.097694, 38.078014 ], [ -79.097099, 38.077988 ], [ -79.096706, 38.078 ], [ -79.096107, 38.078069 ], [ -79.093087, 38.078601 ], [ -79.092392, 38.07867 ], [ -79.091796, 38.078668 ], [ -79.09103, 38.078604 ], [ -79.090411, 38.078466 ], [ -79.090179, 38.078401 ], [ -79.089755, 38.078246 ], [ -79.089492, 38.078127 ], [ -79.089227, 38.077974 ], [ -79.088798, 38.077699 ], [ -79.087698, 38.076876 ], [ -79.087132, 38.076433 ], [ -79.088001, 38.075778 ], [ -79.088845, 38.075186 ], [ -79.089563, 38.074714 ], [ -79.090424, 38.074177 ], [ -79.091478, 38.073566 ], [ -79.092625, 38.072949 ], [ -79.093328, 38.072595 ], [ -79.097639, 38.070553 ], [ -79.099993, 38.069412 ], [ -79.101254, 38.068763 ], [ -79.10326, 38.067636 ], [ -79.104257, 38.067043 ], [ -79.106461, 38.065632 ], [ -79.107043, 38.065216 ], [ -79.107715, 38.064766 ], [ -79.109028, 38.063799 ], [ -79.110156, 38.062918 ], [ -79.110778, 38.06242 ], [ -79.112869, 38.06071 ], [ -79.112981, 38.060611 ], [ -79.114207, 38.061618000000109 ], [ -79.114038, 38.061822 ], [ -79.113526, 38.062337 ], [ -79.114941, 38.062324 ], [ -79.115368, 38.062305 ], [ -79.116308, 38.06234 ], [ -79.116362, 38.062356 ], [ -79.120571, 38.062494 ], [ -79.122565, 38.062569 ], [ -79.128066, 38.062691 ], [ -79.129302, 38.061634 ], [ -79.141914, 38.051072 ], [ -79.152257, 38.042355 ], [ -79.154663, 38.040348 ], [ -79.16159, 38.033897 ], [ -79.162986, 38.032618 ], [ -79.16279, 38.032498 ], [ -79.162485, 38.032341 ], [ -79.162299, 38.032265 ], [ -79.162105, 38.032203 ], [ -79.161215, 38.031983 ], [ -79.159018, 38.0312 ], [ -79.158679, 38.031108 ], [ -79.15821, 38.031026 ], [ -79.157763, 38.030989 ], [ -79.157233, 38.030999 ], [ -79.155852, 38.03119 ], [ -79.155378, 38.031218 ], [ -79.154851, 38.031194 ], [ -79.154594, 38.031159 ], [ -79.154169, 38.031072 ], [ -79.153781, 38.030955 ], [ -79.153867, 38.030825 ], [ -79.153988, 38.030527 ], [ -79.154032, 38.030369 ], [ -79.154031, 38.030276 ], [ -79.153957, 38.030123 ], [ -79.153427, 38.029515 ], [ -79.153284, 38.029322 ], [ -79.153164, 38.029055 ], [ -79.153114, 38.028726 ], [ -79.153008, 38.026962 ], [ -79.152998, 38.026245 ], [ -79.153002, 38.024924 ], [ -79.152981, 38.024291 ], [ -79.153061, 38.02371 ], [ -79.153281, 38.023763 ], [ -79.153399, 38.023818 ], [ -79.153524, 38.0239 ], [ -79.153885, 38.02424 ], [ -79.154273, 38.024576 ], [ -79.154385, 38.024702 ], [ -79.154482, 38.024845 ], [ -79.154662, 38.025213 ], [ -79.154725, 38.025306 ], [ -79.154815, 38.025389 ], [ -79.154933, 38.025455 ], [ -79.15546, 38.025598 ], [ -79.156592, 38.025785 ], [ -79.156773, 38.025801 ], [ -79.157238, 38.025785 ], [ -79.157411, 38.025807 ], [ -79.157703, 38.025917 ], [ -79.157856, 38.025994 ], [ -79.158106, 38.026142 ], [ -79.158647, 38.026538 ], [ -79.159001, 38.026746 ], [ -79.159126, 38.02679 ], [ -79.159626, 38.026878 ], [ -79.159702, 38.027087 ], [ -79.159841, 38.028048 ], [ -79.159896, 38.028175 ], [ -79.159977, 38.028301 ], [ -79.161052, 38.026654 ], [ -79.161169, 38.026502 ], [ -79.161444, 38.026255 ], [ -79.161989, 38.025903 ], [ -79.162595, 38.025541 ], [ -79.164643, 38.024183 ], [ -79.164955, 38.024015 ], [ -79.166401, 38.023345 ], [ -79.16655, 38.023258 ], [ -79.166682, 38.023153 ], [ -79.166782, 38.023056 ], [ -79.166938, 38.022839 ], [ -79.167217, 38.022246 ], [ -79.167705, 38.021109 ], [ -79.167859, 38.020808 ], [ -79.167963, 38.020633 ], [ -79.169035, 38.018845 ], [ -79.169633, 38.017616 ], [ -79.169781, 38.016836 ], [ -79.169801, 38.016803 ], [ -79.169985, 38.016618 ], [ -79.170602, 38.01613 ], [ -79.172451, 38.01476 ], [ -79.172795, 38.01456 ], [ -79.174052, 38.01394 ], [ -79.175575, 38.013143 ], [ -79.175922, 38.012944 ], [ -79.176327, 38.012654 ], [ -79.176627, 38.012369 ], [ -79.176717, 38.01226 ], [ -79.176827, 38.012093 ], [ -79.177073, 38.011629 ], [ -79.177218, 38.011399 ], [ -79.177368, 38.011213 ], [ -79.178897, 38.009716 ], [ -79.178995, 38.009618 ], [ -79.179134, 38.009492 ], [ -79.179255, 38.009519 ], [ -79.179446, 38.009594 ], [ -79.18002, 38.009889 ], [ -79.180207, 38.009942 ], [ -79.180301, 38.009949 ], [ -79.180395, 38.009942 ], [ -79.180601, 38.009871 ], [ -79.181143, 38.009558 ], [ -79.181405, 38.00943 ], [ -79.181636, 38.009369 ], [ -79.181834, 38.009372 ], [ -79.182038, 38.009411 ], [ -79.182234, 38.009465 ], [ -79.182524, 38.009595 ], [ -79.18273, 38.009726 ], [ -79.183196, 38.010072 ], [ -79.183987, 38.010738 ], [ -79.184288, 38.011024 ], [ -79.185533, 38.0124 ], [ -79.18588, 38.012664 ], [ -79.186388, 38.012978 ], [ -79.186592, 38.013126 ], [ -79.187064, 38.013613 ], [ -79.187382, 38.013977 ], [ -79.187792, 38.014285 ], [ -79.188289, 38.014599 ], [ -79.188719, 38.014788 ], [ -79.188964, 38.014869 ], [ -79.190002, 38.015133 ], [ -79.190493, 38.015237 ], [ -79.191432, 38.015388 ], [ -79.191667, 38.015444 ], [ -79.192029, 38.015563 ], [ -79.193143, 38.016036 ], [ -79.193403, 38.01611 ], [ -79.193595, 38.016145 ], [ -79.19379, 38.016166 ], [ -79.194184, 38.016164 ], [ -79.195668, 38.015964 ], [ -79.195953, 38.015984 ], [ -79.196307, 38.016085 ], [ -79.205974, 38.011822 ], [ -79.213681, 38.008457 ], [ -79.226892, 38.002655 ], [ -79.231543, 38.000593 ], [ -79.232656, 38.000131 ], [ -79.239783, 37.996822 ], [ -79.24335, 37.995222 ], [ -79.250348, 37.992243 ], [ -79.255218, 37.990504 ], [ -79.255977, 37.990224 ], [ -79.263247, 37.987554 ], [ -79.271863, 37.98433 ], [ -79.275344, 37.982924 ], [ -79.288886, 37.977975 ], [ -79.292473, 37.975939 ], [ -79.293264, 37.97549 ], [ -79.298178, 37.978239 ], [ -79.306449, 37.982829 ], [ -79.306743, 37.982993 ], [ -79.319385, 37.99 ], [ -79.326459, 37.993923 ], [ -79.33776, 38.000189 ], [ -79.341188, 38.002219 ], [ -79.343596, 38.003644 ], [ -79.348476, 38.006529 ], [ -79.357239, 38.011715 ], [ -79.367529, 38.017836 ], [ -79.367861, 38.018032 ], [ -79.37409, 38.021738 ], [ -79.386514, 38.029092 ], [ -79.390496, 38.031452 ], [ -79.390829, 38.031653 ], [ -79.398012, 38.035902 ], [ -79.407464, 38.041498 ], [ -79.407642, 38.041604 ], [ -79.4215, 38.049807 ], [ -79.422013, 38.050115 ], [ -79.422111, 38.05017 ], [ -79.425347, 38.05209 ], [ -79.440552, 38.061093 ], [ -79.452367, 38.068092 ], [ -79.466146, 38.076259 ], [ -79.46634, 38.076376 ], [ -79.467154, 38.076857 ], [ -79.482668, 38.086054 ], [ -79.482971, 38.086598 ], [ -79.485932, 38.089186 ], [ -79.486309, 38.089532 ], [ -79.486485, 38.089659 ], [ -79.486634, 38.089817 ], [ -79.48693, 38.090061 ], [ -79.487484, 38.090497 ], [ -79.489833, 38.092557 ], [ -79.493256911248622, 38.095384559434628 ], [ -79.492829909017075, 38.095892559526909 ], [ -79.492670908432359, 38.09602055945615 ], [ -79.492432906744966, 38.096415559694449 ], [ -79.491962905100849, 38.096774559446914 ], [ -79.491914904732312, 38.096861559506529 ], [ -79.491198901656077, 38.097554559367282 ], [ -79.490584898831329, 38.098198559322661 ], [ -79.490266896664352, 38.098710559594608 ], [ -79.48995, 38.099152 ], [ -79.489739, 38.099407 ], [ -79.489722, 38.099627 ], [ -79.488608, 38.101379 ], [ -79.488205, 38.101793 ], [ -79.487715, 38.102196 ], [ -79.487439, 38.102387 ], [ -79.487205, 38.102642 ], [ -79.486984, 38.102884 ], [ -79.486607, 38.103256 ], [ -79.485887, 38.104135 ], [ -79.485709, 38.104483 ], [ -79.485356, 38.104866 ], [ -79.485037, 38.105266 ], [ -79.483982, 38.106815 ], [ -79.482571, 38.108456 ], [ -79.482099, 38.108904 ], [ -79.48202, 38.109135 ], [ -79.48156, 38.109592 ], [ -79.481247, 38.109871 ], [ -79.48081, 38.110217 ], [ -79.480491, 38.110724 ], [ -79.479182, 38.112223 ], [ -79.478199, 38.113398 ], [ -79.477328, 38.114546 ], [ -79.476367, 38.115655 ], [ -79.47582, 38.116194 ], [ -79.475242, 38.116802 ], [ -79.474724, 38.117623 ], [ -79.474505, 38.118022 ], [ -79.474205, 38.118241 ], [ -79.472821, 38.119951 ], [ -79.472567, 38.120322 ], [ -79.472363, 38.120685 ], [ -79.47159, 38.121855 ], [ -79.471163, 38.122363 ], [ -79.470573, 38.12313 ], [ -79.469807, 38.123861 ], [ -79.469738, 38.123983 ], [ -79.469334, 38.124364 ], [ -79.46918, 38.124534 ], [ -79.469049, 38.124602 ], [ -79.468467, 38.125126 ], [ -79.467001, 38.126286 ], [ -79.466624, 38.126769 ], [ -79.465718, 38.127341 ], [ -79.46412, 38.128879 ], [ -79.46304, 38.129894 ], [ -79.462134, 38.130675 ], [ -79.460943, 38.131408 ], [ -79.459619, 38.132519 ], [ -79.458469, 38.133888 ], [ -79.457634, 38.134838 ], [ -79.456188, 38.136086 ], [ -79.454854, 38.137391 ], [ -79.454019, 38.138172 ], [ -79.453225, 38.139339 ], [ -79.452766, 38.13983 ], [ -79.452349, 38.140241 ], [ -79.45185, 38.140644 ], [ -79.450679, 38.14169 ], [ -79.45017, 38.14223 ], [ -79.448927, 38.14388 ], [ -79.447135, 38.14537 ], [ -79.445118, 38.147568 ], [ -79.44363, 38.149887 ], [ -79.443396, 38.150209 ], [ -79.442408, 38.151384 ], [ -79.441847, 38.152511 ], [ -79.440074, 38.155361 ], [ -79.439176, 38.157624 ], [ -79.43872, 38.158896 ], [ -79.438401, 38.159411 ], [ -79.438126, 38.159685 ], [ -79.438024, 38.159958 ], [ -79.43677, 38.161762 ], [ -79.436699, 38.162092 ], [ -79.436678, 38.1628 ], [ -79.436769, 38.163026 ], [ -79.436942, 38.163243 ], [ -79.439419, 38.164829 ], [ -79.441685, 38.166335 ], [ -79.443486, 38.166802 ], [ -79.444148, 38.167003 ], [ -79.444606, 38.167269 ], [ -79.444993, 38.167687 ], [ -79.445426, 38.168235 ], [ -79.44575, 38.168396 ], [ -79.446257, 38.168259 ], [ -79.446672, 38.167906 ], [ -79.447128, 38.167696 ], [ -79.44732, 38.167342 ], [ -79.448301, 38.166497 ], [ -79.448604, 38.166336 ], [ -79.449142, 38.166192 ], [ -79.449963, 38.166127 ], [ -79.4505, 38.166007 ], [ -79.450733, 38.165926 ], [ -79.451309, 38.165451 ], [ -79.451683, 38.165048 ], [ -79.452007, 38.164655 ], [ -79.452372, 38.16455 ], [ -79.452795, 38.164532 ], [ -79.453171, 38.164587 ], [ -79.453314, 38.16474 ], [ -79.453802, 38.165159 ], [ -79.454047, 38.165256 ], [ -79.455004, 38.165465 ], [ -79.45536, 38.165352 ], [ -79.455604, 38.165199 ], [ -79.458334, 38.163057 ], [ -79.458725, 38.163088 ], [ -79.45922, 38.163331 ], [ -79.461327, 38.164804 ], [ -79.461856, 38.165367 ], [ -79.462263, 38.165593 ], [ -79.463535, 38.166188 ], [ -79.464014, 38.166341 ], [ -79.464399, 38.166316 ], [ -79.464514, 38.166309 ], [ -79.465746, 38.166697 ], [ -79.46602, 38.166583 ], [ -79.466162, 38.166317 ], [ -79.466488, 38.166228 ], [ -79.467028, 38.165825 ], [ -79.467639, 38.165624 ], [ -79.468545, 38.165519 ], [ -79.468698, 38.165527 ], [ -79.468963, 38.165278 ], [ -79.469206, 38.165142 ], [ -79.469512, 38.165196 ], [ -79.469879, 38.165116 ], [ -79.470154, 38.165205 ], [ -79.470785, 38.165897 ], [ -79.47107, 38.166106 ], [ -79.471447, 38.166179 ], [ -79.471794, 38.166283 ], [ -79.472345, 38.166668 ], [ -79.472962, 38.167145 ], [ -79.474938, 38.168175 ], [ -79.475864, 38.168505 ], [ -79.477336, 38.168777 ], [ -79.479115, 38.169311 ], [ -79.479959, 38.169777 ], [ -79.481603, 38.170301 ], [ -79.482324, 38.170333 ], [ -79.483046, 38.170346 ], [ -79.483923, 38.170272 ], [ -79.484365, 38.170158 ], [ -79.484788, 38.169964 ], [ -79.485128, 38.169764 ], [ -79.485525, 38.169686 ], [ -79.486435, 38.169615 ], [ -79.486866, 38.169544 ], [ -79.487165, 38.169408 ], [ -79.488296, 38.168735 ], [ -79.488731, 38.168596 ], [ -79.489477, 38.16844 ], [ -79.489694, 38.16834 ], [ -79.489907, 38.168136 ], [ -79.490341623623138, 38.16750567486968 ], [ -79.490537624136834, 38.167350675118193 ], [ -79.490824624131221, 38.167314675801542 ], [ -79.491230623921027, 38.167314676853543 ], [ -79.491570624051931, 38.167237677604618 ], [ -79.492058624446614, 38.167075678594493 ], [ -79.49228462537728, 38.166813678735473 ], [ -79.492530625987442, 38.166629679059241 ], [ -79.492927626394319, 38.166477679826251 ], [ -79.49356262677513, 38.166302681166862 ], [ -79.494563628992921, 38.16562668258706 ], [ -79.495575630351013, 38.165166684394599 ], [ -79.497088632093522, 38.164555687212079 ], [ -79.497354632717844, 38.164370687569566 ], [ -79.497497633621592, 38.164131687516814 ], [ -79.497514636114857, 38.163516686482978 ], [ -79.497604636561107, 38.163396686502132 ], [ -79.497957636910428, 38.163270687180322 ], [ -79.498338636917723, 38.163225688071549 ], [ -79.498670637278778, 38.1630996886947 ], [ -79.499072637915575, 38.162898689362343 ], [ -79.499412638897894, 38.162620689734233 ], [ -79.499604639777374, 38.162384689803169 ], [ -79.499760641698657, 38.161898689335686 ], [ -79.500051642153352, 38.161659689884083 ], [ -79.500719637826407, 38.16137469417815 ], [ -79.500957636723811, 38.161167695520312 ], [ -79.501293636212296, 38.16062469696859 ], [ -79.501519635529561, 38.160342698090702 ], [ -79.502064632223977, 38.160064701512297 ], [ -79.502511629784166, 38.159773704206046 ], [ -79.502904628188759, 38.15938870634433 ], [ -79.503117628154328, 38.15898370715329 ], [ -79.503240628445013, 38.158676707490066 ], [ -79.503613627061554, 38.158285709473205 ], [ -79.504109624762563, 38.15787771230957 ], [ -79.505216618763001, 38.157181719021175 ], [ -79.508450600730896, 38.155331738948206 ], [ -79.509184596571728, 38.154939743519279 ], [ -79.509790592462622, 38.154771747571026 ], [ -79.510627586124642, 38.154690753437073 ], [ -79.512250572303074, 38.154875765423569 ], [ -79.513922557807788, 38.155117777864504 ], [ -79.514209555566836, 38.155104779902317 ], [ -79.514607552643355, 38.155046782656775 ], [ -79.514848550758188, 38.155036784369656 ], [ -79.515889541985146, 38.155129792012495 ], [ -79.516878534360956, 38.155064798998637 ], [ -79.518167525582939, 38.154735807665404 ], [ -79.518545524345797, 38.154357809701423 ], [ -79.518853524136588, 38.15388281106047 ], [ -79.519017523132618, 38.153818812123205 ], [ -79.519651517844977, 38.153867816763714 ], [ -79.520193513207545, 38.153933820774206 ], [ -79.520702509532214, 38.153853824285413 ], [ -79.521192506671412, 38.153636827413933 ], [ -79.521848503784668, 38.153153831255928 ], [ -79.522338501488079, 38.152824834182503 ], [ -79.522901498077445, 38.152607837834381 ], [ -79.523667492434129, 38.152519843175533 ], [ -79.525433478940201, 38.152417855670869 ], [ -79.52585247597338, 38.152346858551091 ], [ -79.526465472606915, 38.152048862415029 ], [ -79.527047469091272, 38.151831866202123 ], [ -79.527476465655027, 38.151840869298148 ], [ -79.528690454414871, 38.152164878597716 ], [ -79.529721445911591, 38.15223188612034 ], [ -79.530517439485692, 38.152255891878326 ], [ -79.530909435562833, 38.152414894979714 ], [ -79.531054435006581, 38.152299895813044 ], [ -79.531663429707095, 38.152391900351439 ], [ -79.531864427394282, 38.152530902045591 ], [ -79.532220421855627, 38.153053905546457 ], [ -79.532631414830007, 38.153775909802384 ], [ -79.532735413698845, 38.153833910653987 ], [ -79.533198406897753, 38.154428915054226 ], [ -79.533314404050941, 38.154795916550697 ], [ -79.533285397222841, 38.156145918783047 ], [ -79.533025396961364, 38.156596917730752 ], [ -79.532734397015631, 38.157036916435814 ], [ -79.531617404396826, 38.157354908986385 ], [ -79.530506412734354, 38.157481901234583 ], [ -79.529996416080195, 38.157634897846954 ], [ -79.529761417196937, 38.157788896436657 ], [ -79.529536417704392, 38.158046895285821 ], [ -79.529209418799994, 38.15835289348874 ], [ -79.52898442001306, 38.158473892090484 ], [ -79.528699421756585, 38.158586890246688 ], [ -79.528087426289517, 38.158674886008313 ], [ -79.527740428749794, 38.158746883644952 ], [ -79.526708434285183, 38.159318877261015 ], [ -79.526167437371839, 38.159584873852914 ], [ -79.525769439697072, 38.159770871328121 ], [ -79.52507544409697, 38.160027866803951 ], [ -79.524697445836694, 38.160301864580831 ], [ -79.523542450716988, 38.161236857963125 ], [ -79.522541455654519, 38.161913851986469 ], [ -79.521867459260875, 38.162316847866535 ], [ -79.521560460472628, 38.162590846152362 ], [ -79.521529459521176, 38.162840846378963 ], [ -79.521660454848828, 38.163582848654563 ], [ -79.521985448903166, 38.164252852195695 ], [ -79.522462441712761, 38.164914856815827 ], [ -79.523062433119762, 38.165648862450361 ], [ -79.523460428597502, 38.165891865749536 ], [ -79.52393842328452, 38.166157869665653 ], [ -79.524284417958668, 38.166649873039454 ], [ -79.524405414196167, 38.167206874912324 ], [ -79.524668407516643, 38.168110878431399 ], [ -79.524851404253653, 38.168457880372486 ], [ -79.525095400632466, 38.168771882693122 ], [ -79.525472396671404, 38.168925885682434 ], [ -79.52604339146319, 38.168998889921575 ], [ -79.526920383694673, 38.169063896347751 ], [ -79.527327378615823, 38.169386899857948 ], [ -79.52740837666974, 38.169636900891355 ], [ -79.527427375003768, 38.169935901567037 ], [ -79.527426372456489, 38.170443902475647 ], [ -79.527323371555866, 38.170797902372705 ], [ -79.527058373048078, 38.170951900743482 ], [ -79.526721375489686, 38.171039898477233 ], [ -79.526445377206329, 38.171168896723692 ], [ -79.526221378724557, 38.171248895255935 ], [ -79.525874380730002, 38.17144289310847 ], [ -79.525547382573464, 38.171635891103016 ], [ -79.525230384092524, 38.171877889257615 ], [ -79.524208389375758, 38.172586883179129 ], [ -79.523657392338933, 38.172949879866891 ], [ -79.523023396115178, 38.173295875926136 ], [ -79.522298400765763, 38.173626871303206 ], [ -79.521839404152075, 38.173746868215069 ], [ -79.521278408733224, 38.173802864277654 ], [ -79.520503415709882, 38.173745858596817 ], [ -79.520095419046726, 38.173785855731914 ], [ -79.519829421075215, 38.173842853919567 ], [ -79.519666422180123, 38.173906852861251 ], [ -79.519482423157996, 38.174035851768487 ], [ -79.519196424522008, 38.174269850129939 ], [ -79.518399428725445, 38.174841845419515 ], [ -79.517970431579712, 38.175026842663144 ], [ -79.517348436835363, 38.175058838242677 ], [ -79.516420445507009, 38.174928831328842 ], [ -79.515951449581465, 38.174928827952549 ], [ -79.515695451546009, 38.17498482620995 ], [ -79.514899457163821, 38.175266820984781 ], [ -79.514348460961443, 38.17548381740675 ], [ -79.514040462681805, 38.175693815565381 ], [ -79.513335466916985, 38.176112811239818 ], [ -79.512988469250629, 38.176265809015355 ], [ -79.512488472997205, 38.176402805660395 ], [ -79.511681478128082, 38.176829800613739 ], [ -79.511721476873802, 38.177030801261395 ], [ -79.511721475713173, 38.177288801722874 ], [ -79.511831471007341, 38.178119804001931 ], [ -79.511912469092067, 38.178386805062907 ], [ -79.512067466099097, 38.178747806825228 ], [ -79.512225461382499, 38.179483809280264 ], [ -79.512101460403656, 38.179943809210187 ], [ -79.512161457723806, 38.180419810494108 ], [ -79.512250451618144, 38.181596813241583 ], [ -79.512219450982343, 38.18179881337975 ], [ -79.511871451654727, 38.182338811838513 ], [ -79.510870458407865, 38.182829805504035 ], [ -79.510339462335196, 38.183015802010281 ], [ -79.509143469502533, 38.183820794830126 ], [ -79.508388475618275, 38.183973789662375 ], [ -79.507980479148031, 38.184005786779089 ], [ -79.507346483693937, 38.184271782684846 ], [ -79.506550489192662, 38.184657777636843 ], [ -79.505365497257145, 38.185269770187482 ], [ -79.504773501887314, 38.185438766221623 ], [ -79.504486503691808, 38.185624764484508 ], [ -79.504271504066637, 38.185994763594252 ], [ -79.503932503073898, 38.186954762861475 ], [ -79.503838501098159, 38.18762376337618 ], [ -79.503959497466383, 38.188220765312593 ], [ -79.503867497177112, 38.188487765125075 ], [ -79.503314499214525, 38.189204762415024 ], [ -79.503231499091555, 38.189414762190594 ], [ -79.503229494764611, 38.190446764014844 ], [ -79.503074493648541, 38.191051763974784 ], [ -79.502982494023215, 38.191164763512461 ], [ -79.502042500321622, 38.191736757750647 ], [ -79.499768515826659, 38.192613743916539 ], [ -79.49732451726473, 38.192778737198694 ], [ -79.497120517538676, 38.19275473657158 ], [ -79.495847520657691, 38.192255732055067 ], [ -79.495348521570307, 38.192135730419061 ], [ -79.495225521675636, 38.192135730067079 ], [ -79.495042521638737, 38.192183729626208 ], [ -79.493850518257332, 38.193279728090666 ], [ -79.493311515110392, 38.19418172808038 ], [ -79.492750513933487, 38.194599727172957 ], [ -79.492343512393276, 38.195075726804468 ], [ -79.492221511344084, 38.19536572694269 ], [ -79.492210510746759, 38.195517727168287 ], [ -79.492282509810678, 38.195735727746495 ], [ -79.493025505881135, 38.196548731286263 ], [ -79.493433503377076, 38.197079733380036 ], [ -79.493575502375009, 38.197296734164844 ], [ -79.494299495065562, 38.198946739109971 ], [ -79.494431494030565, 38.199172739885796 ], [ -79.494645492984915, 38.199381740874166 ], [ -79.494920492137638, 38.199526741932779 ], [ -79.495327491001177, 38.199711743449882 ], [ -79.495450490560032, 38.199791743950406 ], [ -79.495806488620659, 38.200186745683396 ], [ -79.495979486956401, 38.20055674683563 ], [ -79.496020485872506, 38.200814747404536 ], [ -79.495949485520953, 38.200918747375042 ], [ -79.494879483868473, 38.20158774536344 ], [ -79.494227482600209, 38.202062744245573 ], [ -79.493351480108188, 38.202900743074004 ], [ -79.493025479726143, 38.203077742404197 ], [ -79.492679479429881, 38.203238741646409 ], [ -79.49125347906714, 38.203690738154194 ], [ -79.490478479630539, 38.203746735932668 ], [ -79.490091480019231, 38.20374773477787 ], [ -79.489844, 38.203811 ], [ -79.488835, 38.20415 ], [ -79.488183, 38.204649 ], [ -79.487409, 38.205189 ], [ -79.487114, 38.205366 ], [ -79.485962, 38.205576 ], [ -79.484944, 38.205576 ], [ -79.484791, 38.205487 ], [ -79.484373, 38.205463 ], [ -79.483609, 38.205383 ], [ -79.483456, 38.205399 ], [ -79.483263, 38.20577 ], [ -79.482101, 38.207453 ], [ -79.481785, 38.207823 ], [ -79.481592, 38.207944 ], [ -79.481337, 38.207984 ], [ -79.480766, 38.208105 ], [ -79.480226, 38.208315 ], [ -79.479829, 38.20854 ], [ -79.479126, 38.209225 ], [ -79.478515, 38.210167 ], [ -79.478311, 38.210376 ], [ -79.47775, 38.210739 ], [ -79.477445, 38.21086 ], [ -79.477251, 38.211013 ], [ -79.477149, 38.211182 ], [ -79.477129, 38.211375 ], [ -79.477169, 38.211754 ], [ -79.477251, 38.211963 ], [ -79.478015, 38.212961 ], [ -79.478616, 38.213355 ], [ -79.478738, 38.213734 ], [ -79.480225, 38.215456 ], [ -79.480969, 38.216269 ], [ -79.481132, 38.216478 ], [ -79.481162, 38.216559 ], [ -79.481162, 38.216664 ], [ -79.48107, 38.216744 ], [ -79.477963, 38.218009 ], [ -79.477565, 38.218065 ], [ -79.47623, 38.218162 ], [ -79.474977, 38.218412 ], [ -79.474702, 38.218533 ], [ -79.474192, 38.219016 ], [ -79.473989, 38.219185 ], [ -79.473662, 38.21929 ], [ -79.473376, 38.219403 ], [ -79.473213, 38.2195 ], [ -79.47306, 38.219709 ], [ -79.472805, 38.220273 ], [ -79.472021, 38.221126 ], [ -79.471817, 38.221231 ], [ -79.471491, 38.221352 ], [ -79.470054, 38.221529 ], [ -79.469605, 38.221658 ], [ -79.468872, 38.222053 ], [ -79.468576, 38.222133 ], [ -79.468138, 38.222166 ], [ -79.467659, 38.222134 ], [ -79.466844, 38.222053 ], [ -79.466284, 38.222029 ], [ -79.465519, 38.222118 ], [ -79.465132, 38.222206 ], [ -79.464806, 38.222231 ], [ -79.4645, 38.222166 ], [ -79.462768, 38.2217 ], [ -79.46176, 38.221563 ], [ -79.460191, 38.221474 ], [ -79.457959, 38.220823 ], [ -79.457511, 38.220605 ], [ -79.457043, 38.220283 ], [ -79.456371, 38.219704 ], [ -79.455607, 38.219156 ], [ -79.454649, 38.218778 ], [ -79.454242, 38.218681 ], [ -79.450309, 38.218078 ], [ -79.450014, 38.217981 ], [ -79.449301, 38.217804 ], [ -79.44872, 38.217707 ], [ -79.447456, 38.217683 ], [ -79.447273, 38.217659 ], [ -79.447151, 38.217563 ], [ -79.44598, 38.216806 ], [ -79.445684, 38.216685 ], [ -79.445287, 38.216637 ], [ -79.444655, 38.216645 ], [ -79.443972, 38.216596 ], [ -79.443534, 38.216508 ], [ -79.443075, 38.216315 ], [ -79.442576, 38.216154 ], [ -79.441792, 38.216089 ], [ -79.441415, 38.216162 ], [ -79.441231, 38.216266 ], [ -79.441068, 38.216331 ], [ -79.440599, 38.216404 ], [ -79.439998, 38.216428 ], [ -79.439275, 38.216396 ], [ -79.438653, 38.216243 ], [ -79.438103, 38.216235 ], [ -79.43791, 38.216484 ], [ -79.436563, 38.217909 ], [ -79.43638, 38.21803 ], [ -79.436268, 38.218167 ], [ -79.436268, 38.218288 ], [ -79.436583, 38.218867 ], [ -79.437357, 38.219865 ], [ -79.43756, 38.219945 ], [ -79.437621, 38.220034 ], [ -79.437591, 38.220122 ], [ -79.437479, 38.220267 ], [ -79.437305, 38.220388 ], [ -79.437183, 38.220525 ], [ -79.436918, 38.221185 ], [ -79.436897, 38.221411 ], [ -79.436948, 38.221515 ], [ -79.436948, 38.2217 ], [ -79.436897, 38.22195 ], [ -79.436325, 38.222924 ], [ -79.435907, 38.223463 ], [ -79.43555, 38.223729 ], [ -79.435163, 38.223922 ], [ -79.435081, 38.224027 ], [ -79.434979, 38.224244 ], [ -79.434673, 38.225082 ], [ -79.434428, 38.225428 ], [ -79.434366, 38.225637 ], [ -79.434387, 38.225838 ], [ -79.434732, 38.226692 ], [ -79.434722, 38.226861 ], [ -79.434579, 38.227102 ], [ -79.434324, 38.227658 ], [ -79.434007, 38.228914 ], [ -79.433905, 38.229131 ], [ -79.43367, 38.229493 ], [ -79.433375, 38.229582 ], [ -79.432682, 38.229614 ], [ -79.432478, 38.229678 ], [ -79.43206, 38.230153 ], [ -79.431876, 38.230274 ], [ -79.431642, 38.230322 ], [ -79.431428, 38.230322 ], [ -79.430847, 38.230129 ], [ -79.430552, 38.230065 ], [ -79.430124, 38.230008 ], [ -79.429828, 38.230081 ], [ -79.428717, 38.230443 ], [ -79.428452, 38.230507 ], [ -79.428257, 38.230507 ], [ -79.427987, 38.23047 ], [ -79.427841, 38.230443 ], [ -79.427545, 38.230515 ], [ -79.427351, 38.230628 ], [ -79.427219, 38.230837 ], [ -79.427157, 38.231167 ], [ -79.42682, 38.231876 ], [ -79.426575, 38.232173 ], [ -79.425902, 38.232705 ], [ -79.425586, 38.232705 ], [ -79.425128, 38.232519 ], [ -79.424456, 38.232318 ], [ -79.423304, 38.232229 ], [ -79.423039, 38.232277 ], [ -79.422774, 38.23243 ], [ -79.422621, 38.232656 ], [ -79.422549, 38.232929 ], [ -79.422508, 38.233525 ], [ -79.422416, 38.233968 ], [ -79.421905, 38.234974 ], [ -79.421732, 38.2352 ], [ -79.421405, 38.235361 ], [ -79.420824, 38.235505 ], [ -79.420559, 38.235682 ], [ -79.420019, 38.23623 ], [ -79.419498, 38.236608 ], [ -79.419233, 38.236898 ], [ -79.418896, 38.23759 ], [ -79.419038, 38.238476 ], [ -79.419139, 38.238959 ], [ -79.41868, 38.239949 ], [ -79.418078, 38.240351 ], [ -79.41769, 38.24048 ], [ -79.416447, 38.24081 ], [ -79.415947, 38.240866 ], [ -79.415193, 38.240826 ], [ -79.415071, 38.240801 ], [ -79.414918, 38.240809 ], [ -79.414877, 38.240866 ], [ -79.414734, 38.241381 ], [ -79.414601, 38.241429 ], [ -79.414387, 38.24155 ], [ -79.414224, 38.241832 ], [ -79.413856, 38.242097 ], [ -79.413265, 38.242363 ], [ -79.411736, 38.242717 ], [ -79.409738, 38.243094 ], [ -79.409615, 38.243199 ], [ -79.409534, 38.243296 ], [ -79.409573, 38.244149 ], [ -79.409654, 38.244688 ], [ -79.409562, 38.245131 ], [ -79.409388, 38.245542 ], [ -79.409082, 38.245856 ], [ -79.407705, 38.246564 ], [ -79.407174, 38.246942 ], [ -79.406521, 38.247626 ], [ -79.406061, 38.248286 ], [ -79.405836, 38.248737 ], [ -79.405703, 38.249373 ], [ -79.40559, 38.250033 ], [ -79.405353, 38.250125 ], [ -79.405036, 38.250354 ], [ -79.403931, 38.251041 ], [ -79.403786, 38.251266 ], [ -79.403703, 38.251515 ], [ -79.403762, 38.253295 ], [ -79.403679, 38.253584 ], [ -79.403615, 38.253922 ], [ -79.403604, 38.254099 ], [ -79.403501, 38.254332 ], [ -79.40307, 38.254733 ], [ -79.402761, 38.255053 ], [ -79.402504, 38.25539 ], [ -79.40239, 38.255712 ], [ -79.402388, 38.255929 ], [ -79.402788, 38.257203 ], [ -79.402857, 38.257525 ], [ -79.402712, 38.257839 ], [ -79.402025, 38.25848 ], [ -79.400975, 38.25986 ], [ -79.400667, 38.260172 ], [ -79.400278, 38.260372 ], [ -79.399757, 38.260498 ], [ -79.399665, 38.260546 ], [ -79.399613, 38.260675 ], [ -79.399796, 38.260821 ], [ -79.400069, 38.261128 ], [ -79.400158, 38.26149 ], [ -79.400462, 38.261822 ], [ -79.400552, 38.26212 ], [ -79.40118, 38.262694 ], [ -79.40122, 38.262904 ], [ -79.4015, 38.263622 ], [ -79.401703, 38.263792 ], [ -79.402621, 38.263965 ], [ -79.402865, 38.264119 ], [ -79.403036, 38.264393 ], [ -79.403074, 38.2649 ], [ -79.403541, 38.2652 ], [ -79.403987, 38.265532 ], [ -79.404434, 38.265752 ], [ -79.404759, 38.265963 ], [ -79.405396, 38.266859 ], [ -79.405516, 38.26727 ], [ -79.405584, 38.267681 ], [ -79.406039, 38.268351 ], [ -79.4061, 38.268375 ], [ -79.406323, 38.268594 ], [ -79.407014, 38.268887 ], [ -79.407176, 38.269137 ], [ -79.406979, 38.269587 ], [ -79.406083, 38.270952 ], [ -79.406008, 38.271394 ], [ -79.406107, 38.271829 ], [ -79.406417, 38.272797 ], [ -79.406299, 38.273666 ], [ -79.406172, 38.274325 ], [ -79.406036, 38.274848 ], [ -79.405993, 38.275154 ], [ -79.406123, 38.275565 ], [ -79.406519, 38.27584 ], [ -79.407565, 38.276513 ], [ -79.407675, 38.27686 ], [ -79.407693, 38.277166 ], [ -79.407865, 38.277416 ], [ -79.408647, 38.278007 ], [ -79.408665, 38.278345 ], [ -79.408508, 38.278908 ], [ -79.408359, 38.279785 ], [ -79.408307, 38.280002 ], [ -79.407887, 38.280234 ], [ -79.407058, 38.280737 ], [ -79.406472, 38.281306 ], [ -79.406411, 38.28193 ], [ -79.406363, 38.282425 ], [ -79.406066, 38.283802 ], [ -79.405996, 38.283923 ], [ -79.405838, 38.28403 ], [ -79.405697, 38.284137 ], [ -79.405495, 38.284515 ], [ -79.405357, 38.284826 ], [ -79.40505, 38.285226 ], [ -79.404535, 38.285797 ], [ -79.404115, 38.286182 ], [ -79.403594, 38.286413 ], [ -79.403009, 38.286573 ], [ -79.402485, 38.286648 ], [ -79.401944, 38.286746 ], [ -79.401792, 38.286824 ], [ -79.401638, 38.287155 ], [ -79.401816, 38.287794 ], [ -79.402254, 38.288818 ], [ -79.402347, 38.288969 ], [ -79.402013, 38.289818 ], [ -79.400956, 38.292733 ], [ -79.400607, 38.293331 ], [ -79.400218, 38.293538 ], [ -79.399881, 38.293505 ], [ -79.399657, 38.293362 ], [ -79.399489, 38.293312 ], [ -79.398966, 38.293106 ], [ -79.398518, 38.292888 ], [ -79.398203, 38.292685 ], [ -79.397939, 38.292596 ], [ -79.397703, 38.292675 ], [ -79.397244, 38.292713 ], [ -79.396989, 38.29264 ], [ -79.39603, 38.292635 ], [ -79.395582, 38.292569 ], [ -79.395144, 38.292456 ], [ -79.394167, 38.292088 ], [ -79.393452, 38.292036 ], [ -79.392289, 38.291991 ], [ -79.391411, 38.292132 ], [ -79.391235, 38.292549 ], [ -79.390784, 38.294262 ], [ -79.39075, 38.294753 ], [ -79.390758, 38.295139 ], [ -79.390699, 38.295259 ], [ -79.390157, 38.296385 ], [ -79.389797, 38.296794 ], [ -79.389355, 38.297249 ], [ -79.389045, 38.297684 ], [ -79.388963, 38.297876 ], [ -79.388866, 38.298648 ], [ -79.388894, 38.299075 ], [ -79.389316, 38.299946 ], [ -79.389385, 38.300285 ], [ -79.389143, 38.301338 ], [ -79.388977, 38.30178 ], [ -79.388933, 38.302207 ], [ -79.388788, 38.302536 ], [ -79.38846, 38.3028 ], [ -79.388304, 38.303105 ], [ -79.388322, 38.303492 ], [ -79.38877, 38.305056 ], [ -79.388595, 38.305296 ], [ -79.387858, 38.305696 ], [ -79.387672, 38.30596 ], [ -79.38769, 38.306371 ], [ -79.387779, 38.30683 ], [ -79.387725, 38.307225 ], [ -79.387719, 38.308086 ], [ -79.387635, 38.308335 ], [ -79.387633, 38.30873 ], [ -79.387487, 38.309051 ], [ -79.386944, 38.309483 ], [ -79.386686, 38.309893 ], [ -79.386521, 38.310085 ], [ -79.386173, 38.31026 ], [ -79.385273, 38.310466 ], [ -79.384772, 38.310697 ], [ -79.384474, 38.310961 ], [ -79.384256, 38.311279 ], [ -79.383732, 38.312028 ], [ -79.383577, 38.312293 ], [ -79.383236, 38.312791 ], [ -79.382776, 38.31295 ], [ -79.382493, 38.313291 ], [ -79.382342, 38.313721 ], [ -79.382296, 38.315894 ], [ -79.382015, 38.316625 ], [ -79.381582, 38.317251 ], [ -79.38149, 38.317356 ], [ -79.381579, 38.317694 ], [ -79.381555, 38.318233 ], [ -79.38108, 38.318924 ], [ -79.380095, 38.319676 ], [ -79.379553, 38.319891 ], [ -79.378937, 38.320322 ], [ -79.378586, 38.3209 ], [ -79.378009, 38.321679 ], [ -79.377619, 38.321999 ], [ -79.376983, 38.32239 ], [ -79.37576, 38.323592 ], [ -79.375221, 38.324717 ], [ -79.374983, 38.325279 ], [ -79.374762, 38.325375 ], [ -79.373567, 38.326244 ], [ -79.373064, 38.326783 ], [ -79.372794, 38.327805 ], [ -79.372115, 38.328826 ], [ -79.370894, 38.329991 ], [ -79.370158, 38.330327 ], [ -79.369004, 38.330339 ], [ -79.366039, 38.329226 ], [ -79.364852, 38.329787 ], [ -79.364022, 38.3303 ], [ -79.363468, 38.330805 ], [ -79.363597, 38.33166 ], [ -79.364138, 38.333757 ], [ -79.3643, 38.333983 ], [ -79.364943, 38.334001 ], [ -79.366597, 38.334014 ], [ -79.366984, 38.334225 ], [ -79.367622, 38.335105 ], [ -79.367661, 38.335452 ], [ -79.367384, 38.335821 ], [ -79.366912, 38.336336 ], [ -79.365538, 38.337532 ], [ -79.365128, 38.337845 ], [ -79.364686, 38.338432 ], [ -79.36409, 38.339171 ], [ -79.363747, 38.340225 ], [ -79.363592, 38.340628 ], [ -79.36187, 38.341968 ], [ -79.361937, 38.342903 ], [ -79.361864, 38.343241 ], [ -79.358354, 38.344696 ], [ -79.357822, 38.344807 ], [ -79.35668, 38.34457 ], [ -79.356465, 38.344658 ], [ -79.356372, 38.344883 ], [ -79.356289, 38.345229 ], [ -79.356029, 38.346074 ], [ -79.356556, 38.348824 ], [ -79.356534, 38.349178 ], [ -79.355232, 38.350084 ], [ -79.355118, 38.350414 ], [ -79.354898, 38.351469 ], [ -79.354557, 38.352217 ], [ -79.353808, 38.352875 ], [ -79.352866, 38.353493 ], [ -79.351666, 38.354343 ], [ -79.351122, 38.35501 ], [ -79.350835, 38.355194 ], [ -79.349528, 38.355093 ], [ -79.348834, 38.355091 ], [ -79.348078, 38.355177 ], [ -79.347608, 38.355111 ], [ -79.347271, 38.355102 ], [ -79.34679, 38.355294 ], [ -79.346044, 38.355509 ], [ -79.345584, 38.355548 ], [ -79.345133, 38.355764 ], [ -79.344182, 38.356026 ], [ -79.343537, 38.356338 ], [ -79.342941, 38.356876 ], [ -79.342388, 38.357197 ], [ -79.341168, 38.358047 ], [ -79.340932, 38.358247 ], [ -79.340186, 38.358398 ], [ -79.339388, 38.358605 ], [ -79.337223, 38.360402 ], [ -79.337018, 38.360643 ], [ -79.337168, 38.361111 ], [ -79.337391, 38.36145 ], [ -79.337344, 38.362594 ], [ -79.337695, 38.363828 ], [ -79.338041, 38.363958 ], [ -79.338491, 38.363984 ], [ -79.33906, 38.364372 ], [ -79.340276, 38.366334 ], [ -79.340275, 38.366592 ], [ -79.339617, 38.367283 ], [ -79.338889, 38.367812 ], [ -79.338396, 38.368197 ], [ -79.338272, 38.368559 ], [ -79.338268, 38.369284 ], [ -79.338296, 38.369687 ], [ -79.338222, 38.370138 ], [ -79.337995, 38.37054 ], [ -79.337257, 38.370988 ], [ -79.336736, 38.37114 ], [ -79.336193, 38.371412 ], [ -79.335649, 38.371829 ], [ -79.335504, 38.372263 ], [ -79.33548, 38.372803 ], [ -79.335262, 38.373608 ], [ -79.335024, 38.374123 ], [ -79.334215, 38.375123 ], [ -79.333778, 38.375846 ], [ -79.333673, 38.376063 ], [ -79.333667, 38.376619 ], [ -79.33351, 38.376876 ], [ -79.333325, 38.37702 ], [ -79.333007, 38.377171 ], [ -79.3322, 38.377182 ], [ -79.330875, 38.37698 ], [ -79.329761, 38.377046 ], [ -79.328153, 38.377471 ], [ -79.327773, 38.377735 ], [ -79.327618, 38.377887 ], [ -79.327446, 38.378579 ], [ -79.327352, 38.378787 ], [ -79.326844, 38.379421 ], [ -79.326719, 38.379678 ], [ -79.326606, 38.380547 ], [ -79.32567, 38.38113 ], [ -79.32529, 38.381305 ], [ -79.324983, 38.381359 ], [ -79.324137, 38.381297 ], [ -79.322694, 38.380716 ], [ -79.32248, 38.380683 ], [ -79.321162, 38.380755 ], [ -79.320896, 38.380737 ], [ -79.316814, 38.378843 ], [ -79.316367, 38.378663 ], [ -79.315938, 38.37874 ], [ -79.315578, 38.378924 ], [ -79.314082, 38.380268 ], [ -79.31334, 38.380771 ], [ -79.311035, 38.381481 ], [ -79.310171, 38.381959 ], [ -79.309321, 38.382227 ], [ -79.308692, 38.382707 ], [ -79.308495, 38.382963 ], [ -79.308161, 38.385281 ], [ -79.3082, 38.38537 ], [ -79.308806, 38.385994 ], [ -79.308956, 38.386221 ], [ -79.308993, 38.386527 ], [ -79.309109, 38.389622 ], [ -79.308932, 38.391587 ], [ -79.308751, 38.392238 ], [ -79.30854, 38.392817 ], [ -79.308493, 38.393268 ], [ -79.30849, 38.393534 ], [ -79.308539, 38.393752 ], [ -79.308669, 38.39393 ], [ -79.309013, 38.394174 ], [ -79.311148, 38.39588 ], [ -79.312054, 38.396917 ], [ -79.312517, 38.397532 ], [ -79.313344, 38.3984 ], [ -79.31378, 38.398692 ], [ -79.314155, 38.398912 ], [ -79.314399, 38.399019 ], [ -79.315946, 38.399472 ], [ -79.316282, 38.399498 ], [ -79.316568, 38.399556 ], [ -79.31671, 38.399622 ], [ -79.317276, 38.400101 ], [ -79.318008, 38.400347 ], [ -79.318486, 38.400568 ], [ -79.31879, 38.400779 ], [ -79.31894, 38.401022 ], [ -79.319088, 38.401474 ], [ -79.319178, 38.401595 ], [ -79.31928, 38.401644 ], [ -79.322121, 38.401509 ], [ -79.322491, 38.401318 ], [ -79.322644, 38.401287 ], [ -79.322764, 38.401481 ], [ -79.322823, 38.401667 ], [ -79.322769, 38.401964 ], [ -79.322732, 38.402419 ], [ -79.32279, 38.402762 ], [ -79.322653, 38.402895 ], [ -79.322845, 38.403262 ], [ -79.322822, 38.403504 ], [ -79.322667, 38.403688 ], [ -79.321779, 38.404464 ], [ -79.321581, 38.404801 ], [ -79.321135, 38.406233 ], [ -79.321072, 38.406385 ], [ -79.319569, 38.407287 ], [ -79.318835, 38.408712 ], [ -79.318021, 38.409536 ], [ -79.317148, 38.410154 ], [ -79.316014, 38.410658 ], [ -79.312348, 38.411853 ], [ -79.312276, 38.411876 ], [ -79.311677, 38.412029 ], [ -79.311352, 38.412232 ], [ -79.311048, 38.412471 ], [ -79.310762, 38.412628 ], [ -79.310284, 38.412731 ], [ -79.309716, 38.412682 ], [ -79.309513, 38.412677 ], [ -79.30892, 38.412746 ], [ -79.307891, 38.413294 ], [ -79.307211, 38.413865 ], [ -79.306669, 38.414489 ], [ -79.306392, 38.414934 ], [ -79.306229, 38.415075 ], [ -79.305551, 38.415289 ], [ -79.304581, 38.415511 ], [ -79.302512, 38.41536 ], [ -79.301065, 38.414871000000112 ], [ -79.300688, 38.414813 ], [ -79.300085, 38.414891 ], [ -79.299234, 38.415352 ], [ -79.298901, 38.415693 ], [ -79.298733, 38.415842 ], [ -79.298412, 38.415939 ], [ -79.297689, 38.416446 ], [ -79.297517, 38.416813 ], [ -79.29724, 38.417258 ], [ -79.296613, 38.417973 ], [ -79.29649, 38.41809 ], [ -79.296236, 38.418277 ], [ -79.296111, 38.418349 ], [ -79.295915, 38.418364 ], [ -79.295725, 38.418322 ], [ -79.295622, 38.41825 ], [ -79.293917, 38.418562 ], [ -79.293665, 38.418682 ], [ -79.2932, 38.419317 ], [ -79.293062, 38.419456 ], [ -79.292898, 38.419565 ], [ -79.292006, 38.419736 ], [ -79.291028, 38.42083 ], [ -79.290934, 38.420926 ], [ -79.290781, 38.421016 ], [ -79.290572, 38.421049 ], [ -79.28845, 38.420966 ], [ -79.286907, 38.420566 ], [ -79.286302, 38.419931 ], [ -79.285624, 38.41925 ], [ -79.283505, 38.418049 ], [ -79.283219, 38.418029 ], [ -79.28294, 38.4181 ], [ -79.280313, 38.420361 ], [ -79.28015, 38.420749 ], [ -79.280052, 38.42133 ], [ -79.279872, 38.423274 ], [ -79.279683, 38.423733 ], [ -79.279692, 38.424211 ], [ -79.280011, 38.425286 ], [ -79.280282, 38.425492 ], [ -79.2803, 38.425651 ], [ -79.280373, 38.425948 ], [ -79.280796, 38.426868 ], [ -79.280904, 38.42705 ], [ -79.281081, 38.427295 ], [ -79.281458, 38.427687 ], [ -79.281761, 38.428061 ], [ -79.282056, 38.428499 ], [ -79.282225, 38.428846 ], [ -79.282424, 38.429388 ], [ -79.282671, 38.429936 ], [ -79.282707, 38.430049 ], [ -79.282726, 38.430164 ], [ -79.282724, 38.430664 ], [ -79.28269, 38.431086 ], [ -79.282851, 38.431459 ], [ -79.282754, 38.431694 ], [ -79.282527, 38.431913 ], [ -79.282238, 38.432091 ], [ -79.28196, 38.432171 ], [ -79.281155, 38.43218 ], [ -79.279114, 38.432837 ], [ -79.278834, 38.43301 ], [ -79.278602, 38.433273 ], [ -79.278178, 38.433933 ], [ -79.277998, 38.434173 ], [ -79.277759, 38.434402 ], [ -79.277458, 38.434526 ], [ -79.275342, 38.434992 ], [ -79.275199, 38.435107 ], [ -79.275022, 38.435455 ], [ -79.274909, 38.436011 ], [ -79.274518, 38.436358 ], [ -79.272038, 38.43738 ], [ -79.271534, 38.437499 ], [ -79.26918, 38.437379 ], [ -79.268424, 38.437706 ], [ -79.268034, 38.438044 ], [ -79.267846, 38.438153 ], [ -79.267319, 38.438274 ], [ -79.266991, 38.438678 ], [ -79.266605, 38.439056 ], [ -79.266493, 38.439187 ], [ -79.266329, 38.43944 ], [ -79.266199, 38.439762 ], [ -79.265768, 38.440979 ], [ -79.265321, 38.441835 ], [ -79.265315, 38.441881 ], [ -79.265269, 38.442227 ], [ -79.265041, 38.44269 ], [ -79.264223, 38.443434 ], [ -79.263568, 38.443687 ], [ -79.262903, 38.444652 ], [ -79.262832, 38.445222 ], [ -79.262687, 38.445626 ], [ -79.262572, 38.445843 ], [ -79.26207, 38.446317 ], [ -79.261946, 38.446584 ], [ -79.261103, 38.44807 ], [ -79.260556, 38.448576 ], [ -79.260156, 38.448818 ], [ -79.25846, 38.449429 ], [ -79.257859, 38.449766 ], [ -79.257366, 38.450156 ], [ -79.256978, 38.450567 ], [ -79.256818, 38.450872 ], [ -79.256485, 38.452042 ], [ -79.256404, 38.452253 ], [ -79.256084, 38.452895 ], [ -79.255991, 38.453024 ], [ -79.255857, 38.453991 ], [ -79.255764, 38.454276 ], [ -79.254482, 38.45593 ], [ -79.254295, 38.456004 ], [ -79.253521, 38.455898 ], [ -79.253174, 38.455835 ], [ -79.252974, 38.455751 ], [ -79.252428, 38.455325 ], [ -79.251252, 38.454645 ], [ -79.250798, 38.454592 ], [ -79.250357, 38.454655 ], [ -79.250064, 38.454634 ], [ -79.24973, 38.454497 ], [ -79.249223, 38.454381 ], [ -79.249097, 38.454301 ], [ -79.248743, 38.454002 ], [ -79.248315, 38.453641 ], [ -79.247901, 38.453401 ], [ -79.247474, 38.453306 ], [ -79.246486, 38.453275 ], [ -79.245672, 38.45338 ], [ -79.244324, 38.453907 ], [ -79.242949, 38.454023 ], [ -79.242668, 38.454181 ], [ -79.242388, 38.454486 ], [ -79.242228, 38.454897 ], [ -79.242295, 38.455519 ], [ -79.242074, 38.45637 ], [ -79.241886, 38.456739 ], [ -79.241853, 38.457101 ], [ -79.241993, 38.458001 ], [ -79.242001, 38.458706 ], [ -79.241945, 38.459791 ], [ -79.241635, 38.46156 ], [ -79.241665, 38.461926 ], [ -79.241873, 38.462761 ], [ -79.242014, 38.464306 ], [ -79.242188, 38.464623 ], [ -79.242076, 38.464904 ], [ -79.242037, 38.465051 ], [ -79.242065, 38.46512 ], [ -79.242049, 38.46515 ], [ -79.242004, 38.465642 ], [ -79.241888, 38.466028 ], [ -79.241622, 38.466513 ], [ -79.241425, 38.466806 ], [ -79.240618, 38.467877 ], [ -79.240551, 38.467999 ], [ -79.240515, 38.468106 ], [ -79.240458, 38.46851 ], [ -79.240294, 38.468917 ], [ -79.240076, 38.469563 ], [ -79.239917, 38.469925 ], [ -79.239881, 38.470079 ], [ -79.239627, 38.47033 ], [ -79.239125, 38.470741 ], [ -79.238325, 38.471054 ], [ -79.2369, 38.471455 ], [ -79.236237, 38.47187 ], [ -79.235949, 38.472256 ], [ -79.235707, 38.47241 ], [ -79.234468, 38.472983 ], [ -79.234016, 38.473102 ], [ -79.233434, 38.473277 ], [ -79.232841, 38.473496 ], [ -79.232091, 38.473851 ], [ -79.23157, 38.474069 ], [ -79.230782, 38.474489 ], [ -79.230474, 38.474584 ], [ -79.229809, 38.47466 ], [ -79.229316, 38.474818 ], [ -79.228791, 38.475145 ], [ -79.227689, 38.476 ], [ -79.225915, 38.47636 ], [ -79.225669, 38.476471 ], [ -79.225471, 38.47665 ], [ -79.2251, 38.477052 ], [ -79.22506, 38.477113 ], [ -79.224583, 38.477588 ], [ -79.223735, 38.478473 ], [ -79.222168, 38.479639 ], [ -79.220961, 38.48059 ], [ -79.220899, 38.480718 ], [ -79.220999, 38.481484 ], [ -79.221008, 38.482018 ], [ -79.221009, 38.482086 ], [ -79.221023, 38.482499 ], [ -79.22131, 38.483881 ], [ -79.22148, 38.484693 ], [ -79.221406, 38.484837 ], [ -79.220144, 38.486215 ], [ -79.219067, 38.487441 ], [ -79.218625, 38.487687 ], [ -79.217813, 38.488005 ], [ -79.216644, 38.488311 ], [ -79.21569, 38.488595 ], [ -79.215359, 38.488891 ], [ -79.215212, 38.489261 ], [ -79.21501, 38.489952 ], [ -79.214944, 38.490443 ], [ -79.214747, 38.490676 ], [ -79.214428, 38.490811 ], [ -79.213792, 38.491 ], [ -79.21241, 38.491826 ], [ -79.210591, 38.492913 ], [ -79.210026, 38.494231 ], [ -79.209764, 38.495032 ], [ -79.209703, 38.495574 ], [ -79.20872, 38.496501 ], [ -79.208564, 38.496774 ], [ -79.20849, 38.496991 ], [ -79.208391, 38.497968 ], [ -79.208414, 38.498328 ], [ -79.208337, 38.498786 ], [ -79.208083, 38.499749 ], [ -79.207995, 38.500122 ], [ -79.207873, 38.500122 ], [ -79.207884, 38.500428 ], [ -79.207759, 38.500522 ], [ -79.207848, 38.500644 ], [ -79.207759, 38.500722 ], [ -79.207759, 38.501622 ], [ -79.207659, 38.501722 ], [ -79.207659, 38.502022 ], [ -79.207559, 38.502122 ], [ -79.207559, 38.502422 ], [ -79.207459, 38.502522 ], [ -79.207259, 38.502822 ], [ -79.207159, 38.502922 ], [ -79.207159, 38.503022 ], [ -79.206959, 38.503222 ], [ -79.206959, 38.503522 ], [ -79.207059, 38.503622 ], [ -79.207159, 38.503822 ], [ -79.207259, 38.503822 ], [ -79.207359, 38.503922 ], [ -79.207459, 38.504122 ], [ -79.208359, 38.505022 ], [ -79.208959, 38.505422 ], [ -79.209359, 38.505822 ], [ -79.209659, 38.506022 ], [ -79.209759, 38.506122 ], [ -79.209859, 38.506322 ], [ -79.210059, 38.506422 ], [ -79.210259, 38.506622 ], [ -79.210259, 38.506722 ], [ -79.210359, 38.506722 ], [ -79.210359, 38.506822 ], [ -79.210459, 38.506822 ], [ -79.210459, 38.506922 ], [ -79.210959, 38.507422 ], [ -79.210959, 38.508022 ], [ -79.210759, 38.508222 ], [ -79.210659, 38.508522 ], [ -79.210459, 38.508922 ], [ -79.210359, 38.509222 ], [ -79.210159, 38.509522 ], [ -79.209959, 38.509922 ], [ -79.209959, 38.510022 ], [ -79.209759, 38.510322 ], [ -79.209759, 38.510522 ], [ -79.209659, 38.510822 ], [ -79.209759, 38.511122 ], [ -79.209759, 38.511922 ], [ -79.209659, 38.512022 ], [ -79.209159, 38.512822 ], [ -79.209059, 38.513221 ], [ -79.209059, 38.513421 ], [ -79.209159, 38.513621 ], [ -79.209059, 38.513921 ], [ -79.208959, 38.514121 ], [ -79.208959, 38.514321 ], [ -79.208859, 38.514621 ], [ -79.208659, 38.514921 ], [ -79.208259, 38.515721 ], [ -79.208059, 38.515921 ], [ -79.208059, 38.516221 ], [ -79.207859, 38.516421 ], [ -79.207759, 38.516721 ], [ -79.207459, 38.517121 ], [ -79.207356, 38.517429 ], [ -79.207159, 38.517621 ], [ -79.207059, 38.518021 ], [ -79.206859, 38.518421 ], [ -79.206759, 38.518821 ], [ -79.206659, 38.519121 ], [ -79.206659, 38.519221 ], [ -79.206559, 38.519521 ], [ -79.206559, 38.519721 ], [ -79.206359, 38.520521 ], [ -79.206359, 38.522121 ], [ -79.206459, 38.522321 ], [ -79.206459, 38.522721 ], [ -79.20626, 38.523119 ], [ -79.206159, 38.523521 ], [ -79.206059, 38.523621 ], [ -79.206059, 38.523921 ], [ -79.205859, 38.524521 ], [ -79.205659, 38.524821 ], [ -79.205347, 38.525013 ], [ -79.205159, 38.525221 ], [ -79.204859, 38.525421 ], [ -79.204659, 38.525521 ], [ -79.204359, 38.525621 ], [ -79.204259, 38.525721 ], [ -79.203959, 38.525821 ], [ -79.203059, 38.526421 ], [ -79.202559, 38.526821 ], [ -79.202259, 38.527121 ], [ -79.202059, 38.527221 ], [ -79.201459, 38.527821 ], [ -79.201359, 38.528021 ], [ -79.201259, 38.528421 ], [ -79.201064, 38.529005 ], [ -79.200859, 38.529421 ], [ -79.200659, 38.529921 ], [ -79.200459, 38.530121 ], [ -79.200159, 38.530721 ], [ -79.199959, 38.531021 ], [ -79.199259, 38.531721 ], [ -79.198959, 38.531921 ], [ -79.198859, 38.532121 ], [ -79.198859, 38.532721 ], [ -79.198959, 38.532821 ], [ -79.198959, 38.534121 ], [ -79.199059, 38.534321 ], [ -79.199059, 38.535021 ], [ -79.198959, 38.535121 ], [ -79.198759, 38.535221 ], [ -79.198459, 38.535521 ], [ -79.198059, 38.535721 ], [ -79.197759, 38.535921 ], [ -79.196959, 38.536721 ], [ -79.196359, 38.537121 ], [ -79.196159, 38.537221 ], [ -79.196159, 38.537321 ], [ -79.195959, 38.537521 ], [ -79.195759, 38.537821 ], [ -79.195659, 38.538021 ], [ -79.195659, 38.538221 ], [ -79.195559, 38.538621 ], [ -79.195459, 38.538921 ], [ -79.195359, 38.539121 ], [ -79.195359, 38.539321 ], [ -79.195166, 38.53961 ], [ -79.195059, 38.539821 ], [ -79.194359, 38.540521 ], [ -79.194259, 38.540721 ], [ -79.194059, 38.541021 ], [ -79.193959, 38.541421 ], [ -79.193658, 38.541721 ], [ -79.193558, 38.542021 ], [ -79.193458, 38.542421 ], [ -79.192804, 38.543044 ], [ -79.192458, 38.54342 ], [ -79.192058, 38.54382 ], [ -79.191058, 38.54442 ], [ -79.190058, 38.54542 ], [ -79.189958, 38.54572 ], [ -79.189958, 38.54582 ], [ -79.189858, 38.54602 ], [ -79.189658, 38.54632 ], [ -79.189558, 38.54652 ], [ -79.189358, 38.54672 ], [ -79.189158, 38.54712 ], [ -79.188958, 38.54742 ], [ -79.188658, 38.54762 ], [ -79.188458, 38.54782 ], [ -79.187858, 38.54822 ], [ -79.187458, 38.54862 ], [ -79.187258, 38.54892 ], [ -79.18699, 38.549238 ], [ -79.186958, 38.54932 ], [ -79.186358, 38.549920000000107 ], [ -79.186158, 38.55002 ], [ -79.186158, 38.55012 ], [ -79.185558, 38.55052 ], [ -79.185358, 38.55062 ], [ -79.185058, 38.55082 ], [ -79.184758, 38.55112 ], [ -79.184458, 38.55122 ], [ -79.184258, 38.55132 ], [ -79.184058, 38.55152 ], [ -79.183858, 38.55182 ], [ -79.183758, 38.55212 ], [ -79.183658, 38.55232 ], [ -79.183558, 38.55272 ], [ -79.183558, 38.55302 ], [ -79.183458, 38.55322 ], [ -79.183258, 38.55382 ], [ -79.183158, 38.55402 ], [ -79.183058, 38.55412 ], [ -79.182958, 38.55442 ], [ -79.182958, 38.55452 ], [ -79.182558, 38.55512 ], [ -79.182458, 38.55542 ], [ -79.182305, 38.555726 ], [ -79.182258, 38.55572 ], [ -79.182258, 38.55602 ], [ -79.182097, 38.556234 ], [ -79.182058, 38.55632 ], [ -79.181858, 38.55712 ], [ -79.181858, 38.55752 ], [ -79.181758, 38.55782 ], [ -79.181758, 38.55812 ], [ -79.181658, 38.55832 ], [ -79.181658, 38.55852 ], [ -79.181258, 38.55912 ], [ -79.181158, 38.55932 ], [ -79.180958, 38.55962 ], [ -79.180858, 38.55992 ], [ -79.180558, 38.56012 ], [ -79.180358, 38.56042 ], [ -79.179958, 38.56082 ], [ -79.179658, 38.56102 ], [ -79.179158, 38.56152 ], [ -79.178358, 38.56212 ], [ -79.177958, 38.56232 ], [ -79.177753, 38.562517 ], [ -79.177658, 38.56272 ], [ -79.177258, 38.56332 ], [ -79.177158, 38.56362 ], [ -79.177158, 38.56392 ], [ -79.176958, 38.56472 ], [ -79.176758, 38.56512 ], [ -79.176658, 38.56552 ], [ -79.176458, 38.56572 ], [ -79.176255, 38.565915 ], [ -79.175858, 38.56602 ], [ -79.175255, 38.566215 ], [ -79.174881, 38.566314 ], [ -79.174513, 38.566532 ], [ -79.174153, 38.566613 ], [ -79.174112, 38.566643 ], [ -79.173758, 38.56682 ], [ -79.173358, 38.56712 ], [ -79.172758, 38.56732 ], [ -79.172358, 38.56752 ], [ -79.172048, 38.567613 ], [ -79.171858, 38.56772 ], [ -79.171558, 38.56782 ], [ -79.170954, 38.568116 ], [ -79.170658, 38.56872 ], [ -79.170658, 38.56922 ], [ -79.170758, 38.56962 ], [ -79.170858, 38.56992 ], [ -79.170859, 38.57012 ], [ -79.171059, 38.57042 ], [ -79.171145, 38.570723 ], [ -79.171359, 38.57092 ], [ -79.171558, 38.57132 ], [ -79.171658, 38.57162 ], [ -79.171658, 38.57192 ], [ -79.17155, 38.572019 ], [ -79.171658, 38.57222 ], [ -79.171158, 38.573219 ], [ -79.170858, 38.574119 ], [ -79.170658, 38.574219 ], [ -79.170197, 38.574904 ], [ -79.170058, 38.575019 ], [ -79.169858, 38.575219 ], [ -79.169458, 38.575819 ], [ -79.169358, 38.576019 ], [ -79.169156, 38.576119 ], [ -79.168658, 38.576619 ], [ -79.168558, 38.576819 ], [ -79.168358, 38.577119 ], [ -79.168158, 38.577519 ], [ -79.168144, 38.577739 ], [ -79.168058, 38.578119 ], [ -79.168058, 38.578574 ], [ -79.168101, 38.578822 ], [ -79.168058, 38.578919 ], [ -79.168058, 38.579219 ], [ -79.167858, 38.579519 ], [ -79.167558, 38.579819 ], [ -79.167257, 38.58002 ], [ -79.167056, 38.580103 ], [ -79.166262, 38.580524 ], [ -79.166057, 38.58062 ], [ -79.165757, 38.58072 ], [ -79.165457, 38.58092 ], [ -79.165357, 38.58092 ], [ -79.165057, 38.58122 ], [ -79.164757, 38.58142 ], [ -79.164657, 38.58162 ], [ -79.164457, 38.58172 ], [ -79.164258, 38.582019 ], [ -79.163442, 38.582817 ], [ -79.163458, 38.583119 ], [ -79.163358, 38.583419 ], [ -79.163358, 38.583719 ], [ -79.163258, 38.583919 ], [ -79.163158, 38.584219 ], [ -79.16305, 38.584414 ], [ -79.162958, 38.584819 ], [ -79.162758, 38.585019 ], [ -79.162658, 38.585319 ], [ -79.162447, 38.585654 ], [ -79.162458, 38.585719 ], [ -79.162358, 38.585919 ], [ -79.162349, 38.586215 ], [ -79.162258, 38.586419 ], [ -79.161658, 38.588219 ], [ -79.161458, 38.588419 ], [ -79.161358, 38.588719 ], [ -79.160858, 38.589219 ], [ -79.160658, 38.589519 ], [ -79.160358, 38.589719 ], [ -79.160258, 38.589919 ], [ -79.160058, 38.590019 ], [ -79.159858, 38.590219 ], [ -79.159758, 38.590619 ], [ -79.159658, 38.590819 ], [ -79.159558, 38.591119 ], [ -79.159358, 38.591319 ], [ -79.159257, 38.591519 ], [ -79.159057, 38.591719 ], [ -79.159057, 38.591919 ], [ -79.158657, 38.592319 ], [ -79.158557, 38.592719 ], [ -79.158357, 38.593019 ], [ -79.158257, 38.593119 ], [ -79.158257, 38.593419 ], [ -79.158157, 38.593519 ], [ -79.158257, 38.593519 ], [ -79.158257, 38.593919 ], [ -79.158357, 38.594119 ], [ -79.158457, 38.594219 ], [ -79.158657, 38.594319 ], [ -79.158756, 38.594419 ], [ -79.159558, 38.594819 ], [ -79.159658, 38.594919 ], [ -79.159758, 38.595119 ], [ -79.159758, 38.595419 ], [ -79.159458, 38.595719 ], [ -79.159458, 38.595919 ], [ -79.159358, 38.595919 ], [ -79.159157, 38.596119 ], [ -79.158957, 38.596519 ], [ -79.158957, 38.596719 ], [ -79.158857, 38.596919 ], [ -79.158757, 38.597219 ], [ -79.158757, 38.597419 ], [ -79.158657, 38.597619 ], [ -79.158657, 38.598819 ], [ -79.158757, 38.598919 ], [ -79.158857, 38.599219 ], [ -79.159057, 38.599419 ], [ -79.159258, 38.599819 ], [ -79.159258, 38.600019 ], [ -79.159358, 38.600319 ], [ -79.159258, 38.600619 ], [ -79.159258, 38.600919 ], [ -79.159158, 38.601219 ], [ -79.158957, 38.601519 ], [ -79.158857, 38.601618 ], [ -79.158757, 38.601818 ], [ -79.158757, 38.601918 ], [ -79.158557, 38.602118 ], [ -79.158357, 38.602218 ], [ -79.158157, 38.602518 ], [ -79.157857, 38.602618 ], [ -79.157657, 38.602818 ], [ -79.157357, 38.603218 ], [ -79.156857, 38.603718 ], [ -79.156657, 38.604118 ], [ -79.155857, 38.604918 ], [ -79.155557, 38.605118 ], [ -79.155357, 38.605318 ], [ -79.155157, 38.605418 ], [ -79.154757, 38.605818 ], [ -79.15471, 38.605882 ], [ -79.154656, 38.605919 ], [ -79.154357, 38.606518 ], [ -79.154457, 38.606718 ], [ -79.154457, 38.607018 ], [ -79.154557, 38.607018 ], [ -79.154555, 38.607514 ], [ -79.154594, 38.607666 ], [ -79.154657, 38.607718 ], [ -79.154657, 38.607918 ], [ -79.154857, 38.608118 ], [ -79.155157, 38.608718 ], [ -79.155357, 38.608818 ], [ -79.155357, 38.608918 ], [ -79.155457, 38.609118 ], [ -79.155557, 38.609218 ], [ -79.155559, 38.610484 ], [ -79.155457, 38.610755 ], [ -79.155457, 38.610918 ], [ -79.155355, 38.611225 ], [ -79.155257, 38.611418 ], [ -79.155157, 38.611718 ], [ -79.154957, 38.611918 ], [ -79.154857, 38.612218 ], [ -79.154457, 38.612818 ], [ -79.154357, 38.613118 ], [ -79.154257, 38.613518 ], [ -79.154152, 38.613615 ], [ -79.154157, 38.613918 ], [ -79.154057, 38.614118 ], [ -79.153957, 38.614518 ], [ -79.153857, 38.614718 ], [ -79.153657, 38.615018 ], [ -79.153457, 38.615418 ], [ -79.153357, 38.615518 ], [ -79.153257, 38.615718 ], [ -79.153057, 38.615918 ], [ -79.152857, 38.616218 ], [ -79.152757, 38.616318 ], [ -79.152657, 38.616518 ], [ -79.152557, 38.616518 ], [ -79.152457, 38.616818 ], [ -79.152557, 38.617018 ], [ -79.152457, 38.617118 ], [ -79.152357, 38.617518 ], [ -79.152257, 38.617818 ], [ -79.152057, 38.618118 ], [ -79.151857, 38.618718 ], [ -79.151757, 38.618918 ], [ -79.151757, 38.619218 ], [ -79.151657, 38.619418 ], [ -79.151457, 38.620218 ], [ -79.151257, 38.620618 ], [ -79.151057, 38.620818 ], [ -79.150957, 38.621118 ], [ -79.150157, 38.621918 ], [ -79.150057, 38.622118 ], [ -79.149957, 38.622118 ], [ -79.149857, 38.622318 ], [ -79.149757, 38.622418 ], [ -79.149657, 38.622718 ], [ -79.149667, 38.622824 ], [ -79.149641, 38.622834 ], [ -79.149457, 38.623018 ], [ -79.149257, 38.623318 ], [ -79.149087, 38.623657 ], [ -79.148552, 38.624255 ], [ -79.148384, 38.624425 ], [ -79.148082, 38.624653 ], [ -79.148058, 38.624718 ], [ -79.147557, 38.625018 ], [ -79.147457, 38.625018 ], [ -79.147436, 38.625119 ], [ -79.147257, 38.625118 ], [ -79.147057, 38.625318 ], [ -79.146974, 38.625641 ], [ -79.146741, 38.625819 ], [ -79.146652, 38.626015 ], [ -79.146506, 38.626169 ], [ -79.146449, 38.626254 ], [ -79.146357, 38.626518 ], [ -79.146057, 38.626718 ], [ -79.145957, 38.626818 ], [ -79.144857, 38.629218 ], [ -79.144657, 38.630018 ], [ -79.144357, 38.630318 ], [ -79.14395, 38.630511 ], [ -79.143657, 38.631217 ], [ -79.143651, 38.632316 ], [ -79.143257, 38.632817 ], [ -79.142857, 38.633517 ], [ -79.142657, 38.634417 ], [ -79.142257, 38.634817 ], [ -79.141857, 38.634917 ], [ -79.141257, 38.635617 ], [ -79.140557, 38.636117 ], [ -79.140157, 38.636817 ], [ -79.139657, 38.637217 ], [ -79.138957, 38.637517 ], [ -79.138254, 38.637713 ], [ -79.137557, 38.638017 ], [ -79.137257, 38.638517 ], [ -79.137357, 38.639117 ], [ -79.137348, 38.640016 ], [ -79.137157, 38.640317 ], [ -79.137011, 38.640654 ], [ -79.136736, 38.641714 ], [ -79.136374, 38.6424 ], [ -79.136157, 38.642617 ], [ -79.135744, 38.643113 ], [ -79.135674, 38.643367 ], [ -79.135643, 38.643954 ], [ -79.13556, 38.644083 ], [ -79.135058, 38.644515 ], [ -79.134253, 38.644809 ], [ -79.133657, 38.645217 ], [ -79.133557, 38.645317 ], [ -79.133541, 38.646339 ], [ -79.133457, 38.646617 ], [ -79.132857, 38.647217 ], [ -79.132657, 38.647517 ], [ -79.132757, 38.648117 ], [ -79.132723, 38.648169 ], [ -79.132741, 38.648419 ], [ -79.132557, 38.649117 ], [ -79.131857, 38.649817 ], [ -79.13125, 38.650315 ], [ -79.131084, 38.650922 ], [ -79.131043, 38.65102 ], [ -79.131117, 38.651197 ], [ -79.131157, 38.651317 ], [ -79.131257, 38.651917 ], [ -79.131257, 38.652217 ], [ -79.131056, 38.653218 ], [ -79.130756, 38.653718 ], [ -79.130457, 38.653917 ], [ -79.130357, 38.654018 ], [ -79.130056, 38.654618 ], [ -79.129756, 38.655018 ], [ -79.129455, 38.655318 ], [ -79.128857, 38.655517 ], [ -79.126955, 38.655318 ], [ -79.126356, 38.655108 ], [ -79.125856, 38.655217 ], [ -79.124756, 38.655617 ], [ -79.124356, 38.655817 ], [ -79.123756, 38.656417 ], [ -79.123656, 38.656617 ], [ -79.123556, 38.656717 ], [ -79.123454, 38.656917 ], [ -79.123457, 38.657417 ], [ -79.123557, 38.657517 ], [ -79.123557, 38.657717 ], [ -79.123657, 38.657917 ], [ -79.123557, 38.658217 ], [ -79.123357, 38.658617 ], [ -79.123257, 38.658917 ], [ -79.122656, 38.659517 ], [ -79.122356, 38.659717 ], [ -79.122256, 38.659817 ], [ -79.12177, 38.659808 ], [ -79.121456, 38.659817 ], [ -79.121256, 38.659917 ], [ -79.120956, 38.660017 ], [ -79.120756, 38.660116 ], [ -79.120453, 38.660208 ], [ -79.120256, 38.660216 ], [ -79.119756, 38.660117 ], [ -79.119356, 38.660017 ], [ -79.118856, 38.659817 ], [ -79.118256, 38.659517 ], [ -79.117656, 38.659317 ], [ -79.117198, 38.659134 ], [ -79.116656, 38.659017 ], [ -79.116356, 38.658917 ], [ -79.115955, 38.658809 ], [ -79.114756, 38.659117 ], [ -79.114337, 38.659327 ], [ -79.114207, 38.659415 ], [ -79.114056, 38.659517 ], [ -79.113656, 38.659617 ], [ -79.113256, 38.659817 ], [ -79.112059, 38.659805 ], [ -79.111556, 38.659717 ], [ -79.110956, 38.659517 ], [ -79.110456, 38.659217 ], [ -79.109956, 38.658817 ], [ -79.109671, 38.658436 ], [ -79.109456, 38.658217 ], [ -79.109256, 38.657917 ], [ -79.108856, 38.657717 ], [ -79.108574, 38.6576 ], [ -79.108156, 38.657317 ], [ -79.107756, 38.657017 ], [ -79.107456, 38.656717 ], [ -79.107056, 38.656417 ], [ -79.106756, 38.656317 ], [ -79.106356, 38.656217 ], [ -79.106118, 38.656217 ], [ -79.106056, 38.656217 ], [ -79.105656, 38.656317 ], [ -79.105156, 38.656617 ], [ -79.104656, 38.656817 ], [ -79.103952, 38.657007 ], [ -79.103356, 38.657217 ], [ -79.102756, 38.657217 ], [ -79.102156, 38.657317 ], [ -79.101656, 38.657317 ], [ -79.100656, 38.657517 ], [ -79.100156, 38.657717 ], [ -79.099756, 38.657917 ], [ -79.099156, 38.658117 ], [ -79.098856, 38.658117 ], [ -79.098656, 38.658217 ], [ -79.098356, 38.658317 ], [ -79.097956, 38.658617 ], [ -79.097555, 38.658717 ], [ -79.097055, 38.658817 ], [ -79.096555, 38.659017 ], [ -79.095255, 38.659017 ], [ -79.094755, 38.658917 ], [ -79.094455, 38.658917 ], [ -79.094055, 38.659117 ], [ -79.093655, 38.659217 ], [ -79.093355, 38.659317 ], [ -79.092955, 38.659517 ], [ -79.092755, 38.659817 ], [ -79.092755, 38.660117 ], [ -79.092655, 38.660417 ], [ -79.092755, 38.660817 ], [ -79.092755, 38.661017 ], [ -79.092839, 38.661354 ], [ -79.090395, 38.662607 ], [ -79.086475, 38.664595 ], [ -79.086828, 38.664269 ], [ -79.08715, 38.664017 ], [ -79.08729, 38.663836 ], [ -79.087521, 38.663133 ], [ -79.087619, 38.662721 ], [ -79.087612, 38.662424 ], [ -79.087465, 38.661484 ], [ -79.087296, 38.661486 ], [ -79.08706, 38.661537 ], [ -79.086871, 38.661626 ], [ -79.086656, 38.661799 ], [ -79.086403, 38.661954 ], [ -79.086018, 38.662108 ], [ -79.085596, 38.662215 ], [ -79.085357, 38.662373 ], [ -79.085247, 38.662501 ], [ -79.085003, 38.663522 ], [ -79.084854, 38.663899 ], [ -79.084747, 38.664027 ], [ -79.084153, 38.664485 ], [ -79.083747, 38.664754 ], [ -79.083509, 38.664849 ], [ -79.083132, 38.664918 ], [ -79.082853, 38.665004 ], [ -79.082726, 38.665067 ], [ -79.081936, 38.665595 ], [ -79.081472, 38.665861 ], [ -79.081166, 38.665976 ], [ -79.080986, 38.666021 ], [ -79.080757, 38.666056 ], [ -79.080643, 38.666051 ], [ -79.080533, 38.666033 ], [ -79.080211, 38.665931 ], [ -79.08, 38.665926 ], [ -79.079885, 38.665906 ], [ -79.079528, 38.665762 ], [ -79.079207, 38.665686 ], [ -79.078885, 38.665664 ], [ -79.078733, 38.665674 ], [ -79.078435, 38.665736 ], [ -79.078339, 38.665742 ], [ -79.078199, 38.665715 ], [ -79.078101, 38.66566 ], [ -79.078059, 38.665594 ], [ -79.078059, 38.665505 ], [ -79.078218, 38.665166 ], [ -79.078333, 38.664875 ], [ -79.078349, 38.66478 ], [ -79.078327, 38.66459 ], [ -79.078289, 38.664499 ], [ -79.078194, 38.664366 ], [ -79.078131, 38.664307 ], [ -79.077519, 38.663963 ], [ -79.07742, 38.66389 ], [ -79.077281, 38.66374 ], [ -79.077249, 38.663664 ], [ -79.077237, 38.663522 ], [ -79.077328, 38.663157 ], [ -79.077331, 38.662934 ], [ -79.077259, 38.662762 ], [ -79.077159, 38.662642 ], [ -79.077136, 38.662539 ], [ -79.077182, 38.662441 ], [ -79.077357, 38.662303 ], [ -79.077425, 38.662223 ], [ -79.077512, 38.662043 ], [ -79.077529, 38.661948 ], [ -79.077518, 38.661414 ], [ -79.077537, 38.660834 ], [ -79.077518, 38.660745 ], [ -79.077473, 38.660663 ], [ -79.077417, 38.660602 ], [ -79.077284, 38.660518 ], [ -79.076969, 38.660391 ], [ -79.076892, 38.66038 ], [ -79.076698, 38.660396 ], [ -79.076183, 38.660548 ], [ -79.075858, 38.66058 ], [ -79.074976, 38.660519 ], [ -79.074796, 38.660471 ], [ -79.074627, 38.660353 ], [ -79.074597, 38.660305 ], [ -79.074584, 38.660253 ], [ -79.074611, 38.659975 ], [ -79.074577, 38.65973 ], [ -79.074306, 38.65915 ], [ -79.074184, 38.659019 ], [ -79.073682, 38.658687 ], [ -79.073611, 38.658667 ], [ -79.073535, 38.658667 ], [ -79.073423, 38.658712 ], [ -79.072651, 38.659332 ], [ -79.072579, 38.659367 ], [ -79.072415, 38.659397 ], [ -79.072097, 38.65939 ], [ -79.071952, 38.659454 ], [ -79.071432, 38.660212 ], [ -79.071306, 38.660318 ], [ -79.071164, 38.660382 ], [ -79.071105, 38.660398 ], [ -79.071028, 38.660397 ], [ -79.070939, 38.660374 ], [ -79.070547, 38.660142 ], [ -79.070056, 38.659901 ], [ -79.069949, 38.659862 ], [ -79.069741, 38.659828 ], [ -79.069572, 38.659834 ], [ -79.069198, 38.659881 ], [ -79.069036, 38.659917 ], [ -79.068864, 38.659986 ], [ -79.068576, 38.66014 ], [ -79.068432, 38.660241 ], [ -79.06815, 38.660536 ], [ -79.068077, 38.660594 ], [ -79.067992, 38.66064 ], [ -79.067951, 38.660645 ], [ -79.067863, 38.660625 ], [ -79.067826, 38.660596 ], [ -79.067597, 38.660259 ], [ -79.06757, 38.660146 ], [ -79.067734, 38.659288 ], [ -79.067837, 38.659052 ], [ -79.06793, 38.658922 ], [ -79.068025, 38.658821 ], [ -79.068293, 38.658591 ], [ -79.068472, 38.658347 ], [ -79.068584, 38.65808 ], [ -79.068659, 38.657708 ], [ -79.068775, 38.657436 ], [ -79.06946, 38.656446 ], [ -79.069508, 38.656271 ], [ -79.069506, 38.656181 ], [ -79.069457, 38.656023 ], [ -79.069407, 38.655942 ], [ -79.069272, 38.655795 ], [ -79.0691, 38.655671 ], [ -79.068342, 38.655346 ], [ -79.068154, 38.655248 ], [ -79.067798, 38.655023 ], [ -79.067405, 38.654833 ], [ -79.067022, 38.654706 ], [ -79.066483, 38.654503 ], [ -79.066263, 38.654451 ], [ -79.066141, 38.654444 ], [ -79.065284, 38.654501 ], [ -79.065171, 38.654462 ], [ -79.065093, 38.654386 ], [ -79.064992, 38.654088 ], [ -79.064969, 38.653926 ], [ -79.064972, 38.653595 ], [ -79.064926, 38.653323 ], [ -79.064812, 38.653075 ], [ -79.064668, 38.652929 ], [ -79.064576, 38.652872 ], [ -79.064408, 38.652805 ], [ -79.063996, 38.652695 ], [ -79.063842, 38.652664 ], [ -79.063729, 38.652686 ], [ -79.063666, 38.65274 ], [ -79.063129, 38.653565 ], [ -79.06302, 38.653648 ], [ -79.062906, 38.653679 ], [ -79.062786, 38.653655 ], [ -79.061085, 38.652673 ], [ -79.060848, 38.65261 ], [ -79.06071, 38.652594 ], [ -79.06057, 38.652591 ], [ -79.060323, 38.65262 ], [ -79.059775, 38.652791 ], [ -79.059513, 38.652897 ], [ -79.059161, 38.653067 ], [ -79.05911, 38.653109 ], [ -79.059054, 38.653216 ], [ -79.059056, 38.653298 ], [ -79.059138, 38.653533 ], [ -79.059108, 38.653612 ], [ -79.059069, 38.65364 ], [ -79.0577, 38.653954 ], [ -79.05726, 38.654125 ], [ -79.056949, 38.65428 ], [ -79.056816, 38.654307 ], [ -79.056708, 38.654289 ], [ -79.056578, 38.654201 ], [ -79.056512, 38.654085 ], [ -79.056489, 38.653612 ], [ -79.056497, 38.653135 ], [ -79.056544, 38.652561 ], [ -79.056541, 38.652388 ], [ -79.056482, 38.652045 ], [ -79.056426, 38.651877 ], [ -79.056145, 38.651303 ], [ -79.056147, 38.650383 ], [ -79.056093, 38.650176 ], [ -79.05604, 38.650079 ], [ -79.055905, 38.649919 ], [ -79.055782, 38.649827 ], [ -79.055643, 38.64975 ], [ -79.055398, 38.649664 ], [ -79.055329, 38.649659 ], [ -79.05505, 38.649696 ], [ -79.054971, 38.649691 ], [ -79.05487, 38.649644 ], [ -79.054842, 38.649614 ], [ -79.054584, 38.649069 ], [ -79.054381, 38.648473 ], [ -79.054237, 38.648314 ], [ -79.054052, 38.648184 ], [ -79.053741, 38.648017 ], [ -79.052917, 38.647692 ], [ -79.052479, 38.647622 ], [ -79.052031, 38.647608 ], [ -79.051591, 38.64765 ], [ -79.051412, 38.647707 ], [ -79.051264, 38.647803 ], [ -79.051218, 38.647951 ], [ -79.051251, 38.648419 ], [ -79.051197, 38.648545 ], [ -79.051145, 38.648598 ], [ -79.051062, 38.648642 ], [ -79.050958, 38.648636 ], [ -79.050888, 38.648587 ], [ -79.05066, 38.648285 ], [ -79.050404, 38.648035 ], [ -79.050094, 38.647827 ], [ -79.050004, 38.647786 ], [ -79.049891, 38.647766 ], [ -79.049659, 38.647771 ], [ -79.049547, 38.647796 ], [ -79.048531, 38.648214 ], [ -79.048207, 38.648252 ], [ -79.046907, 38.64822 ], [ -79.04629, 38.648369 ], [ -79.045593, 38.64855 ], [ -79.045653, 38.648497 ], [ -79.04567, 38.648455 ], [ -79.04567, 38.64841 ], [ -79.045201, 38.647348 ], [ -79.045053, 38.647094 ], [ -79.044942, 38.647007 ], [ -79.044796, 38.646935 ], [ -79.044606, 38.646892 ], [ -79.04381, 38.646864 ], [ -79.043212, 38.646865 ], [ -79.043006, 38.646879 ], [ -79.042312, 38.646992 ], [ -79.041961, 38.646991 ], [ -79.041779, 38.646957 ], [ -79.041651, 38.646876 ], [ -79.041611, 38.646828 ], [ -79.04155, 38.646688 ], [ -79.041364, 38.645553 ], [ -79.041297, 38.645253 ], [ -79.041245, 38.645082 ], [ -79.041195, 38.645037 ], [ -79.041147, 38.645019 ], [ -79.041063, 38.645019 ], [ -79.040866, 38.645088 ], [ -79.040732, 38.645156 ], [ -79.040643, 38.645241 ], [ -79.040445, 38.645547 ], [ -79.040338, 38.645667 ], [ -79.04013, 38.645839 ], [ -79.040046, 38.645878 ], [ -79.039859, 38.645917 ], [ -79.039567, 38.645911 ], [ -79.039145, 38.645816 ], [ -79.03902, 38.64583 ], [ -79.038914, 38.645886 ], [ -79.038785, 38.646073 ], [ -79.038686, 38.646185 ], [ -79.038587, 38.646267 ], [ -79.038475, 38.646339 ], [ -79.038319, 38.646379 ], [ -79.038114, 38.64638 ], [ -79.03792, 38.646338 ], [ -79.037554, 38.646214 ], [ -79.037383, 38.646133 ], [ -79.03728, 38.646047 ], [ -79.037118, 38.645895 ], [ -79.036868, 38.645612 ], [ -79.036729, 38.645555 ], [ -79.036603, 38.645549 ], [ -79.036542, 38.64556 ], [ -79.036424, 38.645626 ], [ -79.036365, 38.645683 ], [ -79.036168, 38.646027 ], [ -79.036001, 38.64624 ], [ -79.035834, 38.646511 ], [ -79.035781, 38.646544 ], [ -79.035665, 38.646571 ], [ -79.035478, 38.646543 ], [ -79.035393, 38.646508 ], [ -79.034883, 38.646192 ], [ -79.034684, 38.646086 ], [ -79.034365, 38.645952 ], [ -79.03418, 38.645927 ], [ -79.033996, 38.645958 ], [ -79.033882, 38.646039 ], [ -79.03383, 38.646104 ], [ -79.033736, 38.646286 ], [ -79.033582, 38.646409 ], [ -79.033472, 38.646455 ], [ -79.033263, 38.646498 ], [ -79.033059, 38.646486 ], [ -79.032931, 38.646456 ], [ -79.032696, 38.646357 ], [ -79.032442, 38.646197 ], [ -79.032285, 38.646057 ], [ -79.032172, 38.645995 ], [ -79.032098, 38.645978 ], [ -79.031727, 38.645992 ], [ -79.031557, 38.645982 ], [ -79.031422, 38.645964 ], [ -79.031163, 38.645875 ], [ -79.030887, 38.645712 ], [ -79.030711, 38.645564 ], [ -79.030536, 38.645385 ], [ -79.030382, 38.64531 ], [ -79.0303, 38.645297 ], [ -79.030082, 38.645312 ], [ -79.029976, 38.645341 ], [ -79.029727, 38.645443 ], [ -79.029305, 38.645544 ], [ -79.028915, 38.645581 ], [ -79.028702, 38.645578 ], [ -79.028584, 38.645561 ], [ -79.028449, 38.645523 ], [ -79.028278, 38.645404 ], [ -79.028056, 38.645161 ], [ -79.027924, 38.644943 ], [ -79.02778, 38.644801 ], [ -79.027648, 38.644753 ], [ -79.027356, 38.644738 ], [ -79.027035, 38.644697 ], [ -79.026527, 38.644614 ], [ -79.026312, 38.644538 ], [ -79.026074, 38.64437 ], [ -79.026002, 38.644288 ], [ -79.025992, 38.64424 ], [ -79.026001, 38.644192 ], [ -79.026195, 38.6439 ], [ -79.026299, 38.64371 ], [ -79.026607, 38.64289 ], [ -79.026722, 38.642669 ], [ -79.026843, 38.642514 ], [ -79.027352, 38.642053 ], [ -79.027398, 38.641997 ], [ -79.027438, 38.641896 ], [ -79.027426, 38.641765 ], [ -79.027294, 38.641608 ], [ -79.026846, 38.641292 ], [ -79.026815, 38.64124 ], [ -79.026769, 38.641003 ], [ -79.026738, 38.640952 ], [ -79.026653, 38.640898 ], [ -79.026462, 38.64086 ], [ -79.026144, 38.640802 ], [ -79.025839, 38.640755 ], [ -79.025693, 38.640761 ], [ -79.025461, 38.640816 ], [ -79.025255, 38.640915 ], [ -79.025129, 38.640951 ], [ -79.024998, 38.640974 ], [ -79.024478, 38.641006 ], [ -79.024236, 38.640999 ], [ -79.024135, 38.640978 ], [ -79.024043, 38.640938 ], [ -79.023839, 38.640791 ], [ -79.023776, 38.640768 ], [ -79.023607, 38.640748 ], [ -79.023521, 38.640759 ], [ -79.023456, 38.640778 ], [ -79.023378, 38.64085 ], [ -79.023286, 38.640967 ], [ -79.02315, 38.64122 ], [ -79.023073, 38.641259 ], [ -79.022959, 38.641259 ], [ -79.022917, 38.641243 ], [ -79.022827, 38.641165 ], [ -79.022803, 38.641079 ], [ -79.022935, 38.640244 ], [ -79.023062, 38.639821 ], [ -79.023052, 38.639659 ], [ -79.022997, 38.639374 ], [ -79.02291, 38.639191 ], [ -79.022859, 38.639133 ], [ -79.022794, 38.639085 ], [ -79.022701, 38.639044 ], [ -79.022564, 38.639003 ], [ -79.022373, 38.638986 ], [ -79.022288, 38.638992 ], [ -79.021769, 38.639102 ], [ -79.021226, 38.639181 ], [ -79.020948, 38.63918 ], [ -79.020752, 38.639149 ], [ -79.020442, 38.639058 ], [ -79.020329, 38.639002 ], [ -79.020266, 38.638917 ], [ -79.020284, 38.638747 ], [ -79.020321, 38.63866 ], [ -79.020446, 38.638507 ], [ -79.020643, 38.638369 ], [ -79.020785, 38.638293 ], [ -79.021031, 38.638199 ], [ -79.021228, 38.638151 ], [ -79.021662, 38.638123 ], [ -79.022064, 38.638078 ], [ -79.023864, 38.638015 ], [ -79.024136, 38.638034 ], [ -79.024769, 38.63817 ], [ -79.025323, 38.638227 ], [ -79.025505, 38.63822 ], [ -79.025708, 38.638178 ], [ -79.026024, 38.638049 ], [ -79.026278, 38.637999 ], [ -79.026738, 38.637946 ], [ -79.02712, 38.637845 ], [ -79.0273, 38.637774 ], [ -79.027338, 38.637721 ], [ -79.027364, 38.637612 ], [ -79.027311, 38.637389 ], [ -79.027266, 38.637286 ], [ -79.027126, 38.637101 ], [ -79.026882, 38.636954 ], [ -79.026518, 38.636797 ], [ -79.026068, 38.636663 ], [ -79.024913, 38.636305 ], [ -79.024546, 38.636206 ], [ -79.024433, 38.636127 ], [ -79.02438, 38.636028 ], [ -79.024386, 38.635908 ], [ -79.024471, 38.635757 ], [ -79.025172, 38.635122 ], [ -79.025764, 38.634484 ], [ -79.025904, 38.634333 ], [ -79.026468, 38.633907 ], [ -79.026533, 38.633762 ], [ -79.026655, 38.633589 ], [ -79.026787, 38.633472 ], [ -79.027158, 38.633202 ], [ -79.027377, 38.633096 ], [ -79.027566, 38.633043 ], [ -79.027755, 38.63301 ], [ -79.028295, 38.632827 ], [ -79.029144, 38.632717 ], [ -79.029401, 38.632627 ], [ -79.029475, 38.632554 ], [ -79.02947, 38.632461 ], [ -79.029391, 38.632393 ], [ -79.028642, 38.632189 ], [ -79.028506, 38.632165 ], [ -79.028363, 38.632088 ], [ -79.028293, 38.632004 ], [ -79.02828, 38.631889 ], [ -79.028346, 38.63166 ], [ -79.028372, 38.631485 ], [ -79.028385, 38.631225 ], [ -79.028356, 38.630831 ], [ -79.028184, 38.630179 ], [ -79.028069, 38.629923 ], [ -79.027865, 38.629624 ], [ -79.027665, 38.629084 ], [ -79.027638, 38.628198 ], [ -79.027655, 38.628044 ], [ -79.027767, 38.627648 ], [ -79.027768, 38.627557 ], [ -79.02775, 38.627467 ], [ -79.02764, 38.627215 ], [ -79.027462, 38.626987 ], [ -79.02742, 38.626907 ], [ -79.027403, 38.626821 ], [ -79.027444, 38.626584 ], [ -79.027563, 38.626285 ], [ -79.027532, 38.626191 ], [ -79.027492, 38.626152 ], [ -79.027307, 38.626074 ], [ -79.027188, 38.626047 ], [ -79.027065, 38.626034 ], [ -79.027012, 38.626042 ], [ -79.026751, 38.626157 ], [ -79.026443, 38.626361 ], [ -79.026316, 38.626507 ], [ -79.026019, 38.627139 ], [ -79.025768, 38.627525 ], [ -79.025414, 38.627956 ], [ -79.025218, 38.628224 ], [ -79.02496, 38.628575 ], [ -79.024808, 38.62882 ], [ -79.024743, 38.628897 ], [ -79.024491, 38.629099 ], [ -79.024334, 38.629248 ], [ -79.023677, 38.630053 ], [ -79.023642, 38.630077 ], [ -79.023587, 38.630084 ], [ -79.023491, 38.63007 ], [ -79.023434, 38.630008 ], [ -79.023357, 38.629416 ], [ -79.023385, 38.629326 ], [ -79.023451, 38.629255 ], [ -79.023507, 38.629132 ], [ -79.023534, 38.628406 ], [ -79.023596, 38.627595 ], [ -79.023541, 38.627301 ], [ -79.023459, 38.627112 ], [ -79.023433, 38.626988 ], [ -79.023446, 38.626663 ], [ -79.023429, 38.62657 ], [ -79.02327, 38.626145 ], [ -79.02324, 38.625988 ], [ -79.023279, 38.625815 ], [ -79.023601, 38.625319 ], [ -79.023678, 38.625132 ], [ -79.023619, 38.624883 ], [ -79.023579, 38.624577 ], [ -79.023528, 38.623857 ], [ -79.023529, 38.623537 ], [ -79.023593, 38.6234 ], [ -79.023856, 38.623164 ], [ -79.024027, 38.623042 ], [ -79.024189, 38.622869 ], [ -79.024441, 38.62251 ], [ -79.024494, 38.622452 ], [ -79.024657, 38.622339 ], [ -79.024776, 38.622299 ], [ -79.024934, 38.622269 ], [ -79.025094, 38.622254 ], [ -79.025289, 38.622256 ], [ -79.025519, 38.622211 ], [ -79.025708, 38.622128 ], [ -79.026112, 38.621901 ], [ -79.026645, 38.62179 ], [ -79.026716, 38.621729 ], [ -79.026734, 38.621686 ], [ -79.026716, 38.621576 ], [ -79.026682, 38.621529 ], [ -79.026575, 38.621464 ], [ -79.026468, 38.621448 ], [ -79.026236, 38.621459 ], [ -79.0261, 38.621449 ], [ -79.025863, 38.621396 ], [ -79.025704, 38.621328 ], [ -79.025578, 38.621298 ], [ -79.025434, 38.62132 ], [ -79.025203, 38.621435 ], [ -79.025132, 38.621452 ], [ -79.024755, 38.621493 ], [ -79.024575, 38.62149 ], [ -79.024474, 38.621489 ], [ -79.024311, 38.62147 ], [ -79.023968, 38.621379 ], [ -79.02347, 38.621221 ], [ -79.023155, 38.621091 ], [ -79.023044, 38.621027 ], [ -79.022698, 38.620712 ], [ -79.022572, 38.620512 ], [ -79.022514, 38.620468 ], [ -79.02219, 38.620396 ], [ -79.021781, 38.620339 ], [ -79.021718, 38.620303 ], [ -79.021706, 38.620215 ], [ -79.021733, 38.620163 ], [ -79.021812, 38.620105 ], [ -79.022052, 38.620061 ], [ -79.022224, 38.620064 ], [ -79.022733, 38.620175 ], [ -79.022991, 38.620254 ], [ -79.023241, 38.620345 ], [ -79.023461, 38.620456 ], [ -79.023804, 38.62057 ], [ -79.024065, 38.62058 ], [ -79.024461, 38.620541 ], [ -79.024745, 38.620478 ], [ -79.02488, 38.620428 ], [ -79.025099, 38.620308 ], [ -79.025297, 38.620135 ], [ -79.025457, 38.619897 ], [ -79.025528, 38.619815 ], [ -79.025665, 38.619703 ], [ -79.025928, 38.619667 ], [ -79.026866, 38.619654 ], [ -79.027537, 38.619595 ], [ -79.027783, 38.619543 ], [ -79.02786, 38.619487 ], [ -79.027883, 38.619411 ], [ -79.027843, 38.619331 ], [ -79.02747, 38.619046 ], [ -79.026955, 38.618601 ], [ -79.025597, 38.617762 ], [ -79.02535, 38.617588 ], [ -79.025159, 38.617371 ], [ -79.025039, 38.617207 ], [ -79.025007, 38.617081 ], [ -79.025047, 38.616956 ], [ -79.025092, 38.616901 ], [ -79.025175, 38.61685 ], [ -79.025383, 38.616763 ], [ -79.025509, 38.616733 ], [ -79.025718, 38.616713 ], [ -79.026264, 38.616746 ], [ -79.026735, 38.616748 ], [ -79.026885, 38.616702 ], [ -79.026937, 38.616654 ], [ -79.02694, 38.616558 ], [ -79.026918, 38.6165 ], [ -79.026879, 38.616448 ], [ -79.02661, 38.616215 ], [ -79.026508, 38.616094 ], [ -79.026355, 38.615841 ], [ -79.026192, 38.61554 ], [ -79.025879, 38.614869 ], [ -79.025753, 38.614703 ], [ -79.025668, 38.614538 ], [ -79.025661, 38.614435 ], [ -79.025725, 38.614346 ], [ -79.025867, 38.614258 ], [ -79.026001, 38.6142 ], [ -79.026246, 38.614144 ], [ -79.026502, 38.614144 ], [ -79.027388, 38.614282 ], [ -79.027723, 38.61429 ], [ -79.02828, 38.61424 ], [ -79.028736, 38.614138 ], [ -79.028772, 38.614116 ], [ -79.02882, 38.614048 ], [ -79.028811, 38.613969 ], [ -79.028581, 38.613714 ], [ -79.028327, 38.613526 ], [ -79.028093, 38.613301 ], [ -79.027711, 38.612997 ], [ -79.026914, 38.612583 ], [ -79.026799, 38.612476 ], [ -79.026773, 38.612427 ], [ -79.026776, 38.612321 ], [ -79.026805, 38.612273 ], [ -79.026977, 38.612118 ], [ -79.027162, 38.611974 ], [ -79.027319, 38.611866 ], [ -79.027741, 38.611628 ], [ -79.028107, 38.611472 ], [ -79.028346, 38.611391 ], [ -79.028741, 38.611289 ], [ -79.029119, 38.61123 ], [ -79.029277, 38.611165 ], [ -79.029351, 38.611104 ], [ -79.029427, 38.610978 ], [ -79.029439, 38.610923 ], [ -79.029412, 38.61083 ], [ -79.029409, 38.610659 ], [ -79.029472, 38.610475 ], [ -79.029563, 38.610344 ], [ -79.029783, 38.610107 ], [ -79.029988, 38.609935 ], [ -79.030196, 38.609825 ], [ -79.030437, 38.609762 ], [ -79.030517, 38.609689 ], [ -79.030533, 38.609642 ], [ -79.030532, 38.609615 ], [ -79.030509, 38.609402 ], [ -79.030434, 38.60923 ], [ -79.030125, 38.608848 ], [ -79.030056, 38.608799 ], [ -79.030001, 38.608785 ], [ -79.029072, 38.608732 ], [ -79.02865, 38.608722 ], [ -79.028397, 38.608678 ], [ -79.02829, 38.608635 ], [ -79.028196, 38.608575 ], [ -79.028044, 38.608422 ], [ -79.027929, 38.608345 ], [ -79.027843, 38.608302 ], [ -79.027641, 38.608241 ], [ -79.027478, 38.608251 ], [ -79.027402, 38.608276 ], [ -79.027324, 38.608323 ], [ -79.026812, 38.6088 ], [ -79.02667, 38.608901 ], [ -79.026427, 38.609021 ], [ -79.026131, 38.609119 ], [ -79.026058, 38.609129 ], [ -79.025891, 38.60912 ], [ -79.025828, 38.609094 ], [ -79.025731, 38.609042 ], [ -79.025551, 38.608885 ], [ -79.025434, 38.608836 ], [ -79.024904, 38.608788 ], [ -79.02387, 38.608604 ], [ -79.023479, 38.608576 ], [ -79.023337, 38.608566 ], [ -79.023257, 38.608594 ], [ -79.023177, 38.608725 ], [ -79.023151, 38.609123 ], [ -79.023116, 38.60927 ], [ -79.02302, 38.609524 ], [ -79.022967, 38.609588 ], [ -79.02287, 38.609628 ], [ -79.022692, 38.609597 ], [ -79.022436, 38.609496 ], [ -79.022104, 38.609423 ], [ -79.021885, 38.609423 ], [ -79.021551, 38.609492 ], [ -79.021395, 38.609502 ], [ -79.021004, 38.609486 ], [ -79.020357, 38.60937 ], [ -79.020183, 38.60944 ], [ -79.020121, 38.60949 ], [ -79.019989, 38.609681 ], [ -79.019889, 38.609784 ], [ -79.019749, 38.609895 ], [ -79.019604, 38.609984 ], [ -79.019532, 38.610092 ], [ -79.019559, 38.610269 ], [ -79.019634, 38.610478 ], [ -79.019902, 38.611109 ], [ -79.01988, 38.611247 ], [ -79.019791, 38.611369 ], [ -79.019651, 38.611457 ], [ -79.01951, 38.611482 ], [ -79.019371, 38.611453 ], [ -79.018966, 38.6112 ], [ -79.018759, 38.6111 ], [ -79.01832, 38.610939 ], [ -79.017848, 38.61081 ], [ -79.017626, 38.610774 ], [ -79.017095, 38.610731 ], [ -79.016961, 38.610668 ], [ -79.016907, 38.610591 ], [ -79.0169, 38.610542 ], [ -79.016945, 38.610322 ], [ -79.017016, 38.610108 ], [ -79.017157, 38.609769 ], [ -79.01718, 38.609522 ], [ -79.017154, 38.60934 ], [ -79.017083, 38.609235 ], [ -79.016947, 38.609117 ], [ -79.016854, 38.609066 ], [ -79.016264, 38.608826 ], [ -79.016096, 38.608682 ], [ -79.016037, 38.608653 ], [ -79.016243, 38.608648 ], [ -79.016595, 38.608707 ], [ -79.016768, 38.608701 ], [ -79.017012, 38.608644 ], [ -79.017516, 38.608456 ], [ -79.017845, 38.608301 ], [ -79.018159, 38.608108 ], [ -79.018588, 38.607731 ], [ -79.018789, 38.607572 ], [ -79.019092, 38.607369 ], [ -79.019251, 38.607288 ], [ -79.019595, 38.607163 ], [ -79.020179, 38.606884 ], [ -79.021211, 38.606515 ], [ -79.02141, 38.606387 ], [ -79.021691, 38.606063 ], [ -79.021883, 38.605919 ], [ -79.022031, 38.605843 ], [ -79.022342, 38.605729 ], [ -79.023025, 38.60544 ], [ -79.023097, 38.605407 ], [ -79.023709, 38.60523 ], [ -79.024512, 38.604964 ], [ -79.025612, 38.604546 ], [ -79.025724, 38.604487 ], [ -79.025874, 38.604357 ], [ -79.025927, 38.60428 ], [ -79.025985, 38.60411 ], [ -79.025958, 38.603704 ], [ -79.025916, 38.603416 ], [ -79.02576, 38.603219 ], [ -79.025562, 38.603077 ], [ -79.024944, 38.60291 ], [ -79.0245, 38.602725 ], [ -79.024327, 38.602631 ], [ -79.024167, 38.602524 ], [ -79.024072, 38.602405 ], [ -79.024005, 38.602147 ], [ -79.02396, 38.602029 ], [ -79.023927, 38.601996 ], [ -79.023813, 38.601944 ], [ -79.023733, 38.601938 ], [ -79.023198, 38.602047 ], [ -79.023088, 38.602057 ], [ -79.022871, 38.602034 ], [ -79.022659, 38.601967 ], [ -79.022581, 38.601939 ], [ -79.022258, 38.601787 ], [ -79.022125, 38.601708 ], [ -79.022001, 38.601598 ], [ -79.021885, 38.601433 ], [ -79.021827, 38.601404 ], [ -79.021681, 38.601371 ], [ -79.021422, 38.601356 ], [ -79.021172, 38.601292 ], [ -79.020694, 38.601061 ], [ -79.020479, 38.600974 ], [ -79.020129, 38.600755 ], [ -79.019952, 38.600618 ], [ -79.019885, 38.600521 ], [ -79.019866, 38.600455 ], [ -79.019864, 38.600386 ], [ -79.019913, 38.600255 ], [ -79.020144, 38.60001 ], [ -79.020275, 38.599904 ], [ -79.021138, 38.599402 ], [ -79.021901, 38.59891 ], [ -79.022336, 38.598675 ], [ -79.02271, 38.598499 ], [ -79.022952, 38.59834 ], [ -79.023088, 38.598227 ], [ -79.023232, 38.598079 ], [ -79.023472, 38.59774 ], [ -79.023551, 38.597515 ], [ -79.023667, 38.597392 ], [ -79.023788, 38.597324 ], [ -79.02345, 38.597189 ], [ -79.022946, 38.597035 ], [ -79.022792, 38.597035 ], [ -79.022729, 38.597052 ], [ -79.02247, 38.597172 ], [ -79.022302, 38.597211 ], [ -79.022155, 38.597205 ], [ -79.022051, 38.597189 ], [ -79.021834, 38.597084 ], [ -79.021659, 38.597051 ], [ -79.021498, 38.597084 ], [ -79.021463, 38.597123 ], [ -79.021463, 38.597216 ], [ -79.021428, 38.597254 ], [ -79.021379, 38.597265 ], [ -79.021169, 38.597238 ], [ -79.020812, 38.597249 ], [ -79.019986, 38.597193 ], [ -79.019741, 38.597193 ], [ -79.019496, 38.597232 ], [ -79.019202, 38.597462 ], [ -79.019111, 38.597512 ], [ -79.018733, 38.597643 ], [ -79.018502, 38.597764 ], [ -79.018397, 38.597852 ], [ -79.018166, 38.59822 ], [ -79.018131, 38.598253 ], [ -79.017998, 38.598318 ], [ -79.017697, 38.59839 ], [ -79.017529, 38.598395 ], [ -79.016969, 38.598334 ], [ -79.016794, 38.598334 ], [ -79.016703, 38.598378 ], [ -79.016409, 38.598609 ], [ -79.016066, 38.598746 ], [ -79.015637, 38.598568 ], [ -79.01436, 38.598384 ], [ -79.013251, 38.598312 ], [ -79.011674, 38.598643 ], [ -79.010272, 38.598918 ], [ -79.009015, 38.599568 ], [ -79.00841, 38.599336 ], [ -79.00827, 38.599314 ], [ -79.00813, 38.599319 ], [ -79.007955, 38.599363 ], [ -79.007465, 38.599555 ], [ -79.006891, 38.599747 ], [ -79.006429, 38.599884 ], [ -79.005813, 38.600103 ], [ -79.005393, 38.600235 ], [ -79.005141, 38.60035 ], [ -79.005064, 38.600432 ], [ -79.00477, 38.600844 ], [ -79.004714, 38.600888 ], [ -79.004574, 38.600965 ], [ -79.004014, 38.601085 ], [ -79.003797, 38.6012 ], [ -79.003502, 38.601403 ], [ -79.003292, 38.601623 ], [ -79.003096, 38.601969 ], [ -79.002949, 38.602106 ], [ -79.002844, 38.602161 ], [ -79.002249, 38.602364 ], [ -79.001829, 38.602446 ], [ -79.001535, 38.602462 ], [ -79.001108, 38.602412 ], [ -79.000835, 38.602423 ], [ -79.000597, 38.602506 ], [ -79.00045, 38.602577 ], [ -78.999911, 38.602901 ], [ -78.999695, 38.602997 ], [ -78.999247, 38.603046 ], [ -78.998926, 38.603063 ], [ -78.998338, 38.603063 ], [ -78.997778, 38.602959 ], [ -78.997414, 38.602866 ], [ -78.996854, 38.602778 ], [ -78.996266, 38.60262 ], [ -78.995748, 38.602433 ], [ -78.995622, 38.602406 ], [ -78.995433, 38.6024 ], [ -78.9953, 38.602444 ], [ -78.995223, 38.602708 ], [ -78.995146, 38.602812 ], [ -78.995076, 38.602851 ], [ -78.994957, 38.6029 ], [ -78.994817, 38.602928 ], [ -78.994384, 38.60295 ], [ -78.993733, 38.603181 ], [ -78.993607, 38.603203 ], [ -78.99346, 38.603203 ], [ -78.993278, 38.603181 ], [ -78.992753, 38.603017 ], [ -78.992669, 38.603 ], [ -78.992466, 38.603011 ], [ -78.992347, 38.603055 ], [ -78.9922, 38.603138 ], [ -78.992102, 38.603225 ], [ -78.992011, 38.603379 ], [ -78.991927, 38.603456 ], [ -78.991795, 38.603539 ], [ -78.991655, 38.603594 ], [ -78.991417, 38.603649 ], [ -78.990535, 38.603753 ], [ -78.990423, 38.603786 ], [ -78.990101, 38.603984 ], [ -78.989982, 38.604028 ], [ -78.989639, 38.604045 ], [ -78.989576, 38.604061 ], [ -78.989401, 38.604144 ], [ -78.989339, 38.604193 ], [ -78.989143, 38.604457 ], [ -78.988618, 38.604743 ], [ -78.988478, 38.604808 ], [ -78.988275, 38.604869 ], [ -78.988142, 38.604896 ], [ -78.987764, 38.60493 ], [ -78.987414, 38.604913 ], [ -78.987008, 38.60499 ], [ -78.986876, 38.605001 ], [ -78.986673, 38.604947 ], [ -78.986561, 38.604897 ], [ -78.986456, 38.604881 ], [ -78.986071, 38.604952 ], [ -78.985791, 38.605029 ], [ -78.985448, 38.605145 ], [ -78.985217, 38.605271 ], [ -78.985147, 38.605337 ], [ -78.985112, 38.605392 ], [ -78.985084, 38.605535 ], [ -78.985126, 38.605776 ], [ -78.985007, 38.605958 ], [ -78.984749, 38.606139 ], [ -78.984413, 38.606188 ], [ -78.98435, 38.60621 ], [ -78.98414, 38.606342 ], [ -78.983594, 38.606496 ], [ -78.983454, 38.606551 ], [ -78.982936, 38.606853 ], [ -78.982608, 38.607073 ], [ -78.982433, 38.607167 ], [ -78.982195, 38.607266 ], [ -78.982013, 38.607299 ], [ -78.981803, 38.607304 ], [ -78.981558, 38.607266 ], [ -78.981089, 38.607068 ], [ -78.979976, 38.606805 ], [ -78.979654, 38.606833 ], [ -78.979213, 38.606943 ], [ -78.979038, 38.607025 ], [ -78.978471, 38.607228 ], [ -78.977639, 38.607668 ], [ -78.977289, 38.607822 ], [ -78.976295, 38.608179 ], [ -78.976232, 38.608217 ], [ -78.976015, 38.60841 ], [ -78.975938, 38.60852 ], [ -78.975889, 38.608629 ], [ -78.975757, 38.609294 ], [ -78.975624, 38.609508 ], [ -78.975475, 38.609651 ], [ -78.975379, 38.609711 ], [ -78.97526, 38.609755 ], [ -78.975176, 38.609777 ], [ -78.97491, 38.609794 ], [ -78.974693, 38.609865 ], [ -78.974441, 38.610025 ], [ -78.974175, 38.610255 ], [ -78.974022, 38.61036 ], [ -78.973595, 38.610607 ], [ -78.973287, 38.610849 ], [ -78.973126, 38.610909 ], [ -78.972888, 38.610931 ], [ -78.972237, 38.610882 ], [ -78.972104, 38.610888 ], [ -78.971789, 38.610943 ], [ -78.971208, 38.611129 ], [ -78.970991, 38.611184 ], [ -78.970382, 38.611305 ], [ -78.970242, 38.611305 ], [ -78.9702, 38.611289 ], [ -78.970172, 38.611174 ], [ -78.970116, 38.611146 ], [ -78.969766, 38.611157 ], [ -78.969374, 38.611113 ], [ -78.968891, 38.61102 ], [ -78.967834, 38.610773 ], [ -78.967638, 38.61074 ], [ -78.966743, 38.610664 ], [ -78.966344, 38.610504 ], [ -78.965994, 38.610433 ], [ -78.965903, 38.610395 ], [ -78.965798, 38.610312 ], [ -78.965763, 38.610219 ], [ -78.965756, 38.610142 ], [ -78.965804, 38.60995 ], [ -78.965972, 38.609747 ], [ -78.965986, 38.609703 ], [ -78.965993, 38.609659 ], [ -78.965958, 38.609494 ], [ -78.965979, 38.609225 ], [ -78.965909, 38.609077 ], [ -78.965832, 38.608994 ], [ -78.965545, 38.608819 ], [ -78.965202, 38.60872 ], [ -78.964656, 38.60861 ], [ -78.964173, 38.608429 ], [ -78.963753, 38.608363 ], [ -78.963466, 38.608347 ], [ -78.963088, 38.608303 ], [ -78.96243, 38.608155 ], [ -78.961808, 38.608056 ], [ -78.961668, 38.608018 ], [ -78.96143, 38.607908 ], [ -78.961191, 38.607721 ], [ -78.961023, 38.607518 ], [ -78.960883, 38.607276 ], [ -78.960617, 38.607117 ], [ -78.960351, 38.607018 ], [ -78.960029, 38.606936 ], [ -78.959848, 38.606903 ], [ -78.95926, 38.606837 ], [ -78.95891, 38.606766 ], [ -78.958357, 38.606629 ], [ -78.957678, 38.606338 ], [ -78.957237, 38.606091 ], [ -78.956894, 38.60586 ], [ -78.956635, 38.605723 ], [ -78.95632, 38.605613 ], [ -78.956117, 38.605569 ], [ -78.955445, 38.605481 ], [ -78.954437, 38.605394 ], [ -78.954311, 38.605361 ], [ -78.954241, 38.605317 ], [ -78.95419, 38.605234 ], [ -78.954185, 38.605086 ], [ -78.954157, 38.605026 ], [ -78.954038, 38.604899 ], [ -78.953996, 38.604795 ], [ -78.954206, 38.60429 ], [ -78.954234, 38.604092 ], [ -78.95373, 38.603906 ], [ -78.953576, 38.603807 ], [ -78.953247, 38.603554 ], [ -78.95317, 38.603466 ], [ -78.953121, 38.603362 ], [ -78.953086, 38.603203 ], [ -78.953065, 38.602846 ], [ -78.953037, 38.602692 ], [ -78.952995, 38.602593 ], [ -78.952918, 38.602483 ], [ -78.952827, 38.60239 ], [ -78.95275, 38.602346 ], [ -78.952274, 38.602214 ], [ -78.951994, 38.602159 ], [ -78.951735, 38.602127 ], [ -78.950609, 38.602061 ], [ -78.950063, 38.601995 ], [ -78.949069, 38.601814 ], [ -78.947998, 38.601572 ], [ -78.947403, 38.601501 ], [ -78.946613, 38.601385 ], [ -78.946389, 38.601369 ], [ -78.944681, 38.601397 ], [ -78.944429, 38.60138 ], [ -78.94403, 38.601237 ], [ -78.943513, 38.601171 ], [ -78.943128, 38.601155 ], [ -78.942449, 38.601089 ], [ -78.941658, 38.600924 ], [ -78.939986, 38.600644 ], [ -78.938952, 38.600455 ], [ -78.938986, 38.600341 ], [ -78.93899, 38.600237 ], [ -78.93894, 38.600067 ], [ -78.938668, 38.599631 ], [ -78.938615, 38.599541 ], [ -78.938407, 38.599166 ], [ -78.938237, 38.599216 ], [ -78.93799, 38.599258 ], [ -78.936476, 38.599413 ], [ -78.934199, 38.599619 ], [ -78.933801, 38.599716 ], [ -78.933468, 38.599856 ], [ -78.933244, 38.599976 ], [ -78.932981, 38.60016 ], [ -78.93274, 38.600401 ], [ -78.93261, 38.600594 ], [ -78.932552, 38.60076 ], [ -78.93249, 38.601099 ], [ -78.932397, 38.602594 ], [ -78.931608, 38.602423 ], [ -78.931448, 38.602423 ], [ -78.931175, 38.6025 ], [ -78.930797, 38.602632 ], [ -78.930377, 38.602807 ], [ -78.929726, 38.603131 ], [ -78.929453, 38.60329 ], [ -78.929236, 38.603444 ], [ -78.929033, 38.603609 ], [ -78.92883, 38.603834 ], [ -78.928746, 38.604015 ], [ -78.928746, 38.604131 ], [ -78.928816, 38.604422 ], [ -78.928844, 38.604982 ], [ -78.92897, 38.605146 ], [ -78.929341, 38.605427 ], [ -78.929446, 38.605531 ], [ -78.929578, 38.605734 ], [ -78.929627, 38.605866 ], [ -78.929627, 38.606146 ], [ -78.92948, 38.606695 ], [ -78.929515, 38.606849 ], [ -78.929641, 38.607025 ], [ -78.92983, 38.607167 ], [ -78.929949, 38.607327 ], [ -78.929984, 38.607436 ], [ -78.929977, 38.607502 ], [ -78.929956, 38.607552 ], [ -78.9299, 38.607601 ], [ -78.929767, 38.607667 ], [ -78.929585, 38.607705 ], [ -78.929469, 38.607714 ], [ -78.929256, 38.607705 ], [ -78.928853, 38.607644 ], [ -78.927744, 38.607535 ], [ -78.927506, 38.607524 ], [ -78.927324, 38.607541 ], [ -78.927101, 38.607584 ], [ -78.926891, 38.60765 ], [ -78.926457, 38.607864 ], [ -78.926394, 38.607914 ], [ -78.926296, 38.608078 ], [ -78.926233, 38.608342 ], [ -78.92626, 38.60932 ], [ -78.926253, 38.609803 ], [ -78.926197, 38.610044 ], [ -78.92605, 38.610346 ], [ -78.926015, 38.610456 ], [ -78.926001, 38.611384 ], [ -78.925973, 38.611522 ], [ -78.925924, 38.611659 ], [ -78.925805, 38.611862 ], [ -78.925672, 38.612005 ], [ -78.925497, 38.612142 ], [ -78.925336, 38.612246 ], [ -78.925154, 38.612334 ], [ -78.924972, 38.6124 ], [ -78.92465, 38.612477 ], [ -78.92437, 38.612488 ], [ -78.924055, 38.612438 ], [ -78.923495, 38.612252 ], [ -78.923243, 38.612241 ], [ -78.923033, 38.612268 ], [ -78.922788, 38.612367 ], [ -78.922298, 38.612713 ], [ -78.922018, 38.61285 ], [ -78.921647, 38.612938 ], [ -78.921227, 38.612998 ], [ -78.920877, 38.613069 ], [ -78.920506, 38.61319 ], [ -78.91975, 38.613574 ], [ -78.919176, 38.613942 ], [ -78.918924, 38.614156 ], [ -78.918322, 38.614837 ], [ -78.917867, 38.615199 ], [ -78.917524, 38.61565 ], [ -78.917468, 38.615759 ], [ -78.917362, 38.616232 ], [ -78.917383, 38.616852 ], [ -78.917355, 38.61716 ], [ -78.917278, 38.617478 ], [ -78.917152, 38.617786 ], [ -78.91704, 38.617983 ], [ -78.916935, 38.618126 ], [ -78.916767, 38.618307 ], [ -78.916564, 38.618483 ], [ -78.916333, 38.618626 ], [ -78.916151, 38.618697 ], [ -78.915444, 38.618878 ], [ -78.915121, 38.618905 ], [ -78.914757, 38.618911 ], [ -78.913743, 38.618779 ], [ -78.913379, 38.618768 ], [ -78.913085, 38.618823 ], [ -78.912819, 38.618921 ], [ -78.912643, 38.619037 ], [ -78.912566, 38.619114 ], [ -78.912419, 38.619278 ], [ -78.912321, 38.619421 ], [ -78.911817, 38.620602 ], [ -78.911775, 38.62064 ], [ -78.911698, 38.620673 ], [ -78.911642, 38.620684 ], [ -78.911533, 38.62066 ], [ -78.91125, 38.620524 ], [ -78.911047, 38.620464 ], [ -78.910935, 38.620448 ], [ -78.910732, 38.620436 ], [ -78.910483, 38.620457 ], [ -78.910067, 38.620552 ], [ -78.909787, 38.620579 ], [ -78.909318, 38.620513 ], [ -78.908583, 38.620485 ], [ -78.908366, 38.620513 ], [ -78.908226, 38.620546 ], [ -78.908107, 38.620595 ], [ -78.907925, 38.620727 ], [ -78.907806, 38.620836 ], [ -78.907729, 38.620952 ], [ -78.907687, 38.621095 ], [ -78.907687, 38.621226 ], [ -78.907708, 38.621325 ], [ -78.907763, 38.62143 ], [ -78.907973, 38.621732 ], [ -78.908029, 38.621853 ], [ -78.90805, 38.622006 ], [ -78.908036, 38.622094 ], [ -78.907987, 38.622215 ], [ -78.907798, 38.622533 ], [ -78.907707, 38.623006 ], [ -78.907602, 38.623159 ], [ -78.907167, 38.623681 ], [ -78.906992, 38.623999000000111 ], [ -78.906957, 38.624115 ], [ -78.90695, 38.624219 ], [ -78.906957, 38.624384 ], [ -78.907069, 38.624653 ], [ -78.907174, 38.624801 ], [ -78.907445, 38.625121 ], [ -78.907528, 38.625412 ], [ -78.907521, 38.625582 ], [ -78.907129, 38.626384 ], [ -78.906786, 38.627191 ], [ -78.906625, 38.627422 ], [ -78.905539, 38.628382 ], [ -78.904348, 38.62953 ], [ -78.903746, 38.630243 ], [ -78.903585, 38.630485 ], [ -78.903403, 38.630677 ], [ -78.903045, 38.630965 ], [ -78.901357, 38.63105 ], [ -78.900418, 38.63065 ], [ -78.897952, 38.628514 ], [ -78.888351, 38.621293 ], [ -78.880046, 38.616056 ], [ -78.876755, 38.613962 ], [ -78.874853, 38.613123 ], [ -78.873305, 38.611607 ], [ -78.872915, 38.611268 ], [ -78.873066, 38.611809 ], [ -78.873078, 38.611916 ], [ -78.873065, 38.612057 ], [ -78.872868, 38.612111 ], [ -78.872462, 38.612128 ], [ -78.872259, 38.612156 ], [ -78.872028, 38.612211 ], [ -78.871812, 38.612299 ], [ -78.871651, 38.612387 ], [ -78.871567, 38.612452 ], [ -78.871462, 38.612634 ], [ -78.871371, 38.612689 ], [ -78.871308, 38.612711 ], [ -78.87107, 38.612738 ], [ -78.870727, 38.612903 ], [ -78.870419, 38.613134 ], [ -78.870314, 38.613238 ], [ -78.870189, 38.613381 ], [ -78.869685, 38.614051 ], [ -78.869426, 38.614359 ], [ -78.869056, 38.614705 ], [ -78.86879, 38.614903 ], [ -78.868622, 38.615007 ], [ -78.868475, 38.615073 ], [ -78.868083, 38.615172 ], [ -78.867642, 38.615216 ], [ -78.867565, 38.615211 ], [ -78.867446, 38.615178 ], [ -78.867201, 38.615046 ], [ -78.866998, 38.614975 ], [ -78.866025, 38.614981 ], [ -78.865759, 38.614932 ], [ -78.864618, 38.614657 ], [ -78.86403, 38.614564 ], [ -78.864121, 38.614295 ], [ -78.864149, 38.614037 ], [ -78.864442, 38.612379 ], [ -78.864609, 38.612 ], [ -78.864686, 38.611901 ], [ -78.864721, 38.611879 ], [ -78.864938, 38.611824 ], [ -78.865183, 38.611703 ], [ -78.865498, 38.611461 ], [ -78.865617, 38.611357 ], [ -78.866009, 38.610923 ], [ -78.866155, 38.610725 ], [ -78.86626, 38.610522 ], [ -78.866372, 38.610236 ], [ -78.866575, 38.609857 ], [ -78.866854, 38.609467 ], [ -78.867218, 38.60905 ], [ -78.867456, 38.608731 ], [ -78.867686, 38.608341 ], [ -78.867735, 38.60822 ], [ -78.867806, 38.608 ], [ -78.862063, 38.60433 ], [ -78.861038, 38.605773 ], [ -78.860147, 38.605443 ], [ -78.859788, 38.60528 ], [ -78.859527, 38.605214 ], [ -78.857934, 38.605065 ], [ -78.857468, 38.605012 ], [ -78.856377, 38.604857 ], [ -78.856199, 38.604852 ], [ -78.855163, 38.604902 ], [ -78.854519, 38.604914 ], [ -78.853953, 38.604946 ], [ -78.853846, 38.60494 ], [ -78.85328, 38.604775 ], [ -78.853008, 38.60471 ], [ -78.852436, 38.604605 ], [ -78.851209, 38.604331 ], [ -78.851076, 38.60432 ], [ -78.850942, 38.604325 ], [ -78.849812, 38.604487 ], [ -78.849349, 38.60454 ], [ -78.84915, 38.604543 ], [ -78.848819, 38.604519 ], [ -78.848485, 38.604538 ], [ -78.847337, 38.604765 ], [ -78.847298, 38.604346 ], [ -78.84729, 38.604199 ], [ -78.847345, 38.604091 ], [ -78.847921, 38.603556 ], [ -78.848082, 38.603298 ], [ -78.848136, 38.603147 ], [ -78.848335, 38.601909 ], [ -78.848406, 38.601593 ], [ -78.848463, 38.601425 ], [ -78.848538, 38.601262 ], [ -78.849108, 38.600359 ], [ -78.84937, 38.599889 ], [ -78.849495, 38.599551 ], [ -78.849529, 38.599376 ], [ -78.849614, 38.59919 ], [ -78.850147, 38.598578 ], [ -78.85121, 38.597415 ], [ -78.851876, 38.596685 ], [ -78.854156, 38.594331 ], [ -78.855587, 38.59284 ], [ -78.855624, 38.592783 ], [ -78.855656, 38.592697 ], [ -78.851262, 38.59031 ], [ -78.850348, 38.589854 ], [ -78.850198, 38.589765 ], [ -78.849489, 38.589248 ], [ -78.847925, 38.588068 ], [ -78.847477, 38.587706 ], [ -78.846852, 38.587269 ], [ -78.84613, 38.586837 ], [ -78.845832, 38.586709 ], [ -78.84537, 38.586595 ], [ -78.845078, 38.586543 ], [ -78.844435, 38.586482 ], [ -78.844103, 38.586422 ], [ -78.842557, 38.585971 ], [ -78.840886, 38.585458 ], [ -78.839331, 38.584941 ], [ -78.837915, 38.584467 ], [ -78.832869, 38.582731 ], [ -78.828438, 38.581242 ], [ -78.824763, 38.580004 ], [ -78.823787, 38.579668 ], [ -78.820412, 38.578459 ], [ -78.820205, 38.578377 ], [ -78.819092, 38.577912 ], [ -78.818543, 38.577749 ], [ -78.81788, 38.577575 ], [ -78.816244, 38.57714 ], [ -78.814386, 38.576604 ], [ -78.814099, 38.576477 ], [ -78.813804, 38.576264 ], [ -78.813646, 38.576173 ], [ -78.813288, 38.57604 ], [ -78.813001, 38.57599 ], [ -78.812679, 38.575985 ], [ -78.812312, 38.576041 ], [ -78.808849, 38.5771 ], [ -78.808496, 38.577206 ], [ -78.808372, 38.577228 ], [ -78.808213, 38.577229 ], [ -78.80808, 38.577193 ], [ -78.806394, 38.576595 ], [ -78.806183, 38.57651 ], [ -78.805205, 38.57619 ], [ -78.803178, 38.575459 ], [ -78.800294, 38.574306 ], [ -78.800652, 38.57386 ], [ -78.800765, 38.573689 ], [ -78.80099, 38.573252 ], [ -78.801256, 38.572645 ], [ -78.801594, 38.571782 ], [ -78.801723, 38.571374 ], [ -78.802067, 38.570102 ], [ -78.802295, 38.569422 ], [ -78.802651, 38.568563 ], [ -78.803523, 38.56656 ], [ -78.803672, 38.566175 ], [ -78.794862, 38.560293 ], [ -78.790669, 38.557522 ], [ -78.78622, 38.554496 ], [ -78.782396, 38.551507 ], [ -78.782109, 38.551787 ], [ -78.781864, 38.551971 ], [ -78.781542, 38.552142 ], [ -78.781, 38.552401 ], [ -78.780821, 38.552436 ], [ -78.780651, 38.552414 ], [ -78.780572, 38.552387 ], [ -78.780325, 38.552247 ], [ -78.777169, 38.549966 ], [ -78.775383, 38.548639 ], [ -78.775067, 38.548391 ], [ -78.774678, 38.548046 ], [ -78.773974, 38.547359 ], [ -78.773093, 38.546533 ], [ -78.771747, 38.545296 ], [ -78.771325, 38.544964 ], [ -78.770859, 38.544619 ], [ -78.76696, 38.541714 ], [ -78.766543, 38.541428 ], [ -78.766592, 38.541376 ], [ -78.766969, 38.540972 ], [ -78.76705, 38.54081 ], [ -78.767352, 38.540529 ], [ -78.768551, 38.539472 ], [ -78.769959, 38.53836 ], [ -78.769377, 38.537947 ], [ -78.767062, 38.5365 ], [ -78.766791, 38.536335 ], [ -78.766166, 38.535952 ], [ -78.764293, 38.534793 ], [ -78.764097, 38.534687 ], [ -78.763635, 38.534478 ], [ -78.763043, 38.534276 ], [ -78.762207, 38.534027 ], [ -78.761222, 38.533742 ], [ -78.760454, 38.533481 ], [ -78.760036, 38.533266 ], [ -78.759637, 38.532984 ], [ -78.759507, 38.532863 ], [ -78.759239, 38.53255 ], [ -78.758516, 38.531383 ], [ -78.75771, 38.530029 ], [ -78.757558, 38.529808 ], [ -78.757267, 38.52944 ], [ -78.757144, 38.529311 ], [ -78.756813, 38.529039 ], [ -78.756591, 38.528896 ], [ -78.756227, 38.528711 ], [ -78.755541, 38.528455 ], [ -78.753713, 38.52782 ], [ -78.752858, 38.52753 ], [ -78.752476, 38.527386 ], [ -78.752087, 38.527183 ], [ -78.751923, 38.527083 ], [ -78.751707, 38.526922 ], [ -78.751488, 38.526725 ], [ -78.751285, 38.526509 ], [ -78.751111, 38.526293 ], [ -78.750692, 38.525614 ], [ -78.750411, 38.525243 ], [ -78.750058, 38.524945 ], [ -78.749671, 38.524717 ], [ -78.749464, 38.524628 ], [ -78.748904, 38.524435 ], [ -78.74868, 38.524385 ], [ -78.748166, 38.524332 ], [ -78.747558, 38.524358 ], [ -78.746673, 38.524488 ], [ -78.745973, 38.524563 ], [ -78.745741, 38.524561 ], [ -78.745346, 38.524529 ], [ -78.744924, 38.524446 ], [ -78.744592, 38.524336 ], [ -78.744232, 38.524169 ], [ -78.74382, 38.523908 ], [ -78.741744, 38.522425 ], [ -78.741096, 38.522043 ], [ -78.740646, 38.521831 ], [ -78.740207, 38.521673 ], [ -78.739732, 38.521536 ], [ -78.738075, 38.52107 ], [ -78.736752, 38.520679 ], [ -78.734858, 38.520165 ], [ -78.734449, 38.520054 ], [ -78.734177, 38.520004 ], [ -78.733839, 38.519973 ], [ -78.733547, 38.519977 ], [ -78.733065, 38.520042 ], [ -78.730876, 38.520547 ], [ -78.730432, 38.520607 ], [ -78.730144, 38.52061 ], [ -78.729708, 38.520576 ], [ -78.729256, 38.520485 ], [ -78.727792, 38.51999 ], [ -78.727499, 38.519905 ], [ -78.727236, 38.519847 ], [ -78.726819, 38.519799 ], [ -78.726373, 38.519804 ], [ -78.726107, 38.519834 ], [ -78.725656, 38.519929 ], [ -78.725321, 38.520038 ], [ -78.724407, 38.520378 ], [ -78.724017, 38.52045 ], [ -78.723579, 38.520466 ], [ -78.723345, 38.520455 ], [ -78.72287, 38.52039 ], [ -78.722696, 38.520342 ], [ -78.722436, 38.520245 ], [ -78.722264, 38.520165 ], [ -78.721192, 38.519572 ], [ -78.720633, 38.519334 ], [ -78.720319, 38.519233 ], [ -78.718966, 38.518929 ], [ -78.717906, 38.518672 ], [ -78.718616, 38.517572 ], [ -78.718741, 38.517301 ], [ -78.718772, 38.517113 ], [ -78.71867, 38.515629 ], [ -78.718689, 38.515326 ], [ -78.718752, 38.51504 ], [ -78.718817, 38.514865 ], [ -78.71896, 38.514593 ], [ -78.719765, 38.513143 ], [ -78.719988, 38.512574 ], [ -78.720176, 38.511994 ], [ -78.720275, 38.511618 ], [ -78.720299, 38.511439 ], [ -78.718764, 38.510681 ], [ -78.71642, 38.509225 ], [ -78.714858, 38.508401 ], [ -78.713033, 38.507363 ], [ -78.710411, 38.505825 ], [ -78.70774, 38.504314 ], [ -78.699667, 38.500347 ], [ -78.697664, 38.49923 ], [ -78.695323, 38.497639 ], [ -78.693316, 38.504374 ], [ -78.691411, 38.510865 ], [ -78.691145, 38.511211 ], [ -78.691362, 38.510637 ], [ -78.691312, 38.510008 ], [ -78.682131, 38.506097 ], [ -78.671178, 38.501429 ], [ -78.668707, 38.500376 ], [ -78.652788, 38.493592 ], [ -78.651409, 38.493003 ], [ -78.648211, 38.492828 ], [ -78.646308, 38.491641 ], [ -78.64475, 38.492807 ], [ -78.644076, 38.493283 ], [ -78.643513, 38.493727 ], [ -78.6432, 38.494121 ], [ -78.64279, 38.494213 ], [ -78.64248, 38.494492 ], [ -78.641845, 38.49452 ], [ -78.641336, 38.494477 ], [ -78.640883, 38.494461 ], [ -78.640416, 38.494598 ], [ -78.640085, 38.494678 ], [ -78.639548, 38.494835 ], [ -78.638784, 38.495531 ], [ -78.638063, 38.495975 ], [ -78.636561, 38.496986 ], [ -78.63606, 38.497356 ], [ -78.635827, 38.497507 ], [ -78.635152, 38.497653 ], [ -78.634462, 38.497605 ], [ -78.633992, 38.497408 ], [ -78.633082, 38.496867 ], [ -78.63236, 38.496302 ], [ -78.631858, 38.495883 ], [ -78.630639, 38.495105 ], [ -78.630645, 38.494934 ], [ -78.630652, 38.49473 ], [ -78.630805, 38.494009 ], [ -78.631062, 38.493284 ], [ -78.631484, 38.492476 ], [ -78.632033, 38.491706 ], [ -78.632385, 38.491284 ], [ -78.633094, 38.490024 ], [ -78.633294, 38.489493 ], [ -78.633328, 38.489055 ], [ -78.633346, 38.488666 ], [ -78.633231, 38.487669 ], [ -78.632872, 38.486834 ], [ -78.632809, 38.486728 ], [ -78.632563, 38.486319 ], [ -78.632326, 38.486083 ], [ -78.631734, 38.485169 ], [ -78.630841, 38.48413 ], [ -78.629682, 38.482886 ], [ -78.628549, 38.48186 ], [ -78.628137, 38.481451 ], [ -78.627934, 38.481325 ], [ -78.627603, 38.481282 ], [ -78.627309, 38.480981 ], [ -78.62679, 38.480807 ], [ -78.625859, 38.480294 ], [ -78.625114, 38.479629 ], [ -78.62456, 38.479301 ], [ -78.624023, 38.478982 ], [ -78.622135, 38.477969 ], [ -78.621023, 38.4773 ], [ -78.62045, 38.477109 ], [ -78.618268, 38.475657 ], [ -78.617757, 38.474904 ], [ -78.617493, 38.474193 ], [ -78.617454, 38.472923 ], [ -78.617438, 38.472409 ], [ -78.617751, 38.471799 ], [ -78.618131, 38.471159 ], [ -78.61947, 38.469973 ], [ -78.620454, 38.469008 ], [ -78.621252, 38.46809 ], [ -78.621859, 38.467363 ], [ -78.622458, 38.466947 ], [ -78.62292, 38.466379 ], [ -78.622736, 38.466108 ], [ -78.622531, 38.465806 ], [ -78.619655, 38.464936 ], [ -78.619436, 38.464924 ], [ -78.617966, 38.464659 ], [ -78.617649, 38.464553 ], [ -78.617579, 38.464529 ], [ -78.61679, 38.464445 ], [ -78.615789, 38.464033 ], [ -78.613822, 38.4636 ], [ -78.612735, 38.46358 ], [ -78.611998, 38.463374 ], [ -78.611312, 38.462505 ], [ -78.611064, 38.462024 ], [ -78.611073, 38.462015 ], [ -78.610889, 38.461636 ], [ -78.610372, 38.461241 ], [ -78.608994, 38.461597 ], [ -78.606694, 38.462054 ], [ -78.606468, 38.462096 ], [ -78.605626, 38.462096 ], [ -78.605088, 38.461927 ], [ -78.604572, 38.461766 ], [ -78.602625, 38.461063 ], [ -78.602344, 38.46103 ], [ -78.601571, 38.460941 ], [ -78.600518, 38.460776 ], [ -78.599201, 38.460405 ], [ -78.597831, 38.459661 ], [ -78.597409, 38.458958 ], [ -78.597356, 38.458213 ], [ -78.597114, 38.457503 ], [ -78.59713, 38.457446 ], [ -78.596653, 38.456784 ], [ -78.595966, 38.456219 ], [ -78.595318, 38.455822 ], [ -78.594591, 38.455638 ], [ -78.594515, 38.455631 ], [ -78.593764, 38.455562 ], [ -78.592604, 38.455574 ], [ -78.590908, 38.455282 ], [ -78.5897, 38.455204 ], [ -78.588638, 38.455272 ], [ -78.586208, 38.455686 ], [ -78.584727, 38.455747 ], [ -78.583546, 38.455461000000106 ], [ -78.582738, 38.455298 ], [ -78.582555, 38.455263 ], [ -78.579553, 38.454067 ], [ -78.578819, 38.453832 ], [ -78.577883, 38.453669 ], [ -78.577051, 38.453567 ], [ -78.576282, 38.45332 ], [ -78.575477, 38.452452 ], [ -78.575568, 38.452281 ], [ -78.574644, 38.451206 ], [ -78.573475, 38.450396 ], [ -78.573412, 38.45044 ], [ -78.573123, 38.450316 ], [ -78.572126, 38.449953 ], [ -78.5719, 38.44987 ], [ -78.57099, 38.449585 ], [ -78.570126, 38.449374 ], [ -78.568311, 38.44883 ], [ -78.56616, 38.448034 ], [ -78.564969, 38.447613 ], [ -78.56461, 38.447562 ], [ -78.562851, 38.447307 ], [ -78.561912, 38.447095 ], [ -78.560738, 38.447087 ], [ -78.560211, 38.44718 ], [ -78.559637, 38.447244 ], [ -78.559098, 38.447336 ], [ -78.558734, 38.447217 ], [ -78.558465, 38.447088 ], [ -78.558371, 38.447003 ], [ -78.558042, 38.446719 ], [ -78.557901, 38.446424 ], [ -78.557631, 38.445446 ], [ -78.557422, 38.445246 ], [ -78.557126, 38.44505 ], [ -78.556762, 38.444746 ], [ -78.556481, 38.444562 ], [ -78.556246, 38.444368 ], [ -78.555929, 38.444018 ], [ -78.555284, 38.443705 ], [ -78.555061, 38.443511 ], [ -78.554733, 38.443262 ], [ -78.554486, 38.44293 ], [ -78.554427, 38.44269 ], [ -78.554462, 38.44246 ], [ -78.554427, 38.442165 ], [ -78.554251, 38.441648 ], [ -78.554268, 38.441509 ], [ -78.554438, 38.441206 ], [ -78.55452, 38.440994 ], [ -78.554508, 38.440781 ], [ -78.554461, 38.440597 ], [ -78.554449, 38.440311 ], [ -78.554378, 38.440062 ], [ -78.554249, 38.439767 ], [ -78.554061, 38.439444 ], [ -78.554014, 38.439242 ], [ -78.553827, 38.439011 ], [ -78.553552, 38.438742 ], [ -78.55345, 38.438418 ], [ -78.553392, 38.438181 ], [ -78.553462, 38.43796 ], [ -78.553497, 38.4376 ], [ -78.553462, 38.437056 ], [ -78.553461, 38.436715 ], [ -78.553262, 38.436392 ], [ -78.553061, 38.436211 ], [ -78.553097, 38.436042 ], [ -78.552827, 38.435623 ], [ -78.552593, 38.43535 ], [ -78.552288, 38.435102 ], [ -78.551959, 38.43488 ], [ -78.551783, 38.434659 ], [ -78.551748, 38.434456 ], [ -78.551799, 38.434251 ], [ -78.551935, 38.433848 ], [ -78.551958, 38.433663 ], [ -78.551841, 38.433340000000115 ], [ -78.551543, 38.432977 ], [ -78.551163, 38.432667 ], [ -78.550973, 38.432428 ], [ -78.550843, 38.432234 ], [ -78.550761, 38.431847 ], [ -78.550738, 38.431626 ], [ -78.550549, 38.430906 ], [ -78.55035, 38.430049 ], [ -78.550209, 38.429634 ], [ -78.550161, 38.429385 ], [ -78.549974, 38.429062 ], [ -78.549727, 38.428693 ], [ -78.548833, 38.426698 ], [ -78.548302, 38.426401 ], [ -78.54784, 38.426191 ], [ -78.546329, 38.426028 ], [ -78.546164, 38.426009 ], [ -78.54493, 38.426295 ], [ -78.544157, 38.426335 ], [ -78.543407, 38.426177 ], [ -78.5416, 38.425962 ], [ -78.540151, 38.426456 ], [ -78.53883, 38.427581 ], [ -78.538673, 38.427874 ], [ -78.538008, 38.42899 ], [ -78.538028, 38.429673 ], [ -78.521086, 38.427023 ], [ -78.513802, 38.425864 ], [ -78.51124, 38.425475 ], [ -78.508576, 38.425024 ], [ -78.501077, 38.423853 ], [ -78.488122, 38.421932 ], [ -78.48574, 38.421579 ], [ -78.485699, 38.421731 ], [ -78.485573, 38.421833 ], [ -78.485042, 38.422341 ], [ -78.484583, 38.422979 ], [ -78.484246, 38.423648 ], [ -78.484124, 38.42427 ], [ -78.484038, 38.424896 ], [ -78.484021, 38.42502 ], [ -78.483902, 38.425883 ], [ -78.483576, 38.427061 ], [ -78.483347, 38.427474 ], [ -78.483219, 38.427706 ], [ -78.482913, 38.428594 ], [ -78.482658, 38.429231 ], [ -78.482239, 38.429925 ], [ -78.481647, 38.430603 ], [ -78.480431, 38.431184 ], [ -78.479664, 38.431491 ], [ -78.478938, 38.431701 ], [ -78.478222, 38.43175 ], [ -78.477803, 38.431726 ], [ -78.47719, 38.431847 ], [ -78.476566, 38.432146 ], [ -78.476802, 38.432872 ], [ -78.477191, 38.433396 ], [ -78.477714, 38.434178 ], [ -78.477908, 38.434711 ], [ -78.47797, 38.435106 ], [ -78.47796, 38.435444 ], [ -78.477614, 38.436461 ], [ -78.477573, 38.436905 ], [ -78.477728, 38.43809 ], [ -78.477718, 38.438574 ], [ -78.477361, 38.439268 ], [ -78.476961, 38.439777 ], [ -78.47591, 38.440777 ], [ -78.475889, 38.44181 ], [ -78.475856, 38.441955 ], [ -78.475833, 38.442056 ], [ -78.475777, 38.44231 ], [ -78.475491, 38.442762 ], [ -78.474878, 38.443343 ], [ -78.474408, 38.443867 ], [ -78.474153, 38.444287 ], [ -78.474133, 38.444682 ], [ -78.474328, 38.445586 ], [ -78.473909, 38.446086 ], [ -78.473429, 38.446481 ], [ -78.473112, 38.446852 ], [ -78.472693, 38.447449 ], [ -78.472509, 38.447627 ], [ -78.472192, 38.447603 ], [ -78.47165, 38.447345 ], [ -78.469718, 38.447433 ], [ -78.468132, 38.447507 ], [ -78.467651, 38.447548 ], [ -78.466894, 38.447572 ], [ -78.466035, 38.447475 ], [ -78.465073, 38.447 ], [ -78.465381, 38.448194 ], [ -78.465443, 38.448855 ], [ -78.465464, 38.450283 ], [ -78.465209, 38.451186 ], [ -78.464964, 38.451945 ], [ -78.464699, 38.452542 ], [ -78.463554, 38.453631 ], [ -78.463217, 38.453921 ], [ -78.462685, 38.454285 ], [ -78.462113, 38.45472 ], [ -78.461918, 38.455107 ], [ -78.461796, 38.455712 ], [ -78.461858, 38.456277 ], [ -78.462155, 38.457068 ], [ -78.462237, 38.457398 ], [ -78.462494, 38.457874 ], [ -78.462573, 38.458323 ], [ -78.462658, 38.458923 ], [ -78.462658, 38.459528 ], [ -78.46228, 38.460101 ], [ -78.462067, 38.460313 ], [ -78.461964, 38.460416 ], [ -78.461452, 38.460811 ], [ -78.460962, 38.461375 ], [ -78.460543, 38.461819 ], [ -78.460195, 38.462408 ], [ -78.460103, 38.462731 ], [ -78.459848, 38.463247 ], [ -78.459741, 38.463367 ], [ -78.459439, 38.463707 ], [ -78.458754, 38.46411 ], [ -78.458017, 38.464385 ], [ -78.457711, 38.464804 ], [ -78.45764, 38.465514 ], [ -78.457712, 38.46661 ], [ -78.457651, 38.467409 ], [ -78.457621, 38.467611 ], [ -78.457547, 38.467733 ], [ -78.457416, 38.467949 ], [ -78.457079, 38.468667 ], [ -78.457008, 38.469063 ], [ -78.456844, 38.469418 ], [ -78.456456, 38.46999 ], [ -78.456282, 38.470579 ], [ -78.45617, 38.471176 ], [ -78.455966, 38.471684 ], [ -78.455495, 38.472532 ], [ -78.455025, 38.472895 ], [ -78.454472, 38.473395 ], [ -78.453828, 38.474089 ], [ -78.453378, 38.474661 ], [ -78.453043, 38.475278 ], [ -78.452801, 38.475527 ], [ -78.452566, 38.475979 ], [ -78.45226, 38.476859 ], [ -78.451872, 38.477665 ], [ -78.451442, 38.478367 ], [ -78.450037, 38.480848 ], [ -78.449076, 38.482386 ], [ -78.448758, 38.482712 ], [ -78.448553, 38.482841 ], [ -78.448205, 38.483019 ], [ -78.4476, 38.483291 ], [ -78.447312, 38.483476 ], [ -78.447093, 38.483678 ], [ -78.446839, 38.484007 ], [ -78.446726, 38.484693 ], [ -78.446553, 38.485265 ], [ -78.446154, 38.486024 ], [ -78.445878, 38.486935 ], [ -78.445533, 38.487702 ], [ -78.445408, 38.488024 ], [ -78.445122, 38.488468 ], [ -78.44438, 38.489444 ], [ -78.443494, 38.489501 ], [ -78.442347, 38.489655 ], [ -78.44206, 38.489719 ], [ -78.441752, 38.489885 ], [ -78.441605, 38.490004 ], [ -78.441481, 38.490266 ], [ -78.441451, 38.490376 ], [ -78.441428, 38.490491 ], [ -78.441422, 38.490707 ], [ -78.441463, 38.4909 ], [ -78.441713, 38.491418 ], [ -78.442093, 38.492509 ], [ -78.442196, 38.493251 ], [ -78.442094, 38.494043 ], [ -78.442156, 38.494397 ], [ -78.442473, 38.494792 ], [ -78.443118, 38.4951 ], [ -78.444234, 38.495124 ], [ -78.446067, 38.497423 ], [ -78.446364, 38.497963 ], [ -78.446648, 38.498631 ], [ -78.446774, 38.498923 ], [ -78.446774, 38.499286 ], [ -78.44604, 38.499628 ], [ -78.445853, 38.499859 ], [ -78.445819, 38.50005 ], [ -78.445802, 38.500146 ], [ -78.445406, 38.501005 ], [ -78.445366, 38.501255 ], [ -78.445502, 38.502157 ], [ -78.445483, 38.502463 ], [ -78.445341, 38.502698 ], [ -78.445248, 38.502811 ], [ -78.443861, 38.503693 ], [ -78.443167, 38.504291 ], [ -78.442872, 38.504638 ], [ -78.442598, 38.505074 ], [ -78.442365, 38.505695 ], [ -78.442158, 38.507623 ], [ -78.442182, 38.50859 ], [ -78.442276, 38.509129 ], [ -78.442526, 38.50972 ], [ -78.442959, 38.51079 ], [ -78.443003, 38.511089 ], [ -78.44298, 38.51139 ], [ -78.442891, 38.511683 ], [ -78.442739, 38.511959 ], [ -78.442528, 38.51221 ], [ -78.442265, 38.512429 ], [ -78.442043, 38.512565 ], [ -78.440634, 38.51331 ], [ -78.440451, 38.513471 ], [ -78.4404, 38.513681 ], [ -78.440412, 38.513883 ], [ -78.440598, 38.514543 ], [ -78.440819, 38.515119 ], [ -78.441091, 38.515911 ], [ -78.441109, 38.516073 ], [ -78.441034, 38.51621 ], [ -78.440909, 38.516362 ], [ -78.440797, 38.516475 ], [ -78.440656, 38.516549 ], [ -78.440572, 38.516568 ], [ -78.440478, 38.516563 ], [ -78.440101, 38.516457 ], [ -78.440058, 38.516444 ], [ -78.439246, 38.516451 ], [ -78.439175, 38.516475 ], [ -78.439083, 38.516564 ], [ -78.438939, 38.516787 ], [ -78.438929, 38.516798 ], [ -78.43888, 38.51695 ], [ -78.438816, 38.517141 ], [ -78.438401, 38.518055 ], [ -78.438177, 38.518329 ], [ -78.437771, 38.518571 ], [ -78.437146, 38.518904 ], [ -78.436809, 38.519147 ], [ -78.436454, 38.519857 ], [ -78.436083, 38.521704 ], [ -78.436268, 38.522146 ], [ -78.440853, 38.526117 ], [ -78.441548, 38.526717 ], [ -78.442767, 38.527775 ], [ -78.442635, 38.527884 ], [ -78.441505, 38.528647 ], [ -78.44136, 38.528852 ], [ -78.441239, 38.528865 ], [ -78.440923, 38.528898 ], [ -78.440806, 38.52899 ], [ -78.439642, 38.529731 ], [ -78.43952, 38.52981 ], [ -78.43895, 38.530314 ], [ -78.438562, 38.530713 ], [ -78.438463, 38.530815 ], [ -78.438369, 38.530864 ], [ -78.438255, 38.53089 ], [ -78.438027, 38.530898 ], [ -78.437796, 38.530841 ], [ -78.43768, 38.53076 ], [ -78.437632, 38.530704 ], [ -78.437185, 38.530031 ], [ -78.437051, 38.529841 ], [ -78.436839, 38.529594 ], [ -78.436387, 38.529192 ], [ -78.435849, 38.528805 ], [ -78.435613, 38.528617 ], [ -78.434682, 38.527641 ], [ -78.434231, 38.527303 ], [ -78.433123, 38.526612 ], [ -78.432733, 38.526459 ], [ -78.432232, 38.526347 ], [ -78.431822, 38.526357 ], [ -78.431332, 38.526447 ], [ -78.430636, 38.526689 ], [ -78.430208, 38.526893 ], [ -78.429902, 38.527158 ], [ -78.429626, 38.527454 ], [ -78.429344, 38.52781 ], [ -78.429231, 38.528004 ], [ -78.429099, 38.528405 ], [ -78.428929, 38.529059 ], [ -78.428772, 38.529447 ], [ -78.428655, 38.52959 ], [ -78.42816, 38.530049 ], [ -78.428056, 38.530111 ], [ -78.427692, 38.530263 ], [ -78.427353, 38.530376 ], [ -78.425791, 38.530784 ], [ -78.425219, 38.531071 ], [ -78.425036, 38.531169 ], [ -78.424853, 38.531411 ], [ -78.424681, 38.5316 ], [ -78.424184, 38.532217 ], [ -78.424011, 38.532372 ], [ -78.423538, 38.532727 ], [ -78.423168, 38.53297 ], [ -78.422392, 38.533423 ], [ -78.421777, 38.533626 ], [ -78.420898, 38.533795 ], [ -78.420632, 38.533846 ], [ -78.420337, 38.533976 ], [ -78.419999, 38.534202 ], [ -78.419754, 38.534396 ], [ -78.419561, 38.534653 ], [ -78.419409, 38.535081 ], [ -78.419267, 38.535558 ], [ -78.419075, 38.536469 ], [ -78.419036, 38.536864 ], [ -78.418937, 38.537067 ], [ -78.418894, 38.537155 ], [ -78.418711, 38.537324 ], [ -78.418463, 38.537475 ], [ -78.418129, 38.537817 ], [ -78.417375, 38.538818 ], [ -78.417182, 38.539206 ], [ -78.417152, 38.539377 ], [ -78.41713, 38.539502 ], [ -78.417102, 38.539665 ], [ -78.41695, 38.540004 ], [ -78.415849, 38.541651 ], [ -78.415076, 38.542991 ], [ -78.414925, 38.543547 ], [ -78.414397, 38.545067 ], [ -78.414175, 38.545725 ], [ -78.414035, 38.546507 ], [ -78.41376, 38.547201 ], [ -78.413505, 38.547516 ], [ -78.413188, 38.547758 ], [ -78.412769, 38.547896 ], [ -78.411906, 38.54814 ], [ -78.410162, 38.548635 ], [ -78.409314, 38.549 ], [ -78.408936, 38.549242 ], [ -78.40865, 38.549509 ], [ -78.408415, 38.549832 ], [ -78.408263, 38.550219 ], [ -78.407949, 38.551203 ], [ -78.407663, 38.55159 ], [ -78.407449, 38.551696 ], [ -78.406425, 38.551748 ], [ -78.405926, 38.551716 ], [ -78.405402, 38.551821 ], [ -78.404584, 38.552016 ], [ -78.404021, 38.552218 ], [ -78.402294, 38.553068 ], [ -78.40166, 38.553352 ], [ -78.401179, 38.553344 ], [ -78.400913, 38.553401 ], [ -78.397896, 38.554342 ], [ -78.396495, 38.554861 ], [ -78.395228, 38.555645 ], [ -78.394952, 38.555702 ], [ -78.394655, 38.555735 ], [ -78.394338, 38.555687 ], [ -78.392042, 38.55495 ], [ -78.390679, 38.55467 ], [ -78.390024, 38.554655 ], [ -78.38942, 38.554721 ], [ -78.38895, 38.554899 ], [ -78.386752, 38.556468 ], [ -78.385221, 38.557582 ], [ -78.384082, 38.558935 ], [ -78.383241, 38.559877 ], [ -78.38263, 38.560275 ], [ -78.381671, 38.560755 ], [ -78.380929, 38.561307 ], [ -78.380777, 38.56151 ], [ -78.380687, 38.56172 ], [ -78.380617, 38.561978 ], [ -78.3806, 38.564547 ], [ -78.3806, 38.564613 ], [ -78.380764, 38.565321 ], [ -78.38112, 38.566762 ], [ -78.381129, 38.56777 ], [ -78.381275, 38.568107 ], [ -78.381523, 38.568316 ], [ -78.381914, 38.568499 ], [ -78.383095, 38.569001 ], [ -78.383687, 38.569973 ], [ -78.383979, 38.570568 ], [ -78.384106, 38.571051 ], [ -78.384109, 38.571389 ], [ -78.383977, 38.572655 ], [ -78.383652, 38.573171 ], [ -78.383389, 38.573587 ], [ -78.382836, 38.574394 ], [ -78.382507, 38.575419 ], [ -78.382971, 38.57724 ], [ -78.383185, 38.578067 ], [ -78.384634, 38.578696 ], [ -78.385662, 38.582656 ], [ -78.38358, 38.58752 ], [ -78.383193, 38.588319 ], [ -78.380905, 38.590129 ], [ -78.380442, 38.590253 ], [ -78.379464, 38.590443 ], [ -78.37622, 38.592858 ], [ -78.374591, 38.594071 ], [ -78.374098, 38.594486 ], [ -78.373723, 38.595427 ], [ -78.373612, 38.5959 ], [ -78.373525, 38.596046 ], [ -78.373271, 38.596479 ], [ -78.373001, 38.596835 ], [ -78.372568, 38.597163 ], [ -78.372253, 38.597349 ], [ -78.371731, 38.597618 ], [ -78.371387, 38.597857 ], [ -78.371286, 38.597971 ], [ -78.371168, 38.598172 ], [ -78.371073, 38.598697 ], [ -78.371034, 38.599155 ], [ -78.370992, 38.599408 ], [ -78.370927, 38.599481 ], [ -78.370805, 38.599573 ], [ -78.370665, 38.599647 ], [ -78.370503, 38.599706 ], [ -78.37044, 38.599756 ], [ -78.370401, 38.599803 ], [ -78.370358, 38.599908 ], [ -78.370332, 38.600149 ], [ -78.370272, 38.600183 ], [ -78.370035, 38.600199 ], [ -78.369998, 38.600215 ], [ -78.369227, 38.601042 ], [ -78.368621, 38.601593 ], [ -78.367952, 38.602107 ], [ -78.367796, 38.602249 ], [ -78.367694, 38.602496 ], [ -78.367616, 38.603428 ], [ -78.367479, 38.603763 ], [ -78.36736, 38.603929 ], [ -78.367021, 38.604203 ], [ -78.366699, 38.604549 ], [ -78.366609, 38.604789 ], [ -78.366524, 38.605085 ], [ -78.366545, 38.605568 ], [ -78.366489, 38.605946 ], [ -78.36642, 38.606053 ], [ -78.366306, 38.606232 ], [ -78.366012, 38.606808 ], [ -78.365036, 38.608471 ], [ -78.364415, 38.609603 ], [ -78.364262, 38.609877 ], [ -78.364009, 38.610056 ], [ -78.363758, 38.6102 ], [ -78.363643, 38.610256 ], [ -78.363177, 38.610382 ], [ -78.362947, 38.610473 ], [ -78.362746, 38.610645 ], [ -78.362306, 38.611633 ], [ -78.362097, 38.611998 ], [ -78.361938, 38.612123 ], [ -78.360667, 38.61243 ], [ -78.36026, 38.61263 ], [ -78.360201, 38.612729 ], [ -78.360201, 38.612788 ], [ -78.360428, 38.613028 ], [ -78.36046, 38.613128 ], [ -78.360501, 38.613239 ], [ -78.360494, 38.613416 ], [ -78.360312, 38.613605 ], [ -78.360018, 38.613783 ], [ -78.359648, 38.613814 ], [ -78.359479, 38.61376 ], [ -78.359294, 38.6137 ], [ -78.357685, 38.613483 ], [ -78.357278, 38.613373 ], [ -78.357159, 38.613318 ], [ -78.356898, 38.613014 ], [ -78.356698, 38.612763 ], [ -78.356615, 38.612703 ], [ -78.356067, 38.612492 ], [ -78.355754, 38.612306 ], [ -78.355579, 38.612146 ], [ -78.355365, 38.612032 ], [ -78.355167, 38.611971 ], [ -78.355024, 38.611987 ], [ -78.354964, 38.612009 ], [ -78.354915, 38.612058 ], [ -78.354829, 38.612158 ], [ -78.354736, 38.612306 ], [ -78.354585, 38.612681 ], [ -78.354462, 38.612935 ], [ -78.354291, 38.613108 ], [ -78.353849, 38.613403 ], [ -78.353571, 38.613694 ], [ -78.353429, 38.613932 ], [ -78.353299, 38.614244 ], [ -78.353122, 38.614674 ], [ -78.35287, 38.615046 ], [ -78.352436, 38.615452 ], [ -78.352215, 38.615553 ], [ -78.350458, 38.615817 ], [ -78.34942, 38.616055 ], [ -78.348664, 38.616286 ], [ -78.347911, 38.616654 ], [ -78.347195, 38.617127 ], [ -78.345984, 38.617959 ], [ -78.345706, 38.618507 ], [ -78.345526, 38.61864 ], [ -78.345118, 38.618855 ], [ -78.344681, 38.619287 ], [ -78.344471, 38.619786 ], [ -78.34434, 38.6201 ], [ -78.344268, 38.620848 ], [ -78.344276, 38.62117 ], [ -78.344565, 38.62187 ], [ -78.344621, 38.622266 ], [ -78.34449, 38.62269 ], [ -78.34422, 38.623045 ], [ -78.344033, 38.623054 ], [ -78.34387, 38.623091 ], [ -78.343484, 38.623206 ], [ -78.343337, 38.623284 ], [ -78.342922, 38.623769 ], [ -78.342753, 38.623944 ], [ -78.342548, 38.624094 ], [ -78.342312, 38.624213 ], [ -78.341976, 38.624317 ], [ -78.341802, 38.624509 ], [ -78.341673, 38.624722 ], [ -78.341593, 38.62495 ], [ -78.341588, 38.625054 ], [ -78.341633, 38.625172 ], [ -78.341552, 38.625258 ], [ -78.340984, 38.625684 ], [ -78.338693, 38.627019 ], [ -78.338176, 38.627312 ], [ -78.335812, 38.625151 ], [ -78.316925, 38.608454 ], [ -78.315421, 38.607052 ], [ -78.288411, 38.582965 ], [ -78.285218, 38.580119 ], [ -78.283976, 38.579076 ], [ -78.280612, 38.576091 ], [ -78.280192, 38.575747 ], [ -78.272931, 38.569332 ], [ -78.266836, 38.56396 ], [ -78.266533, 38.563691 ], [ -78.263438, 38.561943 ], [ -78.260232, 38.559054 ], [ -78.25913, 38.557966 ], [ -78.258745, 38.557586 ], [ -78.255818, 38.554724 ], [ -78.25349, 38.552377 ], [ -78.253297, 38.552182 ], [ -78.25274, 38.551619 ], [ -78.249577, 38.548732 ], [ -78.246667, 38.546017 ], [ -78.24652, 38.545871 ], [ -78.246372, 38.545719 ], [ -78.246144, 38.545487 ], [ -78.243176, 38.542807 ], [ -78.233525, 38.53409 ], [ -78.231803, 38.532539 ], [ -78.231549, 38.532522 ], [ -78.23071, 38.532522 ], [ -78.230501, 38.532561 ], [ -78.23034, 38.532616 ], [ -78.229802, 38.532918 ], [ -78.229257, 38.533198 ], [ -78.229152, 38.533281 ], [ -78.229068, 38.533379 ], [ -78.228964, 38.533621 ], [ -78.228971, 38.533961 ], [ -78.228929, 38.534082 ], [ -78.228873, 38.534115 ], [ -78.228691, 38.534159 ], [ -78.228307, 38.534176 ], [ -78.227804, 38.534159 ], [ -78.227391, 38.534181 ], [ -78.227266, 38.534176 ], [ -78.226776, 38.534094 ], [ -78.226035, 38.53382 ], [ -78.225714, 38.533803 ], [ -78.225343, 38.533853 ], [ -78.225022, 38.533974 ], [ -78.224659, 38.534062 ], [ -78.2244, 38.534078 ], [ -78.22412, 38.534122 ], [ -78.223722, 38.534391 ], [ -78.223554, 38.534452 ], [ -78.223464, 38.534468 ], [ -78.223275, 38.534479 ], [ -78.222842, 38.534452 ], [ -78.222226, 38.534331 ], [ -78.22187, 38.53432 ], [ -78.221597, 38.534353 ], [ -78.221136, 38.534573 ], [ -78.220829, 38.534853 ], [ -78.220354, 38.535221 ], [ -78.220186, 38.53543 ], [ -78.220137, 38.535671 ], [ -78.220109, 38.535732 ], [ -78.220088, 38.535765 ], [ -78.219956, 38.535869 ], [ -78.219739, 38.535957 ], [ -78.219397, 38.536155 ], [ -78.219187, 38.53622 ], [ -78.218118, 38.536638 ], [ -78.217705, 38.53683 ], [ -78.217482, 38.536913 ], [ -78.217314, 38.537 ], [ -78.216958, 38.537231 ], [ -78.216853, 38.537374 ], [ -78.216853, 38.537561 ], [ -78.216776, 38.537753 ], [ -78.216462, 38.538066 ], [ -78.216239, 38.538214 ], [ -78.216147, 38.538263 ], [ -78.215959, 38.538318 ], [ -78.215091, 38.538427 ], [ -78.214882, 38.538439 ], [ -78.214728, 38.538428 ], [ -78.214665, 38.538406 ], [ -78.214351, 38.538231 ], [ -78.213806, 38.537814 ], [ -78.213701, 38.537753 ], [ -78.21347, 38.537666 ], [ -78.213107, 38.537589 ], [ -78.212757, 38.53749 ], [ -78.212596, 38.537402 ], [ -78.212547, 38.537358 ], [ -78.21247, 38.537249 ], [ -78.212442, 38.537166 ], [ -78.212414, 38.536963 ], [ -78.212519, 38.536403 ], [ -78.212533, 38.536096 ], [ -78.212526, 38.535931 ], [ -78.212491, 38.535728 ], [ -78.212267, 38.535327 ], [ -78.211911, 38.534877 ], [ -78.211708, 38.534394 ], [ -78.211414, 38.533807 ], [ -78.211162, 38.533368 ], [ -78.210959, 38.532917 ], [ -78.210722, 38.532572 ], [ -78.210512, 38.53233 ], [ -78.210442, 38.53227 ], [ -78.210232, 38.532149 ], [ -78.210078, 38.531968 ], [ -78.209827, 38.53177 ], [ -78.209526, 38.53149 ], [ -78.208967, 38.531018 ], [ -78.208289, 38.530568 ], [ -78.208156, 38.53053 ], [ -78.20803, 38.530513 ], [ -78.207953, 38.530524 ], [ -78.207884, 38.530541 ], [ -78.207611, 38.530678 ], [ -78.207506, 38.530772 ], [ -78.207122, 38.531216 ], [ -78.206675, 38.531612 ], [ -78.206584, 38.531667 ], [ -78.206151, 38.532012 ], [ -78.205731, 38.532314 ], [ -78.205054, 38.532682 ], [ -78.204292, 38.533001 ], [ -78.203956, 38.533111 ], [ -78.203768, 38.533144 ], [ -78.203446, 38.533155 ], [ -78.203055, 38.533111 ], [ -78.202873, 38.533072 ], [ -78.202559, 38.532963 ], [ -78.201985, 38.532864 ], [ -78.201797, 38.532793 ], [ -78.201531, 38.53265 ], [ -78.201175, 38.532342 ], [ -78.200727, 38.531881 ], [ -78.200462, 38.531634 ], [ -78.199875, 38.531009 ], [ -78.199847, 38.53091 ], [ -78.199916, 38.530679 ], [ -78.199937, 38.530482 ], [ -78.199909, 38.530295 ], [ -78.199867, 38.530212 ], [ -78.199766, 38.52992 ], [ -78.199707, 38.529817 ], [ -78.199539, 38.529598 ], [ -78.199371, 38.529444 ], [ -78.199308, 38.529362 ], [ -78.199266, 38.529263 ], [ -78.199182, 38.528884 ], [ -78.19914, 38.528571 ], [ -78.199, 38.52817 ], [ -78.198763, 38.527874 ], [ -78.198441, 38.527693 ], [ -78.198343, 38.527622 ], [ -78.198155, 38.527331 ], [ -78.198071, 38.527287 ], [ -78.197959, 38.527281 ], [ -78.197435, 38.527336 ], [ -78.197183, 38.527303 ], [ -78.196869, 38.527226 ], [ -78.195974, 38.526837 ], [ -78.195422, 38.52654 ], [ -78.194758, 38.526118 ], [ -78.19466, 38.52603 ], [ -78.194514, 38.525799 ], [ -78.194381, 38.525695 ], [ -78.193885, 38.525388 ], [ -78.193752, 38.525316 ], [ -78.19357, 38.525245 ], [ -78.1932, 38.525031 ], [ -78.192857, 38.524882 ], [ -78.192599, 38.524707 ], [ -78.192319, 38.524564 ], [ -78.192005, 38.524367 ], [ -78.191641, 38.524207 ], [ -78.191432, 38.524147 ], [ -78.191068, 38.524059 ], [ -78.190929, 38.524059 ], [ -78.190859, 38.524098 ], [ -78.190845, 38.524125 ], [ -78.190859, 38.524399 ], [ -78.190838, 38.524564 ], [ -78.190712, 38.524652 ], [ -78.190642, 38.524745 ], [ -78.190586, 38.525036 ], [ -78.190461, 38.525119 ], [ -78.190146, 38.525261 ], [ -78.190041, 38.525366 ], [ -78.190013, 38.525475 ], [ -78.190027, 38.525898 ], [ -78.189999, 38.52597 ], [ -78.189901, 38.526118 ], [ -78.189776, 38.526271 ], [ -78.189084, 38.526886 ], [ -78.188909, 38.527024 ], [ -78.188727, 38.527122 ], [ -78.188462, 38.527424 ], [ -78.188189, 38.527627 ], [ -78.188084, 38.527688 ], [ -78.187938, 38.527743 ], [ -78.187735, 38.527792 ], [ -78.187539, 38.52782 ], [ -78.187386, 38.527787 ], [ -78.187316, 38.527737 ], [ -78.186854, 38.527276 ], [ -78.186659, 38.527172 ], [ -78.185625, 38.527062 ], [ -78.185254, 38.526919 ], [ -78.184653, 38.526848 ], [ -78.184339, 38.526787 ], [ -78.183144, 38.52648 ], [ -78.182969, 38.526469 ], [ -78.18278, 38.526491 ], [ -78.182026, 38.526661 ], [ -78.18139, 38.52665 ], [ -78.180429, 38.52682 ], [ -78.180188, 38.526842 ], [ -78.180006, 38.526815 ], [ -78.179559, 38.526672 ], [ -78.17937, 38.52665 ], [ -78.178881, 38.526672 ], [ -78.178643, 38.526666 ], [ -78.178399, 38.526622 ], [ -78.178294, 38.526584 ], [ -78.178252, 38.526545 ], [ -78.178224, 38.526458 ], [ -78.178259, 38.526304 ], [ -78.178259, 38.526161 ], [ -78.178154, 38.526018 ], [ -78.177958, 38.52587 ], [ -78.177784, 38.525684 ], [ -78.177672, 38.525376 ], [ -78.177651, 38.52525 ], [ -78.177728, 38.524772 ], [ -78.177742, 38.524569 ], [ -78.177714, 38.52413 ], [ -78.177435, 38.523301 ], [ -78.177386, 38.523109 ], [ -78.17733, 38.522851 ], [ -78.177295, 38.522478 ], [ -78.177218, 38.522137 ], [ -78.177135, 38.521907 ], [ -78.177023, 38.52172 ], [ -78.17689, 38.521561 ], [ -78.176548, 38.521023 ], [ -78.176506, 38.520973 ], [ -78.17638, 38.520885 ], [ -78.176205, 38.520809 ], [ -78.175975, 38.520792 ], [ -78.175877, 38.520798 ], [ -78.175737, 38.520836 ], [ -78.175639, 38.520885 ], [ -78.175437, 38.521023 ], [ -78.175227, 38.52122 ], [ -78.174877, 38.521626 ], [ -78.174528, 38.521923 ], [ -78.174367, 38.522027 ], [ -78.174095, 38.522098 ], [ -78.174004, 38.522153 ], [ -78.173871, 38.522186 ], [ -78.173627, 38.522285 ], [ -78.173396, 38.522356 ], [ -78.173172, 38.522395 ], [ -78.173019, 38.5224 ], [ -78.172725, 38.522367 ], [ -78.172522, 38.522318 ], [ -78.172131, 38.522186 ], [ -78.171963, 38.522164 ], [ -78.171859, 38.522175 ], [ -78.171775, 38.522202 ], [ -78.171328, 38.522379 ], [ -78.170929, 38.522515 ], [ -78.170601, 38.522647 ], [ -78.170314, 38.522784 ], [ -78.17016, 38.52291 ], [ -78.170042, 38.523042 ], [ -78.169818, 38.523404 ], [ -78.169678, 38.523569 ], [ -78.169545, 38.523684 ], [ -78.16944, 38.52375 ], [ -78.169147, 38.523849 ], [ -78.168888, 38.523849 ], [ -78.168792, 38.523809 ], [ -78.168722, 38.523872 ], [ -78.16427, 38.52796 ], [ -78.158497, 38.533261 ], [ -78.152347, 38.538908 ], [ -78.147173, 38.543659 ], [ -78.139145, 38.551031 ], [ -78.129357, 38.560011 ], [ -78.124721, 38.564277 ], [ -78.121058, 38.56777 ], [ -78.111, 38.577362 ], [ -78.110537, 38.577688 ], [ -78.109922, 38.578147 ], [ -78.109348, 38.578495 ], [ -78.109081, 38.578781 ], [ -78.108076, 38.579745 ], [ -78.10298, 38.584756 ], [ -78.098866, 38.588549 ], [ -78.095284, 38.591852 ], [ -78.095116, 38.592006 ], [ -78.09415, 38.592896 ], [ -78.093963, 38.593065 ], [ -78.092319, 38.594529 ], [ -78.092202, 38.594634 ], [ -78.092141, 38.595015 ], [ -78.09141, 38.595489 ], [ -78.091178, 38.595854 ], [ -78.090935, 38.596073 ], [ -78.090564, 38.596267 ], [ -78.090132, 38.596786 ], [ -78.089555, 38.597155 ], [ -78.089346, 38.597289 ], [ -78.089203, 38.597381 ], [ -78.089103, 38.597445 ], [ -78.074939, 38.606525 ], [ -78.072875, 38.607847 ], [ -78.071491, 38.608735 ], [ -78.068366, 38.61074 ], [ -78.065408, 38.612636 ], [ -78.05957, 38.61638 ], [ -78.054925, 38.619358 ], [ -78.051233, 38.621724 ], [ -78.047551, 38.624039 ], [ -78.047467, 38.624093 ], [ -78.047391, 38.624141 ], [ -78.045849, 38.62512 ], [ -78.04053, 38.628355 ], [ -78.035306, 38.63168 ], [ -78.033032, 38.633128 ], [ -78.025998, 38.637655 ], [ -78.023236, 38.639433 ], [ -78.015524, 38.644344 ], [ -78.012472, 38.64628 ], [ -78.011433, 38.646938 ], [ -78.006376, 38.650291 ], [ -78.005108, 38.651105 ], [ -78.000729, 38.653919 ], [ -78.000422, 38.654115 ], [ -77.999718, 38.654701 ], [ -77.990855, 38.660361 ], [ -77.980432, 38.666969 ], [ -77.97907, 38.66785 ], [ -77.977691, 38.668743 ], [ -77.975275, 38.670306 ], [ -77.972102, 38.67229 ], [ -77.971614, 38.672599 ], [ -77.971346, 38.672768 ], [ -77.969319, 38.674048 ], [ -77.968021, 38.674896 ], [ -77.964526, 38.677146 ], [ -77.95416, 38.683813 ], [ -77.952792, 38.684729 ], [ -77.949491, 38.686786 ], [ -77.945753, 38.689177 ], [ -77.944423, 38.690028 ], [ -77.942275, 38.691406 ], [ -77.935515, 38.695813 ], [ -77.935355, 38.69584 ], [ -77.935265, 38.6958 ], [ -77.935087, 38.695655 ], [ -77.934907, 38.695584 ], [ -77.934811, 38.695521 ], [ -77.934735, 38.695495 ], [ -77.934596, 38.695482 ], [ -77.934463, 38.695387 ], [ -77.934191, 38.695341 ], [ -77.934119, 38.695311 ], [ -77.93391, 38.695175 ], [ -77.933708, 38.695117 ], [ -77.933357, 38.69506 ], [ -77.933246, 38.695058 ], [ -77.932981, 38.695127 ], [ -77.932686, 38.695219 ], [ -77.932476, 38.695317 ], [ -77.932261, 38.695376 ], [ -77.932099, 38.695405 ], [ -77.931438, 38.695453 ], [ -77.931053, 38.695558 ], [ -77.930985, 38.695616 ], [ -77.930797, 38.695729 ], [ -77.930715, 38.695841 ], [ -77.930669, 38.695971 ], [ -77.930674, 38.696093 ], [ -77.930706, 38.696221 ], [ -77.930822, 38.696439 ], [ -77.931025, 38.69668 ], [ -77.931119, 38.696741 ], [ -77.931783, 38.697342 ], [ -77.931909, 38.697526 ], [ -77.931939, 38.697636 ], [ -77.931929, 38.697743 ], [ -77.93185, 38.697909 ], [ -77.931787, 38.698008 ], [ -77.931547, 38.698301 ], [ -77.931393, 38.698366 ], [ -77.931341, 38.698374 ], [ -77.931008, 38.698333 ], [ -77.930827, 38.698326 ], [ -77.930615, 38.698347 ], [ -77.929016, 38.698923 ], [ -77.927655, 38.699018 ], [ -77.926713, 38.698442 ], [ -77.924455, 38.697662 ], [ -77.922337, 38.69753 ], [ -77.921713, 38.697903 ], [ -77.921537, 38.698008 ], [ -77.920304, 38.697553 ], [ -77.918783, 38.698048 ], [ -77.916233, 38.698125 ], [ -77.914183, 38.697901 ], [ -77.913806, 38.697771 ], [ -77.913354, 38.697574 ], [ -77.913256, 38.697516 ], [ -77.912608, 38.697105 ], [ -77.912523, 38.697021 ], [ -77.912411, 38.696862 ], [ -77.912265, 38.696741 ], [ -77.912163, 38.696701 ], [ -77.912023, 38.696696 ], [ -77.911595, 38.696557 ], [ -77.911331, 38.696545 ], [ -77.91092, 38.696777 ], [ -77.910733, 38.696931 ], [ -77.910584, 38.697125 ], [ -77.910563, 38.697215 ], [ -77.910375, 38.697361 ], [ -77.910147, 38.697416 ], [ -77.909809, 38.697322 ], [ -77.909456, 38.697322 ], [ -77.909303, 38.697075 ], [ -77.909324, 38.696783 ], [ -77.909431, 38.696622 ], [ -77.909627, 38.69639 ], [ -77.909579, 38.69623 ], [ -77.909336, 38.6962 ], [ -77.909234, 38.696201 ], [ -77.908983, 38.696264 ], [ -77.908744, 38.696259 ], [ -77.908575, 38.696298 ], [ -77.908464, 38.696306 ], [ -77.908261, 38.696279 ], [ -77.908099, 38.696239 ], [ -77.907708, 38.69627 ], [ -77.907353, 38.696243 ], [ -77.907245, 38.696217 ], [ -77.907119, 38.696164 ], [ -77.906672, 38.696129 ], [ -77.906443, 38.696072 ], [ -77.906102, 38.695893 ], [ -77.905954, 38.695806 ], [ -77.905571, 38.695495 ], [ -77.905203, 38.695239 ], [ -77.905114, 38.695121 ], [ -77.905083, 38.695109 ], [ -77.904936, 38.694942 ], [ -77.904902, 38.694856 ], [ -77.90487, 38.694667 ], [ -77.90489, 38.694452 ], [ -77.904821, 38.694346 ], [ -77.9048, 38.69418 ], [ -77.904844, 38.693993 ], [ -77.904997, 38.693622 ], [ -77.90491, 38.693157 ], [ -77.904414, 38.692684 ], [ -77.90371, 38.692289 ], [ -77.902756, 38.691566 ], [ -77.902324, 38.69109 ], [ -77.902159, 38.690818 ], [ -77.902048, 38.690525 ], [ -77.902038, 38.690291 ], [ -77.902051, 38.690231 ], [ -77.902161, 38.68998 ], [ -77.902239, 38.689672 ], [ -77.902688, 38.689012 ], [ -77.903184, 38.68854 ], [ -77.903422, 38.688076 ], [ -77.903755, 38.687215 ], [ -77.903874, 38.686988 ], [ -77.904036, 38.686752 ], [ -77.904147, 38.686636 ], [ -77.904223, 38.686495 ], [ -77.904244, 38.686404 ], [ -77.904205, 38.686102 ], [ -77.904115, 38.685797 ], [ -77.904082, 38.685742 ], [ -77.903979, 38.685354 ], [ -77.903972, 38.685041 ], [ -77.903993, 38.684981 ], [ -77.904266, 38.684663 ], [ -77.904294, 38.684498 ], [ -77.904203, 38.684388 ], [ -77.904155, 38.684207 ], [ -77.90411, 38.684158 ], [ -77.904058, 38.684134 ], [ -77.903818, 38.684128 ], [ -77.903396, 38.684159 ], [ -77.902999, 38.684188 ], [ -77.902908, 38.684181 ], [ -77.902833, 38.684254 ], [ -77.894548, 38.692345 ], [ -77.893417, 38.693428 ], [ -77.892891, 38.693862 ], [ -77.892582, 38.694089 ], [ -77.888211, 38.697086 ], [ -77.887645, 38.697435 ], [ -77.887043, 38.697757 ], [ -77.886737, 38.697905 ], [ -77.885299, 38.698533 ], [ -77.87425, 38.703277 ], [ -77.87126, 38.704559 ], [ -77.867157, 38.706312 ], [ -77.866348, 38.706595 ], [ -77.865933, 38.706716 ], [ -77.865472, 38.706826 ], [ -77.864819, 38.706957 ], [ -77.84462, 38.710388 ], [ -77.830301, 38.712821 ], [ -77.823709, 38.714083 ], [ -77.822466, 38.714322 ], [ -77.821602, 38.714516 ], [ -77.820106, 38.714911 ], [ -77.819779, 38.714985 ], [ -77.816812, 38.715574 ], [ -77.813344, 38.711187 ], [ -77.812133, 38.710407 ], [ -77.810706, 38.709445 ], [ -77.809333, 38.708547 ], [ -77.803876, 38.705086 ], [ -77.802349, 38.704102 ], [ -77.794258, 38.698896 ], [ -77.793107, 38.698766 ], [ -77.790764, 38.6985 ], [ -77.790956, 38.698389 ], [ -77.791216, 38.698238 ], [ -77.79154, 38.698104 ], [ -77.793598, 38.697313 ], [ -77.791901, 38.694823 ], [ -77.789887, 38.69482 ], [ -77.789246, 38.695406 ], [ -77.789176, 38.695472 ], [ -77.78902, 38.695614 ], [ -77.788844, 38.695685 ], [ -77.787829, 38.695877 ], [ -77.787836, 38.695821 ], [ -77.787807, 38.695636 ], [ -77.787825, 38.695437 ], [ -77.787933, 38.695069 ], [ -77.788056, 38.694792 ], [ -77.788566, 38.693879 ], [ -77.788648, 38.693729 ], [ -77.788947, 38.693144 ], [ -77.78911, 38.692691 ], [ -77.789192, 38.692279 ], [ -77.789243, 38.6916 ], [ -77.789236, 38.690679 ], [ -77.789176, 38.690089 ], [ -77.789089, 38.689615 ], [ -77.788899, 38.689012 ], [ -77.788383, 38.687692 ], [ -77.788191, 38.687303 ], [ -77.788096, 38.687152 ], [ -77.788009, 38.687057 ], [ -77.787678, 38.686768 ], [ -77.787374, 38.68655 ], [ -77.787322, 38.686455 ], [ -77.787114, 38.686332 ], [ -77.787315, 38.685264 ], [ -77.787392, 38.684611 ], [ -77.787413, 38.683635 ], [ -77.787363, 38.682419 ], [ -77.787259, 38.680924 ], [ -77.787095, 38.67913 ], [ -77.787079, 38.678552 ], [ -77.787115, 38.678177 ], [ -77.787165, 38.677911 ], [ -77.78733, 38.677383 ], [ -77.787501, 38.677031 ], [ -77.787668, 38.676743 ], [ -77.787807, 38.676549 ], [ -77.788181, 38.676104 ], [ -77.788692, 38.675576 ], [ -77.788765, 38.675507 ], [ -77.789269, 38.675032 ], [ -77.791134, 38.673372 ], [ -77.79092, 38.673092 ], [ -77.790148, 38.671972 ], [ -77.789682, 38.671234 ], [ -77.788833, 38.669979 ], [ -77.788609, 38.66959 ], [ -77.788545, 38.669388 ], [ -77.788529, 38.669259 ], [ -77.788535, 38.668971 ], [ -77.789013, 38.664029 ], [ -77.789217, 38.662098 ], [ -77.789374, 38.660849 ], [ -77.78942, 38.660383 ], [ -77.78944, 38.659885 ], [ -77.789392, 38.65965 ], [ -77.789284, 38.659439 ], [ -77.789174, 38.659279 ], [ -77.788821, 38.658853 ], [ -77.788572, 38.658611 ], [ -77.788168, 38.658245 ], [ -77.784554, 38.655208 ], [ -77.783866, 38.654534 ], [ -77.783415, 38.654094 ], [ -77.783168, 38.653919 ], [ -77.782963, 38.653857 ], [ -77.782826, 38.653833 ], [ -77.782354, 38.653767 ], [ -77.780806, 38.653638 ], [ -77.778137, 38.653368 ], [ -77.776139, 38.653114 ], [ -77.773843, 38.652849 ], [ -77.773072, 38.652747 ], [ -77.772832, 38.652696 ], [ -77.772441, 38.652577 ], [ -77.772163, 38.652447 ], [ -77.771989, 38.652342 ], [ -77.771801, 38.652203 ], [ -77.770531, 38.651154 ], [ -77.769996, 38.650683 ], [ -77.765592, 38.646565 ], [ -77.765321, 38.646248 ], [ -77.765018, 38.645771 ], [ -77.76429, 38.644066 ], [ -77.763939, 38.643206 ], [ -77.76333, 38.641513 ], [ -77.762785, 38.640093 ], [ -77.762746, 38.639838 ], [ -77.762756, 38.639741 ], [ -77.762799, 38.63961 ], [ -77.762881, 38.639464 ], [ -77.763295, 38.638881 ], [ -77.76363, 38.638345 ], [ -77.763793, 38.637961 ], [ -77.763858, 38.637613 ], [ -77.763842, 38.637289 ], [ -77.763627, 38.63609 ], [ -77.763577, 38.635721 ], [ -77.763514, 38.634818 ], [ -77.763466, 38.630979 ], [ -77.763504, 38.62922 ], [ -77.763514, 38.62906 ], [ -77.763561, 38.628863 ], [ -77.763677, 38.628651 ], [ -77.763744, 38.628569 ], [ -77.763956, 38.628366 ], [ -77.764398, 38.628011 ], [ -77.76569, 38.627053 ], [ -77.766179, 38.626662 ], [ -77.766345, 38.626502 ], [ -77.766602, 38.626206 ], [ -77.766958, 38.625756 ], [ -77.769502, 38.622275 ], [ -77.769638, 38.622031 ], [ -77.769862, 38.62141 ], [ -77.770176, 38.620466 ], [ -77.770359, 38.619705 ], [ -77.770587, 38.618546 ], [ -77.770911, 38.616439 ], [ -77.770938, 38.616147 ], [ -77.770946, 38.615785 ], [ -77.770901, 38.614981 ], [ -77.770947, 38.614602 ], [ -77.771262, 38.613605 ], [ -77.772147, 38.611004 ], [ -77.772262, 38.610662 ], [ -77.771922, 38.610651 ], [ -77.771653, 38.610665 ], [ -77.771147, 38.610743 ], [ -77.769414, 38.611193 ], [ -77.768653, 38.611395 ], [ -77.767574, 38.611732 ], [ -77.767196, 38.611834 ], [ -77.76675, 38.611907 ], [ -77.765583, 38.611966 ], [ -77.765189, 38.612014 ], [ -77.764761, 38.612118 ], [ -77.764259, 38.612318 ], [ -77.763591, 38.612648 ], [ -77.762909, 38.613013 ], [ -77.762126, 38.613502 ], [ -77.76184, 38.613707 ], [ -77.757295, 38.617032 ], [ -77.7566, 38.617513 ], [ -77.75623, 38.617734 ], [ -77.755708, 38.618013 ], [ -77.755138, 38.61829 ], [ -77.753148, 38.619211 ], [ -77.751872, 38.619868 ], [ -77.747778, 38.622095 ], [ -77.747264, 38.622397 ], [ -77.74694, 38.622669 ], [ -77.745462, 38.624202 ], [ -77.745035, 38.624522 ], [ -77.743922, 38.625297 ], [ -77.743119, 38.625864 ], [ -77.742847, 38.626105 ], [ -77.742607, 38.626387 ], [ -77.742529, 38.626512 ], [ -77.742374, 38.626841 ], [ -77.74175, 38.628541 ], [ -77.74164, 38.628746 ], [ -77.741405, 38.629057 ], [ -77.741163, 38.6293 ], [ -77.740915, 38.629489 ], [ -77.739973, 38.630064 ], [ -77.739349, 38.630447 ], [ -77.739029, 38.630673 ], [ -77.738694, 38.630961 ], [ -77.7382, 38.631531 ], [ -77.736865, 38.633166 ], [ -77.736681, 38.633365 ], [ -77.736317, 38.633679 ], [ -77.735953, 38.633911 ], [ -77.735537, 38.6341 ], [ -77.734801, 38.634335 ], [ -77.734371, 38.634497 ], [ -77.734171, 38.634598 ], [ -77.733807, 38.634831 ], [ -77.733642, 38.634964 ], [ -77.733277, 38.635307 ], [ -77.727201, 38.641329 ], [ -77.726998, 38.641466 ], [ -77.725492, 38.638589 ], [ -77.725319, 38.638292 ], [ -77.725187, 38.638102 ], [ -77.72505, 38.637936 ], [ -77.724799, 38.637693 ], [ -77.72269, 38.635965 ], [ -77.722303, 38.635619 ], [ -77.721901, 38.63516 ], [ -77.721157, 38.63419 ], [ -77.720396, 38.633253 ], [ -77.720155, 38.632999 ], [ -77.719444, 38.632351 ], [ -77.713934, 38.628057 ], [ -77.714822, 38.627344 ], [ -77.71758, 38.625265 ], [ -77.718083, 38.624864 ], [ -77.72053, 38.622812 ], [ -77.719932, 38.621296 ], [ -77.719845, 38.621015 ], [ -77.719661, 38.620151 ], [ -77.719433, 38.619456 ], [ -77.719287, 38.618924 ], [ -77.719242, 38.618882 ], [ -77.719209, 38.618747 ], [ -77.718857, 38.618133 ], [ -77.719952, 38.61614 ], [ -77.721436, 38.615878 ], [ -77.72227, 38.615112 ], [ -77.722546, 38.614776 ], [ -77.722758, 38.614487 ], [ -77.723118, 38.61392 ], [ -77.723233, 38.6138 ], [ -77.723594, 38.613491 ], [ -77.723721, 38.613347 ], [ -77.723832, 38.613185 ], [ -77.723919, 38.613015 ], [ -77.724562, 38.611509 ], [ -77.724623, 38.61141 ], [ -77.7247, 38.611318 ], [ -77.726399, 38.609732 ], [ -77.726744, 38.609414 ], [ -77.725725, 38.608592 ], [ -77.724815, 38.607831 ], [ -77.722111, 38.605672 ], [ -77.720873, 38.604718 ], [ -77.720324, 38.604279 ], [ -77.720132, 38.604107 ], [ -77.717352, 38.6059 ], [ -77.716923, 38.606192 ], [ -77.71638, 38.606589 ], [ -77.713842, 38.608566 ], [ -77.711141, 38.610666 ], [ -77.709952, 38.611498 ], [ -77.70755, 38.613084 ], [ -77.706338, 38.61387 ], [ -77.703484, 38.615764 ], [ -77.701348, 38.61713 ], [ -77.701034, 38.617344 ], [ -77.700727, 38.617589 ], [ -77.699768, 38.618564 ], [ -77.699546, 38.618768 ], [ -77.699317, 38.618966 ], [ -77.698849, 38.619263 ], [ -77.698404, 38.619465 ], [ -77.696721, 38.620142 ], [ -77.693784, 38.6213 ], [ -77.693333, 38.621481 ], [ -77.686325, 38.624261 ], [ -77.685971, 38.624418 ], [ -77.685513, 38.624672 ], [ -77.685292, 38.624816 ], [ -77.684939, 38.625092 ], [ -77.684785, 38.625226 ], [ -77.684429, 38.62561 ], [ -77.678601, 38.632734 ], [ -77.67805, 38.63332 ], [ -77.677439, 38.633889 ], [ -77.676921, 38.634312 ], [ -77.676311, 38.634743 ], [ -77.676023, 38.634934 ], [ -77.675251, 38.635375 ], [ -77.67479, 38.635618 ], [ -77.674256, 38.635874 ], [ -77.674348, 38.635967 ], [ -77.674372, 38.636084 ], [ -77.674243, 38.637369 ], [ -77.67426, 38.637583 ], [ -77.674333, 38.6379 ], [ -77.676531, 38.644027 ], [ -77.677339, 38.646167 ], [ -77.678364, 38.648802 ], [ -77.678455, 38.649124 ], [ -77.678448, 38.649382 ], [ -77.678056, 38.651365 ], [ -77.678024, 38.651864 ], [ -77.678066, 38.652493 ], [ -77.678073, 38.65262 ], [ -77.678105, 38.653198 ], [ -77.678087, 38.653717 ], [ -77.677882, 38.656192 ], [ -77.677844, 38.656384 ], [ -77.677731, 38.656721 ], [ -77.677644, 38.656903 ], [ -77.67742, 38.657248 ], [ -77.674918, 38.660324 ], [ -77.674113, 38.661346 ], [ -77.674009, 38.661537 ], [ -77.673894, 38.661813 ], [ -77.673815, 38.662096 ], [ -77.673549, 38.664707 ], [ -77.673263, 38.667677 ], [ -77.67319, 38.668288 ], [ -77.673099, 38.668632 ], [ -77.671977, 38.67112 ], [ -77.669246, 38.677018 ], [ -77.668256, 38.679195 ], [ -77.668169, 38.679262 ], [ -77.668091, 38.679268 ], [ -77.667938, 38.679218 ], [ -77.667452, 38.679012 ], [ -77.666508, 38.678577 ], [ -77.666245, 38.678474 ], [ -77.666105, 38.678478 ], [ -77.665929, 38.67854 ], [ -77.666082, 38.678805 ], [ -77.666154, 38.678973 ], [ -77.666445, 38.679915 ], [ -77.669557, 38.690313 ], [ -77.669764, 38.690994 ], [ -77.669819, 38.691226 ], [ -77.669871, 38.691601 ], [ -77.669881, 38.691837 ], [ -77.669854, 38.69226 ], [ -77.669754, 38.692722 ], [ -77.669606, 38.693127 ], [ -77.666779, 38.698995 ], [ -77.66634, 38.699973 ], [ -77.666267, 38.700181 ], [ -77.666196, 38.700477 ], [ -77.665889, 38.703544 ], [ -77.665836, 38.704056 ], [ -77.664583, 38.703989 ], [ -77.663688, 38.703917 ], [ -77.663224, 38.703861 ], [ -77.662994, 38.703861 ], [ -77.662771, 38.703843 ], [ -77.662006, 38.703725 ], [ -77.660918, 38.70354 ], [ -77.660373, 38.703433 ], [ -77.658442, 38.702984 ], [ -77.658204, 38.702987 ], [ -77.65702, 38.703289 ], [ -77.646148, 38.706138 ], [ -77.64586, 38.706196 ], [ -77.645554, 38.706216 ], [ -77.645251, 38.706181 ], [ -77.644892, 38.706063 ], [ -77.637544, 38.703157 ], [ -77.636296, 38.702662 ], [ -77.635663, 38.702373 ], [ -77.633756, 38.701652 ], [ -77.629786, 38.700088 ], [ -77.629658, 38.700023 ], [ -77.629435, 38.699859 ], [ -77.628285, 38.698636 ], [ -77.627945, 38.698338 ], [ -77.626375, 38.697227 ], [ -77.624978, 38.696168 ], [ -77.620079, 38.688791 ], [ -77.619641, 38.688149 ], [ -77.61924, 38.688398 ], [ -77.618821, 38.688629 ], [ -77.618428, 38.688824 ], [ -77.617841, 38.689082 ], [ -77.617469, 38.689224 ], [ -77.61678, 38.689451 ], [ -77.616056, 38.689638 ], [ -77.615137, 38.689822 ], [ -77.601588, 38.692367 ], [ -77.600563, 38.692603 ], [ -77.599589, 38.69287 ], [ -77.598939, 38.693075 ], [ -77.597351, 38.693633 ], [ -77.592407, 38.695388 ], [ -77.591725, 38.695646 ], [ -77.590734, 38.696076 ], [ -77.58961, 38.696636 ], [ -77.588638, 38.697188 ], [ -77.585734, 38.698941 ], [ -77.584313, 38.699805 ], [ -77.583925, 38.700051 ], [ -77.583755, 38.700182 ], [ -77.583384, 38.700456 ], [ -77.580799, 38.702648 ], [ -77.580063, 38.703231 ], [ -77.579056, 38.703931 ], [ -77.578202, 38.704456 ], [ -77.57756, 38.704814 ], [ -77.577109, 38.70505 ], [ -77.576359, 38.70541 ], [ -77.569922, 38.70833 ], [ -77.569321, 38.708624 ], [ -77.568919, 38.708839 ], [ -77.568136, 38.709291 ], [ -77.56739, 38.709785 ], [ -77.566753, 38.710255 ], [ -77.566499, 38.71046 ], [ -77.566019, 38.710871 ], [ -77.565514, 38.71135 ], [ -77.564648, 38.712267 ], [ -77.564373, 38.71219 ], [ -77.563102, 38.712141 ], [ -77.562037, 38.712142 ], [ -77.561532, 38.712173 ], [ -77.561064, 38.712202 ], [ -77.560342, 38.712201 ], [ -77.559858, 38.712179 ], [ -77.559589, 38.712103 ], [ -77.559286, 38.712076 ], [ -77.558647, 38.712233 ], [ -77.558407, 38.712178 ], [ -77.558174, 38.711947 ], [ -77.557945, 38.711617 ], [ -77.557857, 38.711311 ], [ -77.557877, 38.71108 ], [ -77.557844, 38.710973 ], [ -77.557776, 38.711012 ], [ -77.54919, 38.716014 ], [ -77.547204, 38.717186 ], [ -77.542786, 38.719748 ], [ -77.536686, 38.723336 ], [ -77.531741, 38.726223 ], [ -77.531692, 38.726253 ], [ -77.531683, 38.726232 ], [ -77.53147, 38.72616 ], [ -77.53104, 38.726093 ], [ -77.530813, 38.72601 ], [ -77.530557, 38.725894 ], [ -77.530404, 38.725744 ], [ -77.530295, 38.725444 ], [ -77.530374, 38.724893 ], [ -77.530454, 38.724584 ], [ -77.530443, 38.724271 ], [ -77.530319, 38.723939 ], [ -77.530004, 38.723545 ], [ -77.529812, 38.723466 ], [ -77.529602, 38.723477 ], [ -77.529224, 38.723704 ], [ -77.528945, 38.723936 ], [ -77.52835, 38.724168 ], [ -77.527666, 38.724243 ], [ -77.526958, 38.724253 ], [ -77.525973, 38.724154 ], [ -77.525218, 38.724022 ], [ -77.524369, 38.723929 ], [ -77.52436, 38.723759 ], [ -77.524137, 38.72376 ], [ -77.523344, 38.723722 ], [ -77.52312, 38.723694 ], [ -77.522484, 38.723491 ], [ -77.521797, 38.723189 ], [ -77.521516, 38.722994 ], [ -77.521245, 38.722528 ], [ -77.521226, 38.722019 ], [ -77.522348, 38.719955 ], [ -77.522771, 38.719081 ], [ -77.523105, 38.718774 ], [ -77.523426, 38.718542 ], [ -77.523891, 38.718138 ], [ -77.524001, 38.717756 ], [ -77.523858, 38.717623 ], [ -77.523569, 38.717642 ], [ -77.523318, 38.717691 ], [ -77.523109, 38.71776 ], [ -77.522513, 38.717814 ], [ -77.521766, 38.717661 ], [ -77.521102, 38.717592 ], [ -77.520828, 38.717484 ], [ -77.520143, 38.717064 ], [ -77.519216, 38.716048 ], [ -77.51858, 38.715783 ], [ -77.518258, 38.715674 ], [ -77.517962, 38.71554 ], [ -77.517223, 38.715365 ], [ -77.516088, 38.715295 ], [ -77.515412, 38.715365 ], [ -77.515249, 38.715419 ], [ -77.515076, 38.715513 ], [ -77.514913, 38.715631000000101 ], [ -77.514587, 38.715747 ], [ -77.514283, 38.715816 ], [ -77.513714, 38.715985 ], [ -77.513349, 38.716163 ], [ -77.513241, 38.716009 ], [ -77.506239, 38.706106 ], [ -77.50611, 38.706549 ], [ -77.506031, 38.706894 ], [ -77.505942, 38.707404 ], [ -77.505826, 38.707859 ], [ -77.505661, 38.708218 ], [ -77.505445, 38.708539 ], [ -77.504841, 38.709093 ], [ -77.504508, 38.709282 ], [ -77.504234, 38.709507 ], [ -77.503979, 38.709762 ], [ -77.503816, 38.710005 ], [ -77.503733, 38.710339 ], [ -77.503233, 38.711395 ], [ -77.50304, 38.711696 ], [ -77.502849, 38.7121 ], [ -77.502658, 38.712446 ], [ -77.502518, 38.712761 ], [ -77.502414, 38.713279 ], [ -77.502428, 38.713469 ], [ -77.502385, 38.714412 ], [ -77.502449, 38.715043 ], [ -77.502522, 38.715289 ], [ -77.502526, 38.715507 ], [ -77.502647, 38.715731 ], [ -77.502802, 38.715939 ], [ -77.502996, 38.716157 ], [ -77.503486, 38.716632 ], [ -77.503015, 38.716832 ], [ -77.50296, 38.716877 ], [ -77.502883, 38.717066 ], [ -77.502862, 38.71728 ], [ -77.502882, 38.717445 ], [ -77.502933, 38.717504 ], [ -77.503012, 38.717749 ], [ -77.503014, 38.71781 ], [ -77.502913, 38.717944 ], [ -77.502888, 38.718213 ], [ -77.502832, 38.718231 ], [ -77.502586, 38.718396 ], [ -77.502517, 38.718628 ], [ -77.502504, 38.71887 ], [ -77.502352, 38.718933 ], [ -77.502318, 38.718973 ], [ -77.502313, 38.719011 ], [ -77.502344, 38.71912 ], [ -77.502256, 38.719204 ], [ -77.502077, 38.719291 ], [ -77.501851, 38.719444 ], [ -77.501379, 38.71958 ], [ -77.501276, 38.719632 ], [ -77.501029, 38.719802 ], [ -77.500489, 38.720401 ], [ -77.499941, 38.72077 ], [ -77.499834, 38.721118 ], [ -77.499627, 38.721222 ], [ -77.499566, 38.721278 ], [ -77.499413, 38.721314 ], [ -77.499378, 38.72135 ], [ -77.499327, 38.721365 ], [ -77.499033, 38.721459 ], [ -77.498794, 38.721437 ], [ -77.49844, 38.721346 ], [ -77.498251, 38.72135 ], [ -77.497717, 38.721475 ], [ -77.497237, 38.72198 ], [ -77.497099, 38.72215 ], [ -77.496955, 38.722415 ], [ -77.496744, 38.723019 ], [ -77.496668, 38.723176 ], [ -77.496433, 38.723511 ], [ -77.496303, 38.723664 ], [ -77.49595, 38.724018 ], [ -77.495791, 38.724146 ], [ -77.495583, 38.724285 ], [ -77.494744, 38.724761 ], [ -77.494536, 38.724894 ], [ -77.494195, 38.725165 ], [ -77.493912, 38.725451 ], [ -77.493417, 38.72596 ], [ -77.492429, 38.726933 ], [ -77.491499, 38.72792 ], [ -77.490876, 38.728607 ], [ -77.490783, 38.728743 ], [ -77.490678, 38.728976 ], [ -77.490563, 38.729713 ], [ -77.490504, 38.730117 ], [ -77.490253, 38.731451 ], [ -77.488868, 38.731939 ], [ -77.488732, 38.731854 ], [ -77.488184, 38.73098 ], [ -77.485137, 38.73287 ], [ -77.484743, 38.73258 ], [ -77.484514, 38.732454 ], [ -77.483981, 38.732222 ], [ -77.483566, 38.732096 ], [ -77.483331, 38.732047 ], [ -77.482819, 38.731981 ], [ -77.482415, 38.731968 ], [ -77.48219, 38.731981 ], [ -77.48165, 38.732045 ], [ -77.481408, 38.732096 ], [ -77.481171, 38.732159 ], [ -77.480758, 38.732302 ], [ -77.480301, 38.731535 ], [ -77.480236, 38.731336 ], [ -77.480221, 38.731017 ], [ -77.480229, 38.730958 ], [ -77.480314, 38.730732 ], [ -77.477012, 38.729619 ], [ -77.474609, 38.728841 ], [ -77.473173, 38.728355 ], [ -77.472573, 38.727328 ], [ -77.471242, 38.727608 ], [ -77.471177, 38.727665 ], [ -77.471111, 38.727711 ], [ -77.469706, 38.728384 ], [ -77.46334, 38.731432 ], [ -77.462787, 38.731671 ], [ -77.462747, 38.731793 ], [ -77.462723, 38.731876 ], [ -77.459599, 38.733981 ], [ -77.458946, 38.73324 ], [ -77.457986, 38.733645 ], [ -77.455622, 38.734936 ], [ -77.454573, 38.735569 ], [ -77.453992, 38.735963 ], [ -77.454029, 38.736009 ], [ -77.453651, 38.73711 ], [ -77.45336, 38.737187 ], [ -77.453552, 38.73852 ], [ -77.452565, 38.738374 ], [ -77.45239, 38.738335 ], [ -77.452058, 38.738312 ], [ -77.451951, 38.73833 ], [ -77.451867, 38.738363 ], [ -77.451642, 38.738337 ], [ -77.451513, 38.73905 ], [ -77.451321, 38.73991 ], [ -77.451288, 38.740035 ], [ -77.451277, 38.740102 ], [ -77.451195, 38.740506 ], [ -77.451052, 38.741297 ], [ -77.450255, 38.744382 ], [ -77.449487, 38.748039 ], [ -77.449365, 38.748858 ], [ -77.449329, 38.748961 ], [ -77.449226, 38.749604 ], [ -77.449175, 38.749778 ], [ -77.449144, 38.750125 ], [ -77.449153, 38.750608 ], [ -77.449231, 38.751208 ], [ -77.449491, 38.751874 ], [ -77.449881, 38.752687 ], [ -77.450195, 38.753282 ], [ -77.449525, 38.753503 ], [ -77.449067, 38.753637 ], [ -77.448412, 38.753882 ], [ -77.447956, 38.754001 ], [ -77.447751, 38.75403 ], [ -77.447017, 38.75407 ], [ -77.446806, 38.754052 ], [ -77.446698, 38.754001 ], [ -77.446214, 38.753688 ], [ -77.446293, 38.753409 ], [ -77.446305, 38.753267 ], [ -77.446202, 38.75272 ], [ -77.4461, 38.752002 ], [ -77.446048, 38.75186 ], [ -77.445974, 38.751746 ], [ -77.445274, 38.750829 ], [ -77.445131, 38.750709 ], [ -77.44475, 38.750447 ], [ -77.4443, 38.750772 ], [ -77.443976, 38.750968 ], [ -77.443505, 38.750433 ], [ -77.443438, 38.750332 ], [ -77.44374, 38.750141 ], [ -77.4439, 38.750015 ], [ -77.444044, 38.749877 ], [ -77.444268, 38.749602 ], [ -77.444445, 38.74928 ], [ -77.444496, 38.749138 ], [ -77.444612, 38.74859 ], [ -77.444666, 38.748482 ], [ -77.440745, 38.748266 ], [ -77.440531, 38.748207 ], [ -77.440451, 38.748165 ], [ -77.440294, 38.747988 ], [ -77.439655, 38.746782 ], [ -77.439553, 38.746642 ], [ -77.439343, 38.746429 ], [ -77.438517, 38.745746 ], [ -77.438285, 38.745535 ], [ -77.437437, 38.744691 ], [ -77.437152, 38.744474 ], [ -77.436692, 38.744184 ], [ -77.436528, 38.744299 ], [ -77.436389, 38.744538 ], [ -77.436024, 38.744748 ], [ -77.435551, 38.744857 ], [ -77.43549, 38.744908 ], [ -77.435515, 38.745034 ], [ -77.435432, 38.745068 ], [ -77.435152, 38.745091 ], [ -77.43492, 38.745277 ], [ -77.43405, 38.745471 ], [ -77.433985, 38.745428 ], [ -77.433944, 38.745237 ], [ -77.433772, 38.74513 ], [ -77.433531, 38.745064 ], [ -77.433236, 38.745043 ], [ -77.432501, 38.745102 ], [ -77.431828, 38.745094 ], [ -77.431404, 38.745196 ], [ -77.431242, 38.745183 ], [ -77.430922, 38.74486 ], [ -77.430186, 38.744853 ], [ -77.430002, 38.7448 ], [ -77.429923, 38.744777 ], [ -77.42984, 38.744784 ], [ -77.429779, 38.744851 ], [ -77.429702, 38.744874 ], [ -77.429034, 38.744806 ], [ -77.428846, 38.744854 ], [ -77.428744, 38.744938 ], [ -77.428476, 38.745526 ], [ -77.428436, 38.74601 ], [ -77.428325, 38.74604 ], [ -77.427919, 38.74607 ], [ -77.42762, 38.746143 ], [ -77.427143, 38.746328 ], [ -77.426733, 38.746436 ], [ -77.426542, 38.74661 ], [ -77.426396, 38.746849 ], [ -77.426395, 38.74703 ], [ -77.426532, 38.74756 ], [ -77.426524, 38.74772 ], [ -77.426497, 38.747764 ], [ -77.425431, 38.747984 ], [ -77.424748, 38.748086 ], [ -77.424595, 38.748139 ], [ -77.4245, 38.748234 ], [ -77.424433, 38.748334 ], [ -77.424363, 38.748742 ], [ -77.42425, 38.74892 ], [ -77.424154, 38.748994 ], [ -77.423734, 38.749211 ], [ -77.423236, 38.749644 ], [ -77.422769, 38.749945 ], [ -77.422718, 38.750083 ], [ -77.422783, 38.750351 ], [ -77.422771, 38.750401 ], [ -77.422965, 38.750946 ], [ -77.423009, 38.751011 ], [ -77.422943, 38.751128 ], [ -77.422739, 38.751313 ], [ -77.422631, 38.751464 ], [ -77.422493, 38.751511 ], [ -77.422458, 38.751511 ], [ -77.422401, 38.751485 ], [ -77.42235, 38.751426 ], [ -77.422142, 38.751304 ], [ -77.422064, 38.751278 ], [ -77.421875, 38.751276 ], [ -77.421597, 38.751354 ], [ -77.421138, 38.751698 ], [ -77.420827, 38.751825 ], [ -77.420736, 38.751833 ], [ -77.420715, 38.751822 ], [ -77.420645, 38.75184 ], [ -77.420505, 38.751843 ], [ -77.420178, 38.751713 ], [ -77.419883, 38.751708 ], [ -77.41984, 38.751665 ], [ -77.419834, 38.751489 ], [ -77.419801, 38.751352 ], [ -77.419581, 38.751077 ], [ -77.419344, 38.750911 ], [ -77.419322, 38.750879 ], [ -77.419319, 38.750775 ], [ -77.419233, 38.750529 ], [ -77.419168, 38.750476 ], [ -77.418639, 38.750382 ], [ -77.418371, 38.750344 ], [ -77.418245, 38.750341 ], [ -77.418064, 38.750383 ], [ -77.417703, 38.7505 ], [ -77.417497, 38.750626 ], [ -77.417204, 38.750879 ], [ -77.416614, 38.751265 ], [ -77.416451, 38.751456 ], [ -77.416417, 38.751477 ], [ -77.416408, 38.751615 ], [ -77.41643, 38.75184 ], [ -77.416506, 38.752014 ], [ -77.41663, 38.752176 ], [ -77.416598, 38.752254 ], [ -77.416468, 38.752361 ], [ -77.415814, 38.752506 ], [ -77.415521, 38.752556 ], [ -77.415289, 38.752539 ], [ -77.41516, 38.752453 ], [ -77.415131, 38.752427 ], [ -77.41513, 38.752399 ], [ -77.415176, 38.752327 ], [ -77.415354, 38.752191 ], [ -77.415485, 38.751903 ], [ -77.415453, 38.751799 ], [ -77.415321, 38.751626 ], [ -77.415206, 38.751546 ], [ -77.414965, 38.751244 ], [ -77.414778, 38.751105 ], [ -77.414692, 38.751068 ], [ -77.414754, 38.751017 ], [ -77.414771, 38.750902 ], [ -77.414741, 38.750864 ], [ -77.414606, 38.75079 ], [ -77.414554, 38.750725 ], [ -77.414553, 38.750675 ], [ -77.414438, 38.750595 ], [ -77.414259, 38.750489 ], [ -77.414175, 38.750497 ], [ -77.413709, 38.750616 ], [ -77.413443, 38.750616 ], [ -77.412827, 38.750475 ], [ -77.412659, 38.750478 ], [ -77.412539, 38.750437 ], [ -77.412419, 38.750439 ], [ -77.412366, 38.750517000000102 ], [ -77.411808, 38.750595 ], [ -77.411211, 38.750585 ], [ -77.411072, 38.750418 ], [ -77.411125, 38.750115 ], [ -77.410825, 38.749893 ], [ -77.410425, 38.749607 ], [ -77.410385, 38.749558 ], [ -77.409839, 38.750014 ], [ -77.409438, 38.750335 ], [ -77.408975, 38.750756 ], [ -77.408015, 38.751557 ], [ -77.407805, 38.751762 ], [ -77.40746, 38.752058 ], [ -77.407116, 38.752265 ], [ -77.406971, 38.75237 ], [ -77.406841, 38.752481 ], [ -77.406673, 38.752678 ], [ -77.406454, 38.752971 ], [ -77.40638, 38.753136 ], [ -77.40637, 38.753421 ], [ -77.406464, 38.753694 ], [ -77.406558, 38.753832 ], [ -77.406682, 38.753959 ], [ -77.407019, 38.754196 ], [ -77.407614, 38.754456 ], [ -77.407808, 38.754554 ], [ -77.407931, 38.754641 ], [ -77.408844, 38.755026 ], [ -77.409582, 38.755316 ], [ -77.410046, 38.755538 ], [ -77.41036, 38.755663 ], [ -77.411388, 38.75618 ], [ -77.41183, 38.756443 ], [ -77.412933, 38.756939 ], [ -77.413146, 38.757064 ], [ -77.413881, 38.757436 ], [ -77.413974, 38.757466 ], [ -77.414309, 38.75766 ], [ -77.414385, 38.757691 ], [ -77.414631, 38.75775 ], [ -77.415186, 38.757724 ], [ -77.415295, 38.757731 ], [ -77.415407, 38.757754 ], [ -77.415677, 38.757907 ], [ -77.41585, 38.75807 ], [ -77.415945, 38.758188 ], [ -77.416212, 38.75863 ], [ -77.41648, 38.759168 ], [ -77.416551, 38.759388 ], [ -77.416621, 38.759511 ], [ -77.41665, 38.759586 ], [ -77.416666, 38.759708 ], [ -77.416812, 38.760107 ], [ -77.417233, 38.760792 ], [ -77.41728, 38.7609 ], [ -77.417296, 38.761073 ], [ -77.417204, 38.76124 ], [ -77.417022, 38.761379 ], [ -77.416648, 38.761605000000102 ], [ -77.415734, 38.762024 ], [ -77.415467, 38.762157 ], [ -77.415348, 38.762195000000105 ], [ -77.414956, 38.762253 ], [ -77.414869, 38.762254 ], [ -77.414508, 38.76218 ], [ -77.414411, 38.762146 ], [ -77.414191, 38.762009 ], [ -77.414018, 38.76193 ], [ -77.41384, 38.761892 ], [ -77.413742, 38.761894 ], [ -77.413578, 38.761927 ], [ -77.413429, 38.761993 ], [ -77.413204, 38.762161000000113 ], [ -77.413124, 38.762245 ], [ -77.412868, 38.762569 ], [ -77.41278, 38.762743 ], [ -77.412736, 38.763265 ], [ -77.412724, 38.764077 ], [ -77.412677, 38.76438 ], [ -77.412711, 38.764663 ], [ -77.412728, 38.76507 ], [ -77.412754, 38.765208 ], [ -77.412809, 38.765328 ], [ -77.412862, 38.765374 ], [ -77.412906, 38.765447 ], [ -77.413222, 38.765817 ], [ -77.413466, 38.766116 ], [ -77.413577, 38.766208 ], [ -77.413762, 38.766314 ], [ -77.414105, 38.766466 ], [ -77.414663, 38.766575 ], [ -77.415234, 38.766613 ], [ -77.415406, 38.766672 ], [ -77.415485, 38.766727 ], [ -77.415552, 38.766804 ], [ -77.415778, 38.767176 ], [ -77.415817, 38.767458 ], [ -77.415815, 38.767558 ], [ -77.415692, 38.768175 ], [ -77.41544, 38.769154 ], [ -77.415338, 38.769487 ], [ -77.415212, 38.769707 ], [ -77.414838, 38.770085 ], [ -77.414533, 38.770292 ], [ -77.413785, 38.770733 ], [ -77.413226, 38.770999 ], [ -77.413, 38.771086 ], [ -77.412832, 38.77117 ], [ -77.412722, 38.771251 ], [ -77.412648, 38.771339 ], [ -77.412587, 38.771514 ], [ -77.412587, 38.771617 ], [ -77.412629, 38.771712 ], [ -77.412704, 38.77181 ], [ -77.413191, 38.772253 ], [ -77.41352, 38.772681 ], [ -77.413694, 38.772813 ], [ -77.41419, 38.77303 ], [ -77.414688, 38.77315 ], [ -77.415068, 38.773295 ], [ -77.415484, 38.773495 ], [ -77.416491, 38.77408 ], [ -77.41764, 38.77471 ], [ -77.41808, 38.774887 ], [ -77.418488, 38.775029 ], [ -77.419268, 38.775225 ], [ -77.419696, 38.775366 ], [ -77.41981, 38.775435 ], [ -77.419956, 38.775585 ], [ -77.420178, 38.775857 ], [ -77.420289, 38.775944 ], [ -77.420456, 38.776012 ], [ -77.420666, 38.776059 ], [ -77.421008, 38.776072 ], [ -77.42112, 38.776036 ], [ -77.421273, 38.776012 ], [ -77.421403, 38.776036 ], [ -77.421495, 38.776107 ], [ -77.421584, 38.776206 ], [ -77.421732, 38.77645 ], [ -77.421776, 38.776574 ], [ -77.421797, 38.77681 ], [ -77.421805, 38.776844 ], [ -77.421437, 38.777077 ], [ -77.42142, 38.777026 ], [ -77.421447, 38.776991 ], [ -77.42143, 38.776953 ], [ -77.421385, 38.776918 ], [ -77.421316, 38.776751 ], [ -77.420186, 38.776397 ], [ -77.419659, 38.776183 ], [ -77.419149, 38.775946 ], [ -77.417167, 38.77496 ], [ -77.416206, 38.774519 ], [ -77.41572, 38.774368 ], [ -77.415216, 38.77427 ], [ -77.414642, 38.774227 ], [ -77.414168, 38.774245 ], [ -77.413696, 38.774288 ], [ -77.413228, 38.774353 ], [ -77.412209, 38.77457 ], [ -77.408976, 38.775391 ], [ -77.408666, 38.775484 ], [ -77.408456, 38.775553 ], [ -77.407535, 38.775948 ], [ -77.405883, 38.77672 ], [ -77.405582, 38.776845 ], [ -77.405088, 38.777013 ], [ -77.404562, 38.777145 ], [ -77.404203, 38.777211 ], [ -77.393931, 38.778776 ], [ -77.392298, 38.779045 ], [ -77.391233, 38.779297 ], [ -77.390803, 38.778731 ], [ -77.390687, 38.778576 ], [ -77.390354, 38.778135 ], [ -77.389809, 38.777421 ], [ -77.388181, 38.775278 ], [ -77.386097, 38.776239 ], [ -77.386059, 38.776246 ], [ -77.386024, 38.776273 ], [ -77.384821, 38.776828 ], [ -77.382938, 38.777696 ], [ -77.380233, 38.778944 ], [ -77.382728, 38.782284 ], [ -77.383032, 38.782691 ], [ -77.382253, 38.782989 ], [ -77.381761, 38.783124 ], [ -77.381426, 38.783195 ], [ -77.381105, 38.783246 ], [ -77.380618, 38.783293 ], [ -77.380134, 38.783304 ], [ -77.37965, 38.783278 ], [ -77.379031, 38.78319 ], [ -77.378325, 38.783011 ], [ -77.375956, 38.782198 ], [ -77.375578, 38.782085 ], [ -77.374998, 38.781948 ], [ -77.374705, 38.781902 ], [ -77.374381, 38.781872 ], [ -77.374278, 38.781865 ], [ -77.37385, 38.781851 ], [ -77.37346, 38.781862 ], [ -77.372828, 38.781935 ], [ -77.372519, 38.781995 ], [ -77.372214, 38.782071 ], [ -77.371628, 38.782268 ], [ -77.370976, 38.782581 ], [ -77.370909, 38.782616 ], [ -77.370393, 38.782925 ], [ -77.366497, 38.785448 ], [ -77.365899, 38.785852 ], [ -77.365521, 38.786148 ], [ -77.365067, 38.786587 ], [ -77.362736, 38.789414 ], [ -77.362339, 38.789827 ], [ -77.362409, 38.789934 ], [ -77.36263, 38.790774 ], [ -77.362722, 38.791012 ], [ -77.362827, 38.791191 ], [ -77.363805, 38.792061 ], [ -77.364499, 38.792741 ], [ -77.364966, 38.793229 ], [ -77.36524, 38.793566 ], [ -77.36559, 38.794061 ], [ -77.365928, 38.794607 ], [ -77.366083, 38.794861 ], [ -77.366246, 38.79523 ], [ -77.366486, 38.795884 ], [ -77.36703, 38.79702 ], [ -77.367539, 38.797953 ], [ -77.368004, 38.798924 ], [ -77.36871, 38.800249 ], [ -77.368947, 38.800673 ], [ -77.369123, 38.800909 ], [ -77.369394, 38.80117 ], [ -77.369915, 38.801589 ], [ -77.370063, 38.801742 ], [ -77.370191, 38.801993 ], [ -77.370242, 38.802465 ], [ -77.370256, 38.80264 ], [ -77.370307, 38.802808 ], [ -77.370517, 38.803279 ], [ -77.370691, 38.803675 ], [ -77.370847, 38.804301 ], [ -77.370915, 38.80448 ], [ -77.371718, 38.806033 ], [ -77.371802, 38.806255 ], [ -77.371899, 38.806516 ], [ -77.372104, 38.806912 ], [ -77.37231, 38.80719 ], [ -77.37284, 38.808088 ], [ -77.373096, 38.808566 ], [ -77.373644, 38.809679 ], [ -77.373759, 38.809852 ], [ -77.374184, 38.810339 ], [ -77.374382, 38.81063 ], [ -77.374538, 38.810932 ], [ -77.37481, 38.811567 ], [ -77.374885, 38.811706 ], [ -77.375087, 38.811991 ], [ -77.375789, 38.812829 ], [ -77.376029, 38.813125 ], [ -77.376369, 38.813517 ], [ -77.376493, 38.813727 ], [ -77.376655, 38.814058 ], [ -77.376771, 38.814237 ], [ -77.376884, 38.814385 ], [ -77.377097, 38.814596 ], [ -77.37788, 38.815267 ], [ -77.378082, 38.815419 ], [ -77.378364, 38.8156 ], [ -77.379237, 38.816101 ], [ -77.379504, 38.816288 ], [ -77.380254, 38.816923 ], [ -77.380589, 38.817227 ], [ -77.38078, 38.81745 ], [ -77.380936, 38.817694 ], [ -77.381071, 38.817996 ], [ -77.381144, 38.818255 ], [ -77.381173, 38.818452 ], [ -77.381208, 38.81899 ], [ -77.381271, 38.819453 ], [ -77.381279, 38.820018 ], [ -77.381291, 38.820406 ], [ -77.381352, 38.820886 ], [ -77.381391, 38.821077 ], [ -77.381518, 38.82146 ], [ -77.381658, 38.821659 ], [ -77.381934, 38.821927 ], [ -77.38206, 38.822079 ], [ -77.382903, 38.823458 ], [ -77.383452, 38.824052 ], [ -77.383987, 38.824703 ], [ -77.384334, 38.825167 ], [ -77.384394, 38.825341 ], [ -77.384402, 38.825426 ], [ -77.384378, 38.825667 ], [ -77.384322, 38.825873 ], [ -77.384166, 38.826267 ], [ -77.384154, 38.826384 ], [ -77.38421, 38.826549 ], [ -77.384497, 38.82691 ], [ -77.384536, 38.827024 ], [ -77.384535, 38.827107 ], [ -77.384496, 38.827281 ], [ -77.383932, 38.827251 ], [ -77.380381, 38.827164 ], [ -77.379413, 38.827146 ], [ -77.377003, 38.827057 ], [ -77.376679, 38.827027 ], [ -77.374577, 38.826608 ], [ -77.374094, 38.826543 ], [ -77.373851, 38.826539 ], [ -77.373479, 38.826561 ], [ -77.373074, 38.82663 ], [ -77.372048, 38.826919 ], [ -77.371123, 38.827208 ], [ -77.370906, 38.827288 ], [ -77.368411, 38.828033 ], [ -77.366849, 38.828567 ], [ -77.366572, 38.828643 ], [ -77.364578, 38.829322 ], [ -77.363978, 38.829507 ], [ -77.362277, 38.830072 ], [ -77.362092, 38.830129 ], [ -77.361341, 38.830319 ], [ -77.360917, 38.830394 ], [ -77.36035, 38.830484 ], [ -77.359755, 38.830539 ], [ -77.357759, 38.830566 ], [ -77.354711, 38.830557 ], [ -77.354085, 38.830583 ], [ -77.352906, 38.830758 ], [ -77.352047, 38.830978 ], [ -77.351778, 38.831065 ], [ -77.351188, 38.831275 ], [ -77.350786, 38.831458 ], [ -77.349022, 38.832335 ], [ -77.348284, 38.832681 ], [ -77.347925, 38.832806 ], [ -77.347636, 38.83291 ], [ -77.346233, 38.833264 ], [ -77.344765, 38.833686 ], [ -77.343576, 38.834046 ], [ -77.343261, 38.834121 ], [ -77.342528, 38.834186 ], [ -77.341982, 38.834177 ], [ -77.338829, 38.833885 ], [ -77.338546, 38.833845 ], [ -77.338273, 38.833785 ], [ -77.337737, 38.833622 ], [ -77.337201, 38.833351 ], [ -77.33669, 38.833036 ], [ -77.335877, 38.832476 ], [ -77.335371, 38.832178 ], [ -77.335028, 38.831999 ], [ -77.33475, 38.83188 ], [ -77.334339, 38.831756 ], [ -77.333848, 38.83165 ], [ -77.331706, 38.831359 ], [ -77.329915, 38.831101 ], [ -77.329331, 38.830999 ], [ -77.328983, 38.830901 ], [ -77.32857, 38.83077 ], [ -77.328135, 38.830607 ], [ -77.326764, 38.830143 ], [ -77.326192, 38.830006 ], [ -77.325676, 38.82992 ], [ -77.324963, 38.829859 ], [ -77.323961, 38.829785 ], [ -77.322737, 38.829695 ], [ -77.322013, 38.829625 ], [ -77.32165, 38.82958 ], [ -77.32138, 38.829527 ], [ -77.321094, 38.829466 ], [ -77.320431, 38.829253 ], [ -77.31977, 38.828957 ], [ -77.319213, 38.828702 ], [ -77.317456, 38.827826 ], [ -77.316594, 38.827436 ], [ -77.316412, 38.827361 ], [ -77.314814, 38.826702 ], [ -77.314188, 38.826433 ], [ -77.313742, 38.826219 ], [ -77.313378, 38.825991 ], [ -77.312609, 38.825462 ], [ -77.311928, 38.825023 ], [ -77.31137, 38.824687 ], [ -77.311116, 38.824579 ], [ -77.31074, 38.824453 ], [ -77.310449, 38.824387 ], [ -77.30933, 38.824196 ], [ -77.308998, 38.824123 ], [ -77.30785, 38.823944 ], [ -77.308683, 38.820992 ], [ -77.308832, 38.820436 ], [ -77.308852, 38.820261 ], [ -77.308851, 38.820179 ], [ -77.308808, 38.819176 ], [ -77.308781, 38.818927 ], [ -77.308753, 38.818264 ], [ -77.30875, 38.817561 ], [ -77.308694, 38.816189 ], [ -77.308632, 38.814444 ], [ -77.307954, 38.814474 ], [ -77.307822, 38.814504 ], [ -77.307522, 38.814607 ], [ -77.307238, 38.814748 ], [ -77.307065, 38.814834 ], [ -77.306902, 38.814894 ], [ -77.306718, 38.81494 ], [ -77.306403, 38.814974 ], [ -77.30481, 38.814853 ], [ -77.304593, 38.814818 ], [ -77.304428, 38.814773 ], [ -77.302085, 38.813843 ], [ -77.301414, 38.813593 ], [ -77.301162, 38.813544 ], [ -77.300954, 38.813527 ], [ -77.300802, 38.813531 ], [ -77.300598, 38.813561 ], [ -77.299992, 38.813704 ], [ -77.299787, 38.813725 ], [ -77.299591, 38.813729 ], [ -77.29941, 38.813712 ], [ -77.299138, 38.813658 ], [ -77.298835, 38.813516 ], [ -77.298271, 38.813171 ], [ -77.298134, 38.813095 ], [ -77.297835, 38.812988 ], [ -77.297601, 38.812947 ], [ -77.297381, 38.812936 ], [ -77.296149, 38.813082 ], [ -77.295317, 38.813189 ], [ -77.294821, 38.813236 ], [ -77.294457, 38.813243 ], [ -77.293991, 38.813222 ], [ -77.292709, 38.813112 ], [ -77.292494, 38.813101 ], [ -77.292252, 38.813108 ], [ -77.292079, 38.813129 ], [ -77.291762, 38.813197 ], [ -77.291488, 38.813291 ], [ -77.291138, 38.813443 ], [ -77.290826, 38.813546 ], [ -77.289081, 38.814036 ], [ -77.287606, 38.81445 ], [ -77.287345, 38.814499 ], [ -77.28706, 38.814522 ], [ -77.286744, 38.814507 ], [ -77.286458, 38.814457 ], [ -77.286198, 38.814377 ], [ -77.285968, 38.814274 ], [ -77.285426, 38.813918 ], [ -77.284804, 38.813487 ], [ -77.284591, 38.813366 ], [ -77.284311, 38.813253 ], [ -77.283875, 38.813162 ], [ -77.283342, 38.813088 ], [ -77.282982, 38.813077 ], [ -77.282675, 38.813095 ], [ -77.281466, 38.813226 ], [ -77.28109, 38.813229 ], [ -77.280637, 38.81318 ], [ -77.280191, 38.813104 ], [ -77.279997, 38.813049 ], [ -77.279799, 38.812969 ], [ -77.279617, 38.812868 ], [ -77.279464, 38.812757 ], [ -77.279195, 38.812476 ], [ -77.277844, 38.810899 ], [ -77.277624, 38.81071 ], [ -77.277372, 38.810572 ], [ -77.277235, 38.810784 ], [ -77.27658, 38.811439 ], [ -77.275811, 38.812336 ], [ -77.275439, 38.812842 ], [ -77.275398, 38.812856 ], [ -77.275282, 38.813054 ], [ -77.275212, 38.813257 ], [ -77.275114, 38.813674 ], [ -77.275048, 38.814203 ], [ -77.275003, 38.814601 ], [ -77.275032, 38.814675 ], [ -77.274971, 38.815073 ], [ -77.274926, 38.815263 ], [ -77.274704, 38.815914 ], [ -77.274025, 38.817277 ], [ -77.272722, 38.81649 ], [ -77.272478, 38.816357 ], [ -77.271511, 38.815893 ], [ -77.270549, 38.815384 ], [ -77.270249, 38.815183 ], [ -77.269895, 38.814909 ], [ -77.269711, 38.814767 ], [ -77.269286, 38.814367 ], [ -77.268435, 38.813531 ], [ -77.268294, 38.813375 ], [ -77.267949, 38.812918 ], [ -77.267782, 38.812716 ], [ -77.267454, 38.812416 ], [ -77.266387, 38.811598 ], [ -77.266232, 38.811511 ], [ -77.266099, 38.811461 ], [ -77.265841, 38.811358 ], [ -77.264766, 38.811041 ], [ -77.264209, 38.810928 ], [ -77.263685, 38.810846 ], [ -77.262588, 38.810736 ], [ -77.261448, 38.810685 ], [ -77.259679, 38.81069 ], [ -77.258464, 38.810754 ], [ -77.258025, 38.810745 ], [ -77.256497, 38.810715 ], [ -77.254111, 38.810635 ], [ -77.252573, 38.810623 ], [ -77.2509, 38.81059 ], [ -77.250176, 38.810545 ], [ -77.248839, 38.810537 ], [ -77.247641, 38.810557 ], [ -77.245682, 38.810666 ], [ -77.245132, 38.810677 ], [ -77.241928, 38.81085 ], [ -77.240244, 38.810904 ], [ -77.239736, 38.810878 ], [ -77.238598, 38.81085 ], [ -77.237749, 38.81085 ], [ -77.236234, 38.810875 ], [ -77.235177, 38.810931 ], [ -77.235081, 38.810928 ], [ -77.234878, 38.811017 ], [ -77.233748, 38.811076 ], [ -77.233446, 38.811072 ], [ -77.231467, 38.811116 ], [ -77.230266, 38.811136 ], [ -77.230129, 38.81114 ], [ -77.228491, 38.811157 ], [ -77.227936, 38.811161 ], [ -77.227652, 38.81118 ], [ -77.225313, 38.811205 ], [ -77.224633, 38.811293 ], [ -77.222002, 38.811369 ], [ -77.221647, 38.811366 ], [ -77.221015, 38.811338 ], [ -77.218307, 38.811375 ], [ -77.219405, 38.812798 ], [ -77.220726, 38.814558 ], [ -77.221361, 38.815608 ], [ -77.221568, 38.816074 ], [ -77.221797, 38.816893 ], [ -77.221948, 38.817627 ], [ -77.222133, 38.818209 ], [ -77.222322, 38.819104 ], [ -77.222435, 38.819992 ], [ -77.222459, 38.820801 ], [ -77.222434, 38.821377 ], [ -77.222384, 38.8219 ], [ -77.222241, 38.822733 ], [ -77.22215, 38.823104 ], [ -77.221915, 38.823851 ], [ -77.221764, 38.824239 ], [ -77.221584, 38.82464 ], [ -77.221215, 38.825361 ], [ -77.219416, 38.828813 ], [ -77.219027, 38.82972 ], [ -77.218854, 38.830199 ], [ -77.218581, 38.831124 ], [ -77.218373, 38.832114 ], [ -77.218258, 38.833006 ], [ -77.21821, 38.833851 ], [ -77.218209, 38.83433 ], [ -77.218551, 38.83442 ], [ -77.218686, 38.834466 ], [ -77.218666, 38.834633 ], [ -77.218534, 38.8346 ], [ -77.21821, 38.834517 ], [ -77.218214, 38.834776 ], [ -77.218266, 38.835359 ], [ -77.218404, 38.836135 ], [ -77.218783, 38.837509 ], [ -77.219016, 38.838251 ], [ -77.219475, 38.840024 ], [ -77.219855, 38.841886 ], [ -77.219933, 38.842394 ], [ -77.220108, 38.843587 ], [ -77.220222, 38.844626 ], [ -77.220277, 38.845538 ], [ -77.220352, 38.849676 ], [ -77.220387, 38.853998 ], [ -77.220213, 38.853928 ], [ -77.220075, 38.857898 ], [ -77.220175, 38.86167 ], [ -77.220214, 38.865701 ], [ -77.220081, 38.865703 ], [ -77.219969, 38.865705 ], [ -77.21997, 38.865854 ], [ -77.22008, 38.865852 ], [ -77.220214, 38.865849 ], [ -77.220317, 38.865847 ], [ -77.220313, 38.866742 ], [ -77.220353, 38.869008 ], [ -77.220362, 38.871281 ], [ -77.220341, 38.87255 ], [ -77.220361, 38.873635 ], [ -77.220391, 38.874044 ], [ -77.220504, 38.874821 ], [ -77.220723, 38.875757 ], [ -77.220664, 38.875763 ], [ -77.22053, 38.875778 ], [ -77.220434, 38.875787 ], [ -77.220455, 38.875882 ], [ -77.220553, 38.87587 ], [ -77.220687, 38.875854 ], [ -77.221552, 38.879078 ], [ -77.22178, 38.880061 ], [ -77.221933, 38.880042 ], [ -77.222308, 38.88115 ], [ -77.222464, 38.883041 ], [ -77.222476, 38.883844 ], [ -77.222429, 38.884646 ], [ -77.222379, 38.88496 ], [ -77.222303, 38.885367000000109 ], [ -77.222298, 38.885386 ], [ -77.222202, 38.885714 ], [ -77.222041, 38.8861 ], [ -77.221741, 38.886929 ], [ -77.221645, 38.887112 ], [ -77.221343, 38.887566 ], [ -77.220631, 38.888379 ], [ -77.22041, 38.888586 ], [ -77.21873, 38.889909 ], [ -77.218453, 38.890147 ], [ -77.218186, 38.890415 ], [ -77.218018, 38.890609 ], [ -77.217913, 38.890588 ], [ -77.21761, 38.890508 ], [ -77.217483, 38.890462 ], [ -77.217448, 38.890523000000101 ], [ -77.217578, 38.890561 ], [ -77.21786, 38.890644 ], [ -77.217961, 38.890674 ], [ -77.217885, 38.890762 ], [ -77.217361, 38.891459 ], [ -77.216949, 38.892154 ], [ -77.21597, 38.893884 ], [ -77.215743, 38.894346 ], [ -77.215253, 38.896154 ], [ -77.215112, 38.896927 ], [ -77.215032, 38.897988 ], [ -77.215071, 38.898228 ], [ -77.214887, 38.89818 ], [ -77.214886, 38.898419 ], [ -77.214958, 38.899065 ], [ -77.215031, 38.899553 ], [ -77.215178, 38.900145 ], [ -77.215335, 38.900652 ], [ -77.216388, 38.903553 ], [ -77.216441, 38.903688 ], [ -77.216633, 38.904026 ], [ -77.21707, 38.90523 ], [ -77.217121, 38.905415 ], [ -77.21746, 38.906647 ], [ -77.217615, 38.907383 ], [ -77.21776, 38.908282 ], [ -77.217879, 38.909173 ], [ -77.218005, 38.910303 ], [ -77.218002, 38.910507 ], [ -77.217499, 38.910209 ], [ -77.217375, 38.910129 ], [ -77.217287, 38.910096 ], [ -77.217212, 38.910068 ], [ -77.21515, 38.908917 ], [ -77.214683, 38.908681 ], [ -77.214578, 38.908796 ], [ -77.214495, 38.908882 ], [ -77.214455, 38.908967 ], [ -77.214456, 38.909016 ], [ -77.214511, 38.909114 ], [ -77.215171, 38.909518 ], [ -77.215333, 38.909593 ], [ -77.215546, 38.909754 ], [ -77.21493, 38.910544 ], [ -77.214568, 38.911196 ], [ -77.214345, 38.911542 ], [ -77.213181, 38.913421 ], [ -77.212928, 38.913641 ], [ -77.212617, 38.913829 ], [ -77.212378, 38.913947 ], [ -77.212321, 38.913975 ], [ -77.211763, 38.914318 ], [ -77.211169, 38.914631 ], [ -77.210887, 38.914781 ], [ -77.209875, 38.915397 ], [ -77.209563, 38.915598 ], [ -77.209193, 38.915864 ], [ -77.208649, 38.916197 ], [ -77.20856, 38.916235 ], [ -77.207905, 38.916633 ], [ -77.206912, 38.917238 ], [ -77.205934, 38.917825 ], [ -77.204954, 38.918415 ], [ -77.203929, 38.919039 ], [ -77.2035, 38.9193 ], [ -77.20285, 38.919658 ], [ -77.202673, 38.919711 ], [ -77.20094, 38.92073 ], [ -77.200875, 38.920768 ], [ -77.200598, 38.920932 ], [ -77.200491, 38.921023 ], [ -77.200077, 38.921276 ], [ -77.199028, 38.921888 ], [ -77.198859, 38.921982 ], [ -77.198053, 38.922458 ], [ -77.197089, 38.923001 ], [ -77.196544, 38.923308 ], [ -77.193366, 38.918446 ], [ -77.192245, 38.916778 ], [ -77.192045, 38.916505 ], [ -77.191736, 38.916119 ], [ -77.191312, 38.915641 ], [ -77.189083, 38.913371 ], [ -77.188325, 38.9126 ], [ -77.188085, 38.912317 ], [ -77.187725, 38.9118 ], [ -77.187594, 38.911565 ], [ -77.187459, 38.911271 ], [ -77.18729, 38.910821 ], [ -77.18717, 38.910338 ], [ -77.187109, 38.909915 ], [ -77.187099, 38.909437 ], [ -77.18716, 38.908952 ], [ -77.187252, 38.908501 ], [ -77.188358, 38.904582 ], [ -77.18846, 38.904121 ], [ -77.188527, 38.903464 ], [ -77.188534, 38.903095 ], [ -77.188509, 38.902632 ], [ -77.188452, 38.902277 ], [ -77.188211, 38.901405 ], [ -77.188048, 38.901014 ], [ -77.18792, 38.900824 ], [ -77.187735, 38.900615 ], [ -77.187537, 38.900451 ], [ -77.187199, 38.900424 ], [ -77.186015, 38.900281 ], [ -77.185263, 38.900154 ], [ -77.184676, 38.900016 ], [ -77.184018, 38.899808 ], [ -77.183875, 38.899761 ], [ -77.18407, 38.899658 ], [ -77.184413, 38.899438 ], [ -77.185753, 38.898575 ], [ -77.185441, 38.898095 ], [ -77.184759, 38.897132 ], [ -77.184614, 38.896897 ], [ -77.184955, 38.896687 ], [ -77.185884, 38.896027 ], [ -77.186048, 38.895877 ], [ -77.18618, 38.895781 ], [ -77.184757, 38.895522 ], [ -77.184525, 38.895479 ], [ -77.182221, 38.895059 ], [ -77.181523, 38.895403 ], [ -77.181174, 38.894868 ], [ -77.179707, 38.894601 ], [ -77.178205, 38.894327 ], [ -77.177061, 38.894118 ], [ -77.176892, 38.894185 ], [ -77.176711, 38.894206 ], [ -77.176591, 38.894185 ], [ -77.176404, 38.894123 ], [ -77.17627, 38.894124 ], [ -77.176074, 38.894193 ], [ -77.175982, 38.894268 ], [ -77.175749, 38.893879 ], [ -77.175128, 38.893765 ], [ -77.174661, 38.89378 ], [ -77.173752, 38.893803 ], [ -77.172841, 38.893827 ], [ -77.171908, 38.893842 ], [ -77.171784, 38.893825 ], [ -77.171516, 38.893843 ], [ -77.170366, 38.894747 ], [ -77.170333, 38.894771 ], [ -77.170204, 38.894875 ], [ -77.170001, 38.895035 ], [ -77.16811, 38.896521 ], [ -77.167847, 38.896729 ], [ -77.16636, 38.897902 ], [ -77.165942, 38.898224 ], [ -77.164208, 38.899578 ], [ -77.1633, 38.900291 ], [ -77.162882, 38.900624 ], [ -77.160872, 38.902194 ], [ -77.159681, 38.903147 ], [ -77.160047, 38.903427 ], [ -77.160829, 38.90397 ], [ -77.161641, 38.904577 ], [ -77.159849, 38.906037 ], [ -77.159771, 38.906166 ], [ -77.159467, 38.906178 ], [ -77.159152, 38.906164 ], [ -77.158548, 38.906166 ], [ -77.156692, 38.906197 ], [ -77.156671, 38.906302 ], [ -77.156452, 38.906292 ], [ -77.155774, 38.906206 ], [ -77.155696, 38.906268 ], [ -77.154539, 38.907173 ], [ -77.154515, 38.907192 ], [ -77.151977, 38.909177 ], [ -77.151925, 38.909216 ], [ -77.150441, 38.91038 ], [ -77.149203, 38.911348 ], [ -77.148489, 38.911907 ], [ -77.148416, 38.912014 ], [ -77.148247, 38.91211 ], [ -77.148146, 38.912176 ], [ -77.146589, 38.913395 ], [ -77.145809, 38.914006 ], [ -77.144345, 38.915142000000102 ], [ -77.143694, 38.915643 ], [ -77.142263, 38.916743 ], [ -77.140719, 38.917969 ], [ -77.140424, 38.918186 ], [ -77.139427, 38.918982 ], [ -77.135929, 38.921729 ], [ -77.135548, 38.922028 ], [ -77.135514, 38.922071 ], [ -77.135381, 38.922157 ], [ -77.134495, 38.922853 ], [ -77.13419, 38.923094 ], [ -77.133481, 38.923648 ], [ -77.133059, 38.92398 ], [ -77.13258, 38.924358 ], [ -77.13145, 38.925246 ], [ -77.130812, 38.925746 ], [ -77.12976, 38.926573 ], [ -77.128988, 38.927178 ], [ -77.128244, 38.927761 ], [ -77.127416, 38.928412 ], [ -77.124875, 38.930408 ], [ -77.124643, 38.930588 ], [ -77.124084, 38.931013 ], [ -77.124003, 38.931075 ], [ -77.12329, 38.931627 ], [ -77.123214, 38.931687 ], [ -77.122235, 38.932453 ], [ -77.122205, 38.932476 ], [ -77.121748, 38.932837 ], [ -77.121179, 38.933287 ], [ -77.121016, 38.933414 ], [ -77.119792, 38.934374 ], [ -77.119759, 38.934343 ], [ -77.116436, 38.929571 ], [ -77.116409, 38.929452 ], [ -77.116434, 38.929439 ], [ -77.116444, 38.929389 ], [ -77.116435, 38.92924 ], [ -77.116351, 38.9291 ], [ -77.116328, 38.928996 ], [ -77.116315, 38.928915 ], [ -77.116331, 38.92885 ], [ -77.116261, 38.928801 ], [ -77.116192, 38.928676 ], [ -77.116212, 38.928572 ], [ -77.11618, 38.928499 ], [ -77.116135, 38.928473 ], [ -77.116105, 38.928411 ], [ -77.116052, 38.928401 ], [ -77.116027, 38.928412 ], [ -77.116015, 38.928395 ], [ -77.116046, 38.92833 ], [ -77.115957, 38.928165 ], [ -77.115907, 38.928146 ], [ -77.115882, 38.928102 ], [ -77.11586, 38.928094 ], [ -77.115828, 38.928105 ], [ -77.115813, 38.928085 ], [ -77.11583, 38.928063 ], [ -77.115821, 38.92804 ], [ -77.115744, 38.928009 ], [ -77.115699, 38.927937 ], [ -77.115606, 38.927856 ], [ -77.115518, 38.927818 ], [ -77.11553, 38.927726 ], [ -77.115518, 38.92771 ], [ -77.115469, 38.927713 ], [ -77.115441, 38.927668 ], [ -77.115388, 38.927641 ], [ -77.115335, 38.927667 ], [ -77.115327, 38.927622 ], [ -77.115148, 38.927409 ], [ -77.114941, 38.927341 ], [ -77.114953, 38.927378 ], [ -77.114929, 38.927388 ], [ -77.114903, 38.927376 ], [ -77.114903, 38.927339 ], [ -77.114862, 38.927319 ], [ -77.114801, 38.927237 ], [ -77.114822, 38.927212 ], [ -77.114774, 38.927222 ], [ -77.11476, 38.927202 ], [ -77.114787, 38.927169 ], [ -77.114762, 38.927089 ], [ -77.114735, 38.927067 ], [ -77.114668, 38.927055 ], [ -77.114642, 38.927033 ], [ -77.114622, 38.926977 ], [ -77.114528, 38.926935 ], [ -77.114526, 38.926887 ], [ -77.114462, 38.926808 ], [ -77.114388, 38.926665 ], [ -77.114296, 38.926605 ], [ -77.114277, 38.926617 ], [ -77.114251, 38.926608 ], [ -77.114249, 38.926563 ], [ -77.114136, 38.926414 ], [ -77.114117, 38.926331 ], [ -77.114069, 38.926279 ], [ -77.114038, 38.926279 ], [ -77.114022, 38.926258 ], [ -77.114021, 38.926161 ], [ -77.114003, 38.926139 ], [ -77.113954, 38.926133 ], [ -77.113941, 38.926092 ], [ -77.113879, 38.926031 ], [ -77.113758, 38.925968 ], [ -77.113758, 38.925869 ], [ -77.113739, 38.925846 ], [ -77.113697, 38.925865 ], [ -77.113617, 38.925741 ], [ -77.113566, 38.925754 ], [ -77.113546, 38.925671 ], [ -77.113448, 38.925554 ], [ -77.113406, 38.925472 ], [ -77.113406, 38.925418 ], [ -77.113351, 38.925368 ], [ -77.113246, 38.92535 ], [ -77.1131, 38.92524 ], [ -77.112948, 38.925059 ], [ -77.11292, 38.925062 ], [ -77.112909, 38.925085 ], [ -77.112879, 38.925045 ], [ -77.112854, 38.925045 ], [ -77.11284, 38.925025 ], [ -77.112859, 38.925007 ], [ -77.112829, 38.924961 ], [ -77.112756, 38.924939 ], [ -77.112745, 38.924881 ], [ -77.112796, 38.924873 ], [ -77.112783, 38.924824 ], [ -77.112659, 38.924657 ], [ -77.112586, 38.924627 ], [ -77.112508, 38.924545 ], [ -77.112437, 38.924506 ], [ -77.112424, 38.924459 ], [ -77.112358, 38.924437 ], [ -77.112295, 38.924451 ], [ -77.112273, 38.92444 ], [ -77.112181, 38.924338 ], [ -77.112167, 38.924291 ], [ -77.112111, 38.924288 ], [ -77.112087, 38.924257 ], [ -77.112019, 38.924263 ], [ -77.112008, 38.924224 ], [ -77.111971, 38.924203 ], [ -77.111978, 38.924152 ], [ -77.111962, 38.924131 ], [ -77.111895, 38.924093 ], [ -77.111836, 38.924095 ], [ -77.111825, 38.924024 ], [ -77.111692, 38.923972 ], [ -77.11166, 38.92394 ], [ -77.111555, 38.923896 ], [ -77.111553, 38.923871 ], [ -77.11145, 38.923835 ], [ -77.111417, 38.923838 ], [ -77.111393, 38.923755 ], [ -77.111344, 38.92368 ], [ -77.111296, 38.923669 ], [ -77.111278, 38.923649 ], [ -77.111273, 38.923599 ], [ -77.111184, 38.923556 ], [ -77.111163, 38.92351 ], [ -77.110999, 38.92346 ], [ -77.110965, 38.923426 ], [ -77.110909, 38.923432 ], [ -77.110894, 38.923415 ], [ -77.110902, 38.923366 ], [ -77.110861, 38.923312 ], [ -77.110646, 38.923174 ], [ -77.110568, 38.923031 ], [ -77.110429, 38.922961 ], [ -77.110405, 38.922973 ], [ -77.11034, 38.922868 ], [ -77.110281, 38.922813 ], [ -77.110232, 38.922808 ], [ -77.110134, 38.922755 ], [ -77.110096, 38.922716 ], [ -77.110037, 38.922714 ], [ -77.110018, 38.922674 ], [ -77.109922, 38.922612 ], [ -77.109889, 38.922506 ], [ -77.109842, 38.922458 ], [ -77.109735, 38.922417 ], [ -77.109688, 38.922356 ], [ -77.109489, 38.922249 ], [ -77.109402, 38.922223 ], [ -77.109367, 38.922247 ], [ -77.109381, 38.922166 ], [ -77.109319, 38.922109 ], [ -77.109192, 38.922054 ], [ -77.109141, 38.922001 ], [ -77.109114, 38.92194 ], [ -77.109022, 38.921893 ], [ -77.108999, 38.921856 ], [ -77.108974, 38.92184 ], [ -77.108927, 38.921865 ], [ -77.108846, 38.921871 ], [ -77.108848, 38.921828 ], [ -77.10879, 38.921834 ], [ -77.108746, 38.921813 ], [ -77.108755, 38.921724 ], [ -77.108703, 38.921717 ], [ -77.108592, 38.92161 ], [ -77.108553, 38.921641 ], [ -77.108531, 38.921648 ], [ -77.108513, 38.921636 ], [ -77.108529, 38.921617 ], [ -77.108487, 38.921581 ], [ -77.10849, 38.921538 ], [ -77.108428, 38.921458 ], [ -77.108428, 38.92143 ], [ -77.108353, 38.921349 ], [ -77.108291, 38.921336 ], [ -77.108235, 38.921279 ], [ -77.108208, 38.921277 ], [ -77.108199, 38.92117 ], [ -77.108134, 38.921079 ], [ -77.107993, 38.920958 ], [ -77.107778, 38.920856 ], [ -77.107717, 38.920774 ], [ -77.107669, 38.920781 ], [ -77.107679, 38.920758 ], [ -77.107646, 38.920687 ], [ -77.107476, 38.920433 ], [ -77.107261, 38.920297 ], [ -77.107245, 38.920276 ], [ -77.107258, 38.920257 ], [ -77.10722, 38.920227 ], [ -77.107089, 38.920165 ], [ -77.106975, 38.919983 ], [ -77.106949, 38.919976 ], [ -77.106852, 38.920031 ], [ -77.106801, 38.920026 ], [ -77.106809, 38.919957 ], [ -77.106872, 38.919908 ], [ -77.106868, 38.919862 ], [ -77.106706, 38.91966 ], [ -77.106659, 38.919556 ], [ -77.106608, 38.91954 ], [ -77.106584, 38.919554 ], [ -77.106571, 38.919489 ], [ -77.106519, 38.919464 ], [ -77.106478, 38.919418 ], [ -77.106466, 38.919347 ], [ -77.106346, 38.919276 ], [ -77.106331, 38.919204 ], [ -77.106275, 38.919185 ], [ -77.106275, 38.91914 ], [ -77.10621, 38.919064 ], [ -77.106232, 38.919007 ], [ -77.106218, 38.918955 ], [ -77.106121, 38.918747 ], [ -77.106009, 38.918603 ], [ -77.105961, 38.918602 ], [ -77.105943, 38.918545 ], [ -77.105878, 38.918513 ], [ -77.105813, 38.918329 ], [ -77.105768, 38.918302 ], [ -77.105752, 38.918317 ], [ -77.105734, 38.918302 ], [ -77.105728, 38.918254 ], [ -77.105745, 38.918242 ], [ -77.105724, 38.91817 ], [ -77.105744, 38.918112 ], [ -77.105704, 38.918045 ], [ -77.105709, 38.918006 ], [ -77.105673, 38.917997 ], [ -77.105683, 38.917956 ], [ -77.10567, 38.917939 ], [ -77.105686, 38.917918 ], [ -77.105636, 38.917896 ], [ -77.105622, 38.917855 ], [ -77.105587, 38.91763 ], [ -77.105529, 38.917605 ], [ -77.10551, 38.917563 ], [ -77.10545, 38.917506 ], [ -77.105439, 38.917464 ], [ -77.105417, 38.917453 ], [ -77.105371, 38.917463 ], [ -77.105335, 38.917372 ], [ -77.105294, 38.917341 ], [ -77.105192, 38.917346 ], [ -77.105167, 38.917331 ], [ -77.105161, 38.917305 ], [ -77.105144, 38.91729 ], [ -77.105168, 38.917248 ], [ -77.105166, 38.917224 ], [ -77.105099, 38.917163 ], [ -77.105093, 38.91711 ], [ -77.104814, 38.916743 ], [ -77.104651, 38.916547 ], [ -77.104261, 38.916153 ], [ -77.104233, 38.916078 ], [ -77.104125, 38.915904 ], [ -77.104021, 38.915642 ], [ -77.103971, 38.915366 ], [ -77.103918, 38.915264 ], [ -77.103804, 38.91511 ], [ -77.103663, 38.914821 ], [ -77.103622, 38.914716 ], [ -77.103588, 38.914499 ], [ -77.103512, 38.914323 ], [ -77.10349, 38.914179 ], [ -77.103502, 38.913912 ], [ -77.103471, 38.913778 ], [ -77.103474, 38.913481 ], [ -77.103428, 38.913308 ], [ -77.103381, 38.913227 ], [ -77.103073, 38.912779 ], [ -77.103005, 38.912708 ], [ -77.102918, 38.912653 ], [ -77.102716, 38.912578 ], [ -77.102689, 38.912555 ], [ -77.102684, 38.912486 ], [ -77.102609, 38.912403 ], [ -77.102543, 38.912354 ], [ -77.102411, 38.912322 ], [ -77.102186, 38.912055 ], [ -77.102112, 38.912021 ], [ -77.102085, 38.911965 ], [ -77.102032, 38.911916 ], [ -77.101982, 38.911894 ], [ -77.101879, 38.911805 ], [ -77.101787, 38.911764 ], [ -77.101746, 38.911705 ], [ -77.101553, 38.911562 ], [ -77.101496, 38.911554 ], [ -77.10146, 38.911581 ], [ -77.101432, 38.911549 ], [ -77.101384, 38.91153 ], [ -77.101334, 38.911455 ], [ -77.101214, 38.911399 ], [ -77.101187, 38.911401 ], [ -77.101141, 38.911372 ], [ -77.101105, 38.911368 ], [ -77.10109, 38.911328 ], [ -77.100859, 38.911209 ], [ -77.100836, 38.91118 ], [ -77.100723, 38.911121 ], [ -77.100613, 38.911025 ], [ -77.09483, 38.906853 ], [ -77.09409, 38.90632 ], [ -77.093736, 38.906089 ], [ -77.093584, 38.905968 ], [ -77.093216, 38.905767 ], [ -77.091876, 38.905324 ], [ -77.090937, 38.904713 ], [ -77.089962, 38.9043 ], [ -77.089487, 38.904138 ], [ -77.089, 38.9039 ], [ -77.08855, 38.903713 ], [ -77.088012, 38.903538 ], [ -77.087562, 38.903475 ], [ -77.087087, 38.903338 ], [ -77.086837, 38.903225 ], [ -77.0867, 38.9031 ], [ -77.086575, 38.903013 ], [ -77.086487, 38.902988 ], [ -77.086237, 38.902988 ], [ -77.086087, 38.902963 ], [ -77.085762, 38.90285 ], [ -77.0853, 38.902775 ], [ -77.08505, 38.9028 ], [ -77.0849, 38.902788 ], [ -77.083925, 38.902525 ], [ -77.0836, 38.902463 ], [ -77.083362, 38.902388 ], [ -77.082643, 38.90228 ], [ -77.08062, 38.902328 ], [ -77.08029, 38.902321 ], [ -77.080106, 38.902298 ], [ -77.079768, 38.902342 ], [ -77.079556, 38.902396 ], [ -77.079361, 38.902402 ], [ -77.079252, 38.902459 ], [ -77.079215, 38.902454 ], [ -77.079173, 38.902438 ], [ -77.079136, 38.902363 ], [ -77.079103, 38.902346 ], [ -77.078912, 38.902301 ], [ -77.078484, 38.902333 ], [ -77.078273, 38.90237 ], [ -77.078179, 38.902348 ], [ -77.078116, 38.902309 ], [ -77.077967, 38.90226 ], [ -77.077783, 38.902244 ], [ -77.077638, 38.902257 ], [ -77.077522, 38.902173 ], [ -77.07723, 38.902145 ], [ -77.077032, 38.902106 ], [ -77.076748, 38.901978 ], [ -77.076546, 38.901954 ], [ -77.076114, 38.901818 ], [ -77.07594, 38.901801 ], [ -77.075737, 38.901716 ], [ -77.075447, 38.901626 ], [ -77.0748, 38.901464 ], [ -77.074519, 38.901419 ], [ -77.074077, 38.901316 ], [ -77.073726, 38.901209 ], [ -77.073373, 38.901123 ], [ -77.072711, 38.901061 ], [ -77.072102, 38.90107 ], [ -77.071796, 38.901083 ], [ -77.071474, 38.901137 ], [ -77.070947, 38.901146 ], [ -77.07084, 38.901159 ], [ -77.070744, 38.901192 ], [ -77.070657, 38.901195 ], [ -77.070583, 38.901178 ], [ -77.070469, 38.901104 ], [ -77.070306, 38.900993 ], [ -77.069919, 38.900836 ], [ -77.069645, 38.900701 ], [ -77.069441, 38.900613 ], [ -77.069269, 38.900582 ], [ -77.069123, 38.90052 ], [ -77.068966, 38.900484 ], [ -77.068847, 38.900421 ], [ -77.068469, 38.900162 ], [ -77.068304, 38.900002 ], [ -77.068164, 38.899921 ], [ -77.068159, 38.899833 ], [ -77.06807, 38.899722 ], [ -77.068017, 38.899684 ], [ -77.067826, 38.899607 ], [ -77.067742, 38.899535 ], [ -77.067572, 38.899229 ], [ -77.067536, 38.899128 ], [ -77.067538, 38.899079 ], [ -77.067616, 38.898942999999896 ], [ -77.067609, 38.898692 ], [ -77.06758, 38.898522 ], [ -77.067465, 38.898214 ], [ -77.067493, 38.898134 ], [ -77.067595, 38.898094 ], [ -77.067573, 38.898048 ], [ -77.067496, 38.8981 ], [ -77.067469, 38.898099 ], [ -77.067458, 38.898022 ], [ -77.067355, 38.897855 ], [ -77.067297, 38.897473 ], [ -77.067218, 38.897227 ], [ -77.067224, 38.897161000000104 ], [ -77.066803, 38.896444 ], [ -77.066628, 38.896105 ], [ -77.06648, 38.895879 ], [ -77.066382, 38.895673 ], [ -77.066341, 38.89554 ], [ -77.066231, 38.895322 ], [ -77.066106, 38.895104 ], [ -77.065905, 38.894833 ], [ -77.065878, 38.894718 ], [ -77.065887, 38.89469 ], [ -77.065989, 38.894601 ], [ -77.066005, 38.89453 ], [ -77.065915, 38.894537 ], [ -77.065854, 38.89456 ], [ -77.065815, 38.894554 ], [ -77.0657, 38.894459 ], [ -77.065466, 38.894053 ], [ -77.065397, 38.893965 ], [ -77.065333, 38.893844 ], [ -77.065229, 38.893729 ], [ -77.065157, 38.893605 ], [ -77.065015, 38.893295 ], [ -77.064909, 38.892995 ], [ -77.064839, 38.89278 ], [ -77.064838, 38.892689 ], [ -77.064756, 38.892584 ], [ -77.06472, 38.892479 ], [ -77.064696, 38.892376 ], [ -77.064747, 38.892285 ], [ -77.064712, 38.89214 ], [ -77.064692, 38.892035 ], [ -77.064696, 38.891852 ], [ -77.064643, 38.891715 ], [ -77.064435, 38.891423 ], [ -77.064324, 38.891407 ], [ -77.064183, 38.891121 ], [ -77.064103, 38.891043 ], [ -77.06401, 38.89099 ], [ -77.06399, 38.890944 ], [ -77.064076, 38.890758 ], [ -77.064065, 38.890671 ], [ -77.063974, 38.890529 ], [ -77.063908, 38.890383 ], [ -77.063816, 38.890316 ], [ -77.063785, 38.890255 ], [ -77.063778, 38.890165 ], [ -77.063823, 38.890098 ], [ -77.064089, 38.889946 ], [ -77.064131, 38.88991 ], [ -77.064318, 38.889741 ], [ -77.064389, 38.889643 ], [ -77.064415, 38.889571 ], [ -77.064377, 38.889325 ], [ -77.064251, 38.888956 ], [ -77.061732, 38.885077 ], [ -77.059359, 38.881263 ], [ -77.0592, 38.880985 ], [ -77.058681, 38.880478 ], [ -77.057907, 38.880257 ], [ -77.057666, 38.880254 ], [ -77.057308, 38.880293 ], [ -77.057152, 38.880314 ], [ -77.056552, 38.880382 ], [ -77.056495, 38.880363 ], [ -77.056404, 38.880425 ], [ -77.056332, 38.880398 ], [ -77.055999, 38.880388 ], [ -77.055816, 38.880367 ], [ -77.055774, 38.880359 ], [ -77.055731, 38.880321 ], [ -77.055581, 38.880342 ], [ -77.055468, 38.880249 ], [ -77.055409, 38.880259 ], [ -77.055283, 38.880215 ], [ -77.055339, 38.880285 ], [ -77.055312, 38.880293 ], [ -77.054842, 38.880174 ], [ -77.054571, 38.880031 ], [ -77.054173, 38.879742 ], [ -77.053899, 38.879448 ], [ -77.053716, 38.879221 ], [ -77.053662, 38.879126 ], [ -77.053663, 38.879089 ], [ -77.053694, 38.879039 ], [ -77.053737, 38.879021 ], [ -77.053774, 38.878964 ], [ -77.053776, 38.878925 ], [ -77.053751, 38.878876 ], [ -77.053689, 38.878826 ], [ -77.053652, 38.878828 ], [ -77.053607, 38.878988 ], [ -77.053576, 38.879009 ], [ -77.05354, 38.879006 ], [ -77.053505, 38.87886 ], [ -77.053362, 38.878633 ], [ -77.0533, 38.878572 ], [ -77.053173, 38.878517 ], [ -77.053214, 38.878435 ], [ -77.052741, 38.878006 ], [ -77.052632, 38.877887 ], [ -77.051968, 38.87709 ], [ -77.051766, 38.876919 ], [ -77.051543, 38.876587 ], [ -77.051452, 38.87634 ], [ -77.05142, 38.876107 ], [ -77.051531, 38.875691 ], [ -77.051565, 38.875617 ], [ -77.051529, 38.875571 ], [ -77.051553, 38.875313 ], [ -77.051555, 38.875295 ], [ -77.051602, 38.87528 ], [ -77.051666, 38.874961 ], [ -77.051707, 38.874634 ], [ -77.051692, 38.874403 ], [ -77.051695, 38.874305 ], [ -77.051682, 38.873906 ], [ -77.051566, 38.873581 ], [ -77.051449, 38.873362 ], [ -77.051422, 38.873354 ], [ -77.050803, 38.872379 ], [ -77.050704, 38.872175 ], [ -77.050552, 38.871982 ], [ -77.050275, 38.871719 ], [ -77.049963, 38.871555 ], [ -77.049552, 38.871381 ], [ -77.049387, 38.871331 ], [ -77.049247, 38.87131 ], [ -77.049154, 38.871314 ], [ -77.048975, 38.871359 ], [ -77.048933, 38.87134 ], [ -77.048788, 38.871416 ], [ -77.048322, 38.871545 ], [ -77.048074, 38.871592 ], [ -77.047919, 38.871639 ], [ -77.046999, 38.871798 ], [ -77.046828, 38.871845 ], [ -77.046517, 38.872057 ], [ -77.046401, 38.872167 ], [ -77.046249, 38.87236 ], [ -77.046247, 38.872473 ], [ -77.046502, 38.872927 ], [ -77.046544, 38.873088 ], [ -77.046546, 38.873195 ], [ -77.046517, 38.873331 ], [ -77.04639, 38.873653 ], [ -77.046381, 38.873796 ], [ -77.0464, 38.873986 ], [ -77.046431, 38.874016 ], [ -77.046549, 38.874042 ], [ -77.046917, 38.874428 ], [ -77.047049, 38.874527 ], [ -77.047143, 38.874661 ], [ -77.047219, 38.874857 ], [ -77.047214, 38.87498 ], [ -77.047148, 38.875093 ], [ -77.047, 38.875231 ], [ -77.046917, 38.875284 ], [ -77.046829, 38.875339 ], [ -77.046434, 38.875527 ], [ -77.046276, 38.875587 ], [ -77.046082, 38.875614 ], [ -77.045901, 38.875616 ], [ -77.045691, 38.87557 ], [ -77.045439, 38.875431 ], [ -77.04491, 38.87502 ], [ -77.043935, 38.874322 ], [ -77.043867, 38.874277 ], [ -77.043796, 38.874269 ], [ -77.043502, 38.874237 ], [ -77.043394, 38.874159 ], [ -77.044436, 38.873079 ], [ -77.044488, 38.873073 ], [ -77.044656, 38.873046 ], [ -77.045263, 38.872377 ], [ -77.045623, 38.871871 ], [ -77.045867, 38.871423 ], [ -77.046627, 38.870121 ], [ -77.046659, 38.870068 ], [ -77.047281, 38.868985 ], [ -77.047548, 38.868574 ], [ -77.047747, 38.868319 ], [ -77.047915, 38.868135 ], [ -77.048439, 38.867671 ], [ -77.048927, 38.867329 ], [ -77.049274, 38.867127 ], [ -77.049477, 38.867031 ], [ -77.050489, 38.866602 ], [ -77.051206, 38.866382 ], [ -77.051543, 38.866298 ], [ -77.051802, 38.866235 ], [ -77.052135, 38.866176 ], [ -77.052403, 38.866136 ], [ -77.053012, 38.866077 ], [ -77.053508, 38.866054 ], [ -77.054236, 38.866067 ], [ -77.055154, 38.866119 ], [ -77.056307, 38.866236 ], [ -77.057282, 38.866382 ], [ -77.057942, 38.866524 ], [ -77.059687, 38.866997 ], [ -77.060537, 38.867188 ], [ -77.061091, 38.867251 ], [ -77.061682, 38.867246 ], [ -77.062115, 38.867219 ], [ -77.062719, 38.867156 ], [ -77.06292, 38.867127 ], [ -77.063394, 38.867041 ], [ -77.063889, 38.866919 ], [ -77.065505, 38.86641 ], [ -77.066193, 38.866172 ], [ -77.066576, 38.866016 ], [ -77.066958, 38.865826 ], [ -77.067356, 38.865585 ], [ -77.067866, 38.865206 ], [ -77.068102, 38.864982 ], [ -77.068349, 38.86469 ], [ -77.068686, 38.864207 ], [ -77.068825, 38.863946 ], [ -77.068963, 38.863644 ], [ -77.069118, 38.863154 ], [ -77.069172, 38.86289 ], [ -77.069262, 38.862164 ], [ -77.069328, 38.86169 ], [ -77.069391, 38.861242 ], [ -77.06962, 38.861277 ], [ -77.069994, 38.861334 ], [ -77.071091, 38.860686 ], [ -77.072434, 38.860465 ], [ -77.07358, 38.860291 ], [ -77.073994, 38.860251 ], [ -77.074168, 38.860217 ], [ -77.074365, 38.860254 ], [ -77.074422, 38.860384 ], [ -77.074761, 38.861703 ], [ -77.077071, 38.861501 ], [ -77.078322, 38.861762 ], [ -77.079741, 38.861775 ], [ -77.082382, 38.861269 ], [ -77.08298, 38.863057 ], [ -77.082929, 38.863144 ], [ -77.083023, 38.863449 ], [ -77.083078, 38.863565 ], [ -77.083292, 38.863512 ], [ -77.084101, 38.863305 ], [ -77.085083, 38.863048 ], [ -77.085758, 38.862888 ], [ -77.086424, 38.862708 ], [ -77.087021, 38.862563 ], [ -77.087151, 38.863224 ], [ -77.08734, 38.864082 ], [ -77.087587, 38.863974 ], [ -77.08825, 38.863738 ], [ -77.089321, 38.863448 ], [ -77.089949, 38.866443 ], [ -77.088911, 38.866712 ], [ -77.087915, 38.866967 ], [ -77.088018, 38.867573 ], [ -77.088131, 38.868112 ], [ -77.088278, 38.868937 ], [ -77.088294, 38.869051 ], [ -77.088345, 38.87082 ], [ -77.088658, 38.87158 ], [ -77.088898, 38.87218 ], [ -77.089135, 38.872742 ], [ -77.089319, 38.873253 ], [ -77.089385, 38.873429 ], [ -77.089983, 38.873265 ], [ -77.090986, 38.87302 ], [ -77.091943, 38.872785 ], [ -77.092825, 38.872561 ], [ -77.093638, 38.87239 ], [ -77.095553, 38.871877 ], [ -77.097529, 38.871399 ], [ -77.097763, 38.87133 ], [ -77.100625, 38.870614 ], [ -77.100722, 38.870588 ], [ -77.102679, 38.870094 ], [ -77.104751, 38.869571 ], [ -77.10684, 38.869038 ], [ -77.110861, 38.868011 ], [ -77.11198, 38.867768 ], [ -77.112819, 38.867553 ], [ -77.113058, 38.867491 ], [ -77.114467, 38.867136 ], [ -77.115503, 38.866874 ], [ -77.115729, 38.866842 ], [ -77.116729, 38.866723 ], [ -77.117614, 38.86668 ], [ -77.118565, 38.866669 ], [ -77.118977, 38.86665 ], [ -77.119685, 38.866622 ], [ -77.120708, 38.866597 ], [ -77.122095, 38.866513 ], [ -77.122677, 38.866475 ], [ -77.123114, 38.866465 ], [ -77.123791, 38.866447 ], [ -77.125575, 38.866441 ], [ -77.128388, 38.866362 ], [ -77.134186, 38.866178 ], [ -77.137458, 38.866095 ], [ -77.137495, 38.866093 ], [ -77.13718, 38.865846 ], [ -77.135373, 38.86445 ], [ -77.131849, 38.861727 ], [ -77.129082, 38.859564 ], [ -77.127183, 38.858109 ], [ -77.126253, 38.857397 ], [ -77.126141, 38.857275 ], [ -77.125868, 38.857042 ], [ -77.125616, 38.856909 ], [ -77.124445, 38.856012 ], [ -77.124019, 38.855652 ], [ -77.123609, 38.855305 ], [ -77.122392, 38.854285 ], [ -77.121151, 38.853325 ], [ -77.121456, 38.853333 ], [ -77.122045, 38.8533 ], [ -77.122711, 38.853257 ], [ -77.123292, 38.853166 ], [ -77.123527, 38.853109 ], [ -77.124063, 38.852925 ], [ -77.124454, 38.852748 ], [ -77.125822, 38.851927 ], [ -77.126176, 38.851748 ], [ -77.128519, 38.850853 ], [ -77.128962, 38.85069 ], [ -77.129329, 38.850581 ], [ -77.129573, 38.850508 ], [ -77.130257, 38.850202 ], [ -77.131632, 38.849551 ], [ -77.134009, 38.848465 ], [ -77.134857, 38.848099 ], [ -77.136197, 38.847495 ], [ -77.137562, 38.846874 ], [ -77.138935, 38.846259 ], [ -77.139724, 38.845905 ], [ -77.14009, 38.845741 ], [ -77.140593, 38.845463 ], [ -77.140951, 38.84516 ], [ -77.141285, 38.844793 ], [ -77.141396, 38.844639 ], [ -77.14178, 38.843869 ], [ -77.14185, 38.843742 ], [ -77.142065, 38.843485 ], [ -77.142346, 38.843228 ], [ -77.142691, 38.842994 ], [ -77.143072, 38.84281 ], [ -77.143445, 38.842686 ], [ -77.143903, 38.842628 ], [ -77.145097, 38.842592 ], [ -77.14504, 38.842653 ], [ -77.145013, 38.84266 ], [ -77.144947, 38.8428 ], [ -77.14477, 38.842878 ], [ -77.144711, 38.842958 ], [ -77.144578, 38.843071 ], [ -77.144455, 38.843065 ], [ -77.144383, 38.843115 ], [ -77.144385, 38.843151 ], [ -77.144416, 38.843178 ], [ -77.14433, 38.843245 ], [ -77.145407, 38.844242 ], [ -77.148197, 38.845517 ], [ -77.149327, 38.846321 ], [ -77.149892, 38.845829 ], [ -77.150011, 38.845799 ], [ -77.149971, 38.845669 ], [ -77.150005, 38.845313 ], [ -77.153328, 38.843092 ], [ -77.154083, 38.843761 ], [ -77.154312, 38.844256 ], [ -77.15435, 38.844936 ], [ -77.157679, 38.845595 ], [ -77.160503, 38.845046 ], [ -77.162927, 38.846296 ], [ -77.163787, 38.846347 ], [ -77.164359, 38.845967 ], [ -77.165177, 38.845822 ], [ -77.165693, 38.845592 ], [ -77.16614, 38.845651 ], [ -77.166747, 38.845948 ], [ -77.166879, 38.846684 ], [ -77.167067, 38.846879 ], [ -77.167517, 38.846713 ], [ -77.167832, 38.847005 ], [ -77.167866, 38.847068 ], [ -77.167912, 38.847067 ], [ -77.167948, 38.84702 ], [ -77.167924, 38.846868 ], [ -77.167955, 38.846824 ], [ -77.167969, 38.846674 ], [ -77.168034, 38.846601 ], [ -77.168121, 38.846567 ], [ -77.168659, 38.846528 ], [ -77.169145, 38.846435 ], [ -77.169936, 38.846165 ], [ -77.170135, 38.846086 ], [ -77.17035, 38.845965 ], [ -77.170481, 38.845933 ], [ -77.17079, 38.845894 ], [ -77.170927, 38.845899 ], [ -77.17119, 38.84588 ], [ -77.171407, 38.845907 ], [ -77.171721, 38.846031 ], [ -77.172079, 38.846132 ], [ -77.172173, 38.846127 ], [ -77.172388, 38.846025 ], [ -77.17243, 38.846025 ], [ -77.172568, 38.846079 ], [ -77.172696, 38.846072 ], [ -77.172843, 38.846026 ], [ -77.172932, 38.846117 ], [ -77.173035, 38.846135 ], [ -77.173577, 38.846355 ], [ -77.173762, 38.846416 ], [ -77.174381, 38.846431 ], [ -77.174544, 38.846463 ], [ -77.174704, 38.846474 ], [ -77.174707, 38.846421 ], [ -77.174738, 38.845933 ], [ -77.174716, 38.845487 ], [ -77.174629, 38.845113 ], [ -77.174552, 38.844893 ], [ -77.174029, 38.843581 ], [ -77.173968, 38.843454 ], [ -77.173774, 38.842906 ], [ -77.173645, 38.842614 ], [ -77.173504, 38.842346 ], [ -77.173322, 38.842083 ], [ -77.172369, 38.840931 ], [ -77.172221, 38.840647 ], [ -77.171946, 38.839797 ], [ -77.171563, 38.838651 ], [ -77.171222, 38.837596 ], [ -77.171197, 38.837524 ], [ -77.170885, 38.837611 ], [ -77.170464, 38.837659 ], [ -77.169548, 38.837721 ], [ -77.169201, 38.837725 ], [ -77.166934, 38.837883 ], [ -77.164025, 38.838038 ], [ -77.163742, 38.838048 ], [ -77.163071, 38.838031 ], [ -77.162941, 38.838025 ], [ -77.162539, 38.837969 ], [ -77.16231, 38.837909 ], [ -77.161817, 38.837716 ], [ -77.161303, 38.837549 ], [ -77.159563, 38.836904 ], [ -77.158536, 38.836493 ], [ -77.158343, 38.836447 ], [ -77.158036, 38.836412 ], [ -77.157788, 38.836424 ], [ -77.157758, 38.836318 ], [ -77.157683, 38.836104 ], [ -77.15786, 38.836028 ], [ -77.158151, 38.835849 ], [ -77.158352, 38.835687 ], [ -77.158984, 38.835279 ], [ -77.16069, 38.834198 ], [ -77.162366, 38.833128 ], [ -77.163263, 38.832575 ], [ -77.163606, 38.832361 ], [ -77.164051, 38.832088 ], [ -77.164732, 38.831654 ], [ -77.164902, 38.831574 ], [ -77.165043, 38.831479 ], [ -77.165216, 38.831363 ], [ -77.165305, 38.831298 ], [ -77.165683, 38.831042 ], [ -77.165766, 38.830992 ], [ -77.165913, 38.830903 ], [ -77.166152, 38.830789 ], [ -77.166432, 38.830614 ], [ -77.166562, 38.830531 ], [ -77.166673, 38.830419 ], [ -77.1668, 38.830334 ], [ -77.167377, 38.829975 ], [ -77.170409, 38.827995 ], [ -77.172388, 38.826599 ], [ -77.173214, 38.825981 ], [ -77.174001, 38.825427 ], [ -77.174039, 38.825394 ], [ -77.174168, 38.825267 ], [ -77.172859, 38.824948 ], [ -77.170343, 38.824339 ], [ -77.169872, 38.824217 ], [ -77.167868, 38.8237 ], [ -77.166293, 38.823315 ], [ -77.163491, 38.822639 ], [ -77.163733, 38.821843 ], [ -77.163986, 38.821169 ], [ -77.164463, 38.819966 ], [ -77.165022, 38.818691 ], [ -77.16545, 38.81775 ], [ -77.165609, 38.817586 ], [ -77.165752, 38.817494 ], [ -77.16594, 38.817421 ], [ -77.167098, 38.8172 ], [ -77.167327, 38.817171 ], [ -77.167616, 38.817063 ], [ -77.167707, 38.817007 ], [ -77.167921, 38.816825 ], [ -77.168551, 38.816132 ], [ -77.169326, 38.815393 ], [ -77.169833, 38.814915 ], [ -77.169936, 38.8148 ], [ -77.170109, 38.814518 ], [ -77.170217, 38.814289 ], [ -77.170694, 38.813289 ], [ -77.170912, 38.813009 ], [ -77.17119, 38.812748 ], [ -77.17164, 38.812333 ], [ -77.17185, 38.812173 ], [ -77.171966, 38.812116 ], [ -77.172147, 38.81206 ], [ -77.172735, 38.811958 ], [ -77.172929, 38.811932 ], [ -77.173271, 38.811911 ], [ -77.174362, 38.811904 ], [ -77.174437, 38.812941 ], [ -77.174521, 38.812969 ], [ -77.174738, 38.813099 ], [ -77.174836, 38.813115 ], [ -77.174957, 38.813171 ], [ -77.175042, 38.813227 ], [ -77.175542, 38.813317 ], [ -77.175581, 38.813335 ], [ -77.175597, 38.813361 ], [ -77.175562, 38.813449 ], [ -77.175569, 38.813492 ], [ -77.175624, 38.813554 ], [ -77.175615, 38.813608 ], [ -77.1756, 38.813651 ], [ -77.175469, 38.813753 ], [ -77.175479, 38.813782 ], [ -77.175849, 38.813928 ], [ -77.175981, 38.81394 ], [ -77.17617, 38.813982 ], [ -77.176224, 38.814026 ], [ -77.176301, 38.814036 ], [ -77.176092, 38.811897 ], [ -77.176077, 38.811026 ], [ -77.177941, 38.81102 ], [ -77.177913, 38.810665 ], [ -77.177871, 38.810544 ], [ -77.177736, 38.810322 ], [ -77.177577, 38.810164 ], [ -77.176696, 38.809458 ], [ -77.176581, 38.809345 ], [ -77.176387, 38.809107 ], [ -77.176289, 38.808947 ], [ -77.176155, 38.808674 ], [ -77.176094, 38.8085 ], [ -77.176037, 38.808187 ], [ -77.176029, 38.807854 ], [ -77.176035, 38.806957 ], [ -77.176052, 38.806341 ], [ -77.176133, 38.806074 ], [ -77.175001, 38.806058 ], [ -77.175037, 38.80581 ], [ -77.175147, 38.805586 ], [ -77.176004, 38.804747 ], [ -77.17573, 38.804586 ], [ -77.175518, 38.804484 ], [ -77.174949, 38.804259 ], [ -77.17396, 38.80389 ], [ -77.173793, 38.804186 ], [ -77.17369, 38.804455 ], [ -77.173426, 38.805893 ], [ -77.17235, 38.805675 ], [ -77.172026, 38.80649 ], [ -77.171616, 38.806393 ], [ -77.17109, 38.80625 ], [ -77.170783, 38.806136 ], [ -77.170537, 38.806015 ], [ -77.170406, 38.805943 ], [ -77.169208, 38.805254 ], [ -77.167914, 38.804486 ], [ -77.166919, 38.803934 ], [ -77.16423, 38.802371 ], [ -77.163909, 38.802212 ], [ -77.166366, 38.800156 ], [ -77.166994, 38.799591 ], [ -77.168341, 38.798328 ], [ -77.171242, 38.795486 ], [ -77.173186, 38.793716 ], [ -77.174313, 38.792772 ], [ -77.175279, 38.791924 ], [ -77.175417, 38.791811 ], [ -77.175776, 38.791399 ], [ -77.176186, 38.790869 ], [ -77.176004, 38.790817 ], [ -77.17633, 38.79031 ], [ -77.176391, 38.790069 ], [ -77.176726, 38.789137 ], [ -77.176895, 38.788627 ], [ -77.177055, 38.788495 ], [ -77.1773, 38.788236 ], [ -77.177662, 38.787624 ], [ -77.178, 38.786807 ], [ -77.178783, 38.784717 ], [ -77.17917, 38.783792 ], [ -77.179656, 38.782439 ], [ -77.179909, 38.782001 ], [ -77.179994, 38.781804 ], [ -77.180913, 38.778923 ], [ -77.18092, 38.778855 ], [ -77.181247, 38.778888 ], [ -77.183309, 38.779187 ], [ -77.183758, 38.779161 ], [ -77.184133, 38.779195 ], [ -77.184609, 38.779187 ], [ -77.185671, 38.779141 ], [ -77.185827, 38.779123 ], [ -77.186373, 38.779048 ], [ -77.187502, 38.778875 ], [ -77.189085, 38.778633 ], [ -77.191517, 38.778246 ], [ -77.192918, 38.778004 ], [ -77.194192, 38.777734 ], [ -77.194771, 38.777637 ], [ -77.195846, 38.77746 ], [ -77.19742, 38.777276 ], [ -77.198593, 38.777132 ], [ -77.199011, 38.777047 ], [ -77.199374, 38.776948 ], [ -77.199893, 38.776758 ], [ -77.201059, 38.776256 ], [ -77.201438, 38.776107 ], [ -77.201788, 38.775943 ], [ -77.202142, 38.77577 ], [ -77.203351, 38.775266 ], [ -77.203447, 38.775221 ], [ -77.203368, 38.775063 ], [ -77.203346, 38.774924 ], [ -77.203404, 38.774721 ], [ -77.203688, 38.774575 ], [ -77.203826, 38.774466 ], [ -77.203862, 38.774415 ], [ -77.203873, 38.774335 ], [ -77.203819, 38.774208 ], [ -77.203819, 38.773954 ], [ -77.203753, 38.773848 ], [ -77.203597, 38.773761 ], [ -77.203332, 38.773674 ], [ -77.203084, 38.773506 ], [ -77.202982, 38.773303 ], [ -77.202961, 38.773135 ], [ -77.203026, 38.772728 ], [ -77.203324, 38.772303 ], [ -77.203402, 38.772017 ], [ -77.203476, 38.771874 ], [ -77.203669, 38.771697 ], [ -77.203713, 38.771445 ], [ -77.203775, 38.771386 ], [ -77.203906, 38.771328 ], [ -77.20411, 38.771095 ], [ -77.204244, 38.771045 ], [ -77.204431, 38.771049 ], [ -77.204572, 38.771032 ], [ -77.204679, 38.770937 ], [ -77.204772, 38.770823 ], [ -77.204873, 38.770663 ], [ -77.204993, 38.770572 ], [ -77.205255, 38.77047 ], [ -77.205532, 38.770405 ], [ -77.205587, 38.770349 ], [ -77.205551, 38.770342 ], [ -77.205527, 38.770371 ], [ -77.205424, 38.770385 ], [ -77.205338, 38.770423 ], [ -77.205306, 38.770414 ], [ -77.205286, 38.770377 ], [ -77.205361, 38.770311 ], [ -77.205382, 38.770319 ], [ -77.2054, 38.770309 ], [ -77.205294, 38.770286 ], [ -77.205221, 38.770266 ], [ -77.20523, 38.770244 ], [ -77.205327, 38.770178 ], [ -77.205317, 38.770138 ], [ -77.205241, 38.770161 ], [ -77.205008, 38.770157 ], [ -77.204613, 38.77018 ], [ -77.204398, 38.770252 ], [ -77.20426, 38.770251 ], [ -77.203878, 38.770121 ], [ -77.203655, 38.770013 ], [ -77.203491, 38.769904 ], [ -77.203279, 38.769901 ], [ -77.203228, 38.769889 ], [ -77.203174, 38.769827 ], [ -77.203159, 38.769722 ], [ -77.203035, 38.769635 ], [ -77.203034, 38.769504 ], [ -77.203016, 38.769447 ], [ -77.202841, 38.769332 ], [ -77.202845, 38.769123 ], [ -77.202798, 38.768934 ], [ -77.202696, 38.768905 ], [ -77.20253, 38.768922 ], [ -77.202447, 38.768891 ], [ -77.202325, 38.768889 ], [ -77.202146, 38.768856 ], [ -77.201664, 38.768546 ], [ -77.201578, 38.768538 ], [ -77.201492, 38.768452 ], [ -77.201187, 38.76831 ], [ -77.200982, 38.768118 ], [ -77.200973, 38.768029 ], [ -77.20094, 38.767943 ], [ -77.20096, 38.767874 ], [ -77.200843, 38.767866 ], [ -77.200716, 38.767876 ], [ -77.200696, 38.767828 ], [ -77.200718, 38.767767 ], [ -77.200664, 38.767761 ], [ -77.200571, 38.767724 ], [ -77.200462, 38.767654 ], [ -77.200414, 38.767482 ], [ -77.200428, 38.76742 ], [ -77.200419, 38.76735 ], [ -77.200305, 38.767285 ], [ -77.200288, 38.767271 ], [ -77.200303, 38.767236 ], [ -77.200232, 38.767201 ], [ -77.200254, 38.76712 ], [ -77.200213, 38.767044 ], [ -77.20025, 38.767004 ], [ -77.200211, 38.766843 ], [ -77.200191, 38.766805 ], [ -77.200021, 38.766663 ], [ -77.199971, 38.766541 ], [ -77.199758, 38.766551 ], [ -77.19967, 38.766523 ], [ -77.199674, 38.76645 ], [ -77.199734, 38.766279 ], [ -77.199761, 38.766264 ], [ -77.199748, 38.76624 ], [ -77.199764, 38.766186 ], [ -77.199883, 38.766138 ], [ -77.19992, 38.766141 ], [ -77.199937, 38.766005 ], [ -77.199926, 38.765975 ], [ -77.199805, 38.765869 ], [ -77.199744, 38.765742 ], [ -77.199605, 38.765596 ], [ -77.199576, 38.765505 ], [ -77.199485, 38.765381 ], [ -77.199368, 38.764789 ], [ -77.199356, 38.764642 ], [ -77.202497, 38.764689 ], [ -77.202876, 38.764676 ], [ -77.203242, 38.764645 ], [ -77.203634, 38.764592 ], [ -77.203994, 38.764524 ], [ -77.204511, 38.764392 ], [ -77.205022, 38.764215 ], [ -77.205263, 38.764113 ], [ -77.205742, 38.763868 ], [ -77.206167, 38.763596 ], [ -77.206659, 38.763204 ], [ -77.207646, 38.762231 ], [ -77.208044, 38.761887 ], [ -77.208111, 38.761838 ], [ -77.207775, 38.761652 ], [ -77.207688, 38.76163 ], [ -77.207615, 38.761655 ], [ -77.20747, 38.761783 ], [ -77.207346, 38.761826 ], [ -77.206982, 38.761877 ], [ -77.206789, 38.76189 ], [ -77.20635, 38.761921 ], [ -77.206197, 38.761914 ], [ -77.20603, 38.761826 ], [ -77.205884, 38.761644 ], [ -77.205688, 38.761346 ], [ -77.205215, 38.76051 ], [ -77.205077, 38.760175 ], [ -77.205041, 38.759921 ], [ -77.205132, 38.759528 ], [ -77.205255, 38.759361 ], [ -77.205383, 38.759281 ], [ -77.205797, 38.75927 ], [ -77.206019, 38.759201 ], [ -77.206241, 38.759063 ], [ -77.206335, 38.75895 ], [ -77.206368, 38.758826 ], [ -77.206328, 38.758714 ], [ -77.206212, 38.758626 ], [ -77.20603, 38.758568 ], [ -77.205826, 38.758444 ], [ -77.205608, 38.758255 ], [ -77.205441, 38.758023 ], [ -77.204684, 38.75723 ], [ -77.204372, 38.756684 ], [ -77.203999, 38.756305 ], [ -77.204059, 38.75628 ], [ -77.206365, 38.75618 ], [ -77.207341, 38.756124 ], [ -77.207957, 38.757709 ], [ -77.212427, 38.756153 ], [ -77.214194, 38.75566 ], [ -77.214825, 38.755502 ], [ -77.215686, 38.755287 ], [ -77.21564, 38.755489 ], [ -77.215567, 38.756194 ], [ -77.215562, 38.756525 ], [ -77.215635, 38.757138 ], [ -77.215714, 38.75743 ], [ -77.21586, 38.757773 ], [ -77.215994, 38.758003 ], [ -77.216157, 38.758233 ], [ -77.216286, 38.75839 ], [ -77.216697, 38.758809 ], [ -77.217077, 38.759149 ], [ -77.217175, 38.759112 ], [ -77.217293, 38.759068 ], [ -77.219217, 38.758357 ], [ -77.219811, 38.758247 ], [ -77.220163, 38.758209 ], [ -77.220561, 38.758189 ], [ -77.22087, 38.758201 ], [ -77.22148, 38.758249 ], [ -77.222174, 38.75835 ], [ -77.222503, 38.758415 ], [ -77.223076, 38.758463 ], [ -77.223291, 38.758463 ], [ -77.223776, 38.758423 ], [ -77.224045, 38.758383 ], [ -77.22435, 38.758316 ], [ -77.224916, 38.75817 ], [ -77.225244, 38.758052 ], [ -77.226974, 38.757526 ], [ -77.228368, 38.757079 ], [ -77.228838, 38.756977 ], [ -77.229178, 38.756933 ], [ -77.229565, 38.756914 ], [ -77.22991, 38.756919 ], [ -77.230176, 38.756953 ], [ -77.231458, 38.757178 ], [ -77.231945, 38.757225 ], [ -77.232342, 38.757237 ], [ -77.232893, 38.757182 ], [ -77.233249, 38.757113 ], [ -77.233886, 38.756931 ], [ -77.235221, 38.756465 ], [ -77.235658, 38.75629 ], [ -77.236177, 38.756044 ], [ -77.23671, 38.75572 ], [ -77.236904, 38.755849 ], [ -77.237471, 38.755401 ], [ -77.237721, 38.755171 ], [ -77.2391, 38.753766 ], [ -77.239614, 38.753348 ], [ -77.240721, 38.752492 ], [ -77.241433, 38.751983 ], [ -77.242551, 38.751061 ], [ -77.244159, 38.749809 ], [ -77.244014, 38.749661 ], [ -77.245115, 38.748749 ], [ -77.247309, 38.746844 ], [ -77.247572, 38.746651 ], [ -77.248047, 38.746352 ], [ -77.248525, 38.74611 ], [ -77.249074, 38.745859 ], [ -77.249567, 38.745674 ], [ -77.250301, 38.745453 ], [ -77.250798, 38.745336 ], [ -77.250599, 38.744757 ], [ -77.250584, 38.744525 ], [ -77.250604, 38.744261 ], [ -77.250674, 38.743319 ], [ -77.250746, 38.742875 ], [ -77.251241, 38.740967 ], [ -77.251431, 38.740458 ], [ -77.251599, 38.740101 ], [ -77.251708, 38.73992 ], [ -77.252122, 38.739368 ], [ -77.25236, 38.739014 ], [ -77.252459, 38.738761 ], [ -77.252482, 38.738464 ], [ -77.252445, 38.738033 ], [ -77.25231, 38.736999 ], [ -77.252276, 38.736498 ], [ -77.252269, 38.736456 ], [ -77.252172, 38.73608 ], [ -77.251962, 38.735635 ], [ -77.251593, 38.735098 ], [ -77.251391, 38.734853 ], [ -77.251096, 38.734495 ], [ -77.250568, 38.733795 ], [ -77.250427, 38.733662 ], [ -77.250338, 38.733551 ], [ -77.250203, 38.733349 ], [ -77.250133, 38.73321 ], [ -77.25008, 38.733061 ], [ -77.25, 38.732667 ], [ -77.249869, 38.732387 ], [ -77.249634, 38.731958 ], [ -77.249419, 38.731627 ], [ -77.249336, 38.731431 ], [ -77.249335, 38.731308 ], [ -77.249431, 38.73088 ], [ -77.249568, 38.73049 ], [ -77.250806, 38.730277 ], [ -77.251014, 38.73027 ], [ -77.252374, 38.730085 ], [ -77.2543, 38.72979 ], [ -77.254971, 38.72893 ], [ -77.255628, 38.72809 ], [ -77.260105, 38.722923 ], [ -77.262247, 38.720446 ], [ -77.263204, 38.719346 ], [ -77.265346, 38.716875 ], [ -77.265553, 38.716614 ], [ -77.265692, 38.716456 ], [ -77.265683, 38.716449 ], [ -77.268126, 38.713358 ], [ -77.270349, 38.710549 ], [ -77.270714, 38.710141 ], [ -77.27306, 38.70737 ], [ -77.274552, 38.705664 ], [ -77.277457, 38.702349 ], [ -77.278921, 38.700675 ], [ -77.279958, 38.699491 ], [ -77.280937, 38.698328 ], [ -77.281461, 38.697662 ], [ -77.282404, 38.696468 ], [ -77.286073, 38.698698 ], [ -77.286379, 38.698929 ], [ -77.286882, 38.699243 ], [ -77.287309, 38.69946 ], [ -77.287598, 38.699585 ], [ -77.287995, 38.699731 ], [ -77.288543, 38.699897 ], [ -77.288946, 38.700037 ], [ -77.2896, 38.700298 ], [ -77.290072, 38.700515 ], [ -77.290833, 38.700922 ], [ -77.291293, 38.701208 ], [ -77.291624, 38.701435 ], [ -77.29365, 38.702536 ], [ -77.294163, 38.702785 ], [ -77.294621, 38.702982 ], [ -77.295335, 38.703235 ], [ -77.296076, 38.703436 ], [ -77.296792, 38.70358 ], [ -77.297211, 38.703684 ], [ -77.297519, 38.703777 ], [ -77.298112, 38.704003 ], [ -77.298396, 38.704135 ], [ -77.298759, 38.704329 ], [ -77.299348, 38.704717 ], [ -77.29958, 38.704901 ], [ -77.299868, 38.705162 ], [ -77.300131, 38.705438 ], [ -77.300368, 38.705728 ], [ -77.30109, 38.706832 ], [ -77.301273, 38.707063 ], [ -77.30206, 38.707622 ], [ -77.302403, 38.707789 ], [ -77.302622, 38.707873 ], [ -77.303, 38.707984 ], [ -77.303394, 38.708056 ], [ -77.303877, 38.708092 ], [ -77.304225, 38.708082 ], [ -77.305044, 38.707989 ], [ -77.305469, 38.707912 ], [ -77.306228, 38.707733 ], [ -77.306868, 38.707541 ], [ -77.307324, 38.707364 ], [ -77.308053, 38.707017 ], [ -77.308567, 38.706727 ], [ -77.309052, 38.706462 ], [ -77.309822, 38.705934 ], [ -77.310191, 38.705618 ], [ -77.311274, 38.704396 ], [ -77.312041, 38.703187 ], [ -77.312414, 38.702654 ], [ -77.312671, 38.702341 ], [ -77.312939, 38.702092 ], [ -77.313359, 38.701818 ], [ -77.314116, 38.701458 ], [ -77.314415, 38.70137 ], [ -77.314662, 38.701316 ], [ -77.315314, 38.701221 ], [ -77.315709, 38.701192 ], [ -77.316347, 38.701173 ], [ -77.316739, 38.701171 ], [ -77.317154, 38.701208 ], [ -77.318351, 38.701253 ], [ -77.319009, 38.701195 ], [ -77.319511, 38.701225 ], [ -77.320047, 38.701277 ], [ -77.322032, 38.701522 ], [ -77.322683, 38.70154 ], [ -77.324213, 38.701502 ], [ -77.324705, 38.701544 ], [ -77.325085, 38.701609 ], [ -77.325378, 38.701688 ], [ -77.325862, 38.701882 ], [ -77.326141, 38.702046 ], [ -77.326409, 38.702278 ], [ -77.326638, 38.702534 ], [ -77.326814, 38.702787 ], [ -77.326963, 38.703104 ], [ -77.32704, 38.703368 ], [ -77.327053, 38.703611 ], [ -77.327038, 38.703756 ], [ -77.326952, 38.70404 ], [ -77.326908, 38.704131 ], [ -77.326828, 38.704263 ], [ -77.326567, 38.704608 ], [ -77.326366, 38.704823 ], [ -77.32543, 38.706046 ], [ -77.325027, 38.70654 ], [ -77.324862, 38.706743 ], [ -77.323911, 38.707751 ], [ -77.323521, 38.708057 ], [ -77.322827, 38.708443 ], [ -77.321833, 38.708919 ], [ -77.321014, 38.709235 ], [ -77.320686, 38.709326 ], [ -77.320492, 38.709411 ], [ -77.320363, 38.7095 ], [ -77.32027, 38.709596 ], [ -77.320199, 38.709711 ], [ -77.320157, 38.709833 ], [ -77.320146, 38.710012 ], [ -77.320168, 38.710373 ], [ -77.320233, 38.710842 ], [ -77.320329, 38.711094 ], [ -77.320505, 38.711429 ], [ -77.320808, 38.711807 ], [ -77.321025, 38.711972 ], [ -77.321217, 38.712084 ], [ -77.321461, 38.712202 ], [ -77.321752, 38.712291 ], [ -77.322446, 38.712458 ], [ -77.323345, 38.712577 ], [ -77.323696, 38.712617 ], [ -77.324409, 38.712648 ], [ -77.325015, 38.712624 ], [ -77.325521, 38.712571 ], [ -77.325949, 38.712479 ], [ -77.326359, 38.712358 ], [ -77.327136, 38.712097 ], [ -77.328217, 38.71168 ], [ -77.328883, 38.711401 ], [ -77.32938, 38.711257 ], [ -77.329865, 38.711176 ], [ -77.33043, 38.711139 ], [ -77.330653, 38.711136 ], [ -77.330829, 38.711153 ], [ -77.331272, 38.711217 ], [ -77.331638, 38.7113 ], [ -77.332011, 38.711444 ], [ -77.332237, 38.711575 ], [ -77.332414, 38.71171 ], [ -77.332498, 38.711794 ], [ -77.332702, 38.712067 ], [ -77.332797, 38.712218 ], [ -77.332906, 38.712486 ], [ -77.332964, 38.712791 ], [ -77.332956, 38.712956 ], [ -77.332875, 38.71344 ], [ -77.332768, 38.713817 ], [ -77.332723, 38.714228 ], [ -77.332522, 38.715487 ], [ -77.332388, 38.716001 ], [ -77.332296, 38.716525 ], [ -77.332246, 38.716802 ], [ -77.332195, 38.717414 ], [ -77.332197, 38.717564 ], [ -77.332269, 38.717835 ], [ -77.332356, 38.718006 ], [ -77.332459, 38.718151 ], [ -77.332614, 38.718313 ], [ -77.332826, 38.718472 ], [ -77.33332, 38.718757 ], [ -77.333788, 38.719005 ], [ -77.33453, 38.719231 ], [ -77.335378, 38.719453 ], [ -77.335912, 38.71956 ], [ -77.337114, 38.719764 ], [ -77.337568, 38.719813 ], [ -77.338199, 38.719855 ], [ -77.339923, 38.719863 ], [ -77.340744, 38.719899 ], [ -77.341107, 38.719928 ], [ -77.341465, 38.719982 ], [ -77.341903, 38.720084 ], [ -77.342241, 38.720193 ], [ -77.343082, 38.720506 ], [ -77.34393, 38.720897 ], [ -77.344228, 38.721008 ], [ -77.344538, 38.721095 ], [ -77.344938, 38.72117 ], [ -77.345265, 38.721203 ], [ -77.345594, 38.72121 ], [ -77.346717, 38.721107 ], [ -77.347204, 38.7211 ], [ -77.347852, 38.721112 ], [ -77.348498, 38.721149 ], [ -77.349302, 38.721231 ], [ -77.350189, 38.721368 ], [ -77.350676, 38.721479 ], [ -77.351239, 38.721661 ], [ -77.351598, 38.721811 ], [ -77.35194, 38.721983 ], [ -77.352344, 38.722226 ], [ -77.352638, 38.722444 ], [ -77.353048, 38.72281 ], [ -77.353581, 38.723462 ], [ -77.353918, 38.723816 ], [ -77.354967, 38.724803 ], [ -77.355155, 38.724964 ], [ -77.355542, 38.725239 ], [ -77.355762, 38.725373 ], [ -77.356016, 38.725461 ], [ -77.356276, 38.7255 ], [ -77.356429, 38.725501 ], [ -77.356562, 38.725483 ], [ -77.356678, 38.725443 ], [ -77.356862, 38.725353 ], [ -77.357659, 38.724936 ], [ -77.357816, 38.724842 ], [ -77.358361, 38.724432 ], [ -77.359123, 38.723761 ], [ -77.359819, 38.723051 ], [ -77.360161, 38.722609 ], [ -77.360395, 38.722262 ], [ -77.360757, 38.721669 ], [ -77.361301, 38.720683 ], [ -77.361657, 38.71993 ], [ -77.361776, 38.719594 ], [ -77.36231, 38.718313 ], [ -77.36245, 38.717754 ], [ -77.362622, 38.717189 ], [ -77.362781, 38.71658 ], [ -77.363057, 38.715911 ], [ -77.363157, 38.715717 ], [ -77.363326, 38.715503 ], [ -77.363494, 38.715363 ], [ -77.363716, 38.715198 ], [ -77.363968, 38.715063 ], [ -77.36446, 38.714862 ], [ -77.364717, 38.714784 ], [ -77.365972, 38.714519 ], [ -77.366425, 38.714392 ], [ -77.366637, 38.714306 ], [ -77.367091, 38.714083 ], [ -77.367325, 38.713914 ], [ -77.367472, 38.71378 ], [ -77.367814, 38.713348 ], [ -77.367947, 38.713031 ], [ -77.368043, 38.712609 ], [ -77.368092, 38.711828 ], [ -77.368194, 38.71143 ], [ -77.36829, 38.711197 ], [ -77.36849, 38.710852 ], [ -77.368587, 38.71074 ], [ -77.368802, 38.710545 ], [ -77.368946, 38.710454 ], [ -77.369093, 38.71038 ], [ -77.369263, 38.710326 ], [ -77.369465, 38.710283 ], [ -77.369871, 38.710243 ], [ -77.370035, 38.71024 ], [ -77.370307, 38.710275 ], [ -77.37083, 38.71046 ], [ -77.372107, 38.710975 ], [ -77.373387, 38.711614 ], [ -77.373917, 38.711931 ], [ -77.374341, 38.712299 ], [ -77.37533, 38.713311 ], [ -77.37584, 38.713861 ], [ -77.37721, 38.715485 ], [ -77.378618, 38.717311 ], [ -77.379052, 38.717948 ], [ -77.379393, 38.718538 ], [ -77.37969, 38.719146 ], [ -77.379983, 38.719893 ], [ -77.38014, 38.7204 ], [ -77.380374, 38.721367 ], [ -77.380491, 38.722063 ], [ -77.380526, 38.722537 ], [ -77.381086, 38.722694 ], [ -77.381867, 38.722481 ], [ -77.382748, 38.721853 ], [ -77.383387, 38.721622 ], [ -77.383888, 38.721385 ], [ -77.384401, 38.721424 ], [ -77.386403, 38.723115 ], [ -77.387321, 38.724621 ], [ -77.386863, 38.726384 ], [ -77.386182, 38.728403 ], [ -77.386871, 38.730552 ], [ -77.387576, 38.731247 ], [ -77.389088, 38.731379 ], [ -77.391325, 38.731002 ], [ -77.392081, 38.730145 ], [ -77.394875, 38.726723 ], [ -77.395827, 38.721527 ], [ -77.395911, 38.721069 ], [ -77.393684, 38.719572 ], [ -77.393605, 38.717982 ], [ -77.39373, 38.715661 ], [ -77.39389, 38.715331 ], [ -77.394814, 38.71484 ], [ -77.397351, 38.713929 ], [ -77.398381, 38.713708 ], [ -77.399484, 38.713865 ], [ -77.399715, 38.71414 ], [ -77.399917, 38.715418 ], [ -77.399633, 38.717199 ], [ -77.400103, 38.718629 ], [ -77.40064, 38.719937 ], [ -77.401856, 38.721116 ], [ -77.402888, 38.721615 ], [ -77.40384, 38.721379 ], [ -77.404616, 38.720815 ], [ -77.405481, 38.719768 ], [ -77.406538, 38.718172 ], [ -77.407592, 38.716014 ], [ -77.408965, 38.714723 ], [ -77.409457, 38.712277 ], [ -77.409875, 38.711139 ], [ -77.410068, 38.710242 ], [ -77.410151, 38.710049 ], [ -77.410509, 38.708313 ], [ -77.410971, 38.708138 ], [ -77.411494, 38.708138 ], [ -77.411814, 38.708249 ], [ -77.413068, 38.70906 ], [ -77.414507, 38.710497 ], [ -77.414791, 38.711098 ], [ -77.414903, 38.711699 ], [ -77.41494, 38.712207 ], [ -77.415141, 38.712581 ], [ -77.416049, 38.712866 ], [ -77.416237, 38.712805 ], [ -77.419729, 38.712639 ], [ -77.419738, 38.712401 ], [ -77.419886, 38.712244 ], [ -77.41993, 38.712002 ], [ -77.419827, 38.711276 ], [ -77.419547, 38.710827 ], [ -77.419422, 38.710711 ], [ -77.418958, 38.710464 ], [ -77.418111, 38.709945 ], [ -77.417573, 38.709509 ], [ -77.417471, 38.709426 ], [ -77.416823, 38.708735 ], [ -77.415954, 38.707905 ], [ -77.415578, 38.707386 ], [ -77.415166, 38.706389 ], [ -77.415129, 38.706084 ], [ -77.41521, 38.705755 ], [ -77.415409, 38.705611 ], [ -77.415644, 38.705553 ], [ -77.416351, 38.705432 ], [ -77.417287, 38.7053 ], [ -77.417596, 38.705202 ], [ -77.417846, 38.705064 ], [ -77.422099, 38.703946 ], [ -77.42232, 38.703886 ], [ -77.423069, 38.703887 ], [ -77.424371, 38.704233 ], [ -77.425584, 38.704671 ], [ -77.427315, 38.704984 ], [ -77.428298, 38.705343 ], [ -77.428842, 38.705636 ], [ -77.429216, 38.70581 ], [ -77.429505, 38.705913 ], [ -77.430034, 38.705946 ], [ -77.430927, 38.705718 ], [ -77.43132, 38.705691 ], [ -77.431927, 38.704957 ], [ -77.432058, 38.70457 ], [ -77.432167, 38.704091 ], [ -77.432197, 38.703743 ], [ -77.432145, 38.703035 ], [ -77.432378, 38.702679 ], [ -77.432672, 38.702482 ], [ -77.432856, 38.702399 ], [ -77.43306, 38.702376 ], [ -77.433357, 38.702399 ], [ -77.433865, 38.702709 ], [ -77.434304, 38.703264 ], [ -77.434965, 38.703975 ], [ -77.435279, 38.704236 ], [ -77.435966, 38.704697 ], [ -77.436515, 38.704928 ], [ -77.437032, 38.705122 ], [ -77.437556, 38.70523 ], [ -77.43836, 38.705343 ], [ -77.440075, 38.705732 ], [ -77.441292, 38.705962 ], [ -77.442227, 38.705916 ], [ -77.44277, 38.705875 ], [ -77.443946, 38.70585 ], [ -77.446202, 38.705465 ], [ -77.446166, 38.705419 ], [ -77.446401, 38.705377 ], [ -77.447855, 38.705115 ], [ -77.449283, 38.70464 ], [ -77.450468, 38.703237 ], [ -77.449893, 38.70198 ], [ -77.447251, 38.700563 ], [ -77.44546, 38.700249 ], [ -77.444813, 38.69956 ], [ -77.445111, 38.698653 ], [ -77.446178, 38.697862 ], [ -77.448955, 38.697913 ], [ -77.453009, 38.698839 ], [ -77.455163, 38.69786 ], [ -77.455143, 38.697664 ], [ -77.455015, 38.696408 ], [ -77.455876, 38.695763 ], [ -77.456509, 38.695823 ], [ -77.458773, 38.696038 ], [ -77.459979, 38.695858 ], [ -77.460021, 38.695671 ], [ -77.460182, 38.695579 ], [ -77.460299, 38.695394 ], [ -77.459904, 38.695156 ], [ -77.459774, 38.694978 ], [ -77.458665, 38.69454 ], [ -77.458305, 38.693631 ], [ -77.45821, 38.692919 ], [ -77.458711, 38.692386 ], [ -77.459781, 38.691908 ], [ -77.460664, 38.691815 ], [ -77.460877, 38.691792 ], [ -77.461769, 38.692262 ], [ -77.463119, 38.692607 ], [ -77.464841, 38.692933 ], [ -77.465272, 38.692841 ], [ -77.465694, 38.692481 ], [ -77.465653, 38.691911 ], [ -77.464725, 38.690793 ], [ -77.464109, 38.689859 ], [ -77.462988, 38.688161 ], [ -77.46269, 38.687854 ], [ -77.462757, 38.687561 ], [ -77.463307, 38.687259 ], [ -77.463953, 38.686872 ], [ -77.465211, 38.686378 ], [ -77.465855, 38.685958 ], [ -77.46615, 38.685656 ], [ -77.466282, 38.685521 ], [ -77.466879, 38.685168 ], [ -77.466711, 38.684765 ], [ -77.466624, 38.684464 ], [ -77.466552, 38.684406 ], [ -77.466316, 38.684279 ], [ -77.466055, 38.684229 ], [ -77.465628, 38.684244 ], [ -77.464669, 38.684072 ], [ -77.464382, 38.684083 ], [ -77.46373, 38.684251 ], [ -77.463415, 38.684269 ], [ -77.463042, 38.684232 ], [ -77.462793, 38.684117 ], [ -77.462712, 38.684009 ], [ -77.462703, 38.683734 ], [ -77.462952, 38.682823 ], [ -77.462953, 38.68246 ], [ -77.462851, 38.682144 ], [ -77.462858, 38.68194 ], [ -77.462238, 38.681432 ], [ -77.46216, 38.681395 ], [ -77.461893, 38.681368 ], [ -77.461747, 38.681404 ], [ -77.461557, 38.681578 ], [ -77.461411, 38.681619 ], [ -77.461382, 38.681593 ], [ -77.461391, 38.681455 ], [ -77.461504, 38.681068 ], [ -77.461392, 38.680867 ], [ -77.461383, 38.680593 ], [ -77.461148, 38.680504 ], [ -77.461063, 38.680259 ], [ -77.460969, 38.680179 ], [ -77.459556, 38.679643 ], [ -77.45849, 38.679193 ], [ -77.457848, 38.679058 ], [ -77.457613, 38.678959 ], [ -77.457469, 38.678852 ], [ -77.45738, 38.678705 ], [ -77.457321, 38.678196 ], [ -77.457266, 38.678027 ], [ -77.457126, 38.677826 ], [ -77.456923, 38.677627 ], [ -77.456804, 38.677443 ], [ -77.457001, 38.677241 ], [ -77.457079, 38.677069 ], [ -77.457018, 38.676933 ], [ -77.456843, 38.676728 ], [ -77.456799, 38.676466 ], [ -77.456531, 38.676427 ], [ -77.454957, 38.676702 ], [ -77.454395, 38.676868 ], [ -77.454284, 38.676875 ], [ -77.454191, 38.676844 ], [ -77.454081, 38.676698 ], [ -77.454177, 38.675801 ], [ -77.454229, 38.675701 ], [ -77.45454, 38.675365 ], [ -77.454752, 38.674993 ], [ -77.454793, 38.674761 ], [ -77.454799, 38.674327 ], [ -77.454881, 38.674056 ], [ -77.454949, 38.673989 ], [ -77.455294, 38.673855 ], [ -77.455956, 38.673743 ], [ -77.456246, 38.673621 ], [ -77.456413, 38.673365 ], [ -77.45645, 38.673029 ], [ -77.456558, 38.672703 ], [ -77.45681, 38.67228 ], [ -77.456822, 38.672016 ], [ -77.456973, 38.67177 ], [ -77.457138, 38.671438 ], [ -77.457187, 38.671234 ], [ -77.457394, 38.670939 ], [ -77.457626, 38.670742 ], [ -77.45806, 38.670535 ], [ -77.458346, 38.670282 ], [ -77.458417, 38.670115 ], [ -77.458418, 38.669929 ], [ -77.458273, 38.669586 ], [ -77.458262, 38.66947 ], [ -77.458313, 38.669321 ], [ -77.458307, 38.669156 ], [ -77.4582, 38.668895 ], [ -77.458171, 38.668643 ], [ -77.458243, 38.66851 ], [ -77.458666, 38.668177 ], [ -77.458743, 38.667961 ], [ -77.45873, 38.667384 ], [ -77.458801, 38.667207 ], [ -77.458958, 38.667083 ], [ -77.45895, 38.666858 ], [ -77.459025, 38.666593 ], [ -77.458967, 38.666325 ], [ -77.458978, 38.666237 ], [ -77.459174, 38.665821 ], [ -77.459164, 38.665733 ], [ -77.459026, 38.665599 ], [ -77.459017, 38.665544 ], [ -77.459113, 38.665471 ], [ -77.459122, 38.665344 ], [ -77.458594, 38.664844 ], [ -77.458155, 38.664107 ], [ -77.458108, 38.663954 ], [ -77.458216, 38.66343 ], [ -77.458227, 38.663122 ], [ -77.458324, 38.662895 ], [ -77.458151, 38.662547 ], [ -77.458153, 38.662184 ], [ -77.458026, 38.661956 ], [ -77.458024, 38.661896 ], [ -77.458103, 38.661757 ], [ -77.458085, 38.661647 ], [ -77.457912, 38.661486 ], [ -77.45783, 38.661345 ], [ -77.457819, 38.661236 ], [ -77.457827, 38.661071 ], [ -77.457999, 38.66077 ], [ -77.458021, 38.660594 ], [ -77.458172, 38.660283 ], [ -77.45834, 38.660071 ], [ -77.45834, 38.659884 ], [ -77.458297, 38.659649 ], [ -77.458206, 38.659442 ], [ -77.457984, 38.659304 ], [ -77.457808, 38.659275 ], [ -77.457227, 38.659293 ], [ -77.456869, 38.659267 ], [ -77.456638, 38.659278 ], [ -77.45656, 38.659257 ], [ -77.45648, 38.65916 ], [ -77.456471, 38.659089 ], [ -77.456531, 38.659 ], [ -77.456865, 38.658746 ], [ -77.456931, 38.658629 ], [ -77.456951, 38.657986 ], [ -77.457036, 38.657786 ], [ -77.457138, 38.657707 ], [ -77.457577, 38.657649 ], [ -77.45763, 38.657549 ], [ -77.457402, 38.657021 ], [ -77.457223, 38.656722 ], [ -77.456969, 38.656464 ], [ -77.456713, 38.656332 ], [ -77.456554, 38.656198 ], [ -77.456487, 38.656084 ], [ -77.456244, 38.65615 ], [ -77.456038, 38.656269 ], [ -77.455722, 38.65626 ], [ -77.455411, 38.656156 ], [ -77.454799, 38.655878 ], [ -77.454332, 38.655734 ], [ -77.45419, 38.655704 ], [ -77.453117, 38.655644 ], [ -77.452578, 38.65526 ], [ -77.452221, 38.655059 ], [ -77.451396, 38.654681 ], [ -77.450922, 38.654361 ], [ -77.450309, 38.654044 ], [ -77.449666, 38.653866 ], [ -77.449014, 38.653659 ], [ -77.448621, 38.653629 ], [ -77.448472, 38.653561 ], [ -77.448352, 38.653542 ], [ -77.44817, 38.65354 ], [ -77.447953, 38.65357 ], [ -77.447147, 38.653606 ], [ -77.446759, 38.653554 ], [ -77.445986, 38.65358 ], [ -77.445592, 38.653449 ], [ -77.445313, 38.653239 ], [ -77.445042, 38.652977 ], [ -77.444914, 38.652777 ], [ -77.444256, 38.653601 ], [ -77.444068, 38.653778 ], [ -77.443911, 38.653885 ], [ -77.443651, 38.654007 ], [ -77.443382, 38.654069 ], [ -77.44321, 38.65409 ], [ -77.442897, 38.654085 ], [ -77.442616, 38.654035 ], [ -77.44363, 38.652009 ], [ -77.443804, 38.651554 ], [ -77.443898, 38.651212 ], [ -77.44399, 38.650587 ], [ -77.444048, 38.649752 ], [ -77.44423, 38.647976 ], [ -77.444324, 38.647005 ], [ -77.444267, 38.645916 ], [ -77.444229, 38.645629 ], [ -77.444131, 38.645359 ], [ -77.443791, 38.644693 ], [ -77.4432, 38.643891 ], [ -77.442349, 38.643114 ], [ -77.440111, 38.641639 ], [ -77.438202, 38.640345 ], [ -77.437693, 38.639963 ], [ -77.437044, 38.639544 ], [ -77.434932, 38.638302 ], [ -77.434287, 38.637865 ], [ -77.433755, 38.637536 ], [ -77.433095, 38.637089 ], [ -77.430632, 38.635478 ], [ -77.429945, 38.635058 ], [ -77.429237, 38.634675 ], [ -77.428472, 38.634337 ], [ -77.428919, 38.63391 ], [ -77.429144, 38.633785 ], [ -77.429458, 38.6337 ], [ -77.429733, 38.633677 ], [ -77.43016, 38.633723 ], [ -77.434544, 38.634448 ], [ -77.434849, 38.63452 ], [ -77.435125, 38.634604 ], [ -77.43535, 38.634328 ], [ -77.435524, 38.634147 ], [ -77.43587, 38.633844 ], [ -77.436303, 38.633545 ], [ -77.436535, 38.633412 ], [ -77.436895, 38.633239 ], [ -77.440123, 38.631823 ], [ -77.441512, 38.631273 ], [ -77.441726, 38.631207 ], [ -77.442426, 38.631028 ], [ -77.442812, 38.630957 ], [ -77.44312, 38.630942 ], [ -77.44348, 38.630971 ], [ -77.443882, 38.631048 ], [ -77.444847, 38.631324 ], [ -77.44523, 38.631477 ], [ -77.445661, 38.631709 ], [ -77.446015, 38.631929 ], [ -77.446406, 38.632213 ], [ -77.446545, 38.632285 ], [ -77.446974, 38.632438 ], [ -77.447152, 38.632479 ], [ -77.44741, 38.632513 ], [ -77.448447, 38.632489 ], [ -77.449459, 38.632445 ], [ -77.449926, 38.632393 ], [ -77.450678, 38.632198 ], [ -77.45178, 38.631727 ], [ -77.452047, 38.631659 ], [ -77.452293, 38.631626 ], [ -77.452542, 38.631618 ], [ -77.452895, 38.631634 ], [ -77.454367, 38.631775 ], [ -77.457904, 38.632154 ], [ -77.458191, 38.632154 ], [ -77.458402, 38.632138 ], [ -77.459321, 38.63201 ], [ -77.459506, 38.631996 ], [ -77.460102, 38.631991 ], [ -77.460374, 38.632014 ], [ -77.460647, 38.63205 ], [ -77.463084, 38.632511 ], [ -77.464821, 38.63294 ], [ -77.465137, 38.632948 ], [ -77.465575, 38.633098 ], [ -77.466211, 38.633358 ], [ -77.467713, 38.634116 ], [ -77.468645, 38.634527 ], [ -77.46922, 38.63475 ], [ -77.469905, 38.634987 ], [ -77.470609, 38.635292 ], [ -77.471123, 38.635493 ], [ -77.471645, 38.635682 ], [ -77.472098, 38.6358 ], [ -77.472293, 38.635875 ], [ -77.472658, 38.63606 ], [ -77.472979, 38.636289 ], [ -77.473486, 38.636741 ], [ -77.473881, 38.637148 ], [ -77.47423, 38.637585 ], [ -77.474731, 38.638336 ], [ -77.475051, 38.638668 ], [ -77.475219, 38.638804 ], [ -77.475699, 38.639136 ], [ -77.475962, 38.639295 ], [ -77.476236, 38.639443 ], [ -77.47673, 38.639666 ], [ -77.477013, 38.639736 ], [ -77.477329, 38.63979 ], [ -77.477757, 38.63983 ], [ -77.478242, 38.639832 ], [ -77.478723, 38.639789 ], [ -77.482279, 38.63982 ], [ -77.482873, 38.639824 ], [ -77.483427, 38.639787 ], [ -77.483754, 38.639739 ], [ -77.484287, 38.639616 ], [ -77.484848, 38.639438 ], [ -77.485973, 38.638986 ], [ -77.487133, 38.638485 ], [ -77.487481, 38.638374 ], [ -77.487785, 38.638297 ], [ -77.487999, 38.638261 ], [ -77.488255, 38.638243 ], [ -77.488653, 38.638284 ], [ -77.488906, 38.638333 ], [ -77.489642, 38.638549 ], [ -77.490289, 38.638768 ], [ -77.490562, 38.638887 ], [ -77.490728, 38.638982 ], [ -77.491396, 38.63943 ], [ -77.491989, 38.639768 ], [ -77.492366, 38.639959 ], [ -77.493638, 38.640547 ], [ -77.494298, 38.640805 ], [ -77.497078, 38.642162 ], [ -77.500579, 38.643858 ], [ -77.50078, 38.643937 ], [ -77.50116, 38.644046 ], [ -77.501379, 38.644089 ], [ -77.501735, 38.644129 ], [ -77.50214, 38.644131 ], [ -77.502888, 38.644044 ], [ -77.5033, 38.643972 ], [ -77.504039, 38.643788 ], [ -77.5043, 38.643705 ], [ -77.508276, 38.642172 ], [ -77.508959, 38.641971 ], [ -77.509744, 38.641785 ], [ -77.510365, 38.641672 ], [ -77.510723, 38.641619 ], [ -77.511548, 38.641554 ], [ -77.511643, 38.641546 ], [ -77.511674, 38.641203 ], [ -77.511739, 38.641042 ], [ -77.512221, 38.640224 ], [ -77.512385, 38.639908 ], [ -77.512381, 38.639793 ], [ -77.512452, 38.639418 ], [ -77.51241, 38.638595 ], [ -77.512539, 38.636285 ], [ -77.51268, 38.635513 ], [ -77.512499, 38.634732 ], [ -77.512461, 38.63426 ], [ -77.51249, 38.633891 ], [ -77.512715, 38.632898 ], [ -77.512935, 38.632287 ], [ -77.513816, 38.630562 ], [ -77.51413, 38.629308 ], [ -77.514754, 38.628334 ], [ -77.51527, 38.627488 ], [ -77.515709, 38.627017 ], [ -77.516211, 38.626748 ], [ -77.516935, 38.62643 ], [ -77.517699, 38.626056 ], [ -77.51831, 38.625725 ], [ -77.518728, 38.625255 ], [ -77.519049, 38.625034 ], [ -77.519575, 38.624248 ], [ -77.520333, 38.623715 ], [ -77.520796, 38.623541 ], [ -77.52123, 38.623515 ], [ -77.521645, 38.623583 ], [ -77.521843, 38.62365 ], [ -77.522355, 38.623672 ], [ -77.522861, 38.623716 ], [ -77.523315, 38.6237 ], [ -77.523697, 38.623588 ], [ -77.523978, 38.623417 ], [ -77.524289, 38.623108 ], [ -77.524635, 38.622991 ], [ -77.524977, 38.622956 ], [ -77.525515, 38.622934 ], [ -77.526212, 38.623028 ], [ -77.526748, 38.622945 ], [ -77.527333, 38.62268 ], [ -77.528159, 38.622453 ], [ -77.528533, 38.622419 ], [ -77.529024, 38.622374 ], [ -77.530516, 38.622392 ], [ -77.530738, 38.622332 ], [ -77.53113, 38.622131 ], [ -77.531544, 38.621974 ], [ -77.531711, 38.621728 ], [ -77.531802, 38.62154 ], [ -77.53194, 38.621465 ], [ -77.532441, 38.62131 ], [ -77.533091, 38.621171 ], [ -77.533656, 38.621104 ], [ -77.534054, 38.621074 ], [ -77.534209, 38.621092 ], [ -77.534506, 38.62119 ], [ -77.53523, 38.621658 ], [ -77.535767, 38.621805 ], [ -77.536234, 38.62174 ], [ -77.536891, 38.621506 ], [ -77.537612, 38.620716 ], [ -77.538107, 38.620453 ], [ -77.538507, 38.620291 ], [ -77.538789, 38.620131 ], [ -77.539288, 38.619993 ], [ -77.539993, 38.619929 ], [ -77.540574, 38.619746 ], [ -77.540969, 38.619616 ], [ -77.541603, 38.619328 ], [ -77.54228, 38.619088 ], [ -77.542638, 38.618894 ], [ -77.543233, 38.618914 ], [ -77.543506, 38.618897 ], [ -77.544516, 38.618353 ], [ -77.545241, 38.618074 ], [ -77.545979, 38.617953 ], [ -77.546629, 38.617747 ], [ -77.547357, 38.617539 ], [ -77.54779, 38.617304 ], [ -77.547963, 38.617059 ], [ -77.548036, 38.616749 ], [ -77.54805, 38.616348 ], [ -77.548145, 38.616071 ], [ -77.54833, 38.615947 ], [ -77.54878, 38.615816 ], [ -77.54956, 38.615684 ], [ -77.550644, 38.615473 ], [ -77.551247, 38.615477 ], [ -77.551542, 38.61553 ], [ -77.551872, 38.615545 ], [ -77.552177, 38.615462 ], [ -77.55313, 38.615089 ], [ -77.55336, 38.615109 ], [ -77.553332, 38.615013 ], [ -77.553852, 38.615112 ], [ -77.554052, 38.61524 ], [ -77.554389, 38.61565 ], [ -77.554509, 38.615872 ], [ -77.554634, 38.616051 ], [ -77.554816, 38.616244 ], [ -77.555019, 38.616438 ], [ -77.555444, 38.616764 ], [ -77.555918, 38.617099 ], [ -77.556059, 38.617327 ], [ -77.556121, 38.617507 ], [ -77.556226, 38.617702 ], [ -77.556466, 38.617955 ], [ -77.556566, 38.618013 ], [ -77.557125, 38.618166 ], [ -77.558059, 38.618255 ], [ -77.558889, 38.618363 ], [ -77.559316, 38.618376 ], [ -77.560023, 38.618361 ], [ -77.560624, 38.618331 ], [ -77.561077, 38.618283 ], [ -77.561588, 38.618266 ], [ -77.561805, 38.618267 ], [ -77.562086, 38.61831 ], [ -77.562485, 38.618296 ], [ -77.562299, 38.618371 ], [ -77.562118, 38.618419 ], [ -77.563323, 38.618437 ], [ -77.564035, 38.618558 ], [ -77.56487, 38.618633 ], [ -77.566369, 38.618639000000101 ], [ -77.56734, 38.618782 ], [ -77.56785, 38.618749 ], [ -77.568344, 38.618656 ], [ -77.568846, 38.618617 ], [ -77.569072, 38.618678 ], [ -77.569301, 38.618811 ], [ -77.569433, 38.618962 ], [ -77.56961, 38.619221 ], [ -77.569749, 38.619388 ], [ -77.569929, 38.619538 ], [ -77.570093, 38.619612 ], [ -77.570676, 38.619665 ], [ -77.570874, 38.619726 ], [ -77.571292, 38.620069 ], [ -77.571326, 38.620216 ], [ -77.571329, 38.62032 ], [ -77.571292, 38.620437 ], [ -77.571183, 38.620532 ], [ -77.570826, 38.620743 ], [ -77.570645, 38.620951 ], [ -77.570603, 38.621138 ], [ -77.570651, 38.621318 ], [ -77.570768, 38.62147 ], [ -77.57145, 38.62174 ], [ -77.571833, 38.621869 ], [ -77.572072, 38.622084 ], [ -77.572119, 38.622231 ], [ -77.57213, 38.622335 ], [ -77.572115, 38.622522 ], [ -77.572, 38.623024 ], [ -77.572049, 38.623205 ], [ -77.572207, 38.623514 ], [ -77.572739, 38.624293 ], [ -77.57281, 38.624517 ], [ -77.572815, 38.624671 ], [ -77.572759, 38.62487 ], [ -77.572523, 38.625116 ], [ -77.572298, 38.625286 ], [ -77.572257, 38.625705 ], [ -77.572417, 38.626069 ], [ -77.572641, 38.626454 ], [ -77.572877, 38.626913 ], [ -77.57313, 38.627196 ], [ -77.573493, 38.627364 ], [ -77.574057, 38.627488 ], [ -77.574614, 38.627575 ], [ -77.575622, 38.62758 ], [ -77.575945, 38.627612 ], [ -77.577189, 38.627529 ], [ -77.577874, 38.627514 ], [ -77.57909, 38.627636 ], [ -77.579484, 38.627653 ], [ -77.579428, 38.627566 ], [ -77.57596, 38.62234 ], [ -77.570139, 38.613559 ], [ -77.566679, 38.608341 ], [ -77.561824, 38.601018 ], [ -77.559411, 38.597374 ], [ -77.551546, 38.585504 ], [ -77.544961, 38.57556 ], [ -77.535964, 38.561971 ], [ -77.532822, 38.557224 ], [ -77.531328, 38.55655 ], [ -77.560819, 38.5271 ], [ -77.560869, 38.527059 ], [ -77.565359, 38.523362 ], [ -77.571119, 38.518612 ], [ -77.571747, 38.518095 ], [ -77.576185, 38.514436 ], [ -77.579187, 38.511963 ], [ -77.581088, 38.510392 ], [ -77.582947, 38.508859 ], [ -77.588783, 38.504044 ], [ -77.594177, 38.499593 ], [ -77.595246, 38.498711 ], [ -77.596093, 38.498013 ], [ -77.599188, 38.49546 ], [ -77.602129, 38.493034 ], [ -77.606329, 38.489568 ], [ -77.623933, 38.475044 ], [ -77.625621, 38.475245 ], [ -77.626153, 38.475433 ], [ -77.626666, 38.473883 ], [ -77.628106, 38.469538 ], [ -77.63152, 38.470302 ], [ -77.632345, 38.469615 ], [ -77.632523, 38.469289 ], [ -77.632842, 38.468822 ], [ -77.632855, 38.468656 ], [ -77.632486, 38.467945 ], [ -77.63255, 38.467578 ], [ -77.632294, 38.467238 ], [ -77.632777, 38.466912 ], [ -77.633355, 38.467162 ], [ -77.633837, 38.466892 ], [ -77.633909, 38.466805 ], [ -77.633895, 38.466589 ], [ -77.633936, 38.466504 ], [ -77.634117, 38.466373 ], [ -77.634154, 38.4663 ], [ -77.634146, 38.466167 ], [ -77.634186, 38.466045 ], [ -77.634122, 38.465909 ], [ -77.634102, 38.465745 ], [ -77.63414, 38.465677 ], [ -77.63413, 38.465432 ], [ -77.634183, 38.464827 ], [ -77.63428, 38.464648 ], [ -77.634309, 38.464559 ], [ -77.634287, 38.464167 ], [ -77.633884, 38.46358 ], [ -77.633615, 38.463273 ], [ -77.632891, 38.463241 ], [ -77.632446, 38.463125 ], [ -77.63194, 38.46253 ], [ -77.632099, 38.462162 ], [ -77.632417, 38.461873 ], [ -77.632766, 38.461775 ], [ -77.633099, 38.461765 ], [ -77.633679, 38.461499 ], [ -77.633979, 38.461283 ], [ -77.633836, 38.461034 ], [ -77.633763, 38.460867 ], [ -77.633315, 38.460534 ], [ -77.633017, 38.46041 ], [ -77.632256, 38.460355 ], [ -77.631422, 38.459549 ], [ -77.631327, 38.459289 ], [ -77.631431, 38.458881 ], [ -77.631327, 38.45839 ], [ -77.631843, 38.457184 ], [ -77.631886, 38.456962 ], [ -77.631854, 38.45654 ], [ -77.631958, 38.456096 ], [ -77.631958, 38.456042 ], [ -77.63189, 38.455826 ], [ -77.631824, 38.455738 ], [ -77.631734, 38.455656 ], [ -77.631537, 38.455527 ], [ -77.631349, 38.455318 ], [ -77.631188, 38.454937 ], [ -77.631067, 38.454698 ], [ -77.631018, 38.454636 ], [ -77.630932, 38.454572 ], [ -77.630783, 38.454504 ], [ -77.630436, 38.454458 ], [ -77.630343, 38.454395 ], [ -77.63032, 38.454311 ], [ -77.630336, 38.454186 ], [ -77.630319, 38.454105 ], [ -77.630149, 38.453971 ], [ -77.630151, 38.453807 ], [ -77.630126, 38.453689 ], [ -77.63005, 38.453557 ], [ -77.629894, 38.45335 ], [ -77.629761, 38.453251 ], [ -77.629565, 38.453145 ], [ -77.629512, 38.453082 ], [ -77.62941, 38.452864 ], [ -77.629363, 38.452806 ], [ -77.629029, 38.452556 ], [ -77.628792, 38.452353 ], [ -77.628727, 38.452277 ], [ -77.628551, 38.452072 ], [ -77.628529, 38.451976 ], [ -77.628569, 38.451864 ], [ -77.628765, 38.45174 ], [ -77.62882, 38.451679 ], [ -77.628887, 38.451499 ], [ -77.628891, 38.451428 ], [ -77.628806, 38.45121 ], [ -77.628603, 38.450981 ], [ -77.628535, 38.450862 ], [ -77.628431, 38.450503 ], [ -77.628219, 38.450065 ], [ -77.628206, 38.449963 ], [ -77.628229, 38.449852 ], [ -77.628285, 38.449806 ], [ -77.62833, 38.44979 ], [ -77.628448, 38.449789 ], [ -77.628605, 38.449865 ], [ -77.628691, 38.449876 ], [ -77.628864, 38.449815 ], [ -77.629041, 38.449784 ], [ -77.629177, 38.449711 ], [ -77.6293, 38.449584 ], [ -77.62938, 38.449529 ], [ -77.629598, 38.449438 ], [ -77.629859, 38.44937 ], [ -77.629987, 38.449322 ], [ -77.630096, 38.449242 ], [ -77.630169, 38.449057 ], [ -77.630185, 38.448429 ], [ -77.630291, 38.447922 ], [ -77.630196, 38.447308 ], [ -77.630117, 38.447212 ], [ -77.629896, 38.44706 ], [ -77.629802, 38.446952 ], [ -77.629761, 38.446842 ], [ -77.629748, 38.446492 ], [ -77.629788, 38.446379 ], [ -77.629833, 38.446327 ], [ -77.630105, 38.446119 ], [ -77.630521, 38.445801 ], [ -77.630734, 38.445568 ], [ -77.630857, 38.445474 ], [ -77.631011, 38.445385 ], [ -77.631118, 38.445357 ], [ -77.631366, 38.445334 ], [ -77.631602, 38.445335 ], [ -77.631948, 38.445453 ], [ -77.632149, 38.44548 ], [ -77.632477, 38.445482 ], [ -77.632701, 38.445441 ], [ -77.632923, 38.44534 ], [ -77.632976, 38.445331 ], [ -77.633335, 38.44535 ], [ -77.633788, 38.445328 ], [ -77.634007, 38.445242 ], [ -77.634069, 38.445186 ], [ -77.634079, 38.445019 ], [ -77.634041, 38.444909 ], [ -77.633876, 38.444741 ], [ -77.633852, 38.444688 ], [ -77.633742, 38.44408 ], [ -77.633785, 38.443869 ], [ -77.633881, 38.44369 ], [ -77.633913, 38.44357 ], [ -77.633928, 38.44322 ], [ -77.633977, 38.44289 ], [ -77.634054, 38.442723 ], [ -77.634043, 38.442559 ], [ -77.634088, 38.442281 ], [ -77.634072, 38.442234 ], [ -77.633934, 38.442103 ], [ -77.633653, 38.441966 ], [ -77.633465, 38.441906 ], [ -77.63321, 38.441771 ], [ -77.632727, 38.44141 ], [ -77.632014, 38.44106 ], [ -77.631901, 38.440996 ], [ -77.63181, 38.440921 ], [ -77.631771, 38.440866 ], [ -77.631765, 38.440769 ], [ -77.631784, 38.440677 ], [ -77.631872, 38.440471 ], [ -77.631856, 38.440326 ], [ -77.631774, 38.4402 ], [ -77.631585, 38.44006 ], [ -77.631464, 38.439937 ], [ -77.631014, 38.439676 ], [ -77.630868, 38.439633 ], [ -77.63053, 38.43957 ], [ -77.630181, 38.439457 ], [ -77.63005, 38.439377 ], [ -77.629792, 38.439168 ], [ -77.629651, 38.439074 ], [ -77.629294, 38.438877 ], [ -77.629119, 38.438831 ], [ -77.629023, 38.438781 ], [ -77.628872, 38.438583 ], [ -77.628828, 38.438417 ], [ -77.628918, 38.437893 ], [ -77.628888, 38.437709 ], [ -77.62886, 38.437648 ], [ -77.628889, 38.437533 ], [ -77.628886, 38.437312 ], [ -77.628811, 38.4371 ], [ -77.628947, 38.436494 ], [ -77.628874, 38.435812 ], [ -77.628972, 38.43551 ], [ -77.628993, 38.435329 ], [ -77.629042, 38.435137 ], [ -77.628909, 38.434816 ], [ -77.628825, 38.434723 ], [ -77.628623, 38.434571 ], [ -77.628445, 38.434297 ], [ -77.628352, 38.434055 ], [ -77.62826, 38.433674 ], [ -77.628189, 38.433544 ], [ -77.628256, 38.433328 ], [ -77.628294, 38.433291 ], [ -77.628537, 38.433152 ], [ -77.62866, 38.433057 ], [ -77.628747, 38.432923 ], [ -77.628772, 38.432849 ], [ -77.628761, 38.432694 ], [ -77.628691, 38.432585 ], [ -77.628579, 38.432453 ], [ -77.628428, 38.432342 ], [ -77.628382, 38.432274 ], [ -77.6284, 38.432152 ], [ -77.628578, 38.431902 ], [ -77.628665, 38.431745 ], [ -77.628715, 38.431571 ], [ -77.62874, 38.431332 ], [ -77.628734, 38.431214 ], [ -77.628651, 38.431015 ], [ -77.628612, 38.430933 ], [ -77.628589, 38.430816 ], [ -77.628627, 38.430701 ], [ -77.628852, 38.430413 ], [ -77.628989, 38.430343 ], [ -77.629022, 38.430325 ], [ -77.629224, 38.430252 ], [ -77.629329, 38.430214 ], [ -77.629994, 38.430114 ], [ -77.630244, 38.429954 ], [ -77.630387, 38.429822 ], [ -77.630695, 38.42943 ], [ -77.630913, 38.429115 ], [ -77.63119, 38.428911 ], [ -77.631491, 38.428621 ], [ -77.63163, 38.428274 ], [ -77.631289, 38.428118 ], [ -77.630884, 38.427735 ], [ -77.630724, 38.427044 ], [ -77.630984, 38.426857 ], [ -77.630746, 38.426645 ], [ -77.630752, 38.426402 ], [ -77.631093, 38.425973 ], [ -77.630674, 38.425226 ], [ -77.630585, 38.424742 ], [ -77.630741, 38.424225 ], [ -77.630509, 38.423786 ], [ -77.630028, 38.423237 ], [ -77.629755, 38.422735 ], [ -77.629747, 38.422668 ], [ -77.629784, 38.422429 ], [ -77.630047, 38.421893 ], [ -77.630073, 38.421797 ], [ -77.6301, 38.421523 ], [ -77.630164, 38.421301 ], [ -77.630281, 38.421108 ], [ -77.630432, 38.420918 ], [ -77.630718, 38.420613 ], [ -77.631041, 38.420416 ], [ -77.631917, 38.420283 ], [ -77.632133, 38.420235 ], [ -77.632357, 38.420153 ], [ -77.632815, 38.419954 ], [ -77.633111, 38.419853 ], [ -77.633192, 38.419842 ], [ -77.633478, 38.419848 ], [ -77.633675, 38.419812 ], [ -77.633848, 38.419731 ], [ -77.633989, 38.419617 ], [ -77.634199, 38.419315 ], [ -77.634259, 38.419158 ], [ -77.634352, 38.418713 ], [ -77.634491, 38.418388 ], [ -77.634517, 38.418229 ], [ -77.634523, 38.418049 ], [ -77.634488, 38.4179 ], [ -77.634243, 38.417178 ], [ -77.634174, 38.416749 ], [ -77.634194, 38.416603 ], [ -77.634217, 38.416553 ], [ -77.634313, 38.416449 ], [ -77.634551, 38.416279 ], [ -77.634769, 38.416169 ], [ -77.634881, 38.41607 ], [ -77.635107, 38.415682 ], [ -77.635153, 38.415462 ], [ -77.635222, 38.415298 ], [ -77.635231, 38.415217 ], [ -77.635215, 38.415158 ], [ -77.635128, 38.415005 ], [ -77.634516, 38.414598 ], [ -77.634313, 38.414317 ], [ -77.634234, 38.414046 ], [ -77.634308, 38.413627 ], [ -77.634278, 38.413427 ], [ -77.634187, 38.413214 ], [ -77.63415, 38.412987 ], [ -77.634101, 38.41285 ], [ -77.634025, 38.412685 ], [ -77.633864, 38.41241 ], [ -77.633809, 38.412273 ], [ -77.633881, 38.412053 ], [ -77.633943, 38.41197 ], [ -77.634529, 38.411329 ], [ -77.634654, 38.411148 ], [ -77.634757, 38.410932 ], [ -77.634917, 38.41032 ], [ -77.634916, 38.410226 ], [ -77.63494, 38.410218 ], [ -77.634902, 38.409991 ], [ -77.634877, 38.40996 ], [ -77.634677, 38.410002 ], [ -77.634232, 38.410028 ], [ -77.63382, 38.409883 ], [ -77.632803, 38.409023 ], [ -77.632517, 38.407637 ], [ -77.632438, 38.40737 ], [ -77.632516, 38.406961 ], [ -77.632562, 38.406894 ], [ -77.632649, 38.406593 ], [ -77.632909, 38.405923 ], [ -77.633092, 38.405199 ], [ -77.633205, 38.404995 ], [ -77.633468, 38.404285 ], [ -77.63401, 38.402027 ], [ -77.63401, 38.401627 ], [ -77.633934, 38.400679 ], [ -77.634123, 38.399273 ], [ -77.634009, 38.398752 ], [ -77.633838, 38.398438 ], [ -77.633621, 38.398151 ], [ -77.633093, 38.397761 ], [ -77.632504, 38.397178 ], [ -77.632471, 38.397055 ], [ -77.632395, 38.396984 ], [ -77.63231, 38.396727 ], [ -77.63251, 38.396527 ], [ -77.63261, 38.396327 ], [ -77.63281, 38.396127 ], [ -77.632949, 38.395849 ], [ -77.632979, 38.395375 ], [ -77.633093, 38.394965 ], [ -77.633101, 38.394537 ], [ -77.633065, 38.393737 ], [ -77.632644, 38.393006 ], [ -77.632119, 38.392777 ], [ -77.626964, 38.391742 ], [ -77.625398, 38.391025 ], [ -77.624126, 38.390782 ], [ -77.623382, 38.390515 ], [ -77.62242, 38.389615 ], [ -77.621768, 38.388909 ], [ -77.621458, 38.388107 ], [ -77.621365, 38.387377 ], [ -77.621148, 38.386477 ], [ -77.620868, 38.385675 ], [ -77.620744, 38.384994 ], [ -77.620868, 38.383948 ], [ -77.621011, 38.383072 ], [ -77.621055, 38.382026 ], [ -77.62121, 38.38137 ], [ -77.62121, 38.380713 ], [ -77.620775, 38.379594 ], [ -77.620279, 38.378816 ], [ -77.619627, 38.37811 ], [ -77.619162, 38.377381 ], [ -77.619069, 38.376773 ], [ -77.619069, 38.375921 ], [ -77.618941, 38.375158 ], [ -77.61891, 38.375127 ], [ -77.61896, 38.375085 ], [ -77.619671, 38.373431 ], [ -77.619119, 38.371139 ], [ -77.61911, 38.370438 ], [ -77.61921, 38.36974 ], [ -77.619294, 38.369412 ], [ -77.619121, 38.368696 ], [ -77.618819, 38.368189 ], [ -77.618727, 38.367835 ], [ -77.619174, 38.367935 ], [ -77.619293, 38.367962 ], [ -77.619475, 38.368002 ], [ -77.620702, 38.368053 ], [ -77.621632, 38.36815 ], [ -77.622857, 38.368452 ], [ -77.623077, 38.368465 ], [ -77.623195, 38.368428 ], [ -77.624231, 38.368425 ], [ -77.624516, 38.368364 ], [ -77.624879, 38.368419 ], [ -77.624987, 38.368363 ], [ -77.625395, 38.368425 ], [ -77.625977, 38.368731 ], [ -77.626558, 38.368855 ], [ -77.626793, 38.368854 ], [ -77.627246, 38.368741 ], [ -77.628357, 38.368072 ], [ -77.628573, 38.367778 ], [ -77.628653, 38.367463 ], [ -77.62914, 38.366845 ], [ -77.629428, 38.366634 ], [ -77.629644, 38.36634 ], [ -77.629823, 38.365821 ], [ -77.630021, 38.365597 ], [ -77.630238, 38.365484 ], [ -77.630661, 38.36493 ], [ -77.630885, 38.364418 ], [ -77.630993, 38.364362 ], [ -77.631135, 38.363619 ], [ -77.631422, 38.363045 ], [ -77.63215, 38.362027 ], [ -77.632446, 38.361418 ], [ -77.632815, 38.360892 ], [ -77.632923, 38.360835 ], [ -77.633094, 38.360534 ], [ -77.633418, 38.360183 ], [ -77.634087, 38.359775 ], [ -77.634964, 38.359471 ], [ -77.635191, 38.359505 ], [ -77.635571, 38.359308 ], [ -77.636078, 38.359348 ], [ -77.636295, 38.359236 ], [ -77.636694, 38.35915 ], [ -77.637102, 38.359212 ], [ -77.637319, 38.359099 ], [ -77.637717, 38.359014 ], [ -77.637989, 38.359055 ], [ -77.63826, 38.358914 ], [ -77.63855, 38.358885 ], [ -77.639502, 38.359029 ], [ -77.639848, 38.359154 ], [ -77.640084, 38.359335 ], [ -77.640356, 38.359377 ], [ -77.640539, 38.359586 ], [ -77.641175, 38.359864 ], [ -77.64153, 38.360136 ], [ -77.641847, 38.360184 ], [ -77.641993, 38.360351 ], [ -77.642847, 38.360698 ], [ -77.643156, 38.360963 ], [ -77.643474, 38.361011 ], [ -77.643729, 38.361304 ], [ -77.643856, 38.36136 ], [ -77.644167, 38.361807 ], [ -77.644411, 38.362445 ], [ -77.644507, 38.362694 ], [ -77.644501, 38.363275 ], [ -77.644584, 38.363506 ], [ -77.644522, 38.363751 ], [ -77.644586, 38.36387 ], [ -77.64448, 38.36429 ], [ -77.64452, 38.36506 ], [ -77.644212, 38.36665 ], [ -77.643998, 38.367308 ], [ -77.643612, 38.368086 ], [ -77.642739, 38.369118 ], [ -77.642441, 38.369364 ], [ -77.641194, 38.370012 ], [ -77.640117, 38.370358 ], [ -77.639792, 38.370527 ], [ -77.639058, 38.370635 ], [ -77.638695, 38.37058 ], [ -77.638251, 38.370658 ], [ -77.637492, 38.371053 ], [ -77.637194, 38.371299 ], [ -77.637105, 38.371649 ], [ -77.637143, 38.371873 ], [ -77.63811, 38.373073 ], [ -77.638084, 38.373179 ], [ -77.638514, 38.373898 ], [ -77.638515, 38.37408 ], [ -77.639081, 38.37482 ], [ -77.63909, 38.375001 ], [ -77.639073, 38.375064 ], [ -77.639183, 38.375189 ], [ -77.63931, 38.375245 ], [ -77.640048, 38.376047 ], [ -77.640148, 38.376026 ], [ -77.641179, 38.377163 ], [ -77.641405, 38.377198 ], [ -77.641687, 38.377386 ], [ -77.641996, 38.377469 ], [ -77.642323, 38.377482 ], [ -77.642485, 38.377397 ], [ -77.642848, 38.377452 ], [ -77.642967, 38.377543 ], [ -77.644273, 38.377776 ], [ -77.644746, 38.377957 ], [ -77.645744, 38.378107 ], [ -77.646069, 38.377938 ], [ -77.646685, 38.377922 ], [ -77.646957, 38.377781 ], [ -77.647255, 38.377717 ], [ -77.647664, 38.377779 ], [ -77.648098, 38.377554 ], [ -77.648234, 38.377574 ], [ -77.649192, 38.377137 ], [ -77.649328, 38.377158 ], [ -77.650232, 38.376749 ], [ -77.651931, 38.375805 ], [ -77.652772, 38.375459 ], [ -77.653026, 38.375389 ], [ -77.653389, 38.375443 ], [ -77.653606, 38.375331 ], [ -77.654567, 38.375439 ], [ -77.654848, 38.375445 ], [ -77.654957, 38.375389 ], [ -77.656118, 38.375546 ], [ -77.65657, 38.375342 ], [ -77.656933, 38.375396 ], [ -77.65762, 38.3751 ], [ -77.657655, 38.374934 ], [ -77.658631, 38.374426 ], [ -77.658776, 38.374412 ], [ -77.659328, 38.374095 ], [ -77.65948, 38.373863 ], [ -77.65986, 38.373666 ], [ -77.660004, 38.37347 ], [ -77.660329, 38.373301 ], [ -77.660511, 38.373328 ], [ -77.661053, 38.373046 ], [ -77.661243, 38.373039 ], [ -77.661668, 38.372848 ], [ -77.661904, 38.372847 ], [ -77.663269, 38.372199 ], [ -77.664714, 38.371235 ], [ -77.665581, 38.370784 ], [ -77.665717, 38.370805 ], [ -77.666188, 38.370621 ], [ -77.666505, 38.370669 ], [ -77.667075, 38.370464 ], [ -77.667711, 38.370651 ], [ -77.667792, 38.370608 ], [ -77.668064, 38.37065 ], [ -77.668344, 38.370474 ], [ -77.669878, 38.370741 ], [ -77.670167, 38.370712 ], [ -77.67033, 38.370628 ], [ -77.670512, 38.370655 ], [ -77.670928, 38.3705 ], [ -77.671362, 38.370456 ], [ -77.671444, 38.370505 ], [ -77.671797, 38.370322 ], [ -77.672438, 38.369927 ], [ -77.673086, 38.369225 ], [ -77.673464, 38.368664 ], [ -77.673686, 38.36797 ], [ -77.673767, 38.367837 ], [ -77.673993, 38.367689 ], [ -77.67419, 38.367283 ], [ -77.674488, 38.367037 ], [ -77.675861, 38.366262 ], [ -77.676655, 38.365727 ], [ -77.677142, 38.365292 ], [ -77.677465, 38.364759 ], [ -77.677645, 38.364604 ], [ -77.677618, 38.364527 ], [ -77.677762, 38.364331 ], [ -77.678073, 38.363287 ], [ -77.678035, 38.363063 ], [ -77.678211, 38.36218 ], [ -77.678286, 38.361137 ], [ -77.678627, 38.360534 ], [ -77.679105, 38.360133 ], [ -77.679539, 38.359908 ], [ -77.679883, 38.359851 ], [ -77.680291, 38.359912 ], [ -77.680553, 38.359806 ], [ -77.681016, 38.35984 ], [ -77.68136, 38.359783 ], [ -77.681768, 38.359844 ], [ -77.681985, 38.359731 ], [ -77.683063, 38.359748 ], [ -77.683408, 38.359691 ], [ -77.684641, 38.359841 ], [ -77.685166, 38.359811 ], [ -77.685546, 38.359613 ], [ -77.685791, 38.359669 ], [ -77.685897, 38.359614 ], [ -77.685981, 38.35957 ], [ -77.686442, 38.359421 ], [ -77.687222, 38.359502 ], [ -77.687493, 38.359361 ], [ -77.688109, 38.359345 ], [ -77.688272, 38.359261 ], [ -77.688951, 38.359181 ], [ -77.69067, 38.358713 ], [ -77.690702, 38.358722 ], [ -77.691844, 38.358152 ], [ -77.692961, 38.357343 ], [ -77.693229, 38.357117 ], [ -77.694114, 38.356621 ], [ -77.694617, 38.356493 ], [ -77.695471, 38.356421 ], [ -77.695783, 38.356465 ], [ -77.696784, 38.356647 ], [ -77.697109, 38.356723 ], [ -77.69759, 38.357069 ], [ -77.700326, 38.359578 ], [ -77.701036, 38.360062 ], [ -77.701892, 38.360339 ], [ -77.701998, 38.36036 ], [ -77.702843, 38.36084 ], [ -77.702902, 38.360799 ], [ -77.703035, 38.360706 ], [ -77.703137, 38.360588 ], [ -77.703168, 38.36056 ], [ -77.703433, 38.360455 ], [ -77.703604, 38.360352 ], [ -77.703971, 38.359984 ], [ -77.70405, 38.359859 ], [ -77.704264, 38.359684 ], [ -77.704321, 38.359592 ], [ -77.704311, 38.35941 ], [ -77.704203, 38.359238 ], [ -77.703982, 38.359163 ], [ -77.703847, 38.359074 ], [ -77.703485, 38.358805 ], [ -77.703393, 38.358696 ], [ -77.703304, 38.358585 ], [ -77.70329, 38.358539 ], [ -77.703311, 38.358482 ], [ -77.703379, 38.358453 ], [ -77.703522, 38.358467 ], [ -77.703806, 38.358523 ], [ -77.704136, 38.358614 ], [ -77.704389, 38.358656 ], [ -77.704635, 38.358724 ], [ -77.704921, 38.358689 ], [ -77.704953, 38.358628 ], [ -77.70501, 38.358596 ], [ -77.705053, 38.358549 ], [ -77.705383, 38.358345 ], [ -77.705589, 38.358337 ], [ -77.705725, 38.358354 ], [ -77.706066, 38.358471 ], [ -77.706407, 38.358634 ], [ -77.70692, 38.358825 ], [ -77.707459, 38.358907 ], [ -77.70763, 38.358912 ], [ -77.707863, 38.358824 ], [ -77.707999, 38.358738 ], [ -77.708058, 38.358641 ], [ -77.708053, 38.358531 ], [ -77.707939, 38.358362 ], [ -77.707324, 38.357862 ], [ -77.70701, 38.357504 ], [ -77.707013, 38.357447 ], [ -77.706936, 38.357331 ], [ -77.706728, 38.357174 ], [ -77.706628, 38.357119 ], [ -77.706127, 38.35717 ], [ -77.705788, 38.357232 ], [ -77.705478, 38.357312 ], [ -77.705413, 38.357318 ], [ -77.705362, 38.357304 ], [ -77.705303, 38.357194 ], [ -77.705362, 38.357024 ], [ -77.705505, 38.356783 ], [ -77.705651, 38.356655 ], [ -77.705716, 38.35656 ], [ -77.705761, 38.356438 ], [ -77.705692, 38.35628 ], [ -77.705609, 38.356173 ], [ -77.705277, 38.356052 ], [ -77.705157, 38.355922 ], [ -77.705086, 38.355817 ], [ -77.705066, 38.3557 ], [ -77.705192, 38.355549 ], [ -77.705216, 38.355489 ], [ -77.705202, 38.355415 ], [ -77.705097, 38.355234 ], [ -77.705132, 38.355034 ], [ -77.705197, 38.354932 ], [ -77.705249, 38.354899 ], [ -77.705387, 38.354856 ], [ -77.705626, 38.354867 ], [ -77.705881, 38.354925 ], [ -77.706701, 38.355275 ], [ -77.706864, 38.355265 ], [ -77.707015, 38.355206 ], [ -77.70713, 38.355184 ], [ -77.70726, 38.355185 ], [ -77.707439, 38.35523 ], [ -77.707625, 38.355345 ], [ -77.707728, 38.355385 ], [ -77.708337, 38.355429 ], [ -77.709084, 38.355523 ], [ -77.709463, 38.355325 ], [ -77.709572, 38.355138 ], [ -77.709589, 38.355108 ], [ -77.70916, 38.354662 ], [ -77.708687, 38.354482 ], [ -77.708278, 38.354238 ], [ -77.707958, 38.353826 ], [ -77.707779, 38.353041 ], [ -77.70769, 38.352948 ], [ -77.707477, 38.352879 ], [ -77.707432, 38.352846 ], [ -77.707423, 38.352815 ], [ -77.707454, 38.352711 ], [ -77.707552, 38.352606 ], [ -77.707976, 38.352377 ], [ -77.708109, 38.352331 ], [ -77.708274, 38.35232 ], [ -77.708407, 38.352331 ], [ -77.708946, 38.352435 ], [ -77.709196, 38.352469 ], [ -77.710395, 38.352585 ], [ -77.710794, 38.35267 ], [ -77.710946, 38.35267 ], [ -77.711053, 38.352642 ], [ -77.711128, 38.352592 ], [ -77.711143, 38.352539 ], [ -77.711082, 38.352478 ], [ -77.710857, 38.352086 ], [ -77.710647, 38.351622 ], [ -77.710689, 38.351497 ], [ -77.710782, 38.351357 ], [ -77.710829, 38.351233 ], [ -77.71075, 38.351054 ], [ -77.710793, 38.350922 ], [ -77.710879, 38.350877 ], [ -77.710983, 38.350851 ], [ -77.711095, 38.350864 ], [ -77.711562, 38.351014 ], [ -77.711991, 38.351233 ], [ -77.712524, 38.35137 ], [ -77.712636, 38.351448 ], [ -77.712687, 38.351464 ], [ -77.712778, 38.351462 ], [ -77.712821, 38.351411 ], [ -77.712857, 38.351081 ], [ -77.713021, 38.350863 ], [ -77.713059, 38.350771 ], [ -77.713083, 38.350391 ], [ -77.713119, 38.350234 ], [ -77.713202, 38.350189 ], [ -77.713548, 38.350077 ], [ -77.713829, 38.349949 ], [ -77.714384, 38.349617 ], [ -77.714732, 38.349372 ], [ -77.715094, 38.348997 ], [ -77.715134, 38.348924 ], [ -77.715135, 38.348489 ], [ -77.715082, 38.348367 ], [ -77.714887, 38.348118 ], [ -77.714804, 38.348045 ], [ -77.714742, 38.348022 ], [ -77.714683, 38.348041 ], [ -77.714573, 38.348118 ], [ -77.714538, 38.348127 ], [ -77.714359, 38.348099 ], [ -77.713958, 38.347931 ], [ -77.713568, 38.347729 ], [ -77.713356, 38.34759 ], [ -77.713202, 38.347461 ], [ -77.713022, 38.347261 ], [ -77.712461, 38.346302 ], [ -77.712222, 38.346005 ], [ -77.71219, 38.345909 ], [ -77.712196, 38.345851 ], [ -77.712535, 38.34517 ], [ -77.712614, 38.344924 ], [ -77.712722, 38.344792 ], [ -77.712849, 38.344722 ], [ -77.713123, 38.344614 ], [ -77.713246, 38.344503 ], [ -77.713326, 38.344346 ], [ -77.713422, 38.343924 ], [ -77.713484, 38.343844 ], [ -77.713561, 38.343809 ], [ -77.713651, 38.343799 ], [ -77.713718, 38.343814 ], [ -77.714051, 38.344032 ], [ -77.714438, 38.344244 ], [ -77.71459, 38.344305 ], [ -77.714931, 38.344379 ], [ -77.715144, 38.344402 ], [ -77.715334, 38.344377 ], [ -77.715402, 38.344346 ], [ -77.715448, 38.344301 ], [ -77.715466, 38.344245 ], [ -77.715492, 38.343918 ], [ -77.715554, 38.343801 ], [ -77.715816, 38.343634 ], [ -77.716522, 38.343481000000104 ], [ -77.716727, 38.343391 ], [ -77.716804, 38.34332 ], [ -77.71687, 38.343213 ], [ -77.716974, 38.342892 ], [ -77.717102, 38.342639 ], [ -77.717206, 38.342507 ], [ -77.717325, 38.342404 ], [ -77.717629, 38.342248 ], [ -77.718034, 38.342121 ], [ -77.718359, 38.341994 ], [ -77.718678, 38.341822 ], [ -77.718821, 38.341728 ], [ -77.718915, 38.341645 ], [ -77.719013, 38.341487 ], [ -77.719063, 38.341196 ], [ -77.719169, 38.341075 ], [ -77.71922, 38.340986 ], [ -77.719254, 38.340395 ], [ -77.719246, 38.340264 ], [ -77.719182, 38.34013 ], [ -77.718715, 38.33966 ], [ -77.718454, 38.339294 ], [ -77.718382, 38.339219 ], [ -77.718308, 38.339187 ], [ -77.718227, 38.339188 ], [ -77.718029, 38.33927 ], [ -77.717929, 38.339267 ], [ -77.717871, 38.339254 ], [ -77.717719, 38.339169 ], [ -77.717591, 38.339121 ], [ -77.717187, 38.339082 ], [ -77.717115, 38.339049 ], [ -77.716975, 38.338918 ], [ -77.716835, 38.338757 ], [ -77.716678, 38.338657 ], [ -77.71631, 38.338464 ], [ -77.716121, 38.338327 ], [ -77.716018, 38.3382 ], [ -77.71597, 38.338041 ], [ -77.715958, 38.337258 ], [ -77.715948, 38.337162 ], [ -77.715893, 38.337101 ], [ -77.715831, 38.337085 ], [ -77.715788, 38.337092 ], [ -77.715511, 38.337212 ], [ -77.715322, 38.337222 ], [ -77.715174, 38.337192 ], [ -77.715113, 38.337162 ], [ -77.71501, 38.337075 ], [ -77.714965, 38.336977 ], [ -77.71474, 38.336606 ], [ -77.714707, 38.33641 ], [ -77.714772, 38.3362 ], [ -77.714846, 38.336112 ], [ -77.714955, 38.335898 ], [ -77.715154, 38.335704 ], [ -77.715235, 38.335668 ], [ -77.715509, 38.335609 ], [ -77.715877, 38.335644 ], [ -77.716177, 38.335708 ], [ -77.716491, 38.335717 ], [ -77.716608, 38.33568 ], [ -77.716831, 38.335691 ], [ -77.717169, 38.335597 ], [ -77.717284, 38.335579 ], [ -77.71735, 38.335561 ], [ -77.717744, 38.335529 ], [ -77.718402, 38.33552 ], [ -77.718607, 38.335546 ], [ -77.71901, 38.335625 ], [ -77.719508, 38.335672 ], [ -77.719657, 38.335647 ], [ -77.719738, 38.335601 ], [ -77.719802, 38.335521 ], [ -77.719842, 38.335414 ], [ -77.719848, 38.335351 ], [ -77.719828, 38.335299 ], [ -77.719798, 38.335244 ], [ -77.719612, 38.335055 ], [ -77.719376, 38.334917 ], [ -77.719255, 38.334815 ], [ -77.71921, 38.334734 ], [ -77.719206, 38.334654 ], [ -77.719225, 38.334624 ], [ -77.719363, 38.334438 ], [ -77.719596, 38.334253 ], [ -77.719654, 38.334238 ], [ -77.719883, 38.334354 ], [ -77.719942, 38.334365 ], [ -77.71999, 38.334398 ], [ -77.720054, 38.334403 ], [ -77.720163, 38.334379 ], [ -77.72043, 38.334264 ], [ -77.72087, 38.334171 ], [ -77.721095, 38.3341 ], [ -77.721198, 38.334024 ], [ -77.72123, 38.333915 ], [ -77.721204, 38.333867 ], [ -77.721009, 38.333706 ], [ -77.721004, 38.333679 ], [ -77.721057, 38.333556 ], [ -77.72118, 38.333412 ], [ -77.721203, 38.333394 ], [ -77.721334, 38.333358 ], [ -77.721436, 38.333281 ], [ -77.721746, 38.333301 ], [ -77.721818, 38.333291 ], [ -77.722439, 38.332905 ], [ -77.722507, 38.332765 ], [ -77.72254, 38.33254 ], [ -77.722631, 38.332381 ], [ -77.72272, 38.332011 ], [ -77.722731, 38.331826 ], [ -77.722722, 38.331711 ], [ -77.722685, 38.331586 ], [ -77.722692, 38.331517 ], [ -77.723043, 38.330761 ], [ -77.723128, 38.330528 ], [ -77.723341, 38.330275 ], [ -77.723411, 38.330035 ], [ -77.723645, 38.329688 ], [ -77.723718, 38.329623 ], [ -77.723865, 38.32937 ], [ -77.724212, 38.328934 ], [ -77.724673, 38.328277 ], [ -77.724833, 38.328096 ], [ -77.72521, 38.327577 ], [ -77.725392, 38.327054 ], [ -77.725848, 38.32645 ], [ -77.725975, 38.326217 ], [ -77.726146, 38.325562 ], [ -77.726157, 38.325527 ], [ -77.726226, 38.325302 ], [ -77.726503, 38.324382 ], [ -77.726565, 38.324225 ], [ -77.726694, 38.323988 ], [ -77.726707, 38.32394 ], [ -77.726689, 38.323905 ], [ -77.726672, 38.323847 ], [ -77.72676, 38.323612 ], [ -77.738031, 38.313699 ], [ -77.74183, 38.310354 ], [ -77.742623, 38.309657 ], [ -77.746621, 38.306034 ], [ -77.747943, 38.304837 ], [ -77.750927, 38.302176 ], [ -77.758028, 38.295466 ], [ -77.769337, 38.284794 ], [ -77.772093, 38.282199 ], [ -77.777862, 38.277071 ], [ -77.783571, 38.271994 ], [ -77.78589, 38.269931 ], [ -77.789393, 38.266818 ], [ -77.798239, 38.258946 ], [ -77.806879, 38.251259 ], [ -77.812987, 38.245801 ], [ -77.815127, 38.2439 ], [ -77.825116, 38.235002 ], [ -77.828046, 38.232414 ], [ -77.832973, 38.228005 ], [ -77.836364, 38.224988 ], [ -77.83674, 38.224653 ], [ -77.838811, 38.222815 ], [ -77.842932, 38.219141 ], [ -77.844797, 38.217477 ], [ -77.844814, 38.217462 ], [ -77.851539, 38.211472 ], [ -77.865536, 38.198994 ], [ -77.875253, 38.190319 ], [ -77.889231, 38.177863 ], [ -77.889508, 38.177601 ], [ -77.890287, 38.176928 ], [ -77.8916, 38.175731 ], [ -77.899417, 38.168496 ], [ -77.902444, 38.165689 ], [ -77.905788, 38.162624 ], [ -77.907606, 38.161013 ], [ -77.909835, 38.158969 ], [ -77.915998, 38.153335 ], [ -77.925211, 38.144912 ], [ -77.925258, 38.144843 ], [ -77.925398, 38.144741 ], [ -77.925564, 38.14459 ], [ -77.9272, 38.143097 ], [ -77.933052, 38.137753 ], [ -77.93481, 38.136163 ], [ -77.938035, 38.133217 ], [ -77.939143, 38.132149 ], [ -77.943145, 38.128247 ], [ -77.944457, 38.127011 ], [ -77.944504, 38.126923 ], [ -77.952385, 38.119657 ], [ -77.953639, 38.118501 ], [ -77.95336, 38.118469 ], [ -77.953325, 38.118505 ], [ -77.952728, 38.118708 ], [ -77.952628, 38.118608 ], [ -77.95223, 38.11861 ], [ -77.95223, 38.118311 ], [ -77.951832, 38.118113 ], [ -77.951733, 38.118013 ], [ -77.951036, 38.118017 ], [ -77.950738, 38.117819 ], [ -77.950638, 38.117819 ], [ -77.95034, 38.117721 ], [ -77.950141, 38.117622 ], [ -77.949544, 38.117725 ], [ -77.949146, 38.117827 ], [ -77.948748, 38.117829 ], [ -77.948449, 38.11803 ], [ -77.94825, 38.118231 ], [ -77.94815, 38.118431 ], [ -77.948249, 38.118731 ], [ -77.948249, 38.11943 ], [ -77.94795, 38.119731 ], [ -77.947552, 38.119933 ], [ -77.947054, 38.120035 ], [ -77.946755, 38.119837 ], [ -77.946243, 38.119333 ], [ -77.945859, 38.119142 ], [ -77.945461, 38.119244 ], [ -77.945163, 38.119346 ], [ -77.944765, 38.119348 ], [ -77.944366, 38.11955 ], [ -77.944167, 38.119451 ], [ -77.943769, 38.119153 ], [ -77.94367, 38.119054 ], [ -77.943471, 38.118955 ], [ -77.943073, 38.118957 ], [ -77.942775, 38.118858 ], [ -77.942576, 38.118759 ], [ -77.942277, 38.118661 ], [ -77.94168, 38.118664 ], [ -77.941363, 38.118771 ], [ -77.940983, 38.118867 ], [ -77.940585, 38.118869 ], [ -77.940486, 38.11877 ], [ -77.940187, 38.118572 ], [ -77.939988, 38.118373 ], [ -77.939889, 38.118174 ], [ -77.939889, 38.117974 ], [ -77.93979, 38.117675 ], [ -77.939591, 38.117576 ], [ -77.939492, 38.117477 ], [ -77.938895, 38.11748 ], [ -77.938497, 38.117283 ], [ -77.937999, 38.116886 ], [ -77.9379, 38.116786 ], [ -77.937601, 38.116788 ], [ -77.937303, 38.116689 ], [ -77.937204, 38.11659 ], [ -77.936905, 38.116492 ], [ -77.936706, 38.116193 ], [ -77.936654, 38.116141 ], [ -77.936507, 38.115994 ], [ -77.936507, 38.115894 ], [ -77.93601, 38.115897 ], [ -77.93601, 38.115197 ], [ -77.935911, 38.115097 ], [ -77.935612, 38.114899 ], [ -77.934717, 38.114204 ], [ -77.934318, 38.114006 ], [ -77.934219, 38.114106 ], [ -77.933522, 38.11411 ], [ -77.932726, 38.113914 ], [ -77.932428, 38.113915 ], [ -77.932129, 38.114017 ], [ -77.93193, 38.114018 ], [ -77.931731, 38.113919 ], [ -77.931632, 38.113919 ], [ -77.930935, 38.114023 ], [ -77.930437, 38.113926 ], [ -77.930139, 38.113827 ], [ -77.929741, 38.113729 ], [ -77.929343, 38.113731 ], [ -77.928945, 38.113933 ], [ -77.928845, 38.114134 ], [ -77.928746, 38.114234 ], [ -77.928646, 38.114335 ], [ -77.928447, 38.114436 ], [ -77.928049, 38.114438 ], [ -77.927552, 38.114541 ], [ -77.92694, 38.114853 ], [ -77.926457, 38.114946 ], [ -77.926059, 38.115048 ], [ -77.925362, 38.114952 ], [ -77.925163, 38.114953 ], [ -77.924864, 38.115054 ], [ -77.924666, 38.114855 ], [ -77.924666, 38.114755 ], [ -77.924566, 38.114656 ], [ -77.924467, 38.114457 ], [ -77.924268, 38.114458 ], [ -77.923969, 38.114558 ], [ -77.923718, 38.114536 ], [ -77.923418, 38.114736 ], [ -77.923118, 38.114736 ], [ -77.922718, 38.114836 ], [ -77.922718, 38.114936 ], [ -77.922618, 38.115136 ], [ -77.922318, 38.115136 ], [ -77.922018, 38.115236 ], [ -77.921918, 38.115236 ], [ -77.921818, 38.115436 ], [ -77.921718, 38.115536 ], [ -77.921518, 38.115836 ], [ -77.921218, 38.115936 ], [ -77.920918, 38.116136 ], [ -77.920418, 38.116336 ], [ -77.920318, 38.116536 ], [ -77.920318, 38.116936 ], [ -77.920218, 38.117036 ], [ -77.919618, 38.117236 ], [ -77.919218, 38.117436 ], [ -77.919018, 38.117336 ], [ -77.918618, 38.117336 ], [ -77.918218, 38.117436 ], [ -77.918018, 38.117636 ], [ -77.917918, 38.117836 ], [ -77.917618, 38.118036 ], [ -77.917418, 38.118136 ], [ -77.917118, 38.118236 ], [ -77.916918, 38.118336 ], [ -77.916718, 38.118336 ], [ -77.915918, 38.118136 ], [ -77.915018, 38.117536 ], [ -77.914918, 38.117536 ], [ -77.914118, 38.117136 ], [ -77.914018, 38.117036 ], [ -77.914018, 38.116936 ], [ -77.913918, 38.116636 ], [ -77.913718, 38.116436 ], [ -77.913718, 38.116236 ], [ -77.913618, 38.116036 ], [ -77.913718, 38.115836 ], [ -77.913718, 38.115797 ], [ -77.913718, 38.115636 ], [ -77.913618, 38.115336 ], [ -77.913218, 38.114736 ], [ -77.913118, 38.114536 ], [ -77.913218, 38.114336 ], [ -77.913265, 38.114196 ], [ -77.913318, 38.114036 ], [ -77.913318, 38.113936 ], [ -77.913018, 38.112636 ], [ -77.913018, 38.112136 ], [ -77.912718, 38.111736 ], [ -77.912518, 38.111536 ], [ -77.912018, 38.111636 ], [ -77.911818, 38.111636 ], [ -77.911318, 38.111936 ], [ -77.911018, 38.112136 ], [ -77.910718, 38.112236 ], [ -77.910318, 38.112236 ], [ -77.909918, 38.112136 ], [ -77.909418, 38.112036 ], [ -77.909218, 38.111936 ], [ -77.908718, 38.112036 ], [ -77.908618, 38.111936 ], [ -77.908018, 38.111936 ], [ -77.907717, 38.111836 ], [ -77.907517, 38.111636 ], [ -77.907417, 38.111436 ], [ -77.907117, 38.111136 ], [ -77.906117, 38.110936 ], [ -77.905917, 38.110836 ], [ -77.905517, 38.110736 ], [ -77.905017, 38.110636 ], [ -77.904617, 38.110436 ], [ -77.904117, 38.110136 ], [ -77.903517, 38.109736 ], [ -77.903314, 38.109428 ], [ -77.903217, 38.109136 ], [ -77.903217, 38.108836 ], [ -77.903017, 38.108436 ], [ -77.902717, 38.108336 ], [ -77.902417, 38.108136 ], [ -77.901817, 38.108136 ], [ -77.901517, 38.108236 ], [ -77.901117, 38.108336 ], [ -77.900817, 38.108536 ], [ -77.900617, 38.108836 ], [ -77.900517, 38.109136 ], [ -77.900217, 38.109436 ], [ -77.899917, 38.109436 ], [ -77.899616, 38.109336 ], [ -77.899516, 38.109336 ], [ -77.898916, 38.109336 ], [ -77.898716, 38.109436 ], [ -77.898416, 38.109736 ], [ -77.898316, 38.110036 ], [ -77.898316, 38.110236 ], [ -77.898416, 38.110536 ], [ -77.898316, 38.110736 ], [ -77.898316, 38.111236 ], [ -77.898016, 38.111436 ], [ -77.897416, 38.111636 ], [ -77.897216, 38.111636 ], [ -77.896916, 38.111536 ], [ -77.896816, 38.111436 ], [ -77.896816, 38.111236 ], [ -77.896916, 38.111036 ], [ -77.896916, 38.110636 ], [ -77.896816, 38.110436 ], [ -77.896516, 38.110136 ], [ -77.896116, 38.110036 ], [ -77.895616, 38.110036 ], [ -77.895316, 38.110136 ], [ -77.895216, 38.110236 ], [ -77.895016, 38.110536 ], [ -77.894816, 38.110736 ], [ -77.894216, 38.110936 ], [ -77.893816, 38.111036 ], [ -77.893416, 38.111036 ], [ -77.893216, 38.111236 ], [ -77.893016, 38.111336 ], [ -77.892616, 38.111436 ], [ -77.891916, 38.111536 ], [ -77.891416, 38.111436 ], [ -77.890516, 38.111436 ], [ -77.890516, 38.112036 ], [ -77.890416, 38.112236 ], [ -77.890116, 38.112436 ], [ -77.889316, 38.113036 ], [ -77.889016, 38.113136 ], [ -77.888416, 38.113136 ], [ -77.888116, 38.112936 ], [ -77.887716, 38.112536 ], [ -77.887416, 38.112436 ], [ -77.886916, 38.112336 ], [ -77.886529, 38.112235 ], [ -77.886316, 38.112236 ], [ -77.886116, 38.111936 ], [ -77.886116, 38.111536 ], [ -77.885916, 38.111236 ], [ -77.885816, 38.111036 ], [ -77.885516, 38.110736 ], [ -77.88545, 38.110703 ], [ -77.885317, 38.110636 ], [ -77.885017, 38.110436 ], [ -77.884617, 38.110436 ], [ -77.884317, 38.110536 ], [ -77.884117, 38.110536 ], [ -77.883765, 38.110375 ], [ -77.883417, 38.110236 ], [ -77.883117, 38.110136 ], [ -77.882917, 38.109936 ], [ -77.882717, 38.109636 ], [ -77.882717, 38.109236 ], [ -77.882617, 38.109136 ], [ -77.882455, 38.109028 ], [ -77.882317, 38.108936 ], [ -77.882117, 38.108836 ], [ -77.881717, 38.108736 ], [ -77.881317, 38.108736 ], [ -77.880817, 38.108636 ], [ -77.880417, 38.108536 ], [ -77.879717, 38.108436 ], [ -77.879017, 38.108436 ], [ -77.878617, 38.108336 ], [ -77.878117, 38.108236 ], [ -77.877617, 38.108036 ], [ -77.877017, 38.107836 ], [ -77.876617, 38.107636 ], [ -77.876317, 38.107436 ], [ -77.876117, 38.107436 ], [ -77.875817, 38.107536 ], [ -77.875617, 38.107536 ], [ -77.875317, 38.107436 ], [ -77.875117, 38.107436 ], [ -77.874717, 38.107186 ], [ -77.874317, 38.106736 ], [ -77.874217, 38.106436 ], [ -77.873917, 38.106336 ], [ -77.873117, 38.106336 ], [ -77.871717, 38.106537 ], [ -77.871017, 38.106237 ], [ -77.870117, 38.105937 ], [ -77.869417, 38.105737 ], [ -77.869117, 38.105637 ], [ -77.867916, 38.105937 ], [ -77.866616, 38.106237 ], [ -77.865716, 38.106237 ], [ -77.864516, 38.106137 ], [ -77.863716, 38.105837 ], [ -77.862316, 38.105537 ], [ -77.860616, 38.105537 ], [ -77.859816, 38.105237 ], [ -77.859416, 38.104737 ], [ -77.859316, 38.104437 ], [ -77.859116, 38.103937 ], [ -77.858217, 38.103037 ], [ -77.858517, 38.102537 ], [ -77.858817, 38.101337 ], [ -77.858716, 38.100836 ], [ -77.858117, 38.100337 ], [ -77.857217, 38.100037 ], [ -77.856417, 38.099937 ], [ -77.856117, 38.099837 ], [ -77.855917, 38.099937 ], [ -77.855117, 38.100737 ], [ -77.854717, 38.100937 ], [ -77.854417, 38.100937 ], [ -77.854217, 38.101737 ], [ -77.854417, 38.102437 ], [ -77.854817, 38.102637 ], [ -77.854817, 38.103237 ], [ -77.854517, 38.103937 ], [ -77.854117, 38.104237 ], [ -77.852617, 38.104538 ], [ -77.851517, 38.104438 ], [ -77.851218, 38.104337 ], [ -77.851417, 38.104038 ], [ -77.851516, 38.103437 ], [ -77.851017, 38.102938 ], [ -77.850617, 38.102738 ], [ -77.849717, 38.102138 ], [ -77.849217, 38.102038 ], [ -77.848416, 38.101836 ], [ -77.848117, 38.101337 ], [ -77.847817, 38.100438 ], [ -77.847816, 38.099436 ], [ -77.847417, 38.098738 ], [ -77.847017, 38.098438 ], [ -77.846217, 38.098338 ], [ -77.845417, 38.098538 ], [ -77.844817, 38.099038 ], [ -77.844017, 38.099738 ], [ -77.843817, 38.099938 ], [ -77.843717, 38.099938 ], [ -77.843317, 38.100338 ], [ -77.843217, 38.100538 ], [ -77.843017, 38.101038 ], [ -77.842917, 38.101438 ], [ -77.843217, 38.101938 ], [ -77.844117, 38.102838 ], [ -77.844917, 38.103338 ], [ -77.845317, 38.103838 ], [ -77.845517, 38.104338 ], [ -77.844917, 38.104738 ], [ -77.843417, 38.105038 ], [ -77.842717, 38.105038 ], [ -77.842117, 38.105138 ], [ -77.840917, 38.105738 ], [ -77.839717, 38.106038 ], [ -77.839216, 38.105836 ], [ -77.838536, 38.105919 ], [ -77.838217, 38.106239 ], [ -77.837717, 38.106039 ], [ -77.837416, 38.105736 ], [ -77.837317, 38.105339 ], [ -77.837416, 38.105037 ], [ -77.837217, 38.104738 ], [ -77.837216, 38.104639 ], [ -77.837017, 38.104639 ], [ -77.836317, 38.104439 ], [ -77.836316, 38.104337 ], [ -77.836117, 38.103839 ], [ -77.836417, 38.103639 ], [ -77.836217, 38.103138 ], [ -77.836117, 38.102439 ], [ -77.836516, 38.101736 ], [ -77.836217, 38.101139 ], [ -77.835317, 38.100839 ], [ -77.833917, 38.100639 ], [ -77.833217, 38.100439 ], [ -77.832017, 38.099839 ], [ -77.830917, 38.099239 ], [ -77.830616, 38.098936 ], [ -77.830417, 38.098039 ], [ -77.830316, 38.097738 ], [ -77.830017, 38.097539 ], [ -77.828917, 38.097239 ], [ -77.827117, 38.097239 ], [ -77.826517, 38.097139 ], [ -77.825017, 38.096539 ], [ -77.824372, 38.096 ], [ -77.824237, 38.095812 ], [ -77.824198, 38.095711 ], [ -77.823617, 38.094639 ], [ -77.823416, 38.093539 ], [ -77.823017, 38.093539 ], [ -77.822017, 38.093339 ], [ -77.821217, 38.093039 ], [ -77.820617, 38.092839 ], [ -77.819716, 38.092436 ], [ -77.819517, 38.09184 ], [ -77.819917, 38.09134 ], [ -77.820117, 38.09074 ], [ -77.820217, 38.09024 ], [ -77.820217, 38.08974 ], [ -77.820313, 38.089232 ], [ -77.820297, 38.089193 ], [ -77.819717, 38.08784 ], [ -77.818217, 38.08634 ], [ -77.817817, 38.08584 ], [ -77.817617, 38.08564 ], [ -77.816917, 38.08544 ], [ -77.816517, 38.08554 ], [ -77.816117, 38.08594 ], [ -77.815917, 38.08624 ], [ -77.815817, 38.08654 ], [ -77.815317, 38.08684 ], [ -77.815217, 38.08684 ], [ -77.815017, 38.08674 ], [ -77.814217, 38.08624 ], [ -77.813517, 38.08584 ], [ -77.812893, 38.085296 ], [ -77.812716, 38.085137 ], [ -77.812417, 38.084339 ], [ -77.812616, 38.083639 ], [ -77.812716, 38.082838 ], [ -77.812716, 38.081939 ], [ -77.812616, 38.081238 ], [ -77.812015, 38.080338 ], [ -77.811121, 38.079692 ], [ -77.810915, 38.079537 ], [ -77.810615, 38.079437 ], [ -77.809315, 38.079237 ], [ -77.808515, 38.079137 ], [ -77.807615, 38.078937 ], [ -77.806515, 38.078537 ], [ -77.806015, 38.078437 ], [ -77.805515, 38.078437 ], [ -77.804815, 38.078537 ], [ -77.803815, 38.078537 ], [ -77.802715, 38.078337 ], [ -77.801315, 38.078237 ], [ -77.800115, 38.078237 ], [ -77.799515, 38.078537 ], [ -77.798815, 38.078737 ], [ -77.79819, 38.078737 ], [ -77.797615, 38.078687 ], [ -77.796715, 38.078537 ], [ -77.796415, 38.078537 ], [ -77.795415, 38.078737 ], [ -77.793715, 38.078537 ], [ -77.791614, 38.077437 ], [ -77.790714, 38.076937 ], [ -77.790014, 38.076137 ], [ -77.789314, 38.075937 ], [ -77.788414, 38.076037 ], [ -77.787914, 38.076137 ], [ -77.787414, 38.076337 ], [ -77.786614, 38.076337 ], [ -77.786614, 38.076037 ], [ -77.786314, 38.075437 ], [ -77.785814, 38.074837 ], [ -77.785814, 38.074537 ], [ -77.785614, 38.073837 ], [ -77.785114, 38.073237 ], [ -77.784714, 38.072437 ], [ -77.784514, 38.071837 ], [ -77.784614, 38.071537 ], [ -77.784514, 38.070937 ], [ -77.784173, 38.070653 ], [ -77.783914, 38.070437 ], [ -77.782914, 38.069437 ], [ -77.782614, 38.068537 ], [ -77.782514, 38.067537 ], [ -77.782614, 38.067137 ], [ -77.783114, 38.066337 ], [ -77.784114, 38.065937 ], [ -77.784614, 38.065637 ], [ -77.784914, 38.065137 ], [ -77.784614, 38.064237 ], [ -77.784514, 38.063337 ], [ -77.784214, 38.063137 ], [ -77.783014, 38.063237 ], [ -77.782614, 38.063237 ], [ -77.781714, 38.062637 ], [ -77.781114, 38.061537 ], [ -77.780214, 38.060337 ], [ -77.779214, 38.059437 ], [ -77.778514, 38.058737 ], [ -77.777814, 38.058437 ], [ -77.776914, 38.058437 ], [ -77.775814, 38.058237 ], [ -77.774214, 38.057837 ], [ -77.773414, 38.057837 ], [ -77.771914, 38.057437 ], [ -77.771014, 38.056737 ], [ -77.770914, 38.056337 ], [ -77.771114, 38.055737 ], [ -77.771714, 38.054737 ], [ -77.771714, 38.054237 ], [ -77.771414, 38.053737 ], [ -77.770714, 38.053137 ], [ -77.769814, 38.052537 ], [ -77.768514, 38.051737 ], [ -77.768114, 38.051737 ], [ -77.767814, 38.051937 ], [ -77.767314, 38.052637 ], [ -77.766514, 38.053037 ], [ -77.766114, 38.053337 ], [ -77.765114, 38.053437 ], [ -77.764114, 38.053137 ], [ -77.764024, 38.053137 ], [ -77.763914, 38.053137 ], [ -77.763814, 38.053037 ], [ -77.763514, 38.052837 ], [ -77.763314, 38.052637 ], [ -77.763314, 38.051237 ], [ -77.762914, 38.050837 ], [ -77.762514, 38.050537 ], [ -77.759714, 38.049537 ], [ -77.759614, 38.049437 ], [ -77.759314, 38.049337 ], [ -77.759114, 38.049137 ], [ -77.759014, 38.049137 ], [ -77.758814, 38.049037 ], [ -77.758513, 38.048937 ], [ -77.758213, 38.048937 ], [ -77.757613, 38.048837 ], [ -77.757013, 38.048637 ], [ -77.756513, 38.048437 ], [ -77.756113, 38.048237 ], [ -77.755913, 38.048337 ], [ -77.755713, 38.048637 ], [ -77.755413, 38.048837 ], [ -77.754913, 38.049437 ], [ -77.754113, 38.049937 ], [ -77.753613, 38.050337 ], [ -77.752813, 38.050637 ], [ -77.751613, 38.051337 ], [ -77.751513, 38.051737 ], [ -77.751413, 38.051937 ], [ -77.751113, 38.052137 ], [ -77.750713, 38.052337 ], [ -77.750613, 38.052437 ], [ -77.750413, 38.052437 ], [ -77.750213, 38.052537 ], [ -77.749813, 38.052537 ], [ -77.749713, 38.052687 ], [ -77.749513, 38.052837 ], [ -77.748613, 38.052837 ], [ -77.747813, 38.052537 ], [ -77.746613, 38.051837 ], [ -77.746213, 38.051437 ], [ -77.745513, 38.051337 ], [ -77.745213, 38.051137 ], [ -77.745213, 38.050837 ], [ -77.745913, 38.050037 ], [ -77.746613, 38.049537 ], [ -77.747213, 38.049137 ], [ -77.747413, 38.048937 ], [ -77.747613, 38.048637 ], [ -77.747713, 38.048337 ], [ -77.747813, 38.047937 ], [ -77.747713, 38.047637 ], [ -77.747613, 38.047037 ], [ -77.747513, 38.045837 ], [ -77.747513, 38.045537 ], [ -77.747813, 38.044937 ], [ -77.748113, 38.044437 ], [ -77.748413, 38.043437 ], [ -77.748413, 38.043137 ], [ -77.748213, 38.042137 ], [ -77.748013, 38.042037 ], [ -77.747413, 38.041637 ], [ -77.746713, 38.041437 ], [ -77.745713, 38.040937 ], [ -77.745213, 38.040837 ], [ -77.744513, 38.040837 ], [ -77.743813, 38.040937 ], [ -77.742913, 38.040737 ], [ -77.742213, 38.040237 ], [ -77.741613, 38.039637 ], [ -77.741313, 38.039037 ], [ -77.741113, 38.038537 ], [ -77.740913, 38.038237 ], [ -77.740913, 38.037737 ], [ -77.741313, 38.037237 ], [ -77.741913, 38.037037 ], [ -77.742313, 38.037137 ], [ -77.742713, 38.037437 ], [ -77.742913, 38.037937 ], [ -77.742913, 38.038837 ], [ -77.743113, 38.039237 ], [ -77.743413, 38.039237 ], [ -77.744013, 38.039037 ], [ -77.744813, 38.038737 ], [ -77.745513, 38.038437 ], [ -77.746613, 38.038237 ], [ -77.747913, 38.037637 ], [ -77.748313, 38.037337 ], [ -77.748613, 38.037137 ], [ -77.748813, 38.036737 ], [ -77.748813, 38.035138 ], [ -77.748513, 38.034538 ], [ -77.748313, 38.034238 ], [ -77.748013, 38.033838 ], [ -77.747713, 38.033338 ], [ -77.747613, 38.032938 ], [ -77.747813, 38.031738 ], [ -77.748113, 38.031038 ], [ -77.748413, 38.030138 ], [ -77.748513, 38.029538 ], [ -77.748513, 38.028738 ], [ -77.748313, 38.028438 ], [ -77.747813, 38.027238 ], [ -77.747613, 38.026338 ], [ -77.747713, 38.025738 ], [ -77.747713, 38.024338 ], [ -77.74767, 38.024295 ], [ -77.747313, 38.023938 ], [ -77.746913, 38.023638 ], [ -77.746213, 38.023538 ], [ -77.745413, 38.023638 ], [ -77.744913, 38.023738 ], [ -77.744613, 38.023938 ], [ -77.744413, 38.024338 ], [ -77.744513, 38.024638 ], [ -77.744513, 38.025138 ], [ -77.744213, 38.025538 ], [ -77.743913, 38.025838 ], [ -77.743513, 38.026338 ], [ -77.743013, 38.026738 ], [ -77.742313, 38.027438 ], [ -77.741513, 38.028438 ], [ -77.740913, 38.029238 ], [ -77.740713, 38.029638 ], [ -77.740713, 38.031238 ], [ -77.740513, 38.032038 ], [ -77.740213, 38.032638 ], [ -77.739813, 38.032938 ], [ -77.739513, 38.033038 ], [ -77.738913, 38.032937 ], [ -77.738213, 38.032637 ], [ -77.737613, 38.032437 ], [ -77.736313, 38.032037 ], [ -77.734813, 38.031837 ], [ -77.733813, 38.031837 ], [ -77.733413, 38.031737 ], [ -77.732313, 38.031637 ], [ -77.731813, 38.031437 ], [ -77.731013, 38.031037 ], [ -77.730613, 38.030437 ], [ -77.730212, 38.029238 ], [ -77.729812, 38.028738 ], [ -77.728312, 38.027738 ], [ -77.728212, 38.027538 ], [ -77.728112, 38.027138 ], [ -77.728112, 38.026438 ], [ -77.728312, 38.026038 ], [ -77.728512, 38.025938 ], [ -77.728912, 38.025838 ], [ -77.729512, 38.025738 ], [ -77.729812, 38.025638 ], [ -77.730112, 38.025338 ], [ -77.730312, 38.025238 ], [ -77.730512, 38.025238 ], [ -77.730812, 38.025038 ], [ -77.731012, 38.024838 ], [ -77.731112, 38.023838 ], [ -77.731312, 38.022538 ], [ -77.731513, 38.021838 ], [ -77.731513, 38.021538 ], [ -77.731312, 38.021238 ], [ -77.730612, 38.020838 ], [ -77.729712, 38.021038 ], [ -77.728212, 38.021938 ], [ -77.727512, 38.022338 ], [ -77.727112, 38.022638 ], [ -77.726312, 38.022938 ], [ -77.725612, 38.023138 ], [ -77.724312, 38.023338 ], [ -77.723412, 38.023438 ], [ -77.722212, 38.023238 ], [ -77.721712, 38.022938 ], [ -77.721212, 38.022438 ], [ -77.720912, 38.021938 ], [ -77.720412, 38.021238 ], [ -77.719812, 38.020838 ], [ -77.719312, 38.020638 ], [ -77.719112, 38.020238 ], [ -77.719212, 38.019738 ], [ -77.719712, 38.018738 ], [ -77.719812, 38.018638 ], [ -77.720012, 38.018138 ], [ -77.720012, 38.017338 ], [ -77.719812, 38.017038 ], [ -77.719312, 38.016638 ], [ -77.718612, 38.016438 ], [ -77.717912, 38.016538 ], [ -77.717012, 38.016438 ], [ -77.715712, 38.015938 ], [ -77.714712, 38.015438 ], [ -77.713952, 38.015237 ], [ -77.713257, 38.014841 ], [ -77.712864, 38.014594 ], [ -77.71273, 38.014298 ], [ -77.712573, 38.014007 ], [ -77.712468, 38.013827 ], [ -77.712078, 38.013106 ], [ -77.712026, 38.013011 ], [ -77.71188, 38.012969 ], [ -77.71189, 38.012721 ], [ -77.711525, 38.012771 ], [ -77.711021, 38.012598 ], [ -77.710519, 38.012575 ], [ -77.710292, 38.012601 ], [ -77.709868, 38.012736 ], [ -77.709064, 38.013205 ], [ -77.708604, 38.013362 ], [ -77.70815, 38.013407 ], [ -77.706684, 38.013416 ], [ -77.705606, 38.013574 ], [ -77.705298, 38.013511 ], [ -77.704227, 38.012962 ], [ -77.70388, 38.012818 ], [ -77.703662, 38.012727 ], [ -77.703301, 38.012693 ], [ -77.702634, 38.012742 ], [ -77.701581, 38.012775 ], [ -77.701339, 38.012744 ], [ -77.700859, 38.012683 ], [ -77.700403, 38.012695 ], [ -77.699998, 38.012548 ], [ -77.699666, 38.012304 ], [ -77.699362, 38.011995 ], [ -77.699321, 38.011823 ], [ -77.698852, 38.011158 ], [ -77.698204, 38.009947 ], [ -77.697342, 38.008897 ], [ -77.696979, 38.008467 ], [ -77.696025, 38.007513 ], [ -77.695549, 38.0073 ], [ -77.69457, 38.007117 ], [ -77.694159, 38.007127 ], [ -77.693893, 38.00718 ], [ -77.693228, 38.007558 ], [ -77.692616, 38.007702 ], [ -77.692355, 38.007847 ], [ -77.69206, 38.007943 ], [ -77.688641, 38.008129 ], [ -77.687294, 38.008011 ], [ -77.687417, 38.007867 ], [ -77.687469, 38.007806 ], [ -77.688448, 38.005335 ], [ -77.690023, 38.001352 ], [ -77.690537, 38.000056 ], [ -77.69436, 37.990398 ], [ -77.697793, 37.981718 ], [ -77.699873, 37.976242 ], [ -77.701671, 37.971382 ], [ -77.702557463866256, 37.96915424531182 ], [ -77.704867474733248, 37.963308259047189 ], [ -77.706923484086261, 37.95834127081767 ], [ -77.707693487494993, 37.956548275099621 ], [ -77.708331490327055, 37.955061278644699 ], [ -77.709884497743403, 37.951130287777247 ], [ -77.715568525161572, 37.936742320945541 ], [ -77.717726535684406, 37.931279333432954 ], [ -77.72190702845684, 37.920688726062714 ], [ -77.721965028434752, 37.920537726077114 ], [ -77.722010028416008, 37.920427726091582 ], [ -77.723791027704181, 37.915914726582471 ], [ -77.725998026806892, 37.910323727171651 ], [ -77.728262025870094, 37.904584727751534 ], [ -77.732467024084812, 37.893922728766135 ], [ -77.732488024074627, 37.893874728773454 ], [ -77.73710102204798, 37.882173729792335 ], [ -77.737115022041394, 37.882139729795973 ], [ -77.73866502134409, 37.878208730117073 ], [ -77.740291020603905, 37.87408473044195 ], [ -77.743847018953772, 37.865066731111661 ], [ -77.745277018278657, 37.861437731363743 ], [ -77.747435017247469, 37.855957731724878 ], [ -77.749150016415697, 37.851607731999408 ], [ -77.750050015976996, 37.849319732133822 ], [ -77.749919016130818, 37.849205731905549 ], [ -77.749709016387385, 37.848979731516224 ], [ -77.749322016889025, 37.848421730732497 ], [ -77.748742017675028, 37.847419729480634 ], [ -77.749527016964834, 37.847030730353708 ], [ -77.750271016290228, 37.84669873118775 ], [ -77.750876015758607, 37.846391731833563 ], [ -77.751923014844948, 37.845839732940249 ], [ -77.75216801464525, 37.845644733167745 ], [ -77.75239901447361, 37.845381733344652 ], [ -77.75251801438958, 37.845225733426084 ], [ -77.753264013894068, 37.844108733868886 ], [ -77.75402901350644, 37.84241473405978 ], [ -77.754176013405171, 37.842218734157811 ], [ -77.754795012944726, 37.841559734648932 ], [ -77.754932012857253, 37.841347734725986 ], [ -77.754989012833704, 37.841199734729393 ], [ -77.755118012849067, 37.840545734584822 ], [ -77.75529001299644, 37.83908673411139 ], [ -77.75538701310164, 37.838163733796264 ], [ -77.755444013083235, 37.837994733789387 ], [ -77.755489013059375, 37.837904733804663 ], [ -77.75596401274305, 37.837257734110686 ], [ -77.756033012719143, 37.837062734106773 ], [ -77.756028012795696, 37.836731733941853 ], [ -77.755936012999541, 37.836197733567253 ], [ -77.755931013049164, 37.835990733461735 ], [ -77.756123013085869, 37.834975733224177 ], [ -77.756235013083128, 37.834496733139559 ], [ -77.756349013152729, 37.833677732894486 ], [ -77.756366013229297, 37.833251732712398 ], [ -77.756411013235123, 37.833028732663642 ], [ -77.756483013606612, 37.831010731789526 ], [ -77.75651701411347, 37.828538730648624 ], [ -77.756546014136418, 37.828308730575777 ], [ -77.756574014130251, 37.828216730567519 ], [ -77.756672014068286, 37.8280797306276 ], [ -77.757145013718727, 37.827652731030014 ], [ -77.757224013670694, 37.827534731074671 ], [ -77.757303013635905, 37.827356731090582 ], [ -77.757421013618895, 37.826932731038298 ], [ -77.7575930137033, 37.825821730725053 ], [ -77.757673013678911, 37.82559473071835 ], [ -77.758019013439849, 37.825219730981104 ], [ -77.758420013155401, 37.824821731302791 ], [ -77.758675012971764, 37.824582731513956 ], [ -77.758855012834559, 37.824448731679631 ], [ -77.759028012710047, 37.824287731823347 ], [ -77.759180012623517, 37.824044731900536 ], [ -77.759233012615695, 37.823860731879449 ], [ -77.75940901297669, 37.821531730979999 ], [ -77.75946801315294, 37.820507730560841 ], [ -77.75948001327771, 37.819904730284925 ], [ -77.759445013702702, 37.81815972939777 ], [ -77.759403013913428, 37.817393728974508 ], [ -77.759390014117656, 37.816538728545197 ], [ -77.7592990147309, 37.814178727290567 ], [ -77.759326014772384, 37.813885727183305 ], [ -77.759375014766846, 37.813713727162323 ], [ -77.759442014744437, 37.813544727165478 ], [ -77.759667014632655, 37.813140727255117 ], [ -77.75969701462752, 37.813043727246239 ], [ -77.759708014639969, 37.812944727212319 ], [ -77.759643014891196, 37.812090726717521 ], [ -77.759629014955863, 37.811859726588168 ], [ -77.759641014974193, 37.81173072654105 ], [ -77.759716014963331, 37.811480726514972 ], [ -77.759978014839277, 37.810990726609049 ], [ -77.761020014403869, 37.808815726870129 ], [ -77.761202014316368, 37.808490726941862 ], [ -77.761343014223527, 37.808348727050465 ], [ -77.76152401408811, 37.808237727224466 ], [ -77.762142013588701, 37.808021727897632 ], [ -77.762411013375441, 37.807910728182293 ], [ -77.762878013020142, 37.807655728645877 ], [ -77.763639012462988, 37.807152729358044 ], [ -77.763710012415117, 37.807088729416115 ], [ -77.763800012367639, 37.806951729462426 ], [ -77.763836012375364, 37.806783729425611 ], [ -77.763770012602762, 37.806066728992533 ], [ -77.763781012635221, 37.805887728918982 ], [ -77.763874012693407, 37.805292728745222 ], [ -77.763883012762847, 37.804964728596296 ], [ -77.763833012887787, 37.804621728366108 ], [ -77.763658013197883, 37.803958727822945 ], [ -77.763643013276265, 37.803681727668895 ], [ -77.763758013363301, 37.802883727423463 ], [ -77.764029013119028, 37.802912727776992 ], [ -77.765488011842109, 37.802906729601567 ], [ -77.766376011065546, 37.802900730710789 ], [ -77.7675080100598, 37.802957732156742 ], [ -77.768207009446016, 37.80296273303469 ], [ -77.771121008780625, 37.795513732979614 ], [ -77.772408008520301, 37.792223732938069 ], [ -77.779606007383322, 37.774041732622337 ], [ -77.779668007376387, 37.773884732617958 ], [ -77.779719007370687, 37.773755732614447 ], [ -77.783563007012333, 37.764104732339931 ], [ -77.786482006857071, 37.756787732075686 ], [ -77.787972006819871, 37.753045731916643 ], [ -77.788918006809467, 37.750672731809928 ], [ -77.789174006815031, 37.750008731768787 ], [ -77.790762010975854, 37.745895730770414 ], [ -77.792432015230659, 37.741671729775454 ], [ -77.794293019980842, 37.736959728645957 ], [ -77.794300019997763, 37.736942728642212 ], [ -77.796757026262569, 37.730729727128683 ], [ -77.796815026377033, 37.730608727110763 ], [ -77.797176027299372, 37.729694726884766 ], [ -77.797309027638235, 37.729358726801848 ], [ -77.796273029207498, 37.728746725162011 ], [ -77.793302033705316, 37.726992720467415 ], [ -77.784196, 37.721625 ], [ -77.783973, 37.721612 ], [ -77.781661, 37.721478 ], [ -77.771631, 37.720894 ], [ -77.769481, 37.720482 ], [ -77.769149, 37.720419 ], [ -77.750923, 37.716926 ], [ -77.748919, 37.716531 ], [ -77.732665, 37.712057 ], [ -77.727596, 37.710658 ], [ -77.725029, 37.709955 ], [ -77.722376, 37.709223 ], [ -77.711710705593347, 37.706286024081336 ], [ -77.703345689139496, 37.706768026021201 ], [ -77.700778684076184, 37.706912026614432 ], [ -77.699800682147682, 37.706969026838124 ], [ -77.699749682047113, 37.706972026849677 ], [ -77.694839672350511, 37.707254027970514 ], [ -77.687931657464603, 37.706118030826993 ], [ -77.682519645875914, 37.705230033098552 ], [ -77.680583642155554, 37.705464033439526 ], [ -77.666417795008741, 37.70717259058479 ], [ -77.659360786166147, 37.710205582819306 ], [ -77.655348782663538, 37.709572579193889 ], [ -77.642196771407228, 37.70749756745289 ], [ -77.636172766367594, 37.706546562148993 ], [ -77.630674761834868, 37.705674557350399 ], [ -77.632985543938503, 37.699882052489428 ], [ -77.634783545284748, 37.694889057026792 ], [ -77.637749547256774, 37.686672064365439 ], [ -77.641908555709961, 37.687888061739528 ], [ -77.641596553512414, 37.684590065123565 ], [ -77.64158855325644, 37.684095065618436 ], [ -77.641630552836844, 37.683072066620788 ], [ -77.641677552821704, 37.682861066813992 ], [ -77.641703552228122, 37.681544068113652 ], [ -77.641721551829491, 37.680658068987817 ], [ -77.641852551948759, 37.680406069190916 ], [ -77.641913552028257, 37.680338069236363 ], [ -77.642841553235783, 37.679313069915956 ], [ -77.640925549111245, 37.678076071847293 ], [ -77.640893549035226, 37.678040071895019 ], [ -77.641562549566558, 37.676612073068149 ], [ -77.642615550380214, 37.674370074896515 ], [ -77.644305550988136, 37.669517079035721 ], [ -77.644358551005595, 37.669365079164415 ], [ -77.64459555107949, 37.668680079744853 ], [ -77.644681551106075, 37.668432079954613 ], [ -77.64448455062491, 37.668170080291404 ], [ -77.644212550070421, 37.668024080544249 ], [ -77.645446550654739, 37.664907083109462 ], [ -77.645456550658892, 37.664881083130865 ], [ -77.645931550861846, 37.663665084127537 ], [ -77.646047550376124, 37.662333085384461 ], [ -77.646055550323894, 37.662205085506528 ], [ -77.646069550251056, 37.662017085684859 ], [ -77.646186549007226, 37.659220088375008 ], [ -77.649357554506807, 37.659368086869399 ], [ -77.649438554548425, 37.659188087009063 ], [ -77.649414554463817, 37.659107087097837 ], [ -77.649342554287585, 37.659008087224734 ], [ -77.649265554121158, 37.65894308732085 ], [ -77.649198553933758, 37.658807087481641 ], [ -77.649196553906734, 37.65876308752518 ], [ -77.649242553931529, 37.658663087602235 ], [ -77.649197553759223, 37.65848508779429 ], [ -77.649190553665719, 37.658333087944719 ], [ -77.649238553706127, 37.658256087998616 ], [ -77.649311553805177, 37.658209088012576 ], [ -77.649424553902307, 37.658032088135123 ], [ -77.649529554037301, 37.65795108816814 ], [ -77.6496745541981, 37.657792088259193 ], [ -77.649722554213767, 37.657670088356426 ], [ -77.649901554355495, 37.657370088568818 ], [ -77.649988554480373, 37.657328088571589 ], [ -77.650013554439852, 37.657175088708669 ], [ -77.649957554276085, 37.657048088855923 ], [ -77.649911554184058, 37.657022088901137 ], [ -77.648564551838845, 37.656905089603043 ], [ -77.649135551966765, 37.655340090871363 ], [ -77.649147551971396, 37.655311090894223 ], [ -77.649713552091413, 37.653769092136571 ], [ -77.649718551796184, 37.653207092678407 ], [ -77.649602551210364, 37.652480093434519 ], [ -77.649533550613114, 37.651585094332539 ], [ -77.649581550534194, 37.651291094595507 ], [ -77.649636550462915, 37.650990094861861 ], [ -77.649646550437382, 37.650912094932849 ], [ -77.650208550726092, 37.649732095816759 ], [ -77.650406550636575, 37.648969096462594 ], [ -77.650517550666109, 37.648689096681466 ], [ -77.651211551117953, 37.647441097561902 ], [ -77.651477551270645, 37.64693109792821 ], [ -77.651915551765981, 37.646538098100379 ], [ -77.652187552072462, 37.646294098206589 ], [ -77.652755552519537, 37.645445098752461 ], [ -77.653096552895491, 37.645132098890365 ], [ -77.652888552512692, 37.645049099068721 ], [ -77.65290255251567, 37.645014099095555 ], [ -77.653491552560155, 37.643408100350634 ], [ -77.654453552572349, 37.640726102443445 ], [ -77.654119551733018, 37.640183103124834 ], [ -77.653973551367088, 37.639946103422645 ], [ -77.653938551087379, 37.639551103816899 ], [ -77.653709549179311, 37.636821106537262 ], [ -77.653720549138711, 37.636719106629208 ], [ -77.653890549118103, 37.636215107024888 ], [ -77.653934548936206, 37.635774107423565 ], [ -77.653771548123288, 37.634787108448478 ], [ -77.653708547885813, 37.634540108716436 ], [ -77.653605547602012, 37.634320108979125 ], [ -77.652692545368623, 37.632851110852577 ], [ -77.652258544398492, 37.632306111599 ], [ -77.65200254389903, 37.632113111916645 ], [ -77.652004543839922, 37.632001112023154 ], [ -77.652088543892901, 37.63186511211029 ], [ -77.652143543848553, 37.631634112303644 ], [ -77.652053543302173, 37.630898113057235 ], [ -77.651921542958036, 37.630640113373929 ], [ -77.651901542881006, 37.630556113465062 ], [ -77.651809541947898, 37.629124114889635 ], [ -77.651732541577502, 37.628665115371497 ], [ -77.65156854101528, 37.628095116006548 ], [ -77.651200539860469, 37.627002117254399 ], [ -77.650742538265618, 37.625340119102077 ], [ -77.650737538140604, 37.625125119312159 ], [ -77.650863538067597, 37.624650119702224 ], [ -77.650842537978974, 37.624545119814897 ], [ -77.65077053783348, 37.624474119922326 ], [ -77.650665537652301, 37.624427120024585 ], [ -77.650609537512025, 37.624322120156158 ], [ -77.650622537458645, 37.624189120277556 ], [ -77.650658537430488, 37.624040120401801 ], [ -77.650887537270975, 37.623131121153911 ], [ -77.651002537280078, 37.6228391213726 ], [ -77.651026537246253, 37.622713121480864 ], [ -77.651071537225064, 37.62255412160949 ], [ -77.651504537349254, 37.621627122264229 ], [ -77.651668537349636, 37.621194122590346 ], [ -77.651811537259761, 37.620655123029536 ], [ -77.651984537099793, 37.619913123646455 ], [ -77.652084536824788, 37.619157124316843 ], [ -77.65208653672596, 37.618974124491523 ], [ -77.652059536554731, 37.618736124735229 ], [ -77.652020536423478, 37.618601124886709 ], [ -77.651895536115646, 37.618371125177745 ], [ -77.651869536031072, 37.618286125274125 ], [ -77.651858535941528, 37.618153125408163 ], [ -77.6518885358483, 37.617907125627653 ], [ -77.651962535708876, 37.617464126011633 ], [ -77.652074535849053, 37.61742712598398 ], [ -77.652104535860403, 37.61737012602179 ], [ -77.652088535817995, 37.617335126064432 ], [ -77.652140535868682, 37.617292126076357 ], [ -77.652157535871353, 37.61725312610416 ], [ -77.652120535751024, 37.617132126241238 ], [ -77.652120535699325, 37.617039126330553 ], [ -77.652087535605958, 37.616956126428967 ], [ -77.652038535501362, 37.61689412651625 ], [ -77.651898535244442, 37.616792126693475 ], [ -77.651804535035183, 37.616657126876532 ], [ -77.651688534811271, 37.616552127043228 ], [ -77.651447534360457, 37.616359127365747 ], [ -77.651138533800065, 37.616142127750258 ], [ -77.65057253282086, 37.615827128376168 ], [ -77.650387532525812, 37.615769128537522 ], [ -77.650290532350709, 37.615701128658472 ], [ -77.650049531946394, 37.615588128905159 ], [ -77.649821531520899, 37.615401129216096 ], [ -77.649719531342953, 37.615340129333376 ], [ -77.64942953086738, 37.615222129613393 ], [ -77.649244530554128, 37.615128129810238 ], [ -77.649155530413296, 37.615101129887329 ], [ -77.648989530120957, 37.61499513008517 ], [ -77.648610529403655, 37.614658130629479 ], [ -77.648523529257517, 37.614615130721162 ], [ -77.648355529002586, 37.614583130848636 ], [ -77.648083528569799, 37.614493131092239 ], [ -77.647957528393022, 37.614496131161609 ], [ -77.647911528316286, 37.614474131209413 ], [ -77.647748528000193, 37.614312131460821 ], [ -77.647592527730112, 37.614218131642104 ], [ -77.647211527095152, 37.614034132040686 ], [ -77.647006526767996, 37.61396213222897 ], [ -77.646939526672881, 37.613961132268528 ], [ -77.646845526510972, 37.613905132377376 ], [ -77.646703526286075, 37.613858132505086 ], [ -77.64663452616216, 37.613807132594694 ], [ -77.646567526057765, 37.613788132651834 ], [ -77.646429525857371, 37.613777132742186 ], [ -77.646377525782967, 37.613775132774059 ], [ -77.646269525666341, 37.613844132768719 ], [ -77.646197525560581, 37.613836132818079 ], [ -77.646032525299375, 37.613781132966999 ], [ -77.645745524924806, 37.613840133074433 ], [ -77.645210524197921, 37.61389513332864 ], [ -77.645030523950993, 37.613909133418467 ], [ -77.64451552321998, 37.613901133722912 ], [ -77.644432523109899, 37.613915133756954 ], [ -77.644248522884439, 37.613983133795848 ], [ -77.644189522792573, 37.613966133846517 ], [ -77.644049522591345, 37.613959133934081 ], [ -77.643957522468497, 37.613973133973118 ], [ -77.643939522457671, 37.614002133954934 ], [ -77.643943522531103, 37.614137133819412 ], [ -77.643881522474587, 37.614199133793882 ], [ -77.643815522389346, 37.614215133816032 ], [ -77.643720522257055, 37.614219133866726 ], [ -77.643498521886301, 37.614105134106964 ], [ -77.643173521274491, 37.613798134597488 ], [ -77.642672520268334, 37.61319213548655 ], [ -77.642456519776331, 37.612810135990195 ], [ -77.642417519646756, 37.612658136163432 ], [ -77.642432519580652, 37.612481136330253 ], [ -77.642258519138721, 37.612078136831101 ], [ -77.642067518791563, 37.611915137103949 ], [ -77.64200851869289, 37.61188213717115 ], [ -77.641852518455224, 37.611842137301679 ], [ -77.641754518290881, 37.611786137414413 ], [ -77.64173751823688, 37.611724137485922 ], [ -77.641809518211048, 37.611465137701323 ], [ -77.641820518161452, 37.611332137826984 ], [ -77.641755517832735, 37.610844138349812 ], [ -77.641765517769542, 37.610686138501009 ], [ -77.641818517724104, 37.610442138712358 ], [ -77.641804517632394, 37.61029413886768 ], [ -77.641773517545943, 37.610205138974351 ], [ -77.641601517175886, 37.609935139343804 ], [ -77.64160751707368, 37.60970813956591 ], [ -77.641568516954493, 37.609574139722191 ], [ -77.641469516753915, 37.609443139910852 ], [ -77.641425516676563, 37.609409139970616 ], [ -77.641295516473164, 37.609360140096165 ], [ -77.64123051635184, 37.609295140199166 ], [ -77.641202516274461, 37.609215140295404 ], [ -77.641200516178714, 37.60902314048775 ], [ -77.641112516019589, 37.608945140617479 ], [ -77.640835515605318, 37.608878140848127 ], [ -77.640800515541187, 37.608845140901735 ], [ -77.640694515128203, 37.608290141517983 ], [ -77.640671514975409, 37.608038141782863 ], [ -77.640707514960894, 37.607905141894108 ], [ -77.640763514999222, 37.607825141940523 ], [ -77.640841515077767, 37.607766141952929 ], [ -77.641162515444861, 37.607615141912056 ], [ -77.641240515520252, 37.607550141930275 ], [ -77.641283515537467, 37.607464141990185 ], [ -77.641276515457591, 37.607319142138685 ], [ -77.641295515450622, 37.607251142194954 ], [ -77.641418515560602, 37.607131142240952 ], [ -77.641516515684842, 37.6071111422022 ], [ -77.641558515728619, 37.607083142204957 ], [ -77.641733515731261, 37.606598142582321 ], [ -77.641671515338757, 37.605966143247713 ], [ -77.64163151524005, 37.605875143362198 ], [ -77.641273514502998, 37.605358144092207 ], [ -77.64124851442746, 37.605272144192824 ], [ -77.641266514391731, 37.605148144305453 ], [ -77.64131451440241, 37.605036144387803 ], [ -77.641321514290141, 37.604785144633361 ], [ -77.641211514029592, 37.604554144929992 ], [ -77.641016513601627, 37.604213145387824 ], [ -77.640985513494158, 37.604077145542036 ], [ -77.64089451327709, 37.603881145792663 ], [ -77.640837513105922, 37.603685146022684 ], [ -77.640693512778654, 37.603407146387518 ], [ -77.640382512095343, 37.602852147131081 ], [ -77.640244511833615, 37.602691147376234 ], [ -77.640091511557827, 37.602542147618763 ], [ -77.639953511324308, 37.602439147806223 ], [ -77.63954351068557, 37.602247148249596 ], [ -77.639409510498652, 37.602230148348852 ], [ -77.639149510163818, 37.602256148482326 ], [ -77.638976509928639, 37.602247148597392 ], [ -77.638833509724591, 37.602219148713239 ], [ -77.638657509456493, 37.602148148892489 ], [ -77.638464509184985, 37.602118149041068 ], [ -77.638341509023675, 37.602124149110509 ], [ -77.63812950876958, 37.602186149178301 ], [ -77.638010508634864, 37.602238149199032 ], [ -77.637901508500477, 37.602262149241739 ], [ -77.637612508130758, 37.602297149383759 ], [ -77.637473507940541, 37.602287149479039 ], [ -77.637339507750141, 37.602262149586451 ], [ -77.63701150726429, 37.602157149893635 ], [ -77.636872507050086, 37.60209415004249 ], [ -77.636637506670738, 37.601949150333233 ], [ -77.636485506444984, 37.601898150478164 ], [ -77.636323506221856, 37.60188215059393 ], [ -77.636093505941503, 37.60194015067659 ], [ -77.635954505751741, 37.601930150772063 ], [ -77.635830505563135, 37.60187815090093 ], [ -77.635819505449248, 37.601657151131569 ], [ -77.635774505356594, 37.601584151233247 ], [ -77.635727505279732, 37.601552151294563 ], [ -77.635669505198521, 37.601543151339364 ], [ -77.635527505010941, 37.601546151423747 ], [ -77.635452504922341, 37.601571151444645 ], [ -77.635159504596501, 37.601715151478828 ], [ -77.634950504351906, 37.601791151530229 ], [ -77.634652503977023, 37.601841151662569 ], [ -77.634345503574579, 37.601856151836039 ], [ -77.63421850343299, 37.601919151849998 ], [ -77.63409650331414, 37.602019151823079 ], [ -77.633965503141198, 37.602023151899417 ], [ -77.633900503042724, 37.601996151966951 ], [ -77.633710502705441, 37.601803152280389 ], [ -77.633458502278771, 37.60159315264962 ], [ -77.633195501862744, 37.601440152967804 ], [ -77.633013501494617, 37.601147153379323 ], [ -77.632971501422944, 37.601110153443045 ], [ -77.6327055010604, 37.601088153629703 ], [ -77.63261250092026, 37.60104915372699 ], [ -77.632283500385313, 37.600818154166674 ], [ -77.631815499689708, 37.600640154638548 ], [ -77.631585499346798, 37.600549154874216 ], [ -77.631366499046806, 37.600525155034404 ], [ -77.63099449856108, 37.600541155248159 ], [ -77.630916498476154, 37.600585155251203 ], [ -77.630745498269278, 37.600632155308645 ], [ -77.630578498043946, 37.600622155422265 ], [ -77.63048349790283, 37.600585155519106 ], [ -77.630374497720908, 37.600494155680373 ], [ -77.630249497528652, 37.600429155824791 ], [ -77.630066497266824, 37.600381155987613 ], [ -77.629654496659384, 37.600228156400803 ], [ -77.628334494787197, 37.599909157549952 ], [ -77.628119494448114, 37.599770157827635 ], [ -77.62748649348093, 37.599434158570382 ], [ -77.626901492598776, 37.599147159233496 ], [ -77.626791492427287, 37.599078159373974 ], [ -77.62655249207711, 37.598985159619907 ], [ -77.626401491832709, 37.59886615983838 ], [ -77.626333491705552, 37.598768159983024 ], [ -77.626345491688426, 37.598683160064269 ], [ -77.626326491630252, 37.598597160165887 ], [ -77.626333491585726, 37.598458160306492 ], [ -77.626286491481636, 37.598348160450733 ], [ -77.626218491366373, 37.598280160564236 ], [ -77.626055491119175, 37.598192160758217 ], [ -77.626019491040935, 37.598111160865443 ], [ -77.626032490994092, 37.59794516103063 ], [ -77.626037490976401, 37.597882161093267 ], [ -77.626057490985588, 37.59783816112666 ], [ -77.626075490974074, 37.597747161210442 ], [ -77.626113491012134, 37.597717161217908 ], [ -77.626170491041421, 37.597600161304229 ], [ -77.626204491024467, 37.597441161448877 ], [ -77.626203491010799, 37.597409161482886 ], [ -77.626085490758101, 37.59715216182552 ], [ -77.626075490664263, 37.596942162051057 ], [ -77.626025490538126, 37.596783162248649 ], [ -77.626017490481573, 37.59666316237908 ], [ -77.626043490495718, 37.596612162415902 ], [ -77.626259490732082, 37.596498162398504 ], [ -77.626454490904464, 37.596290162492174 ], [ -77.626525490978651, 37.596244162495246 ], [ -77.62660949107736, 37.596218162469228 ], [ -77.626794491309212, 37.596198162372929 ], [ -77.626956491523728, 37.596210162257918 ], [ -77.627054491622104, 37.596137162271916 ], [ -77.627138491715996, 37.596099162258319 ], [ -77.627590492175614, 37.595781162302572 ], [ -77.627660492204001, 37.595624162421295 ], [ -77.627738492178878, 37.595306162702151 ], [ -77.627705492136343, 37.595306162723141 ], [ -77.627725492131262, 37.595228162791493 ], [ -77.627705492062745, 37.595120162916459 ], [ -77.627737492072711, 37.595041162978127 ], [ -77.627782492115202, 37.595002162990021 ], [ -77.628039492426595, 37.594953162877161 ], [ -77.628185492587775, 37.594886162853768 ], [ -77.6282564926464, 37.594804162893595 ], [ -77.628270492632467, 37.594724162967601 ], [ -77.628297492654397, 37.594692162983542 ], [ -77.628327492653781, 37.594594163066041 ], [ -77.628324492610759, 37.594496163169573 ], [ -77.62828549250915, 37.594367163328315 ], [ -77.627867491721702, 37.593734164252758 ], [ -77.627600491258605, 37.59342616474396 ], [ -77.627444490934494, 37.593109165173793 ], [ -77.627292490655066, 37.592891165498223 ], [ -77.626969490098375, 37.592519166093538 ], [ -77.626879489922715, 37.592362166315127 ], [ -77.626730489513193, 37.591796167001192 ], [ -77.626612489282991, 37.59158816729439 ], [ -77.626423488950621, 37.591347167668182 ], [ -77.626300488765082, 37.591269167829374 ], [ -77.626009488364531, 37.591183168108053 ], [ -77.625810488083459, 37.591105168318748 ], [ -77.625669487872287, 37.591018168501272 ], [ -77.625596487750073, 37.590939168631344 ], [ -77.625533487622974, 37.590814168803028 ], [ -77.625432487461865, 37.590725168961768 ], [ -77.625398487414074, 37.590712168997563 ], [ -77.625287487257609, 37.590668169115787 ], [ -77.625161487064105, 37.590576169294216 ], [ -77.624758486403891, 37.590169169983277 ], [ -77.624474485970168, 37.589963170384792 ], [ -77.624253485656055, 37.589864170633099 ], [ -77.62400948532121, 37.589786170874468 ], [ -77.623780485017591, 37.589741171071445 ], [ -77.623526484690174, 37.589716171263802 ], [ -77.623248484340849, 37.589713171448786 ], [ -77.62278248377018, 37.589749171715475 ], [ -77.622309, 37.589763 ], [ -77.622157, 37.58978 ], [ -77.622052, 37.589809 ], [ -77.621862, 37.58989 ], [ -77.621684, 37.589945 ], [ -77.62148, 37.589979 ], [ -77.621286, 37.589989 ], [ -77.620929, 37.589982 ], [ -77.620383, 37.589918 ], [ -77.620062, 37.589819 ], [ -77.619876, 37.589712 ], [ -77.619647, 37.589633 ], [ -77.619372, 37.589568 ], [ -77.619175, 37.589489 ], [ -77.618893, 37.589334 ], [ -77.618716, 37.589256 ], [ -77.618486, 37.589112 ], [ -77.618321, 37.588974 ], [ -77.618187, 37.588815 ], [ -77.618134, 37.588719 ], [ -77.618087, 37.588456 ], [ -77.618131, 37.588159 ], [ -77.618165, 37.588053 ], [ -77.618352, 37.587748 ], [ -77.618368, 37.587558 ], [ -77.618345, 37.587354 ], [ -77.618315, 37.587261 ], [ -77.618326, 37.58706 ], [ -77.618371, 37.586883 ], [ -77.618482, 37.586637 ], [ -77.61853, 37.58648 ], [ -77.618579, 37.58604 ], [ -77.618702, 37.585641 ], [ -77.618813, 37.58512 ], [ -77.618854, 37.585074 ], [ -77.618892, 37.584881 ], [ -77.618824, 37.584568 ], [ -77.618742, 37.584293 ], [ -77.61872, 37.584171 ], [ -77.618713, 37.583913 ], [ -77.618592, 37.583409 ], [ -77.61853, 37.582991 ], [ -77.618413, 37.582598 ], [ -77.618407, 37.582472 ], [ -77.618346, 37.582275 ], [ -77.618267, 37.582097 ], [ -77.618276, 37.581996 ], [ -77.618229, 37.581697 ], [ -77.618165, 37.581461 ], [ -77.618107, 37.581332 ], [ -77.618057, 37.581258 ], [ -77.617865, 37.581071 ], [ -77.617742, 37.580982 ], [ -77.617256, 37.580717 ], [ -77.617174, 37.580643 ], [ -77.617034, 37.580393 ], [ -77.61697, 37.580213 ], [ -77.616914, 37.580138 ], [ -77.616805, 37.579652 ], [ -77.616642, 37.579265 ], [ -77.616296, 37.578566 ], [ -77.616319, 37.578317 ], [ -77.616301, 37.578228 ], [ -77.616351, 37.577867 ], [ -77.61643, 37.577555 ], [ -77.616491, 37.577428 ], [ -77.616552, 37.577378 ], [ -77.616745, 37.577256 ], [ -77.617067, 37.577086 ], [ -77.617701, 37.576918 ], [ -77.617846, 37.576896 ], [ -77.617991, 37.576893 ], [ -77.620076, 37.577051 ], [ -77.620618, 37.576896 ], [ -77.620768, 37.576852 ], [ -77.621158, 37.576739 ], [ -77.623923, 37.575758 ], [ -77.624191, 37.575752 ], [ -77.624457, 37.575767 ], [ -77.625227, 37.575813 ], [ -77.627992485163418, 37.57683118171974 ], [ -77.629021486403317, 37.576925180906933 ], [ -77.630475488020622, 37.576727180100221 ], [ -77.630554488108274, 37.5767161800566 ], [ -77.630776488303781, 37.576563180059594 ], [ -77.631245488764094, 37.576356179945726 ], [ -77.631531489030365, 37.576197179909677 ], [ -77.631575489060538, 37.576147179930267 ], [ -77.631665489029913, 37.575826180196913 ], [ -77.631719489076602, 37.575788180198153 ], [ -77.632119489492254, 37.57567318003656 ], [ -77.632378489735245, 37.575538179993636 ], [ -77.6325564898506, 37.575325180087155 ], [ -77.632860490079409, 37.575038180167674 ], [ -77.633008490065066, 37.574607180504394 ], [ -77.633170490119852, 37.574301180702967 ], [ -77.63333649022708, 37.574107180784296 ], [ -77.633577490417025, 37.573906180819591 ], [ -77.633765490585958, 37.573798180797212 ], [ -77.634039490850284, 37.57368318072114 ], [ -77.634508491183666, 37.573218180863122 ], [ -77.634552491201859, 37.573145180906295 ], [ -77.634563491188004, 37.573085180959495 ], [ -77.634525491118566, 37.573026181046416 ], [ -77.634521491085366, 37.57296118111536 ], [ -77.634716491207485, 37.572733181209124 ], [ -77.635137491495939, 37.572301181349196 ], [ -77.635376491541422, 37.571793181694773 ], [ -77.635689491712085, 37.571381181889492 ], [ -77.635768491729308, 37.57122018199621 ], [ -77.635794491679761, 37.571044182155987 ], [ -77.635785491631879, 37.570960182247482 ], [ -77.635676491434438, 37.570794182493593 ], [ -77.635600491319124, 37.570728182614829 ], [ -77.635582491263051, 37.570648182708794 ], [ -77.63564249124876, 37.570465182851358 ], [ -77.635657491215937, 37.570354182952975 ], [ -77.63564549114065, 37.570216183101515 ], [ -77.635661491084747, 37.570051183257291 ], [ -77.635755491075571, 37.569795183449138 ], [ -77.636121491175956, 37.569107183882508 ], [ -77.636190491166843, 37.568916184026008 ], [ -77.636261491148531, 37.568700184193318 ], [ -77.636249491069165, 37.568554184349601 ], [ -77.636190490916832, 37.568362184586498 ], [ -77.636135490819555, 37.568282184707201 ], [ -77.635890490442918, 37.568050185119304 ], [ -77.635701490180182, 37.567932185375589 ], [ -77.635519489938019, 37.567842185598643 ], [ -77.634564488755572, 37.567562186575138 ], [ -77.634118488184313, 37.567385187078955 ], [ -77.634014488067095, 37.567380187159557 ], [ -77.633937487958832, 37.567327187269385 ], [ -77.634034488015331, 37.567211187317127 ], [ -77.634256488197451, 37.567067187302428 ], [ -77.634712488658863, 37.56697218706752 ], [ -77.63482348875921, 37.566922187037591 ], [ -77.634880488797734, 37.566867187052004 ], [ -77.634907488804927, 37.566816187084228 ], [ -77.634899488746953, 37.566705187202764 ], [ -77.634678488311522, 37.56627018780587 ], [ -77.634661488257521, 37.566190187899593 ], [ -77.634668488197704, 37.566037188049975 ], [ -77.63479248827143, 37.565896188102727 ], [ -77.634957488419076, 37.565821188058337 ], [ -77.635115488587715, 37.565811187952974 ], [ -77.635180488661618, 37.565817187899341 ], [ -77.635623489217267, 37.565974187416479 ], [ -77.63570148930863, 37.56598718734633 ], [ -77.635774489391835, 37.565994187285938 ], [ -77.636562490237552, 37.565953186751791 ], [ -77.636732490427619, 37.565961186619475 ], [ -77.636927490655125, 37.565991186446794 ], [ -77.63724249104645, 37.566091186115898 ], [ -77.637476491385556, 37.566270185764708 ], [ -77.637607491589364, 37.566400185538214 ], [ -77.637777491831699, 37.566520185293491 ], [ -77.637914492011575, 37.566583185130298 ], [ -77.638447492659324, 37.566714184610404 ], [ -77.638711492962784, 37.566741184391191 ], [ -77.638868493118395, 37.56670418431392 ], [ -77.639005493264136, 37.566693184225258 ], [ -77.639126493369645, 37.566634184196204 ], [ -77.639229493467511, 37.566601184154315 ], [ -77.639294493536696, 37.566596184111965 ], [ -77.639368493596905, 37.566551184103176 ], [ -77.63967649388465, 37.56644318398682 ], [ -77.640002494201738, 37.566356183836106 ], [ -77.640326494562203, 37.566365183590776 ], [ -77.640795495142768, 37.566500183114258 ], [ -77.641132495576429, 37.566630182739232 ], [ -77.641387495895529, 37.566709182474888 ], [ -77.641591496142652, 37.566755182280623 ], [ -77.642139496760677, 37.56678418185296 ], [ -77.642519497146438, 37.566717181642808 ], [ -77.643285497821438, 37.566378181420241 ], [ -77.643525498049328, 37.566306181316413 ], [ -77.64387749840806, 37.566250181114945 ], [ -77.644209498776789, 37.566258180864814 ], [ -77.64469149933926, 37.566323180449189 ], [ -77.645113499789801, 37.566297180167005 ], [ -77.646129500898979, 37.566283179439623 ], [ -77.646419501226418, 37.566300179211396 ], [ -77.646779501651707, 37.566357178893107 ], [ -77.647108502024878, 37.56637917863172 ], [ -77.647802502766709, 37.566339178164633 ], [ -77.647965502933204, 37.566315178069196 ], [ -77.648216503214314, 37.566325177876323 ], [ -77.64845150346143, 37.566304177725442 ], [ -77.648531503536006, 37.566279177691314 ], [ -77.649111504121791, 37.566183177361339 ], [ -77.64950950449095, 37.566057177192917 ], [ -77.650373505338806, 37.565873176739835 ], [ -77.650592505536267, 37.56579517665508 ], [ -77.650819505753205, 37.565737176545092 ], [ -77.651839506746683, 37.565514176013522 ], [ -77.652012506898714, 37.565447175951299 ], [ -77.652229507103087, 37.56538817584903 ], [ -77.65233050720957, 37.565381175781781 ], [ -77.652658507592633, 37.565425175499399 ], [ -77.652848507791902, 37.565410175374602 ], [ -77.652951507864074, 37.565338175368147 ], [ -77.653114508008429, 37.565278175306226 ], [ -77.653208508075025, 37.565214175298522 ], [ -77.65333250814669, 37.565101175315704 ], [ -77.653376508150671, 37.565023175358021 ], [ -77.653521508214411, 37.564856175411244 ], [ -77.653532508207178, 37.564822175435708 ], [ -77.653669508338837, 37.564791175364768 ], [ -77.653714508396334, 37.564806175317351 ], [ -77.653749508460521, 37.564852175247673 ], [ -77.655375509748566, 37.56401517484904 ], [ -77.655400509759502, 37.563987174857289 ], [ -77.655701509438984, 37.562871175694177 ], [ -77.655767509368545, 37.562627175876699 ], [ -77.656245508846752, 37.560851177204178 ], [ -77.663125513195965, 37.556132176428854 ], [ -77.665332514456267, 37.554549176199245 ], [ -77.668529516060516, 37.552045176017991 ], [ -77.669632516646573, 37.551266175866807 ], [ -77.672636518177598, 37.549133175437028 ], [ -77.676265520002559, 37.54667917475426 ], [ -77.67944152129391, 37.544246174358349 ], [ -77.683012522832229, 37.541784173618318 ], [ -77.687393524490432, 37.538673172709522 ], [ -77.689981525364701, 37.536809172153404 ], [ -77.691685525902713, 37.535578171773288 ], [ -77.694759526773296, 37.533321171083116 ], [ -77.696587527305581, 37.532047170595781 ], [ -77.696901527389542, 37.53182317051477 ], [ -77.699905528143489, 37.529677169719314 ], [ -77.706438529446061, 37.524961167884157 ], [ -77.707651529629203, 37.524070167533566 ], [ -77.71285253015364, 37.520145166031085 ], [ -77.715862530333183, 37.517872165102538 ], [ -77.723843, 37.512146 ], [ -77.724164, 37.511915 ], [ -77.732333, 37.506239 ], [ -77.732376, 37.506209 ], [ -77.732738, 37.506021 ], [ -77.739807, 37.500818 ], [ -77.742704, 37.498684 ], [ -77.742803, 37.498611 ], [ -77.74619, 37.495983 ], [ -77.747867, 37.494682 ], [ -77.749717, 37.493584 ], [ -77.749717, 37.493785 ], [ -77.757322, 37.488281 ], [ -77.762624, 37.484492 ], [ -77.762699, 37.484437 ], [ -77.769047, 37.479836 ], [ -77.775412, 37.475213 ], [ -77.777616, 37.473619 ], [ -77.787489, 37.466461 ], [ -77.79784, 37.458961 ], [ -77.797797, 37.458885 ], [ -77.79777, 37.45819 ], [ -77.797749, 37.458119 ], [ -77.797632, 37.457981 ], [ -77.797604, 37.457696 ], [ -77.79757, 37.457663 ], [ -77.797605, 37.457449 ], [ -77.797708, 37.457235 ], [ -77.79777, 37.456894 ], [ -77.797797, 37.45685 ], [ -77.797949, 37.456784 ], [ -77.79799, 37.456719 ], [ -77.797997, 37.456598 ], [ -77.79797, 37.45651 ], [ -77.797825, 37.456246 ], [ -77.797825, 37.456126 ], [ -77.797901, 37.455983 ], [ -77.797956, 37.455675 ], [ -77.797935, 37.455659 ], [ -77.797915, 37.455478 ], [ -77.79788, 37.455417 ], [ -77.797867, 37.455335 ], [ -77.797688, 37.455016 ], [ -77.797688, 37.454951 ], [ -77.797749, 37.454753 ], [ -77.797681, 37.454627 ], [ -77.797577, 37.454528 ], [ -77.797509, 37.454423 ], [ -77.797497, 37.454323 ], [ -77.797522, 37.454231 ], [ -77.79757, 37.45416 ], [ -77.797688, 37.454067 ], [ -77.797715, 37.454006 ], [ -77.797694, 37.453869 ], [ -77.797515, 37.453419 ], [ -77.797474, 37.453375 ], [ -77.797495, 37.4531 ], [ -77.79744, 37.453062 ], [ -77.79744, 37.452941 ], [ -77.797543, 37.452233 ], [ -77.797557, 37.451535 ], [ -77.797509, 37.451189 ], [ -77.797488, 37.451162 ], [ -77.797509, 37.451041 ], [ -77.797564, 37.450948 ], [ -77.797564, 37.450717 ], [ -77.797654, 37.450465 ], [ -77.797709, 37.45013 ], [ -77.797791, 37.449866 ], [ -77.797943, 37.449531 ], [ -77.797991, 37.449487 ], [ -77.797964, 37.449416 ], [ -77.797998, 37.449383 ], [ -77.798253, 37.448867 ], [ -77.79837, 37.448533 ], [ -77.798522, 37.448263 ], [ -77.79857, 37.44812 ], [ -77.798597, 37.448093 ], [ -77.798591, 37.448054 ], [ -77.798625, 37.448021 ], [ -77.798721, 37.447829 ], [ -77.798797, 37.447653 ], [ -77.798811, 37.447576 ], [ -77.798852, 37.447505 ], [ -77.798873, 37.447181 ], [ -77.79879, 37.446874 ], [ -77.798694, 37.446725 ], [ -77.798584, 37.446616 ], [ -77.798494, 37.446308 ], [ -77.798474, 37.446077 ], [ -77.798488, 37.44594 ], [ -77.798515, 37.445902 ], [ -77.798515, 37.445495 ], [ -77.798591, 37.445347 ], [ -77.798729, 37.445182 ], [ -77.798798, 37.444886 ], [ -77.798839, 37.44482 ], [ -77.799087, 37.444584 ], [ -77.799211, 37.44437 ], [ -77.799328, 37.444321 ], [ -77.799562, 37.444073 ], [ -77.799734, 37.443749 ], [ -77.799817, 37.443689 ], [ -77.799886, 37.443601 ], [ -77.799886, 37.443568 ], [ -77.799934, 37.44348 ], [ -77.800044, 37.443442 ], [ -77.800134, 37.443354 ], [ -77.800196, 37.443239 ], [ -77.800278, 37.443146 ], [ -77.800588, 37.442866 ], [ -77.800719, 37.442706 ], [ -77.800719, 37.442646 ], [ -77.800774, 37.442618 ], [ -77.80094, 37.442454 ], [ -77.800967, 37.44241 ], [ -77.800974, 37.442355 ], [ -77.801036, 37.442333 ], [ -77.801897, 37.441207 ], [ -77.801966, 37.441136 ], [ -77.802179, 37.440807 ], [ -77.802296, 37.440658 ], [ -77.802344, 37.44062 ], [ -77.802738, 37.440009 ], [ -77.802916, 37.439813 ], [ -77.80315, 37.439615 ], [ -77.803749, 37.438995 ], [ -77.803983, 37.438797 ], [ -77.803984, 37.438775 ], [ -77.80439, 37.438352 ], [ -77.804865, 37.437781 ], [ -77.804927, 37.437677 ], [ -77.804989, 37.437633 ], [ -77.805037, 37.437551 ], [ -77.805175, 37.437216 ], [ -77.805264, 37.436821 ], [ -77.805498, 37.43597 ], [ -77.805519, 37.435958 ], [ -77.805526, 37.435893 ], [ -77.805602, 37.435766 ], [ -77.805609, 37.435711 ], [ -77.80556, 37.435673 ], [ -77.805492, 37.435668 ], [ -77.805381, 37.4357 ], [ -77.805264, 37.435618 ], [ -77.805209, 37.435492 ], [ -77.805168, 37.435442 ], [ -77.805079, 37.435228 ], [ -77.804927, 37.434981 ], [ -77.804899, 37.434772 ], [ -77.804927, 37.434679 ], [ -77.805079, 37.434454 ], [ -77.805106, 37.434443 ], [ -77.805106, 37.43441 ], [ -77.805161, 37.434295 ], [ -77.805271, 37.434103 ], [ -77.805382, 37.433971 ], [ -77.805505, 37.433729 ], [ -77.805562, 37.433652 ], [ -77.805981, 37.433197 ], [ -77.806077, 37.433059 ], [ -77.80607, 37.432829 ], [ -77.806043, 37.432757 ], [ -77.806036, 37.432648 ], [ -77.806104, 37.432456 ], [ -77.806153, 37.432362 ], [ -77.80618, 37.432351 ], [ -77.806304, 37.432 ], [ -77.806332, 37.431972 ], [ -77.806373, 37.431791 ], [ -77.806456, 37.431626 ], [ -77.806628, 37.431451 ], [ -77.80669, 37.431363 ], [ -77.806869, 37.43122 ], [ -77.807186, 37.430924 ], [ -77.807268, 37.430825 ], [ -77.807358, 37.430748 ], [ -77.807674, 37.43055 ], [ -77.807902, 37.430374 ], [ -77.808039, 37.430363 ], [ -77.808356, 37.430287 ], [ -77.808542, 37.430193 ], [ -77.808583, 37.430133 ], [ -77.808645, 37.42993 ], [ -77.808597, 37.429847 ], [ -77.808163, 37.429726 ], [ -77.80806, 37.429661 ], [ -77.807977, 37.429529 ], [ -77.80797, 37.429155 ], [ -77.807998, 37.428892 ], [ -77.807977, 37.42881 ], [ -77.807977, 37.428491 ], [ -77.807943, 37.428233 ], [ -77.807964, 37.42742 ], [ -77.807984, 37.427272 ], [ -77.808067, 37.427025 ], [ -77.808129, 37.426926 ], [ -77.808274, 37.426789 ], [ -77.809003, 37.426234 ], [ -77.809189, 37.426108 ], [ -77.809347, 37.426097 ], [ -77.809547, 37.426136 ], [ -77.809657, 37.426141 ], [ -77.809754, 37.426119 ], [ -77.809809, 37.426095 ], [ -77.810029, 37.425998 ], [ -77.810298, 37.425905 ], [ -77.810573, 37.425872 ], [ -77.810862, 37.42585 ], [ -77.812081, 37.42585 ], [ -77.813767, 37.425427 ], [ -77.814346, 37.425301 ], [ -77.815062, 37.425191 ], [ -77.815296, 37.425131 ], [ -77.81544, 37.42507 ], [ -77.81553, 37.425048 ], [ -77.816383, 37.424466 ], [ -77.816631, 37.424345 ], [ -77.817086, 37.424181 ], [ -77.817864, 37.424043 ], [ -77.818311, 37.423923 ], [ -77.818559, 37.423873 ], [ -77.818986, 37.423857 ], [ -77.81944, 37.423895 ], [ -77.819585, 37.423895 ], [ -77.819743, 37.423829 ], [ -77.820287, 37.423703 ], [ -77.820438, 37.423708 ], [ -77.820473, 37.423664 ], [ -77.820872, 37.423544 ], [ -77.823061, 37.423016 ], [ -77.823268, 37.422928 ], [ -77.823295, 37.422879 ], [ -77.823323, 37.422884 ], [ -77.823584, 37.422742 ], [ -77.823736, 37.422714 ], [ -77.823873, 37.42278 ], [ -77.824176, 37.422846 ], [ -77.824438, 37.42284 ], [ -77.82567, 37.422736 ], [ -77.825849, 37.422708 ], [ -77.826132, 37.422642 ], [ -77.826159, 37.422615 ], [ -77.826476, 37.422494 ], [ -77.826696, 37.422445 ], [ -77.827185, 37.422417 ], [ -77.82735, 37.422439 ], [ -77.827612, 37.422516 ], [ -77.827784, 37.422505 ], [ -77.828052, 37.422444 ], [ -77.829711, 37.4224 ], [ -77.829746, 37.422389 ], [ -77.830331, 37.422395 ], [ -77.830544, 37.422428 ], [ -77.830668, 37.422466 ], [ -77.831143, 37.422455 ], [ -77.831432, 37.422466 ], [ -77.83219, 37.422559 ], [ -77.833161, 37.4228 ], [ -77.833319, 37.422778 ], [ -77.833436, 37.422723 ], [ -77.833456, 37.422652 ], [ -77.833505, 37.422614 ], [ -77.833642, 37.422581 ], [ -77.83387, 37.422608 ], [ -77.834124, 37.422559 ], [ -77.834489, 37.422438 ], [ -77.834682, 37.422322 ], [ -77.835033, 37.421922 ], [ -77.835198, 37.42179 ], [ -77.835866, 37.421361 ], [ -77.835937, 37.421306 ], [ -77.836182, 37.421136 ], [ -77.836602, 37.421048 ], [ -77.836871, 37.420933 ], [ -77.83738, 37.420592 ], [ -77.837641, 37.420471 ], [ -77.83791, 37.420246 ], [ -77.838061, 37.42001 ], [ -77.838082, 37.419999 ], [ -77.838199, 37.41978 ], [ -77.838302, 37.419653 ], [ -77.838481, 37.419532 ], [ -77.839093, 37.419307 ], [ -77.839279, 37.419197 ], [ -77.839451, 37.419049 ], [ -77.839768, 37.418681 ], [ -77.840091, 37.41845 ], [ -77.840201, 37.418313 ], [ -77.840346, 37.418198 ], [ -77.840545, 37.418181 ], [ -77.840752, 37.418219 ], [ -77.841379, 37.418466 ], [ -77.841764, 37.418543 ], [ -77.841929, 37.418543 ], [ -77.842356, 37.418395 ], [ -77.842411, 37.4184 ], [ -77.84259, 37.418504 ], [ -77.842597, 37.418537 ], [ -77.842838, 37.418735 ], [ -77.842944, 37.418918 ], [ -77.84299, 37.418949 ], [ -77.843086, 37.418938 ], [ -77.843244, 37.41885 ], [ -77.843361, 37.418729 ], [ -77.843437, 37.418532 ], [ -77.843547, 37.418521 ], [ -77.843602, 37.418565 ], [ -77.843664, 37.418587 ], [ -77.843747, 37.418592 ], [ -77.843857, 37.418553 ], [ -77.843939, 37.418433 ], [ -77.843939, 37.418208 ], [ -77.844036, 37.418191 ], [ -77.844097, 37.418147 ], [ -77.844208, 37.41779 ], [ -77.84429, 37.417697 ], [ -77.84506, 37.41722 ], [ -77.845329, 37.417021 ], [ -77.845377, 37.41695 ], [ -77.845398, 37.416439 ], [ -77.84546, 37.416351 ], [ -77.845549, 37.416274 ], [ -77.845756, 37.41617 ], [ -77.845776, 37.416143 ], [ -77.845831, 37.416137 ], [ -77.84601, 37.416005 ], [ -77.846155, 37.415835 ], [ -77.846471, 37.415626 ], [ -77.846581, 37.415494 ], [ -77.84665, 37.415368 ], [ -77.84665, 37.415275 ], [ -77.846726, 37.415121 ], [ -77.846836, 37.415104 ], [ -77.84707, 37.415165 ], [ -77.847448, 37.415148 ], [ -77.847676, 37.415187 ], [ -77.847861, 37.415132 ], [ -77.847999, 37.41511 ], [ -77.848109, 37.415181 ], [ -77.848157, 37.415247 ], [ -77.848226, 37.415411 ], [ -77.848261, 37.415433 ], [ -77.848357, 37.415439 ], [ -77.848433, 37.415417 ], [ -77.848467, 37.415384 ], [ -77.848667, 37.415033 ], [ -77.848811, 37.414862 ], [ -77.848908, 37.414835 ], [ -77.849045, 37.414857 ], [ -77.849245, 37.414955 ], [ -77.849293, 37.415005 ], [ -77.849328, 37.415016 ], [ -77.849548, 37.41518 ], [ -77.849549, 37.415198 ], [ -77.849631, 37.415246 ], [ -77.849865, 37.415499 ], [ -77.850071, 37.415795 ], [ -77.850188, 37.415894 ], [ -77.850471, 37.41602 ], [ -77.850581, 37.416092 ], [ -77.850677, 37.41613 ], [ -77.850787, 37.416146 ], [ -77.851111, 37.416152 ], [ -77.851159, 37.416207 ], [ -77.851166, 37.416322 ], [ -77.851139, 37.416366 ], [ -77.851139, 37.416476 ], [ -77.850988, 37.416932 ], [ -77.850994, 37.417036 ], [ -77.851098, 37.417146 ], [ -77.851153, 37.417168 ], [ -77.851387, 37.417118 ], [ -77.851476, 37.417123 ], [ -77.851573, 37.417156 ], [ -77.851902, 37.417452 ], [ -77.852069, 37.417497 ], [ -77.852144, 37.417546 ], [ -77.852227, 37.417623 ], [ -77.852275, 37.417733 ], [ -77.852337, 37.417777 ], [ -77.852468, 37.417749 ], [ -77.852523, 37.417705 ], [ -77.852621, 37.417584 ], [ -77.852716, 37.41759 ], [ -77.85286, 37.417699 ], [ -77.852929, 37.417782 ], [ -77.853122, 37.417908 ], [ -77.853232, 37.417957 ], [ -77.853322, 37.418051 ], [ -77.853315, 37.418182 ], [ -77.853253, 37.418325 ], [ -77.853281, 37.418468 ], [ -77.853343, 37.418528 ], [ -77.853384, 37.41855 ], [ -77.853646, 37.418534 ], [ -77.85399, 37.418435 ], [ -77.854189, 37.418352 ], [ -77.854602, 37.418396 ], [ -77.85496, 37.41838 ], [ -77.855148, 37.418363 ], [ -77.855511, 37.418964 ], [ -77.855619, 37.419089 ], [ -77.855811, 37.419627 ], [ -77.855906, 37.420187 ], [ -77.856086, 37.420396 ], [ -77.856329, 37.420541 ], [ -77.85719, 37.420817 ], [ -77.857952, 37.420932 ], [ -77.858202, 37.421221 ], [ -77.858368, 37.421413 ], [ -77.858749, 37.422034 ], [ -77.85885, 37.422377 ], [ -77.858807, 37.422552 ], [ -77.858879, 37.422636 ], [ -77.85868, 37.423442 ], [ -77.858718, 37.423665 ], [ -77.858655, 37.423729 ], [ -77.858742, 37.424505 ], [ -77.858561, 37.425241 ], [ -77.858348, 37.425536 ], [ -77.858376, 37.425613 ], [ -77.858269, 37.42567 ], [ -77.858067, 37.426112 ], [ -77.857627, 37.428081 ], [ -77.85752, 37.428138 ], [ -77.856849, 37.429345 ], [ -77.856447, 37.430411 ], [ -77.856073, 37.431736 ], [ -77.856066, 37.431953 ], [ -77.856229, 37.432232 ], [ -77.856735, 37.432818 ], [ -77.857519, 37.433409 ], [ -77.857941, 37.433581 ], [ -77.858478, 37.433663 ], [ -77.858551, 37.433746 ], [ -77.858775, 37.43378 ], [ -77.859233, 37.433995 ], [ -77.860115, 37.434564 ], [ -77.860773, 37.4351 ], [ -77.861384, 37.435447 ], [ -77.863648, 37.436443 ], [ -77.863937, 37.436778 ], [ -77.864819, 37.437347 ], [ -77.865117, 37.437647 ], [ -77.864833, 37.438985 ], [ -77.864865, 37.439608 ], [ -77.864848, 37.439678 ], [ -77.866141, 37.441219 ], [ -77.86665, 37.442168 ], [ -77.867232, 37.443201 ], [ -77.86715, 37.444097 ], [ -77.867352, 37.444782 ], [ -77.868212, 37.445821 ], [ -77.868571, 37.447002 ], [ -77.868373, 37.44799 ], [ -77.868146, 37.448719 ], [ -77.867856, 37.44933 ], [ -77.867578, 37.450269 ], [ -77.867401, 37.450515 ], [ -77.867384, 37.450676 ], [ -77.866855, 37.451687 ], [ -77.866672, 37.452241 ], [ -77.866012, 37.453595 ], [ -77.865709, 37.454822 ], [ -77.865781, 37.454905 ], [ -77.865876, 37.455465 ], [ -77.865808, 37.455927 ], [ -77.865971, 37.456206 ], [ -77.865945, 37.456312 ], [ -77.866126, 37.456521 ], [ -77.86645, 37.456715 ], [ -77.866608, 37.456751 ], [ -77.86794, 37.457085 ], [ -77.868496, 37.457279 ], [ -77.868613, 37.457369 ], [ -77.870451, 37.457646 ], [ -77.871275, 37.457698 ], [ -77.872788, 37.457599 ], [ -77.872877, 37.457613 ], [ -77.873082, 37.457535 ], [ -77.873405, 37.457547 ], [ -77.873512, 37.457491 ], [ -77.874558, 37.457394 ], [ -77.875, 37.457279 ], [ -77.875766, 37.457153 ], [ -77.876559, 37.456764 ], [ -77.877991, 37.455672 ], [ -77.879111, 37.454714 ], [ -77.879939, 37.454184 ], [ -77.880786, 37.453767 ], [ -77.882711, 37.452749 ], [ -77.883767, 37.451672 ], [ -77.884494, 37.4508 ], [ -77.885009, 37.450405 ], [ -77.885808, 37.449617 ], [ -77.886352, 37.449299 ], [ -77.88704, 37.449149 ], [ -77.887898, 37.44906 ], [ -77.888077, 37.449087 ], [ -77.888184, 37.449031 ], [ -77.888462, 37.449036 ], [ -77.889383, 37.448884 ], [ -77.890669, 37.448569 ], [ -77.891224, 37.44858 ], [ -77.892364, 37.448861 ], [ -77.892481, 37.448952 ], [ -77.892929, 37.449019 ], [ -77.894006, 37.449363 ], [ -77.894465, 37.449578 ], [ -77.895224, 37.450456 ], [ -77.89637, 37.45241 ], [ -77.896771, 37.453234 ], [ -77.896915, 37.454346 ], [ -77.896833, 37.455242 ], [ -77.896888, 37.455396 ], [ -77.897019, 37.455997 ], [ -77.897617, 37.456778 ], [ -77.897682, 37.457079 ], [ -77.897587, 37.457464 ], [ -77.897251, 37.457886 ], [ -77.897233, 37.457956 ], [ -77.897073, 37.458041 ], [ -77.896931, 37.458238 ], [ -77.896776, 37.458869 ], [ -77.896918, 37.459799 ], [ -77.896616, 37.461026 ], [ -77.896298, 37.461559 ], [ -77.896191, 37.461616 ], [ -77.895894, 37.462443 ], [ -77.895585, 37.462942 ], [ -77.89506, 37.464317 ], [ -77.894936, 37.464444 ], [ -77.89469, 37.465061 ], [ -77.894583, 37.465118 ], [ -77.89454, 37.465293 ], [ -77.894433, 37.465349 ], [ -77.894186, 37.465785 ], [ -77.893888, 37.46643 ], [ -77.893801, 37.466781 ], [ -77.89387, 37.467445 ], [ -77.893826, 37.467621 ], [ -77.893899, 37.467704 ], [ -77.893919, 37.467998 ], [ -77.89392, 37.469125 ], [ -77.894082, 37.470167 ], [ -77.894283, 37.47067 ], [ -77.894467, 37.471243 ], [ -77.894695, 37.471641 ], [ -77.895282, 37.472275 ], [ -77.896077, 37.473013 ], [ -77.898206, 37.474751 ], [ -77.899007, 37.475272 ], [ -77.899761, 37.475422 ], [ -77.90113, 37.475337 ], [ -77.901953, 37.475207 ], [ -77.904892, 37.474414 ], [ -77.905384, 37.474306 ], [ -77.906386, 37.474203 ], [ -77.906655, 37.474243 ], [ -77.906762, 37.474186 ], [ -77.907451, 37.474218 ], [ -77.908257, 37.474157 ], [ -77.908364, 37.474101 ], [ -77.909716, 37.474086 ], [ -77.910119, 37.474147 ], [ -77.910773, 37.474136 ], [ -77.911491, 37.474244 ], [ -77.911597, 37.474188 ], [ -77.913517, 37.474513 ], [ -77.914558, 37.474815 ], [ -77.915045, 37.475107 ], [ -77.915884, 37.475851 ], [ -77.917198, 37.477503 ], [ -77.917701, 37.477724 ], [ -77.917855, 37.477856 ], [ -77.918826, 37.478257 ], [ -77.9196, 37.4787 ], [ -77.920845, 37.479687 ], [ -77.923105, 37.481082 ], [ -77.923611, 37.481485 ], [ -77.924018, 37.48191 ], [ -77.924261, 37.482055 ], [ -77.924925, 37.482192 ], [ -77.925855, 37.482004 ], [ -77.926515, 37.481777 ], [ -77.927514, 37.481309 ], [ -77.928297, 37.480772 ], [ -77.928594, 37.479945 ], [ -77.929034, 37.479102 ], [ -77.929503, 37.478519 ], [ -77.930197, 37.477969 ], [ -77.930666, 37.477385 ], [ -77.931031, 37.477222 ], [ -77.931354, 37.477234 ], [ -77.931461, 37.477178 ], [ -77.932097, 37.477237 ], [ -77.932625, 37.477171 ], [ -77.932982, 37.477043 ], [ -77.933793, 37.476583 ], [ -77.934866, 37.476381 ], [ -77.935792, 37.47583 ], [ -77.936683, 37.475419 ], [ -77.937113, 37.475374 ], [ -77.937427, 37.475422 ], [ -77.937689, 37.475679 ], [ -77.937534, 37.47631 ], [ -77.937554, 37.476604 ], [ -77.937709, 37.476918 ], [ -77.938161, 37.477349 ], [ -77.938782, 37.477661 ], [ -77.939365, 37.477748 ], [ -77.940367, 37.477645 ], [ -77.940457, 37.477658 ], [ -77.94094, 37.477585 ], [ -77.942419, 37.477808 ], [ -77.944208, 37.478476 ], [ -77.94428, 37.47856 ], [ -77.945584, 37.47912 ], [ -77.946455, 37.479359 ], [ -77.947173, 37.479467 ], [ -77.947459, 37.479438 ], [ -77.948796, 37.479675 ], [ -77.94912, 37.479869 ], [ -77.949953, 37.48083 ], [ -77.950404, 37.48117 ], [ -77.950728, 37.481365 ], [ -77.951126, 37.481733 ], [ -77.95145, 37.481927 ], [ -77.951854, 37.481988 ], [ -77.953042, 37.481694 ], [ -77.953472, 37.48165 ], [ -77.954055, 37.481737 ], [ -77.954424, 37.481938 ], [ -77.95533, 37.482983 ], [ -77.955816, 37.483274 ], [ -77.956408, 37.483326 ], [ -77.956747, 37.483268 ], [ -77.957611, 37.48278 ], [ -77.958084, 37.482561 ], [ -77.958934, 37.482507 ], [ -77.959578, 37.482608 ], [ -77.960318, 37.482932 ], [ -77.960778, 37.483329 ], [ -77.961419, 37.483752 ], [ -77.961932, 37.483938 ], [ -77.962661, 37.484374 ], [ -77.963281, 37.484504 ], [ -77.963603, 37.484516 ], [ -77.965226, 37.484403 ], [ -77.96602, 37.484515 ], [ -77.966496, 37.48466 ], [ -77.967068, 37.485363 ], [ -77.967266, 37.485502 ], [ -77.968111, 37.485847 ], [ -77.968963, 37.485975 ], [ -77.969339, 37.485959 ], [ -77.970885, 37.485536 ], [ -77.971699, 37.48544 ], [ -77.972094, 37.485536 ], [ -77.972201, 37.485479 ], [ -77.973331, 37.485613 ], [ -77.974091, 37.485545 ], [ -77.974736, 37.485569 ], [ -77.975318, 37.485475 ], [ -77.975864, 37.48552 ], [ -77.976401, 37.485419 ], [ -77.977217, 37.485505 ], [ -77.978143, 37.485898 ], [ -77.978709, 37.486056 ], [ -77.978781, 37.48614 ], [ -77.980513, 37.486472 ], [ -77.98072, 37.486576 ], [ -77.981278, 37.486768 ], [ -77.981735, 37.486801 ], [ -77.982094, 37.486854 ], [ -77.983861, 37.486284 ], [ -77.984353, 37.486176 ], [ -77.984631, 37.486181 ], [ -77.984738, 37.486124 ], [ -77.985158, 37.486115 ], [ -77.98619, 37.486269 ], [ -77.986406, 37.486338 ], [ -77.986478, 37.486422 ], [ -77.986657, 37.486449 ], [ -77.987099, 37.486733 ], [ -77.987323, 37.486766 ], [ -77.989243, 37.488035 ], [ -77.990002, 37.48873 ], [ -77.991022, 37.489501 ], [ -77.991421, 37.48996 ], [ -77.99205, 37.490999 ], [ -77.992404, 37.491452 ], [ -77.992747, 37.491758 ], [ -77.993575, 37.492173 ], [ -77.993974, 37.492633 ], [ -77.994321, 37.493302 ], [ -77.994305, 37.493373 ], [ -77.995139, 37.494334 ], [ -77.996153, 37.494559 ], [ -77.996523, 37.49476 ], [ -77.997065, 37.495204 ], [ -77.997355, 37.495538 ], [ -77.997474, 37.495811 ], [ -77.997478, 37.496175 ], [ -77.997375, 37.496595 ], [ -77.997594, 37.497028 ], [ -77.997848, 37.497321 ], [ -77.99874, 37.497854 ], [ -77.999575, 37.498052 ], [ -78.0, 37.497971 ], [ -78.000458, 37.497692 ], [ -78.00083, 37.497312 ], [ -78.00107, 37.497093 ], [ -78.001649, 37.496817 ], [ -78.002624, 37.496636 ], [ -78.003391, 37.496351 ], [ -78.00434, 37.496275 ], [ -78.005116, 37.495955 ], [ -78.005511, 37.49605 ], [ -78.005944, 37.49637 ], [ -78.006196, 37.49648 ], [ -78.00651, 37.496527 ], [ -78.006724, 37.496414 ], [ -78.006898, 37.495895 ], [ -78.006873, 37.495237 ], [ -78.007142, 37.494332 ], [ -78.007328, 37.494142 ], [ -78.008023, 37.493774 ], [ -78.008318, 37.493709 ], [ -78.008632, 37.493756 ], [ -78.008839, 37.493859 ], [ -78.008947, 37.493985 ], [ -78.009199, 37.494095 ], [ -78.009558, 37.494149 ], [ -78.010308, 37.493934 ], [ -78.010852, 37.493616 ], [ -78.010869, 37.493546 ], [ -78.01116, 37.493117 ], [ -78.011525, 37.492009 ], [ -78.011773, 37.491755 ], [ -78.0122, 37.491528 ], [ -78.012559, 37.491582 ], [ -78.013355, 37.492319 ], [ -78.013705, 37.492408 ], [ -78.013902, 37.492364 ], [ -78.014437, 37.492081 ], [ -78.015191, 37.491467 ], [ -78.015448, 37.491179 ], [ -78.015498, 37.490786 ], [ -78.015353, 37.490619 ], [ -78.014631, 37.490148 ], [ -78.014305, 37.489772 ], [ -78.014258, 37.489583 ], [ -78.014364, 37.488581 ], [ -78.014767, 37.487697 ], [ -78.015191, 37.487106 ], [ -78.016016, 37.486394 ], [ -78.016444, 37.486167 ], [ -78.016953, 37.485989 ], [ -78.018096, 37.485688 ], [ -78.018684, 37.485376 ], [ -78.018932, 37.485122 ], [ -78.019071, 37.484743 ], [ -78.01905, 37.484449 ], [ -78.018869, 37.484241 ], [ -78.018465, 37.48418 ], [ -78.017813, 37.484373 ], [ -78.017527, 37.484403 ], [ -78.017168, 37.484349 ], [ -78.01688, 37.484197 ], [ -78.016554, 37.483821 ], [ -78.016379, 37.483396 ], [ -78.016247, 37.482794 ], [ -78.016148, 37.481871 ], [ -78.016166, 37.481038 ], [ -78.016083, 37.480807 ], [ -78.016163, 37.480674 ], [ -78.016178, 37.480422 ], [ -78.016105, 37.480338 ], [ -78.016391, 37.478509 ], [ -78.016336, 37.478447 ], [ -78.016439, 37.478026 ], [ -78.016447, 37.477046 ], [ -78.016362, 37.476634 ], [ -78.016379, 37.476563 ], [ -78.016311, 37.475136 ], [ -78.016623, 37.473293 ], [ -78.016615, 37.47318 ], [ -78.016851, 37.471982 ], [ -78.017204, 37.47149 ], [ -78.017685, 37.471235 ], [ -78.018569, 37.47104 ], [ -78.01943, 37.471133 ], [ -78.019998, 37.471472 ], [ -78.020252, 37.471765 ], [ -78.020635, 37.472476 ], [ -78.020899, 37.472916 ], [ -78.02119, 37.47325 ], [ -78.022246, 37.474062 ], [ -78.022579, 37.474221 ], [ -78.02326, 37.474286 ], [ -78.02401, 37.474072 ], [ -78.025393, 37.473552 ], [ -78.025874, 37.473297 ], [ -78.026588, 37.472674 ], [ -78.027037, 37.472344 ], [ -78.027616, 37.472067 ], [ -78.028169, 37.471896 ], [ -78.028849, 37.471779 ], [ -78.029818, 37.471997 ], [ -78.030151, 37.472156 ], [ -78.03102, 37.472213 ], [ -78.03218, 37.471842 ], [ -78.032672, 37.471733 ], [ -78.032994, 37.471745 ], [ -78.034617, 37.471952 ], [ -78.035412, 37.471744 ], [ -78.035805, 37.471657 ], [ -78.03619, 37.471605 ], [ -78.037078, 37.471775 ], [ -78.037761, 37.472022 ], [ -78.038321, 37.472396 ], [ -78.038466, 37.472564 ], [ -78.039161, 37.47314 ], [ -78.03926, 37.473118 ], [ -78.040015, 37.473449 ], [ -78.040957, 37.47359 ], [ -78.042566, 37.473286 ], [ -78.043839, 37.473403 ], [ -78.043919, 37.473361 ], [ -78.044582, 37.473405 ], [ -78.045988, 37.473361 ], [ -78.046819, 37.473194 ], [ -78.049325, 37.472261 ], [ -78.050491, 37.471672 ], [ -78.050464, 37.471595 ], [ -78.050641, 37.47144 ], [ -78.050804, 37.470774 ], [ -78.05079, 37.470263 ], [ -78.050717, 37.47018 ], [ -78.050751, 37.470039 ], [ -78.050564, 37.469285 ], [ -78.050596, 37.468962 ], [ -78.050925, 37.468757 ], [ -78.052425, 37.468327 ], [ -78.053164, 37.467965 ], [ -78.053288, 37.467838 ], [ -78.053634, 37.467563 ], [ -78.055627, 37.465499 ], [ -78.057156, 37.464564 ], [ -78.05759, 37.46412 ], [ -78.057804, 37.464007 ], [ -78.057776, 37.46393 ], [ -78.058003, 37.463383 ], [ -78.05793, 37.463299 ], [ -78.057852, 37.46267 ], [ -78.057686, 37.462209 ], [ -78.057624, 37.461509 ], [ -78.058025, 37.459679 ], [ -78.058111, 37.458566 ], [ -78.058473, 37.457275 ], [ -78.058657, 37.456903 ], [ -78.059401, 37.456142 ], [ -78.06083, 37.455047 ], [ -78.061364, 37.454764 ], [ -78.062265, 37.454499 ], [ -78.062844, 37.454222 ], [ -78.064632, 37.453181 ], [ -78.065446, 37.452321 ], [ -78.065882, 37.452059 ], [ -78.066132, 37.451988 ], [ -78.06658, 37.452054 ], [ -78.066743, 37.452151 ], [ -78.067618, 37.452754 ], [ -78.068583, 37.453371 ], [ -78.069328, 37.453555 ], [ -78.07006, 37.45341 ], [ -78.070867, 37.45353 ], [ -78.071198, 37.453507 ], [ -78.073533, 37.452511 ], [ -78.074408, 37.452351 ], [ -78.074677, 37.452391 ], [ -78.075134, 37.452423 ], [ -78.077867, 37.453412 ], [ -78.079259, 37.453802 ], [ -78.080756, 37.454715 ], [ -78.081223, 37.454894 ], [ -78.082408, 37.45518 ], [ -78.082481, 37.455263 ], [ -78.083226, 37.455447 ], [ -78.083864, 37.455688 ], [ -78.084612, 37.456054 ], [ -78.084908, 37.456171 ], [ -78.085807, 37.456486 ], [ -78.087517, 37.457287 ], [ -78.088083, 37.457444 ], [ -78.088566, 37.45737 ], [ -78.089777, 37.456788 ], [ -78.090937, 37.456416 ], [ -78.091757, 37.456102 ], [ -78.092291, 37.455818 ], [ -78.092423, 37.455656 ], [ -78.09263, 37.454997 ], [ -78.092289, 37.45411 ], [ -78.092197, 37.453915 ], [ -78.092204, 37.453698 ], [ -78.092332, 37.453172 ], [ -78.092437, 37.452933 ], [ -78.093107, 37.452088 ], [ -78.09337, 37.451583 ], [ -78.093885, 37.449661 ], [ -78.094678, 37.446218 ], [ -78.094674, 37.445091 ], [ -78.09461, 37.444973 ], [ -78.09475, 37.444722 ], [ -78.095022, 37.444235 ], [ -78.095721, 37.443467 ], [ -78.096477, 37.443034 ], [ -78.097083, 37.442834 ], [ -78.097687, 37.442452 ], [ -78.097713, 37.442347 ], [ -78.097952, 37.442128 ], [ -78.098128, 37.441028 ], [ -78.09833, 37.440767 ], [ -78.098749, 37.440575 ], [ -78.099285, 37.440474 ], [ -78.100056, 37.440552 ], [ -78.100442, 37.440682 ], [ -78.100596, 37.440814 ], [ -78.100912, 37.441043 ], [ -78.101729, 37.442073 ], [ -78.102032, 37.442736 ], [ -78.10212, 37.443331 ], [ -78.101972, 37.444508 ], [ -78.100977, 37.446685 ], [ -78.100746, 37.447631 ], [ -78.100814, 37.448114 ], [ -78.10115, 37.448455 ], [ -78.101643, 37.448528 ], [ -78.102888, 37.448568 ], [ -78.103193, 37.44865 ], [ -78.103643, 37.448899 ], [ -78.103823, 37.448926 ], [ -78.104273, 37.449174 ], [ -78.105161, 37.449343 ], [ -78.105734, 37.449283 ], [ -78.106623, 37.44878 ], [ -78.106613, 37.448724 ], [ -78.106985, 37.448343 ], [ -78.107376, 37.448074 ], [ -78.108061, 37.44774 ], [ -78.108614, 37.447569 ], [ -78.109829, 37.44735 ], [ -78.110828, 37.447063 ], [ -78.111606, 37.446924 ], [ -78.11265, 37.446644 ], [ -78.112882, 37.446642 ], [ -78.114095, 37.446241 ], [ -78.114843, 37.445844 ], [ -78.115391, 37.445308 ], [ -78.116032, 37.444967 ], [ -78.116425, 37.44488 ], [ -78.117087, 37.444834 ], [ -78.11802, 37.445009 ], [ -78.1184, 37.445174 ], [ -78.119563, 37.445348 ], [ -78.12011, 37.445393 ], [ -78.120889, 37.445436 ], [ -78.121399, 37.44544 ], [ -78.122258, 37.445349 ], [ -78.122437, 37.445376 ], [ -78.122732, 37.445311 ], [ -78.123663, 37.445304 ], [ -78.12429, 37.445398 ], [ -78.124651, 37.445633 ], [ -78.124961, 37.446079 ], [ -78.125082, 37.446332 ], [ -78.125095, 37.446589 ], [ -78.125065, 37.447027 ], [ -78.125094, 37.447313 ], [ -78.125168, 37.447579 ], [ -78.125297, 37.447816 ], [ -78.125615, 37.448226 ], [ -78.126292, 37.44869 ], [ -78.12651, 37.448941 ], [ -78.126612, 37.449283 ], [ -78.126591, 37.449752 ], [ -78.126687, 37.450312 ], [ -78.127042, 37.450764 ], [ -78.127264, 37.451378 ], [ -78.127187, 37.451694 ], [ -78.127196, 37.452422 ], [ -78.127275, 37.453051 ], [ -78.127367, 37.453247 ], [ -78.127621, 37.453539 ], [ -78.127945, 37.453733 ], [ -78.128458, 37.453918 ], [ -78.129759, 37.45417 ], [ -78.130676, 37.454274 ], [ -78.13195, 37.454585 ], [ -78.132048, 37.454686 ], [ -78.13203, 37.454756 ], [ -78.131991, 37.454902 ], [ -78.129674, 37.463774 ], [ -78.12787, 37.471007 ], [ -78.126259, 37.477131 ], [ -78.125738, 37.47887 ], [ -78.124929, 37.482273 ], [ -78.124721, 37.483079 ], [ -78.122202, 37.492498 ], [ -78.121686, 37.494426 ], [ -78.12037, 37.50015 ], [ -78.120091, 37.501245 ], [ -78.119962, 37.501749 ], [ -78.116088, 37.516994 ], [ -78.114271, 37.524042 ], [ -78.113607, 37.526661 ], [ -78.113426, 37.527309 ], [ -78.112212, 37.531955 ], [ -78.10857, 37.54623 ], [ -78.107751, 37.549378 ], [ -78.106665, 37.553549 ], [ -78.101721, 37.572748 ], [ -78.098973, 37.583523 ], [ -78.095245, 37.598138 ], [ -78.095693, 37.598097 ], [ -78.096427, 37.598217 ], [ -78.096746, 37.598071 ], [ -78.096995, 37.597131 ], [ -78.097593, 37.596161 ], [ -78.098116, 37.594116 ], [ -78.098493, 37.593851 ], [ -78.099074, 37.593627 ], [ -78.099455, 37.593619 ], [ -78.100042, 37.593744 ], [ -78.1004, 37.59406 ], [ -78.100968, 37.594718 ], [ -78.101352, 37.594895 ], [ -78.10182, 37.594883 ], [ -78.102578, 37.594749 ], [ -78.103217, 37.594478 ], [ -78.103735, 37.593954 ], [ -78.103879, 37.59374 ], [ -78.104532, 37.593903 ], [ -78.105825, 37.594275 ], [ -78.106111, 37.594352 ], [ -78.106458, 37.59441 ], [ -78.106921, 37.594446 ], [ -78.107548, 37.594461 ], [ -78.10778, 37.594502 ], [ -78.109022, 37.59495 ], [ -78.109164, 37.595017 ], [ -78.109646, 37.595302 ], [ -78.109815, 37.595352 ], [ -78.110996, 37.595419 ], [ -78.111533, 37.595548 ], [ -78.111803, 37.595593 ], [ -78.113755, 37.595808 ], [ -78.114334, 37.595852 ], [ -78.114573, 37.595836 ], [ -78.114984, 37.595756 ], [ -78.115304, 37.595673 ], [ -78.115777, 37.595525 ], [ -78.11613, 37.59544 ], [ -78.116614, 37.595372 ], [ -78.11679, 37.595364 ], [ -78.117101, 37.595377 ], [ -78.117445, 37.595435 ], [ -78.11763, 37.595485 ], [ -78.118681, 37.595855 ], [ -78.118848, 37.595899 ], [ -78.119019, 37.595936 ], [ -78.120097, 37.596094 ], [ -78.121082, 37.596277 ], [ -78.121226, 37.596304 ], [ -78.12194, 37.596509 ], [ -78.122715, 37.596782 ], [ -78.123056, 37.596936 ], [ -78.123456, 37.59716 ], [ -78.124255, 37.597757 ], [ -78.124392, 37.597841 ], [ -78.124665, 37.597961 ], [ -78.125124, 37.598092 ], [ -78.125653, 37.598185 ], [ -78.128643, 37.59854 ], [ -78.129219, 37.598558 ], [ -78.129411, 37.59854 ], [ -78.129782, 37.598461 ], [ -78.130385, 37.598249 ], [ -78.131016, 37.597986 ], [ -78.131327, 37.59783 ], [ -78.131792, 37.597543 ], [ -78.132252, 37.597177 ], [ -78.132516, 37.596931 ], [ -78.134033, 37.595375 ], [ -78.134219, 37.595189 ], [ -78.134393, 37.595042 ], [ -78.134579, 37.594906 ], [ -78.135373, 37.594414 ], [ -78.135549, 37.594278 ], [ -78.136427, 37.593486 ], [ -78.136809, 37.593181 ], [ -78.138134, 37.5922 ], [ -78.138642, 37.591885 ], [ -78.140268, 37.590946 ], [ -78.141814, 37.590052 ], [ -78.142219, 37.589773 ], [ -78.142402, 37.589618 ], [ -78.142571, 37.589453 ], [ -78.14293, 37.58905 ], [ -78.144834, 37.586813 ], [ -78.145009, 37.586639 ], [ -78.145324, 37.586396 ], [ -78.145647, 37.586213 ], [ -78.145999, 37.58607 ], [ -78.14627, 37.58599 ], [ -78.146967, 37.585818 ], [ -78.147771, 37.585641 ], [ -78.148159, 37.585525 ], [ -78.148479, 37.585411 ], [ -78.148597, 37.585364 ], [ -78.148946, 37.585151 ], [ -78.149255, 37.584902 ], [ -78.151001, 37.583101 ], [ -78.151791, 37.582119 ], [ -78.152271, 37.581595 ], [ -78.152611, 37.581288 ], [ -78.15303, 37.580961 ], [ -78.154845, 37.579691 ], [ -78.156506, 37.578473 ], [ -78.156836, 37.578273 ], [ -78.157034, 37.578189 ], [ -78.157208, 37.578134 ], [ -78.158221, 37.57786 ], [ -78.159348, 37.577586 ], [ -78.160369, 37.577417 ], [ -78.161162, 37.577325 ], [ -78.161399, 37.577316 ], [ -78.161756, 37.577341 ], [ -78.161923, 37.577372 ], [ -78.162323, 37.57749 ], [ -78.162728, 37.577664 ], [ -78.164446, 37.578459 ], [ -78.164944, 37.578662 ], [ -78.165227, 37.57873 ], [ -78.165574, 37.578741 ], [ -78.171879, 37.578098 ], [ -78.174112, 37.577874 ], [ -78.17523, 37.577776 ], [ -78.174699, 37.579108 ], [ -78.174498, 37.579707 ], [ -78.174455, 37.579916 ], [ -78.174427, 37.58034 ], [ -78.174515, 37.58182 ], [ -78.174835, 37.583436 ], [ -78.174894, 37.583961 ], [ -78.174895, 37.584289 ], [ -78.174844, 37.584852 ], [ -78.174625, 37.586027 ], [ -78.175998, 37.586082 ], [ -78.178277, 37.586142 ], [ -78.179123, 37.58613 ], [ -78.181102, 37.586169 ], [ -78.181414, 37.586151 ], [ -78.181911, 37.586055 ], [ -78.182718, 37.585829 ], [ -78.183409, 37.585653 ], [ -78.183727, 37.585636 ], [ -78.184401, 37.585693 ], [ -78.184986, 37.585748 ], [ -78.185545, 37.585827 ], [ -78.18688, 37.586047 ], [ -78.188247, 37.586149 ], [ -78.18862, 37.586189 ], [ -78.190009, 37.586385 ], [ -78.190334, 37.586469 ], [ -78.190617, 37.586576 ], [ -78.191383, 37.586928 ], [ -78.191996, 37.587222 ], [ -78.192573, 37.587576 ], [ -78.193153, 37.587985 ], [ -78.193697, 37.588442 ], [ -78.194408, 37.58899 ], [ -78.19462, 37.589221 ], [ -78.19486, 37.589624 ], [ -78.195019, 37.589768 ], [ -78.19518, 37.589842 ], [ -78.195071, 37.590123 ], [ -78.19503, 37.590339 ], [ -78.195036, 37.591073 ], [ -78.19509, 37.591158 ], [ -78.195139, 37.591187 ], [ -78.195818, 37.591373 ], [ -78.19694, 37.591735 ], [ -78.197051, 37.591794 ], [ -78.19722, 37.591928 ], [ -78.197413, 37.592165 ], [ -78.197676, 37.592403 ], [ -78.197741, 37.592486 ], [ -78.19793, 37.592876 ], [ -78.197999, 37.592973 ], [ -78.198159, 37.593126 ], [ -78.198215, 37.593231 ], [ -78.198298, 37.593478 ], [ -78.198578, 37.594577 ], [ -78.198716, 37.594862 ], [ -78.198894, 37.595067 ], [ -78.199106, 37.595221 ], [ -78.199263, 37.595299 ], [ -78.199428, 37.595366 ], [ -78.199572, 37.595369 ], [ -78.199692, 37.595351 ], [ -78.199908, 37.595291 ], [ -78.200349, 37.595232 ], [ -78.200746, 37.595108 ], [ -78.200898, 37.595036 ], [ -78.201217, 37.594757 ], [ -78.20128, 37.594726 ], [ -78.201408, 37.594703 ], [ -78.201481, 37.59471 ], [ -78.202488, 37.59503 ], [ -78.202646, 37.595094 ], [ -78.20273, 37.595176 ], [ -78.20281, 37.59547 ], [ -78.202862, 37.59557 ], [ -78.202951, 37.59568 ], [ -78.203122, 37.59582 ], [ -78.204033, 37.596921 ], [ -78.203945, 37.59731 ], [ -78.20387, 37.597557 ], [ -78.203607, 37.598139 ], [ -78.203525, 37.598562 ], [ -78.203256, 37.599424 ], [ -78.203242, 37.599572 ], [ -78.203263, 37.599742 ], [ -78.203297, 37.599847 ], [ -78.203442, 37.600088 ], [ -78.203463, 37.60016 ], [ -78.203463, 37.60039 ], [ -78.203477, 37.600418 ], [ -78.203566, 37.600489 ], [ -78.203677, 37.60056 ], [ -78.203732, 37.600632 ], [ -78.20376, 37.600736 ], [ -78.203767, 37.601033 ], [ -78.203884, 37.601389 ], [ -78.203891, 37.601455 ], [ -78.203767, 37.602208 ], [ -78.203767, 37.602383 ], [ -78.203884, 37.603179 ], [ -78.204009, 37.603767 ], [ -78.204064, 37.603871 ], [ -78.204264, 37.603981 ], [ -78.20434, 37.604052 ], [ -78.204361, 37.604096 ], [ -78.204388, 37.604277 ], [ -78.204443, 37.604415 ], [ -78.204644, 37.604667 ], [ -78.204761, 37.604744 ], [ -78.204975, 37.604793 ], [ -78.20503, 37.604821 ], [ -78.205161, 37.604986 ], [ -78.20532, 37.605068 ], [ -78.205437, 37.605106 ], [ -78.205955, 37.605573 ], [ -78.206176, 37.60582 ], [ -78.206431, 37.606215 ], [ -78.206521, 37.606385 ], [ -78.206673, 37.60677 ], [ -78.206894, 37.607192 ], [ -78.207149, 37.607742 ], [ -78.207177, 37.60784 ], [ -78.20717, 37.607956 ], [ -78.207004, 37.60834 ], [ -78.206956, 37.608499 ], [ -78.206956, 37.608647 ], [ -78.207115, 37.609317 ], [ -78.207143, 37.609504 ], [ -78.207198, 37.609641 ], [ -78.207308, 37.609789 ], [ -78.207405, 37.60996 ], [ -78.207405, 37.610005 ], [ -78.208052, 37.610084 ], [ -78.208411, 37.610086 ], [ -78.208714, 37.610058 ], [ -78.209281, 37.609942 ], [ -78.209621, 37.609865 ], [ -78.210747, 37.609526 ], [ -78.210933, 37.609482 ], [ -78.211346, 37.609435 ], [ -78.211462, 37.609441 ], [ -78.211609, 37.609471 ], [ -78.212094, 37.609614 ], [ -78.212636, 37.60975 ], [ -78.213038, 37.609836 ], [ -78.213856, 37.609966 ], [ -78.214365, 37.610023 ], [ -78.219381, 37.610469 ], [ -78.219782, 37.610524 ], [ -78.221106, 37.610788 ], [ -78.221865, 37.610908 ], [ -78.222232, 37.610911 ], [ -78.222628, 37.61085 ], [ -78.2239, 37.610487 ], [ -78.223977, 37.609867 ], [ -78.224144, 37.609002 ], [ -78.224139, 37.608863 ], [ -78.224056, 37.608504 ], [ -78.224003, 37.608161 ], [ -78.224011, 37.607247 ], [ -78.224095, 37.606876 ], [ -78.224247, 37.606591 ], [ -78.224475, 37.60634 ], [ -78.224601, 37.606254 ], [ -78.226162, 37.605353 ], [ -78.227499, 37.60472 ], [ -78.228223, 37.604345 ], [ -78.228568, 37.604139 ], [ -78.229412, 37.603564 ], [ -78.230042, 37.603033 ], [ -78.230304, 37.602862 ], [ -78.230464, 37.602783 ], [ -78.231206, 37.602496 ], [ -78.231534, 37.602351 ], [ -78.231848, 37.602188 ], [ -78.232233, 37.601943 ], [ -78.23378, 37.600773 ], [ -78.234097, 37.600484 ], [ -78.234333, 37.600195 ], [ -78.234536, 37.599847 ], [ -78.235211, 37.597468 ], [ -78.235432, 37.596539 ], [ -78.235469, 37.596165 ], [ -78.235457, 37.595777 ], [ -78.235332, 37.594574 ], [ -78.235382, 37.594252 ], [ -78.235468, 37.594095 ], [ -78.235558, 37.593997 ], [ -78.235713, 37.593873 ], [ -78.235972, 37.593688 ], [ -78.236867, 37.593112 ], [ -78.236944, 37.593004 ], [ -78.236984, 37.592827 ], [ -78.237201, 37.59281 ], [ -78.237332, 37.592782 ], [ -78.237553, 37.592698 ], [ -78.239218, 37.591722 ], [ -78.239556, 37.591542 ], [ -78.239904, 37.591374 ], [ -78.241761, 37.590574 ], [ -78.242772, 37.590238 ], [ -78.245043, 37.589575 ], [ -78.245732, 37.58937 ], [ -78.245981, 37.589274 ], [ -78.246406, 37.589051 ], [ -78.246777, 37.588774 ], [ -78.248251, 37.587259 ], [ -78.249715, 37.585714 ], [ -78.250953, 37.586421 ], [ -78.251129, 37.586568 ], [ -78.25122, 37.586672 ], [ -78.251356, 37.586901 ], [ -78.251723, 37.587967 ], [ -78.251787, 37.588276 ], [ -78.251792, 37.588442 ], [ -78.251676, 37.589725 ], [ -78.251628, 37.590968 ], [ -78.251641, 37.591231 ], [ -78.251677, 37.591333 ], [ -78.251761, 37.591456 ], [ -78.25204, 37.591671 ], [ -78.25228, 37.591789 ], [ -78.252397, 37.591829 ], [ -78.252521, 37.591855 ], [ -78.252687, 37.591851 ], [ -78.252842, 37.591801 ], [ -78.25361, 37.591321 ], [ -78.253886, 37.591196 ], [ -78.254241, 37.591095 ], [ -78.254453, 37.591057 ], [ -78.254683, 37.591043 ], [ -78.255098, 37.591054 ], [ -78.255385, 37.591087 ], [ -78.256569, 37.591271 ], [ -78.25689, 37.591307 ], [ -78.257472, 37.591333 ], [ -78.258182, 37.59131 ], [ -78.258331, 37.591305 ], [ -78.258506, 37.591298 ], [ -78.259715, 37.591242 ], [ -78.260137, 37.591185 ], [ -78.260435, 37.591117 ], [ -78.260695, 37.591032 ], [ -78.261047, 37.59087 ], [ -78.261338, 37.590694 ], [ -78.262682, 37.589801 ], [ -78.263072, 37.589577 ], [ -78.263441, 37.589443 ], [ -78.26383, 37.589372 ], [ -78.264029, 37.589358 ], [ -78.264389, 37.589368 ], [ -78.264562, 37.589389 ], [ -78.266317, 37.589701 ], [ -78.267409, 37.589956 ], [ -78.270809, 37.590544 ], [ -78.270981, 37.590309 ], [ -78.271203, 37.590121 ], [ -78.271746, 37.58981 ], [ -78.272168, 37.58959 ], [ -78.272975, 37.589213 ], [ -78.274119, 37.590442 ], [ -78.274762, 37.591081 ], [ -78.275026, 37.591367 ], [ -78.276472, 37.593076 ], [ -78.277795, 37.594461 ], [ -78.278108, 37.59477 ], [ -78.278601, 37.595163 ], [ -78.278583, 37.595187 ], [ -78.275192, 37.599735 ], [ -78.27135, 37.604926 ], [ -78.26955, 37.607371 ], [ -78.263773, 37.615223 ], [ -78.259635, 37.620844 ], [ -78.260968, 37.619612 ], [ -78.26353, 37.617226 ], [ -78.263799, 37.617024 ], [ -78.263931, 37.616945 ], [ -78.264179, 37.616851 ], [ -78.264623, 37.61677 ], [ -78.26497, 37.61673 ], [ -78.265545, 37.616689 ], [ -78.266114, 37.616664 ], [ -78.267363, 37.616681 ], [ -78.275375, 37.616953 ], [ -78.276089, 37.616952 ], [ -78.276865, 37.616893 ], [ -78.277757, 37.61677 ], [ -78.28195, 37.615977 ], [ -78.282581, 37.615831 ], [ -78.283366, 37.615613 ], [ -78.284295, 37.615313 ], [ -78.284755, 37.615209 ], [ -78.284944, 37.615184 ], [ -78.285688, 37.615136 ], [ -78.288258, 37.615046 ], [ -78.288713, 37.615011 ], [ -78.289419, 37.614914 ], [ -78.289994, 37.614776 ], [ -78.291402, 37.614289 ], [ -78.291629, 37.614199 ], [ -78.292017, 37.614006 ], [ -78.292257, 37.613857 ], [ -78.294454, 37.612259 ], [ -78.294666, 37.612136 ], [ -78.296184, 37.6114 ], [ -78.296583, 37.611227 ], [ -78.296962, 37.611034 ], [ -78.29729, 37.610828 ], [ -78.297463, 37.610684 ], [ -78.297659, 37.610475 ], [ -78.29862, 37.609049 ], [ -78.298904, 37.608601 ], [ -78.299111, 37.608369 ], [ -78.299347, 37.608155 ], [ -78.30052, 37.60728 ], [ -78.300809, 37.607136 ], [ -78.300983, 37.607084 ], [ -78.301092, 37.607064 ], [ -78.30209, 37.6069 ], [ -78.305488, 37.606281 ], [ -78.306051, 37.606238 ], [ -78.306241, 37.606263 ], [ -78.306571, 37.606346 ], [ -78.306962, 37.606489 ], [ -78.308136, 37.606971 ], [ -78.308258, 37.607003 ], [ -78.308476, 37.607014 ], [ -78.30861, 37.606996 ], [ -78.308834, 37.606912 ], [ -78.309252, 37.606577 ], [ -78.309679, 37.606149 ], [ -78.310095, 37.605639 ], [ -78.310302, 37.6053 ], [ -78.310505, 37.604809 ], [ -78.310594, 37.604521 ], [ -78.311055, 37.601917 ], [ -78.311148, 37.601742 ], [ -78.311235, 37.601636 ], [ -78.311898, 37.600981 ], [ -78.313113, 37.599765 ], [ -78.313878, 37.599103 ], [ -78.317182, 37.596361 ], [ -78.317382, 37.596223 ], [ -78.317814, 37.595982 ], [ -78.31905, 37.595479 ], [ -78.320787, 37.594834 ], [ -78.321016, 37.594725 ], [ -78.32116, 37.594568 ], [ -78.321216, 37.594472 ], [ -78.321337, 37.594157 ], [ -78.32153, 37.594237 ], [ -78.323091, 37.594448 ], [ -78.322655, 37.595878 ], [ -78.321249, 37.600494 ], [ -78.318237, 37.610824 ], [ -78.316936, 37.615097 ], [ -78.314554, 37.624079 ], [ -78.313582, 37.626873 ], [ -78.313463, 37.626929 ], [ -78.312632, 37.629703 ], [ -78.311689, 37.63302 ], [ -78.310836, 37.635899 ], [ -78.310323, 37.63663 ], [ -78.309746, 37.637551 ], [ -78.309326, 37.638146 ], [ -78.309107, 37.63843 ] ] ] ] } }
]
}
