{
"type": "FeatureCollection",
"name": "district_9",
"crs": { "type": "name", "properties": { "name": "urn:ogc:def:crs:OGC:1.3:CRS84" } },
"xy_coordinate_resolution": 1e-15,
"features": [
{ "type": "Feature", "properties": { "district": "9" }, "geometry": { "type": "MultiPolygon", "coordinates": [ [ [ [ -80.55638494254282, 37.037777902415222 ], [ -80.555428942276279, 37.037122901504432 ], [ -80.555283942233643, 37.037009901358424 ], [ -80.554708942053111, 37.036486900736342 ], [ -80.554556942013832, 37.036412900608262 ], [ -80.554461941992443, 37.036389900541415 ], [ -80.554362941972201, 37.036380900480317 ], [ -80.55418194194047, 37.036402900390343 ], [ -80.554112941930285, 37.036424900363819 ], [ -80.554035941923829, 37.036484900354409 ], [ -80.55393894192126, 37.036599900364976 ], [ -80.553897941924575, 37.036679900387242 ], [ -80.553867941942684, 37.036850900467705 ], [ -80.553941942009288, 37.037227900724105 ], [ -80.553945942040784, 37.037448900852191 ], [ -80.553921942053279, 37.037570900908037 ], [ -80.553761942078467, 37.037965901042689 ], [ -80.553619942081752, 37.038177901083401 ], [ -80.553398942068398, 37.038373901070543 ], [ -80.552530941991421, 37.038952900912314 ], [ -80.552165941952353, 37.039142900815527 ], [ -80.551805941905428, 37.03926990068576 ], [ -80.551597941875144, 37.039320900598028 ], [ -80.550659941722827, 37.039439900139172 ], [ -80.550368941671664, 37.039449899981399 ], [ -80.550186941636852, 37.039437899872226 ], [ -80.549971941592858, 37.039404899732446 ], [ -80.547384941026422, 37.038804897932145 ], [ -80.547180940983438, 37.038770897797605 ], [ -80.545691940689096, 37.038645896887225 ], [ -80.545502940654828, 37.038648896782512 ], [ -80.545203940605802, 37.038683896634609 ], [ -80.544914940564368, 37.038751896511393 ], [ -80.544456940504517, 37.038891896335123 ], [ -80.543435940379325, 37.039240895964227 ], [ -80.542234940230145, 37.03962289551248 ], [ -80.541945940190374, 37.039690895390059 ], [ -80.541192940080748, 37.039831895049822 ], [ -80.540787940032359, 37.039962894899382 ], [ -80.538067939754171, 37.041030894003541 ], [ -80.537610939713929, 37.041232893867189 ], [ -80.537163939678706, 37.041447893744255 ], [ -80.535441939571058, 37.04238189333595 ], [ -80.535201939551982, 37.042487893264983 ], [ -80.534819939515003, 37.04262289313219 ], [ -80.53432893945741, 37.042745892931705 ], [ -80.533096939283283, 37.042906892340987 ], [ -80.532862939247693, 37.042924892221386 ], [ -80.531715939059936, 37.042950891597833 ], [ -80.531483939025875, 37.042973891482319 ], [ -80.531030938969465, 37.043063891283914 ], [ -80.530538938917516, 37.043201891092764 ], [ -80.52836593869327, 37.043808890248854 ], [ -80.527985938660791, 37.043939890116732 ], [ -80.524548938476599, 37.045506889159554 ], [ -80.524145938454652, 37.045678889041149 ], [ -80.523893938434128, 37.045757888949758 ], [ -80.523313938374045, 37.045885888706934 ], [ -80.519022937879981, 37.046582886761982 ], [ -80.518209937793841, 37.046733886406166 ], [ -80.517986937779114, 37.046807886328637 ], [ -80.517675937776971, 37.0469788862626 ], [ -80.517088937823388, 37.047483886250873 ], [ -80.516467937875021, 37.048018886239873 ], [ -80.515565937936785, 37.048732886186365 ], [ -80.514595937999431, 37.049468886110937 ], [ -80.513474938071795, 37.050296886012013 ], [ -80.512176938153559, 37.051219885878261 ], [ -80.51085693826586, 37.052227885789009 ], [ -80.510433938298249, 37.052531885749303 ], [ -80.510087938321661, 37.052767885709009 ], [ -80.507923938429784, 37.054073885355187 ], [ -80.507186938494584, 37.054594885284409 ], [ -80.505210938643032, 37.055867885021428 ], [ -80.504859938682259, 37.05612888499752 ], [ -80.504518938734108, 37.056423885000932 ], [ -80.504252938800718, 37.05673488505505 ], [ -80.504092938853375, 37.056960885112545 ], [ -80.503875938963631, 37.057387885267211 ], [ -80.50359493916072, 37.058107885574223 ], [ -80.503525939190553, 37.058225885612245 ], [ -80.50402193929979, 37.058391885984015 ], [ -80.504340939384392, 37.058544886252434 ], [ -80.504779939540384, 37.058882886702385 ], [ -80.506538940198624, 37.060378888591103 ], [ -80.507438940525532, 37.061135889549575 ], [ -80.507559940575291, 37.061257889690971 ], [ -80.507736940665708, 37.061494889934842 ], [ -80.507855940754197, 37.061745890156473 ], [ -80.507904940811741, 37.061918890291629 ], [ -80.507932940900531, 37.062201890484914 ], [ -80.507919940942386, 37.062343890567575 ], [ -80.507727941149966, 37.06308789093486 ], [ -80.507666941248601, 37.063430891118934 ], [ -80.507706941414199, 37.063961891475124 ], [ -80.507885941571971, 37.064425891862371 ], [ -80.508296941825364, 37.0651388925289 ], [ -80.508397941897229, 37.065346892713222 ], [ -80.508473941986381, 37.065619892925199 ], [ -80.508490942064213, 37.065872893093534 ], [ -80.508464942116319, 37.066052893193145 ], [ -80.508386942194846, 37.066334893329774 ], [ -80.507623942517668, 37.067605893730317 ], [ -80.507423942615304, 37.067977893860267 ], [ -80.507323942683286, 37.068225893964488 ], [ -80.50729094276366, 37.06849689411829 ], [ -80.507330942883343, 37.068877894379753 ], [ -80.507422942975595, 37.069156894604014 ], [ -80.508220943682389, 37.071293896367337 ], [ -80.508304943759995, 37.071531896560934 ], [ -80.50873294404272, 37.07237689731496 ], [ -80.509154944276943, 37.073069897969404 ], [ -80.509622944561784, 37.073930898752238 ], [ -80.509816944691508, 37.074329899102906 ], [ -80.510397945115699, 37.075656900234726 ], [ -80.510708945313965, 37.076276900783029 ], [ -80.510852945378261, 37.076471900979044 ], [ -80.510990945429498, 37.076623901145027 ], [ -80.511389945545446, 37.076955901557241 ], [ -80.513299945989374, 37.078200903310993 ], [ -80.513493946041891, 37.078356903507164 ], [ -80.513687946114317, 37.0785839037475 ], [ -80.513824946186389, 37.078818903963672 ], [ -80.513897946237918, 37.078990904107876 ], [ -80.513937946281587, 37.079139904221009 ], [ -80.513954946381332, 37.079490904448093 ], [ -80.51390894646714, 37.079800904617805 ], [ -80.513814946525912, 37.08002090470697 ], [ -80.51373494656012, 37.080151904747943 ], [ -80.512135947063413, 37.082090905148071 ], [ -80.509806947816486, 37.084848905704121 ], [ -80.509492947936209, 37.085269905811238 ], [ -80.509274948053573, 37.085674905956694 ], [ -80.509151948154667, 37.086018906111555 ], [ -80.508680948726678, 37.0879409070861 ], [ -80.508542948819155, 37.088250907212775 ], [ -80.508304948916248, 37.08857690729991 ], [ -80.507427949205919, 37.089539907472464 ], [ -80.506940949394959, 37.090157907621865 ], [ -80.506748949498245, 37.090492907738678 ], [ -80.506660949558494, 37.090687907818577 ], [ -80.506545949653571, 37.09099490795591 ], [ -80.506469949743448, 37.091284908101898 ], [ -80.506366949830863, 37.091565908228887 ], [ -80.506321949927397, 37.091876908403528 ], [ -80.506340950103706, 37.092446908773383 ], [ -80.506401950210503, 37.092793909022866 ], [ -80.506620950436385, 37.093532909597663 ], [ -80.507422951216554, 37.096117911622109 ], [ -80.503244950999004, 37.095156908978453 ], [ -80.502397950944527, 37.094940908427674 ], [ -80.501754950909785, 37.094799908023973 ], [ -80.500945950869919, 37.09463690752483 ], [ -80.499531950076786, 37.094419906630336 ], [ -80.498774948849061, 37.09431890609028 ], [ -80.497780947245857, 37.094217905400924 ], [ -80.496678945478493, 37.09413990465805 ], [ -80.495770944032301, 37.094105904065266 ], [ -80.494194941541835, 37.094100903071684 ], [ -80.482935923892441, 37.094356896176151 ], [ -80.481837922188333, 37.094408895523749 ], [ -80.481191921201614, 37.094468895160958 ], [ -80.480421920046481, 37.094577894755318 ], [ -80.479538918748105, 37.094747894322936 ], [ -80.479064918065902, 37.094863894108904 ], [ -80.478477917231515, 37.095023893856045 ], [ -80.477554915957256, 37.09533589350324 ], [ -80.477051915279958, 37.095531893330509 ], [ -80.476418914451216, 37.095814893140329 ], [ -80.476407914476852, 37.095889893187667 ], [ -80.476428914700918, 37.096224893442788 ], [ -80.476416914711919, 37.096276893472954 ], [ -80.475727913842633, 37.096628893300263 ], [ -80.463601899571657, 37.103143890782285 ], [ -80.460918896627746, 37.104581890296288 ], [ -80.4600598956889, 37.10502489013264 ], [ -80.458976894485929, 37.105542889898473 ], [ -80.457773893135325, 37.106081889614188 ], [ -80.440697875185947, 37.113523885885968 ], [ -80.439758874236631, 37.113893885673093 ], [ -80.438848873279014, 37.114205885429392 ], [ -80.438008872367519, 37.114459885177027 ], [ -80.436810871013563, 37.114758884765429 ], [ -80.4355908695767, 37.114996884291422 ], [ -80.434476868210751, 37.115154883808827 ], [ -80.433879867462508, 37.115221883535348 ], [ -80.42321785394968, 37.116160878464363 ], [ -80.423252854718342, 37.116810879072744 ], [ -80.42328985503778, 37.117053879313225 ], [ -80.423403855958071, 37.117745880002538 ], [ -80.423512857340526, 37.118862881073134 ], [ -80.424662858412375, 37.118446881322605 ], [ -80.426949860528069, 37.11757788179105 ], [ -80.426992860623244, 37.117612881845865 ], [ -80.427660861481698, 37.117577882180207 ], [ -80.427477860584446, 37.116966881535269 ], [ -80.427633860787196, 37.11695988161474 ], [ -80.42821986152282, 37.116908881891412 ], [ -80.428612863154314, 37.117952883034043 ], [ -80.429970864807089, 37.11779588363693 ], [ -80.431841867007762, 37.117497884398304 ], [ -80.431994867891035, 37.118161885063685 ], [ -80.434501870874371, 37.117795886113257 ], [ -80.434795871969882, 37.118502886886375 ], [ -80.435214873333507, 37.119317887819214 ], [ -80.436140876323421, 37.121119889873086 ], [ -80.438328883734329, 37.1258798951093 ], [ -80.437610882999451, 37.126053894885892 ], [ -80.437343882741601, 37.126133894816157 ], [ -80.436940882386466, 37.126288894740675 ], [ -80.437399883889256, 37.127248895801102 ], [ -80.437481884156298, 37.127419895989817 ], [ -80.437643884684178, 37.127758896363297 ], [ -80.435560882813277, 37.128477895917399 ], [ -80.433796880614935, 37.128450894994856 ], [ -80.431760878648717, 37.128978894419951 ], [ -80.431471878499707, 37.129178894448764 ], [ -80.430908877831357, 37.129198894180767 ], [ -80.425780872996455, 37.130526892771861 ], [ -80.431134884071099, 37.134989899385268 ], [ -80.429541883356464, 37.136080899574083 ], [ -80.424998881586717, 37.139260900240359 ], [ -80.424859881548855, 37.139368900271961 ], [ -80.424343880872911, 37.139279899948143 ], [ -80.423532879932424, 37.139251899539659 ], [ -80.422846879191866, 37.139277899239133 ], [ -80.421810878159306, 37.139392898854624 ], [ -80.418005874565083, 37.139967897590246 ], [ -80.41759687413608, 37.139990897419345 ], [ -80.417397873914354, 37.139990897325831 ], [ -80.41697787341235, 37.139961897101571 ], [ -80.415562871677338, 37.139828896312466 ], [ -80.414820870806324, 37.139792895929709 ], [ -80.41468887065777, 37.139791895866679 ], [ -80.414910872084135, 37.140778896893949 ], [ -80.415026872912691, 37.141365897496641 ], [ -80.415050873350566, 37.141710897830251 ], [ -80.415037873910023, 37.142191898273765 ], [ -80.415009874874471, 37.143025899040239 ], [ -80.414991876351309, 37.144279900204062 ], [ -80.415040877659749, 37.145332901210367 ], [ -80.415017878528928, 37.14608190189999 ], [ -80.414966879160303, 37.146655902413571 ], [ -80.41466888277175, 37.149934905348928 ], [ -80.414645883068005, 37.150201905588766 ], [ -80.414599883903819, 37.150938906258595 ], [ -80.414580884482262, 37.151437906717518 ], [ -80.414515885401002, 37.152258907458219 ], [ -80.414696885570635, 37.152250907528206 ], [ -80.414726886857252, 37.153301908524284 ], [ -80.41476688723597, 37.153585908806924 ], [ -80.414800887416163, 37.153708908936345 ], [ -80.414874887779774, 37.153952909195759 ], [ -80.415018888329058, 37.154295909577016 ], [ -80.415704890449291, 37.155522911009307 ], [ -80.416237891821197, 37.156252911910322 ], [ -80.416472892320044, 37.156486912225112 ], [ -80.417040893372771, 37.156925912866804 ], [ -80.417404894009294, 37.157176913249096 ], [ -80.417092893504986, 37.156996912954099 ], [ -80.416693892822209, 37.156735912547603 ], [ -80.416377892248931, 37.156502912200779 ], [ -80.415542890555557, 37.15574291114703 ], [ -80.415105889697273, 37.155372910619796 ], [ -80.414592888744622, 37.154987910045676 ], [ -80.413000885987017, 37.153977908429106 ], [ -80.412870886234728, 37.15428590866437 ], [ -80.412465886990233, 37.155227909382774 ], [ -80.415538892226394, 37.15715291246061 ], [ -80.414278891344011, 37.157404912179395 ], [ -80.414157891365107, 37.157516912234811 ], [ -80.413943891313934, 37.157640912263624 ], [ -80.413581891267498, 37.157882912342913 ], [ -80.41348989168317, 37.158297912695417 ], [ -80.413635893271987, 37.159501913885805 ], [ -80.413731893509549, 37.159625914040902 ], [ -80.413902893520344, 37.159504913996059 ], [ -80.414101893949194, 37.15970991426839 ], [ -80.413848893922662, 37.159879914326318 ], [ -80.413867893991792, 37.159922914374278 ], [ -80.413829894298146, 37.160205914624711 ], [ -80.414192895216956, 37.160695915229162 ], [ -80.414177895997568, 37.161356915842966 ], [ -80.41435889654997, 37.161681916219095 ], [ -80.414583897565464, 37.162361916944526 ], [ -80.415074898863395, 37.163084917812888 ], [ -80.414986898884976, 37.163167917856114 ], [ -80.415494900181301, 37.163882918721178 ], [ -80.416485901716058, 37.164451919634061 ], [ -80.41658090178305, 37.164438919658565 ], [ -80.41659690188402, 37.164512919733454 ], [ -80.41661590200404, 37.164600919822519 ], [ -80.416648902224352, 37.16476391998664 ], [ -80.416562902894171, 37.165395920540853 ], [ -80.416298902711617, 37.165432920474437 ], [ -80.416103904122522, 37.166767921642503 ], [ -80.416193904707455, 37.167198922077574 ], [ -80.416339905304071, 37.167600922506324 ], [ -80.417124907775289, 37.169150924237691 ], [ -80.417370909136537, 37.170142925247525 ], [ -80.417435909627287, 37.170517925618597 ], [ -80.418021910229257, 37.170629925935707 ], [ -80.41782891074719, 37.171207926400001 ], [ -80.417247912310657, 37.172939927795049 ], [ -80.417273912418707, 37.173014927873787 ], [ -80.417310912477973, 37.173040927911032 ], [ -80.416991913282629, 37.173938928630704 ], [ -80.416790913536701, 37.174286928882978 ], [ -80.416512913693353, 37.174600929077023 ], [ -80.416435913817253, 37.174755929194134 ], [ -80.415747914048126, 37.175392929547144 ], [ -80.415805914235335, 37.17551392968015 ], [ -80.416157915373972, 37.176252930490072 ], [ -80.417379916521725, 37.176453931097434 ], [ -80.413303917399688, 37.179687932736989 ], [ -80.411945917764371, 37.18077593331342 ], [ -80.411546917900964, 37.181114933502954 ], [ -80.410907918267512, 37.181772933917692 ], [ -80.410454918724014, 37.182393934360455 ], [ -80.408803920703122, 37.184869936193508 ], [ -80.408404920182889, 37.184665935872616 ], [ -80.408272920172479, 37.184726935889344 ], [ -80.407742918763134, 37.18389093491983 ], [ -80.406760919984762, 37.185362936024966 ], [ -80.407042920320976, 37.185481936227738 ], [ -80.406750920297398, 37.185612936262636 ], [ -80.406050920240162, 37.185923936344253 ], [ -80.405341920244766, 37.186283936472087 ], [ -80.405596920918256, 37.186678936933134 ], [ -80.405319920868436, 37.18677793694345 ], [ -80.405201920998365, 37.186936937061077 ], [ -80.405175921026995, 37.186971937086916 ], [ -80.40520092114636, 37.187051937172178 ], [ -80.405155921262477, 37.187163937266746 ], [ -80.404803921076024, 37.18719293718685 ], [ -80.404279920841631, 37.187268937099859 ], [ -80.403247920168852, 37.187255936770818 ], [ -80.402568919590919, 37.187144936454018 ], [ -80.402695919376598, 37.186920936274156 ], [ -80.402765919342301, 37.186860936237103 ], [ -80.402611919082929, 37.186738936070405 ], [ -80.401967918413192, 37.186544935681731 ], [ -80.401721918044004, 37.186385935449813 ], [ -80.400631916529093, 37.185778934514815 ], [ -80.400313916043118, 37.185570934210688 ], [ -80.399523914708169, 37.18496393336406 ], [ -80.3990749139993, 37.184658932920854 ], [ -80.398810913641356, 37.184523932703897 ], [ -80.398474913241685, 37.184393932468708 ], [ -80.397924912706785, 37.184269932171432 ], [ -80.397686912440221, 37.184190932017501 ], [ -80.397456912100481, 37.184054931809108 ], [ -80.397367911932662, 37.183975931702221 ], [ -80.395870911641666, 37.184487931738566 ], [ -80.395510911536277, 37.18458393172088 ], [ -80.395046911341865, 37.184664931655533 ], [ -80.394806911275282, 37.184730931646129 ], [ -80.394489911253444, 37.184864931680877 ], [ -80.393925911289273, 37.185154931795424 ], [ -80.393681911276985, 37.185259931824717 ], [ -80.393391911223787, 37.185356931831649 ], [ -80.393024911079763, 37.185424931785356 ], [ -80.392705910908006, 37.185450931711827 ], [ -80.39250791077572, 37.185448931647869 ], [ -80.391851910238316, 37.185372931365478 ], [ -80.391752910166346, 37.185367931329452 ], [ -80.391484909988051, 37.185365931243481 ], [ -80.391241909853363, 37.185382931184627 ], [ -80.389374908856595, 37.185537930758557 ], [ -80.389122908747368, 37.185575930718727 ], [ -80.38881690867747, 37.185664930714374 ], [ -80.388205908627896, 37.185902930768137 ], [ -80.387897908580584, 37.186006930779087 ], [ -80.387481908469908, 37.18611493076093 ], [ -80.386805908158181, 37.186199930638708 ], [ -80.386688908125507, 37.186228930632339 ], [ -80.386127908128586, 37.186474930712777 ], [ -80.385955908108642, 37.18653593072267 ], [ -80.385188907871267, 37.186706930662965 ], [ -80.384991907842291, 37.186771930669664 ], [ -80.384165907844746, 37.18712493078251 ], [ -80.384052907819495, 37.187155930780094 ], [ -80.383837907724882, 37.187183930743188 ], [ -80.383559907514751, 37.187161930634957 ], [ -80.382646906670558, 37.186988930173634 ], [ -80.382324906385776, 37.18693693002021 ], [ -80.381995906149683, 37.186919929901073 ], [ -80.38179190603924, 37.186932929851885 ], [ -80.381486905925627, 37.186985929813702 ], [ -80.381304905893856, 37.18704092981546 ], [ -80.380675905925713, 37.187321929917999 ], [ -80.380174905893654, 37.187506929959753 ], [ -80.379352905995034, 37.187906930131469 ], [ -80.379049905999153, 37.18803193017154 ], [ -80.37798790590648, 37.188397930237549 ], [ -80.377456905781287, 37.188528930216236 ], [ -80.376772905548208, 37.18865093013968 ], [ -80.376040905190223, 37.188711929983938 ], [ -80.375312904897825, 37.188811929871527 ], [ -80.375096904829434, 37.188852929850363 ], [ -80.374788904797128, 37.18895192986384 ], [ -80.3745759048401, 37.189060929916906 ], [ -80.374395904953616, 37.189200930013293 ], [ -80.37428990506173, 37.189308930097646 ], [ -80.374175905253566, 37.189471930238774 ], [ -80.374012905671492, 37.189793930536609 ], [ -80.373823906590019, 37.190435931171606 ], [ -80.373774906737609, 37.190545931275572 ], [ -80.373549907071506, 37.19083693152276 ], [ -80.373306907271612, 37.191050931682085 ], [ -80.372908907651023, 37.19143193197678 ], [ -80.372781907687482, 37.191500932014229 ], [ -80.372706907667379, 37.191515932008464 ], [ -80.372521907528579, 37.191497931935025 ], [ -80.371697906748224, 37.191318931500291 ], [ -80.370655905876006, 37.191164931027828 ], [ -80.369936905239669, 37.19103893067971 ], [ -80.368542904081096, 37.19084293005573 ], [ -80.36815590373412, 37.190773929866189 ], [ -80.368009903649892, 37.190775929825357 ], [ -80.367925903636234, 37.190797929824782 ], [ -80.367791903661171, 37.190860929854544 ], [ -80.367334903855024, 37.191139930026701 ], [ -80.36701390403644, 37.191361930176797 ], [ -80.366818904243416, 37.191553930331253 ], [ -80.366776904321128, 37.191614930386166 ], [ -80.366720904545403, 37.191767930538347 ], [ -80.364001902714293, 37.191634929599104 ], [ -80.362827901842962, 37.191531929142045 ], [ -80.362612901646699, 37.191491929034648 ], [ -80.362180901202308, 37.19138292878673 ], [ -80.361942900917356, 37.191299928624275 ], [ -80.360130898470615, 37.190516927213793 ], [ -80.358072895699863, 37.189651925627274 ], [ -80.357749895270132, 37.189520925382531 ], [ -80.357605895109202, 37.189479925293107 ], [ -80.35742589494555, 37.189449925205238 ], [ -80.357273894834563, 37.189439925148513 ], [ -80.356354894308382, 37.189460924897453 ], [ -80.355917893993848, 37.189434924737185 ], [ -80.355677893785597, 37.189400924626639 ], [ -80.354643892739517, 37.189172924056578 ], [ -80.354444892499501, 37.189107923922542 ], [ -80.354107892021972, 37.188958923650702 ], [ -80.353656891122569, 37.188616923122922 ], [ -80.353472890697574, 37.188445922871296 ], [ -80.353221890024528, 37.188161922469234 ], [ -80.353169889817281, 37.188065922343348 ], [ -80.353117889451639, 37.187882922117318 ], [ -80.353096888511942, 37.187373921526415 ], [ -80.353054887888135, 37.187045921136821 ], [ -80.352977887456547, 37.186835920871843 ], [ -80.352836887034599, 37.186653920619285 ], [ -80.352605886992237, 37.186711920614655 ], [ -80.352801887646606, 37.187001921008452 ], [ -80.352854887995733, 37.18717492122358 ], [ -80.352854888245432, 37.187311921380982 ], [ -80.352838888536027, 37.187476921565782 ], [ -80.352752888746011, 37.18762192170621 ], [ -80.352615888973347, 37.187793921862124 ], [ -80.352340888864049, 37.187828921818522 ], [ -80.35182988855145, 37.187833921668648 ], [ -80.351627888393054, 37.187816921587412 ], [ -80.351481888339677, 37.187837921567301 ], [ -80.35135288834114, 37.187882921579877 ], [ -80.351289888380563, 37.187925921610336 ], [ -80.351153888020917, 37.187776921396868 ], [ -80.35106088787947, 37.187731921316491 ], [ -80.35101688793641, 37.187777921356229 ], [ -80.350997888060704, 37.187851921435936 ], [ -80.351017888360531, 37.18800792162228 ], [ -80.351160889050078, 37.188333922042332 ], [ -80.351303889505218, 37.188532922315424 ], [ -80.351381889868023, 37.188703922536419 ], [ -80.351511890352697, 37.18892392282946 ], [ -80.351720891639303, 37.189554923620015 ], [ -80.351746892122847, 37.189809923921864 ], [ -80.351748892690722, 37.190118924278714 ], [ -80.351706893182509, 37.190400924591444 ], [ -80.351670893421272, 37.190542924744626 ], [ -80.35162589357401, 37.190640924844317 ], [ -80.351600893830621, 37.190788925007695 ], [ -80.351553893991507, 37.190891925112709 ], [ -80.351444894220194, 37.19105192526532 ], [ -80.351176894595497, 37.191342925522768 ], [ -80.351029894911335, 37.191561925732749 ], [ -80.350852895569545, 37.191975926159799 ], [ -80.350827895783411, 37.192099926295917 ], [ -80.350682896168749, 37.192354926548809 ], [ -80.350584896663378, 37.192653926866498 ], [ -80.350567896919273, 37.192797927028195 ], [ -80.350572897258104, 37.192979927240188 ], [ -80.350723898313518, 37.193504927890842 ], [ -80.350834898865457, 37.193769928228804 ], [ -80.350882899277892, 37.19397892848405 ], [ -80.350956899680867, 37.194174928731584 ], [ -80.35105690040011, 37.194534929175823 ], [ -80.351126901184699, 37.194939929663455 ], [ -80.351124902138622, 37.195458930262426 ], [ -80.351063902681076, 37.19577193060713 ], [ -80.350912903224526, 37.196111930958217 ], [ -80.350783903497032, 37.196297931137714 ], [ -80.350578903806323, 37.196525931345072 ], [ -80.35040790427162, 37.196827931647654 ], [ -80.350372904653739, 37.197044931889366 ], [ -80.350379905285706, 37.197384932284905 ], [ -80.350423905562238, 37.197521932455437 ], [ -80.350514905839546, 37.197645932623743 ], [ -80.350695906123676, 37.19774793279074 ], [ -80.351491906901202, 37.197941933229764 ], [ -80.351930907290225, 37.198027933447307 ], [ -80.352261907649179, 37.198128933652839 ], [ -80.352485907828935, 37.198162933752265 ], [ -80.352838908161928, 37.198243933940319 ], [ -80.353087908367087, 37.198284934054286 ], [ -80.353285908494428, 37.198297934122429 ], [ -80.353449908672957, 37.198348934224938 ], [ -80.353552908832185, 37.198406934319102 ], [ -80.353587908899456, 37.19843393435945 ], [ -80.353615909033863, 37.198499934442601 ], [ -80.353648909430333, 37.198708934691098 ], [ -80.3536839095229, 37.198749934747454 ], [ -80.353817910103686, 37.199031935106362 ], [ -80.353968910504051, 37.199209935350353 ], [ -80.35405091064581, 37.199264935435082 ], [ -80.354287910952024, 37.199366935614691 ], [ -80.354408911162238, 37.19944893574052 ], [ -80.354641911763352, 37.199715936107474 ], [ -80.354797912226829, 37.199928936391871 ], [ -80.3551, 37.200265 ], [ -80.355238, 37.200388 ], [ -80.355644, 37.200854 ], [ -80.355877, 37.201053 ], [ -80.35611, 37.201166 ], [ -80.356428, 37.201292 ], [ -80.356361, 37.201567 ], [ -80.356361, 37.20167 ], [ -80.356418, 37.201859 ], [ -80.356422, 37.201945 ], [ -80.356401, 37.202055 ], [ -80.356149, 37.202502 ], [ -80.355833, 37.202998 ], [ -80.355795, 37.203097 ], [ -80.355715, 37.203465 ], [ -80.355612, 37.203592 ], [ -80.355389, 37.203761 ], [ -80.355273, 37.203815 ], [ -80.354992, 37.203912 ], [ -80.354754, 37.204017 ], [ -80.354238, 37.204129 ], [ -80.353891, 37.204281 ], [ -80.353509, 37.204543 ], [ -80.353226, 37.204716 ], [ -80.352849, 37.205012 ], [ -80.352515, 37.20537 ], [ -80.352375, 37.205615 ], [ -80.351672, 37.205711 ], [ -80.351383, 37.205812 ], [ -80.35143, 37.205959 ], [ -80.351432, 37.20603 ], [ -80.35138, 37.206165 ], [ -80.35133, 37.206223 ], [ -80.350995, 37.206479 ], [ -80.350901, 37.206576 ], [ -80.350684, 37.206858 ], [ -80.350457, 37.207066 ], [ -80.350155, 37.207297 ], [ -80.348841, 37.208064 ], [ -80.348505, 37.208331 ], [ -80.348381, 37.208353 ], [ -80.348076, 37.20831 ], [ -80.347847, 37.208353 ], [ -80.347656, 37.208367 ], [ -80.347535, 37.208394 ], [ -80.34743, 37.208436 ], [ -80.346984, 37.208691 ], [ -80.346827, 37.20875 ], [ -80.346076, 37.208807 ], [ -80.345878, 37.208847 ], [ -80.345777, 37.208888 ], [ -80.345296, 37.209172 ], [ -80.34509, 37.209272 ], [ -80.344777, 37.209354 ], [ -80.344217, 37.209416 ], [ -80.344019, 37.209455 ], [ -80.343787, 37.209521 ], [ -80.340679, 37.210734 ], [ -80.337523, 37.211925 ], [ -80.337105, 37.212116 ], [ -80.336812, 37.212268 ], [ -80.33635, 37.21257 ], [ -80.336269, 37.212605 ], [ -80.336163, 37.212629 ], [ -80.335981, 37.212623 ], [ -80.335862, 37.212586 ], [ -80.33553, 37.2124 ], [ -80.335449, 37.212372 ], [ -80.335255, 37.212341 ], [ -80.335144, 37.212344 ], [ -80.335036, 37.21236 ], [ -80.33335, 37.212815 ], [ -80.333085, 37.212867 ], [ -80.332546, 37.212928 ], [ -80.331991, 37.212931 ], [ -80.331661, 37.21297 ], [ -80.331107, 37.213135 ], [ -80.330827, 37.213265 ], [ -80.330708, 37.213291 ], [ -80.330626, 37.213297 ], [ -80.330036, 37.213257 ], [ -80.329623, 37.2132 ], [ -80.329278, 37.21313 ], [ -80.329151, 37.213136 ], [ -80.32904, 37.213185 ], [ -80.328906, 37.213327 ], [ -80.328847, 37.213369 ], [ -80.328763, 37.213405 ], [ -80.328371, 37.213517 ], [ -80.328114, 37.213626 ], [ -80.32796, 37.213641 ], [ -80.327612, 37.21356 ], [ -80.327527, 37.213578 ], [ -80.327483, 37.213646 ], [ -80.327525, 37.213853 ], [ -80.327496, 37.213982 ], [ -80.327385, 37.214103 ], [ -80.327276, 37.214169 ], [ -80.327018, 37.214933 ], [ -80.326759, 37.215362 ], [ -80.325908, 37.216219 ], [ -80.325722, 37.216324 ], [ -80.325518, 37.216532 ], [ -80.325332, 37.216467 ], [ -80.324879, 37.216531 ], [ -80.324773, 37.216829 ], [ -80.324862, 37.217158 ], [ -80.324595, 37.217392 ], [ -80.324492, 37.217674 ], [ -80.324527, 37.217937 ], [ -80.324476, 37.218205 ], [ -80.324532, 37.218432 ], [ -80.324765, 37.218589 ], [ -80.32487, 37.218893 ], [ -80.32485, 37.219195 ], [ -80.324797, 37.21943 ], [ -80.324941, 37.219572 ], [ -80.325034, 37.219812 ], [ -80.324759, 37.220033 ], [ -80.324233, 37.22031 ], [ -80.323976, 37.220593 ], [ -80.323858, 37.221349 ], [ -80.323594, 37.221443 ], [ -80.323073, 37.221482000000123 ], [ -80.322663, 37.221585 ], [ -80.322503, 37.221724 ], [ -80.322238, 37.221649 ], [ -80.321696, 37.22162 ], [ -80.321152, 37.221732 ], [ -80.320768, 37.221922 ], [ -80.320377, 37.222287 ], [ -80.320133, 37.222748 ], [ -80.32034, 37.22309 ], [ -80.320731, 37.223293 ], [ -80.321106, 37.223531 ], [ -80.321261, 37.223778 ], [ -80.321722, 37.224084 ], [ -80.321798, 37.224197 ], [ -80.32277, 37.22475 ], [ -80.323438, 37.225071 ], [ -80.324237, 37.225676 ], [ -80.325194, 37.226404 ], [ -80.325351, 37.226362 ], [ -80.325466, 37.226477 ], [ -80.325552, 37.227667 ], [ -80.325466, 37.227805 ], [ -80.324951, 37.228308 ], [ -80.325065, 37.228514 ], [ -80.325781, 37.229087 ], [ -80.32664, 37.228995 ], [ -80.327442, 37.22943 ], [ -80.327929, 37.229407 ], [ -80.328215, 37.229064 ], [ -80.328158, 37.22872 ], [ -80.328301, 37.228308 ], [ -80.328759, 37.227987 ], [ -80.329589, 37.227529 ], [ -80.330047, 37.227415 ], [ -80.331307, 37.227392 ], [ -80.332624, 37.227483 ], [ -80.33311, 37.227391 ], [ -80.333339, 37.227231 ], [ -80.333884, 37.227231 ], [ -80.333903, 37.227179 ], [ -80.334223, 37.227398 ], [ -80.33453, 37.227843 ], [ -80.33488, 37.228407 ], [ -80.335849, 37.229968 ], [ -80.337482, 37.231773 ], [ -80.338456, 37.233019 ], [ -80.338242, 37.234451 ], [ -80.337225, 37.235621 ], [ -80.335487, 37.236754 ], [ -80.332524, 37.23846 ], [ -80.331674, 37.239019 ], [ -80.331307, 37.239532 ], [ -80.331067, 37.24061 ], [ -80.330343, 37.242707 ], [ -80.329234, 37.244263 ], [ -80.326772, 37.246213 ], [ -80.324719, 37.247498 ], [ -80.32296, 37.248655 ], [ -80.321222, 37.249547 ], [ -80.3186, 37.250418 ], [ -80.316961, 37.251358 ], [ -80.315975, 37.252673 ], [ -80.315307, 37.254077 ], [ -80.314526, 37.255846 ], [ -80.312959, 37.256678 ], [ -80.310478, 37.257302 ], [ -80.307736, 37.257926 ], [ -80.305647, 37.258654 ], [ -80.30248, 37.261658 ], [ -80.301963, 37.262114 ], [ -80.299567, 37.262819 ], [ -80.297274, 37.263639 ], [ -80.29543, 37.264583 ], [ -80.294182, 37.264863 ], [ -80.293526, 37.265633 ], [ -80.291809, 37.266403 ], [ -80.290179, 37.266928 ], [ -80.288448, 37.267762 ], [ -80.285147, 37.268902 ], [ -80.28333, 37.269179 ], [ -80.282132, 37.269726 ], [ -80.280956, 37.270937 ], [ -80.280144, 37.273112 ], [ -80.280233, 37.274968 ], [ -80.280889, 37.277017 ], [ -80.280314, 37.278745 ], [ -80.27888, 37.280788 ], [ -80.277582, 37.282256 ], [ -80.275499, 37.283343 ], [ -80.275307, 37.283541 ], [ -80.273473, 37.284617 ], [ -80.27094, 37.286744 ], [ -80.269641, 37.287966 ], [ -80.269331, 37.288277 ], [ -80.268792, 37.288616 ], [ -80.268552, 37.289363 ], [ -80.268485, 37.289677 ], [ -80.268237, 37.290335 ], [ -80.267888, 37.290733 ], [ -80.267431, 37.290913000000103 ], [ -80.267121, 37.291207 ], [ -80.25154, 37.300727 ], [ -80.248485, 37.297237 ], [ -80.238936, 37.286222 ], [ -80.237929, 37.285061 ], [ -80.235629, 37.282407 ], [ -80.234141, 37.280729 ], [ -80.218979, 37.263706 ], [ -80.210801, 37.254505 ], [ -80.206843, 37.249913 ], [ -80.205364, 37.248396 ], [ -80.205091, 37.248116 ], [ -80.203381, 37.24635 ], [ -80.203323, 37.246235 ], [ -80.203117, 37.244868 ], [ -80.202744, 37.242338 ], [ -80.202573, 37.241493 ], [ -80.202351, 37.241305 ], [ -80.197478, 37.23877 ], [ -80.194464, 37.237255 ], [ -80.194321, 37.236988 ], [ -80.194244, 37.236288 ], [ -80.194555, 37.236021 ], [ -80.194554, 37.23558 ], [ -80.193617, 37.235404 ], [ -80.193367, 37.235135 ], [ -80.193273, 37.235034 ], [ -80.192536, 37.234383 ], [ -80.192434, 37.234336 ], [ -80.192257, 37.234386 ], [ -80.191401, 37.234777 ], [ -80.18951, 37.235658 ], [ -80.188575, 37.236131 ], [ -80.187945, 37.236471 ], [ -80.186677, 37.237187 ], [ -80.185245, 37.238073 ], [ -80.18462, 37.238485 ], [ -80.184144, 37.238791 ], [ -80.180374, 37.241242 ], [ -80.179683, 37.241736 ], [ -80.179335, 37.242018 ], [ -80.180455, 37.244577 ], [ -80.181728, 37.247166 ], [ -80.18188, 37.248668 ], [ -80.181927, 37.249534 ], [ -80.182121, 37.250564 ], [ -80.181227, 37.252042 ], [ -80.180676, 37.251623 ], [ -80.180389, 37.251313 ], [ -80.180233, 37.251094 ], [ -80.180031, 37.250754 ], [ -80.179946, 37.250556 ], [ -80.179568, 37.249268 ], [ -80.179489, 37.24912 ], [ -80.179195, 37.248696 ], [ -80.178935, 37.248433 ], [ -80.178438, 37.248063 ], [ -80.178224, 37.247932 ], [ -80.177783, 37.247687 ], [ -80.177099, 37.247353 ], [ -80.176714, 37.24725 ], [ -80.175758, 37.247111 ], [ -80.175295, 37.248105 ], [ -80.174839, 37.249189 ], [ -80.174354, 37.250424 ], [ -80.174177, 37.250976 ], [ -80.173983, 37.251814 ], [ -80.173887, 37.252465 ], [ -80.173849, 37.252884 ], [ -80.173794, 37.253949 ], [ -80.173707, 37.254586 ], [ -80.173683, 37.254696 ], [ -80.173524, 37.255158 ], [ -80.173244, 37.255747 ], [ -80.173016, 37.255707 ], [ -80.17283, 37.255707 ], [ -80.172616, 37.25576 ], [ -80.172281, 37.255897 ], [ -80.171955, 37.255998 ], [ -80.171753, 37.256045 ], [ -80.169098, 37.256533 ], [ -80.169245, 37.256573 ], [ -80.170099, 37.256717 ], [ -80.170395, 37.256807 ], [ -80.17049, 37.256855 ], [ -80.170633, 37.256968 ], [ -80.170676, 37.257072 ], [ -80.17069, 37.257162 ], [ -80.170574, 37.257203 ], [ -80.170634, 37.257334 ], [ -80.17065, 37.257419 ], [ -80.170611, 37.257503 ], [ -80.1703, 37.257644 ], [ -80.170242, 37.257728 ], [ -80.170235, 37.257779 ], [ -80.170246, 37.257831 ], [ -80.170306, 37.257929 ], [ -80.170386, 37.25802 ], [ -80.170687, 37.258259 ], [ -80.170327, 37.258529 ], [ -80.169876, 37.25884 ], [ -80.169246, 37.259235 ], [ -80.16861, 37.259584 ], [ -80.167913, 37.259927 ], [ -80.167623, 37.260053 ], [ -80.167011, 37.260298 ], [ -80.16639, 37.26051 ], [ -80.16548, 37.260756 ], [ -80.163925, 37.261114 ], [ -80.159237, 37.262205 ], [ -80.158837, 37.262317 ], [ -80.158017, 37.26259 ], [ -80.155945, 37.263392 ], [ -80.155515, 37.263546 ], [ -80.155054, 37.263694 ], [ -80.154241, 37.263905 ], [ -80.153262, 37.264089 ], [ -80.147317, 37.26498 ], [ -80.146964, 37.265047 ], [ -80.146484, 37.265164 ], [ -80.145969, 37.265333 ], [ -80.14541, 37.265584 ], [ -80.145171, 37.265709 ], [ -80.144346, 37.266171 ], [ -80.143928, 37.266427 ], [ -80.143614, 37.266652 ], [ -80.143301, 37.266915 ], [ -80.143201, 37.266851 ], [ -80.143135, 37.266857 ], [ -80.142905, 37.267071 ], [ -80.142785, 37.267012 ], [ -80.142674, 37.266905 ], [ -80.142482, 37.266844 ], [ -80.142224, 37.266714 ], [ -80.142176, 37.266677 ], [ -80.142133, 37.266613 ], [ -80.142083, 37.266464 ], [ -80.141991, 37.26635 ], [ -80.141844, 37.266261 ], [ -80.141571, 37.266138 ], [ -80.141452, 37.266032 ], [ -80.141399, 37.265911 ], [ -80.1414, 37.26574 ], [ -80.141346, 37.265386 ], [ -80.141232, 37.265316 ], [ -80.140799, 37.264898 ], [ -80.140716, 37.264799 ], [ -80.140588, 37.264566 ], [ -80.14049, 37.264409 ], [ -80.140421, 37.26437 ], [ -80.140366, 37.264359 ], [ -80.140311, 37.264365 ], [ -80.139947, 37.26448 ], [ -80.139789, 37.264502 ], [ -80.139397, 37.264507 ], [ -80.138963, 37.264547 ], [ -80.138675, 37.264633 ], [ -80.13853, 37.26465 ], [ -80.138956, 37.266013 ], [ -80.139169, 37.266562 ], [ -80.139319, 37.267275 ], [ -80.139022, 37.269358 ], [ -80.138898, 37.269632 ], [ -80.138822, 37.269984 ], [ -80.13867, 37.270281 ], [ -80.138465, 37.270495 ], [ -80.138135, 37.270776 ], [ -80.137942, 37.270891 ], [ -80.13766, 37.270985 ], [ -80.137543, 37.270996 ], [ -80.136794, 37.270968 ], [ -80.136003, 37.270792 ], [ -80.13557, 37.270748 ], [ -80.13436, 37.27095 ], [ -80.13403, 37.270972 ], [ -80.133521, 37.270972 ], [ -80.133061, 37.270889 ], [ -80.132518, 37.270823 ], [ -80.131817, 37.270652 ], [ -80.131273, 37.270548 ], [ -80.13106, 37.270482 ], [ -80.130538, 37.270262 ], [ -80.130174, 37.270047 ], [ -80.129768, 37.269783 ], [ -80.128854, 37.269058 ], [ -80.128401, 37.268821 ], [ -80.128044, 37.268667 ], [ -80.12759, 37.268546 ], [ -80.125679, 37.268303 ], [ -80.124764, 37.26816 ], [ -80.123429, 37.268025 ], [ -80.12281, 37.267915 ], [ -80.122672, 37.267932 ], [ -80.122521, 37.268009 ], [ -80.122246, 37.268113 ], [ -80.121291, 37.268443 ], [ -80.120941, 37.268663 ], [ -80.120769, 37.268806 ], [ -80.120535, 37.269048 ], [ -80.119553, 37.269807 ], [ -80.119374, 37.269884 ], [ -80.119092, 37.269972 ], [ -80.118817, 37.270099 ], [ -80.118288, 37.270434 ], [ -80.1178, 37.270852 ], [ -80.117272, 37.271583 ], [ -80.117086, 37.271907 ], [ -80.116983, 37.272154 ], [ -80.116564, 37.272858 ], [ -80.116413, 37.27305 ], [ -80.116001, 37.273759 ], [ -80.115678, 37.274171 ], [ -80.114936, 37.274903 ], [ -80.114394, 37.275463 ], [ -80.114153, 37.275678 ], [ -80.113576, 37.27614 ], [ -80.113067, 37.276464 ], [ -80.112215, 37.277085 ], [ -80.111782, 37.277371 ], [ -80.110978, 37.277756 ], [ -80.110407, 37.27796 ], [ -80.110132, 37.278026 ], [ -80.109974, 37.278031 ], [ -80.109603, 37.277998 ], [ -80.10864, 37.277806 ], [ -80.107513, 37.277768 ], [ -80.107024, 37.277785 ], [ -80.106598, 37.277835 ], [ -80.106027, 37.277939 ], [ -80.105828, 37.278071 ], [ -80.105177, 37.278269 ], [ -80.105147, 37.278182 ], [ -80.105036, 37.278118 ], [ -80.104925, 37.278112 ], [ -80.104271, 37.278344 ], [ -80.103418, 37.278622 ], [ -80.102776, 37.27887 ], [ -80.101793, 37.279173 ], [ -80.100246, 37.279781 ], [ -80.0996, 37.279964 ], [ -80.095382, 37.281457 ], [ -80.094536, 37.281973 ], [ -80.094144, 37.282213 ], [ -80.093675, 37.282502 ], [ -80.088935, 37.282362 ], [ -80.08849, 37.282439 ], [ -80.088464, 37.28227 ], [ -80.088415, 37.281941 ], [ -80.088273, 37.281014 ], [ -80.088255, 37.280864 ], [ -80.088006, 37.279215 ], [ -80.087909, 37.27857 ], [ -80.08784, 37.278121 ], [ -80.085751, 37.278638 ], [ -80.084947, 37.278505 ], [ -80.084301, 37.278408 ], [ -80.084882, 37.277921 ], [ -80.085072, 37.277626 ], [ -80.084733, 37.276909 ], [ -80.085247, 37.27683 ], [ -80.085007, 37.27615 ], [ -80.084876, 37.275719 ], [ -80.084921, 37.275707 ], [ -80.084916, 37.275322 ], [ -80.084406, 37.274215 ], [ -80.08401, 37.274311 ], [ -80.083754, 37.274356 ], [ -80.08312, 37.274531 ], [ -80.082716, 37.27281 ], [ -80.081859, 37.272452 ], [ -80.082386, 37.271709 ], [ -80.080666, 37.270951 ], [ -80.07877, 37.270132 ], [ -80.079404, 37.269386 ], [ -80.078758, 37.268986 ], [ -80.079095, 37.268523 ], [ -80.079763, 37.268093 ], [ -80.080225, 37.26797 ], [ -80.080291, 37.26788 ], [ -80.08043, 37.267769 ], [ -80.08054, 37.267548 ], [ -80.080623, 37.267338 ], [ -80.080682, 37.266993 ], [ -80.08108, 37.266453 ], [ -80.081631, 37.265952 ], [ -80.081621, 37.265885 ], [ -80.081731, 37.265033 ], [ -80.081724, 37.264866 ], [ -80.077476, 37.263878 ], [ -80.077778, 37.263685 ], [ -80.077413, 37.262529 ], [ -80.076396, 37.262377 ], [ -80.075893, 37.262487 ], [ -80.07554, 37.260699 ], [ -80.076219, 37.260487 ], [ -80.076427, 37.261038 ], [ -80.077193, 37.260723 ], [ -80.076938, 37.260487 ], [ -80.076881, 37.260391 ], [ -80.076848, 37.260287 ], [ -80.076762, 37.260315 ], [ -80.076205, 37.258508 ], [ -80.074839, 37.258218 ], [ -80.074512, 37.257062 ], [ -80.066809, 37.259645 ], [ -80.064726, 37.260382 ], [ -80.063936, 37.259171 ], [ -80.063846, 37.259124 ], [ -80.063551, 37.258971 ], [ -80.063483, 37.259001 ], [ -80.063373, 37.258865 ], [ -80.060953, 37.257464 ], [ -80.061706, 37.256551 ], [ -80.061712, 37.256542 ], [ -80.061615, 37.256479 ], [ -80.061596, 37.256471 ], [ -80.061589, 37.256482 ], [ -80.061485, 37.256422 ], [ -80.061239, 37.256358 ], [ -80.06106, 37.256339 ], [ -80.060914, 37.256352 ], [ -80.060729, 37.256406 ], [ -80.060608, 37.256318 ], [ -80.060121, 37.256185 ], [ -80.059726, 37.256122 ], [ -80.059381, 37.256039 ], [ -80.059285, 37.256047 ], [ -80.059203, 37.256101 ], [ -80.059047, 37.256407 ], [ -80.057851, 37.255678 ], [ -80.054992, 37.253696 ], [ -80.054909, 37.25382 ], [ -80.054751, 37.253658 ], [ -80.05143, 37.254621 ], [ -80.051278, 37.252985 ], [ -80.051202, 37.2522 ], [ -80.047599, 37.253464 ], [ -80.046455, 37.253852 ], [ -80.046261, 37.253917 ], [ -80.046269, 37.25397 ], [ -80.046244, 37.253987 ], [ -80.046259, 37.254267 ], [ -80.046203, 37.254761 ], [ -80.046141, 37.254972 ], [ -80.046059, 37.255171 ], [ -80.045963, 37.255329 ], [ -80.04576, 37.255561 ], [ -80.045065, 37.256244 ], [ -80.044861, 37.256506 ], [ -80.044793, 37.256647 ], [ -80.044763, 37.256829 ], [ -80.044806, 37.257095 ], [ -80.044936, 37.257393 ], [ -80.045087, 37.257657 ], [ -80.045175, 37.257883 ], [ -80.045176, 37.258029 ], [ -80.045152, 37.258119 ], [ -80.045043, 37.258264 ], [ -80.042465, 37.25992 ], [ -80.042297, 37.260068 ], [ -80.042137, 37.260246 ], [ -80.041232, 37.261407 ], [ -80.041024, 37.26161 ], [ -80.040874, 37.261704 ], [ -80.04078, 37.261752 ], [ -80.040646, 37.261785 ], [ -80.040396, 37.261783 ], [ -80.039858, 37.261721 ], [ -80.039474, 37.261694 ], [ -80.03932, 37.261691 ], [ -80.039146, 37.261713 ], [ -80.038733, 37.261781 ], [ -80.038074, 37.261842 ], [ -80.037477, 37.26193 ], [ -80.037122, 37.262011 ], [ -80.036292, 37.262241 ], [ -80.035586, 37.262439 ], [ -80.034896, 37.262637 ], [ -80.03417, 37.262897 ], [ -80.034044, 37.262926 ], [ -80.033881, 37.262939 ], [ -80.033464, 37.26289 ], [ -80.033847, 37.260377 ], [ -80.034032, 37.259201 ], [ -80.034188, 37.258233 ], [ -80.034237, 37.25803 ], [ -80.034369, 37.257684 ], [ -80.034455, 37.257517 ], [ -80.034697, 37.257166 ], [ -80.035209, 37.256601 ], [ -80.036167, 37.255558 ], [ -80.036787, 37.254869 ], [ -80.037002, 37.254578 ], [ -80.037249, 37.254149 ], [ -80.037441, 37.253677 ], [ -80.037508, 37.253435 ], [ -80.037534, 37.253307 ], [ -80.037585, 37.25299 ], [ -80.037598, 37.252599 ], [ -80.037581, 37.252354 ], [ -80.037536, 37.252055 ], [ -80.037477, 37.251804 ], [ -80.037146, 37.250754 ], [ -80.036938, 37.250309 ], [ -80.036717, 37.249949 ], [ -80.036529, 37.249691 ], [ -80.036366, 37.249498 ], [ -80.036035, 37.249162 ], [ -80.035611, 37.248809 ], [ -80.035376, 37.248641 ], [ -80.035126, 37.248482 ], [ -80.034668, 37.248225 ], [ -80.033105, 37.247341 ], [ -80.032406, 37.246883 ], [ -80.032308, 37.246808 ], [ -80.032055, 37.246617 ], [ -80.031609, 37.246235 ], [ -80.030641, 37.245349 ], [ -80.02981, 37.244582 ], [ -80.02883, 37.24365 ], [ -80.02878, 37.243694 ], [ -80.028404, 37.243284 ], [ -80.027906, 37.242758 ], [ -80.027685, 37.242467 ], [ -80.027798, 37.242408 ], [ -80.027628, 37.242154 ], [ -80.027397, 37.241746 ], [ -80.026014, 37.238842 ], [ -80.025451, 37.237649 ], [ -80.025355, 37.237446 ], [ -80.02454, 37.235749 ], [ -80.024346, 37.235433 ], [ -80.024185, 37.235213 ], [ -80.023835, 37.23484 ], [ -80.023479, 37.234543 ], [ -80.023283, 37.234407 ], [ -80.023077, 37.234281 ], [ -80.022503, 37.233997 ], [ -80.021961, 37.233811 ], [ -80.021719, 37.23375 ], [ -80.021183, 37.233654 ], [ -80.01957, 37.233516 ], [ -80.018087, 37.233395 ], [ -80.018088, 37.233311 ], [ -80.018054, 37.233135 ], [ -80.017981, 37.233033 ], [ -80.017714, 37.232738 ], [ -80.017504, 37.232431 ], [ -80.017937, 37.232353 ], [ -80.018851, 37.232265 ], [ -80.019417, 37.232238 ], [ -80.021404, 37.232211 ], [ -80.022633, 37.232171 ], [ -80.022783, 37.231345 ], [ -80.022943, 37.230284 ], [ -80.023091, 37.229335 ], [ -80.023198, 37.228604 ], [ -80.02317, 37.228448 ], [ -80.023102, 37.228362 ], [ -80.022973, 37.228278 ], [ -80.022681, 37.228137 ], [ -80.02212, 37.227923 ], [ -80.022036, 37.227875 ], [ -80.021951, 37.227804 ], [ -80.021917, 37.227755 ], [ -80.021853, 37.227609 ], [ -80.021792, 37.227404 ], [ -80.02169, 37.226976 ], [ -80.021649, 37.226891 ], [ -80.021531, 37.226785 ], [ -80.020991, 37.226541 ], [ -80.020668, 37.226417 ], [ -80.019556, 37.226168 ], [ -80.019111, 37.226075 ], [ -80.018848, 37.226058 ], [ -80.018744, 37.226074 ], [ -80.018244, 37.226217 ], [ -80.017332, 37.226391 ], [ -80.017226, 37.226429 ], [ -80.017028, 37.226546 ], [ -80.016465, 37.227085 ], [ -80.016309, 37.227152 ], [ -80.016213, 37.22717 ], [ -80.015402, 37.227207 ], [ -80.015159, 37.227236 ], [ -80.014967, 37.227268 ], [ -80.013441, 37.227617 ], [ -80.013154, 37.227686 ], [ -80.013287, 37.227042 ], [ -80.01341, 37.225489 ], [ -80.013444, 37.225279 ], [ -80.013489, 37.225138 ], [ -80.013646, 37.224846 ], [ -80.013705, 37.224662 ], [ -80.013702, 37.224483 ], [ -80.013612, 37.224249 ], [ -80.013503, 37.224128 ], [ -80.013341, 37.224031 ], [ -80.013748, 37.22355 ], [ -80.014007, 37.223196 ], [ -80.014735, 37.221942 ], [ -80.016187, 37.219462 ], [ -80.017282, 37.218106 ], [ -80.017547, 37.21768 ], [ -80.019191, 37.214744 ], [ -80.019993, 37.213318 ], [ -80.020285, 37.212791 ], [ -80.020692, 37.212077 ], [ -80.020857, 37.211847 ], [ -80.021192, 37.211466 ], [ -80.02138, 37.211291 ], [ -80.021636, 37.211086 ], [ -80.022493, 37.210499 ], [ -80.022292, 37.210429 ], [ -80.021978, 37.210202 ], [ -80.021853, 37.210093 ], [ -80.021752, 37.209979 ], [ -80.021606, 37.209749 ], [ -80.021415, 37.209331 ], [ -80.02137, 37.209281 ], [ -80.021204, 37.209191 ], [ -80.020968, 37.209106 ], [ -80.020866, 37.209033 ], [ -80.02077, 37.208946 ], [ -80.020504, 37.208623 ], [ -80.020424, 37.208574 ], [ -80.020279, 37.20853 ], [ -80.019951, 37.208539 ], [ -80.019795, 37.208511 ], [ -80.019508, 37.208311 ], [ -80.019042, 37.208149 ], [ -80.018827, 37.208002 ], [ -80.01857, 37.2079 ], [ -80.018431, 37.207791 ], [ -80.018349, 37.207637 ], [ -80.01832, 37.20751 ], [ -80.018306, 37.207146 ], [ -80.018246, 37.206981 ], [ -80.018146, 37.206876 ], [ -80.018002, 37.206793 ], [ -80.017949, 37.206737 ], [ -80.017861, 37.206533 ], [ -80.017543, 37.205984 ], [ -80.01726, 37.205433 ], [ -80.017069, 37.205121 ], [ -80.017001, 37.205045 ], [ -80.016763, 37.204851 ], [ -80.016604, 37.2047 ], [ -80.016514, 37.204554 ], [ -80.016412, 37.204207 ], [ -80.016011, 37.203463 ], [ -80.015942, 37.20338 ], [ -80.015802, 37.203304 ], [ -80.015713, 37.203281 ], [ -80.015455, 37.203253 ], [ -80.015247, 37.203204 ], [ -80.014573, 37.203005 ], [ -80.014415, 37.202941 ], [ -80.014082, 37.202707 ], [ -80.013992, 37.202662 ], [ -80.013839, 37.202601 ], [ -80.013366, 37.202462 ], [ -80.013248, 37.202441 ], [ -80.013012, 37.202443 ], [ -80.012419, 37.202587 ], [ -80.011891, 37.202658 ], [ -80.011359, 37.202752 ], [ -80.011191, 37.202735 ], [ -80.010786, 37.202599 ], [ -80.010236, 37.202502 ], [ -80.010061, 37.202455 ], [ -80.009638, 37.202279 ], [ -80.009202, 37.202175 ], [ -80.009049, 37.202125 ], [ -80.00839, 37.20183 ], [ -80.008284, 37.201762 ], [ -80.00797, 37.201501 ], [ -80.007894, 37.201462 ], [ -80.007522, 37.201385 ], [ -80.007303, 37.201358 ], [ -80.007137, 37.201355 ], [ -80.006693, 37.201422 ], [ -80.00629, 37.201454 ], [ -80.005637, 37.201566 ], [ -80.005469, 37.201571 ], [ -80.00531, 37.201558 ], [ -80.004897, 37.201472 ], [ -80.004701, 37.201412 ], [ -80.004573, 37.201355 ], [ -80.00432, 37.201194 ], [ -80.004041, 37.200947 ], [ -80.003917, 37.200873 ], [ -80.003793, 37.200852 ], [ -80.003737, 37.200863 ], [ -80.003432, 37.200996 ], [ -79.999828, 37.2028 ], [ -79.999135, 37.20163 ], [ -79.998744, 37.200901 ], [ -79.998688, 37.20075 ], [ -79.998232, 37.20095 ], [ -79.996802, 37.201609 ], [ -79.99638, 37.201766 ], [ -79.996022, 37.201851 ], [ -79.994299, 37.202165 ], [ -79.992879, 37.202456 ], [ -79.991065, 37.202869 ], [ -79.990638, 37.202922 ], [ -79.990152, 37.202932 ], [ -79.987969, 37.202814 ], [ -79.987126, 37.202788 ], [ -79.98633, 37.202789 ], [ -79.985008, 37.202847 ], [ -79.983252, 37.202987 ], [ -79.982581, 37.203024 ], [ -79.981894, 37.203041 ], [ -79.980859, 37.203039 ], [ -79.978627, 37.203012 ], [ -79.977999, 37.202948 ], [ -79.977592, 37.202871 ], [ -79.977017, 37.202732 ], [ -79.973522, 37.20181 ], [ -79.973046, 37.201689 ], [ -79.97267, 37.201636 ], [ -79.972321, 37.20164 ], [ -79.971635, 37.201761 ], [ -79.97126, 37.201806 ], [ -79.971089, 37.201806 ], [ -79.970722, 37.201762 ], [ -79.97029, 37.201651 ], [ -79.969282, 37.202333 ], [ -79.968024, 37.203224 ], [ -79.967511, 37.203651 ], [ -79.967279, 37.203904 ], [ -79.96707, 37.2042 ], [ -79.966875, 37.204624 ], [ -79.966355, 37.206275 ], [ -79.96616, 37.206679 ], [ -79.965933, 37.20699 ], [ -79.965786, 37.20715 ], [ -79.965626, 37.207297 ], [ -79.965326, 37.207516 ], [ -79.964951, 37.207717 ], [ -79.964576, 37.207868 ], [ -79.964105, 37.207982 ], [ -79.963644, 37.208037 ], [ -79.963301, 37.208041 ], [ -79.962826, 37.207996 ], [ -79.961497, 37.207732 ], [ -79.960999, 37.207663 ], [ -79.960518, 37.20767 ], [ -79.960266, 37.207696 ], [ -79.959882, 37.207772 ], [ -79.959441, 37.207923 ], [ -79.959302, 37.207987 ], [ -79.958928, 37.2082 ], [ -79.958642, 37.208404 ], [ -79.95839, 37.208609 ], [ -79.957116, 37.209685 ], [ -79.956642, 37.210017 ], [ -79.956352, 37.210188 ], [ -79.956077, 37.210328 ], [ -79.955956, 37.210384 ], [ -79.95613, 37.210664 ], [ -79.956377, 37.211012 ], [ -79.957274, 37.212108 ], [ -79.957644, 37.212519 ], [ -79.957781, 37.21272 ], [ -79.957546, 37.212717 ], [ -79.955684, 37.212817 ], [ -79.955193, 37.212579 ], [ -79.955005, 37.211988 ], [ -79.954328, 37.212085 ], [ -79.954282, 37.211899 ], [ -79.951513, 37.212078 ], [ -79.951446, 37.212067 ], [ -79.950116, 37.212167 ], [ -79.949034, 37.212279 ], [ -79.947117, 37.212813 ], [ -79.946817, 37.213037 ], [ -79.945616, 37.216205 ], [ -79.946282, 37.218171 ], [ -79.946351, 37.218369 ], [ -79.945262, 37.221731 ], [ -79.945086, 37.221969 ], [ -79.944314, 37.222878 ], [ -79.944073, 37.223078 ], [ -79.942562, 37.224231 ], [ -79.94118, 37.224805 ], [ -79.940371, 37.225326 ], [ -79.94048, 37.225397 ], [ -79.938683, 37.226649 ], [ -79.938495, 37.226602 ], [ -79.93845, 37.226687 ], [ -79.937705, 37.226976 ], [ -79.936217, 37.227136 ], [ -79.932535, 37.225429 ], [ -79.93302, 37.224373 ], [ -79.932957, 37.224349 ], [ -79.932711, 37.224146 ], [ -79.932369, 37.224122 ], [ -79.92956, 37.224011 ], [ -79.929328, 37.22302 ], [ -79.929219, 37.222361 ], [ -79.929166, 37.222245 ], [ -79.926919, 37.222794 ], [ -79.926858, 37.222732 ], [ -79.926638, 37.222856 ], [ -79.92638, 37.223001 ], [ -79.926766, 37.223885 ], [ -79.925457, 37.224347 ], [ -79.924496, 37.224634 ], [ -79.924052, 37.227057 ], [ -79.923423, 37.230085 ], [ -79.923072, 37.230102 ], [ -79.922181, 37.230184 ], [ -79.922076, 37.230235 ], [ -79.921996, 37.230166 ], [ -79.922014, 37.230079 ], [ -79.921213, 37.230085 ], [ -79.921345, 37.230376 ], [ -79.921428, 37.230628 ], [ -79.921429, 37.230749 ], [ -79.921431, 37.230823 ], [ -79.921405, 37.231189 ], [ -79.921338, 37.231396 ], [ -79.920669, 37.232647 ], [ -79.920639, 37.232713 ], [ -79.922454, 37.233485 ], [ -79.922322, 37.2339 ], [ -79.921304, 37.233919 ], [ -79.921103, 37.23509 ], [ -79.920759, 37.235298 ], [ -79.921944, 37.235517 ], [ -79.920979, 37.238644 ], [ -79.921174, 37.238765 ], [ -79.92123, 37.238839 ], [ -79.921257, 37.23895 ], [ -79.921247, 37.239013 ], [ -79.921188, 37.23911 ], [ -79.920932, 37.239294 ], [ -79.920791, 37.239445 ], [ -79.920645, 37.23972 ], [ -79.920532, 37.240084 ], [ -79.920447, 37.240232 ], [ -79.920378, 37.240304 ], [ -79.919917, 37.240646 ], [ -79.919785, 37.240761 ], [ -79.919554, 37.240938 ], [ -79.919301, 37.241295 ], [ -79.917355, 37.241737 ], [ -79.913198, 37.242686 ], [ -79.912491, 37.242846 ], [ -79.911072, 37.243183 ], [ -79.910695, 37.243327 ], [ -79.908526, 37.24376 ], [ -79.907549, 37.243997 ], [ -79.905097, 37.244633 ], [ -79.907731, 37.246583 ], [ -79.9077, 37.24789 ], [ -79.90719, 37.248472 ], [ -79.906198, 37.248388 ], [ -79.905429, 37.248208 ], [ -79.905231, 37.248691 ], [ -79.905217, 37.248723 ], [ -79.905096, 37.251825 ], [ -79.904178, 37.251593 ], [ -79.903848, 37.252095 ], [ -79.903209, 37.253063 ], [ -79.90315, 37.25315 ], [ -79.90278, 37.252995 ], [ -79.901779, 37.254523 ], [ -79.90172, 37.254616 ], [ -79.901921, 37.254703 ], [ -79.901869, 37.254776 ], [ -79.900048, 37.257297 ], [ -79.900492, 37.257573 ], [ -79.901236, 37.257842 ], [ -79.903174, 37.257517 ], [ -79.903609, 37.257394 ], [ -79.903712, 37.257406 ], [ -79.903967, 37.257351 ], [ -79.904055, 37.257388 ], [ -79.904872, 37.25793 ], [ -79.90531, 37.25818 ], [ -79.906232, 37.25883 ], [ -79.90919, 37.260776 ], [ -79.908718, 37.261376 ], [ -79.908549, 37.261624 ], [ -79.908468, 37.261754 ], [ -79.907955, 37.262407 ], [ -79.907477, 37.262164 ], [ -79.907376, 37.262156 ], [ -79.907315, 37.262173 ], [ -79.907237, 37.262241 ], [ -79.906897, 37.262788 ], [ -79.906796, 37.262862 ], [ -79.906732, 37.262874 ], [ -79.906677, 37.262869 ], [ -79.906609, 37.26284 ], [ -79.906124, 37.262497 ], [ -79.905641, 37.262191 ], [ -79.905119, 37.261927 ], [ -79.905033, 37.2619 ], [ -79.904849, 37.261889 ], [ -79.90419, 37.261989 ], [ -79.904008, 37.261969 ], [ -79.903705, 37.2619 ], [ -79.903544, 37.26232 ], [ -79.902584, 37.262086 ], [ -79.902349, 37.2627 ], [ -79.902594, 37.262727 ], [ -79.902826, 37.263331 ], [ -79.902333, 37.263452 ], [ -79.902031, 37.262664 ], [ -79.901854, 37.262644 ], [ -79.90165, 37.263177 ], [ -79.901086, 37.263039 ], [ -79.901071, 37.264831 ], [ -79.901593, 37.264926 ], [ -79.903922, 37.26561 ], [ -79.904591, 37.265687 ], [ -79.904955, 37.265717 ], [ -79.905218, 37.265722 ], [ -79.90513, 37.265862 ], [ -79.905032, 37.266023 ], [ -79.904886, 37.266259 ], [ -79.904827, 37.266354 ], [ -79.904671, 37.266607 ], [ -79.904309, 37.267212 ], [ -79.904218, 37.267371 ], [ -79.904141, 37.267292 ], [ -79.904027, 37.267222 ], [ -79.903951, 37.267428 ], [ -79.903848, 37.268312 ], [ -79.903804, 37.269041 ], [ -79.904001, 37.270362 ], [ -79.904113, 37.270941 ], [ -79.904478, 37.27167 ], [ -79.904686, 37.271912 ], [ -79.904766, 37.272333 ], [ -79.905166, 37.272791 ], [ -79.907156, 37.275366 ], [ -79.907383, 37.275263 ], [ -79.907393, 37.275258 ], [ -79.907422, 37.275336 ], [ -79.907469, 37.275463 ], [ -79.908559, 37.276523 ], [ -79.909028, 37.27759 ], [ -79.909123, 37.277807 ], [ -79.909328, 37.277946 ], [ -79.910325, 37.278226 ], [ -79.910631, 37.278289 ], [ -79.911487, 37.278217 ], [ -79.912052, 37.278078 ], [ -79.912154, 37.2781 ], [ -79.912515, 37.278178 ], [ -79.913248, 37.278588 ], [ -79.914159, 37.279149 ], [ -79.914644, 37.279352 ], [ -79.915519, 37.279479 ], [ -79.916062, 37.279379 ], [ -79.91689, 37.279027 ], [ -79.917145, 37.278964 ], [ -79.917372, 37.278906 ], [ -79.917771, 37.27909 ], [ -79.917918, 37.279267 ], [ -79.917959, 37.279503 ], [ -79.917995, 37.279714 ], [ -79.917889, 37.28043 ], [ -79.917784, 37.280719 ], [ -79.917648, 37.280756 ], [ -79.916308, 37.281108 ], [ -79.916116, 37.28108 ], [ -79.915971, 37.281077 ], [ -79.915046, 37.281314 ], [ -79.914077, 37.281511 ], [ -79.912967, 37.281813 ], [ -79.912094, 37.282011 ], [ -79.911636, 37.28227 ], [ -79.911219, 37.282408 ], [ -79.911029, 37.282456 ], [ -79.910935, 37.282462 ], [ -79.910854, 37.282465 ], [ -79.91041, 37.28241 ], [ -79.910399, 37.282462 ], [ -79.910323, 37.282917 ], [ -79.909834, 37.28288 ], [ -79.909724, 37.282868 ], [ -79.909727, 37.282851 ], [ -79.909294, 37.282992 ], [ -79.909263, 37.283235 ], [ -79.908835, 37.283199 ], [ -79.908771, 37.283223 ], [ -79.908637, 37.283265 ], [ -79.908657, 37.283116 ], [ -79.908247, 37.283073 ], [ -79.908205, 37.2834 ], [ -79.907722, 37.283551 ], [ -79.906975, 37.283779 ], [ -79.906074, 37.284593 ], [ -79.9059, 37.284419 ], [ -79.905605, 37.284062 ], [ -79.905029, 37.28336 ], [ -79.904462, 37.282671 ], [ -79.903882, 37.281965 ], [ -79.903624, 37.281651 ], [ -79.903132, 37.281967 ], [ -79.902622, 37.282428 ], [ -79.902416, 37.283558 ], [ -79.90214, 37.284061 ], [ -79.901367, 37.284604 ], [ -79.901003, 37.284284 ], [ -79.900283, 37.283964 ], [ -79.899394, 37.283567 ], [ -79.89919, 37.283432 ], [ -79.89893, 37.283172 ], [ -79.898585, 37.283118 ], [ -79.898262, 37.283121 ], [ -79.897852, 37.283173 ], [ -79.897102, 37.283357 ], [ -79.896425, 37.283436 ], [ -79.894357, 37.28499 ], [ -79.894291, 37.28497 ], [ -79.894094, 37.284912 ], [ -79.888892, 37.289062 ], [ -79.888734, 37.289191 ], [ -79.88819, 37.289517 ], [ -79.888124, 37.289593 ], [ -79.887838, 37.289831 ], [ -79.88697, 37.290514 ], [ -79.886287, 37.291078 ], [ -79.885547, 37.29173 ], [ -79.885271, 37.292011 ], [ -79.884809, 37.292431 ], [ -79.883273, 37.293765 ], [ -79.88191, 37.292686 ], [ -79.880985, 37.291954 ], [ -79.883504, 37.290222 ], [ -79.884177, 37.289821 ], [ -79.884987, 37.289195 ], [ -79.885644, 37.288396 ], [ -79.884319, 37.287344 ], [ -79.885401, 37.286233 ], [ -79.887336, 37.28771 ], [ -79.887434, 37.287749 ], [ -79.887522, 37.287711 ], [ -79.88775, 37.287563 ], [ -79.888629, 37.28708 ], [ -79.888786, 37.286963 ], [ -79.888895, 37.286852 ], [ -79.888995, 37.286694 ], [ -79.88952, 37.285642 ], [ -79.889586, 37.28539 ], [ -79.889642, 37.284786 ], [ -79.889807, 37.284382 ], [ -79.889854, 37.284314 ], [ -79.889885, 37.284269 ], [ -79.889825, 37.284262 ], [ -79.888956, 37.284182 ], [ -79.887666, 37.284141 ], [ -79.887176, 37.284208 ], [ -79.88635, 37.284107 ], [ -79.886166, 37.2841 ], [ -79.886179, 37.284026 ], [ -79.884588, 37.283748 ], [ -79.884236, 37.283686 ], [ -79.883527, 37.284817 ], [ -79.883576, 37.284856 ], [ -79.882873, 37.285843 ], [ -79.880498, 37.287843 ], [ -79.880444, 37.290579 ], [ -79.87855, 37.29189 ], [ -79.878229, 37.292111 ], [ -79.872673, 37.289457 ], [ -79.872665, 37.289267 ], [ -79.872763, 37.289076 ], [ -79.872829, 37.288994 ], [ -79.873069, 37.28876 ], [ -79.873014, 37.288684 ], [ -79.872611, 37.286857 ], [ -79.872679, 37.286321 ], [ -79.872721, 37.285963 ], [ -79.872822, 37.285402 ], [ -79.873007, 37.283446 ], [ -79.871235, 37.281537 ], [ -79.870472, 37.280749 ], [ -79.870586, 37.280741 ], [ -79.870792, 37.280609 ], [ -79.870936, 37.280427 ], [ -79.871018, 37.280229 ], [ -79.870963, 37.280153 ], [ -79.870936, 37.280043 ], [ -79.870952, 37.279949 ], [ -79.871029, 37.27987 ], [ -79.871023, 37.279789 ], [ -79.871041, 37.279764 ], [ -79.871123, 37.279712 ], [ -79.871293, 37.279673 ], [ -79.871318, 37.279653 ], [ -79.871465, 37.279501 ], [ -79.871499, 37.279396 ], [ -79.871585, 37.279253 ], [ -79.87163, 37.279202 ], [ -79.871784, 37.279127 ], [ -79.871816, 37.279086 ], [ -79.871839, 37.279005 ], [ -79.871849, 37.278724 ], [ -79.871918, 37.27863 ], [ -79.871988, 37.278344 ], [ -79.872024, 37.278196 ], [ -79.870564, 37.278302 ], [ -79.870126, 37.278361 ], [ -79.869765, 37.278422 ], [ -79.868686, 37.278675 ], [ -79.862002, 37.280329 ], [ -79.861077, 37.280573999999888 ], [ -79.860504, 37.280781 ], [ -79.860072, 37.280998 ], [ -79.859476, 37.281372 ], [ -79.858524, 37.282026 ], [ -79.858181, 37.282233 ], [ -79.857197, 37.28275 ], [ -79.856385, 37.28312 ], [ -79.855586, 37.28341 ], [ -79.854472, 37.283752 ], [ -79.853999, 37.283866 ], [ -79.852291, 37.284194 ], [ -79.851703, 37.284282 ], [ -79.85097, 37.284316 ], [ -79.850867, 37.283527 ], [ -79.850746, 37.282415 ], [ -79.846537, 37.278741 ], [ -79.84777, 37.278472 ], [ -79.849521, 37.275774 ], [ -79.850849, 37.273676 ], [ -79.850928, 37.273606 ], [ -79.85162, 37.273007 ], [ -79.856603, 37.268712 ], [ -79.857993, 37.26751 ], [ -79.858405, 37.267155 ], [ -79.857315, 37.26563 ], [ -79.857165, 37.265448 ], [ -79.857122, 37.265412 ], [ -79.856239, 37.264559 ], [ -79.854425, 37.262548 ], [ -79.852133, 37.260365 ], [ -79.852837, 37.257989 ], [ -79.852318, 37.256935 ], [ -79.849576, 37.252212 ], [ -79.848293, 37.250101 ], [ -79.846472, 37.247386 ], [ -79.846576, 37.245765 ], [ -79.846613, 37.243707 ], [ -79.846797, 37.242225 ], [ -79.846885, 37.241486 ], [ -79.846901, 37.241304 ], [ -79.84693, 37.241037 ], [ -79.846949, 37.240857 ], [ -79.846789, 37.240605 ], [ -79.846166, 37.240005 ], [ -79.846018, 37.239794 ], [ -79.845798, 37.239626 ], [ -79.845492, 37.239136 ], [ -79.845417, 37.23905 ], [ -79.845216, 37.238708 ], [ -79.845098, 37.238455 ], [ -79.845026, 37.238254 ], [ -79.844971, 37.237988 ], [ -79.844999, 37.237879 ], [ -79.844899, 37.237568 ], [ -79.844743, 37.237338 ], [ -79.844658, 37.23706 ], [ -79.844549, 37.236862 ], [ -79.8444, 37.2367 ], [ -79.84431, 37.236586 ], [ -79.844204, 37.236406 ], [ -79.843998, 37.23617 ], [ -79.843864, 37.235793 ], [ -79.843486, 37.235197 ], [ -79.843374, 37.234912 ], [ -79.84328, 37.234415 ], [ -79.843201, 37.233814 ], [ -79.843017, 37.233308 ], [ -79.842835, 37.232528 ], [ -79.842678, 37.232171 ], [ -79.842671, 37.231926 ], [ -79.842631, 37.231586 ], [ -79.842515, 37.23124 ], [ -79.842463, 37.230994 ], [ -79.842491, 37.230284 ], [ -79.842552, 37.230063 ], [ -79.842674, 37.229754 ], [ -79.842845, 37.229504 ], [ -79.843168, 37.229122 ], [ -79.843473, 37.228914 ], [ -79.844271, 37.228573 ], [ -79.844606, 37.22846 ], [ -79.845369, 37.227945 ], [ -79.845677, 37.227699 ], [ -79.846356, 37.227058 ], [ -79.846558, 37.226826 ], [ -79.846588, 37.226725 ], [ -79.846617, 37.226629 ], [ -79.846792, 37.226394 ], [ -79.847093, 37.225742 ], [ -79.847217, 37.225406 ], [ -79.847312, 37.224833 ], [ -79.847345, 37.224067 ], [ -79.847328, 37.223308 ], [ -79.846987, 37.222452 ], [ -79.845973, 37.220474 ], [ -79.844689, 37.218269 ], [ -79.843594, 37.216952 ], [ -79.842677, 37.216547 ], [ -79.8418, 37.216433 ], [ -79.840399, 37.216367 ], [ -79.839532, 37.216277 ], [ -79.838675, 37.216154 ], [ -79.835871, 37.216368 ], [ -79.833835, 37.216082 ], [ -79.833008, 37.216049 ], [ -79.832795, 37.216508 ], [ -79.832531, 37.216968 ], [ -79.831551, 37.217693 ], [ -79.830559, 37.218853 ], [ -79.830193, 37.219651 ], [ -79.830284, 37.220668 ], [ -79.830601, 37.221501 ], [ -79.83115, 37.222453 ], [ -79.830845, 37.223663 ], [ -79.830289, 37.224437 ], [ -79.829775, 37.224557 ], [ -79.829039, 37.224249 ], [ -79.828435, 37.223917 ], [ -79.827308, 37.223359 ], [ -79.826018, 37.22284 ], [ -79.825302, 37.223041 ], [ -79.823959, 37.223555 ], [ -79.823241, 37.224216 ], [ -79.822784, 37.225006 ], [ -79.822065, 37.225876 ], [ -79.821268, 37.226165 ], [ -79.819572, 37.226405 ], [ -79.818161, 37.226201 ], [ -79.817034, 37.225562 ], [ -79.815846, 37.224802 ], [ -79.813955, 37.223185 ], [ -79.811158, 37.221098 ], [ -79.809709, 37.220175 ], [ -79.809097, 37.219198 ], [ -79.808657, 37.218051 ], [ -79.807896, 37.216589 ], [ -79.806941, 37.215652 ], [ -79.806065, 37.215174 ], [ -79.804866, 37.21514 ], [ -79.803614, 37.215525 ], [ -79.802593, 37.21616 ], [ -79.802229, 37.216579 ], [ -79.801278, 37.217296 ], [ -79.800469, 37.217883 ], [ -79.800069, 37.218137 ], [ -79.799863, 37.21827 ], [ -79.799315, 37.219164 ], [ -79.798717, 37.219676 ], [ -79.798683, 37.219702 ], [ -79.797335, 37.220282 ], [ -79.796538, 37.220184 ], [ -79.796177, 37.219853 ], [ -79.795472, 37.219553 ], [ -79.794827, 37.219495 ], [ -79.794408, 37.220793 ], [ -79.794346, 37.221269 ], [ -79.794625, 37.222359 ], [ -79.795096, 37.22324 ], [ -79.795979, 37.224436 ], [ -79.796216, 37.225848 ], [ -79.795855, 37.228326 ], [ -79.795284, 37.229817 ], [ -79.794543, 37.231074 ], [ -79.793632, 37.231871 ], [ -79.792238, 37.232466 ], [ -79.790058, 37.232978 ], [ -79.786517, 37.233036 ], [ -79.783643, 37.232998 ], [ -79.782145, 37.232729 ], [ -79.781194, 37.232558 ], [ -79.779887, 37.231513 ], [ -79.779995, 37.230784 ], [ -79.780634, 37.229769 ], [ -79.78075, 37.228559 ], [ -79.781024, 37.226699 ], [ -79.780826, 37.225488 ], [ -79.780375, 37.224615 ], [ -79.77909, 37.223105 ], [ -79.777844, 37.222004 ], [ -79.776567, 37.221033 ], [ -79.775531, 37.220362 ], [ -79.77485, 37.219037 ], [ -79.774203, 37.216826 ], [ -79.774431, 37.215212 ], [ -79.775732, 37.215109 ], [ -79.777316, 37.214902 ], [ -79.779225, 37.214236 ], [ -79.779924, 37.213422 ], [ -79.779856, 37.21268 ], [ -79.779549, 37.21117 ], [ -79.778983, 37.208966 ], [ -79.778877, 37.20757 ], [ -79.77833, 37.205535 ], [ -79.77814, 37.205125 ], [ -79.77744, 37.203621 ], [ -79.776606, 37.202627 ], [ -79.775209, 37.201874 ], [ -79.774131, 37.201428 ], [ -79.772802, 37.201021 ], [ -79.772339, 37.200722 ], [ -79.770097994738251, 37.198749199347183 ], [ -79.769455991320456, 37.197998199716238 ], [ -79.768297989113023, 37.197664201179663 ], [ -79.767440988333576, 37.197638202435172 ], [ -79.76558598700305, 37.197675205225281 ], [ -79.765351988221084, 37.198045205859479 ], [ -79.765487993572165, 37.199426206724588 ], [ -79.764515, 37.200739 ], [ -79.763746, 37.201359 ], [ -79.762939, 37.201599 ], [ -79.762093, 37.201387 ], [ -79.761118, 37.200514 ], [ -79.760797991486029, 37.199900214054686 ], [ -79.760860987956164, 37.198938213225247 ], [ -79.761213979946092, 37.196713210996897 ], [ -79.761176977180583, 37.195979210490059 ], [ -79.760557970699935, 37.194364210178577 ], [ -79.759939963709812, 37.192603209757479 ], [ -79.758756956631601, 37.190914210242539 ], [ -79.757702952431131, 37.189968211104862 ], [ -79.756343949913159, 37.189529212813106 ], [ -79.755547949142795, 37.189463213959158 ], [ -79.754347948772192, 37.189581215851078 ], [ -79.7517879457437, 37.189212219420348 ], [ -79.751250945188644, 37.189156220185538 ], [ -79.750538944451506, 37.189081221199601 ], [ -79.749759945323845, 37.189355222957609 ], [ -79.747669949649179, 37.18994222991828 ], [ -79.746974950552442, 37.189987232121027 ], [ -79.746209951215121, 37.189942234474273 ], [ -79.744290951925151, 37.189553240165814 ], [ -79.743405952472258, 37.189435242836261 ], [ -79.742711952712639, 37.189287244887346 ], [ -79.741654954028235, 37.189337248222301 ], [ -79.740587955274592, 37.18936425157095 ], [ -79.739702955915888, 37.189271254259069 ], [ -79.738898956035399, 37.18904925659362 ], [ -79.738085956085939, 37.188802258935866 ], [ -79.736991956044136, 37.188434262057811 ], [ -79.735948955658088, 37.187976264947878 ], [ -79.735127955076919, 37.187529267152598 ], [ -79.734404954927896, 37.187242269176778 ], [ -79.733661955263386, 37.187093271371495 ], [ -79.732866955953355, 37.187033273798171 ], [ -79.731271959074405, 37.187443279090203 ], [ -79.730575960811251, 37.187739281494508 ], [ -79.729085965922081, 37.188810286998084 ], [ -79.728699967823985, 37.18926928857185 ], [ -79.727476974275078, 37.190867293681258 ], [ -79.726998976448655, 37.1913882955972 ], [ -79.727077976689102, 37.191489295432284 ], [ -79.729126979668322, 37.193075290307483 ], [ -79.729520979863977, 37.193260289223403 ], [ -79.730686980037518, 37.193679285909703 ], [ -79.730969980040456, 37.193768285094826 ], [ -79.731210980347967, 37.193937284475297 ], [ -79.731320980736584, 37.19409028425315 ], [ -79.731402981366386, 37.194308284170589 ], [ -79.731430982521516, 37.194670284372258 ], [ -79.7314379886176, 37.196537285842773 ], [ -79.731548990060048, 37.19701128587301 ], [ -79.731620990599154, 37.197197285795497 ], [ -79.73281599659957, 37.199370283770229 ], [ -79.732965997918868, 37.199813283650428 ], [ -79.733016, 37.20036 ], [ -79.732976, 37.200706 ], [ -79.732813, 37.201656 ], [ -79.732813, 37.202251 ], [ -79.732923, 37.202436 ], [ -79.733114, 37.202605 ], [ -79.733266, 37.202678 ], [ -79.733447, 37.202799 ], [ -79.733647, 37.202871 ], [ -79.73405, 37.202936 ], [ -79.735309, 37.202969 ], [ -79.735592, 37.202994 ], [ -79.735823, 37.203034 ], [ -79.735985, 37.203099 ], [ -79.736206, 37.203284 ], [ -79.736326, 37.203445 ], [ -79.737212, 37.204347 ], [ -79.73857, 37.205772 ], [ -79.739627, 37.20661 ], [ -79.739767, 37.206876 ], [ -79.73985, 37.206964 ], [ -79.741047, 37.207931 ], [ -79.741117, 37.208028 ], [ -79.741207, 37.208309 ], [ -79.74183, 37.209356 ], [ -79.742071, 37.209501 ], [ -79.742404, 37.209542 ], [ -79.742637, 37.209534 ], [ -79.742897, 37.209478 ], [ -79.74304, 37.209405 ], [ -79.74313, 37.209301 ], [ -79.74356, 37.208172 ], [ -79.743716, 37.208022 ], [ -79.743866, 37.207933 ], [ -79.743989, 37.207885 ], [ -79.744139, 37.207877 ], [ -79.744322, 37.207918 ], [ -79.745005, 37.20857 ], [ -79.746513, 37.210108 ], [ -79.746996, 37.210736 ], [ -79.747459, 37.211002 ], [ -79.747602, 37.211018 ], [ -79.748345, 37.211003 ], [ -79.749525, 37.210553 ], [ -79.749756, 37.210523 ], [ -79.749896, 37.210506 ], [ -79.750105, 37.210532 ], [ -79.75042, 37.210622 ], [ -79.751104, 37.211142 ], [ -79.751219, 37.211278 ], [ -79.751312, 37.211436 ], [ -79.751536, 37.211937 ], [ -79.751503, 37.212114 ], [ -79.751372, 37.212266 ], [ -79.750778, 37.212533 ], [ -79.750001, 37.212763 ], [ -79.749986, 37.2136 ], [ -79.749812, 37.214298 ], [ -79.749841, 37.214461 ], [ -79.749718, 37.214544 ], [ -79.7497, 37.215106 ], [ -79.749528, 37.21598 ], [ -79.748695, 37.218158 ], [ -79.748566, 37.218683 ], [ -79.748634, 37.219033 ], [ -79.748579, 37.219886 ], [ -79.748791, 37.221116 ], [ -79.748793, 37.222355 ], [ -79.748695, 37.22277 ], [ -79.748195, 37.223839 ], [ -79.748186, 37.224051 ], [ -79.748247, 37.224259 ], [ -79.748085, 37.224333 ], [ -79.747694, 37.224625 ], [ -79.747494, 37.224834 ], [ -79.747375, 37.224994 ], [ -79.747295, 37.225103 ], [ -79.747117, 37.225218 ], [ -79.746945, 37.225262 ], [ -79.74687, 37.225317 ], [ -79.746808, 37.225394 ], [ -79.746712, 37.2254 ], [ -79.74665, 37.225373 ], [ -79.746526, 37.225252 ], [ -79.74643, 37.225098 ], [ -79.746368, 37.224944 ], [ -79.746326, 37.22462 ], [ -79.746285, 37.224559 ], [ -79.746209, 37.22451 ], [ -79.746093, 37.224516 ], [ -79.746024, 37.224576 ], [ -79.745976, 37.224796 ], [ -79.745894, 37.224878 ], [ -79.745749, 37.224884 ], [ -79.745516, 37.224824 ], [ -79.745337, 37.224901 ], [ -79.745255, 37.224906 ], [ -79.745241, 37.224868 ], [ -79.745268, 37.224747 ], [ -79.745206, 37.22434 ], [ -79.745172, 37.224274 ], [ -79.745076, 37.224192 ], [ -79.744952, 37.224143 ], [ -79.744835, 37.224137 ], [ -79.74467, 37.224198 ], [ -79.744451, 37.224423 ], [ -79.744313, 37.224494 ], [ -79.744183, 37.224528 ], [ -79.744066, 37.224517 ], [ -79.743735, 37.224394 ], [ -79.74342, 37.224308 ], [ -79.742911, 37.224264 ], [ -79.742747, 37.224265 ], [ -79.742506, 37.224336 ], [ -79.742424, 37.224342 ], [ -79.7423, 37.224309 ], [ -79.742176, 37.224221 ], [ -79.742094, 37.224133 ], [ -79.742046, 37.223941 ], [ -79.742018, 37.223908 ], [ -79.741977, 37.223886 ], [ -79.741839, 37.223864 ], [ -79.741709, 37.223765 ], [ -79.741647, 37.223666 ], [ -79.741667, 37.223611 ], [ -79.74164, 37.223507 ], [ -79.741234, 37.223144 ], [ -79.741214, 37.223078 ], [ -79.741227, 37.223012 ], [ -79.741207, 37.222914 ], [ -79.741172, 37.222881 ], [ -79.741104, 37.222842 ], [ -79.741042, 37.222826 ], [ -79.741014, 37.222798 ], [ -79.741028, 37.222771 ], [ -79.741007, 37.222705 ], [ -79.74098, 37.222683 ], [ -79.740767, 37.222754 ], [ -79.740719, 37.222749 ], [ -79.740664, 37.222716 ], [ -79.740506, 37.222474 ], [ -79.740361, 37.222299 ], [ -79.740292, 37.222073 ], [ -79.740258, 37.222029 ], [ -79.74021, 37.222013 ], [ -79.740107, 37.22203 ], [ -79.739908, 37.221953 ], [ -79.739805, 37.221958 ], [ -79.739763, 37.221975 ], [ -79.739461, 37.222255 ], [ -79.739296, 37.22236 ], [ -79.739262, 37.22248 ], [ -79.739214, 37.22253 ], [ -79.739132, 37.222557 ], [ -79.739118, 37.222777 ], [ -79.739084, 37.222838 ], [ -79.739029, 37.222887 ], [ -79.738878, 37.222915 ], [ -79.73874, 37.222997 ], [ -79.738603, 37.223145 ], [ -79.738521, 37.223305 ], [ -79.738541, 37.223503 ], [ -79.738452, 37.223635 ], [ -79.73848, 37.223871 ], [ -79.73848, 37.224074 ], [ -79.738384, 37.224272 ], [ -79.738274, 37.224437 ], [ -79.738205, 37.224497 ], [ -79.738034, 37.224558 ], [ -79.737965, 37.224624 ], [ -79.737814, 37.224822 ], [ -79.737738, 37.224937 ], [ -79.737656, 37.225464 ], [ -79.737574, 37.225569 ], [ -79.737409, 37.225668 ], [ -79.737409, 37.225772 ], [ -79.737526, 37.226058 ], [ -79.737554, 37.226212 ], [ -79.737533, 37.226514 ], [ -79.737561, 37.226668 ], [ -79.737664, 37.226882 ], [ -79.737829, 37.227349 ], [ -79.737871, 37.227733 ], [ -79.73794, 37.227948 ], [ -79.737995, 37.22831 ], [ -79.7386, 37.22942 ], [ -79.738614, 37.229486 ], [ -79.7386, 37.229524 ], [ -79.73847, 37.229645 ], [ -79.738449, 37.229678 ], [ -79.738456, 37.22975 ], [ -79.738497, 37.229794 ], [ -79.738841, 37.229909 ], [ -79.738917, 37.229975 ], [ -79.73893, 37.230024 ], [ -79.738882, 37.230161 ], [ -79.738807, 37.230288 ], [ -79.738635, 37.230409 ], [ -79.738436, 37.230524 ], [ -79.738203, 37.230618 ], [ -79.737962, 37.230684 ], [ -79.737797, 37.230706 ], [ -79.737529, 37.230766 ], [ -79.737076, 37.230926 ], [ -79.736313, 37.231322 ], [ -79.735517, 37.231778 ], [ -79.735462, 37.231833 ], [ -79.735434, 37.231954 ], [ -79.735441, 37.231998 ], [ -79.7354, 37.23213 ], [ -79.735153, 37.232421 ], [ -79.735132, 37.23258 ], [ -79.735222, 37.23274 ], [ -79.735394, 37.232899 ], [ -79.735607, 37.233207 ], [ -79.73582, 37.23358 ], [ -79.736212, 37.23408 ], [ -79.736418, 37.234316 ], [ -79.736446, 37.234327 ], [ -79.736556, 37.234481 ], [ -79.736866, 37.235063 ], [ -79.737182, 37.235865 ], [ -79.737333, 37.236063 ], [ -79.737382, 37.236173 ], [ -79.737533, 37.236651 ], [ -79.73754, 37.236717 ], [ -79.737492, 37.236794 ], [ -79.7373, 37.236942 ], [ -79.737176, 37.237107 ], [ -79.737066, 37.237321 ], [ -79.737018, 37.237519 ], [ -79.737032, 37.237678 ], [ -79.737087, 37.237926 ], [ -79.737184, 37.238162 ], [ -79.737204, 37.238288 ], [ -79.737136, 37.238437 ], [ -79.737143, 37.238502 ], [ -79.737184, 37.238574 ], [ -79.737273, 37.238634 ], [ -79.737191, 37.238794 ], [ -79.737225, 37.238914 ], [ -79.737397, 37.239101 ], [ -79.737431, 37.239173 ], [ -79.737473, 37.239206 ], [ -79.737775, 37.239387 ], [ -79.738091, 37.239485 ], [ -79.738215, 37.239546 ], [ -79.738361, 37.239663 ], [ -79.73847, 37.239826 ], [ -79.73847, 37.239914 ], [ -79.738525, 37.239985 ], [ -79.738614, 37.239996 ], [ -79.738806, 37.239919 ], [ -79.73891, 37.239908 ], [ -79.738937, 37.239996 ], [ -79.738916, 37.24009 ], [ -79.7388, 37.24026 ], [ -79.738669, 37.240529 ], [ -79.737976, 37.241551 ], [ -79.737887, 37.241755 ], [ -79.737757, 37.242266 ], [ -79.737688, 37.242365 ], [ -79.737317, 37.242656 ], [ -79.737406, 37.242854 ], [ -79.737427, 37.243019 ], [ -79.737393, 37.243084 ], [ -79.737249, 37.243227 ], [ -79.737166, 37.24337 ], [ -79.737104, 37.243398 ], [ -79.736905, 37.243332 ], [ -79.736823, 37.243337 ], [ -79.736768, 37.243365 ], [ -79.736706, 37.243502 ], [ -79.736637, 37.243579 ], [ -79.736472, 37.243645 ], [ -79.736452, 37.243667 ], [ -79.736184, 37.243667 ], [ -79.735929, 37.24358 ], [ -79.735503, 37.243382 ], [ -79.735421, 37.243366 ], [ -79.735235, 37.24336 ], [ -79.735139, 37.243278 ], [ -79.735056, 37.243234 ], [ -79.734939, 37.243217 ], [ -79.734665, 37.243289 ], [ -79.734355, 37.243289 ], [ -79.734012, 37.243399 ], [ -79.73384, 37.243493 ], [ -79.733737, 37.24358 ], [ -79.733614, 37.243729 ], [ -79.733504, 37.24391 ], [ -79.733428, 37.244366 ], [ -79.733401, 37.244399 ], [ -79.733305, 37.244388 ], [ -79.733236, 37.244339 ], [ -79.733181, 37.244339 ], [ -79.733071, 37.244388 ], [ -79.732934, 37.244476 ], [ -79.732515, 37.244619 ], [ -79.731985, 37.244845 ], [ -79.731834, 37.244894 ], [ -79.731546, 37.244883 ], [ -79.73136, 37.244916 ], [ -79.731078, 37.245004 ], [ -79.730824, 37.245015 ], [ -79.730707, 37.244983 ], [ -79.73046, 37.244873 ], [ -79.730254, 37.244812 ], [ -79.729759, 37.244703 ], [ -79.728652, 37.244357 ], [ -79.728377, 37.244286 ], [ -79.727628, 37.243973 ], [ -79.727442, 37.243857 ], [ -79.727326, 37.243759 ], [ -79.727243, 37.243654 ], [ -79.727181, 37.24361 ], [ -79.727085, 37.243599 ], [ -79.726728, 37.243731 ], [ -79.72659, 37.243737 ], [ -79.726515, 37.243704 ], [ -79.726315, 37.243495 ], [ -79.726212, 37.243413 ], [ -79.726184, 37.243303 ], [ -79.72615, 37.243286 ], [ -79.726178, 37.243187 ], [ -79.726253, 37.243039 ], [ -79.726246, 37.242979 ], [ -79.726205, 37.242918 ], [ -79.726012, 37.242764 ], [ -79.725937, 37.242512 ], [ -79.725937, 37.242402 ], [ -79.725717, 37.242248 ], [ -79.725655, 37.242177 ], [ -79.725634, 37.241968 ], [ -79.725607, 37.241935 ], [ -79.725545, 37.241896 ], [ -79.725366, 37.241836 ], [ -79.725057, 37.241622 ], [ -79.724637, 37.241446 ], [ -79.724534, 37.241386 ], [ -79.724541, 37.241276 ], [ -79.724733, 37.240968 ], [ -79.724761, 37.240886 ], [ -79.724795, 37.240672 ], [ -79.724747, 37.240617 ], [ -79.724651, 37.240573 ], [ -79.724067, 37.240479 ], [ -79.723682, 37.240397 ], [ -79.723482, 37.240326 ], [ -79.723262, 37.240178 ], [ -79.723091, 37.239969 ], [ -79.723015, 37.239919 ], [ -79.722905, 37.239925 ], [ -79.722651, 37.240013 ], [ -79.722376, 37.240051 ], [ -79.722202, 37.240048 ], [ -79.722266, 37.240165 ], [ -79.722327, 37.240879 ], [ -79.722314, 37.240924 ], [ -79.722242, 37.240995 ], [ -79.722167, 37.241018 ], [ -79.721969, 37.241008 ], [ -79.721762, 37.240963 ], [ -79.721657, 37.240956 ], [ -79.721449, 37.240986 ], [ -79.721365, 37.241022 ], [ -79.721256, 37.241104 ], [ -79.721172, 37.241237 ], [ -79.721059, 37.241721 ], [ -79.720988, 37.241863 ], [ -79.720928, 37.241923 ], [ -79.720766, 37.242001 ], [ -79.720674, 37.24202 ], [ -79.72032, 37.242042 ], [ -79.719964, 37.242098 ], [ -79.719805, 37.242145 ], [ -79.719629, 37.242262 ], [ -79.719266, 37.24265 ], [ -79.718721, 37.243148 ], [ -79.718261, 37.243654 ], [ -79.717469, 37.244669 ], [ -79.717179, 37.245081 ], [ -79.717056, 37.245295 ], [ -79.716944, 37.245629 ], [ -79.716886, 37.2459 ], [ -79.716793, 37.246177 ], [ -79.716634, 37.246453 ], [ -79.716407, 37.246753 ], [ -79.716292, 37.246958 ], [ -79.716137, 37.247345 ], [ -79.715965, 37.247676 ], [ -79.715632, 37.248106 ], [ -79.715294, 37.248582 ], [ -79.715139, 37.248731 ], [ -79.714836, 37.248941 ], [ -79.714741, 37.249061 ], [ -79.714711, 37.249137 ], [ -79.714607, 37.249661 ], [ -79.714465, 37.250177 ], [ -79.714425, 37.250392 ], [ -79.714392, 37.250952 ], [ -79.714396, 37.251326 ], [ -79.714423, 37.251562 ], [ -79.714649, 37.252142 ], [ -79.71467, 37.252254 ], [ -79.71467, 37.252546 ], [ -79.71475, 37.252711 ], [ -79.714928, 37.252918 ], [ -79.715024, 37.253001 ], [ -79.715137, 37.253071 ], [ -79.715404, 37.253174 ], [ -79.715554, 37.253272 ], [ -79.71563, 37.25338 ], [ -79.71565, 37.253518 ], [ -79.715575, 37.253706 ], [ -79.715443, 37.253906 ], [ -79.71536, 37.254 ], [ -79.715151, 37.254158 ], [ -79.714717, 37.254424 ], [ -79.712379, 37.253984 ], [ -79.703909, 37.252393 ], [ -79.703407, 37.252298 ], [ -79.702146, 37.252051 ], [ -79.701223, 37.251848 ], [ -79.698539, 37.251144 ], [ -79.698411, 37.251368 ], [ -79.698218, 37.2516 ], [ -79.698075, 37.251704 ], [ -79.697802, 37.251825 ], [ -79.697547, 37.251878 ], [ -79.696151, 37.252007 ], [ -79.695435, 37.252121 ], [ -79.694793, 37.252298 ], [ -79.694075, 37.252544 ], [ -79.693643, 37.252654 ], [ -79.693379, 37.252685 ], [ -79.692962, 37.252684 ], [ -79.692753, 37.252697 ], [ -79.692601, 37.252718 ], [ -79.692357, 37.252792 ], [ -79.692257, 37.252839 ], [ -79.691829, 37.25312 ], [ -79.69169, 37.253242 ], [ -79.691558, 37.253404 ], [ -79.691509, 37.253504 ], [ -79.691456, 37.253682 ], [ -79.691398, 37.254014 ], [ -79.691321, 37.254254 ], [ -79.691217, 37.254463 ], [ -79.690998, 37.254798 ], [ -79.690673, 37.255261 ], [ -79.690597, 37.255376 ], [ -79.690479, 37.255498 ], [ -79.690374, 37.255588 ], [ -79.690244, 37.255669 ], [ -79.689641, 37.255948 ], [ -79.687835, 37.256723 ], [ -79.687585, 37.256881 ], [ -79.687225, 37.257156 ], [ -79.687115, 37.257215 ], [ -79.68643, 37.257425 ], [ -79.686242, 37.257446 ], [ -79.685847, 37.257398 ], [ -79.68565, 37.257396 ], [ -79.685152, 37.25746 ], [ -79.684957, 37.257449 ], [ -79.684775, 37.257393 ], [ -79.684407, 37.257153 ], [ -79.684218, 37.257107 ], [ -79.684118, 37.257107 ], [ -79.683912, 37.257147 ], [ -79.683448, 37.257381 ], [ -79.68321, 37.257449 ], [ -79.682557, 37.257512 ], [ -79.682177, 37.257578 ], [ -79.680227, 37.257982 ], [ -79.680042, 37.25802 ], [ -79.679672, 37.258057 ], [ -79.679173, 37.258027 ], [ -79.678557, 37.257943 ], [ -79.677726, 37.257764 ], [ -79.676831, 37.257613 ], [ -79.676417, 37.257606 ], [ -79.675808, 37.257656 ], [ -79.675275, 37.257677 ], [ -79.67384, 37.25764 ], [ -79.673701, 37.257649 ], [ -79.673406, 37.257722 ], [ -79.67314, 37.257855 ], [ -79.672389, 37.258455 ], [ -79.671859, 37.258805 ], [ -79.671683, 37.258899 ], [ -79.671528, 37.258968 ], [ -79.671119, 37.259098 ], [ -79.670707, 37.25913 ], [ -79.670466, 37.259189 ], [ -79.670279, 37.259271 ], [ -79.670104, 37.25937 ], [ -79.669001, 37.260059 ], [ -79.668897, 37.260108 ], [ -79.668647, 37.260168 ], [ -79.668425, 37.260167 ], [ -79.668228, 37.260138 ], [ -79.667924, 37.260055 ], [ -79.667456, 37.259887 ], [ -79.667185, 37.259821 ], [ -79.666953, 37.259782 ], [ -79.66662, 37.259746 ], [ -79.666439, 37.259747 ], [ -79.666189, 37.259771 ], [ -79.665978, 37.259815 ], [ -79.665744, 37.25989 ], [ -79.665243, 37.260126 ], [ -79.664628, 37.260465 ], [ -79.6644, 37.260538 ], [ -79.663569, 37.260683 ], [ -79.662548, 37.26078 ], [ -79.662168, 37.260799 ], [ -79.661778, 37.260761 ], [ -79.660823, 37.260535 ], [ -79.6595, 37.260329 ], [ -79.659194, 37.260323 ], [ -79.658588, 37.26042 ], [ -79.65823, 37.260417 ], [ -79.657824, 37.260352 ], [ -79.657615, 37.260294 ], [ -79.65728, 37.260165 ], [ -79.656824, 37.25995 ], [ -79.656487, 37.25984 ], [ -79.656174, 37.259786 ], [ -79.655535, 37.259739 ], [ -79.655158, 37.259694 ], [ -79.654706, 37.259682 ], [ -79.654062, 37.259748 ], [ -79.653596, 37.259834 ], [ -79.653001, 37.260044 ], [ -79.652782, 37.260066 ], [ -79.652401, 37.260047 ], [ -79.651168, 37.259926 ], [ -79.650528, 37.25988 ], [ -79.649857, 37.259862 ], [ -79.649588, 37.25982 ], [ -79.649096, 37.259631 ], [ -79.648405, 37.2593 ], [ -79.646725, 37.258177 ], [ -79.64516, 37.257222 ], [ -79.644895, 37.257044 ], [ -79.644123, 37.256478 ], [ -79.643793, 37.256292 ], [ -79.643601, 37.256239 ], [ -79.643742, 37.256092 ], [ -79.643933, 37.255946 ], [ -79.644397, 37.255518 ], [ -79.644535, 37.255284 ], [ -79.644573, 37.255091 ], [ -79.644569, 37.254971 ], [ -79.644517, 37.254723 ], [ -79.644148, 37.253752 ], [ -79.643493, 37.252176 ], [ -79.643266, 37.251535 ], [ -79.643235, 37.251311 ], [ -79.643267, 37.251062 ], [ -79.643363, 37.250828 ], [ -79.643466, 37.250667 ], [ -79.643569, 37.250541 ], [ -79.643866, 37.250242 ], [ -79.644769, 37.249454 ], [ -79.644876, 37.249339 ], [ -79.645198, 37.248872 ], [ -79.645619, 37.248112 ], [ -79.6458, 37.247825 ], [ -79.645957, 37.247654 ], [ -79.646371, 37.247324 ], [ -79.646487, 37.247256 ], [ -79.646722, 37.247166 ], [ -79.647161, 37.247048 ], [ -79.647257, 37.246997 ], [ -79.647385, 37.246891 ], [ -79.647544, 37.246681 ], [ -79.647652, 37.246568 ], [ -79.64786, 37.246415 ], [ -79.648141, 37.246299 ], [ -79.64899, 37.246039 ], [ -79.649203, 37.246013 ], [ -79.649448, 37.246034 ], [ -79.649658, 37.246103 ], [ -79.650145, 37.246355 ], [ -79.65029, 37.246388 ], [ -79.650484, 37.246367 ], [ -79.65291, 37.245534 ], [ -79.653267, 37.245398 ], [ -79.653786, 37.245147 ], [ -79.65407, 37.244977 ], [ -79.654166, 37.244893 ], [ -79.654295, 37.244702 ], [ -79.654596, 37.244018 ], [ -79.654819, 37.243658 ], [ -79.654896, 37.243419 ], [ -79.65491, 37.243288 ], [ -79.654886, 37.242971 ], [ -79.654596, 37.24196 ], [ -79.65458, 37.241849 ], [ -79.654615, 37.241537 ], [ -79.654666, 37.241339 ], [ -79.654728, 37.241144 ], [ -79.654825, 37.240933 ], [ -79.6551, 37.240548 ], [ -79.655561, 37.239971 ], [ -79.65637, 37.238945 ], [ -79.657558, 37.237053 ], [ -79.657772, 37.236814 ], [ -79.658678, 37.235912 ], [ -79.659021, 37.235514 ], [ -79.659288, 37.235069 ], [ -79.65977, 37.233939 ], [ -79.659987, 37.233601 ], [ -79.660085, 37.233502 ], [ -79.66063, 37.233133 ], [ -79.660825, 37.232966 ], [ -79.660937, 37.232808 ], [ -79.661142, 37.232429 ], [ -79.661224, 37.232333 ], [ -79.661449, 37.232156 ], [ -79.66195, 37.231844 ], [ -79.662047, 37.231767 ], [ -79.66218, 37.23161 ], [ -79.662213, 37.231466 ], [ -79.662196, 37.231344 ], [ -79.662007, 37.230808 ], [ -79.661987, 37.230683 ], [ -79.662007, 37.230477 ], [ -79.662093, 37.23029 ], [ -79.662976, 37.229067 ], [ -79.663101, 37.228894 ], [ -79.663164, 37.228771 ], [ -79.663223, 37.228561 ], [ -79.663225, 37.228456 ], [ -79.662957, 37.225771 ], [ -79.662826, 37.22442 ], [ -79.662743, 37.223975 ], [ -79.662524, 37.223207 ], [ -79.662486, 37.22299 ], [ -79.662496, 37.222861 ], [ -79.662541, 37.22268 ], [ -79.662743, 37.222283 ], [ -79.662782, 37.222161 ], [ -79.66287, 37.221405 ], [ -79.662897, 37.220939 ], [ -79.663034, 37.217502 ], [ -79.663059, 37.217327 ], [ -79.663234, 37.216624 ], [ -79.663542, 37.215504 ], [ -79.663535, 37.21525 ], [ -79.663504, 37.215126 ], [ -79.663415, 37.21499 ], [ -79.662474, 37.214276 ], [ -79.661682, 37.213649 ], [ -79.661335, 37.213359 ], [ -79.661148, 37.213181 ], [ -79.660883, 37.212871 ], [ -79.660608, 37.212465 ], [ -79.660273, 37.212073 ], [ -79.660151, 37.211905 ], [ -79.659924, 37.211529 ], [ -79.659735, 37.211267 ], [ -79.659489, 37.211011 ], [ -79.659227, 37.210836 ], [ -79.659066, 37.210755 ], [ -79.658772, 37.210648 ], [ -79.658622, 37.210618 ], [ -79.65826, 37.210582 ], [ -79.65724, 37.210391 ], [ -79.656671, 37.210234 ], [ -79.656205, 37.21008 ], [ -79.656104, 37.210031 ], [ -79.655998, 37.209956 ], [ -79.655925, 37.209882 ], [ -79.655875, 37.209802 ], [ -79.655853, 37.209645 ], [ -79.655983, 37.209098 ], [ -79.656178, 37.208365 ], [ -79.656528, 37.207265 ], [ -79.656679, 37.206697 ], [ -79.656721, 37.206588 ], [ -79.656921, 37.206305 ], [ -79.657034, 37.206076 ], [ -79.657076, 37.205832 ], [ -79.657058, 37.205395 ], [ -79.657068, 37.20526 ], [ -79.657133, 37.204958 ], [ -79.657502, 37.204076 ], [ -79.6575, 37.204001 ], [ -79.657494, 37.203922 ], [ -79.657283, 37.203754 ], [ -79.656893, 37.203243 ], [ -79.656808, 37.203088 ], [ -79.656778, 37.20294 ], [ -79.656778, 37.202832 ], [ -79.65685, 37.202512 ], [ -79.656907, 37.202388 ], [ -79.656996, 37.202302 ], [ -79.657122, 37.202262 ], [ -79.657182, 37.202259 ], [ -79.657256, 37.202267 ], [ -79.657509, 37.20234 ], [ -79.657598, 37.202343 ], [ -79.657668, 37.20232 ], [ -79.657722, 37.202267 ], [ -79.657705, 37.202181 ], [ -79.65767, 37.202151 ], [ -79.65746, 37.202053 ], [ -79.65734, 37.201951 ], [ -79.657256, 37.20173 ], [ -79.657167, 37.201599 ], [ -79.657078, 37.201523 ], [ -79.656474, 37.201133 ], [ -79.656232, 37.200946 ], [ -79.656157, 37.200856 ], [ -79.656067, 37.200685 ], [ -79.65606, 37.200542 ], [ -79.656102, 37.200415 ], [ -79.655783, 37.200348 ], [ -79.655111, 37.200259 ], [ -79.654797, 37.200246 ], [ -79.654309, 37.200254 ], [ -79.653657, 37.200342 ], [ -79.65105, 37.201254 ], [ -79.650021, 37.201506 ], [ -79.648654, 37.201572 ], [ -79.647865, 37.201666 ], [ -79.646952, 37.201749 ], [ -79.64611, 37.201759 ], [ -79.645289, 37.201697 ], [ -79.644499, 37.201499 ], [ -79.642667, 37.200645 ], [ -79.642485, 37.200546 ], [ -79.641199082625477, 37.199899572677076 ], [ -79.640279082644454, 37.199457575106216 ], [ -79.638669082904372, 37.198790579464813 ], [ -79.634299084066711, 37.197143591440593 ], [ -79.632408084451896, 37.196324596495209 ], [ -79.630529084715931, 37.195414601404536 ], [ -79.628767084947285, 37.194523605958345 ], [ -79.628049085210478, 37.194252607911977 ], [ -79.627286085583648, 37.19401661004386 ], [ -79.626224086265438, 37.193780613110981 ], [ -79.625519086785943, 37.193662615188835 ], [ -79.624788087384459, 37.193574617380648 ], [ -79.624135087803182, 37.193423619258425 ], [ -79.623652087999531, 37.193240620568119 ], [ -79.623111088100345, 37.192959621950351 ], [ -79.622522088015316, 37.192528623315503 ], [ -79.622292087916065, 37.192317623800861 ], [ -79.621877087555859, 37.191820624546779 ], [ -79.621700087253316, 37.191513624758954 ], [ -79.62145808635583, 37.190786624707002 ], [ -79.621422085882642, 37.190463624460406 ], [ -79.621276082119365, 37.187984622158964 ], [ -79.621144080881948, 37.187108621595499 ], [ -79.620993080222831, 37.186583621481184 ], [ -79.620760079709328, 37.186090621657009 ], [ -79.620578079445806, 37.185791621889749 ], [ -79.620315079157379, 37.185416622289246 ], [ -79.619946078868765, 37.184961622928235 ], [ -79.619449078540711, 37.184382623825144 ], [ -79.618705078488063, 37.183789625471135 ], [ -79.618436079333833, 37.184135626693518 ], [ -79.616693084749528, 37.186380634630105 ], [ -79.615412088733905, 37.188084640538122 ], [ -79.615191089420492, 37.188382641563216 ], [ -79.614632091021363, 37.189050644060664 ], [ -79.614179092227332, 37.189535646022371 ], [ -79.613793093159813, 37.189887647625447 ], [ -79.613466093903853, 37.190156648950911 ], [ -79.613070094759408, 37.190453650524177 ], [ -79.612499095922729, 37.190837652743475 ], [ -79.611840097151912, 37.191207655223103 ], [ -79.611495097754187, 37.191374656491305 ], [ -79.610761098961163, 37.191681659135277 ], [ -79.610348099603698, 37.19183066059648 ], [ -79.609810100405426, 37.192001662473977 ], [ -79.607927103057861, 37.192504668939542 ], [ -79.604331107948056, 37.193393681218787 ], [ -79.601532111700692, 37.19409669080185 ], [ -79.600888112588848, 37.194284693039101 ], [ -79.600274113546462, 37.194554695279102 ], [ -79.599753114439977, 37.194851697260162 ], [ -79.597634118229919, 37.196227705524969 ], [ -79.597198118994854, 37.196507707223859 ], [ -79.596565120046449, 37.19687070964028 ], [ -79.595659121437663, 37.197304712999497 ], [ -79.593640124457409, 37.198239720455462 ], [ -79.592033126832959, 37.198995726411617 ], [ -79.58765, 37.201021 ], [ -79.585768, 37.201799 ], [ -79.584742, 37.202202 ], [ -79.583927, 37.202538 ], [ -79.583741, 37.202628 ], [ -79.583443, 37.202825 ], [ -79.583313, 37.202939 ], [ -79.583113, 37.203169 ], [ -79.582951, 37.203455 ], [ -79.582858, 37.20376 ], [ -79.582648, 37.205397 ], [ -79.582537, 37.205929 ], [ -79.582332, 37.206677 ], [ -79.582317, 37.20673 ], [ -79.582297, 37.206805 ], [ -79.582212, 37.20713 ], [ -79.581779, 37.208571 ], [ -79.581693, 37.208801 ], [ -79.581655, 37.2089 ], [ -79.581308, 37.209875 ], [ -79.581168, 37.210104 ], [ -79.581064, 37.210217 ], [ -79.580872, 37.210366 ], [ -79.580749, 37.210432 ], [ -79.580479, 37.210525 ], [ -79.580335, 37.210552 ], [ -79.580099, 37.210564 ], [ -79.579953, 37.210554 ], [ -79.579669, 37.210491 ], [ -79.579415, 37.210394 ], [ -79.578188, 37.20982 ], [ -79.577706, 37.209656 ], [ -79.577206, 37.20955 ], [ -79.576899, 37.209514 ], [ -79.576486, 37.209499 ], [ -79.575555, 37.20954 ], [ -79.574955, 37.209585 ], [ -79.574666, 37.209621 ], [ -79.57451, 37.209645 ], [ -79.574292, 37.209701 ], [ -79.574081, 37.209772 ], [ -79.573549, 37.210011 ], [ -79.570328, 37.211615 ], [ -79.570088, 37.21176 ], [ -79.569771, 37.211989 ], [ -79.569403, 37.212281 ], [ -79.568896, 37.212752 ], [ -79.567168, 37.214399 ], [ -79.566722, 37.21489 ], [ -79.566592, 37.215056 ], [ -79.566243, 37.215627 ], [ -79.563945, 37.219977 ], [ -79.563739, 37.220308 ], [ -79.563609, 37.220472 ], [ -79.563385, 37.220703 ], [ -79.563184, 37.220873 ], [ -79.561136, 37.222436 ], [ -79.560811, 37.2227 ], [ -79.560377, 37.223102 ], [ -79.559311, 37.224256 ], [ -79.559064, 37.224544 ], [ -79.557755, 37.225996 ], [ -79.556564, 37.227259 ], [ -79.556187, 37.227636 ], [ -79.555627, 37.228154 ], [ -79.555158, 37.22857 ], [ -79.554418, 37.229174 ], [ -79.553219, 37.230088 ], [ -79.552816, 37.230416 ], [ -79.551463, 37.23146 ], [ -79.550363, 37.232302 ], [ -79.549963, 37.23258 ], [ -79.549783, 37.232694 ], [ -79.549516, 37.232834 ], [ -79.549097, 37.233021 ], [ -79.548537, 37.233211 ], [ -79.547908, 37.233358 ], [ -79.547192, 37.233473 ], [ -79.546323, 37.233592 ], [ -79.545623, 37.233731 ], [ -79.545181, 37.233871 ], [ -79.544945, 37.233966 ], [ -79.544576, 37.234151 ], [ -79.544332, 37.234295 ], [ -79.544128, 37.234439 ], [ -79.54394, 37.234597 ], [ -79.543636, 37.234905 ], [ -79.543514, 37.235055 ], [ -79.543337, 37.235307 ], [ -79.543208, 37.235525 ], [ -79.542868, 37.236165 ], [ -79.54206, 37.237528 ], [ -79.541553, 37.23704 ], [ -79.54084, 37.236481 ], [ -79.539406, 37.235283 ], [ -79.538982, 37.2349 ], [ -79.538712, 37.234608 ], [ -79.537306, 37.232812 ], [ -79.536701, 37.232003 ], [ -79.536557, 37.231788 ], [ -79.536363, 37.231442 ], [ -79.536241, 37.231155 ], [ -79.536073, 37.230407 ], [ -79.535975, 37.230112 ], [ -79.535772, 37.229662 ], [ -79.534936, 37.230024 ], [ -79.534318, 37.230266 ], [ -79.533907, 37.230384 ], [ -79.533624, 37.230438 ], [ -79.532421, 37.230578 ], [ -79.531942, 37.230586 ], [ -79.531413, 37.230541 ], [ -79.530677, 37.230399 ], [ -79.530455, 37.230338 ], [ -79.530197, 37.230247 ], [ -79.529911, 37.230117 ], [ -79.52928, 37.229746 ], [ -79.528415, 37.229121 ], [ -79.528021, 37.228876 ], [ -79.527814, 37.228768 ], [ -79.526466, 37.228157 ], [ -79.525943, 37.227912 ], [ -79.522246, 37.226069 ], [ -79.521795, 37.225882 ], [ -79.520687, 37.225528 ], [ -79.520158, 37.225333 ], [ -79.518106, 37.224499 ], [ -79.517833, 37.224363 ], [ -79.517467, 37.224154 ], [ -79.516891, 37.223762 ], [ -79.516597, 37.22358 ], [ -79.516109, 37.223318 ], [ -79.515846, 37.223205 ], [ -79.51532, 37.223014 ], [ -79.514585, 37.222806 ], [ -79.513944, 37.222687 ], [ -79.51339, 37.22263 ], [ -79.512608, 37.222613 ], [ -79.511074, 37.222638 ], [ -79.510814, 37.222636 ], [ -79.5106, 37.222616 ], [ -79.510425, 37.222586 ], [ -79.510155, 37.222508 ], [ -79.509677, 37.222321 ], [ -79.50856, 37.221832 ], [ -79.50842, 37.221785 ], [ -79.508203, 37.221728 ], [ -79.507835, 37.221678 ], [ -79.507676, 37.221672 ], [ -79.507335, 37.221693 ], [ -79.507112, 37.221731 ], [ -79.506662, 37.221863 ], [ -79.504672, 37.222571 ], [ -79.503198, 37.223178 ], [ -79.502203, 37.223606 ], [ -79.501202, 37.224007 ], [ -79.500923, 37.224086 ], [ -79.500498, 37.224156 ], [ -79.500108, 37.22417 ], [ -79.499728, 37.224149 ], [ -79.499288, 37.224078 ], [ -79.498982, 37.223986 ], [ -79.498486, 37.223795 ], [ -79.497905, 37.223542 ], [ -79.497551, 37.223322 ], [ -79.497336, 37.223156 ], [ -79.496519, 37.222373 ], [ -79.496088, 37.222039 ], [ -79.495653, 37.221775 ], [ -79.495384, 37.221641 ], [ -79.495049, 37.221496 ], [ -79.494416, 37.221281 ], [ -79.494032, 37.221207 ], [ -79.493757, 37.221189 ], [ -79.493379, 37.221191 ], [ -79.492697, 37.221222 ], [ -79.491693, 37.221293 ], [ -79.491008, 37.221275 ], [ -79.490103, 37.221192 ], [ -79.489653, 37.221131 ], [ -79.488353, 37.220886 ], [ -79.487755, 37.220821 ], [ -79.487151, 37.220814 ], [ -79.485179, 37.220913 ], [ -79.484843, 37.220911 ], [ -79.484356, 37.220862 ], [ -79.48414, 37.220818 ], [ -79.483724, 37.22069 ], [ -79.483234, 37.220468 ], [ -79.481217, 37.21931 ], [ -79.480571, 37.218993 ], [ -79.480129, 37.218824 ], [ -79.480012, 37.218792 ], [ -79.479737, 37.218752 ], [ -79.479459, 37.218757 ], [ -79.479163, 37.218815 ], [ -79.478959, 37.218882 ], [ -79.478687, 37.218997 ], [ -79.478467, 37.219113 ], [ -79.478039, 37.219372 ], [ -79.47663, 37.220269 ], [ -79.476163, 37.220535 ], [ -79.474732, 37.221265 ], [ -79.472917, 37.222067 ], [ -79.472441, 37.222264 ], [ -79.471751, 37.222507 ], [ -79.468828, 37.223214 ], [ -79.468261, 37.223411 ], [ -79.467645, 37.22368 ], [ -79.46667, 37.222753 ], [ -79.464703, 37.220931 ], [ -79.459802, 37.216394 ], [ -79.459292, 37.215907 ], [ -79.459088, 37.215684 ], [ -79.458848, 37.215369 ], [ -79.458691, 37.215121 ], [ -79.458558, 37.214864 ], [ -79.456905, 37.211166 ], [ -79.456634, 37.210653 ], [ -79.456382, 37.210326 ], [ -79.456202, 37.210146 ], [ -79.455808, 37.209847 ], [ -79.45537, 37.209607 ], [ -79.455165, 37.209523 ], [ -79.454738, 37.209394 ], [ -79.454228, 37.209311 ], [ -79.45394, 37.209293 ], [ -79.453459, 37.209309 ], [ -79.452977, 37.20939 ], [ -79.452675, 37.209473 ], [ -79.452245, 37.209641 ], [ -79.451988, 37.209772 ], [ -79.449352, 37.211335 ], [ -79.44896, 37.211515 ], [ -79.448576, 37.211632 ], [ -79.448341, 37.211678 ], [ -79.448053, 37.211714 ], [ -79.447569, 37.211729 ], [ -79.447011, 37.211665 ], [ -79.444907, 37.211286 ], [ -79.444438, 37.211249 ], [ -79.443976, 37.211265 ], [ -79.443768, 37.211291 ], [ -79.443039, 37.21147 ], [ -79.441014, 37.212034 ], [ -79.439708, 37.212372 ], [ -79.439141, 37.212458 ], [ -79.437618, 37.212543 ], [ -79.437158, 37.212635 ], [ -79.436962, 37.212695 ], [ -79.436592, 37.212839 ], [ -79.43622, 37.213048 ], [ -79.435597, 37.213443 ], [ -79.435146, 37.213647 ], [ -79.434892, 37.213733 ], [ -79.434392, 37.213847 ], [ -79.433935, 37.213893 ], [ -79.433663, 37.213903 ], [ -79.431734, 37.21389 ], [ -79.430735, 37.213883 ], [ -79.430355, 37.213893 ], [ -79.430129, 37.213916 ], [ -79.429907, 37.213952 ], [ -79.429493, 37.214059 ], [ -79.42927, 37.21414 ], [ -79.428745, 37.214381 ], [ -79.428535, 37.214461 ], [ -79.428116, 37.214575 ], [ -79.42728, 37.214706 ], [ -79.424245, 37.215135 ], [ -79.423068, 37.215324 ], [ -79.422741, 37.215361 ], [ -79.422582, 37.215363 ], [ -79.422268, 37.215325 ], [ -79.421814, 37.215175 ], [ -79.417014, 37.213204 ], [ -79.416528, 37.213059 ], [ -79.416276, 37.213008 ], [ -79.41512, 37.212812 ], [ -79.414874, 37.212785 ], [ -79.414336, 37.212775 ], [ -79.413671, 37.212851 ], [ -79.412346, 37.213069 ], [ -79.409989, 37.213327 ], [ -79.409536, 37.213377 ], [ -79.408951, 37.213479 ], [ -79.408097, 37.213713 ], [ -79.40663, 37.214088 ], [ -79.406053, 37.214227 ], [ -79.405793, 37.214272 ], [ -79.405264, 37.214319 ], [ -79.404337, 37.214321 ], [ -79.402858, 37.214276 ], [ -79.402619, 37.214282 ], [ -79.402265, 37.214329 ], [ -79.402036, 37.214385 ], [ -79.401546, 37.214567 ], [ -79.400845, 37.214857 ], [ -79.397905, 37.21597 ], [ -79.396649, 37.216561 ], [ -79.396499, 37.216619 ], [ -79.395842, 37.216849 ], [ -79.394505, 37.21727 ], [ -79.394204, 37.21738 ], [ -79.394056, 37.217453 ], [ -79.393814, 37.217614 ], [ -79.393573, 37.217852 ], [ -79.393471, 37.217998 ], [ -79.39238, 37.22006 ], [ -79.391873, 37.220969 ], [ -79.391478, 37.221577 ], [ -79.39105, 37.22216 ], [ -79.390897, 37.222337 ], [ -79.390583, 37.222632 ], [ -79.388186, 37.224566 ], [ -79.387498, 37.225097 ], [ -79.387103, 37.225343 ], [ -79.386183, 37.225859 ], [ -79.383741, 37.227337 ], [ -79.382032, 37.228468 ], [ -79.381518, 37.228757 ], [ -79.380898, 37.229049 ], [ -79.379877, 37.229512 ], [ -79.37955, 37.229643000000117 ], [ -79.379014, 37.229826 ], [ -79.378778, 37.229892 ], [ -79.378487, 37.229952 ], [ -79.378065, 37.230007 ], [ -79.374481, 37.230355 ], [ -79.374065, 37.230439 ], [ -79.373171, 37.230729 ], [ -79.371847, 37.231173 ], [ -79.371646, 37.231223 ], [ -79.371275, 37.231276 ], [ -79.370118, 37.231319 ], [ -79.369691, 37.231351 ], [ -79.369267, 37.231403 ], [ -79.36829, 37.231568 ], [ -79.365143, 37.232155 ], [ -79.363597, 37.232436 ], [ -79.363399, 37.232496 ], [ -79.363264, 37.232563 ], [ -79.363005, 37.232759 ], [ -79.3629, 37.232869 ], [ -79.362384, 37.233591 ], [ -79.362178, 37.233786 ], [ -79.362073, 37.233862 ], [ -79.361693, 37.234068 ], [ -79.360546, 37.234596 ], [ -79.359823, 37.234958 ], [ -79.35934, 37.235257 ], [ -79.358767, 37.235702 ], [ -79.357072, 37.237216 ], [ -79.356712, 37.237551 ], [ -79.356332, 37.237946 ], [ -79.35613, 37.238231 ], [ -79.35604, 37.238399 ], [ -79.355656, 37.239321 ], [ -79.355559, 37.239505 ], [ -79.355331, 37.239837 ], [ -79.35508, 37.24011 ], [ -79.354461, 37.240665 ], [ -79.3532, 37.241962 ], [ -79.352987, 37.24221 ], [ -79.352394, 37.242978 ], [ -79.351027, 37.244531 ], [ -79.350657, 37.244851 ], [ -79.350237, 37.245128 ], [ -79.349769, 37.245347 ], [ -79.349472, 37.245454 ], [ -79.349154, 37.245537 ], [ -79.349324, 37.245658 ], [ -79.349627, 37.245807 ], [ -79.349737, 37.245839 ], [ -79.350011, 37.245883 ], [ -79.350314, 37.245883 ], [ -79.350754, 37.245806 ], [ -79.351166, 37.245784 ], [ -79.351413, 37.245801 ], [ -79.352018, 37.245883 ], [ -79.35221, 37.245927 ], [ -79.352348, 37.245938 ], [ -79.353008, 37.246124 ], [ -79.353606, 37.246371 ], [ -79.354238, 37.246574 ], [ -79.354623, 37.246651 ], [ -79.354925, 37.246678 ], [ -79.355482, 37.246673 ], [ -79.356141, 37.246634 ], [ -79.356492, 37.24659 ], [ -79.356959, 37.246485 ], [ -79.357543, 37.246249 ], [ -79.35801, 37.246079 ], [ -79.358367, 37.245996 ], [ -79.358752, 37.245952 ], [ -79.35911, 37.245952 ], [ -79.359137, 37.245968 ], [ -79.359275, 37.245979 ], [ -79.359467, 37.246023 ], [ -79.360429, 37.246391 ], [ -79.360484, 37.246396 ], [ -79.360594, 37.246446 ], [ -79.360814, 37.246512 ], [ -79.361233, 37.246654 ], [ -79.361728, 37.246846 ], [ -79.361756, 37.246846 ], [ -79.362443, 37.247121 ], [ -79.362938, 37.247329 ], [ -79.363268, 37.247499 ], [ -79.36366, 37.247725 ], [ -79.36421, 37.248081 ], [ -79.364292, 37.248114 ], [ -79.365653, 37.248993 ], [ -79.366155, 37.249284 ], [ -79.36665, 37.249619 ], [ -79.367049, 37.249987 ], [ -79.367321, 37.250148 ], [ -79.367404, 37.250164 ], [ -79.368373, 37.250669 ], [ -79.368758, 37.250916 ], [ -79.36972, 37.251257 ], [ -79.372209, 37.252332 ], [ -79.373673, 37.252903 ], [ -79.374402, 37.253336 ], [ -79.374746, 37.253517 ], [ -79.374815, 37.253575 ], [ -79.375276, 37.253806 ], [ -79.376024, 37.25423 ], [ -79.376333, 37.254455 ], [ -79.376952, 37.25501 ], [ -79.378023, 37.25561 ], [ -79.37838, 37.255835 ], [ -79.380084, 37.257132 ], [ -79.380249, 37.257237 ], [ -79.380633, 37.257473 ], [ -79.38132, 37.25805 ], [ -79.3822, 37.258688 ], [ -79.382756, 37.259067 ], [ -79.383189, 37.259425 ], [ -79.383271, 37.259474 ], [ -79.383381, 37.259518 ], [ -79.383574, 37.259562 ], [ -79.383876, 37.259584 ], [ -79.383986, 37.259606 ], [ -79.384481, 37.259793 ], [ -79.384673, 37.259848 ], [ -79.38481, 37.25987 ], [ -79.38492, 37.259914 ], [ -79.385161, 37.260112 ], [ -79.38536, 37.260173 ], [ -79.385985, 37.26042 ], [ -79.386322, 37.260574 ], [ -79.387174, 37.261036 ], [ -79.387751, 37.261377 ], [ -79.389008, 37.262031 ], [ -79.389036, 37.262059 ], [ -79.389366, 37.262207 ], [ -79.389634, 37.262366 ], [ -79.389964, 37.26263 ], [ -79.390506, 37.263152 ], [ -79.39076, 37.263422 ], [ -79.391234, 37.263834 ], [ -79.392045, 37.264438 ], [ -79.392279, 37.264642 ], [ -79.392698, 37.26495 ], [ -79.393653, 37.265708 ], [ -79.394044, 37.265994 ], [ -79.395171, 37.266741 ], [ -79.396724, 37.267808 ], [ -79.397205, 37.268203 ], [ -79.397652, 37.268665 ], [ -79.397734, 37.268786 ], [ -79.397622, 37.268802 ], [ -79.397953, 37.26931 ], [ -79.398572, 37.270451 ], [ -79.39883, 37.270742 ], [ -79.399337, 37.271038 ], [ -79.40032, 37.271396 ], [ -79.401403, 37.271988 ], [ -79.402097, 37.272444 ], [ -79.40288, 37.273078 ], [ -79.404157, 37.273927 ], [ -79.405065, 37.274915 ], [ -79.405036, 37.275066 ], [ -79.405109, 37.275233 ], [ -79.405553, 37.275766 ], [ -79.405883, 37.276274 ], [ -79.406121, 37.276527 ], [ -79.406966, 37.277055 ], [ -79.40741, 37.277455 ], [ -79.407783, 37.277982 ], [ -79.407915, 37.278322 ], [ -79.407974, 37.278817 ], [ -79.407828, 37.280619 ], [ -79.407781, 37.281196000000115 ], [ -79.407461, 37.282337 ], [ -79.407356, 37.28245 ], [ -79.407104, 37.282529 ], [ -79.406658, 37.282577 ], [ -79.405785, 37.282393 ], [ -79.405513, 37.282266 ], [ -79.405079, 37.281904 ], [ -79.404881, 37.28182 ], [ -79.404215, 37.281921 ], [ -79.403947, 37.282053 ], [ -79.403815, 37.282315 ], [ -79.403886, 37.282519 ], [ -79.404754, 37.283584 ], [ -79.404969, 37.284049 ], [ -79.404869, 37.284715 ], [ -79.40471, 37.285194 ], [ -79.404505, 37.285509 ], [ -79.404359, 37.285593 ], [ -79.404143, 37.285646 ], [ -79.403737, 37.285624 ], [ -79.401981, 37.285251 ], [ -79.401451, 37.285197 ], [ -79.400512, 37.285213 ], [ -79.400043, 37.285328 ], [ -79.399865, 37.285438 ], [ -79.399731, 37.285621 ], [ -79.399776, 37.285807 ], [ -79.400019, 37.286062 ], [ -79.400197, 37.286572 ], [ -79.400755, 37.28711 ], [ -79.400882, 37.28737 ], [ -79.400873, 37.287388 ], [ -79.400898, 37.287403 ], [ -79.401103, 37.287821 ], [ -79.401095, 37.288099 ], [ -79.400971, 37.288363 ], [ -79.400736, 37.288621 ], [ -79.400442, 37.288784 ], [ -79.399915, 37.288874 ], [ -79.399395, 37.288759 ], [ -79.398496, 37.288168 ], [ -79.397622, 37.287447 ], [ -79.397146, 37.287121 ], [ -79.396375, 37.286748 ], [ -79.395762, 37.286649 ], [ -79.395174, 37.286637 ], [ -79.394683, 37.286699 ], [ -79.394093, 37.286877 ], [ -79.393541, 37.287121 ], [ -79.392495, 37.287854 ], [ -79.392247, 37.288103 ], [ -79.39207, 37.288426 ], [ -79.392034, 37.288845 ], [ -79.392348, 37.289139 ], [ -79.393038, 37.289594 ], [ -79.394858, 37.290593 ], [ -79.395601, 37.29085 ], [ -79.396853, 37.291153 ], [ -79.397337, 37.291243 ], [ -79.398001, 37.29126 ], [ -79.398263, 37.291311 ], [ -79.3985, 37.291416 ], [ -79.399534, 37.292259 ], [ -79.399788, 37.292595 ], [ -79.399973, 37.293026 ], [ -79.400022, 37.293303 ], [ -79.400011, 37.29394 ], [ -79.399969, 37.294399 ], [ -79.399735, 37.295587 ], [ -79.399529, 37.296277 ], [ -79.399357, 37.296644 ], [ -79.39895, 37.297157 ], [ -79.398333, 37.297724 ], [ -79.398263, 37.298033 ], [ -79.398551, 37.29834 ], [ -79.399271, 37.298632 ], [ -79.399563, 37.2988 ], [ -79.40003, 37.299184 ], [ -79.400455, 37.299638 ], [ -79.400664, 37.299992 ], [ -79.400738, 37.300233 ], [ -79.400807, 37.30108 ], [ -79.400902, 37.301241 ], [ -79.401221, 37.301536 ], [ -79.401277, 37.30167 ], [ -79.401273, 37.301918 ], [ -79.40112, 37.302249 ], [ -79.400743, 37.302554 ], [ -79.399754, 37.302993 ], [ -79.397949, 37.303687 ], [ -79.396216, 37.304459 ], [ -79.396039, 37.304569 ], [ -79.395942, 37.304717 ], [ -79.395931, 37.304894 ], [ -79.396011, 37.305133 ], [ -79.396517, 37.3058 ], [ -79.397363, 37.306536 ], [ -79.398681, 37.307444 ], [ -79.398787, 37.307558 ], [ -79.398838, 37.307763 ], [ -79.398735, 37.30792 ], [ -79.398506, 37.308026 ], [ -79.396074, 37.308367 ], [ -79.39535, 37.30838 ], [ -79.395049, 37.308304 ], [ -79.394584, 37.308086 ], [ -79.394409, 37.30806 ], [ -79.39424, 37.308102 ], [ -79.394087, 37.308272 ], [ -79.394011, 37.308451 ], [ -79.393958, 37.308574 ], [ -79.393938, 37.308659 ], [ -79.393789, 37.309296 ], [ -79.393726, 37.30993 ], [ -79.393844, 37.310462 ], [ -79.393603, 37.310555 ], [ -79.393381, 37.310546 ], [ -79.393349, 37.310532 ], [ -79.392841, 37.310301 ], [ -79.392436, 37.310276 ], [ -79.392294, 37.310188 ], [ -79.392192, 37.30996 ], [ -79.3924, 37.30935 ], [ -79.392379, 37.309249 ], [ -79.392312, 37.309203 ], [ -79.392047, 37.309199 ], [ -79.39163, 37.309321 ], [ -79.39148, 37.309448 ], [ -79.391407, 37.309723 ], [ -79.391399, 37.310059 ], [ -79.391494, 37.310331 ], [ -79.391657, 37.310543 ], [ -79.392098, 37.310943 ], [ -79.392567, 37.311435 ], [ -79.39359, 37.31274 ], [ -79.394445, 37.313649 ], [ -79.394719, 37.31387 ], [ -79.395463, 37.314301 ], [ -79.395882, 37.31465 ], [ -79.3964, 37.315217 ], [ -79.397026, 37.316017 ], [ -79.397469, 37.316363 ], [ -79.39827, 37.317282 ], [ -79.399167, 37.318107 ], [ -79.399472, 37.318497 ], [ -79.399594, 37.3188 ], [ -79.399539, 37.319329 ], [ -79.399461, 37.319528 ], [ -79.399355, 37.319641 ], [ -79.399209, 37.319723 ], [ -79.399031, 37.319746 ], [ -79.39857, 37.319614 ], [ -79.398071, 37.319312 ], [ -79.39763, 37.31891 ], [ -79.396826, 37.318295 ], [ -79.39655, 37.318021 ], [ -79.396345, 37.317454 ], [ -79.396019, 37.316913 ], [ -79.396027, 37.316457 ], [ -79.395918, 37.316267 ], [ -79.395515, 37.31612 ], [ -79.394379, 37.315905 ], [ -79.393763, 37.315985 ], [ -79.393607, 37.31605 ], [ -79.393541, 37.316142 ], [ -79.393572, 37.316346 ], [ -79.393723, 37.316584 ], [ -79.394386, 37.317196 ], [ -79.394852, 37.317485 ], [ -79.39514, 37.317838 ], [ -79.395266, 37.318062 ], [ -79.39533, 37.318213 ], [ -79.395898, 37.318528 ], [ -79.396773, 37.319371 ], [ -79.39736, 37.320141 ], [ -79.397488, 37.320721 ], [ -79.397878, 37.321393 ], [ -79.398061, 37.321549 ], [ -79.39891, 37.322057 ], [ -79.399088, 37.322218 ], [ -79.399168, 37.322383 ], [ -79.399156, 37.322593 ], [ -79.399043, 37.322858 ], [ -79.398425, 37.323588 ], [ -79.398202, 37.323932 ], [ -79.397844, 37.324912 ], [ -79.397595, 37.324995 ], [ -79.396198, 37.3259 ], [ -79.395599, 37.326193 ], [ -79.395482, 37.326358 ], [ -79.395358, 37.326643 ], [ -79.395206, 37.327017 ], [ -79.395103, 37.327341 ], [ -79.394779, 37.327769 ], [ -79.394683, 37.327994 ], [ -79.394614, 37.328236 ], [ -79.394607, 37.32845 ], [ -79.394668, 37.329198 ], [ -79.39482, 37.329769 ], [ -79.394819, 37.329923 ], [ -79.394792, 37.330055 ], [ -79.394778, 37.330098 ], [ -79.394716, 37.330164 ], [ -79.394572, 37.330225 ], [ -79.394283, 37.330263 ], [ -79.394145, 37.330263 ], [ -79.39398, 37.33023 ], [ -79.39376, 37.330142 ], [ -79.39354, 37.33001 ], [ -79.393375, 37.329845 ], [ -79.393265, 37.329763 ], [ -79.392866, 37.329526 ], [ -79.392728, 37.329488 ], [ -79.392508, 37.32951 ], [ -79.392233, 37.329515 ], [ -79.392102, 37.329548 ], [ -79.392068, 37.32957 ], [ -79.391992, 37.329636 ], [ -79.391944, 37.329724 ], [ -79.391971, 37.329889 ], [ -79.392136, 37.33024 ], [ -79.392205, 37.330477 ], [ -79.392212, 37.330647 ], [ -79.392177, 37.330713 ], [ -79.392136, 37.330757 ], [ -79.392067, 37.33079 ], [ -79.391957, 37.330779 ], [ -79.391771, 37.330685 ], [ -79.391579, 37.330614 ], [ -79.391441, 37.330586 ], [ -79.391194, 37.330537 ], [ -79.390829, 37.330525 ], [ -79.390616, 37.330558 ], [ -79.390478, 37.330613 ], [ -79.390382, 37.330613 ], [ -79.390244, 37.330657 ], [ -79.390162, 37.330706 ], [ -79.390058, 37.330789 ], [ -79.389852, 37.331074 ], [ -79.389549, 37.331316 ], [ -79.389432, 37.331448 ], [ -79.389363, 37.331558 ], [ -79.389335, 37.331646 ], [ -79.389377, 37.331909 ], [ -79.389363, 37.332063 ], [ -79.389308, 37.332145 ], [ -79.389177, 37.332261 ], [ -79.38906, 37.332338 ], [ -79.389032, 37.332376 ], [ -79.389032, 37.332513 ], [ -79.389087, 37.332733 ], [ -79.389073, 37.332881 ], [ -79.388908, 37.33326 ], [ -79.388784, 37.333606 ], [ -79.388784, 37.333716 ], [ -79.388797, 37.333782 ], [ -79.38888, 37.333914 ], [ -79.388907, 37.334002 ], [ -79.388921, 37.3342 ], [ -79.388948, 37.334299 ], [ -79.389127, 37.334562 ], [ -79.389168, 37.334683 ], [ -79.389196, 37.334969 ], [ -79.389299, 37.335101 ], [ -79.389526, 37.335189 ], [ -79.389615, 37.335255 ], [ -79.389691, 37.335354 ], [ -79.389732, 37.335442 ], [ -79.389759, 37.335524 ], [ -79.389773, 37.335716 ], [ -79.389745, 37.335826 ], [ -79.389704, 37.335903 ], [ -79.389601, 37.335963 ], [ -79.389216, 37.336046 ], [ -79.388851, 37.336177 ], [ -79.388713, 37.33621 ], [ -79.388576, 37.33621 ], [ -79.388438, 37.336155 ], [ -79.388245, 37.336012 ], [ -79.388136, 37.335891 ], [ -79.388101, 37.335826 ], [ -79.38806, 37.33565 ], [ -79.388026, 37.335342 ], [ -79.387985, 37.335144 ], [ -79.38793, 37.33499 ], [ -79.387806, 37.334837 ], [ -79.387696, 37.334749 ], [ -79.387545, 37.334661 ], [ -79.387442, 37.334573 ], [ -79.387366, 37.33443 ], [ -79.387325, 37.334298 ], [ -79.387208, 37.334122 ], [ -79.386885, 37.333891 ], [ -79.38661, 37.333726 ], [ -79.386417, 37.333627 ], [ -79.386197, 37.333539 ], [ -79.386142, 37.333528 ], [ -79.385839, 37.333528 ], [ -79.385592, 37.333484 ], [ -79.385371, 37.333407 ], [ -79.385151, 37.333308 ], [ -79.385069, 37.333297 ], [ -79.384959, 37.333308 ], [ -79.384904, 37.333347 ], [ -79.384821, 37.333473 ], [ -79.384807, 37.333693 ], [ -79.384821, 37.33378 ], [ -79.384821, 37.334198 ], [ -79.384848, 37.334407 ], [ -79.3848, 37.334473 ], [ -79.38471, 37.334511 ], [ -79.384586, 37.334528 ], [ -79.384435, 37.334571 ], [ -79.38429, 37.334626 ], [ -79.384153, 37.334725 ], [ -79.384022, 37.33478 ], [ -79.383657, 37.334758 ], [ -79.383596, 37.33478 ], [ -79.383492, 37.334879 ], [ -79.383354, 37.33512 ], [ -79.383272, 37.335208 ], [ -79.383217, 37.335236 ], [ -79.38312, 37.335252 ], [ -79.382873, 37.335252 ], [ -79.382735, 37.335285 ], [ -79.382549, 37.335405 ], [ -79.382301, 37.335669 ], [ -79.382219, 37.335735 ], [ -79.382033, 37.335801 ], [ -79.381916, 37.335911 ], [ -79.381833, 37.335949 ], [ -79.38162, 37.335971 ], [ -79.381414, 37.336059 ], [ -79.381345, 37.336064 ], [ -79.381262, 37.335965 ], [ -79.381235, 37.335833 ], [ -79.381194, 37.335767 ], [ -79.381077, 37.335701 ], [ -79.381042, 37.335696 ], [ -79.38096, 37.335723 ], [ -79.380719, 37.33591 ], [ -79.380657, 37.335921 ], [ -79.380609, 37.335888 ], [ -79.380561, 37.335712 ], [ -79.380478, 37.335652 ], [ -79.380382, 37.335613 ], [ -79.380134, 37.335624 ], [ -79.380024, 37.335591 ], [ -79.379887, 37.335503 ], [ -79.379791, 37.33536 ], [ -79.379736, 37.335322 ], [ -79.379694, 37.335327 ], [ -79.379557, 37.335393 ], [ -79.379502, 37.335382 ], [ -79.379426, 37.335321 ], [ -79.379323, 37.335107 ], [ -79.379254, 37.335003 ], [ -79.379061, 37.335047 ], [ -79.379007, 37.335041 ], [ -79.378903, 37.334953 ], [ -79.378828, 37.33481 ], [ -79.378732, 37.334722 ], [ -79.37836, 37.334546 ], [ -79.37814, 37.33442 ], [ -79.377844, 37.334173 ], [ -79.377494, 37.33381 ], [ -79.377411, 37.3337 ], [ -79.377178, 37.333282 ], [ -79.377164, 37.333156 ], [ -79.377178, 37.332958 ], [ -79.377151, 37.332843 ], [ -79.377096, 37.33276 ], [ -79.3768, 37.332513 ], [ -79.376738, 37.33248 ], [ -79.376656, 37.332469 ], [ -79.376325, 37.33254 ], [ -79.37627, 37.332562 ], [ -79.376188, 37.332645 ], [ -79.376167, 37.332732 ], [ -79.37616, 37.332941 ], [ -79.376119, 37.333056 ], [ -79.375981, 37.333271 ], [ -79.375946, 37.333446 ], [ -79.375994, 37.333677 ], [ -79.376104, 37.333974 ], [ -79.376104, 37.33415 ], [ -79.375952, 37.334325 ], [ -79.375787, 37.334589 ], [ -79.375622, 37.335072 ], [ -79.37547, 37.33538 ], [ -79.375305, 37.3356 ], [ -79.375014, 37.335831 ], [ -79.374752, 37.336014 ], [ -79.374718, 37.336091 ], [ -79.374573, 37.336223 ], [ -79.374457, 37.336371 ], [ -79.374415, 37.336547 ], [ -79.374416, 37.33692 ], [ -79.374381, 37.337069 ], [ -79.374313, 37.337118 ], [ -79.374299, 37.337184 ], [ -79.374354, 37.337316 ], [ -79.374334, 37.337426 ], [ -79.374299, 37.337459 ], [ -79.374244, 37.337481 ], [ -79.374052, 37.337492 ], [ -79.373948, 37.337453 ], [ -79.37388, 37.337399 ], [ -79.373446, 37.336976 ], [ -79.373432, 37.336866 ], [ -79.373466, 37.336712 ], [ -79.37348, 37.336382 ], [ -79.373452, 37.336251 ], [ -79.373452, 37.335943 ], [ -79.373466, 37.335877 ], [ -79.373424, 37.335536 ], [ -79.373424, 37.335361 ], [ -79.373362, 37.33513 ], [ -79.373169, 37.334822 ], [ -79.373045, 37.334713 ], [ -79.372708, 37.334553 ], [ -79.372625, 37.334488 ], [ -79.37246, 37.334306 ], [ -79.372302, 37.334208 ], [ -79.37204, 37.334092 ], [ -79.370966, 37.33367 ], [ -79.370636, 37.333582000000121 ], [ -79.370519, 37.333582 ], [ -79.370416, 37.333621 ], [ -79.370334, 37.333703 ], [ -79.370327, 37.333747 ], [ -79.370361, 37.333835 ], [ -79.370361, 37.333901 ], [ -79.370258, 37.334011 ], [ -79.370203, 37.33411 ], [ -79.370327, 37.334252 ], [ -79.370478, 37.334384 ], [ -79.37054, 37.334472 ], [ -79.370623, 37.33478 ], [ -79.370761, 37.335126 ], [ -79.370809, 37.335301 ], [ -79.370809, 37.335417 ], [ -79.370823, 37.335433 ], [ -79.37081, 37.335593 ], [ -79.370768, 37.335724 ], [ -79.370727, 37.33601 ], [ -79.3707, 37.336093 ], [ -79.370673, 37.336274 ], [ -79.370673, 37.33651 ], [ -79.370707, 37.336796 ], [ -79.37079, 37.337103 ], [ -79.370942, 37.337455 ], [ -79.371024, 37.337719 ], [ -79.371038, 37.33785 ], [ -79.371107, 37.338136 ], [ -79.371114, 37.33829 ], [ -79.371018, 37.338488 ], [ -79.370881, 37.338609 ], [ -79.370771, 37.338653 ], [ -79.370661, 37.338675 ], [ -79.370385, 37.338691 ], [ -79.370124, 37.338625 ], [ -79.370007, 37.338554 ], [ -79.369917, 37.338422000000108 ], [ -79.369848, 37.338224 ], [ -79.369649, 37.337878 ], [ -79.36958, 37.337703 ], [ -79.36929, 37.337219 ], [ -79.369139, 37.336725 ], [ -79.369063, 37.336593 ], [ -79.368898, 37.336434 ], [ -79.368732, 37.336341 ], [ -79.368533, 37.336253 ], [ -79.368326, 37.336132 ], [ -79.368202, 37.336039 ], [ -79.367769, 37.335556 ], [ -79.367672, 37.335402 ], [ -79.367528, 37.335089 ], [ -79.367472, 37.335023 ], [ -79.367397, 37.334968 ], [ -79.367177, 37.334897 ], [ -79.366977, 37.334897 ], [ -79.366819, 37.334919 ], [ -79.366461, 37.335012 ], [ -79.366104, 37.335183 ], [ -79.365911, 37.335304 ], [ -79.365725, 37.335452 ], [ -79.365663, 37.335545 ], [ -79.365657, 37.335639 ], [ -79.365732, 37.33571 ], [ -79.365918, 37.33582 ], [ -79.366125, 37.335996 ], [ -79.366428, 37.336364 ], [ -79.366999, 37.336754 ], [ -79.367212, 37.336946 ], [ -79.367405, 37.337215 ], [ -79.367681, 37.337671 ], [ -79.367695, 37.33772 ], [ -79.367681, 37.33789 ], [ -79.36753, 37.338165 ], [ -79.367482, 37.338226 ], [ -79.367427, 37.338248 ], [ -79.367296, 37.338226 ], [ -79.367186, 37.338077 ], [ -79.367041, 37.338001 ], [ -79.366986, 37.338006 ], [ -79.366821, 37.337984 ], [ -79.366738, 37.337995 ], [ -79.366161, 37.337995 ], [ -79.365748, 37.337952 ], [ -79.365527, 37.337908 ], [ -79.365183, 37.337864 ], [ -79.365018, 37.337869 ], [ -79.364881, 37.337919 ], [ -79.364805, 37.337968 ], [ -79.364723, 37.338067 ], [ -79.364661, 37.338216 ], [ -79.364647, 37.338287 ], [ -79.364661, 37.338353 ], [ -79.364716, 37.338435 ], [ -79.364957, 37.338699 ], [ -79.365108, 37.338831 ], [ -79.36517, 37.338919 ], [ -79.365191, 37.339221 ], [ -79.365274, 37.339259 ], [ -79.365404, 37.33927 ], [ -79.365501, 37.339358 ], [ -79.365611, 37.339523 ], [ -79.366072, 37.339819 ], [ -79.366272, 37.339995 ], [ -79.366444, 37.340215 ], [ -79.366458, 37.340352 ], [ -79.366389, 37.340632 ], [ -79.366369, 37.340824 ], [ -79.366273, 37.341116 ], [ -79.366232, 37.341335 ], [ -79.366232, 37.341423 ], [ -79.366245, 37.341489 ], [ -79.366328, 37.341621 ], [ -79.366521, 37.341813 ], [ -79.366549, 37.341901 ], [ -79.366549, 37.341972 ], [ -79.366494, 37.342121 ], [ -79.366494, 37.342165 ], [ -79.366507, 37.342209 ], [ -79.366666, 37.342428 ], [ -79.36668, 37.3425 ], [ -79.366638, 37.342599 ], [ -79.366542, 37.342687 ], [ -79.36646, 37.342736 ], [ -79.366295, 37.342791 ], [ -79.366054, 37.342808 ], [ -79.365923, 37.342797 ], [ -79.365813, 37.342813 ], [ -79.365675, 37.342863 ], [ -79.365538, 37.342885 ], [ -79.364946, 37.342874 ], [ -79.36487, 37.342858 ], [ -79.364719, 37.342786 ], [ -79.364561, 37.342671 ], [ -79.36445, 37.342611 ], [ -79.364368, 37.342605 ], [ -79.364285, 37.342622 ], [ -79.36412, 37.342737 ], [ -79.364038, 37.342776 ], [ -79.363873, 37.342776 ], [ -79.363735, 37.342737 ], [ -79.363515, 37.342556 ], [ -79.363404, 37.342518 ], [ -79.363239, 37.34254 ], [ -79.362992, 37.342628 ], [ -79.362827, 37.342639 ], [ -79.362737, 37.342606 ], [ -79.362606, 37.342502 ], [ -79.362469, 37.342463 ], [ -79.362359, 37.342474 ], [ -79.362304, 37.342458 ], [ -79.361822, 37.342441 ], [ -79.361684, 37.34242 ], [ -79.361595, 37.342392 ], [ -79.361464, 37.342288 ], [ -79.361326, 37.34209 ], [ -79.360948, 37.341662 ], [ -79.360851, 37.341513 ], [ -79.360741, 37.341173 ], [ -79.360693, 37.341085 ], [ -79.360617, 37.340981 ], [ -79.360521, 37.340893 ], [ -79.360452, 37.340854 ], [ -79.360342, 37.34081 ], [ -79.360232, 37.340789 ], [ -79.359805, 37.3408 ], [ -79.359695, 37.340789 ], [ -79.35953, 37.34075 ], [ -79.359254, 37.340652 ], [ -79.358979, 37.340602 ], [ -79.358848, 37.340553 ], [ -79.358529, 37.340945 ], [ -79.358223, 37.341344 ], [ -79.35801, 37.341701 ], [ -79.357845, 37.341828 ], [ -79.357797, 37.341894 ], [ -79.357659, 37.342146 ], [ -79.357528, 37.342333 ], [ -79.35746, 37.342399 ], [ -79.35735, 37.342471 ], [ -79.357102, 37.342734 ], [ -79.356937, 37.342784 ], [ -79.356772, 37.342784 ], [ -79.356662, 37.342756 ], [ -79.356476, 37.342674 ], [ -79.356338, 37.342575 ], [ -79.356221, 37.342432 ], [ -79.356152, 37.342301 ], [ -79.356132, 37.342158 ], [ -79.356125, 37.34201 ], [ -79.356097, 37.341922 ], [ -79.356028, 37.341812 ], [ -79.355767, 37.341504 ], [ -79.355546, 37.341285 ], [ -79.355374, 37.341158 ], [ -79.355113, 37.341054 ], [ -79.35481, 37.340955 ], [ -79.354757, 37.340918 ], [ -79.35448, 37.340802 ], [ -79.354177, 37.340615 ], [ -79.354135, 37.34056 ], [ -79.354122, 37.340505 ], [ -79.354046, 37.340423 ], [ -79.353888, 37.340434 ], [ -79.353612, 37.340489 ], [ -79.353475, 37.340544 ], [ -79.353399, 37.340599 ], [ -79.353269, 37.340731 ], [ -79.353055, 37.340851 ], [ -79.353021, 37.340895 ], [ -79.352994, 37.340983 ], [ -79.352904, 37.341093 ], [ -79.352849, 37.341115 ], [ -79.352519, 37.341143 ], [ -79.35254, 37.34128 ], [ -79.352533, 37.34139 ], [ -79.352443, 37.341544 ], [ -79.352306, 37.341632 ], [ -79.352003, 37.341758 ], [ -79.351845, 37.341797 ], [ -79.351515, 37.341912 ], [ -79.35135, 37.34205 ], [ -79.351308, 37.342181 ], [ -79.351246, 37.342253 ], [ -79.350841, 37.342352 ], [ -79.350731, 37.342363 ], [ -79.349932, 37.342528 ], [ -79.349767, 37.342572 ], [ -79.349575, 37.342649 ], [ -79.349506, 37.342709 ], [ -79.349527, 37.342764 ], [ -79.349616, 37.342836 ], [ -79.349678, 37.342924 ], [ -79.349637, 37.343066 ], [ -79.349637, 37.343154 ], [ -79.349664, 37.343242 ], [ -79.349665, 37.34344 ], [ -79.349692, 37.343627 ], [ -79.349761, 37.343736 ], [ -79.349954, 37.343934 ], [ -79.350023, 37.344033 ], [ -79.350167, 37.344154 ], [ -79.350277, 37.34428 ], [ -79.35036, 37.344445 ], [ -79.35036, 37.344665 ], [ -79.350305, 37.344758 ], [ -79.350236, 37.344819 ], [ -79.350181, 37.344852 ], [ -79.35014, 37.344857 ], [ -79.349975, 37.344857 ], [ -79.349837, 37.344835 ], [ -79.349287, 37.344616 ], [ -79.349177, 37.344594 ], [ -79.349012, 37.344594 ], [ -79.348874, 37.344616 ], [ -79.348709, 37.344671 ], [ -79.348571, 37.344693 ], [ -79.348323, 37.344682 ], [ -79.348103, 37.344589 ], [ -79.347745, 37.344358 ], [ -79.347635, 37.34433 ], [ -79.347553, 37.344336 ], [ -79.347415, 37.344391 ], [ -79.347277, 37.344479 ], [ -79.347167, 37.344523 ], [ -79.34681, 37.344627 ], [ -79.346741, 37.344682 ], [ -79.346686, 37.344765 ], [ -79.346672, 37.344919 ], [ -79.3467, 37.345028 ], [ -79.346844, 37.345237 ], [ -79.346996, 37.345391 ], [ -79.347223, 37.345545 ], [ -79.347436, 37.34561 ], [ -79.347512, 37.345605 ], [ -79.347574, 37.345632 ], [ -79.347615, 37.345687 ], [ -79.347615, 37.345742 ], [ -79.34756, 37.345808 ], [ -79.347519, 37.345896 ], [ -79.347519, 37.346044 ], [ -79.347491, 37.346094 ], [ -79.347443, 37.346138 ], [ -79.347285, 37.346176 ], [ -79.347209, 37.346231 ], [ -79.347148, 37.346325 ], [ -79.34712, 37.346413 ], [ -79.346955, 37.346676 ], [ -79.346969, 37.346852 ], [ -79.347086, 37.347022 ], [ -79.347113, 37.347132 ], [ -79.3471, 37.347368 ], [ -79.347224, 37.347467 ], [ -79.347251, 37.347528 ], [ -79.34721, 37.347594 ], [ -79.346907, 37.347918 ], [ -79.346618, 37.347693 ], [ -79.346536, 37.347698 ], [ -79.346288, 37.347808 ], [ -79.346206, 37.34783 ], [ -79.346123, 37.34783 ], [ -79.346102, 37.347814 ], [ -79.346095, 37.347775 ], [ -79.34615, 37.347665 ], [ -79.346137, 37.347556 ], [ -79.346033, 37.347424 ], [ -79.345971, 37.347391 ], [ -79.34582, 37.347429 ], [ -79.345786, 37.347523 ], [ -79.345834, 37.347698 ], [ -79.3458, 37.347764 ], [ -79.345738, 37.347797 ], [ -79.345676, 37.347759 ], [ -79.345531, 37.347501 ], [ -79.345387, 37.347369 ], [ -79.345318, 37.347336 ], [ -79.345256, 37.347336 ], [ -79.345208, 37.347363 ], [ -79.345166, 37.347457 ], [ -79.345159, 37.347567 ], [ -79.345139, 37.347589 ], [ -79.34507, 37.3476 ], [ -79.344815, 37.34749 ], [ -79.344733, 37.347495 ], [ -79.344637, 37.347572 ], [ -79.344609, 37.347572 ], [ -79.34454, 37.347539 ], [ -79.344416, 37.347408 ], [ -79.344292, 37.347358 ], [ -79.344077, 37.347428 ], [ -79.343515, 37.346526 ], [ -79.339695, 37.340602 ], [ -79.339336, 37.340176 ], [ -79.339045, 37.339901 ], [ -79.338859, 37.339758 ], [ -79.338409, 37.339481 ], [ -79.337958, 37.339277 ], [ -79.337696, 37.339184 ], [ -79.337157, 37.339044 ], [ -79.336922, 37.339004 ], [ -79.336684, 37.338977 ], [ -79.336172, 37.338961 ], [ -79.335873, 37.338967 ], [ -79.335578, 37.339001 ], [ -79.335285, 37.33905 ], [ -79.334884, 37.339144 ], [ -79.33437, 37.339319 ], [ -79.331326, 37.340484 ], [ -79.330702, 37.340693 ], [ -79.330152, 37.340812 ], [ -79.329927, 37.340844 ], [ -79.329482, 37.340879 ], [ -79.329037, 37.340877 ], [ -79.32854, 37.340832 ], [ -79.328226, 37.34078 ], [ -79.327667, 37.340634 ], [ -79.326951, 37.340361 ], [ -79.323631, 37.338943 ], [ -79.323307, 37.338829 ], [ -79.322882, 37.338721 ], [ -79.322469, 37.338678 ], [ -79.322052, 37.338692 ], [ -79.321567, 37.338755 ], [ -79.318642, 37.339244 ], [ -79.318136, 37.339334 ], [ -79.317498, 37.339472 ], [ -79.317267, 37.339093 ], [ -79.317124, 37.338733 ], [ -79.317072, 37.338642 ], [ -79.316707, 37.338166 ], [ -79.316545, 37.337856 ], [ -79.316478, 37.337626 ], [ -79.316475, 37.337546 ], [ -79.313668, 37.328882 ], [ -79.312853, 37.32819 ], [ -79.311541, 37.327613 ], [ -79.310819, 37.32666 ], [ -79.306155, 37.324572 ], [ -79.305021, 37.325112 ], [ -79.304315, 37.325422 ], [ -79.303424, 37.325777 ], [ -79.302971, 37.325996 ], [ -79.302681, 37.326201 ], [ -79.302468, 37.326408 ], [ -79.302373, 37.326531 ], [ -79.302293, 37.326661 ], [ -79.302202, 37.32688 ], [ -79.302145, 37.327221 ], [ -79.302158, 37.327497 ], [ -79.302383, 37.328558 ], [ -79.302405, 37.328741 ], [ -79.302397, 37.329069 ], [ -79.302364, 37.329247 ], [ -79.302276, 37.329516 ], [ -79.302115, 37.329822 ], [ -79.301813, 37.330189 ], [ -79.300936, 37.331055 ], [ -79.300674, 37.331296 ], [ -79.300386, 37.331515 ], [ -79.299994, 37.331731 ], [ -79.299695, 37.331854 ], [ -79.297435, 37.332668 ], [ -79.297122, 37.332773 ], [ -79.296903, 37.332827 ], [ -79.296458, 37.332892 ], [ -79.296193, 37.332904 ], [ -79.295761, 37.332879 ], [ -79.29535, 37.332798 ], [ -79.294941, 37.332654 ], [ -79.294746, 37.332562 ], [ -79.294104, 37.332163 ], [ -79.293729, 37.331979 ], [ -79.293521, 37.331904 ], [ -79.293088, 37.331796 ], [ -79.292694, 37.331758 ], [ -79.292492, 37.331757 ], [ -79.292506, 37.331466 ], [ -79.292485, 37.331304 ], [ -79.292447, 37.331216 ], [ -79.292341, 37.331079 ], [ -79.292169, 37.330951 ], [ -79.291116, 37.330284 ], [ -79.288801, 37.328765 ], [ -79.288521, 37.32855 ], [ -79.288389, 37.328412 ], [ -79.288245, 37.328173 ], [ -79.288179, 37.327932 ], [ -79.288009, 37.326403 ], [ -79.287856, 37.325756 ], [ -79.287807, 37.325626 ], [ -79.287712, 37.325439 ], [ -79.28558, 37.322379 ], [ -79.284359, 37.320671 ], [ -79.283779, 37.319772 ], [ -79.283508, 37.319199 ], [ -79.283109, 37.318443 ], [ -79.283005, 37.318229 ], [ -79.282378, 37.317188 ], [ -79.282155, 37.316788 ], [ -79.28831, 37.307658 ], [ -79.289961, 37.305173 ], [ -79.290055, 37.305056 ], [ -79.290175, 37.304909 ], [ -79.290287, 37.304556 ], [ -79.290547, 37.304126 ], [ -79.290989, 37.303406 ], [ -79.293193, 37.299814 ], [ -79.294847, 37.297116 ], [ -79.294967, 37.296922 ], [ -79.299568, 37.289133 ], [ -79.302437, 37.284377 ], [ -79.30958, 37.272752 ], [ -79.310752, 37.270729 ], [ -79.321608, 37.252959 ], [ -79.322003, 37.25225 ], [ -79.323344, 37.250109 ], [ -79.330351, 37.238626 ], [ -79.330413, 37.23852 ], [ -79.330477, 37.238418 ], [ -79.330529, 37.238334 ], [ -79.331579, 37.23661 ], [ -79.338318, 37.226155 ], [ -79.338712, 37.225475 ], [ -79.344031, 37.216263 ], [ -79.345504, 37.213803 ], [ -79.34617, 37.212562 ], [ -79.350127, 37.206266 ], [ -79.350182, 37.206178 ], [ -79.351048, 37.204801 ], [ -79.354369028860233, 37.199386137800495 ], [ -79.35711802891467, 37.194838118691926 ], [ -79.363318029631557, 37.184486076694498 ], [ -79.367590030692995, 37.177397049083915 ], [ -79.3724550325731, 37.169543019555164 ], [ -79.374747033712694, 37.165944006405255 ], [ -79.377344035063274, 37.161726991348068 ], [ -79.381894037940981, 37.154567966554879 ], [ -79.38576104052359, 37.148057944903911 ], [ -79.38640904100528, 37.146991941433683 ], [ -79.388616042726014, 37.143371929811416 ], [ -79.390532044384472, 37.140368920368253 ], [ -79.396656050212613, 37.130709891209641 ], [ -79.398769052405726, 37.127342881475002 ], [ -79.399395053075338, 37.126345878635505 ], [ -79.399407053088325, 37.126326878581636 ], [ -79.399460053145646, 37.12624287834339 ], [ -79.399486053173845, 37.126201878227214 ], [ -79.399507053194938, 37.126164878121628 ], [ -79.400110053807367, 37.125107875116093 ], [ -79.401069054839411, 37.123516870648288 ], [ -79.401682055511856, 37.122502867826441 ], [ -79.412548069032695, 37.104855821969089 ], [ -79.421184081749274, 37.090834789825927 ], [ -79.422448083757416, 37.088784785445903 ], [ -79.423849086025783, 37.08650878067597 ], [ -79.427741092570656, 37.080195767975482 ], [ -79.428913094610607, 37.078293764299531 ], [ -79.430046096618341, 37.076477760870432 ], [ -79.430201096895161, 37.076228760404859 ], [ -79.432050100236978, 37.073241754902753 ], [ -79.432205100520378, 37.072989754445423 ], [ -79.433348102628187, 37.071133751116058 ], [ -79.437955111437958, 37.063678738434263 ], [ -79.438503112526192, 37.062836737105918 ], [ -79.440548116630666, 37.059593732035559 ], [ -79.440963117475263, 37.058935731032321 ], [ -79.442280120189949, 37.056907728047364 ], [ -79.442859121375761, 37.055867726412323 ], [ -79.442884121427696, 37.055826726351384 ], [ -79.444682125524977, 37.055572728313493 ], [ -79.446081128735969, 37.055541730233799 ], [ -79.448073133319298, 37.055603733211605 ], [ -79.449309136159698, 37.055612734990959 ], [ -79.450406138679199, 37.055603736531893 ], [ -79.451201140502505, 37.055560737567774 ], [ -79.452338143120855, 37.055649739382893 ], [ -79.453641146129812, 37.055932741854448 ], [ -79.454575148286011, 37.056188743734246 ], [ -79.45658615293236, 37.057185748709145 ], [ -79.458236156725619, 37.058115752980427 ], [ -79.45942615944692, 37.058736755926944 ], [ -79.46069916234498, 37.059147758528226 ], [ -79.468624180244177, 37.061184773336194 ], [ -79.470680184843332, 37.061810777281977 ], [ -79.472624189165671, 37.062516781190993 ], [ -79.473819191809753, 37.06298578363792 ], [ -79.474587193504718, 37.063287785202299 ], [ -79.475791196165815, 37.063658787451956 ], [ -79.477847200700765, 37.064244791175518 ], [ -79.479233203772736, 37.064447793321925 ], [ -79.481465208727144, 37.064664796568017 ], [ -79.482431210894802, 37.064589797675559 ], [ -79.486089219155218, 37.064065801488184 ], [ -79.487340222020634, 37.063703802503383 ], [ -79.488756225327421, 37.063011803208624 ], [ -79.489516227136306, 37.062500803373524 ], [ -79.490084228518725, 37.061988803295002 ], [ -79.490655229956303, 37.061266802892881 ], [ -79.49118923137658, 37.060262802004218 ], [ -79.491384231971651, 37.059550801134151 ], [ -79.491249231927611, 37.058329799004184 ], [ -79.490936231396802, 37.057472797201882 ], [ -79.490009229645793, 37.055693793039595 ], [ -79.488042225575455, 37.053359786405395 ], [ -79.487418224244308, 37.052758784501286 ], [ -79.485691220527698, 37.051119779211035 ], [ -79.483876216546221, 37.049592773889742 ], [ -79.482641213810695, 37.048576770258975 ], [ -79.481705211753919, 37.047611767141184 ], [ -79.481239210761672, 37.046874765129019 ], [ -79.480501209223021, 37.045395761370841 ], [ -79.480133208513152, 37.044188758653803 ], [ -79.480179208713565, 37.043515757537975 ], [ -79.480901210674176, 37.041811755709709 ], [ -79.481413212035491, 37.04087975491985 ], [ -79.482628215196968, 37.039299754197621 ], [ -79.48327721685736, 37.03870775426963 ], [ -79.48367421789608, 37.038218754102367 ], [ -79.483912218575526, 37.037583753420748 ], [ -79.484049219010387, 37.036955752582521 ], [ -79.483856218660961, 37.036213750982661 ], [ -79.483272217382947, 37.035290748387162 ], [ -79.482186214869984, 37.034348744860097 ], [ -79.481217212586003, 37.033713742045883 ], [ -79.480268210327026, 37.033191739447417 ], [ -79.47908820750466, 37.032570736244786 ], [ -79.475526198908995, 37.030813726654273 ], [ -79.474497196415058, 37.030242723729472 ], [ -79.471903190126184, 37.028330715377599 ], [ -79.47135518879675, 37.027811713374085 ], [ -79.470418186503466, 37.027087710241346 ], [ -79.468439181609043, 37.025930704281258 ], [ -79.464841172623878, 37.023915693439044 ], [ -79.46417117093948, 37.023523691361163 ], [ -79.462783167438317, 37.022684686975133 ], [ -79.461195163411972, 37.02165768177381 ], [ -79.460177160817636, 37.020901678209249 ], [ -79.459491159061301, 37.020259675516321 ], [ -79.458967157709253, 37.019418672713563 ], [ -79.45874115710437, 37.018027669337094 ], [ -79.458993157732593, 37.016944667569966 ], [ -79.459667159457751, 37.016078667128617 ], [ -79.460326161155137, 37.015550667377411 ], [ -79.461024162958907, 37.015152667986307 ], [ -79.462012165517635, 37.014893669487805 ], [ -79.463119168386768, 37.0147796715383 ], [ -79.464567172138317, 37.014813674594933 ], [ -79.465761175226788, 37.014983677397211 ], [ -79.466865178077185, 37.01520868011675 ], [ -79.467886180715439, 37.015302682401149 ], [ -79.468614182602224, 37.015244683784488 ], [ -79.470713188086421, 37.014468686613945 ], [ -79.471754190820064, 37.014015687906706 ], [ -79.472361192428437, 37.013608688397298 ], [ -79.473275194878411, 37.012744688679447 ], [ -79.47479719897116, 37.011432689439197 ], [ -79.475454200756332, 37.010771689612135 ], [ -79.475945202094209, 37.010280689755753 ], [ -79.477382206069962, 37.00849368958562 ], [ -79.477997207828651, 37.00734468884508 ], [ -79.478415208996026, 37.006839688849901 ], [ -79.479063210768047, 37.006400689484209 ], [ -79.479921213091842, 37.006035690720935 ], [ -79.480727215258469, 37.005839692150133 ], [ -79.481731217911943, 37.005927694516274 ], [ -79.483143221578985, 37.006451698528203 ], [ -79.484379224680112, 37.007515703050927 ], [ -79.485240226736749, 37.00879570708674 ], [ -79.486376229384987, 37.010712712739839 ], [ -79.487560232081265, 37.012872718826664 ], [ -79.488700234742439, 37.014443723780161 ], [ -79.490458238887058, 37.016429730607619 ], [ -79.492547243784713, 37.018619738310527 ], [ -79.493648246270865, 37.020069742772868 ], [ -79.495178249716517, 37.021965748708539 ], [ -79.497072254134551, 37.023492754697997 ], [ -79.498421257317872, 37.024347758564062 ], [ -79.499751260515438, 37.024917761941573 ], [ -79.500092260784911, 37.02493676218387 ], [ -79.500444259492141, 37.025029761385767 ], [ -79.502591251519021, 37.026056757179951 ], [ -79.504952242788548, 37.027387752831359 ], [ -79.506521236979296, 37.0286137504227 ], [ -79.508274230533075, 37.030151747959771 ], [ -79.509813224960794, 37.031353745573021 ], [ -79.511760218034979, 37.032438741918504 ], [ -79.51499320670294, 37.033713735078926 ], [ -79.518061196066299, 37.034675728218239 ], [ -79.52119018528046, 37.034999720286379 ], [ -79.523044178895788, 37.035078715426565 ], [ -79.524411174212901, 37.035363712157434 ], [ -79.527274164480431, 37.036220705662132 ], [ -79.530192154748846, 37.037691699846917 ], [ -79.532980145632806, 37.039356694621695 ], [ -79.534698140109882, 37.040475691515013 ], [ -79.535361138004561, 37.040946690366411 ], [ -79.535614137204092, 37.041127689929276 ], [ -79.536309135083002, 37.041878689070664 ], [ -79.53730113197598, 37.042585687347213 ], [ -79.537993129907107, 37.043360686522703 ], [ -79.538561128413832, 37.044611686671978 ], [ -79.538494128926757, 37.045546688113212 ], [ -79.537970131044261, 37.046848691289618 ], [ -79.537743132097589, 37.047886693306467 ], [ -79.537762132216116, 37.048485694063089 ], [ -79.538001131637245, 37.049127694279186 ], [ -79.538683129655254, 37.049829693369212 ], [ -79.53951112716895, 37.050377691851622 ], [ -79.540913122895461, 37.051032688910361 ], [ -79.542554117865308, 37.051628685233055 ], [ -79.546619105403295, 37.052805675703468 ], [ -79.548296100232903, 37.053135671558898 ], [ -79.548938098237599, 37.05321866991428 ], [ -79.550030094725585, 37.053110666788712 ], [ -79.550728092393427, 37.052870664566761 ], [ -79.551441089823129, 37.05226766182912 ], [ -79.551662088800157, 37.051645660411118 ], [ -79.551372089366083, 37.050939660276768 ], [ -79.550865090794161, 37.05054966114696 ], [ -79.549769094179453, 37.050278663776737 ], [ -79.548254098979001, 37.050131667709515 ], [ -79.546890103295567, 37.04997567121783 ], [ -79.54581510667667, 37.049792673902367 ], [ -79.544879109552653, 37.049455676002701 ], [ -79.54366511313566, 37.048605678173921 ], [ -79.542851115393205, 37.047606679053736 ], [ -79.542449116393286, 37.04678067904203 ], [ -79.542296116556699, 37.045872678243668 ], [ -79.542645115083431, 37.044998676130184 ], [ -79.543257112845055, 37.044420673701367 ], [ -79.544010110106314, 37.043785670817208 ], [ -79.545542104717541, 37.043037665679613 ], [ -79.546519101329224, 37.042713662609358 ], [ -79.547556097691526, 37.042301659262414 ], [ -79.54926409184489, 37.041986654233888 ], [ -79.551270085225354, 37.042144649024159 ], [ -79.552536081116671, 37.042365645893909 ], [ -79.554317075472625, 37.042895641772994 ], [ -79.555325072376604, 37.043345639633237 ], [ -79.558899060864832, 37.04390663069168 ], [ -79.559479058940966, 37.043900629114603 ], [ -79.560076056763975, 37.043588627098046 ], [ -79.560971053436262, 37.043039623972454 ], [ -79.561942049678436, 37.042249620335781 ], [ -79.562152048527196, 37.041581618913412 ], [ -79.562145048168134, 37.041014618206425 ], [ -79.561822048676504, 37.040155617977305 ], [ -79.561106050392368, 37.039099618552086 ], [ -79.56060305156862, 37.038291618868428 ], [ -79.560515051443929, 37.037639618267363 ], [ -79.560655050483419, 37.036897616938035 ], [ -79.560905049162173, 37.036185615352551 ], [ -79.561718045938989, 37.035533612335087 ], [ -79.562621042481908, 37.035017609253401 ], [ -79.564311036434091, 37.034702604322 ], [ -79.565473032461881, 37.034755601275542 ], [ -79.566960027548475, 37.035046597659225 ], [ -79.569583019022375, 37.035697591447523 ], [ -79.570791015206311, 37.03611258872813 ], [ -79.571695012250174, 37.036288586522659 ], [ -79.572929008057955, 37.036332583265398 ], [ -79.575216999881192, 37.035947576645171 ], [ -79.576367995920677, 37.035936573543133 ], [ -79.577833991132792, 37.036203569939538 ], [ -79.579311986436764, 37.03659956646031 ], [ -79.581708979041949, 37.03742956104071 ], [ -79.583479973582214, 37.038007556986251 ], [ -79.585312968001247, 37.038641552827123 ], [ -79.587881960364783, 37.03964754712861 ], [ -79.590281953472783, 37.040741541976807 ], [ -79.59149295013475, 37.04139053948775 ], [ -79.592620946785161, 37.041765536891219 ], [ -79.594068942457341, 37.042206533506608 ], [ -79.594156941839813, 37.041928532938314 ], [ -79.595929929264599, 37.036349521544153 ], [ -79.596262926720257, 37.035177519263499 ], [ -79.596312926338356, 37.035002518922433 ], [ -79.59728291885223, 37.031587512291367 ], [ -79.597528916932774, 37.030717510608049 ], [ -79.597791914876012, 37.029789508812215 ], [ -79.597967913500341, 37.029172507615932 ], [ -79.598262911187319, 37.028138505612475 ], [ -79.598476909483963, 37.027372504141454 ], [ -79.598796906952728, 37.026247501967539 ], [ -79.599963897631611, 37.022147494060086 ], [ -79.600084896654366, 37.021720493239563 ], [ -79.601891881895014, 37.015361481041353 ], [ -79.602020880834246, 37.014912480178907 ], [ -79.602050880586575, 37.014807479977598 ], [ -79.602212879244817, 37.014238478888977 ], [ -79.602215879218051, 37.014226478867101 ], [ -79.603254870535068, 37.010569471888772 ], [ -79.603382869438406, 37.010104471013769 ], [ -79.60342486907237, 37.009947470721649 ], [ -79.604609859016719, 37.005785462803459 ], [ -79.606065846466336, 37.000680453122968 ], [ -79.606234845071199, 37.000144452067403 ], [ -79.608326766617552, 36.991546442831677 ], [ -79.611857631598994, 36.976931427929678 ], [ -79.612319613905555, 36.975016426030706 ], [ -79.614742519681059, 36.964802416201991 ], [ -79.615605486129695, 36.961166412783378 ], [ -79.620215306664718, 36.941722395237512 ], [ -79.621846243129767, 36.934841389321299 ], [ -79.621867242316583, 36.93475338924641 ], [ -79.621886241585941, 36.934674389178845 ], [ -79.623921162288994, 36.926088382015777 ], [ -79.625428102917255, 36.919653376840259 ], [ -79.625458101694633, 36.919520376737012 ], [ -79.627622015228511, 36.910136369496236 ], [ -79.628564977651379, 36.906060366431305 ], [ -79.628769970112202, 36.905250365794409 ], [ -79.629029959450719, 36.904090364950918 ], [ -79.629517940890821, 36.902088363429698 ], [ -79.629611938174264, 36.90180636316817 ], [ -79.632545826457758, 36.889757354312302 ], [ -79.633405793080101, 36.886150351787869 ], [ -79.634696742948577, 36.88073334807693 ], [ -79.635431715133365, 36.877737346028745 ], [ -79.636099690961288, 36.875148344225941 ], [ -79.636910658811715, 36.871667341988058 ], [ -79.638248607297214, 36.86610933842249 ], [ -79.639000578371736, 36.862989336463805 ], [ -79.639005578185589, 36.862969336451123 ], [ -79.640650514859615, 36.856139332277216 ], [ -79.645651320299521, 36.835139320484522 ], [ -79.645751317402542, 36.834839320284779 ], [ -79.648347, 36.823844 ], [ -79.648941, 36.821321 ], [ -79.649596, 36.81854 ], [ -79.650339, 36.815402 ], [ -79.651977, 36.808437 ], [ -79.653923, 36.800196 ], [ -79.654741, 36.796726 ], [ -79.654771, 36.796599 ], [ -79.656206, 36.790512 ], [ -79.656768, 36.788123 ], [ -79.657692, 36.784261 ], [ -79.657857, 36.7835 ], [ -79.658489, 36.780807 ], [ -79.658524, 36.780656 ], [ -79.661674, 36.767276 ], [ -79.663102, 36.761201 ], [ -79.663692, 36.758688 ], [ -79.665439, 36.751263 ], [ -79.667274, 36.743455 ], [ -79.668692, 36.737365 ], [ -79.669223, 36.735087 ], [ -79.670061, 36.731511 ], [ -79.670073, 36.731459 ], [ -79.671591, 36.724972 ], [ -79.672297, 36.721956 ], [ -79.675445, 36.708493 ], [ -79.677028, 36.701729 ], [ -79.67923, 36.692522 ], [ -79.680893, 36.685595 ], [ -79.680911, 36.685522 ], [ -79.680921, 36.685479 ], [ -79.680938, 36.685409 ], [ -79.680963, 36.685306 ], [ -79.683934, 36.672932 ], [ -79.684146, 36.672053 ], [ -79.686041, 36.664155 ], [ -79.687665, 36.657377 ], [ -79.689394, 36.650086 ], [ -79.689447, 36.649864 ], [ -79.690513, 36.645404 ], [ -79.691456, 36.64143 ], [ -79.691574, 36.64088 ], [ -79.695414, 36.624459 ], [ -79.695811, 36.622778 ], [ -79.700186, 36.60428 ], [ -79.70038, 36.603376 ], [ -79.703597, 36.589719 ], [ -79.704024, 36.588026 ], [ -79.704003, 36.587994 ], [ -79.706393, 36.57784 ], [ -79.707623, 36.572633 ], [ -79.707891, 36.571494 ], [ -79.711004, 36.558286 ], [ -79.711641, 36.555574 ], [ -79.712353, 36.552557 ], [ -79.714849, 36.541965 ], [ -79.720631, 36.541974 ], [ -79.725108, 36.542005 ], [ -79.730027, 36.542008 ], [ -79.731892, 36.542027 ], [ -79.736235, 36.542052 ], [ -79.740507, 36.542074 ], [ -79.74296, 36.542106 ], [ -79.745162, 36.542108 ], [ -79.75213, 36.542144 ], [ -79.758229, 36.542172 ], [ -79.75882, 36.542175 ], [ -79.771486, 36.542228 ], [ -79.775078, 36.542242 ], [ -79.777038, 36.54225 ], [ -79.804568, 36.542364 ], [ -79.807716, 36.542375 ], [ -79.829182, 36.542472 ], [ -79.830592, 36.542479 ], [ -79.841428, 36.542524 ], [ -79.845543, 36.542538 ], [ -79.854556, 36.542563 ], [ -79.865597, 36.542615 ], [ -79.891668, 36.542671 ], [ -79.910606, 36.542696 ], [ -79.910928, 36.542694 ], [ -79.911192, 36.542694 ], [ -79.92008, 36.542689 ], [ -79.92011, 36.542689 ], [ -79.93084, 36.542668 ], [ -79.933269, 36.542664 ], [ -79.949601, 36.542601 ], [ -79.963262, 36.54254 ], [ -79.97934, 36.54247 ], [ -79.982822, 36.542459 ], [ -79.988026, 36.542441 ], [ -79.99223, 36.542426 ], [ -80.000493, 36.542402 ], [ -80.003338, 36.54241 ], [ -80.004281, 36.542413 ], [ -80.013694, 36.542441 ], [ -80.027339, 36.54248 ], [ -80.036041, 36.542483 ], [ -80.036304, 36.542494 ], [ -80.03765, 36.542494 ], [ -80.053459, 36.542523 ], [ -80.091157, 36.542591 ], [ -80.096736, 36.542602 ], [ -80.103822, 36.542615 ], [ -80.112975, 36.542628 ], [ -80.11334, 36.542606 ], [ -80.117069, 36.542632 ], [ -80.122173, 36.54265 ], [ -80.125703, 36.542686 ], [ -80.130068, 36.542711 ], [ -80.131013, 36.542738 ], [ -80.135474, 36.542772 ], [ -80.136164, 36.542777 ], [ -80.136305, 36.542765 ], [ -80.150229, 36.542938 ], [ -80.158604, 36.543033 ], [ -80.169814, 36.543164 ], [ -80.169929, 36.543144 ], [ -80.170317, 36.543118 ], [ -80.170517, 36.543123 ], [ -80.170928, 36.543169 ], [ -80.172967, 36.543182 ], [ -80.183822, 36.543301 ], [ -80.193226, 36.543405 ], [ -80.214623, 36.543637 ], [ -80.215344, 36.543659 ], [ -80.225339, 36.543747 ], [ -80.230978, 36.543813 ], [ -80.24373, 36.543938 ], [ -80.250521, 36.54396 ], [ -80.254718, 36.543974 ], [ -80.260849, 36.543993 ], [ -80.272119, 36.54401 ], [ -80.276535, 36.544016 ], [ -80.276966, 36.544027 ], [ -80.281927, 36.544008 ], [ -80.294085, 36.544038 ], [ -80.294877, 36.544053 ], [ -80.295128, 36.544067 ], [ -80.310931, 36.544727 ], [ -80.317961, 36.545082 ], [ -80.336972, 36.545952 ], [ -80.342928, 36.546223 ], [ -80.34387, 36.546246 ], [ -80.346072, 36.546361 ], [ -80.363973, 36.547174 ], [ -80.370171, 36.547476 ], [ -80.370186, 36.547477 ], [ -80.377984, 36.547844 ], [ -80.382529, 36.548051 ], [ -80.396122, 36.548668 ], [ -80.407995, 36.549206 ], [ -80.421568, 36.549819 ], [ -80.421742, 36.549826 ], [ -80.423888, 36.549923 ], [ -80.424094, 36.549933 ], [ -80.427402, 36.550084 ], [ -80.42768, 36.550096 ], [ -80.430324, 36.550215 ], [ -80.431092, 36.550249 ], [ -80.433685, 36.550366 ], [ -80.434762, 36.550414 ], [ -80.44034, 36.550665 ], [ -80.445561, 36.550907 ], [ -80.446231, 36.550926 ], [ -80.451329, 36.551174 ], [ -80.460948, 36.551615 ], [ -80.466697, 36.551882 ], [ -80.478478, 36.552425 ], [ -80.480257, 36.552507 ], [ -80.48774, 36.552851 ], [ -80.509016, 36.553836 ], [ -80.510924, 36.553923 ], [ -80.511481, 36.553951 ], [ -80.526028, 36.554631 ], [ -80.52818, 36.554725 ], [ -80.539786, 36.555271 ], [ -80.548112, 36.555655 ], [ -80.559913, 36.556195 ], [ -80.560521, 36.556231 ], [ -80.563473, 36.556364 ], [ -80.568477, 36.556527 ], [ -80.570707, 36.556602 ], [ -80.582744, 36.556975 ], [ -80.592671, 36.55729 ], [ -80.597654, 36.557448 ], [ -80.600387, 36.557535 ], [ -80.612057, 36.557898 ], [ -80.614847, 36.55799 ], [ -80.624372, 36.5583 ], [ -80.628833, 36.558428 ], [ -80.632962, 36.558544 ], [ -80.637653, 36.558674 ], [ -80.647144, 36.55893 ], [ -80.647209, 36.558933 ], [ -80.653387, 36.559183 ], [ -80.658476, 36.559468 ], [ -80.663711, 36.559812 ], [ -80.671516, 36.560325 ], [ -80.671855, 36.560362 ], [ -80.67666, 36.560657 ], [ -80.679245, 36.560837 ], [ -80.682532, 36.561061 ], [ -80.682814, 36.561068 ], [ -80.688143, 36.561417 ], [ -80.68965, 36.561517 ], [ -80.6962, 36.561946 ], [ -80.702829, 36.562236 ], [ -80.704322, 36.562275 ], [ -80.704601, 36.562302 ], [ -80.705376, 36.562286 ], [ -80.714184, 36.562307 ], [ -80.717324, 36.562314 ], [ -80.724445, 36.56233 ], [ -80.729953, 36.562349 ], [ -80.730361, 36.562329 ], [ -80.741328, 36.561823 ], [ -80.744733, 36.561657 ], [ -80.745052, 36.561643 ], [ -80.746798, 36.561561 ], [ -80.748549, 36.561496 ], [ -80.754311, 36.561238 ], [ -80.755938, 36.561164 ], [ -80.766864, 36.560676 ], [ -80.772746, 36.560416 ], [ -80.773598, 36.560374 ], [ -80.774027, 36.560375 ], [ -80.789656, 36.560542 ], [ -80.79272, 36.560573 ], [ -80.794284, 36.560676 ], [ -80.796706, 36.560875 ], [ -80.799492, 36.561104 ], [ -80.799588, 36.561102 ], [ -80.799826, 36.561099 ], [ -80.815766, 36.560248 ], [ -80.823013, 36.559861 ], [ -80.823895, 36.559818 ], [ -80.827194, 36.559659 ], [ -80.834902, 36.559294 ], [ -80.837544, 36.559168 ], [ -80.837771, 36.559138 ], [ -80.837954, 36.559143 ], [ -80.839257, 36.559207 ], [ -80.859733, 36.560023 ], [ -80.869839, 36.56044 ], [ -80.874066, 36.560599 ], [ -80.87886, 36.560829 ], [ -80.892254, 36.561428 ], [ -80.898453, 36.561706 ], [ -80.901641, 36.561766 ], [ -80.901722, 36.561768 ], [ -80.912639, 36.562022 ], [ -80.913327, 36.562037 ], [ -80.931725, 36.562419 ], [ -80.932938, 36.562964 ], [ -80.944228, 36.563105 ], [ -80.946127, 36.563129 ], [ -80.946549, 36.563134 ], [ -80.94981, 36.563322 ], [ -80.950316, 36.563352 ], [ -80.952491, 36.563386 ], [ -80.959827, 36.563577 ], [ -80.978559, 36.563432 ], [ -80.979682, 36.563434 ], [ -80.985318, 36.563502 ], [ -80.998698, 36.563637 ], [ -81.003808, 36.563656 ], [ -81.006923, 36.563983 ], [ -81.011096, 36.564419 ], [ -81.011754, 36.564475 ], [ -81.01205, 36.5645 ], [ -81.012468, 36.564527 ], [ -81.014339, 36.564663 ], [ -81.018482, 36.564816 ], [ -81.019119, 36.564845 ], [ -81.023726, 36.565062 ], [ -81.025518, 36.565149 ], [ -81.028373, 36.565258 ], [ -81.028872, 36.565271 ], [ -81.037473, 36.565938 ], [ -81.044851, 36.566513 ], [ -81.045158, 36.566535 ], [ -81.053884, 36.566869 ], [ -81.058601, 36.567014 ], [ -81.062183, 36.567095 ], [ -81.069061, 36.567168 ], [ -81.069613, 36.567164 ], [ -81.077822, 36.567234 ], [ -81.085863, 36.567273 ], [ -81.088426, 36.567309 ], [ -81.097519, 36.567777 ], [ -81.101918, 36.568056 ], [ -81.102268, 36.568075 ], [ -81.103894, 36.568172 ], [ -81.108082, 36.568434 ], [ -81.11091, 36.568578 ], [ -81.120144, 36.569089 ], [ -81.127878, 36.569212 ], [ -81.135215, 36.569305 ], [ -81.137799, 36.569345 ], [ -81.139877, 36.569433 ], [ -81.141087, 36.569488 ], [ -81.14662, 36.569738 ], [ -81.149935, 36.569891 ], [ -81.150168, 36.569901000000115 ], [ -81.152431, 36.570021 ], [ -81.153583, 36.570084 ], [ -81.1569, 36.570252 ], [ -81.162771, 36.570517 ], [ -81.163236, 36.570538 ], [ -81.163797, 36.570566 ], [ -81.164074, 36.570578 ], [ -81.1644, 36.570597 ], [ -81.168993, 36.570815 ], [ -81.17068, 36.570896 ], [ -81.171045, 36.570947 ], [ -81.176933, 36.571885 ], [ -81.179905, 36.571934 ], [ -81.184072, 36.572006 ], [ -81.18521, 36.572014 ], [ -81.201381, 36.572266 ], [ -81.201947, 36.572273 ], [ -81.202071, 36.572274 ], [ -81.20367, 36.572296 ], [ -81.20397, 36.572302 ], [ -81.204372, 36.572309 ], [ -81.206838, 36.572348 ], [ -81.212322, 36.572434 ], [ -81.226724, 36.572647 ], [ -81.235401, 36.572726 ], [ -81.241889, 36.57295 ], [ -81.249229, 36.573219 ], [ -81.252688, 36.57339 ], [ -81.261406, 36.573886 ], [ -81.262375, 36.573922 ], [ -81.266081, 36.573997 ], [ -81.267107, 36.573999 ], [ -81.270658, 36.574083 ], [ -81.271646, 36.574099 ], [ -81.295812, 36.574617 ], [ -81.305872, 36.574934 ], [ -81.307437, 36.574961 ], [ -81.307963, 36.574958 ], [ -81.323313, 36.574918 ], [ -81.323581, 36.574917 ], [ -81.324358, 36.574918 ], [ -81.333642, 36.57484 ], [ -81.334836, 36.574831 ], [ -81.343633612350928, 36.574767614091705 ], [ -81.343840615106799, 36.574765614330936 ], [ -81.348368675327166, 36.574730619589417 ], [ -81.353260740402732, 36.574693625270569 ], [ -81.36149585117839, 36.574505634447107 ], [ -81.362143859905018, 36.57449063516767 ], [ -81.363282874920273, 36.574498636538529 ], [ -81.364195886672675, 36.574534637727709 ], [ -81.366583917928082, 36.574573640671083 ], [ -81.374231017492534, 36.574742650242897 ], [ -81.37477502474303, 36.574737650871349 ], [ -81.383688140837478, 36.574911661977495 ], [ -81.386099172416749, 36.574939664924436 ], [ -81.388556204033989, 36.575018668091033 ], [ -81.390453228440151, 36.575078670534495 ], [ -81.392068248657978, 36.575178672774676 ], [ -81.394787283351832, 36.575285676351072 ], [ -81.397448317303159, 36.575387679846116 ], [ -81.398169326492464, 36.575415680795018 ], [ -81.402822385793428, 36.575591686909469 ], [ -81.409999477603904, 36.575819696216534 ], [ -81.427539701329792, 36.576363719011312 ], [ -81.434900794869193, 36.576592728619374 ], [ -81.443049898364563, 36.576833739238324 ], [ -81.443851907572366, 36.576924740527183 ], [ -81.444572915839984, 36.577006741687505 ], [ -81.45841408192851, 36.578005761990376 ], [ -81.458635084627133, 36.578017762301556 ], [ -81.462342130916937, 36.578149767266702 ], [ -81.463031139506867, 36.578174768192078 ], [ -81.469546220873156, 36.57839577689537 ], [ -81.473436269404601, 36.578525782094083 ], [ -81.489519469400975, 36.57906380366412 ], [ -81.489693471932171, 36.5790478038126 ], [ -81.489911474623952, 36.579055804108542 ], [ -81.495633544537867, 36.579303812035917 ], [ -81.496679556622468, 36.579387813640615 ], [ -81.499839593150739, 36.579636818476835 ], [ -81.501268575386433, 36.579654819903752 ], [ -81.504025530043634, 36.579821823098975 ], [ -81.506671486082851, 36.580010826293503 ], [ -81.507425474013473, 36.580038827100537 ], [ -81.518177302177335, 36.580438838669039 ], [ -81.518524296605875, 36.58045383905305 ], [ -81.520761260731803, 36.580548841524347 ], [ -81.52279822698722, 36.580702844068099 ], [ -81.532840060387841, 36.581513856951531 ], [ -81.534223037517677, 36.581625858743315 ], [ -81.535361018731379, 36.581716860215444 ], [ -81.536479000278419, 36.581806861666756 ], [ -81.537554982509235, 36.581894863072279 ], [ -81.540014941992339, 36.582091866275547 ], [ -81.563497557999341, 36.583989897550907 ], [ -81.577588330411601, 36.585114916786253 ], [ -81.586319190318179, 36.585816928929759 ], [ -81.596750023973385, 36.58665294362563 ], [ -81.600456965118369, 36.586949948900518 ], [ -81.606296876640045, 36.58706195537107 ], [ -81.608189847992065, 36.587096957464887 ], [ -81.617461707712394, 36.587275967786461 ], [ -81.617906700980726, 36.587284968285118 ], [ -81.618558691297011, 36.587280968921668 ], [ -81.627597555182277, 36.587411978783599 ], [ -81.645295289094975, 36.587668998181961 ], [ -81.649788221516644, 36.58774800320554 ], [ -81.650527, 36.587753 ], [ -81.660086, 36.587849 ], [ -81.6693, 36.588002 ], [ -81.67749, 36.588137 ], [ -81.672442, 36.592018 ], [ -81.650397, 36.609211 ], [ -81.646901055915464, 36.611920141361587 ], [ -81.653628, 36.611959 ], [ -81.657858, 36.611986 ], [ -81.658397, 36.611999 ], [ -81.681725, 36.61213 ], [ -81.682289, 36.612134 ], [ -81.687172, 36.612162 ], [ -81.688189, 36.612164 ], [ -81.692886, 36.611966 ], [ -81.692986, 36.612091 ], [ -81.703916, 36.612254 ], [ -81.715644, 36.612317 ], [ -81.727741, 36.612352 ], [ -81.736895, 36.612379 ], [ -81.749839, 36.612617 ], [ -81.754568, 36.612687 ], [ -81.760994, 36.61278 ], [ -81.770529, 36.612922 ], [ -81.771415, 36.612942 ], [ -81.78905, 36.613332 ], [ -81.794356, 36.613452 ], [ -81.803898, 36.613667 ], [ -81.803951, 36.613669 ], [ -81.80441, 36.613681 ], [ -81.826742, 36.614215 ], [ -81.826641, 36.614315 ], [ -81.826642, 36.614415 ], [ -81.839158, 36.614622 ], [ -81.844842, 36.614715 ], [ -81.844842, 36.614815 ], [ -81.848894, 36.614876 ], [ -81.852917, 36.614936 ], [ -81.856742, 36.614992 ], [ -81.861358, 36.615061 ], [ -81.864969, 36.615116 ], [ -81.865684, 36.615127 ], [ -81.869386, 36.615182 ], [ -81.876893, 36.615305 ], [ -81.891389, 36.615609 ], [ -81.91004, 36.615971 ], [ -81.913205, 36.616047 ], [ -81.919729, 36.616162 ], [ -81.920098, 36.616168 ], [ -81.922644, 36.616213 ], [ -81.924031, 36.61356 ], [ -81.925754, 36.610265 ], [ -81.926371, 36.609084 ], [ -81.929496, 36.603108 ], [ -81.93072, 36.60079 ], [ -81.932153, 36.598033 ], [ -81.932293, 36.597766 ], [ -81.934144, 36.594213 ], [ -81.943495, 36.594247 ], [ -81.946269, 36.594259 ], [ -81.952644, 36.594283 ], [ -81.962465, 36.594321 ], [ -81.964934, 36.594328 ], [ -81.968287, 36.594338 ], [ -81.96996, 36.594343 ], [ -81.978658, 36.594381 ], [ -81.983791, 36.594399 ], [ -81.999018, 36.594459 ], [ -81.999846, 36.594419 ], [ -82.005657, 36.594416 ], [ -82.013937, 36.594463 ], [ -82.014228, 36.594491 ], [ -82.015642, 36.594461 ], [ -82.016011, 36.594277 ], [ -82.016321, 36.59418 ], [ -82.019365, 36.594456 ], [ -82.029095, 36.594443 ], [ -82.032058, 36.594432 ], [ -82.040257, 36.594413 ], [ -82.046794, 36.594403 ], [ -82.05085, 36.594395 ], [ -82.053649, 36.594435 ], [ -82.054417, 36.594446 ], [ -82.054854, 36.594429 ], [ -82.055635, 36.59444 ], [ -82.06454, 36.594589 ], [ -82.079551, 36.594671 ], [ -82.083407, 36.594678 ], [ -82.087375, 36.594685 ], [ -82.092909, 36.594701 ], [ -82.097648, 36.594739 ], [ -82.101492, 36.594768 ], [ -82.102171, 36.594762 ], [ -82.107743, 36.594711 ], [ -82.108832, 36.594701 ], [ -82.110791, 36.594647 ], [ -82.11238, 36.594621 ], [ -82.113398, 36.594605 ], [ -82.117837, 36.594563 ], [ -82.12458, 36.594513 ], [ -82.124852, 36.594646 ], [ -82.125665, 36.594682 ], [ -82.127731, 36.594775 ], [ -82.130707, 36.594782 ], [ -82.132726, 36.594762 ], [ -82.138535, 36.594744 ], [ -82.138616, 36.594747 ], [ -82.139917, 36.594742 ], [ -82.143045, 36.594733 ], [ -82.145573, 36.594725 ], [ -82.147375, 36.594721 ], [ -82.14857, 36.594718 ], [ -82.148886, 36.594724 ], [ -82.149313, 36.594754 ], [ -82.14985, 36.594746 ], [ -82.150506, 36.59471 ], [ -82.150998, 36.594715 ], [ -82.151211, 36.59469 ], [ -82.153564, 36.594758 ], [ -82.153614, 36.594744 ], [ -82.153634, 36.594742 ], [ -82.157427, 36.594681 ], [ -82.15845, 36.594662 ], [ -82.159462, 36.594647 ], [ -82.161314, 36.594618 ], [ -82.162116, 36.594608 ], [ -82.167133, 36.594585 ], [ -82.167354, 36.594586 ], [ -82.167949, 36.594588 ], [ -82.169912, 36.594596 ], [ -82.171213, 36.594601 ], [ -82.173854, 36.594612 ], [ -82.174281, 36.594726 ], [ -82.174537, 36.594751 ], [ -82.176097, 36.594789 ], [ -82.177404, 36.594828 ], [ -82.178392, 36.594857 ], [ -82.17915, 36.594879 ], [ -82.180083, 36.594905 ], [ -82.18082, 36.594927 ], [ -82.180957, 36.594932 ], [ -82.181875, 36.594968 ], [ -82.182284, 36.594978 ], [ -82.183348, 36.595005 ], [ -82.185139, 36.595062 ], [ -82.185247, 36.595032 ], [ -82.18538, 36.595076 ], [ -82.185609, 36.595079 ], [ -82.186424, 36.595089 ], [ -82.1877, 36.595109 ], [ -82.188674, 36.595143 ], [ -82.188819, 36.595147 ], [ -82.189323, 36.595161 ], [ -82.18974, 36.595173 ], [ -82.189886, 36.595177 ], [ -82.19158, 36.595221 ], [ -82.19258, 36.595253 ], [ -82.19274, 36.595257 ], [ -82.194277, 36.5953 ], [ -82.194676, 36.595311 ], [ -82.197118, 36.595378 ], [ -82.198115, 36.595402 ], [ -82.199124, 36.595431 ], [ -82.199715, 36.595452 ], [ -82.200745, 36.59548 ], [ -82.201814, 36.595508 ], [ -82.202875, 36.595536 ], [ -82.203599, 36.595555 ], [ -82.205341, 36.5956 ], [ -82.206723, 36.595634 ], [ -82.207481, 36.595652 ], [ -82.20785, 36.595663 ], [ -82.208996, 36.595695 ], [ -82.2094, 36.595717 ], [ -82.210431, 36.595762 ], [ -82.210716, 36.595776 ], [ -82.210836, 36.595825 ], [ -82.211297, 36.595805 ], [ -82.212227, 36.595798 ], [ -82.214276, 36.595846 ], [ -82.214553, 36.595843 ], [ -82.217537, 36.595828 ], [ -82.218359, 36.595828 ], [ -82.221797, 36.595809 ], [ -82.221846, 36.595863 ], [ -82.221938, 36.595925 ], [ -82.222027, 36.595963 ], [ -82.222289, 36.596012 ], [ -82.222615, 36.59603 ], [ -82.223519, 36.595983 ], [ -82.223732, 36.595952 ], [ -82.223837, 36.595903 ], [ -82.22405, 36.595727 ], [ -82.225875, 36.595744 ], [ -82.225986, 36.595839 ], [ -82.2261, 36.595883 ], [ -82.226255, 36.595896 ], [ -82.226562, 36.595884 ], [ -82.226747, 36.595855 ], [ -82.226865, 36.595802 ], [ -82.226968, 36.595733 ], [ -82.228924, 36.595674 ], [ -82.229342, 36.595682 ], [ -82.229767, 36.595681 ], [ -82.234437, 36.595673 ], [ -82.235065, 36.595671 ], [ -82.242063, 36.595659 ], [ -82.243382, 36.595651 ], [ -82.24409, 36.595646 ], [ -82.253669, 36.595575 ], [ -82.262139, 36.595645 ], [ -82.26582, 36.59564 ], [ -82.269467, 36.595635 ], [ -82.272647, 36.595648 ], [ -82.278132, 36.595677 ], [ -82.286003, 36.595687 ], [ -82.292807, 36.595697 ], [ -82.293814, 36.595699 ], [ -82.294134, 36.595697 ], [ -82.303915, 36.595659 ], [ -82.309721, 36.595611 ], [ -82.311111, 36.595609 ], [ -82.312611, 36.595607 ], [ -82.326477, 36.595475 ], [ -82.349707, 36.595241 ], [ -82.35625, 36.595171 ], [ -82.368468, 36.595015 ], [ -82.374866, 36.595001 ], [ -82.386752, 36.595029 ], [ -82.386909, 36.595016 ], [ -82.387399, 36.594982 ], [ -82.40038, 36.595003 ], [ -82.406018, 36.595012 ], [ -82.416443, 36.595015 ], [ -82.421989, 36.595011 ], [ -82.427954, 36.595007 ], [ -82.44187, 36.594892 ], [ -82.442856, 36.594878 ], [ -82.450683, 36.594765 ], [ -82.450763, 36.594764 ], [ -82.457822, 36.594635 ], [ -82.463198, 36.594494 ], [ -82.46564, 36.594482 ], [ -82.466576, 36.59448 ], [ -82.469333, 36.59464 ], [ -82.471864, 36.594841 ], [ -82.478673, 36.595588 ], [ -82.481524, 36.595757 ], [ -82.484738, 36.595826 ], [ -82.486994, 36.595822 ], [ -82.487238, 36.595821 ], [ -82.489552, 36.595702 ], [ -82.489568, 36.595701 ], [ -82.491658, 36.595631 ], [ -82.493803, 36.595585 ], [ -82.493818, 36.595585 ], [ -82.49581, 36.595577 ], [ -82.497222, 36.59557 ], [ -82.499872, 36.595528 ], [ -82.502429, 36.595459 ], [ -82.505241, 36.595416 ], [ -82.509253, 36.595431 ], [ -82.512914, 36.595393 ], [ -82.516821, 36.595378 ], [ -82.51707, 36.5954 ], [ -82.517271, 36.595391 ], [ -82.518331, 36.595347 ], [ -82.520722, 36.595316 ], [ -82.522483, 36.595294 ], [ -82.527823, 36.59527 ], [ -82.53483, 36.595165 ], [ -82.536154, 36.595145 ], [ -82.539632, 36.595097 ], [ -82.545583, 36.594999 ], [ -82.549173, 36.594948 ], [ -82.554001, 36.594779 ], [ -82.554101, 36.594815 ], [ -82.554717, 36.594795 ], [ -82.556337, 36.594791 ], [ -82.556526, 36.59481 ], [ -82.559483, 36.594818 ], [ -82.559678, 36.594853 ], [ -82.559811, 36.594829 ], [ -82.560432, 36.594791 ], [ -82.561086, 36.594727 ], [ -82.561265, 36.594657 ], [ -82.562075, 36.5948 ], [ -82.562182, 36.594798 ], [ -82.56428, 36.594755 ], [ -82.566621, 36.594709 ], [ -82.56769, 36.594688 ], [ -82.571746, 36.5946 ], [ -82.572134, 36.594599 ], [ -82.572244, 36.594597 ], [ -82.57386, 36.594571 ], [ -82.578147, 36.5945 ], [ -82.585575, 36.594399 ], [ -82.585952, 36.594376 ], [ -82.587176, 36.594399 ], [ -82.587832, 36.594375 ], [ -82.593406, 36.594267 ], [ -82.596876, 36.594199 ], [ -82.60906, 36.594099 ], [ -82.609176, 36.594099 ], [ -82.609254, 36.59406 ], [ -82.609376, 36.593999 ], [ -82.609476, 36.59401 ], [ -82.609543, 36.594017 ], [ -82.609599, 36.594023 ], [ -82.609743, 36.594038 ], [ -82.610327, 36.594045 ], [ -82.614711, 36.59401 ], [ -82.618636, 36.59398 ], [ -82.619552, 36.593942 ], [ -82.620284, 36.593888 ], [ -82.622603, 36.593797 ], [ -82.623626, 36.593819 ], [ -82.624877, 36.5938 ], [ -82.630501, 36.593798 ], [ -82.6327, 36.593799 ], [ -82.636278, 36.593784 ], [ -82.646478, 36.593799 ], [ -82.650615, 36.593799 ], [ -82.650857, 36.593799 ], [ -82.654051, 36.593799 ], [ -82.656247, 36.593798 ], [ -82.659945, 36.593773 ], [ -82.66206, 36.593758 ], [ -82.663282, 36.59365 ], [ -82.663491, 36.593644 ], [ -82.671021, 36.593718 ], [ -82.675879, 36.593698 ], [ -82.679826, 36.59369 ], [ -82.67988, 36.593699 ], [ -82.688143, 36.593731 ], [ -82.691803, 36.593735 ], [ -82.695053, 36.59368 ], [ -82.695781, 36.593698 ], [ -82.699545, 36.593697 ], [ -82.707918, 36.593678 ], [ -82.713487, 36.593661 ], [ -82.720928, 36.593642 ], [ -82.726968, 36.593627 ], [ -82.732545, 36.593612 ], [ -82.739682, 36.593598 ], [ -82.753076, 36.593659 ], [ -82.764519, 36.593748 ], [ -82.772585, 36.593742 ], [ -82.7796, 36.593743 ], [ -82.780539, 36.593739 ], [ -82.784857, 36.593751 ], [ -82.79262, 36.593764 ], [ -82.796805, 36.593746 ], [ -82.79998, 36.593752 ], [ -82.800001, 36.593764 ], [ -82.800458, 36.593768 ], [ -82.810051, 36.593714 ], [ -82.811862, 36.593704 ], [ -82.813292, 36.593697 ], [ -82.813416, 36.593678 ], [ -82.8283, 36.59375 ], [ -82.830433, 36.593761 ], [ -82.834653, 36.593783 ], [ -82.84867, 36.593727 ], [ -82.85227, 36.593698 ], [ -82.852315, 36.593698 ], [ -82.874899, 36.593497 ], [ -82.876121, 36.593496 ], [ -82.887946, 36.593461 ], [ -82.888924, 36.593468 ], [ -82.889199, 36.593469 ], [ -82.890113, 36.593475 ], [ -82.890439, 36.593478 ], [ -82.909617, 36.59361 ], [ -82.91369, 36.59363 ], [ -82.919734, 36.593661 ], [ -82.929602, 36.593679 ], [ -82.92977, 36.59367 ], [ -82.946739, 36.593751 ], [ -82.954494, 36.593767 ], [ -82.961741, 36.593778 ], [ -82.966235, 36.593795 ], [ -82.984726, 36.593731 ], [ -82.98499, 36.593729 ], [ -82.985124, 36.593729 ], [ -82.991959, 36.593715 ], [ -82.992282, 36.593715 ], [ -82.998545, 36.593721 ], [ -82.999888, 36.593785 ], [ -83.005301, 36.593852 ], [ -83.013169, 36.593868 ], [ -83.026308, 36.593893 ], [ -83.02725, 36.593847 ], [ -83.028357, 36.593893 ], [ -83.060181, 36.593958 ], [ -83.066846, 36.593971 ], [ -83.070916, 36.59398 ], [ -83.075828, 36.593988 ], [ -83.076275, 36.593986 ], [ -83.101524, 36.594039 ], [ -83.124893, 36.594089 ], [ -83.13949, 36.594032 ], [ -83.144667, 36.594012 ], [ -83.174533, 36.593895 ], [ -83.175839, 36.59389 ], [ -83.192562, 36.593899 ], [ -83.211133, 36.593911 ], [ -83.211582, 36.593912 ], [ -83.214446, 36.593914 ], [ -83.21481, 36.593915 ], [ -83.22299, 36.59392 ], [ -83.225444, 36.593918 ], [ -83.237295, 36.59393 ], [ -83.239614, 36.593909 ], [ -83.241366, 36.593926 ], [ -83.24155, 36.593892 ], [ -83.248933, 36.593827 ], [ -83.2502, 36.593931 ], [ -83.252629, 36.593925 ], [ -83.261099, 36.593887 ], [ -83.2763, 36.598187 ], [ -83.282305, 36.598141 ], [ -83.284904, 36.598123 ], [ -83.305657, 36.597972 ], [ -83.307953, 36.597955 ], [ -83.308288, 36.597953 ], [ -83.308535, 36.597951 ], [ -83.311186, 36.597931 ], [ -83.324965, 36.59783 ], [ -83.346457, 36.597644 ], [ -83.346786, 36.597641 ], [ -83.346816, 36.597641 ], [ -83.346916, 36.59764 ], [ -83.356528, 36.597553 ], [ -83.37032, 36.597428 ], [ -83.37565, 36.597386 ], [ -83.383873, 36.597386 ], [ -83.389938, 36.597385 ], [ -83.405614, 36.597385 ], [ -83.415105, 36.597385 ], [ -83.426611, 36.597364 ], [ -83.455508, 36.597313 ], [ -83.472108, 36.597284 ], [ -83.483176, 36.597264 ], [ -83.488813, 36.597253 ], [ -83.499909, 36.597234 ], [ -83.505619, 36.597249 ], [ -83.522593, 36.597295 ], [ -83.544642, 36.597353 ], [ -83.551688, 36.59737 ], [ -83.556922, 36.597385 ], [ -83.56182, 36.597431 ], [ -83.568871, 36.597497 ], [ -83.574284, 36.597553 ], [ -83.574311, 36.597552 ], [ -83.574528, 36.597542 ], [ -83.583143, 36.597631 ], [ -83.583326, 36.597633 ], [ -83.592189, 36.597725 ], [ -83.595217, 36.597757 ], [ -83.597637, 36.597782 ], [ -83.608747, 36.597892 ], [ -83.609246, 36.597895 ], [ -83.616534, 36.597943 ], [ -83.622051, 36.597982 ], [ -83.624912, 36.598383 ], [ -83.625543, 36.598395 ], [ -83.625764, 36.5984 ], [ -83.627199, 36.598512 ], [ -83.629574, 36.598698 ], [ -83.632525, 36.598978 ], [ -83.634096, 36.599093 ], [ -83.63783, 36.599368 ], [ -83.641775, 36.59969 ], [ -83.645586, 36.600002 ], [ -83.649722, 36.600119 ], [ -83.655402, 36.600281 ], [ -83.655641, 36.600287 ], [ -83.658539, 36.600369 ], [ -83.659413, 36.600396 ], [ -83.66037, 36.600402 ], [ -83.661674, 36.600413 ], [ -83.661989, 36.600417 ], [ -83.668302, 36.600746 ], [ -83.670042, 36.600763 ], [ -83.670128, 36.600764 ], [ -83.670141, 36.600797 ], [ -83.673063, 36.600796 ], [ -83.675014, 36.60081 ], [ -83.675395, 36.600784 ], [ -83.675293, 36.601154 ], [ -83.675198, 36.601559 ], [ -83.675006, 36.602026 ], [ -83.674719, 36.603239 ], [ -83.674436, 36.603621 ], [ -83.673899, 36.603847 ], [ -83.673695, 36.603933 ], [ -83.673396, 36.604164 ], [ -83.673302, 36.604524 ], [ -83.673204, 36.604641 ], [ -83.67296, 36.604762 ], [ -83.671007, 36.604866 ], [ -83.670366, 36.604987 ], [ -83.669778, 36.605144 ], [ -83.669429, 36.605313 ], [ -83.668952, 36.605842 ], [ -83.668804, 36.605924 ], [ -83.666144, 36.605757 ], [ -83.665966, 36.605769 ], [ -83.665729, 36.605869 ], [ -83.664885, 36.606492 ], [ -83.664546, 36.606696 ], [ -83.66401, 36.606794 ], [ -83.663548, 36.606928 ], [ -83.663355, 36.607068 ], [ -83.663159, 36.6073 ], [ -83.662967, 36.607776 ], [ -83.662533, 36.608305 ], [ -83.662041, 36.608742 ], [ -83.66154, 36.609052 ], [ -83.660981, 36.609284 ], [ -83.660737, 36.609421 ], [ -83.659869, 36.610136 ], [ -83.659435, 36.610372 ], [ -83.659274, 36.61052 ], [ -83.659012, 36.610869 ], [ -83.658659, 36.611138 ], [ -83.65846, 36.61148 ], [ -83.658225, 36.611685 ], [ -83.657906, 36.611865 ], [ -83.657745, 36.61202 ], [ -83.657401, 36.612686 ], [ -83.657109, 36.613028 ], [ -83.656993, 36.613083 ], [ -83.655126, 36.612995 ], [ -83.654918, 36.613016 ], [ -83.654569, 36.613177 ], [ -83.654196, 36.61343 ], [ -83.653188, 36.614343 ], [ -83.652919, 36.61487 ], [ -83.652682, 36.615125 ], [ -83.652072, 36.615618 ], [ -83.651847, 36.61616 ], [ -83.651658, 36.616544 ], [ -83.651357, 36.616799 ], [ -83.650966, 36.616951 ], [ -83.650307, 36.616997 ], [ -83.649726, 36.6169 ], [ -83.649313, 36.616774 ], [ -83.649227, 36.616865 ], [ -83.649284, 36.617388 ], [ -83.649211, 36.617699 ], [ -83.648643, 36.618881 ], [ -83.648536, 36.619308 ], [ -83.648576, 36.619697 ], [ -83.64872, 36.620077 ], [ -83.648649, 36.620321 ], [ -83.648238, 36.620989 ], [ -83.648184, 36.621335 ], [ -83.64836, 36.622054 ], [ -83.648317, 36.622447 ], [ -83.648086, 36.622839 ], [ -83.647703, 36.623083 ], [ -83.647394, 36.623099 ], [ -83.64669, 36.622899 ], [ -83.646463, 36.622861 ], [ -83.646199, 36.62293 ], [ -83.645848, 36.623184 ], [ -83.645671, 36.623467 ], [ -83.645551, 36.623977 ], [ -83.645378, 36.624184 ], [ -83.645124, 36.624306 ], [ -83.644599, 36.624379 ], [ -83.644303, 36.624542 ], [ -83.644051, 36.624613 ], [ -83.643876, 36.624507 ], [ -83.643184, 36.623938 ], [ -83.642957, 36.623866 ], [ -83.642758, 36.623862 ], [ -83.642463, 36.623999 ], [ -83.641809, 36.624516 ], [ -83.641418, 36.624677 ], [ -83.641071, 36.624761 ], [ -83.640727, 36.624763 ], [ -83.638857, 36.624194 ], [ -83.638442, 36.624094 ], [ -83.637891, 36.624059 ], [ -83.637243, 36.624079 ], [ -83.637004, 36.624014 ], [ -83.635828, 36.623241 ], [ -83.635572, 36.62315 ], [ -83.635343, 36.623106 ], [ -83.635066, 36.622947 ], [ -83.634932, 36.622887 ], [ -83.634714, 36.62289 ], [ -83.634148, 36.622937 ], [ -83.631876, 36.623497 ], [ -83.630392, 36.62393 ], [ -83.62938, 36.624271 ], [ -83.628607, 36.62433 ], [ -83.62833, 36.624604 ], [ -83.627899, 36.624772 ], [ -83.627299, 36.624919 ], [ -83.626753, 36.62494 ], [ -83.626311, 36.625083 ], [ -83.625235, 36.62523 ], [ -83.624883, 36.625373 ], [ -83.624017, 36.625509 ], [ -83.623433, 36.625801 ], [ -83.622672, 36.626016 ], [ -83.62182, 36.626739 ], [ -83.621389, 36.626907 ], [ -83.620843, 36.627232 ], [ -83.62051, 36.627376 ], [ -83.619829, 36.627602 ], [ -83.619274, 36.627864 ], [ -83.618565, 36.628352 ], [ -83.618261, 36.628587 ], [ -83.618042, 36.62891 ], [ -83.617662, 36.629911 ], [ -83.617433, 36.630298 ], [ -83.617099, 36.63078 ], [ -83.616863, 36.631366 ], [ -83.616634, 36.631681 ], [ -83.61636, 36.631901 ], [ -83.615917, 36.6321 ], [ -83.615377, 36.632265 ], [ -83.615242, 36.63239 ], [ -83.615148, 36.632562 ], [ -83.615167, 36.632932 ], [ -83.615161, 36.633365 ], [ -83.614992, 36.633745 ], [ -83.614626, 36.634041 ], [ -83.614291, 36.634251 ], [ -83.614084, 36.634517 ], [ -83.613896, 36.63485 ], [ -83.613673, 36.634949 ], [ -83.613026, 36.635048 ], [ -83.61258, 36.635031 ], [ -83.61193, 36.634857 ], [ -83.611582, 36.634898 ], [ -83.61125, 36.635036 ], [ -83.611068, 36.635152 ], [ -83.610554, 36.635734 ], [ -83.610076, 36.636435 ], [ -83.609487, 36.636824 ], [ -83.608976, 36.636996 ], [ -83.607928, 36.637158 ], [ -83.607127, 36.637407 ], [ -83.605901, 36.637901 ], [ -83.604643, 36.637859 ], [ -83.604102, 36.637986 ], [ -83.603877, 36.637292 ], [ -83.603703, 36.637177 ], [ -83.603466, 36.637116 ], [ -83.603068, 36.637147 ], [ -83.602677, 36.637292 ], [ -83.601992, 36.63758 ], [ -83.601683, 36.637671 ], [ -83.600432, 36.637849 ], [ -83.59985, 36.638044 ], [ -83.599274, 36.638392 ], [ -83.598513, 36.638617 ], [ -83.597868, 36.638868 ], [ -83.595749, 36.64004 ], [ -83.594925, 36.640343 ], [ -83.594297, 36.640746 ], [ -83.592913, 36.64054 ], [ -83.592175, 36.640686 ], [ -83.591758, 36.640897 ], [ -83.591178, 36.641308 ], [ -83.590938, 36.641385 ], [ -83.589856, 36.641378 ], [ -83.589545, 36.641523 ], [ -83.588932, 36.642014 ], [ -83.588501, 36.642182 ], [ -83.587598, 36.642186 ], [ -83.587296, 36.642301 ], [ -83.58706, 36.64256 ], [ -83.587055, 36.642735 ], [ -83.587295, 36.642997 ], [ -83.587437, 36.643208 ], [ -83.587419, 36.64344 ], [ -83.587086, 36.64364 ], [ -83.586449, 36.643863 ], [ -83.586171, 36.64385 ], [ -83.585956, 36.643756 ], [ -83.585652, 36.643006 ], [ -83.584912, 36.641926 ], [ -83.584574, 36.641655 ], [ -83.584238, 36.641593 ], [ -83.583676, 36.641549 ], [ -83.58332, 36.641157 ], [ -83.583124, 36.641104 ], [ -83.582922, 36.641204 ], [ -83.582655, 36.641463 ], [ -83.582544, 36.641534 ], [ -83.581663, 36.641468 ], [ -83.580615, 36.641654 ], [ -83.580295, 36.641757 ], [ -83.579424, 36.641701 ], [ -83.578837, 36.64172 ], [ -83.578467, 36.64184 ], [ -83.577954, 36.641445 ], [ -83.577607, 36.64139 ], [ -83.577316, 36.641496 ], [ -83.577061, 36.641723 ], [ -83.576924, 36.641985 ], [ -83.576863, 36.642303 ], [ -83.576657, 36.642532 ], [ -83.575333, 36.643318 ], [ -83.575014, 36.643671 ], [ -83.574825, 36.644013 ], [ -83.574749, 36.644218 ], [ -83.574616, 36.644336 ], [ -83.574334, 36.644434 ], [ -83.574017, 36.644426 ], [ -83.573028, 36.644319 ], [ -83.572671, 36.644351 ], [ -83.572113, 36.644428 ], [ -83.571645, 36.644473 ], [ -83.570592, 36.644812 ], [ -83.570059, 36.645034 ], [ -83.569175, 36.645661 ], [ -83.568954, 36.645754 ], [ -83.568185, 36.645914 ], [ -83.567853, 36.646051 ], [ -83.567293, 36.646839 ], [ -83.567069, 36.646986 ], [ -83.56652, 36.647094 ], [ -83.566221, 36.647112 ], [ -83.566051, 36.647166 ], [ -83.565406, 36.647782 ], [ -83.56472, 36.648153 ], [ -83.564228, 36.648607 ], [ -83.563446, 36.649183 ], [ -83.562829, 36.649512 ], [ -83.562763, 36.64957 ], [ -83.562633, 36.649735 ], [ -83.562647, 36.649902 ], [ -83.562888, 36.650483 ], [ -83.562899, 36.650756 ], [ -83.562721, 36.651016 ], [ -83.562426, 36.651249 ], [ -83.561914, 36.651424 ], [ -83.561446, 36.651484 ], [ -83.560965, 36.65161 ], [ -83.560628, 36.651745 ], [ -83.560094, 36.651988 ], [ -83.559238, 36.652082 ], [ -83.558343, 36.652144 ], [ -83.557774, 36.652252 ], [ -83.556875, 36.652738 ], [ -83.556462, 36.652903 ], [ -83.555964, 36.652997 ], [ -83.555045, 36.65289 ], [ -83.554794, 36.652956 ], [ -83.554091, 36.653214 ], [ -83.553568, 36.653434 ], [ -83.552861, 36.653804 ], [ -83.552528, 36.653941 ], [ -83.55218, 36.654039 ], [ -83.551653, 36.654028 ], [ -83.550573, 36.653668 ], [ -83.550085, 36.653721 ], [ -83.549638, 36.653735 ], [ -83.549064, 36.653716 ], [ -83.548117, 36.653815 ], [ -83.547871, 36.653874 ], [ -83.546817, 36.654133 ], [ -83.546195, 36.654352 ], [ -83.545821, 36.654575 ], [ -83.545369, 36.655037 ], [ -83.545055, 36.655209 ], [ -83.544635, 36.655302 ], [ -83.544258, 36.655296 ], [ -83.543857, 36.655455 ], [ -83.543251, 36.656032 ], [ -83.542837, 36.656273 ], [ -83.542046, 36.656495 ], [ -83.541742, 36.656683 ], [ -83.541647, 36.656848 ], [ -83.541425, 36.656979 ], [ -83.540993, 36.657138 ], [ -83.540719, 36.657324 ], [ -83.540354, 36.657852 ], [ -83.540087, 36.658119 ], [ -83.539695, 36.65831 ], [ -83.538578, 36.658487 ], [ -83.538114, 36.658661 ], [ -83.537845, 36.658736 ], [ -83.537376, 36.65879 ], [ -83.537054, 36.658934 ], [ -83.536718, 36.659183 ], [ -83.536479, 36.659554 ], [ -83.536449, 36.659811 ], [ -83.536449, 36.660153 ], [ -83.536392, 36.66037 ], [ -83.536208, 36.660518 ], [ -83.535281, 36.66079 ], [ -83.534455, 36.661171 ], [ -83.533813, 36.661389 ], [ -83.533314, 36.661483 ], [ -83.532832, 36.661625 ], [ -83.532306, 36.661965 ], [ -83.532057, 36.662248 ], [ -83.531936, 36.66259 ], [ -83.531831, 36.663084 ], [ -83.531833, 36.663661 ], [ -83.532012, 36.663936 ], [ -83.532317, 36.664319 ], [ -83.532404, 36.664689 ], [ -83.532196, 36.664996 ], [ -83.531762, 36.665211 ], [ -83.530833, 36.665438 ], [ -83.530569, 36.665577 ], [ -83.530339, 36.665933 ], [ -83.530146, 36.666049 ], [ -83.53003, 36.665999 ], [ -83.529721, 36.665719 ], [ -83.529437, 36.665585 ], [ -83.529141, 36.665556 ], [ -83.52882, 36.665627 ], [ -83.528053, 36.666029 ], [ -83.527632, 36.666131 ], [ -83.527307, 36.666077 ], [ -83.526825, 36.665923 ], [ -83.526424, 36.665893 ], [ -83.525758, 36.665975 ], [ -83.525016, 36.666158 ], [ -83.524628, 36.666183 ], [ -83.523994, 36.666169 ], [ -83.523664, 36.666227 ], [ -83.52321, 36.666448 ], [ -83.522809, 36.666576 ], [ -83.522128, 36.666687 ], [ -83.52174, 36.666833 ], [ -83.521073, 36.667172 ], [ -83.520542, 36.667327 ], [ -83.520072, 36.667422 ], [ -83.519526, 36.667721 ], [ -83.519022, 36.667968 ], [ -83.518722, 36.668042 ], [ -83.517929, 36.667983 ], [ -83.517737, 36.668133 ], [ -83.517449, 36.668415 ], [ -83.517288, 36.668498 ], [ -83.517088, 36.668501 ], [ -83.516854, 36.668418 ], [ -83.516125, 36.667921 ], [ -83.515801, 36.667811 ], [ -83.515584, 36.667775 ], [ -83.515254, 36.667846 ], [ -83.514657, 36.668194 ], [ -83.51401, 36.668229 ], [ -83.513818, 36.668383 ], [ -83.513519, 36.668705 ], [ -83.513399, 36.669015 ], [ -83.51306, 36.669383 ], [ -83.512437, 36.669601 ], [ -83.512108, 36.669628 ], [ -83.510758, 36.669046 ], [ -83.510521, 36.669 ], [ -83.509805, 36.669033 ], [ -83.509259, 36.668774 ], [ -83.508421, 36.668926 ], [ -83.507767, 36.66883 ], [ -83.50696, 36.668966 ], [ -83.50575, 36.668946 ], [ -83.505359, 36.669027 ], [ -83.504243, 36.669442 ], [ -83.503705, 36.669544 ], [ -83.503029, 36.669553 ], [ -83.50083, 36.669432 ], [ -83.50045, 36.669529 ], [ -83.500174, 36.669762 ], [ -83.499906, 36.670054 ], [ -83.499574, 36.670213 ], [ -83.499219, 36.670439 ], [ -83.498585, 36.670393 ], [ -83.497958, 36.670411 ], [ -83.497153, 36.670146 ], [ -83.496739, 36.670064 ], [ -83.495783, 36.67018 ], [ -83.494626, 36.670042 ], [ -83.494248, 36.670058 ], [ -83.49319, 36.670212 ], [ -83.492805, 36.670187 ], [ -83.491863, 36.669092 ], [ -83.491157, 36.668532 ], [ -83.490547, 36.66839 ], [ -83.488977, 36.667819 ], [ -83.486922, 36.667371 ], [ -83.486463, 36.667161 ], [ -83.4855, 36.667173 ], [ -83.484809, 36.667054 ], [ -83.484069, 36.666778 ], [ -83.483352, 36.66657 ], [ -83.48268, 36.666187 ], [ -83.481828, 36.666106 ], [ -83.481328, 36.665974 ], [ -83.480677, 36.666112 ], [ -83.480126, 36.666301 ], [ -83.479879, 36.666535 ], [ -83.479609, 36.66661 ], [ -83.478475, 36.666103 ], [ -83.477793, 36.665968 ], [ -83.476587, 36.665847 ], [ -83.47524, 36.665762 ], [ -83.474455, 36.665511 ], [ -83.474011, 36.665446 ], [ -83.473262, 36.665566 ], [ -83.471774, 36.66527 ], [ -83.470997, 36.665037 ], [ -83.470473, 36.664923 ], [ -83.469638, 36.665024 ], [ -83.469034, 36.664986 ], [ -83.467989, 36.66502 ], [ -83.467279, 36.6649 ], [ -83.466955, 36.664764 ], [ -83.466611, 36.664709 ], [ -83.466012, 36.664776 ], [ -83.464971, 36.664746 ], [ -83.463516, 36.664946 ], [ -83.463108, 36.664951 ], [ -83.462022, 36.664793 ], [ -83.461498, 36.664764 ], [ -83.461016, 36.66486 ], [ -83.46072, 36.664934 ], [ -83.46008, 36.665255 ], [ -83.45967, 36.665334 ], [ -83.459029, 36.665382 ], [ -83.458638, 36.665513 ], [ -83.458344, 36.665591 ], [ -83.457785, 36.665599 ], [ -83.457246, 36.665439 ], [ -83.456936, 36.665142 ], [ -83.456303, 36.664979 ], [ -83.455362, 36.664872 ], [ -83.454487, 36.664821 ], [ -83.45369, 36.664793 ], [ -83.452309, 36.665136 ], [ -83.451961, 36.665182 ], [ -83.451379, 36.665145 ], [ -83.450968, 36.665313 ], [ -83.450544, 36.665397 ], [ -83.448671, 36.665314 ], [ -83.447834, 36.665316 ], [ -83.447041, 36.665568 ], [ -83.446306, 36.666045 ], [ -83.445167, 36.666519 ], [ -83.444218, 36.666997 ], [ -83.443545, 36.667179 ], [ -83.442482, 36.6671 ], [ -83.441959, 36.666975 ], [ -83.441544, 36.666994 ], [ -83.44072, 36.666913 ], [ -83.439509, 36.666538 ], [ -83.438316, 36.666404 ], [ -83.437637, 36.66641 ], [ -83.437098, 36.666259 ], [ -83.436354, 36.666221 ], [ -83.435284, 36.6664 ], [ -83.433274, 36.666465 ], [ -83.432767, 36.666551 ], [ -83.431969, 36.666657 ], [ -83.431751, 36.666687 ], [ -83.430543, 36.667004 ], [ -83.430023, 36.667067 ], [ -83.428989, 36.66698 ], [ -83.428412, 36.667096 ], [ -83.427878, 36.667181 ], [ -83.426708, 36.667133 ], [ -83.425823, 36.667182 ], [ -83.424713, 36.66734 ], [ -83.422228, 36.668061 ], [ -83.421547, 36.668171 ], [ -83.420732, 36.668282 ], [ -83.419112, 36.668621 ], [ -83.418682, 36.668729 ], [ -83.418196, 36.668964 ], [ -83.417378, 36.669525 ], [ -83.415752, 36.670015 ], [ -83.414829, 36.670208 ], [ -83.414329, 36.670434 ], [ -83.413569, 36.67047 ], [ -83.413163, 36.670642 ], [ -83.412708, 36.67073 ], [ -83.412278, 36.67087 ], [ -83.411922, 36.671172 ], [ -83.411464, 36.671365 ], [ -83.410606, 36.671529 ], [ -83.409269, 36.672164 ], [ -83.4088, 36.672261 ], [ -83.40763, 36.672995 ], [ -83.407159, 36.673169 ], [ -83.406114, 36.673369 ], [ -83.405576, 36.673571 ], [ -83.40484, 36.673704 ], [ -83.40429, 36.673832 ], [ -83.403453, 36.67421 ], [ -83.402689, 36.67475 ], [ -83.402109, 36.674973 ], [ -83.400701, 36.675284 ], [ -83.399597, 36.675699 ], [ -83.397437, 36.67667 ], [ -83.396483, 36.676905 ], [ -83.395555, 36.677404 ], [ -83.395239, 36.677709 ], [ -83.395214, 36.678051 ], [ -83.395758, 36.678813 ], [ -83.395907, 36.679128 ], [ -83.39587, 36.679426 ], [ -83.395514, 36.679752 ], [ -83.394898681389847, 36.680264010991955 ], [ -83.394246683497926, 36.680636012030043 ], [ -83.39338768471039, 36.680842012896967 ], [ -83.393075685642472, 36.681006013369085 ], [ -83.392934687110483, 36.681270013917015 ], [ -83.392981690303415, 36.681850014911475 ], [ -83.392705691662727, 36.682092015499883 ], [ -83.392650691744919, 36.682106015556805 ], [ -83.389353700593745, 36.683655020220712 ], [ -83.389117702133277, 36.683930020843782 ], [ -83.389125703136727, 36.684112021159841 ], [ -83.389499704916545, 36.684441021520165 ], [ -83.389875706535847, 36.684741021828223 ], [ -83.38995870813325, 36.685032022292376 ], [ -83.388317712142538, 36.685730024485125 ], [ -83.3874517146551, 36.686170025768568 ], [ -83.386809717179929, 36.686616026931176 ], [ -83.386461717589469, 36.686684027255104 ], [ -83.385490717690175, 36.68668502782652 ], [ -83.384982718259181, 36.68677902829026 ], [ -83.384769718307709, 36.686784028424022 ], [ -83.38408571722573, 36.686576028458767 ], [ -83.383816717345979, 36.686593028646513 ], [ -83.383437720764746, 36.687205029947364 ], [ -83.383244721761884, 36.687382030372518 ], [ -83.382752721926636, 36.687403030698157 ], [ -83.382369721511338, 36.687321030778342 ], [ -83.382008721740547, 36.68735603105182 ], [ -83.381492721426753, 36.687290031238284 ], [ -83.381238721661944, 36.687328031454193 ], [ -83.380979724734019, 36.687879032577101 ], [ -83.380855727638135, 36.68840203357145 ], [ -83.380690728395621, 36.688536033904427 ], [ -83.379750727726957, 36.688398034212703 ], [ -83.379322728013307, 36.688442034541303 ], [ -83.379107728604666, 36.688545034849028 ], [ -83.378952730075099, 36.688808035403397 ], [ -83.378819732273669, 36.689203036177481 ], [ -83.377748735392586, 36.689747037764491 ], [ -83.376976735665238, 36.689782038279084 ], [ -83.37655273767912, 36.690138039155151 ], [ -83.375266741089149, 36.690730040952829 ], [ -83.375146739119344, 36.690372040392347 ], [ -83.374542737874705, 36.69013604033082 ], [ -83.374047737665279, 36.690089040538368 ], [ -83.373289738485468, 36.690223041219298 ], [ -83.372667740017718, 36.690488042051108 ], [ -83.372207739350429, 36.690359042093661 ], [ -83.37170574100378, 36.69064804289745 ], [ -83.371092741288948, 36.69068804332759 ], [ -83.370429743004038, 36.690985044239881 ], [ -83.369920745546324, 36.691434045329757 ], [ -83.368781749142698, 36.692061047102918 ], [ -83.367632752154108, 36.692582048695122 ], [ -83.366465755945939, 36.693243050544588 ], [ -83.365705758608129, 36.693708051809878 ], [ -83.364973760851939, 36.694098052926577 ], [ -83.363833762146996, 36.694309053967181 ], [ -83.363270762963381, 36.694445054537162 ], [ -83.361678762575423, 36.694344055293136 ], [ -83.361315761031364, 36.694059055003862 ], [ -83.360770758928723, 36.693670054638105 ], [ -83.360369757187954, 36.693349054307667 ], [ -83.359907756648354, 36.693243054391928 ], [ -83.359546756825964, 36.693268054647746 ], [ -83.358767758243758, 36.693508055527694 ], [ -83.358281759296844, 36.693688056130078 ], [ -83.355382770097918, 36.695573061152537 ], [ -83.354742771487494, 36.695810061945693 ], [ -83.353896774932096, 36.696412063502855 ], [ -83.353382776180737, 36.696626064181508 ], [ -83.351563779113192, 36.697116066112173 ], [ -83.35038878196967, 36.697605067663211 ], [ -83.350048783328646, 36.697842068280316 ], [ -83.348982789881063, 36.698996070939323 ], [ -83.347963795439114, 36.699972073257086 ], [ -83.347635796753963, 36.700201073853059 ], [ -83.347086797515047, 36.700326074395427 ], [ -83.346695798469696, 36.700489074911992 ], [ -83.345899798166926, 36.700418075253893 ], [ -83.344196799253382, 36.700577076533165 ], [ -83.342012802038482, 36.701030078612796 ], [ -83.340035806773471, 36.701836081192909 ], [ -83.3394188075508, 36.701962081776962 ], [ -83.33856680784227, 36.701996082336649 ], [ -83.338152808137494, 36.702040082657163 ], [ -83.337487810167389, 36.702389083662332 ], [ -83.336160811835882, 36.702659084916618 ], [ -83.335502811735964, 36.702627085246263 ], [ -83.334967812398617, 36.702734085748645 ], [ -83.332595817423453, 36.703581088632845 ], [ -83.332268818554439, 36.703776089168322 ], [ -83.331090819755772, 36.703965090192497 ], [ -83.33022482138432, 36.704237091179856 ], [ -83.32950482169079, 36.704276091670955 ], [ -83.328737823179338, 36.704525092559791 ], [ -83.327967825223368, 36.704873093624748 ], [ -83.325070829925068, 36.705648096690055 ], [ -83.324357831594909, 36.70593009760529 ], [ -83.323129834300033, 36.70638509912753 ], [ -83.322672834963129, 36.706493099585927 ], [ -83.321715834954077, 36.70647010010682 ], [ -83.321273835436003, 36.706546100500049 ], [ -83.321011835844843, 36.706613100771861 ], [ -83.31920884059646, 36.70741910324999 ], [ -83.318334841987522, 36.707647104164487 ], [ -83.317860843131655, 36.707840104782676 ], [ -83.317262843303268, 36.707857105163527 ], [ -83.316537844266378, 36.70801210586194 ], [ -83.315817844740266, 36.708080106404196 ], [ -83.314624846067247, 36.708289107472424 ], [ -83.313655847995847, 36.708610108606514 ], [ -83.312638851067447, 36.709133110124846 ], [ -83.31194485389608, 36.709620111390187 ], [ -83.311387855470272, 36.709887112187523 ], [ -83.310439858434975, 36.710392113633525 ], [ -83.30971185993144, 36.710641114499452 ], [ -83.30849286143669, 36.710880115635796 ], [ -83.308117861801264, 36.710936115954468 ], [ -83.307191863071822, 36.711140116857173 ], [ -83.306336863742118, 36.711239117533268 ], [ -83.305700863561313, 36.711192117823522 ], [ -83.305028862404839, 36.710971117828286 ], [ -83.304536862587952, 36.710992118153939 ], [ -83.303653863436836, 36.711122118901073 ], [ -83.303133863680145, 36.711153119260814 ], [ -83.302927864524619, 36.711298119637199 ], [ -83.302650866404576, 36.711625120375857 ], [ -83.302352867238966, 36.711766120799219 ], [ -83.301307868403967, 36.711948121733037 ], [ -83.299864869729689, 36.712149122933809 ], [ -83.299529870157954, 36.712217123250163 ], [ -83.297045876026871, 36.713198126436197 ], [ -83.296833877901435, 36.713525127136819 ], [ -83.296631878386023, 36.713606127398037 ], [ -83.295901878157252, 36.713548127724103 ], [ -83.294839875736614, 36.713094127547144 ], [ -83.293916874764818, 36.712900127746664 ], [ -83.293396874834642, 36.712900128051828 ], [ -83.291557875556393, 36.712984129278617 ], [ -83.291357875679395, 36.713001129425948 ], [ -83.290746877502826, 36.713309130327175 ], [ -83.290464877981876, 36.713387130630068 ], [ -83.289451878542749, 36.713462131356579 ], [ -83.288296880113037, 36.71371213247469 ], [ -83.287874881878764, 36.71401413325443 ], [ -83.287762882663444, 36.714150133559805 ], [ -83.287038883514526, 36.714283134218945 ], [ -83.286785883820627, 36.71433113445196 ], [ -83.286094887707051, 36.71500113603804 ], [ -83.285302889106447, 36.715229136904469 ], [ -83.284890891116419, 36.715574137754096 ], [ -83.284579891782158, 36.715684138130399 ], [ -83.283256892939121, 36.715856139209663 ], [ -83.281993892955228, 36.715828139901312 ], [ -83.281243893744659, 36.715949140554592 ], [ -83.280339893807508, 36.715938141065564 ], [ -83.279597895389884, 36.716199141960786 ], [ -83.278029897348659, 36.716506143421647 ], [ -83.277633897931281, 36.716599143817859 ], [ -83.276167902680385, 36.717400146089481 ], [ -83.275631903351524, 36.717505146588913 ], [ -83.274766905556177, 36.717872147743151 ], [ -83.273652907075984, 36.718112148819621 ], [ -83.272572907575181, 36.718173149560783 ], [ -83.271270909469379, 36.718474150855052 ], [ -83.270037911013873, 36.718715152003078 ], [ -83.267803915351394, 36.719422154559602 ], [ -83.266667918295084, 36.719911156087733 ], [ -83.265262921779865, 36.720488157928834 ], [ -83.264827923430232, 36.720767158675656 ], [ -83.264579924592795, 36.720965159170056 ], [ -83.264364925022377, 36.721035159419543 ], [ -83.263863924412377, 36.720915159501985 ], [ -83.263623924549705, 36.720933159674637 ], [ -83.262472926726588, 36.721286160971857 ], [ -83.261292928134381, 36.721503162046524 ], [ -83.260524929858462, 36.721786162995855 ], [ -83.259673931948527, 36.722131164103111 ], [ -83.259270932497742, 36.722217164491042 ], [ -83.258779932262314, 36.722163164683941 ], [ -83.258360931417883, 36.722004164649569 ], [ -83.257849931270655, 36.721965164880629 ], [ -83.256991932434076, 36.722147165704705 ], [ -83.255969932082621, 36.722059166149201 ], [ -83.255235934540011, 36.722471167305798 ], [ -83.254358938707796, 36.723179169067969 ], [ -83.253957941100495, 36.723588170023952 ], [ -83.253605942145626, 36.7237621705371 ], [ -83.253297942328558, 36.723786170760093 ], [ -83.252729941785688, 36.723676170899473 ], [ -83.252278941727411, 36.723654171125347 ], [ -83.251504942299462, 36.723734171720359 ], [ -83.250984942308591, 36.723722172004308 ], [ -83.249806944631061, 36.724095173252792 ], [ -83.248936945641987, 36.724236173563725 ], [ -83.248663946825943, 36.724432173933018 ], [ -83.248219949569815, 36.724894174794244 ], [ -83.247920950640264, 36.725069175133413 ], [ -83.247458951361097, 36.725176175366066 ], [ -83.246861951976953, 36.725259175568809 ], [ -83.24613295400691, 36.725584176227571 ], [ -83.245480956207516, 36.725942176947264 ], [ -83.245051956681039, 36.72600717711029 ], [ -83.24414995647858, 36.725934177065838 ], [ -83.243748956825542, 36.725978177188189 ], [ -83.242438955971238, 36.725774176934593 ], [ -83.242156956312726, 36.725822177052983 ], [ -83.241517956556237, 36.725838177146258 ], [ -83.241220957330171, 36.725961177410596 ], [ -83.240873959499837, 36.726326178145257 ], [ -83.240669960257492, 36.726450178405237 ], [ -83.240469960402407, 36.726467178459671 ], [ -83.240064961431131, 36.726630178818631 ], [ -83.239811961571561, 36.726644178874054 ], [ -83.238654961687516, 36.726616178949101 ], [ -83.238053962122677, 36.72666717911644 ], [ -83.237221963316713, 36.726841179554484 ], [ -83.236179964280808, 36.72696617992456 ], [ -83.235675966049271, 36.727254180561275 ], [ -83.234541968741524, 36.727677181556793 ], [ -83.233673969504679, 36.727774181867218 ], [ -83.233204970166611, 36.727870182125393 ], [ -83.232438973499114, 36.72842018336047 ], [ -83.232249974008255, 36.728501183554542 ], [ -83.231238974176733, 36.728488183672773 ], [ -83.230206975507087, 36.728677184217439 ], [ -83.229747976722862, 36.728870184691317 ], [ -83.22909497703462, 36.72889718484641 ], [ -83.22887997737277, 36.728947184984825 ], [ -83.228479979622989, 36.729323185845338 ], [ -83.228097981130105, 36.729570186432731 ], [ -83.227762981606233, 36.729639186634579 ], [ -83.227389981885295, 36.72967218676628 ], [ -83.227010982910713, 36.729835187179141 ], [ -83.22659998455137, 36.730104187828481 ], [ -83.225875985792271, 36.730290188356285 ], [ -83.225610985632841, 36.730251188317517 ], [ -83.225242984993898, 36.730124188104092 ], [ -83.224536985124402, 36.73011718820964 ], [ -83.224000985867335, 36.730224188537228 ], [ -83.223719986141631, 36.730260188665326 ], [ -83.223361988137299, 36.730593189464976 ], [ -83.223025988728907, 36.730682189722778 ], [ -83.221729989851312, 36.730823190273213 ], [ -83.220661992668056, 36.731269191477054 ], [ -83.219572994630255, 36.731565192359348 ], [ -83.218867996666049, 36.731890193241966 ], [ -83.217944999719236, 36.732383194564953 ], [ -83.217696001105395, 36.732614195150987 ], [ -83.217606002831545, 36.732911195856985 ], [ -83.217360003838422, 36.733076196293077 ], [ -83.216819005319138, 36.73331119695942 ], [ -83.21624300598792, 36.733403197304142 ], [ -83.215313005905386, 36.73334919738825 ], [ -83.214797005589489, 36.733272197323146 ], [ -83.214205006761816, 36.733451197880456 ], [ -83.213123007681006, 36.733565198399269 ], [ -83.212287009487753, 36.733844199261654 ], [ -83.21168101256518, 36.734354200634492 ], [ -83.210780012303729, 36.734270200649512 ], [ -83.210511012760307, 36.734338200880025 ], [ -83.209551015448938, 36.734765202158961 ], [ -83.209269015851461, 36.734823202371857 ], [ -83.20885501607961, 36.734845202530011 ], [ -83.208440016549332, 36.734909202792274 ], [ -83.207873017970186, 36.73513220348805 ], [ -83.207384019630666, 36.735400204279628 ], [ -83.206919021705019, 36.735741205251436 ], [ -83.206176021365124, 36.735650205221447 ], [ -83.205220023365641, 36.735957206249445 ], [ -83.204890025005042, 36.736228207023892 ], [ -83.204315025687492, 36.736322207420557 ], [ -83.203680027362395, 36.736586208269152 ], [ -83.2030140295916, 36.736945209375456 ], [ -83.202217029553125, 36.73690420949881 ], [ -83.201603029866163, 36.73693220974706 ], [ -83.20129503039108, 36.737010210037454 ], [ -83.200719030947894, 36.737082210390597 ], [ -83.200003032638392, 36.737345211284648 ], [ -83.199749032966025, 36.737391211479625 ], [ -83.198504036554894, 36.737961213349628 ], [ -83.197587038705024, 36.738295214514743 ], [ -83.196964040310505, 36.738547215378986 ], [ -83.196245040564349, 36.738560215639801 ], [ -83.195832041409815, 36.738689216115795 ], [ -83.195639041809088, 36.738750216340733 ], [ -83.195246044883604, 36.739267217857495 ], [ -83.194840046038621, 36.739450218484109 ], [ -83.194253046594071, 36.739521218869982 ], [ -83.193828046325905, 36.739456218834086 ], [ -83.193304045397099, 36.73927221850542 ], [ -83.193209045466887, 36.739280218558278 ], [ -83.192472046543614, 36.739435219223694 ], [ -83.192165046510851, 36.739416219272734 ], [ -83.191561045474984, 36.739210218903999 ], [ -83.191348045435959, 36.739194218929228 ], [ -83.191106045876566, 36.739260219190228 ], [ -83.190460047322659, 36.739483220019672 ], [ -83.189197047211664, 36.739409220229987 ], [ -83.188824047443134, 36.739433220419919 ], [ -83.187404047036878, 36.739301220514641 ], [ -83.186348048021117, 36.739426221215552 ], [ -83.185046047971468, 36.739361221458019 ], [ -83.184738048250168, 36.73939622165959 ], [ -83.184183049807459, 36.739642222550636 ], [ -83.183650050113684, 36.739672222814747 ], [ -83.182372048391017, 36.739318222210414 ], [ -83.181800048453042, 36.739304222356836 ], [ -83.181414048687884, 36.739328222553389 ], [ -83.180983049412831, 36.73943522300867 ], [ -83.180493049096668, 36.73935922294632 ], [ -83.18021704881356, 36.739298222857045 ], [ -83.179717050046392, 36.739490223588213 ], [ -83.179478050134961, 36.739495223681971 ], [ -83.179107049615851, 36.739389223490171 ], [ -83.178707049911964, 36.739423223722731 ], [ -83.178497049745062, 36.739385223678703 ], [ -83.178036048867313, 36.739213223316852 ], [ -83.177605049725358, 36.739343223846141 ], [ -83.177353049690126, 36.739326223877825 ], [ -83.176798051295108, 36.739580224823108 ], [ -83.176315052079786, 36.73969522533001 ], [ -83.175628051229424, 36.739518225023794 ], [ -83.175247050539227, 36.739382224737547 ], [ -83.174936049450309, 36.73918022422621 ], [ -83.174829049459703, 36.73917722425179 ], [ -83.174438050371592, 36.739318224808351 ], [ -83.173499051587967, 36.739488225636372 ], [ -83.173156053296879, 36.739769226611628 ], [ -83.172754053830658, 36.739844226976935 ], [ -83.172438055429112, 36.740107227893233 ], [ -83.172003054971796, 36.740009227738973 ], [ -83.171819054619164, 36.739940227588107 ], [ -83.171377055035975, 36.739993227901678 ], [ -83.169924055757875, 36.740055228587686 ], [ -83.16862805875283, 36.740517230481068 ], [ -83.168025059632399, 36.740643231088292 ], [ -83.167271059093011, 36.740517230953081 ], [ -83.166895057510445, 36.740227230163427 ], [ -83.1666040554381, 36.739856229083792 ], [ -83.166757054370606, 36.739678228466914 ], [ -83.167129052277119, 36.739332227246052 ], [ -83.166984052116732, 36.739298227185742 ], [ -83.166729052579356, 36.73936722748833 ], [ -83.166382052741184, 36.739380227643643 ], [ -83.165980053205828, 36.739443227976643 ], [ -83.16497105332482, 36.739420228235382 ], [ -83.163907053312855, 36.739372228430753 ], [ -83.163125053091548, 36.739300228454539 ], [ -83.162464054460031, 36.739508229346583 ], [ -83.16185005476963, 36.739535229637646 ], [ -83.161246055771201, 36.739682230318301 ], [ -83.160649057569842, 36.739967231452226 ], [ -83.159811061692295, 36.740643233962778 ], [ -83.159299062741113, 36.740802234667207 ], [ -83.158818063429123, 36.740900235161256 ], [ -83.15840806495045, 36.741145236119465 ], [ -83.157741065395911, 36.741193236518399 ], [ -83.157308066512243, 36.741367237254607 ], [ -83.156760068920008, 36.74175923876475 ], [ -83.15650006820367, 36.741624238408306 ], [ -83.156008068194268, 36.741601238511514 ], [ -83.154823068521395, 36.741606238962419 ], [ -83.153774068443525, 36.741547239146122 ], [ -83.153276069362562, 36.741684239794651 ], [ -83.153159070939012, 36.741951240747397 ], [ -83.153061073669477, 36.742418242375813 ], [ -83.152922074562113, 36.742566242933513 ], [ -83.152491075482146, 36.742706243577054 ], [ -83.152225075445017, 36.742688243617813 ], [ -83.151474072545739, 36.742155242075356 ], [ -83.150423072717956, 36.742139242414957 ], [ -83.149841072284957, 36.742039242287085 ], [ -83.149443072141779, 36.741997242289976 ], [ -83.149123072309379, 36.742012242461534 ], [ -83.14851907331385, 36.74215924319936 ], [ -83.148026073356974, 36.742145243335678 ], [ -83.147258072947466, 36.74204124325923 ], [ -83.145209071433499, 36.741691242785116 ], [ -83.144412071326613, 36.741638242889813 ], [ -83.143820072450325, 36.741806243706044 ], [ -83.142423072784666, 36.741803244211816 ], [ -83.14199907439459, 36.742062245300147 ], [ -83.141476075251873, 36.742187245946397 ], [ -83.140367077923145, 36.742599247856958 ], [ -83.139927078289688, 36.742643248185338 ], [ -83.138781078660358, 36.742657248676437 ], [ -83.138396078635637, 36.742636248747516 ], [ -83.13824407895855, 36.742685248985282 ], [ -83.137543081098514, 36.743023250496101 ], [ -83.137117081397875, 36.743056250783859 ], [ -83.136494080904882, 36.742944250614109 ], [ -83.13512107943356, 36.742631249985884 ], [ -83.134848080641206, 36.742827250819481 ], [ -83.134634084727423, 36.74352125348527 ], [ -83.133960088291516, 36.744105255934407 ], [ -83.1338620932206, 36.744949259126841 ], [ -83.133695094419451, 36.745148259941367 ], [ -83.133631095981428, 36.745414260963138 ], [ -83.133399096941289, 36.745569261643325 ], [ -83.133235097459647, 36.745651262021603 ], [ -83.13299310010747, 36.746096263795529 ], [ -83.133024101348994, 36.746311264587867 ], [ -83.133273101941995, 36.746424264899971 ], [ -83.133628102409034, 36.746520265099804 ], [ -83.133811102943255, 36.746620265391137 ], [ -83.134034105593898, 36.747086267029538 ], [ -83.133978109960381, 36.747835269851372 ], [ -83.134139111627249, 36.748129270871978 ], [ -83.13406711257548, 36.748289271503467 ], [ -83.133941113572448, 36.748455272183605 ], [ -83.133954115509837, 36.748789273424443 ], [ -83.134426118699935, 36.749359275317396 ], [ -83.134316119268718, 36.749452275718831 ], [ -83.133684120332717, 36.749607276613951 ], [ -83.132677121761219, 36.749808277874457 ], [ -83.132162123084228, 36.750042278808998 ], [ -83.131966122898376, 36.749972278851807 ], [ -83.131653122002902, 36.749804278377205 ], [ -83.130870121786941, 36.749732278500488 ], [ -83.130131120867617, 36.74954127814766 ], [ -83.129899121706671, 36.749675278773424 ], [ -83.129734122598236, 36.74982127941206 ], [ -83.12976712363529, 36.750004280069078 ], [ -83.12997212400019, 36.750234279716302 ], [ -83.129624124172125, 36.750279279845159 ], [ -83.128942124456074, 36.750338280129284 ], [ -83.12839812460976, 36.750345280399195 ], [ -83.127986125265735, 36.750647280285065 ], [ -83.127811126062255, 36.751060279931259 ], [ -83.127837126642959, 36.751383279571343 ], [ -83.128021127362615, 36.751805279023721 ], [ -83.12841912791734, 36.752167278429638 ], [ -83.128898128461714, 36.752535277786173 ], [ -83.129019129075587, 36.752890277341287 ], [ -83.128924129762098, 36.753254276998589 ], [ -83.128733130697398, 36.753741276573741 ], [ -83.128631131754958, 36.7543082760169 ], [ -83.128711133023103, 36.75501727521214 ], [ -83.128727134151632, 36.755640274533313 ], [ -83.128639134576559, 36.755861274341903 ], [ -83.128384135354509, 36.756252274056344 ], [ -83.12836013580997, 36.756499273803513 ], [ -83.128457136237202, 36.756748273484291 ], [ -83.128819137305513, 36.757388272603166 ], [ -83.128896138108772, 36.757841272074394 ], [ -83.128806138597952, 36.758097271846935 ], [ -83.128541139258886, 36.758422271639319 ], [ -83.128425139733224, 36.758666271439168 ], [ -83.128459140602473, 36.75914927090151 ], [ -83.12861814124949, 36.75952827040814 ], [ -83.128639141478459, 36.759657270258074 ], [ -83.128570141611306, 36.759720270227575 ], [ -83.128370141713447, 36.75974727030669 ], [ -83.127881141683076, 36.759659270665622 ], [ -83.127600141786672, 36.759675270800386 ], [ -83.127398141987555, 36.75975627082282 ], [ -83.127134142570583, 36.760038270663642 ], [ -83.1269851433469, 36.76044327031088 ], [ -83.126974143893804, 36.760742269996776 ], [ -83.12684714421502, 36.76090026989683 ], [ -83.126563144512531, 36.761022269921114 ], [ -83.125973144916983, 36.761158270097582 ], [ -83.125635145543868, 36.761453269967518 ], [ -83.125574145873173, 36.7616252698176 ], [ -83.125664146065787, 36.76174426964144 ], [ -83.125937146260569, 36.761891269335138 ], [ -83.126387146257073, 36.761955269020213 ], [ -83.12669014630913, 36.762028268776049 ], [ -83.127253146630153, 36.762287268189837 ], [ -83.12814914688029, 36.762556267408726 ], [ -83.129061146951287, 36.762729266720591 ], [ -83.129760147689709, 36.763238265786271 ], [ -83.130377147964424, 36.763480265183652 ], [ -83.131205148890928, 36.764112264040413 ], [ -83.131587148979278, 36.7642172637144 ], [ -83.132325148845013, 36.764252263266187 ], [ -83.132546149049034, 36.764397262985575 ], [ -83.132613149599365, 36.764710262607466 ], [ -83.132463150527528, 36.765199262158816 ], [ -83.1323631514841, 36.765711261657586 ], [ -83.132228151876319, 36.765907261520113 ], [ -83.131898152173989, 36.766022261580311 ], [ -83.131403152381722, 36.766063261813798 ], [ -83.131257152473708, 36.76609226186433 ], [ -83.131143152847741, 36.766281261723528 ], [ -83.131193153615399, 36.766711261229183 ], [ -83.131377155542069, 36.767799259945143 ], [ -83.131257156212101, 36.76815025963262 ], [ -83.131089156677234, 36.768381259477685 ], [ -83.130976156976701, 36.768529259381687 ], [ -83.130631157093717, 36.76854225956415 ], [ -83.130338157102216, 36.768503259773276 ], [ -83.130079157488581, 36.768677259732897 ], [ -83.129882158021729, 36.768941259560002 ], [ -83.129773158847357, 36.769379259149467 ], [ -83.12954315971497, 36.76982225880321 ], [ -83.129567160373696, 36.770188258394541 ], [ -83.129829161173006, 36.770667257726608 ], [ -83.130127161493505, 36.770888257315967 ], [ -83.130626161690088, 36.7710712568297 ], [ -83.131128161734992, 36.771171256431138 ], [ -83.13149216205899, 36.771404255967695 ], [ -83.131753162251186, 36.771549255659011 ], [ -83.132166162158484, 36.771560255407664 ], [ -83.13268616196217, 36.771530255138906 ], [ -83.132966161918475, 36.771548254956961 ], [ -83.133081162128562, 36.771681254745289 ], [ -83.132836163017814, 36.772134254393826 ], [ -83.132115164567693, 36.772879254003129 ], [ -83.131918165117355, 36.773152253821536 ], [ -83.131702165986553, 36.773598253463604 ], [ -83.131455166410262, 36.773794253395749 ], [ -83.130760166666235, 36.773830253764693 ], [ -83.130429166664356, 36.773779254014272 ], [ -83.130120166910828, 36.77386825409944 ], [ -83.130006167287405, 36.774058253961243 ], [ -83.130043168360359, 36.774654253295523 ], [ -83.12980316909875, 36.775024253037515 ], [ -83.129428169867168, 36.775390252864547 ], [ -83.129292170093649, 36.775494252832928 ], [ -83.129103170272941, 36.775564252869557 ], [ -83.128988170708183, 36.775786252698637 ], [ -83.129136171200059, 36.776079252295041 ], [ -83.129416171779056, 36.776440251739338 ], [ -83.129596172636354, 36.77693925109358 ], [ -83.130078173673553, 36.777583250109835 ], [ -83.130623174549328, 36.778148249171629 ], [ -83.130848175122864, 36.778498248657186 ], [ -83.131181175646375, 36.778837248089026 ], [ -83.131268175938274, 36.779011247847812 ], [ -83.131187176718285, 36.779428247444621 ], [ -83.131243177115095, 36.779655247164584 ], [ -83.131534177844273, 36.780101246504074 ], [ -83.131973179572668, 36.78112024512987 ], [ -83.132254180389523, 36.781613244421877 ], [ -83.132753181228736, 36.782152243528884 ], [ -83.133044181920724, 36.782578242885656 ], [ -83.13324518302079, 36.783215242066987 ], [ -83.133225184015686, 36.783760241484742 ], [ -83.133252185276973, 36.784459240705374 ], [ -83.133232185514956, 36.784587240578198 ], [ -83.132216186950075, 36.785220240522257 ], [ -83.131783187386205, 36.785393240604698 ], [ -83.131220187753712, 36.785508240831959 ], [ -83.130683188055812, 36.785591241077981 ], [ -83.130128188633833, 36.785823241174626 ], [ -83.129835188760069, 36.785847241332306 ], [ -83.129520188621697, 36.785722241664544 ], [ -83.129340188352515, 36.785546241966998 ], [ -83.129128188324998, 36.785498242151377 ], [ -83.128887188538343, 36.785578242215912 ], [ -83.128696188741259, 36.785660242247253 ], [ -83.128300189340223, 36.785928242207049 ], [ -83.128124189498962, 36.785988242252991 ], [ -83.127715189479758, 36.785914242588845 ], [ -83.127567189572432, 36.785942242651601 ], [ -83.127292190028342, 36.786150242601131 ], [ -83.126888190355217, 36.786267242729487 ], [ -83.126058191109976, 36.786553242945473 ], [ -83.125385190977866, 36.786376243557285 ], [ -83.12498619111237, 36.78638824379528 ], [ -83.124582191383027, 36.786474243957834 ], [ -83.124232191682168, 36.786584244061075 ], [ -83.123994191660159, 36.786535244262673 ], [ -83.123701191688284, 36.786505244478811 ], [ -83.123433191869609, 36.786563244585885 ], [ -83.123162192186641, 36.786695244616737 ], [ -83.122831192795772, 36.786978244525962 ], [ -83.12234519451124, 36.787844243918521 ], [ -83.122222194715576, 36.787937243898291 ], [ -83.121756194807517, 36.787915244216663 ], [ -83.12143719490517, 36.787919244414624 ], [ -83.121329195046997, 36.787980244418847 ], [ -83.121089195671019, 36.788285244250289 ], [ -83.120946196517423, 36.788727243876743 ], [ -83.120709197062382, 36.788989243752404 ], [ -83.119208198534039, 36.789562244109746 ], [ -83.118980198764874, 36.789653244160426 ], [ -83.11893119884634, 36.789690244153071 ], [ -83.118258200366284, 36.790418243824902 ], [ -83.118143200785966, 36.790630243677974 ], [ -83.117983202134667, 36.79134424303755 ], [ -83.117799202669048, 36.791608242881502 ], [ -83.117266203706734, 36.792093242722004 ], [ -83.117043204270743, 36.792367242581918 ], [ -83.116590206299406, 36.793407241797716 ], [ -83.116472206609004, 36.793558241718152 ], [ -83.116239207225519, 36.793859241558614 ], [ -83.115978207736987, 36.79409824148177 ], [ -83.115359208828195, 36.794598241370338 ], [ -83.115163209346804, 36.794851241237808 ], [ -83.114991210216616, 36.79530024088772 ], [ -83.114794211479278, 36.795960240337187 ], [ -83.114579212237487, 36.796341240086804 ], [ -83.114026213334739, 36.796854239925068 ], [ -83.113684213908869, 36.797114239884827 ], [ -83.112944215731829, 36.797994239474548 ], [ -83.112367216718312, 36.798442239401112 ], [ -83.111529218765057, 36.799428238955549 ], [ -83.111063220137311, 36.800104238580026 ], [ -83.110650220962029, 36.800489238466731 ], [ -83.109748222284679, 36.801068238488412 ], [ -83.108741223589249, 36.801620238611974 ], [ -83.108158224208282, 36.801865238760357 ], [ -83.106897224970822, 36.802080239400958 ], [ -83.106425225420381, 36.80225023955132 ], [ -83.106057225905587, 36.802456239595401 ], [ -83.105587226824042, 36.802882239489534 ], [ -83.105416227416754, 36.803178239310391 ], [ -83.104865228421716, 36.803638239228043 ], [ -83.104332229240157, 36.803999239233612 ], [ -83.104118229921056, 36.804336239045007 ], [ -83.103616232405557, 36.805610238124217 ], [ -83.10345623374414, 36.806314237535702 ], [ -83.103407234881303, 36.806926236961971 ], [ -83.103312235593677, 36.807299236657798 ], [ -83.103428236351832, 36.807731236148001 ], [ -83.103392237421005, 36.808308235600201 ], [ -83.103393237991199, 36.808619235290671 ], [ -83.103458238702032, 36.80901723484984 ], [ -83.103340239890997, 36.809646234308318 ], [ -83.102806242051585, 36.810737233603412 ], [ -83.102565243105133, 36.811272233244452 ], [ -83.102343243597119, 36.811504233172506 ], [ -83.101951243949088, 36.811632233324694 ], [ -83.101093244480694, 36.811782233787227 ], [ -83.100676244764983, 36.811869233998451 ], [ -83.099753245904083, 36.812339234194638 ], [ -83.099069246924358, 36.812783234248265 ], [ -83.09855724791926, 36.81324123416691 ], [ -83.098481248452885, 36.813519233949769 ], [ -83.098661249617209, 36.814182233172652 ], [ -83.099003250971506, 36.81497523215058 ], [ -83.099143251938045, 36.815524231512001 ], [ -83.099008252704408, 36.815919231223155 ], [ -83.098955253324888, 36.816248230939784 ], [ -83.099085254099549, 36.81669123041177 ], [ -83.099112255335214, 36.817368229729368 ], [ -83.099024256991527, 36.818255228925715 ], [ -83.099059257831556, 36.818718228446862 ], [ -83.099110258525272, 36.819104228031541 ], [ -83.09926225956859, 36.819697227338935 ], [ -83.099192261638294, 36.820812226298855 ], [ -83.09910826309509, 36.821591225598667 ], [ -83.099213263739159, 36.821959225160178 ], [ -83.099225264424419, 36.8223342247841 ], [ -83.098848266022372, 36.823141224276178 ], [ -83.098543266979391, 36.823611224045493 ], [ -83.09850926733894, 36.823801223885447 ], [ -83.098608267650405, 36.823987223629288 ], [ -83.099006268233921, 36.824371222954326 ], [ -83.09948526877767, 36.824747222224971 ], [ -83.100447269633662, 36.825374220882765 ], [ -83.10131027080395, 36.826156219458852 ], [ -83.101757271591381, 36.826660218621875 ], [ -83.102081272568867, 36.827247217795083 ], [ -83.102086273571217, 36.827794217250428 ], [ -83.102006274036427, 36.828034217074382 ], [ -83.101937274435841, 36.828240216923625 ], [ -83.100737277939544, 36.829946216163663 ], [ -83.100265279584661, 36.830762215725947 ], [ -83.099905280407413, 36.831149215624791 ], [ -83.09902528190122, 36.831813215657334 ], [ -83.098685282363647, 36.832007215732162 ], [ -83.098080282822409, 36.83215421605955 ], [ -83.097401283572765, 36.832447216303194 ], [ -83.096855284368289, 36.832787216398636 ], [ -83.096287284896917, 36.832978216656926 ], [ -83.093106287273216, 36.833729218422292 ], [ -83.092634287675011, 36.833867218660153 ], [ -83.092048288482744, 36.834206218795828 ], [ -83.09090128956052, 36.834596219325476 ], [ -83.090502290258684, 36.834907219343783 ], [ -83.090212290871193, 36.835190219303549 ], [ -83.089842291405702, 36.835417219379984 ], [ -83.089482292173145, 36.835772219327929 ], [ -83.089014293621872, 36.836478219030184 ], [ -83.088459295144503, 36.837209218780295 ], [ -83.088281296083963, 36.837688218470056 ], [ -83.087882296803727, 36.838010218484747 ], [ -83.087460297335383, 36.838226218618288 ], [ -83.086632297940056, 36.83841221910518 ], [ -83.085869298749557, 36.838720219426882 ], [ -83.085008299361419, 36.838904219944325 ], [ -83.084071299849739, 36.839008220598082 ], [ -83.083261300235236, 36.839078221182277 ], [ -83.081994301292113, 36.839433221870159 ], [ -83.080968302877864, 36.840115222066714 ], [ -83.080266303544192, 36.840355222411659 ], [ -83.078816304490687, 36.840618223339959 ], [ -83.07811430513722, 36.840847223697736 ], [ -83.077566305346352, 36.840866224122919 ], [ -83.076910305743439, 36.840968224560115 ], [ -83.075254305774607, 36.840701226137959 ], [ -83.075173305854022, 36.840730226177243 ], [ -83.075005306276054, 36.840929226133753 ], [ -83.074914308128115, 36.841913225322237 ], [ -83.074794308818525, 36.842265225103148 ], [ -83.074441, 36.842715 ], [ -83.074291, 36.843141 ], [ -83.074158, 36.844154 ], [ -83.07414, 36.844938 ], [ -83.074067, 36.845793 ], [ -83.07422, 36.846343 ], [ -83.074688, 36.8473 ], [ -83.074979, 36.848046 ], [ -83.075104, 36.848629 ], [ -83.075123, 36.849488 ], [ -83.07547, 36.85015 ], [ -83.075764, 36.85048 ], [ -83.075849, 36.850694 ], [ -83.07568, 36.850928 ], [ -83.072836, 36.854457 ], [ -83.072619, 36.854561 ], [ -83.072263, 36.854465 ], [ -83.0717, 36.854195 ], [ -83.070778, 36.853538 ], [ -83.070461, 36.853475 ], [ -83.069529, 36.853443 ], [ -83.068988, 36.853298 ], [ -83.068492, 36.853041 ], [ -83.067896, 36.852575 ], [ -83.067402, 36.852222 ], [ -83.066854, 36.851949 ], [ -83.066245, 36.851858 ], [ -83.065365, 36.851856 ], [ -83.064798, 36.851682 ], [ -83.064243, 36.851583 ], [ -83.063694, 36.851643 ], [ -83.063356, 36.85172 ], [ -83.063041, 36.85197 ], [ -83.062539, 36.852514 ], [ -83.060749, 36.853948 ], [ -83.058803, 36.853454 ], [ -83.057953, 36.853381 ], [ -83.055919, 36.852878 ], [ -83.054573, 36.852523 ], [ -83.054235, 36.852266 ], [ -83.053546, 36.852173 ], [ -83.052256, 36.85211 ], [ -83.051513, 36.851993 ], [ -83.049666, 36.852026 ], [ -83.04883, 36.85193 ], [ -83.048224, 36.851733 ], [ -83.0478, 36.85168 ], [ -83.046952, 36.851861 ], [ -83.04529, 36.852441 ], [ -83.044705, 36.852749 ], [ -83.043664, 36.853461 ], [ -83.043121, 36.854004 ], [ -83.042817, 36.854276 ], [ -83.041999, 36.854717 ], [ -83.041377, 36.854957 ], [ -83.041028, 36.855013 ], [ -83.039976, 36.854996 ], [ -83.03872, 36.855051 ], [ -83.037524, 36.854957 ], [ -83.03689, 36.854812 ], [ -83.036577, 36.854621 ], [ -83.036362, 36.854326 ], [ -83.036089, 36.854168 ], [ -83.035704, 36.854117 ], [ -83.033751, 36.85429 ], [ -83.03281, 36.85445 ], [ -83.031741, 36.85484 ], [ -83.030201, 36.85537 ], [ -83.029668, 36.8554 ], [ -83.029068, 36.855341 ], [ -83.02832, 36.855386 ], [ -83.027048, 36.855557 ], [ -83.026607, 36.855556 ], [ -83.02631, 36.855422 ], [ -83.026078, 36.855104 ], [ -83.02597, 36.854843 ], [ -83.025852, 36.853767 ], [ -83.025692, 36.853399 ], [ -83.025226, 36.852722 ], [ -83.024831, 36.85194 ], [ -83.024628, 36.851677 ], [ -83.023734, 36.851145 ], [ -83.023248, 36.85086 ], [ -83.022332, 36.850063 ], [ -83.022079, 36.849935 ], [ -83.021913, 36.84988 ], [ -83.021011, 36.850093 ], [ -83.019933, 36.850035 ], [ -83.018999, 36.8497 ], [ -83.017608, 36.849367 ], [ -83.016733, 36.849031 ], [ -83.01576, 36.848861 ], [ -83.015226, 36.848557 ], [ -83.013905, 36.84757 ], [ -83.013543, 36.847323 ], [ -83.01303, 36.847139 ], [ -83.012771, 36.84693 ], [ -83.012437, 36.84693 ], [ -83.012283, 36.847121 ], [ -83.01157, 36.847637 ], [ -83.011096, 36.847808 ], [ -83.010864, 36.847785 ], [ -83.010234, 36.847534 ], [ -83.009242, 36.847408 ], [ -83.008616, 36.84732 ], [ -83.007463, 36.847483 ], [ -83.006577, 36.847643 ], [ -83.006374, 36.847879 ], [ -83.005727, 36.849053 ], [ -83.005108, 36.849872 ], [ -83.004914, 36.850068 ], [ -83.00468, 36.850259 ], [ -83.004255, 36.850515 ], [ -83.004044, 36.850821 ], [ -83.003811, 36.85163 ], [ -83.003345, 36.852347 ], [ -83.003057, 36.85279 ], [ -83.002904, 36.85299 ], [ -83.00202, 36.853417 ], [ -83.001788, 36.853563 ], [ -83.000821, 36.854737 ], [ -83.000345, 36.854971 ], [ -82.99998, 36.855081 ], [ -82.999484, 36.855507 ], [ -82.998587, 36.856567 ], [ -82.99759, 36.856851 ], [ -82.996695, 36.856862 ], [ -82.996285, 36.857129 ], [ -82.995757, 36.857319 ], [ -82.994807, 36.857401 ], [ -82.994298, 36.857474 ], [ -82.993624, 36.857816 ], [ -82.993246, 36.857915 ], [ -82.992849, 36.857871 ], [ -82.992226, 36.857749 ], [ -82.992, 36.857764 ], [ -82.991838, 36.857801 ], [ -82.99138, 36.858252 ], [ -82.991057, 36.858306 ], [ -82.99068, 36.858415 ], [ -82.9902, 36.858735 ], [ -82.989602, 36.858998 ], [ -82.988996, 36.859156 ], [ -82.988081, 36.85921 ], [ -82.987552, 36.8591 ], [ -82.987241, 36.858869 ], [ -82.987009, 36.85867 ], [ -82.986852, 36.858622 ], [ -82.986678, 36.858607 ], [ -82.986257, 36.858811 ], [ -82.986001, 36.858879 ], [ -82.985454, 36.858865 ], [ -82.984595, 36.858703 ], [ -82.984055, 36.858527 ], [ -82.983788, 36.858521 ], [ -82.983463, 36.858663 ], [ -82.982916, 36.858982 ], [ -82.98261, 36.859005 ], [ -82.982147, 36.858897 ], [ -82.981774, 36.858898 ], [ -82.980317, 36.859331 ], [ -82.979502, 36.859698 ], [ -82.979112, 36.859772 ], [ -82.978577, 36.859813 ], [ -82.978208, 36.859728 ], [ -82.977919, 36.859581 ], [ -82.977497, 36.859483 ], [ -82.976565, 36.859458 ], [ -82.976167, 36.859537 ], [ -82.97568, 36.859566 ], [ -82.975138, 36.859444 ], [ -82.974586, 36.859236 ], [ -82.973801, 36.859193 ], [ -82.9733, 36.859075 ], [ -82.972435, 36.858366 ], [ -82.971977, 36.857816 ], [ -82.97155, 36.857662 ], [ -82.971138, 36.85763 ], [ -82.970792, 36.857641 ], [ -82.969567, 36.857899 ], [ -82.969243, 36.858019 ], [ -82.968833, 36.8586 ], [ -82.968511, 36.858933 ], [ -82.96802, 36.859209 ], [ -82.96743, 36.859333 ], [ -82.967017, 36.859312 ], [ -82.966652, 36.85941 ], [ -82.966363, 36.859659 ], [ -82.965909, 36.860002 ], [ -82.964855, 36.860329 ], [ -82.964486, 36.860564 ], [ -82.963968, 36.861164000000102 ], [ -82.963764, 36.861265 ], [ -82.963187, 36.861367 ], [ -82.962756, 36.861463 ], [ -82.962618, 36.861588 ], [ -82.962459, 36.861885 ], [ -82.961964, 36.862269 ], [ -82.961435, 36.86248 ], [ -82.96071, 36.862611 ], [ -82.95964, 36.86269 ], [ -82.959382, 36.862792 ], [ -82.958045, 36.863196 ], [ -82.957484, 36.863234 ], [ -82.956713, 36.863203 ], [ -82.956256, 36.863255 ], [ -82.955741, 36.863456 ], [ -82.954687, 36.864158 ], [ -82.95439, 36.864236 ], [ -82.953938, 36.864203 ], [ -82.953602, 36.864279 ], [ -82.95333, 36.864423 ], [ -82.95319, 36.864547 ], [ -82.952971, 36.865003 ], [ -82.952762, 36.865244 ], [ -82.951754, 36.866108 ], [ -82.951576, 36.86619 ], [ -82.951389, 36.866206 ], [ -82.949971, 36.866007 ], [ -82.949717, 36.866032 ], [ -82.949154, 36.866393 ], [ -82.948832, 36.866461 ], [ -82.948685, 36.866456 ], [ -82.946718, 36.865975 ], [ -82.9464, 36.865925 ], [ -82.945609, 36.866376 ], [ -82.945163, 36.866503 ], [ -82.944539, 36.866589 ], [ -82.943821, 36.866558 ], [ -82.943093, 36.866411 ], [ -82.942686, 36.866261 ], [ -82.942566, 36.866269 ], [ -82.942455, 36.866351 ], [ -82.942265, 36.866764 ], [ -82.94214, 36.86691 ], [ -82.941691, 36.867125 ], [ -82.941327, 36.867211 ], [ -82.940232, 36.86728 ], [ -82.937678, 36.867319 ], [ -82.937498, 36.867603 ], [ -82.937291, 36.867781 ], [ -82.937021, 36.867828 ], [ -82.936842, 36.867984 ], [ -82.936713, 36.868205 ], [ -82.936728, 36.868484 ], [ -82.936783, 36.868743 ], [ -82.936708, 36.868957 ], [ -82.936622, 36.869125 ], [ -82.936377, 36.869258 ], [ -82.935268, 36.869615 ], [ -82.934774, 36.869976 ], [ -82.934296, 36.870232 ], [ -82.933486, 36.870468 ], [ -82.932966, 36.870477 ], [ -82.932159, 36.870306 ], [ -82.931894, 36.870299 ], [ -82.930962, 36.870584 ], [ -82.930228, 36.870721 ], [ -82.929895, 36.870712 ], [ -82.928971, 36.870493 ], [ -82.928562, 36.870421 ], [ -82.928307, 36.870412 ], [ -82.927271, 36.870965 ], [ -82.926946, 36.871115 ], [ -82.926544, 36.87116 ], [ -82.926279, 36.87112 ], [ -82.926101, 36.871212 ], [ -82.925861, 36.871538 ], [ -82.92542, 36.8719 ], [ -82.92487, 36.872616 ], [ -82.924556, 36.872801 ], [ -82.924106, 36.873036 ], [ -82.923807, 36.8733 ], [ -82.92324, 36.873522 ], [ -82.922747, 36.873809 ], [ -82.922463, 36.873898 ], [ -82.922077, 36.873898 ], [ -82.921144, 36.873542 ], [ -82.920962, 36.87345 ], [ -82.920801, 36.873436 ], [ -82.920461, 36.87362 ], [ -82.919884, 36.873733 ], [ -82.918989, 36.873752 ], [ -82.918416, 36.873748 ], [ -82.918019, 36.873662 ], [ -82.917611, 36.873502 ], [ -82.917097, 36.873714 ], [ -82.916195, 36.873915 ], [ -82.914979, 36.873968 ], [ -82.9145, 36.873944 ], [ -82.913946, 36.874123 ], [ -82.912603, 36.874354 ], [ -82.911751, 36.87432 ], [ -82.910965, 36.874255 ], [ -82.910276, 36.874164 ], [ -82.910085, 36.874277 ], [ -82.909404, 36.874625 ], [ -82.909028, 36.874689 ], [ -82.908175, 36.874688 ], [ -82.907823, 36.874764 ], [ -82.907501, 36.875151 ], [ -82.907365, 36.875588 ], [ -82.907392, 36.875869 ], [ -82.907942, 36.877083 ], [ -82.908054, 36.877601 ], [ -82.907995, 36.878393 ], [ -82.908007, 36.878747 ], [ -82.907907, 36.878906 ], [ -82.907385, 36.879298 ], [ -82.906651, 36.879611 ], [ -82.906085, 36.879757 ], [ -82.904889, 36.87994 ], [ -82.903975, 36.88014 ], [ -82.901802, 36.88077 ], [ -82.901448, 36.880942 ], [ -82.900868, 36.881398 ], [ -82.900526, 36.881615 ], [ -82.899817, 36.881692 ], [ -82.898833, 36.881933 ], [ -82.898222, 36.881842 ], [ -82.897807, 36.881884 ], [ -82.897273, 36.881904 ], [ -82.896822, 36.881836 ], [ -82.896405, 36.881912 ], [ -82.895865, 36.882081 ], [ -82.89541, 36.882144 ], [ -82.895151, 36.882231 ], [ -82.894585, 36.882732 ], [ -82.893972, 36.883326 ], [ -82.893607, 36.883477 ], [ -82.892754, 36.883423 ], [ -82.891184, 36.883691 ], [ -82.890274, 36.884065 ], [ -82.889343, 36.884661 ], [ -82.888587, 36.885509 ], [ -82.887985, 36.886501 ], [ -82.887571, 36.886854 ], [ -82.887024, 36.887161 ], [ -82.885709, 36.887706 ], [ -82.885257, 36.887972 ], [ -82.884843, 36.888293 ], [ -82.884461, 36.888498 ], [ -82.883439, 36.888695000000105 ], [ -82.8818, 36.888974 ], [ -82.881027, 36.888974 ], [ -82.880281, 36.888932 ], [ -82.879744, 36.889026 ], [ -82.87908, 36.889255 ], [ -82.878683, 36.889532 ], [ -82.878355, 36.889996 ], [ -82.877892, 36.891561 ], [ -82.877861, 36.891956 ], [ -82.8784, 36.892953 ], [ -82.878455, 36.893067 ], [ -82.878523, 36.893346 ], [ -82.878554, 36.893739 ], [ -82.878467, 36.894218 ], [ -82.877914, 36.894986 ], [ -82.877412, 36.89551 ], [ -82.876654, 36.8961 ], [ -82.875743, 36.896526 ], [ -82.874838, 36.896792 ], [ -82.874095, 36.897028 ], [ -82.872771, 36.8974 ], [ -82.87202, 36.897529 ], [ -82.871083, 36.897601 ], [ -82.870624, 36.897697 ], [ -82.870336, 36.897892 ], [ -82.869765, 36.898478 ], [ -82.869187, 36.898921 ], [ -82.868571, 36.899261 ], [ -82.868196, 36.899635 ], [ -82.867978, 36.900048 ], [ -82.868058, 36.900684 ], [ -82.868305, 36.901173 ], [ -82.868628, 36.901396 ], [ -82.869159, 36.901463 ], [ -82.86974, 36.901619 ], [ -82.870301, 36.901922 ], [ -82.870964, 36.902659 ], [ -82.871418, 36.902949 ], [ -82.872103, 36.903194 ], [ -82.872703, 36.903521 ], [ -82.873201, 36.90405 ], [ -82.873637, 36.904768 ], [ -82.874143, 36.905758 ], [ -82.874483, 36.906261 ], [ -82.874962, 36.906615 ], [ -82.875547, 36.906976 ], [ -82.876327, 36.907167 ], [ -82.876955, 36.907475 ], [ -82.877352, 36.907881 ], [ -82.877449, 36.908067 ], [ -82.877379, 36.908471 ], [ -82.876242, 36.910135 ], [ -82.87599, 36.910419 ], [ -82.875568, 36.91062 ], [ -82.874692, 36.911155 ], [ -82.874263, 36.911519 ], [ -82.873777, 36.912299 ], [ -82.873157, 36.913097 ], [ -82.872664, 36.913406 ], [ -82.871819, 36.913501 ], [ -82.871337, 36.913885 ], [ -82.871069, 36.91422 ], [ -82.870989, 36.914519 ], [ -82.870978, 36.914968 ], [ -82.870963, 36.915272 ], [ -82.870857, 36.915449 ], [ -82.869753, 36.916496 ], [ -82.869384, 36.916702 ], [ -82.868, 36.916922 ], [ -82.867594, 36.917072 ], [ -82.867345, 36.917268 ], [ -82.867198, 36.917586 ], [ -82.867216, 36.918133 ], [ -82.867329, 36.918619 ], [ -82.867278, 36.918865 ], [ -82.867128, 36.91909 ], [ -82.866594, 36.919429 ], [ -82.866065, 36.919942 ], [ -82.86545, 36.920621 ], [ -82.864883, 36.921701 ], [ -82.864661, 36.921909 ], [ -82.864458, 36.921989 ], [ -82.863753, 36.921938 ], [ -82.863549, 36.92205 ], [ -82.863493, 36.922246 ], [ -82.863519, 36.922911 ], [ -82.86319, 36.923449 ], [ -82.862798, 36.923868 ], [ -82.862196, 36.924197 ], [ -82.861779, 36.924335 ], [ -82.861385, 36.924774 ], [ -82.860807, 36.924898 ], [ -82.860426, 36.925069 ], [ -82.860056, 36.925286 ], [ -82.859916, 36.925452 ], [ -82.859725, 36.926011 ], [ -82.859474, 36.926272 ], [ -82.859016, 36.927318 ], [ -82.858988, 36.927384 ], [ -82.858689, 36.927817 ], [ -82.857807, 36.928489 ], [ -82.857665, 36.928669 ], [ -82.857644, 36.92885 ], [ -82.858015, 36.929713 ], [ -82.858241, 36.930684 ], [ -82.858288, 36.931456 ], [ -82.858239, 36.93219 ], [ -82.858186, 36.932468 ], [ -82.858637, 36.933198 ], [ -82.859114, 36.933484 ], [ -82.859576, 36.933686 ], [ -82.859974, 36.933769 ], [ -82.860113, 36.933925 ], [ -82.86007, 36.934653 ], [ -82.860348, 36.935678 ], [ -82.860351, 36.936401 ], [ -82.860432, 36.937005 ], [ -82.860345, 36.937185 ], [ -82.860538, 36.937758 ], [ -82.860554, 36.938242 ], [ -82.861032, 36.938619 ], [ -82.861355, 36.939175 ], [ -82.861687, 36.939527 ], [ -82.861912, 36.940394 ], [ -82.862231, 36.941059 ], [ -82.8623, 36.941338 ], [ -82.861791, 36.941989 ], [ -82.861684, 36.94263 ], [ -82.861584, 36.942955 ], [ -82.86177, 36.943635 ], [ -82.861778, 36.944054 ], [ -82.861668, 36.944469 ], [ -82.861371, 36.944855 ], [ -82.861001, 36.945396 ], [ -82.860707, 36.94603 ], [ -82.860406, 36.94711 ], [ -82.86016, 36.94779 ], [ -82.860235, 36.948243 ], [ -82.860238, 36.948477 ], [ -82.859882, 36.949172 ], [ -82.859349, 36.94978 ], [ -82.858878, 36.950173 ], [ -82.858276, 36.950875 ], [ -82.856791, 36.952196 ], [ -82.856571, 36.952186 ], [ -82.85633, 36.952342 ], [ -82.856091, 36.952675 ], [ -82.855912, 36.953012 ], [ -82.855877, 36.953601 ], [ -82.855735, 36.953818 ], [ -82.855768, 36.953948 ], [ -82.855877, 36.95409 ], [ -82.85613, 36.954155 ], [ -82.856215, 36.954162 ], [ -82.856446, 36.954162 ], [ -82.856753, 36.953751 ], [ -82.858165, 36.953853 ], [ -82.858424, 36.953999 ], [ -82.858667, 36.954285 ], [ -82.858884, 36.955117 ], [ -82.859125, 36.955445 ], [ -82.860354, 36.956069 ], [ -82.860782, 36.95639 ], [ -82.861083, 36.956527 ], [ -82.861178, 36.95712 ], [ -82.861357, 36.957329 ], [ -82.861647, 36.9574 ], [ -82.862405, 36.957453 ], [ -82.862522, 36.957521 ], [ -82.8628, 36.957892 ], [ -82.863195, 36.958042 ], [ -82.863688, 36.958056 ], [ -82.864498, 36.957997 ], [ -82.864956, 36.957922 ], [ -82.86594, 36.958336 ], [ -82.866144, 36.958556 ], [ -82.865978, 36.958992 ], [ -82.865827, 36.959759 ], [ -82.86558, 36.960203 ], [ -82.865621, 36.960516 ], [ -82.866824, 36.961302 ], [ -82.867164, 36.962105 ], [ -82.867367, 36.962669 ], [ -82.867412, 36.963186 ], [ -82.867227, 36.96347 ], [ -82.867201, 36.963768 ], [ -82.867438, 36.964162 ], [ -82.867709, 36.964414 ], [ -82.868271, 36.964542 ], [ -82.868791, 36.964558 ], [ -82.869544, 36.964728 ], [ -82.869927, 36.964845 ], [ -82.870108, 36.964978 ], [ -82.870277, 36.965392 ], [ -82.870202, 36.966224 ], [ -82.870206, 36.966492 ], [ -82.870376, 36.966883 ], [ -82.870557, 36.967083 ], [ -82.870684, 36.967359 ], [ -82.870989, 36.96829 ], [ -82.870982, 36.968483 ], [ -82.870954, 36.968546 ], [ -82.870821, 36.968697 ], [ -82.870613, 36.968887 ], [ -82.869612, 36.96919 ], [ -82.869169, 36.969404 ], [ -82.868967, 36.969654 ], [ -82.868879, 36.970065 ], [ -82.868846, 36.970735 ], [ -82.868742, 36.971037 ], [ -82.868629, 36.971297 ], [ -82.868641, 36.97164 ], [ -82.86879, 36.971913 ], [ -82.869212, 36.972253 ], [ -82.869491, 36.97248 ], [ -82.869636, 36.972841 ], [ -82.869607, 36.973343 ], [ -82.86943, 36.973748 ], [ -82.869192, 36.974186 ], [ -82.868735, 36.974951 ], [ -82.868693, 36.975245 ], [ -82.868776, 36.975654 ], [ -82.868799, 36.976127 ], [ -82.868716, 36.976325 ], [ -82.868551, 36.97651 ], [ -82.868108, 36.976999 ], [ -82.867623, 36.977636 ], [ -82.867467, 36.978049 ], [ -82.867307, 36.978179 ], [ -82.867082, 36.978247 ], [ -82.866381, 36.97822 ], [ -82.866133, 36.978345 ], [ -82.865876, 36.978352 ], [ -82.865754, 36.978361 ], [ -82.865472, 36.978427 ], [ -82.865213, 36.978626 ], [ -82.864969, 36.978969 ], [ -82.864916, 36.979043 ], [ -82.86476, 36.979178 ], [ -82.862861, 36.98019 ], [ -82.862586, 36.980268 ], [ -82.862308, 36.980249 ], [ -82.861922, 36.980038 ], [ -82.861253, 36.97917 ], [ -82.860682, 36.978524 ], [ -82.860659, 36.978499 ], [ -82.860414, 36.978377 ], [ -82.860105, 36.978392 ], [ -82.860025, 36.978441 ], [ -82.859812, 36.978573 ], [ -82.859508, 36.978652 ], [ -82.859187, 36.978625 ], [ -82.85883, 36.9785 ], [ -82.85846, 36.97837 ], [ -82.858127, 36.97832 ], [ -82.857893, 36.97844 ], [ -82.857721, 36.978594 ], [ -82.857676, 36.978635 ], [ -82.856981, 36.978848 ], [ -82.856806, 36.979089 ], [ -82.856804, 36.979319 ], [ -82.857018, 36.979675 ], [ -82.857053, 36.979865 ], [ -82.856531, 36.980572 ], [ -82.856381, 36.981006 ], [ -82.856372, 36.981184 ], [ -82.856389, 36.981288 ], [ -82.856493, 36.981562 ], [ -82.85652, 36.981698 ], [ -82.856531, 36.981908 ], [ -82.856502, 36.982042 ], [ -82.85636, 36.982237 ], [ -82.856061, 36.982583 ], [ -82.855996, 36.982716 ], [ -82.855851, 36.982886 ], [ -82.855576, 36.983088 ], [ -82.855355, 36.983182 ], [ -82.855116, 36.983377 ], [ -82.854947, 36.983549 ], [ -82.854777, 36.983776 ], [ -82.853759, 36.985152 ], [ -82.853679, 36.985191 ], [ -82.853577, 36.985298 ], [ -82.853423, 36.985312 ], [ -82.852672, 36.985104 ], [ -82.851433, 36.98457 ], [ -82.851011, 36.984424 ], [ -82.850701, 36.984249 ], [ -82.850073, 36.983763 ], [ -82.849802, 36.983583 ], [ -82.84961, 36.983549 ], [ -82.849081, 36.983564 ], [ -82.848341, 36.983768 ], [ -82.84761, 36.984038 ], [ -82.846974, 36.984184 ], [ -82.846706, 36.984195 ], [ -82.846167, 36.984072 ], [ -82.845521, 36.983772 ], [ -82.845242, 36.983765 ], [ -82.844952, 36.983825 ], [ -82.844446, 36.984091 ], [ -82.844026, 36.984502 ], [ -82.843652, 36.985103 ], [ -82.843392, 36.985403 ], [ -82.843124, 36.985634 ], [ -82.842008, 36.986248 ], [ -82.841257, 36.986923 ], [ -82.841004, 36.987098 ], [ -82.840518, 36.987126 ], [ -82.839874, 36.987266 ], [ -82.838841, 36.98709 ], [ -82.838104, 36.987019 ], [ -82.837911, 36.987014 ], [ -82.837683, 36.987049 ], [ -82.837532, 36.987116 ], [ -82.837275, 36.98728 ], [ -82.837144, 36.987384 ], [ -82.836944, 36.987593 ], [ -82.836613, 36.987976 ], [ -82.836465, 36.988191 ], [ -82.836238, 36.988584 ], [ -82.836029, 36.988804 ], [ -82.835821, 36.989166 ], [ -82.835763, 36.989387 ], [ -82.835692, 36.990123 ], [ -82.835528, 36.99084 ], [ -82.83526, 36.991184 ], [ -82.835262, 36.991245 ], [ -82.83506, 36.991477 ], [ -82.834878, 36.991648 ], [ -82.834662, 36.991789 ], [ -82.83438, 36.991922 ], [ -82.833894, 36.992004 ], [ -82.833645, 36.992058 ], [ -82.833034, 36.99205 ], [ -82.832881, 36.992013 ], [ -82.832696, 36.992044 ], [ -82.832525, 36.992185 ], [ -82.832377, 36.992543 ], [ -82.832258, 36.992755 ], [ -82.831915, 36.993011 ], [ -82.830842, 36.993556 ], [ -82.830478, 36.993901 ], [ -82.830179, 36.994357 ], [ -82.830066, 36.994625 ], [ -82.830126, 36.995623 ], [ -82.830005, 36.995877 ], [ -82.829692, 36.996229 ], [ -82.829516, 36.996475 ], [ -82.829409, 36.997061 ], [ -82.829145, 36.997414 ], [ -82.828989, 36.997869 ], [ -82.829111, 36.998652 ], [ -82.829305, 36.999276 ], [ -82.829522, 36.99957 ], [ -82.829956, 36.99995 ], [ -82.830155, 37.000146 ], [ -82.830343, 37.000436 ], [ -82.830569, 37.000928 ], [ -82.830586, 37.001219 ], [ -82.830453, 37.001526 ], [ -82.830354, 37.001867 ], [ -82.830306, 37.002442 ], [ -82.830289, 37.002968 ], [ -82.830086, 37.003693 ], [ -82.829369, 37.004331 ], [ -82.829162, 37.004565 ], [ -82.828925, 37.004908 ], [ -82.828883, 37.005085 ], [ -82.828846, 37.005487 ], [ -82.82872, 37.005798 ], [ -82.828333, 37.005944 ], [ -82.827542, 37.005961 ], [ -82.826856, 37.00612 ], [ -82.825984, 37.006463 ], [ -82.825538, 37.006483 ], [ -82.825138, 37.006419 ], [ -82.824949, 37.006336 ], [ -82.824657, 37.006177 ], [ -82.824319, 37.005846 ], [ -82.824097, 37.005516 ], [ -82.823802, 37.004974 ], [ -82.823528, 37.004568 ], [ -82.823249, 37.004346 ], [ -82.822806, 37.004153 ], [ -82.822525, 37.004106 ], [ -82.822253, 37.004158 ], [ -82.821718, 37.00468 ], [ -82.821441, 37.004852 ], [ -82.821052, 37.005035 ], [ -82.820847, 37.005315 ], [ -82.820641, 37.005684 ], [ -82.819966, 37.006172 ], [ -82.819191, 37.006441 ], [ -82.818615, 37.006446 ], [ -82.818235, 37.006358 ], [ -82.818016, 37.006225 ], [ -82.817983, 37.006158 ], [ -82.817865, 37.005913 ], [ -82.817698, 37.005842 ], [ -82.817421, 37.005888 ], [ -82.817173, 37.006013 ], [ -82.816929, 37.006276 ], [ -82.816898, 37.006669 ], [ -82.816965, 37.006798 ], [ -82.817097, 37.007057 ], [ -82.817087, 37.007246 ], [ -82.816862, 37.007427 ], [ -82.8165, 37.00749 ], [ -82.816112, 37.007448 ], [ -82.815865, 37.007356 ], [ -82.815592, 37.006821 ], [ -82.815393, 37.006713 ], [ -82.815207, 37.006562 ], [ -82.815014, 37.006376 ], [ -82.8149, 37.006207 ], [ -82.814683, 37.006045 ], [ -82.813804, 37.005641 ], [ -82.813633, 37.005611 ], [ -82.813455, 37.005629 ], [ -82.812965, 37.005789 ], [ -82.812461, 37.005883 ], [ -82.812085, 37.006111 ], [ -82.811656, 37.006445 ], [ -82.81134, 37.006652 ], [ -82.811012, 37.006827 ], [ -82.810693, 37.006941 ], [ -82.810241, 37.007032 ], [ -82.809772, 37.007098 ], [ -82.80941, 37.007122 ], [ -82.809091, 37.00708 ], [ -82.808839, 37.007008 ], [ -82.808405, 37.006767 ], [ -82.808213, 37.006731 ], [ -82.808104, 37.006733 ], [ -82.807376, 37.006953 ], [ -82.807111, 37.007002 ], [ -82.806768, 37.007152 ], [ -82.80663, 37.007164 ], [ -82.806052, 37.007122 ], [ -82.805757, 37.007116 ], [ -82.805462, 37.007146 ], [ -82.804986, 37.007228 ], [ -82.803945, 37.007254 ], [ -82.803795, 37.007302 ], [ -82.802982, 37.007688 ], [ -82.802633, 37.007784 ], [ -82.802158, 37.007838 ], [ -82.801532, 37.007862 ], [ -82.800532, 37.007989 ], [ -82.79991, 37.008102 ], [ -82.799461, 37.008221 ], [ -82.798936, 37.008469 ], [ -82.798184, 37.009331 ], [ -82.797885, 37.009562 ], [ -82.797625, 37.009512 ], [ -82.797263, 37.009306 ], [ -82.79692, 37.009026 ], [ -82.796598, 37.008636 ], [ -82.796256, 37.008086 ], [ -82.796109, 37.007654 ], [ -82.795632, 37.006877 ], [ -82.795377, 37.006451 ], [ -82.794697, 37.005922 ], [ -82.793665, 37.005471 ], [ -82.793435, 37.005476 ], [ -82.793247, 37.005596 ], [ -82.793061, 37.005846 ], [ -82.792589, 37.006039 ], [ -82.791961, 37.00614 ], [ -82.791368, 37.006286 ], [ -82.790893, 37.006542 ], [ -82.790569, 37.006904 ], [ -82.790321, 37.007355 ], [ -82.789973, 37.007604 ], [ -82.789587, 37.007954 ], [ -82.789265, 37.008218 ], [ -82.789036, 37.008457 ], [ -82.788498, 37.008672 ], [ -82.787885, 37.00875 ], [ -82.787063, 37.008734 ], [ -82.786213, 37.008546 ], [ -82.785547, 37.008304 ], [ -82.785102, 37.008077 ], [ -82.784797, 37.008047 ], [ -82.784329, 37.008184 ], [ -82.783889, 37.008128 ], [ -82.783483, 37.007947 ], [ -82.782863, 37.007821 ], [ -82.782268, 37.008052 ], [ -82.781689, 37.008608 ], [ -82.781479, 37.009028 ], [ -82.781599, 37.009621 ], [ -82.781467, 37.009832 ], [ -82.78091, 37.010276 ], [ -82.780441, 37.010582 ], [ -82.779982, 37.011032 ], [ -82.779546, 37.011527 ], [ -82.779007, 37.012222 ], [ -82.778545, 37.012577 ], [ -82.778344, 37.012782 ], [ -82.778288, 37.01301 ], [ -82.778287, 37.013338 ], [ -82.778402, 37.013815 ], [ -82.778284, 37.014018 ], [ -82.778074, 37.01419 ], [ -82.777643, 37.01459 ], [ -82.777458, 37.014901 ], [ -82.777434, 37.015219 ], [ -82.777425, 37.015338 ], [ -82.777324, 37.015887 ], [ -82.777165, 37.016023 ], [ -82.776924, 37.01603 ], [ -82.776611, 37.015983 ], [ -82.776203, 37.015899 ], [ -82.775955, 37.015776 ], [ -82.775869, 37.015733 ], [ -82.775392, 37.015568 ], [ -82.77486, 37.01547 ], [ -82.774352, 37.015461 ], [ -82.773895, 37.01551 ], [ -82.772895, 37.01556 ], [ -82.772166, 37.015621 ], [ -82.771853, 37.015707 ], [ -82.77169, 37.016247 ], [ -82.771415, 37.016705 ], [ -82.771099, 37.017099 ], [ -82.770735, 37.017291 ], [ -82.770456, 37.017385 ], [ -82.770201, 37.017538 ], [ -82.769908, 37.017919 ], [ -82.769404, 37.018881 ], [ -82.769342, 37.019055 ], [ -82.769314, 37.01938 ], [ -82.769255, 37.019623 ], [ -82.768998, 37.019832 ], [ -82.768708, 37.019969 ], [ -82.767943, 37.020455 ], [ -82.766945, 37.021128 ], [ -82.766772, 37.021629 ], [ -82.766685, 37.022015 ], [ -82.766536, 37.022776 ], [ -82.766409, 37.023084 ], [ -82.765983, 37.023335 ], [ -82.765606, 37.023459 ], [ -82.765314, 37.023658 ], [ -82.765205, 37.023931 ], [ -82.764819, 37.024333 ], [ -82.764409, 37.024484 ], [ -82.76389, 37.02456 ], [ -82.762681, 37.024505 ], [ -82.762404, 37.024729 ], [ -82.762278, 37.024842 ], [ -82.762033, 37.025266 ], [ -82.761779, 37.025763 ], [ -82.761179, 37.02637 ], [ -82.7608, 37.026442 ], [ -82.760355, 37.026606 ], [ -82.760058, 37.0268 ], [ -82.759873, 37.02701 ], [ -82.759479, 37.027255 ], [ -82.759064, 37.027434 ], [ -82.758976, 37.027453 ], [ -82.758343, 37.027424 ], [ -82.757545, 37.027294 ], [ -82.757053, 37.02717 ], [ -82.755817, 37.027131 ], [ -82.755216, 37.02699 ], [ -82.75461, 37.026934 ], [ -82.754198, 37.026793 ], [ -82.754008, 37.026694 ], [ -82.753752, 37.026496 ], [ -82.752848, 37.026227 ], [ -82.752581, 37.026177 ], [ -82.752352, 37.026072 ], [ -82.751828, 37.02572 ], [ -82.751584, 37.025513 ], [ -82.751419, 37.025111 ], [ -82.751289, 37.024678 ], [ -82.751168, 37.024562 ], [ -82.750715, 37.02421 ], [ -82.75058, 37.023991 ], [ -82.750404, 37.023286 ], [ -82.750352, 37.023201 ], [ -82.750247, 37.023184 ], [ -82.750121, 37.023195 ], [ -82.750049, 37.023245 ], [ -82.74994, 37.023454 ], [ -82.749883, 37.023448 ], [ -82.749176, 37.023875 ], [ -82.748744, 37.024053 ], [ -82.748342, 37.024162 ], [ -82.747862, 37.024425 ], [ -82.747813, 37.024538 ], [ -82.747908, 37.024753 ], [ -82.747982, 37.025102 ], [ -82.74799, 37.025762 ], [ -82.747881, 37.026412 ], [ -82.74767, 37.026978 ], [ -82.747273, 37.027599 ], [ -82.746792, 37.028109 ], [ -82.745928, 37.029263 ], [ -82.74579, 37.029573 ], [ -82.745472, 37.030203 ], [ -82.745402, 37.030577 ], [ -82.745422, 37.030935 ], [ -82.745296, 37.031399 ], [ -82.745288, 37.031811 ], [ -82.745361, 37.032161 ], [ -82.745621, 37.03306 ], [ -82.745793, 37.033383 ], [ -82.745771, 37.03368 ], [ -82.74562, 37.033904 ], [ -82.745418, 37.034104 ], [ -82.745064, 37.034314 ], [ -82.744651, 37.034693 ], [ -82.744518, 37.035317 ], [ -82.744321, 37.035704 ], [ -82.743895, 37.036396 ], [ -82.743737, 37.036964 ], [ -82.743647, 37.037718 ], [ -82.743762, 37.038134 ], [ -82.743848, 37.038679 ], [ -82.743724, 37.040736 ], [ -82.743613, 37.041065 ], [ -82.743467, 37.041415 ], [ -82.743236, 37.041758 ], [ -82.742759, 37.042796 ], [ -82.742513, 37.042926 ], [ -82.742003, 37.042928 ], [ -82.741697, 37.042863 ], [ -82.740909, 37.042804 ], [ -82.740527, 37.042878 ], [ -82.740064, 37.043065 ], [ -82.739445, 37.043499 ], [ -82.7391, 37.043533 ], [ -82.73787, 37.043856 ], [ -82.737623, 37.043924 ], [ -82.736885, 37.043979 ], [ -82.736457, 37.043929 ], [ -82.735946, 37.043893 ], [ -82.735437, 37.044023 ], [ -82.734731, 37.044279 ], [ -82.734385, 37.044429 ], [ -82.734177, 37.044491 ], [ -82.733506, 37.044521 ], [ -82.733355, 37.044433 ], [ -82.733304, 37.044367 ], [ -82.732891, 37.043659 ], [ -82.732556, 37.043417 ], [ -82.732294, 37.04332 ], [ -82.731938, 37.043271 ], [ -82.731588, 37.043416 ], [ -82.731383, 37.043521 ], [ -82.731132, 37.043487 ], [ -82.730814, 37.043345 ], [ -82.730368, 37.043111 ], [ -82.73012, 37.042843 ], [ -82.729849, 37.042676 ], [ -82.729569, 37.042647 ], [ -82.72896, 37.042693 ], [ -82.728547, 37.042771 ], [ -82.728208, 37.042763 ], [ -82.727855, 37.042642 ], [ -82.727331, 37.042288 ], [ -82.727065, 37.042224 ], [ -82.726371, 37.042199 ], [ -82.725798, 37.042255 ], [ -82.72502, 37.042419 ], [ -82.724685, 37.042629 ], [ -82.724206, 37.042848 ], [ -82.72413, 37.042981 ], [ -82.723838, 37.043776 ], [ -82.723629, 37.044276 ], [ -82.723373, 37.044492 ], [ -82.722906, 37.044734 ], [ -82.722433, 37.044949 ], [ -82.722368, 37.045068 ], [ -82.722366, 37.045192 ], [ -82.722475, 37.045346 ], [ -82.722607, 37.045648 ], [ -82.722837, 37.046102 ], [ -82.722953, 37.04642 ], [ -82.722966, 37.046686 ], [ -82.723071, 37.047352 ], [ -82.722964, 37.047798 ], [ -82.722835, 37.048312 ], [ -82.722783, 37.049382 ], [ -82.722807, 37.049857 ], [ -82.722948, 37.050608 ], [ -82.722952, 37.050797 ], [ -82.722895, 37.051063 ], [ -82.722881, 37.051237 ], [ -82.722858, 37.052312 ], [ -82.723075, 37.053295 ], [ -82.723079, 37.053637 ], [ -82.723187, 37.053843 ], [ -82.723229, 37.05403 ], [ -82.72317, 37.054442 ], [ -82.723102, 37.054749 ], [ -82.723156, 37.055336 ], [ -82.723057, 37.055647 ], [ -82.722375, 37.057303 ], [ -82.722212, 37.05782 ], [ -82.7222, 37.057936 ], [ -82.722232, 37.058032 ], [ -82.722332, 37.058153 ], [ -82.722642, 37.058407 ], [ -82.722759, 37.058537 ], [ -82.722924, 37.058777 ], [ -82.723079, 37.059141 ], [ -82.723075, 37.059323 ], [ -82.722892, 37.059803 ], [ -82.722749, 37.06035 ], [ -82.722782, 37.060596 ], [ -82.722945, 37.0611 ], [ -82.722952, 37.061209 ], [ -82.722911, 37.061598 ], [ -82.722831, 37.061796 ], [ -82.722829, 37.061929 ], [ -82.722888, 37.062026 ], [ -82.723016, 37.062089 ], [ -82.723443, 37.06216 ], [ -82.723717, 37.062249 ], [ -82.72392, 37.062491 ], [ -82.72405, 37.062894 ], [ -82.724076, 37.063185 ], [ -82.724239, 37.063479 ], [ -82.724734, 37.063939 ], [ -82.725017, 37.064404 ], [ -82.72507, 37.064624 ], [ -82.725223, 37.064878 ], [ -82.725391, 37.06496 ], [ -82.725548, 37.065061 ], [ -82.725624, 37.065255 ], [ -82.72563, 37.066002 ], [ -82.725721, 37.066384 ], [ -82.725781, 37.066548 ], [ -82.72587, 37.066624 ], [ -82.726035, 37.066677 ], [ -82.726083, 37.066877 ], [ -82.725663, 37.068965 ], [ -82.725601, 37.069459 ], [ -82.72561, 37.069637 ], [ -82.725668, 37.069803 ], [ -82.726157, 37.070444 ], [ -82.726213, 37.070699 ], [ -82.726129, 37.071245 ], [ -82.726189, 37.071414 ], [ -82.72629, 37.071589 ], [ -82.726683, 37.072184 ], [ -82.726726, 37.072649 ], [ -82.726737, 37.073039 ], [ -82.726669, 37.073255 ], [ -82.726486, 37.073411 ], [ -82.726012, 37.073644 ], [ -82.725232, 37.074104 ], [ -82.724725, 37.074502 ], [ -82.724458, 37.074711 ], [ -82.724016, 37.075292 ], [ -82.723832, 37.075443 ], [ -82.723596, 37.075576 ], [ -82.723367, 37.075645 ], [ -82.72316, 37.075673 ], [ -82.722771, 37.075626 ], [ -82.722085, 37.075362 ], [ -82.721765, 37.075274 ], [ -82.721313, 37.075307 ], [ -82.720932, 37.075534 ], [ -82.720219, 37.075898 ], [ -82.719714, 37.076047 ], [ -82.718372, 37.075894 ], [ -82.718078, 37.075918 ], [ -82.71786, 37.076176 ], [ -82.71783, 37.076294 ], [ -82.717567, 37.076732 ], [ -82.717381, 37.076906 ], [ -82.7168, 37.077157 ], [ -82.716685, 37.077248 ], [ -82.716655, 37.077406 ], [ -82.716991, 37.078081 ], [ -82.717053, 37.078414 ], [ -82.717052, 37.078767 ], [ -82.717181, 37.079392 ], [ -82.717305, 37.079587 ], [ -82.717456, 37.079705 ], [ -82.717645, 37.079951 ], [ -82.717828, 37.080352 ], [ -82.718156, 37.080726 ], [ -82.718471, 37.080945 ], [ -82.719323, 37.081265 ], [ -82.719953, 37.081517 ], [ -82.720551, 37.081842 ], [ -82.720841, 37.082095 ], [ -82.720902, 37.082348 ], [ -82.72074, 37.082835 ], [ -82.720654, 37.083494 ], [ -82.720741, 37.08374 ], [ -82.720899, 37.083915 ], [ -82.721194, 37.084072 ], [ -82.721673, 37.084197 ], [ -82.721796, 37.084285 ], [ -82.721896, 37.084494 ], [ -82.722554, 37.084634 ], [ -82.722844, 37.084801 ], [ -82.72296, 37.085144 ], [ -82.722994, 37.0857 ], [ -82.723081, 37.086219 ], [ -82.723139, 37.087174 ], [ -82.723285, 37.087785 ], [ -82.723466, 37.088063 ], [ -82.723525, 37.088268 ], [ -82.723498, 37.088585 ], [ -82.723394, 37.088919 ], [ -82.723138, 37.089263 ], [ -82.722831, 37.089551 ], [ -82.722728, 37.089696 ], [ -82.722762, 37.089817 ], [ -82.72326, 37.090368 ], [ -82.72375, 37.090787 ], [ -82.724819, 37.091429 ], [ -82.724953, 37.091626 ], [ -82.725017, 37.091822 ], [ -82.724914, 37.092255 ], [ -82.724685, 37.092569 ], [ -82.724357, 37.092865 ], [ -82.72376, 37.093263 ], [ -82.723037, 37.093669 ], [ -82.722619, 37.09403 ], [ -82.722376, 37.09428 ], [ -82.722056, 37.094805 ], [ -82.721927, 37.095313 ], [ -82.722024, 37.095607 ], [ -82.722153, 37.095889 ], [ -82.722389, 37.096168 ], [ -82.72249, 37.096423 ], [ -82.722452, 37.096706 ], [ -82.722275, 37.097276 ], [ -82.722019, 37.097841 ], [ -82.72189, 37.09839 ], [ -82.721913, 37.09974 ], [ -82.721689, 37.100511 ], [ -82.721679, 37.101015 ], [ -82.721775, 37.101444 ], [ -82.722001, 37.101916 ], [ -82.722425, 37.102429 ], [ -82.722711, 37.102717 ], [ -82.723089, 37.103023 ], [ -82.723366, 37.103195 ], [ -82.723433, 37.103331 ], [ -82.723403, 37.103505 ], [ -82.723173, 37.103891 ], [ -82.722661, 37.104544 ], [ -82.722371, 37.104772 ], [ -82.722094, 37.10509 ], [ -82.722012, 37.105286 ], [ -82.722026, 37.10557 ], [ -82.722135, 37.105848 ], [ -82.72239, 37.10629 ], [ -82.722562, 37.106483 ], [ -82.72295, 37.10675 ], [ -82.72323, 37.107028 ], [ -82.723403, 37.107374 ], [ -82.723675, 37.108087 ], [ -82.724076, 37.109013 ], [ -82.724119, 37.109269 ], [ -82.724319, 37.109756 ], [ -82.724867, 37.110397 ], [ -82.72601, 37.111528 ], [ -82.726253, 37.111902 ], [ -82.726502, 37.112571 ], [ -82.726557, 37.11319 ], [ -82.726482, 37.114318 ], [ -82.726688, 37.114794 ], [ -82.726599, 37.114903 ], [ -82.726321, 37.115037 ], [ -82.726234, 37.115149 ], [ -82.726273, 37.115377 ], [ -82.726172, 37.115677 ], [ -82.725985, 37.115971 ], [ -82.7251, 37.116806 ], [ -82.724347, 37.117407 ], [ -82.724117, 37.117664 ], [ -82.723218, 37.118972 ], [ -82.723066, 37.119087 ], [ -82.722823, 37.119151 ], [ -82.722628, 37.11929 ], [ -82.722474, 37.119494 ], [ -82.722361, 37.119749 ], [ -82.7219, 37.120325 ], [ -82.721413, 37.12083 ], [ -82.721034, 37.121038 ], [ -82.720114, 37.121293 ], [ -82.7194, 37.121399 ], [ -82.719166, 37.121447 ], [ -82.71888, 37.121592 ], [ -82.718211, 37.122351 ], [ -82.71808, 37.12238 ], [ -82.716981, 37.122279 ], [ -82.716292, 37.122133 ], [ -82.715884, 37.121999 ], [ -82.715491, 37.121778 ], [ -82.715363, 37.121764 ], [ -82.715149, 37.121848 ], [ -82.714635, 37.122194 ], [ -82.714275, 37.122476 ], [ -82.713564, 37.123189 ], [ -82.713092, 37.123598 ], [ -82.712776, 37.123821 ], [ -82.71223, 37.124083 ], [ -82.71187, 37.1242 ], [ -82.711476, 37.124269 ], [ -82.711333, 37.124316 ], [ -82.710879, 37.124639 ], [ -82.710067, 37.125112 ], [ -82.708528, 37.125106 ], [ -82.708331, 37.125144 ], [ -82.707901, 37.125311 ], [ -82.707422, 37.125642 ], [ -82.706763, 37.126206 ], [ -82.70657, 37.126339 ], [ -82.705949, 37.126426 ], [ -82.705634, 37.126611 ], [ -82.705325, 37.126918 ], [ -82.705053, 37.127365 ], [ -82.704853, 37.127754 ], [ -82.704672, 37.127914 ], [ -82.704344, 37.128037 ], [ -82.703658, 37.128075 ], [ -82.701927, 37.1283 ], [ -82.701369, 37.128483 ], [ -82.700713, 37.128788 ], [ -82.700023, 37.129263 ], [ -82.699229, 37.129511 ], [ -82.698838, 37.129749 ], [ -82.698217, 37.130292 ], [ -82.698002, 37.130376 ], [ -82.697055, 37.130461 ], [ -82.696672, 37.130645 ], [ -82.695786, 37.131188 ], [ -82.695517, 37.1314 ], [ -82.695296, 37.131818 ], [ -82.695003, 37.132012 ], [ -82.693829, 37.13242 ], [ -82.692635, 37.132967 ], [ -82.691915, 37.133078 ], [ -82.691379, 37.133245 ], [ -82.69097, 37.133318 ], [ -82.690507, 37.133472 ], [ -82.689449, 37.133652 ], [ -82.688994, 37.133658 ], [ -82.688722, 37.133781 ], [ -82.688538, 37.13377 ], [ -82.687993, 37.13364 ], [ -82.687857, 37.133659 ], [ -82.687795, 37.133734 ], [ -82.687487, 37.134304 ], [ -82.687342, 37.134438 ], [ -82.68716, 37.134503 ], [ -82.6866, 37.134517 ], [ -82.686494, 37.13454 ], [ -82.685325, 37.135306 ], [ -82.685166, 37.135617 ], [ -82.685034, 37.135741 ], [ -82.684532, 37.135799 ], [ -82.684215, 37.135745 ], [ -82.683938, 37.135755 ], [ -82.683786, 37.135905 ], [ -82.683702, 37.136247 ], [ -82.683588, 37.13636 ], [ -82.683409, 37.136333 ], [ -82.683211, 37.136344 ], [ -82.683104, 37.136392 ], [ -82.683062, 37.136539 ], [ -82.683108, 37.136752 ], [ -82.682999, 37.13687 ], [ -82.682892, 37.136951 ], [ -82.68211, 37.137164 ], [ -82.681904, 37.137163 ], [ -82.681788, 37.137132 ], [ -82.681464, 37.137 ], [ -82.681142, 37.136907 ], [ -82.680998, 37.136909 ], [ -82.680888, 37.136936 ], [ -82.680696, 37.13702 ], [ -82.680607, 37.137009 ], [ -82.68047, 37.136888 ], [ -82.680173, 37.136566 ], [ -82.679971, 37.136286 ], [ -82.679834, 37.136155 ], [ -82.679612, 37.135881 ], [ -82.679363, 37.135514 ], [ -82.679156, 37.135322 ], [ -82.678853, 37.135131 ], [ -82.678695, 37.135066 ], [ -82.678386, 37.135014 ], [ -82.678091, 37.134979 ], [ -82.677758, 37.134969 ], [ -82.676965, 37.134895 ], [ -82.676828, 37.134888 ], [ -82.676695, 37.134917 ], [ -82.676564, 37.135063 ], [ -82.676303, 37.135481 ], [ -82.675961, 37.135698 ], [ -82.675793, 37.135767 ], [ -82.675196, 37.13581 ], [ -82.67502, 37.13584 ], [ -82.674768, 37.135898 ], [ -82.674578, 37.13597 ], [ -82.674457, 37.136033 ], [ -82.674324, 37.136186 ], [ -82.674243, 37.136371 ], [ -82.674123, 37.136645 ], [ -82.673603, 37.136819 ], [ -82.673317, 37.137 ], [ -82.673264, 37.137309 ], [ -82.67335, 37.137544 ], [ -82.67369, 37.137998 ], [ -82.6736, 37.13815 ], [ -82.673391, 37.138165 ], [ -82.672718, 37.138045 ], [ -82.672137, 37.13804 ], [ -82.671529, 37.138345 ], [ -82.67124, 37.138604 ], [ -82.671092, 37.138821 ], [ -82.670733, 37.139122 ], [ -82.67015, 37.139438 ], [ -82.669948, 37.139631 ], [ -82.669159, 37.140573 ], [ -82.668332, 37.141405 ], [ -82.66766, 37.141894 ], [ -82.667187, 37.141948 ], [ -82.666819, 37.142149 ], [ -82.666182, 37.142441 ], [ -82.665662, 37.142614 ], [ -82.665112, 37.142543 ], [ -82.664367, 37.142498 ], [ -82.664036, 37.142446 ], [ -82.663959, 37.14261 ], [ -82.663956, 37.143008 ], [ -82.663758, 37.143401 ], [ -82.663395, 37.143792 ], [ -82.66245, 37.143854 ], [ -82.662251, 37.143991 ], [ -82.66199, 37.144251 ], [ -82.661698, 37.144297 ], [ -82.661302, 37.144143 ], [ -82.660834, 37.144085 ], [ -82.660235, 37.144189 ], [ -82.658827, 37.14468 ], [ -82.658174, 37.144739 ], [ -82.657761, 37.145017 ], [ -82.657509, 37.145053 ], [ -82.657013, 37.144728 ], [ -82.656723, 37.14472 ], [ -82.656503, 37.14498 ], [ -82.656104, 37.145258 ], [ -82.656013, 37.145421 ], [ -82.655973, 37.145674 ], [ -82.656334, 37.146284 ], [ -82.656381, 37.146473 ], [ -82.656277, 37.146627 ], [ -82.655725, 37.14691 ], [ -82.655564, 37.147105 ], [ -82.655383, 37.1474 ], [ -82.655081, 37.148609 ], [ -82.65477, 37.15031 ], [ -82.654651, 37.150494 ], [ -82.654241, 37.150648 ], [ -82.653849, 37.150749 ], [ -82.653481, 37.151045 ], [ -82.653304, 37.151188 ], [ -82.65269, 37.151303 ], [ -82.651671, 37.151783 ], [ -82.650238, 37.151943 ], [ -82.649839, 37.151865 ], [ -82.649684, 37.151627 ], [ -82.64964, 37.15136 ], [ -82.649359, 37.151151 ], [ -82.649028, 37.150821 ], [ -82.648876, 37.150516 ], [ -82.648593, 37.150332 ], [ -82.647606, 37.150136 ], [ -82.647189, 37.15016 ], [ -82.646649, 37.150486 ], [ -82.646399, 37.150802 ], [ -82.646202, 37.150862 ], [ -82.645708, 37.15078 ], [ -82.645326, 37.150792 ], [ -82.644993, 37.150959 ], [ -82.644793, 37.151121 ], [ -82.644597, 37.151458 ], [ -82.644697, 37.151684 ], [ -82.644698, 37.151993 ], [ -82.644675, 37.152181 ], [ -82.64439, 37.152385 ], [ -82.642783, 37.153003 ], [ -82.642006, 37.153006 ], [ -82.641731, 37.153008 ], [ -82.641034, 37.153097 ], [ -82.640598, 37.153263 ], [ -82.640013, 37.153645 ], [ -82.639377, 37.153637 ], [ -82.637295, 37.154045 ], [ -82.635875, 37.154155 ], [ -82.635633, 37.154174 ], [ -82.635273, 37.154178 ], [ -82.634638, 37.154167 ], [ -82.633918, 37.154179 ], [ -82.633637, 37.154304 ], [ -82.633381, 37.154418 ], [ -82.63298, 37.154801 ], [ -82.6329, 37.154916 ], [ -82.632191, 37.155948 ], [ -82.630972, 37.156844 ], [ -82.630397, 37.157348 ], [ -82.62941, 37.158402 ], [ -82.628861, 37.158989 ], [ -82.628033, 37.159981 ], [ -82.627547, 37.160567 ], [ -82.627298, 37.160796 ], [ -82.626481, 37.161255 ], [ -82.62572, 37.161992 ], [ -82.625105, 37.162703 ], [ -82.62478, 37.163121 ], [ -82.624128, 37.163806 ], [ -82.623883, 37.164016 ], [ -82.623609, 37.164438 ], [ -82.623132, 37.164634 ], [ -82.622919, 37.16469 ], [ -82.622694, 37.164802 ], [ -82.622504, 37.16492 ], [ -82.622354, 37.165146 ], [ -82.622252, 37.165239 ], [ -82.622075, 37.165375 ], [ -82.621858, 37.165475 ], [ -82.621476, 37.165728 ], [ -82.62123, 37.165951 ], [ -82.621068, 37.166123 ], [ -82.620809, 37.166278 ], [ -82.620646, 37.166438 ], [ -82.620351, 37.166524 ], [ -82.619783, 37.166647 ], [ -82.619495, 37.166749 ], [ -82.618595, 37.16725 ], [ -82.61799, 37.167761 ], [ -82.617649, 37.167994 ], [ -82.617416, 37.168107 ], [ -82.617186, 37.168268 ], [ -82.616476, 37.168685 ], [ -82.616079, 37.168825 ], [ -82.615407, 37.168951 ], [ -82.614874, 37.16918 ], [ -82.614459, 37.169468 ], [ -82.614328, 37.169542 ], [ -82.613848, 37.169605 ], [ -82.613507, 37.169678 ], [ -82.612576, 37.169727 ], [ -82.612299, 37.169836 ], [ -82.611706, 37.170138 ], [ -82.611623, 37.170338 ], [ -82.611212, 37.171007 ], [ -82.610656, 37.171282 ], [ -82.610229, 37.171515 ], [ -82.609869, 37.171883 ], [ -82.608719, 37.172473 ], [ -82.608281, 37.172939 ], [ -82.607988, 37.173004 ], [ -82.607411, 37.172929 ], [ -82.607045, 37.173005 ], [ -82.606744, 37.173258 ], [ -82.60669, 37.173661 ], [ -82.606513, 37.173989 ], [ -82.606234, 37.174112 ], [ -82.605585, 37.17405 ], [ -82.604965, 37.174133 ], [ -82.604684, 37.174201 ], [ -82.604277, 37.174438 ], [ -82.604075, 37.174556 ], [ -82.603509, 37.175059 ], [ -82.603146, 37.175475 ], [ -82.602989, 37.175494 ], [ -82.602504, 37.175397 ], [ -82.602127, 37.175419 ], [ -82.601632, 37.175639 ], [ -82.600423, 37.176322 ], [ -82.599892, 37.176547 ], [ -82.599031, 37.176689 ], [ -82.597983, 37.17681 ], [ -82.597462, 37.177045 ], [ -82.597105, 37.177596 ], [ -82.596875, 37.17784 ], [ -82.596527, 37.178073 ], [ -82.596021, 37.178187 ], [ -82.595499, 37.178338 ], [ -82.595277, 37.178443 ], [ -82.595024, 37.178652 ], [ -82.594927, 37.178754 ], [ -82.594863, 37.178878 ], [ -82.594479, 37.179231 ], [ -82.594206, 37.179453 ], [ -82.594051, 37.179613 ], [ -82.593965, 37.179745 ], [ -82.593556, 37.18004 ], [ -82.593344, 37.180173 ], [ -82.593019, 37.180464 ], [ -82.592972, 37.180557 ], [ -82.592981, 37.180682 ], [ -82.593153, 37.181032 ], [ -82.593189, 37.181241 ], [ -82.593149, 37.181662 ], [ -82.593288, 37.181951 ], [ -82.593281, 37.182077 ], [ -82.593221, 37.182217 ], [ -82.593121, 37.182289 ], [ -82.592765, 37.182281 ], [ -82.592591, 37.182378 ], [ -82.592544, 37.182478 ], [ -82.592571, 37.182699 ], [ -82.592522, 37.182828 ], [ -82.592383, 37.182961 ], [ -82.592256, 37.183039 ], [ -82.592031, 37.183112 ], [ -82.591974, 37.183173 ], [ -82.59185, 37.183256 ], [ -82.591324, 37.183439 ], [ -82.591086, 37.183565 ], [ -82.590594, 37.183722 ], [ -82.590062, 37.183948 ], [ -82.589554, 37.184355 ], [ -82.587855, 37.184766 ], [ -82.587112, 37.185277 ], [ -82.586465, 37.185798 ], [ -82.586322, 37.185864 ], [ -82.585754, 37.186127 ], [ -82.58502, 37.186183 ], [ -82.583495, 37.186705 ], [ -82.582721, 37.187095 ], [ -82.581968, 37.187312 ], [ -82.581232, 37.187782 ], [ -82.579234, 37.188453 ], [ -82.578791, 37.188688 ], [ -82.578062, 37.189024 ], [ -82.577512, 37.189516 ], [ -82.57653, 37.190007 ], [ -82.575574, 37.19018 ], [ -82.575059, 37.190425 ], [ -82.574694, 37.19054 ], [ -82.574032, 37.191114 ], [ -82.573566, 37.191322 ], [ -82.572995663212922, 37.191746211244237 ], [ -82.5715856650136, 37.192398212900216 ], [ -82.570510667098347, 37.192788214454673 ], [ -82.570210666563142, 37.193058214411536 ], [ -82.569780664959339, 37.193565213990631 ], [ -82.569311665063168, 37.19384921431817 ], [ -82.568994665733243, 37.193954214794637 ], [ -82.568684665558507, 37.194176214904999 ], [ -82.568100667121882, 37.194321215920361 ], [ -82.566809666076423, 37.195284216223904 ], [ -82.566430666687211, 37.195434216704001 ], [ -82.565983668258255, 37.195489217635583 ], [ -82.565615666712745, 37.195939217177177 ], [ -82.565379666620117, 37.196099217269662 ], [ -82.564934668230777, 37.196146218214281 ], [ -82.56477566841086, 37.196219218380648 ], [ -82.563670667230312, 37.197069218475761 ], [ -82.563496667540761, 37.197132218704731 ], [ -82.563028669253143, 37.197177219701246 ], [ -82.56284366977971, 37.197216220029588 ], [ -82.562285668472285, 37.197742219757806 ], [ -82.561410669371853, 37.198148220609752 ], [ -82.561074668695227, 37.198447220488525 ], [ -82.56075066891664, 37.198612220752224 ], [ -82.560550668787457, 37.198751220798222 ], [ -82.560339668918189, 37.198860220963219 ], [ -82.559972670061029, 37.198921221650515 ], [ -82.559595669016261, 37.199294221382353 ], [ -82.559266668503611, 37.199563221321704 ], [ -82.558995668590882, 37.199713221494619 ], [ -82.558816669278428, 37.199724221885525 ], [ -82.5584666708844, 37.199709222764959 ], [ -82.558315671480685, 37.199716223101809 ], [ -82.558081671929671, 37.199793223414481 ], [ -82.557878671541189, 37.199968223342431 ], [ -82.557229, 37.200414 ], [ -82.557018, 37.200676 ], [ -82.556727, 37.20094 ], [ -82.556359, 37.201066 ], [ -82.556146, 37.201218 ], [ -82.555953, 37.201285 ], [ -82.555129, 37.201792 ], [ -82.554781, 37.20206 ], [ -82.553996, 37.202747 ], [ -82.553874, 37.202833 ], [ -82.553912, 37.202886 ], [ -82.553882, 37.202982 ], [ -82.5538, 37.203056 ], [ -82.553753, 37.203076 ], [ -82.553307, 37.203154 ], [ -82.552898, 37.203298 ], [ -82.552533, 37.203504 ], [ -82.552187, 37.203667 ], [ -82.551855, 37.203846 ], [ -82.551, 37.204406 ], [ -82.550677, 37.204542 ], [ -82.550387, 37.20461 ], [ -82.550236, 37.204617 ], [ -82.550087, 37.204602 ], [ -82.549945, 37.204526 ], [ -82.549839, 37.204418 ], [ -82.549794, 37.204334 ], [ -82.549772, 37.204244 ], [ -82.549808, 37.203877 ], [ -82.54979, 37.203762 ], [ -82.54974, 37.203623 ], [ -82.549596, 37.203391 ], [ -82.549337, 37.203036 ], [ -82.549257, 37.202873 ], [ -82.549204, 37.202828 ], [ -82.549115, 37.202802 ], [ -82.549003, 37.202823 ], [ -82.548931, 37.202888 ], [ -82.548457, 37.203159 ], [ -82.547709, 37.203523 ], [ -82.547495, 37.203598 ], [ -82.547223, 37.203647 ], [ -82.547176, 37.20365 ], [ -82.547043, 37.203606 ], [ -82.546798, 37.203485 ], [ -82.54662, 37.203356 ], [ -82.546431, 37.203175 ], [ -82.546335, 37.203119 ], [ -82.546224, 37.203083 ], [ -82.546123, 37.20307 ], [ -82.545938, 37.203089 ], [ -82.545802, 37.203145 ], [ -82.545375, 37.203425 ], [ -82.54502, 37.203688 ], [ -82.544624, 37.204026 ], [ -82.544527, 37.204115 ], [ -82.544312, 37.204237 ], [ -82.544113, 37.204376 ], [ -82.543933, 37.204531 ], [ -82.543773, 37.204699 ], [ -82.543623, 37.204908 ], [ -82.543568, 37.205051 ], [ -82.543536, 37.205242 ], [ -82.543459, 37.205342 ], [ -82.543373, 37.20539 ], [ -82.543281, 37.205411 ], [ -82.543051, 37.205407 ], [ -82.542764, 37.205448 ], [ -82.542534, 37.205525 ], [ -82.542359, 37.205617 ], [ -82.542164, 37.20576 ], [ -82.541972, 37.205943 ], [ -82.541815, 37.206146 ], [ -82.541667, 37.206415 ], [ -82.541609, 37.206485 ], [ -82.541507, 37.20656 ], [ -82.541349, 37.206618 ], [ -82.540734, 37.2067 ], [ -82.539862, 37.20693 ], [ -82.539694, 37.206966 ], [ -82.539557, 37.206976 ], [ -82.539456, 37.206963 ], [ -82.539329, 37.206921 ], [ -82.538952, 37.206691 ], [ -82.538671, 37.206584 ], [ -82.538273, 37.206492 ], [ -82.538036, 37.206493 ], [ -82.537899, 37.206525 ], [ -82.537778, 37.206577 ], [ -82.537347, 37.207124 ], [ -82.537286, 37.207164 ], [ -82.537198, 37.207181 ], [ -82.53711, 37.207163 ], [ -82.537059, 37.207131 ], [ -82.53698, 37.207014 ], [ -82.536903, 37.206946 ], [ -82.53682, 37.206902 ], [ -82.536725, 37.206876 ], [ -82.536597, 37.20687 ], [ -82.5362, 37.206916 ], [ -82.535913, 37.206905 ], [ -82.535563, 37.206837 ], [ -82.535428, 37.206788 ], [ -82.535273, 37.206708 ], [ -82.534759, 37.206612 ], [ -82.534411, 37.206572 ], [ -82.534061, 37.206552 ], [ -82.533708, 37.20655 ], [ -82.533359, 37.206567 ], [ -82.533159, 37.206586 ], [ -82.532988, 37.206626 ], [ -82.532777, 37.206738 ], [ -82.532663, 37.206848 ], [ -82.532532, 37.207051 ], [ -82.532347, 37.20729 ], [ -82.532057, 37.207585 ], [ -82.531808, 37.207784 ], [ -82.531629, 37.207905 ], [ -82.531117, 37.208192 ], [ -82.531012, 37.208284 ], [ -82.530954, 37.208364 ], [ -82.530949, 37.208444 ], [ -82.530981, 37.208498 ], [ -82.531602, 37.209095 ], [ -82.532138, 37.209682 ], [ -82.532184, 37.209832 ], [ -82.532214, 37.210037 ], [ -82.532179, 37.210543 ], [ -82.53222, 37.210655 ], [ -82.532329, 37.210845 ], [ -82.532347, 37.210995 ], [ -82.532299, 37.211157 ], [ -82.532138, 37.211363 ], [ -82.532079, 37.211502 ], [ -82.532071, 37.211666 ], [ -82.532138, 37.211863 ], [ -82.532148, 37.212003 ], [ -82.532117, 37.212140999999896 ], [ -82.532032, 37.212286 ], [ -82.531862, 37.212433 ], [ -82.531711, 37.212504 ], [ -82.530603, 37.21315 ], [ -82.530409, 37.213242 ], [ -82.530201, 37.213312 ], [ -82.529984, 37.213359 ], [ -82.529742, 37.213388 ], [ -82.529467, 37.213467 ], [ -82.529217, 37.21359 ], [ -82.529005, 37.213751 ], [ -82.528572, 37.21392 ], [ -82.528346, 37.213987 ], [ -82.527997, 37.214064 ], [ -82.526299, 37.214596 ], [ -82.525391, 37.214758 ], [ -82.52525, 37.214886 ], [ -82.525063, 37.214969 ], [ -82.52489, 37.214996 ], [ -82.524767, 37.214991 ], [ -82.524643, 37.214966 ], [ -82.524527, 37.21492 ], [ -82.524387, 37.214784 ], [ -82.524264, 37.214706 ], [ -82.524172, 37.214668 ], [ -82.523836, 37.214603 ], [ -82.523706, 37.214557 ], [ -82.523593, 37.214501 ], [ -82.523503, 37.214422 ], [ -82.523432, 37.214288 ], [ -82.523451, 37.214091 ], [ -82.523445, 37.213893 ], [ -82.523396, 37.213631 ], [ -82.52333, 37.21344 ], [ -82.523239, 37.213256 ], [ -82.523081, 37.213024 ], [ -82.522885, 37.212812 ], [ -82.522714, 37.212668 ], [ -82.522391, 37.212462 ], [ -82.522104, 37.212332 ], [ -82.521966, 37.21224 ], [ -82.521778, 37.212157 ], [ -82.521608, 37.212112 ], [ -82.521395, 37.212089 ], [ -82.521216, 37.212097 ], [ -82.521076, 37.212121 ], [ -82.520908, 37.212173 ], [ -82.52085, 37.212229 ], [ -82.520594, 37.212532 ], [ -82.520405, 37.212864 ], [ -82.520194, 37.213012 ], [ -82.519836, 37.213188 ], [ -82.519441, 37.213303 ], [ -82.518951, 37.213638 ], [ -82.518448, 37.213961 ], [ -82.518276, 37.214054 ], [ -82.518042, 37.214143 ], [ -82.517717, 37.214221 ], [ -82.517555, 37.214276 ], [ -82.517369, 37.214369 ], [ -82.517268, 37.214437 ], [ -82.517095, 37.214596 ], [ -82.516706, 37.21508 ], [ -82.516222, 37.215564 ], [ -82.515757, 37.21606 ], [ -82.515498, 37.216394 ], [ -82.51528, 37.216568 ], [ -82.515096, 37.216664 ], [ -82.514851, 37.216745 ], [ -82.51468, 37.216776 ], [ -82.514244, 37.216817 ], [ -82.513876, 37.2169 ], [ -82.513597, 37.217002 ], [ -82.513401, 37.217098 ], [ -82.513068, 37.217317 ], [ -82.512589, 37.217751 ], [ -82.512362, 37.217884 ], [ -82.512194, 37.217952 ], [ -82.512017, 37.218001 ], [ -82.511607, 37.218067 ], [ -82.511328, 37.218139 ], [ -82.511005, 37.218257 ], [ -82.510692, 37.218416 ], [ -82.510106, 37.218823 ], [ -82.509495, 37.219338 ], [ -82.509386, 37.219467 ], [ -82.509319, 37.219613 ], [ -82.509297, 37.219733 ], [ -82.509315, 37.220036 ], [ -82.509284, 37.220151 ], [ -82.509236, 37.220242 ], [ -82.509169, 37.220324 ], [ -82.509066, 37.220409 ], [ -82.508494, 37.220722 ], [ -82.508398, 37.220809 ], [ -82.508309, 37.220946 ], [ -82.508271, 37.221077 ], [ -82.508316, 37.221496 ], [ -82.508419, 37.221913 ], [ -82.508523, 37.22239 ], [ -82.508518, 37.222477 ], [ -82.508494, 37.222541 ], [ -82.508401, 37.222649 ], [ -82.508275, 37.222714 ], [ -82.507896, 37.222959 ], [ -82.507645, 37.22308 ], [ -82.507381, 37.223181 ], [ -82.507105, 37.223259 ], [ -82.506721, 37.223333 ], [ -82.506563, 37.223383 ], [ -82.506364, 37.223487 ], [ -82.506072, 37.223743 ], [ -82.505854, 37.223873 ], [ -82.505713, 37.223928 ], [ -82.504966, 37.224149 ], [ -82.504634, 37.224274 ], [ -82.504493, 37.224351 ], [ -82.504368, 37.224443 ], [ -82.50426, 37.224548 ], [ -82.504088, 37.224765 ], [ -82.504001, 37.224837 ], [ -82.503877, 37.224906 ], [ -82.503641, 37.224971 ], [ -82.503221, 37.224977 ], [ -82.502933, 37.225021 ], [ -82.502706, 37.225093 ], [ -82.502458, 37.225218 ], [ -82.502241, 37.225375 ], [ -82.502118, 37.225437 ], [ -82.501935, 37.225487 ], [ -82.501647, 37.225519 ], [ -82.50136, 37.225601 ], [ -82.499798, 37.22632 ], [ -82.498952, 37.226924 ], [ -82.498755, 37.227029 ], [ -82.498529, 37.227088 ], [ -82.49801, 37.227107 ], [ -82.497666, 37.227167 ], [ -82.497404, 37.227249 ], [ -82.497217, 37.227329 ], [ -82.496845, 37.227546 ], [ -82.496746, 37.227581 ], [ -82.496604, 37.2276 ], [ -82.496444, 37.227584 ], [ -82.496283, 37.227521 ], [ -82.496171, 37.227436 ], [ -82.496042, 37.227268 ], [ -82.49587, 37.226944 ], [ -82.495789, 37.226658 ], [ -82.495602, 37.226223 ], [ -82.495383, 37.225556 ], [ -82.495194, 37.225423 ], [ -82.494976, 37.225324 ], [ -82.494777, 37.225271 ], [ -82.494528, 37.225245 ], [ -82.494015, 37.225285 ], [ -82.493685, 37.225276 ], [ -82.493361, 37.225224 ], [ -82.492696, 37.225037 ], [ -82.492533, 37.225009000000128 ], [ -82.492188, 37.224979 ], [ -82.491755, 37.224995 ], [ -82.491573, 37.225025 ], [ -82.49141, 37.225071 ], [ -82.49125, 37.225137 ], [ -82.491103, 37.225219 ], [ -82.490972, 37.225317 ], [ -82.490859, 37.225429 ], [ -82.490649, 37.22574 ], [ -82.490436, 37.226044 ], [ -82.490198, 37.226335 ], [ -82.489934, 37.226613 ], [ -82.489757, 37.226778 ], [ -82.489674, 37.226835 ], [ -82.489534, 37.226904 ], [ -82.489325, 37.226956 ], [ -82.489161, 37.226965 ], [ -82.488761, 37.226927 ], [ -82.488583, 37.226947 ], [ -82.488414, 37.226995 ], [ -82.488261, 37.22707 ], [ -82.487895, 37.227319 ], [ -82.487562, 37.227597 ], [ -82.487447, 37.227728 ], [ -82.487367, 37.227874 ], [ -82.487326, 37.228031 ], [ -82.48735, 37.228433 ], [ -82.487345, 37.22865 ], [ -82.487314, 37.228866 ], [ -82.487231, 37.229147 ], [ -82.487112, 37.229351 ], [ -82.486984, 37.229477 ], [ -82.486755, 37.22963 ], [ -82.486702, 37.229708 ], [ -82.486689, 37.229772 ], [ -82.486711, 37.229868 ], [ -82.486775, 37.229946 ], [ -82.486862, 37.229994 ], [ -82.487084, 37.23008 ], [ -82.487235, 37.23017 ], [ -82.487341, 37.230256 ], [ -82.487413, 37.23035 ], [ -82.48742, 37.230452 ], [ -82.487397, 37.230508 ], [ -82.487343, 37.230567 ], [ -82.486975, 37.230803 ], [ -82.486801, 37.230953 ], [ -82.486616, 37.231147 ], [ -82.486527, 37.231197 ], [ -82.486412, 37.231218 ], [ -82.486278, 37.231194 ], [ -82.486085, 37.231198 ], [ -82.485943, 37.231215 ], [ -82.485712, 37.231269 ], [ -82.485455, 37.231374 ], [ -82.485169, 37.231553 ], [ -82.484979, 37.231647 ], [ -82.484568, 37.231785 ], [ -82.484204, 37.231847 ], [ -82.483981, 37.23186 ], [ -82.483514, 37.231859 ], [ -82.483197, 37.231887 ], [ -82.482989, 37.231921 ], [ -82.481138, 37.232395 ], [ -82.480958, 37.232466 ], [ -82.480753, 37.23258 ], [ -82.480575, 37.23272 ], [ -82.480313, 37.232988 ], [ -82.480139, 37.233104 ], [ -82.480009, 37.233164 ], [ -82.479374, 37.233343 ], [ -82.478926, 37.233492 ], [ -82.478484, 37.233669 ], [ -82.47751, 37.234099 ], [ -82.477116, 37.234256 ], [ -82.476723, 37.234387 ], [ -82.476177, 37.234511 ], [ -82.475514, 37.234592 ], [ -82.475274, 37.234634 ], [ -82.474922, 37.234721 ], [ -82.474695, 37.234795 ], [ -82.474262, 37.234982 ], [ -82.474003, 37.23517 ], [ -82.473599, 37.235385 ], [ -82.473162, 37.235555 ], [ -82.472701, 37.235678 ], [ -82.472267, 37.235758 ], [ -82.472132, 37.235765 ], [ -82.47193, 37.235747 ], [ -82.471738, 37.235696 ], [ -82.471581, 37.235626 ], [ -82.471436, 37.235532 ], [ -82.471263, 37.235376 ], [ -82.471164, 37.235336 ], [ -82.471035, 37.235334 ], [ -82.470736, 37.235439 ], [ -82.470592, 37.235462 ], [ -82.470462, 37.235465 ], [ -82.47033, 37.235441 ], [ -82.470194, 37.235395 ], [ -82.470145, 37.23535 ], [ -82.470028, 37.235286 ], [ -82.469943, 37.235205 ], [ -82.469818, 37.235143 ], [ -82.469675, 37.235119 ], [ -82.469529, 37.235135 ], [ -82.469384, 37.235121 ], [ -82.469272, 37.235135 ], [ -82.469181, 37.235164 ], [ -82.469088, 37.235216 ], [ -82.469022, 37.235274 ], [ -82.46885, 37.235509 ], [ -82.468694, 37.235795 ], [ -82.468521, 37.235985 ], [ -82.46829, 37.236129 ], [ -82.468168, 37.236177 ], [ -82.46799, 37.236219 ], [ -82.467806, 37.236231 ], [ -82.467591, 37.236208 ], [ -82.467176, 37.236035 ], [ -82.466893, 37.235942 ], [ -82.466511, 37.235852 ], [ -82.466132, 37.235786 ], [ -82.465748, 37.23574 ], [ -82.46531, 37.235709 ], [ -82.46516, 37.235717 ], [ -82.465014, 37.235749 ], [ -82.464819, 37.23584 ], [ -82.464668, 37.235975 ], [ -82.464411, 37.236389 ], [ -82.463589, 37.237401 ], [ -82.463456, 37.237586 ], [ -82.463276, 37.237894 ], [ -82.463138, 37.238215 ], [ -82.4631, 37.238267 ], [ -82.463003, 37.238361 ], [ -82.462907, 37.238426 ], [ -82.462701, 37.238506 ], [ -82.462453, 37.238546 ], [ -82.462241, 37.238548 ], [ -82.462031, 37.23852 ], [ -82.461659, 37.238429 ], [ -82.461533, 37.238419 ], [ -82.461333, 37.238428 ], [ -82.460996, 37.238482 ], [ -82.460738, 37.238559 ], [ -82.460486, 37.238662 ], [ -82.460365, 37.238689 ], [ -82.460255, 37.238694 ], [ -82.460128, 37.238677 ], [ -82.460042, 37.23865 ], [ -82.45919, 37.238279 ], [ -82.458925, 37.238205 ], [ -82.45872, 37.238169 ], [ -82.458441, 37.238145 ], [ -82.458103, 37.238157 ], [ -82.457905, 37.238185 ], [ -82.457585, 37.238265 ], [ -82.457403, 37.238291 ], [ -82.457283, 37.238353 ], [ -82.457211, 37.238423 ], [ -82.456914, 37.238925 ], [ -82.45682, 37.239035 ], [ -82.456721, 37.239113 ], [ -82.456508, 37.239215 ], [ -82.456099, 37.239334 ], [ -82.455751, 37.239455 ], [ -82.455629, 37.239528 ], [ -82.455548, 37.239653 ], [ -82.455539, 37.239924 ], [ -82.455473, 37.240144 ], [ -82.455361, 37.240305 ], [ -82.455211, 37.240426 ], [ -82.455049, 37.240502 ], [ -82.454897, 37.240541 ], [ -82.454791, 37.240553 ], [ -82.454542, 37.240548 ], [ -82.454371, 37.240569 ], [ -82.453768, 37.240754 ], [ -82.453361, 37.240852 ], [ -82.453193, 37.240907 ], [ -82.453036, 37.24098 ], [ -82.452833, 37.241114 ], [ -82.452652, 37.241308 ], [ -82.452561, 37.241482 ], [ -82.452519, 37.241654 ], [ -82.452517, 37.24195 ], [ -82.452449, 37.242175 ], [ -82.452308, 37.242375 ], [ -82.452073, 37.242581 ], [ -82.451946, 37.242648 ], [ -82.451804, 37.242692 ], [ -82.451413, 37.242726 ], [ -82.451237, 37.242777 ], [ -82.451119, 37.242839 ], [ -82.450818, 37.243044 ], [ -82.450531, 37.243201 ], [ -82.450063, 37.243414 ], [ -82.449579, 37.243602 ], [ -82.448828, 37.243837 ], [ -82.448705, 37.243835 ], [ -82.448586, 37.243859 ], [ -82.448455, 37.243923 ], [ -82.448322, 37.244038 ], [ -82.448236, 37.244086 ], [ -82.448088, 37.244139 ], [ -82.447845, 37.244198 ], [ -82.447553, 37.244237 ], [ -82.447458, 37.244227 ], [ -82.447363, 37.244164 ], [ -82.447315, 37.244054 ], [ -82.447259, 37.243988 ], [ -82.44716, 37.243935 ], [ -82.447043, 37.243919 ], [ -82.446741, 37.243945 ], [ -82.446447, 37.244005 ], [ -82.446166, 37.244096 ], [ -82.445952, 37.244199 ], [ -82.445856, 37.244215 ], [ -82.44573, 37.244186 ], [ -82.445554, 37.244057 ], [ -82.44537, 37.243859 ], [ -82.445167, 37.243539 ], [ -82.445034, 37.243429 ], [ -82.444868, 37.243352 ], [ -82.444731, 37.243319 ], [ -82.444235, 37.243243 ], [ -82.444006, 37.243227 ], [ -82.44374, 37.243256 ], [ -82.443559, 37.243308 ], [ -82.443423, 37.243366 ], [ -82.443242, 37.24348 ], [ -82.443115, 37.243594 ], [ -82.443, 37.24373 ], [ -82.442911, 37.243877 ], [ -82.442848, 37.244033 ], [ -82.442813, 37.244194 ], [ -82.442821, 37.244569 ], [ -82.442789, 37.244763 ], [ -82.442709, 37.244947 ], [ -82.442533, 37.245166 ], [ -82.442298, 37.245346 ], [ -82.441984, 37.245553 ], [ -82.44148, 37.24583 ], [ -82.440942, 37.246062 ], [ -82.440568, 37.246191 ], [ -82.4404, 37.246223 ], [ -82.440293, 37.246278 ], [ -82.440209, 37.246353 ], [ -82.44016, 37.246432 ], [ -82.440102, 37.246736 ], [ -82.440011, 37.246903 ], [ -82.439853, 37.247048 ], [ -82.43965, 37.247136 ], [ -82.439515, 37.247161 ], [ -82.439377, 37.247162 ], [ -82.43877, 37.247075 ], [ -82.43827, 37.247073 ], [ -82.437874, 37.24712 ], [ -82.437489, 37.247209 ], [ -82.437346, 37.247266 ], [ -82.437156, 37.247277 ], [ -82.437033, 37.24725 ], [ -82.436924, 37.247197 ], [ -82.436591, 37.246928 ], [ -82.436281, 37.246735 ], [ -82.436105, 37.246651 ], [ -82.435954, 37.24661 ], [ -82.435795, 37.246595 ], [ -82.435636, 37.246606 ], [ -82.435484, 37.246643 ], [ -82.435227, 37.246746 ], [ -82.4351, 37.246782 ], [ -82.434834, 37.246822 ], [ -82.434609, 37.246821 ], [ -82.434259, 37.246759 ], [ -82.433821, 37.24659 ], [ -82.433616, 37.246527 ], [ -82.433402, 37.246487 ], [ -82.433183, 37.24647 ], [ -82.432854, 37.24649 ], [ -82.432016, 37.246637 ], [ -82.43108, 37.246755 ], [ -82.430493, 37.246859 ], [ -82.43011, 37.246954 ], [ -82.429554, 37.247137 ], [ -82.429375, 37.247208 ], [ -82.428799, 37.247486 ], [ -82.427923, 37.24782 ], [ -82.427629, 37.247972 ], [ -82.427445, 37.248085 ], [ -82.426846, 37.248518 ], [ -82.426565, 37.248677 ], [ -82.42643, 37.24873 ], [ -82.426203, 37.248766 ], [ -82.425754, 37.248742 ], [ -82.425425, 37.248759 ], [ -82.42374, 37.248982 ], [ -82.42349, 37.249037 ], [ -82.423309, 37.249096 ], [ -82.422976, 37.249257 ], [ -82.422598, 37.249533 ], [ -82.422405, 37.249637 ], [ -82.420572, 37.250339 ], [ -82.420252, 37.250449 ], [ -82.419598, 37.250643 ], [ -82.418874, 37.250812 ], [ -82.418715, 37.250869 ], [ -82.418575, 37.250951 ], [ -82.418459, 37.251054 ], [ -82.418372, 37.251175 ], [ -82.418291, 37.251345 ], [ -82.418177, 37.251463 ], [ -82.418053, 37.251531 ], [ -82.417503, 37.251729 ], [ -82.417184, 37.251822 ], [ -82.416691, 37.251926 ], [ -82.416187, 37.251989 ], [ -82.415541, 37.252023 ], [ -82.415237, 37.252057 ], [ -82.414788, 37.25214 ], [ -82.414306, 37.25227 ], [ -82.413843, 37.252437 ], [ -82.413312, 37.252666 ], [ -82.412842, 37.252806 ], [ -82.412672, 37.252872 ], [ -82.412479, 37.253 ], [ -82.412304, 37.253202 ], [ -82.412189, 37.253309 ], [ -82.411998, 37.253419 ], [ -82.411826, 37.253473 ], [ -82.411647, 37.25349 ], [ -82.411513, 37.253476 ], [ -82.411385, 37.253441 ], [ -82.411148, 37.253326 ], [ -82.411018, 37.253284 ], [ -82.41088, 37.25326 ], [ -82.410561, 37.253239 ], [ -82.409976, 37.253224 ], [ -82.40956, 37.253234 ], [ -82.408575, 37.253307 ], [ -82.40826, 37.253355 ], [ -82.408018, 37.253425 ], [ -82.407466, 37.253656 ], [ -82.407282, 37.253719 ], [ -82.407089, 37.253757 ], [ -82.406748, 37.253779 ], [ -82.406568, 37.253828 ], [ -82.406448, 37.253889 ], [ -82.406256, 37.254027 ], [ -82.405952, 37.254163 ], [ -82.405828, 37.254249 ], [ -82.405673, 37.25439 ], [ -82.405527, 37.254463 ], [ -82.405358, 37.254491 ], [ -82.405098, 37.254472 ], [ -82.40494, 37.254475 ], [ -82.404708, 37.254511 ], [ -82.404512, 37.254574 ], [ -82.404372, 37.254637 ], [ -82.403975, 37.254876 ], [ -82.403809, 37.254923 ], [ -82.403633, 37.254934 ], [ -82.403365, 37.254905 ], [ -82.40306, 37.254893 ], [ -82.402822, 37.254921 ], [ -82.402488, 37.255048 ], [ -82.401395, 37.255309 ], [ -82.401222, 37.255372 ], [ -82.40087, 37.255536 ], [ -82.400616, 37.255615 ], [ -82.400412, 37.255627 ], [ -82.400195, 37.255573 ], [ -82.400036, 37.255554 ], [ -82.399883, 37.255565 ], [ -82.399683, 37.255608 ], [ -82.399555, 37.25561 ], [ -82.39921, 37.255533 ], [ -82.398927, 37.2555 ], [ -82.398694, 37.255503 ], [ -82.398474, 37.25553 ], [ -82.398369, 37.255563 ], [ -82.398282, 37.255619 ], [ -82.398221, 37.255678 ], [ -82.398117, 37.255825 ], [ -82.398022, 37.255896 ], [ -82.397772, 37.256015 ], [ -82.397302, 37.256193 ], [ -82.397018, 37.256347 ], [ -82.396842, 37.25649 ], [ -82.396682, 37.256692 ], [ -82.396601, 37.256757 ], [ -82.39654, 37.256785 ], [ -82.396294, 37.256845 ], [ -82.396128, 37.256917 ], [ -82.396004, 37.256989 ], [ -82.395893, 37.257022 ], [ -82.395775, 37.257023 ], [ -82.395576, 37.256989 ], [ -82.39542, 37.257012 ], [ -82.394915, 37.257294 ], [ -82.394751, 37.257358 ], [ -82.394533, 37.257406 ], [ -82.394231, 37.257411 ], [ -82.393569, 37.25731 ], [ -82.393373, 37.257331 ], [ -82.393216, 37.257403 ], [ -82.393075, 37.257516 ], [ -82.392716, 37.257916 ], [ -82.39258, 37.257995 ], [ -82.392442, 37.258037 ], [ -82.391852, 37.258076 ], [ -82.391083, 37.258192 ], [ -82.390814, 37.258197 ], [ -82.390242, 37.258167 ], [ -82.390099, 37.258176 ], [ -82.38996, 37.258203 ], [ -82.389907, 37.258219 ], [ -82.389557, 37.258383 ], [ -82.389405, 37.258481 ], [ -82.389132, 37.258683 ], [ -82.388748, 37.259026 ], [ -82.388601, 37.259103 ], [ -82.388486, 37.259125 ], [ -82.388397, 37.259124 ], [ -82.387318, 37.258985 ], [ -82.387053, 37.258979 ], [ -82.386837, 37.258991 ], [ -82.386649, 37.259043 ], [ -82.386403, 37.259172 ], [ -82.38623, 37.259299 ], [ -82.386079, 37.259444 ], [ -82.385948, 37.259594 ], [ -82.385867, 37.259655 ], [ -82.385734, 37.25972 ], [ -82.385586, 37.259758 ], [ -82.385387, 37.259758 ], [ -82.385054, 37.259656 ], [ -82.384786, 37.259632 ], [ -82.384584, 37.259652 ], [ -82.383928, 37.259795 ], [ -82.383844, 37.25983 ], [ -82.38379, 37.259873 ], [ -82.383719, 37.260026 ], [ -82.383668, 37.260085 ], [ -82.383595, 37.260127 ], [ -82.383509, 37.260147 ], [ -82.383169, 37.26013 ], [ -82.382602, 37.260048 ], [ -82.382333, 37.260031 ], [ -82.381872, 37.26004 ], [ -82.381119, 37.26011 ], [ -82.380848, 37.260108 ], [ -82.38058, 37.260076 ], [ -82.380278, 37.260013 ], [ -82.380016, 37.259977 ], [ -82.379751, 37.259961 ], [ -82.379466, 37.259964 ], [ -82.379024, 37.260005 ], [ -82.378368, 37.260132 ], [ -82.378047, 37.260159 ], [ -82.377878, 37.260153 ], [ -82.377639, 37.260121 ], [ -82.377112, 37.259973 ], [ -82.376904, 37.259929 ], [ -82.376749, 37.259924 ], [ -82.376577, 37.259954 ], [ -82.376458, 37.260002 ], [ -82.374862, 37.260503 ], [ -82.374198, 37.260794 ], [ -82.373468, 37.261183 ], [ -82.373285, 37.261248 ], [ -82.372903, 37.261335 ], [ -82.372605, 37.261502 ], [ -82.372457, 37.261563 ], [ -82.37173, 37.261722 ], [ -82.371566, 37.261772 ], [ -82.371332, 37.261896 ], [ -82.371091, 37.262098 ], [ -82.370858, 37.262265 ], [ -82.370678, 37.262363 ], [ -82.370521, 37.262423 ], [ -82.370241, 37.262487 ], [ -82.370007, 37.262508 ], [ -82.369712, 37.262498 ], [ -82.369435, 37.262456 ], [ -82.369224, 37.26244 ], [ -82.368857, 37.262467 ], [ -82.368477, 37.262558 ], [ -82.367965, 37.26276 ], [ -82.367749, 37.262826 ], [ -82.367215, 37.262911 ], [ -82.366821, 37.263015 ], [ -82.366631, 37.263105 ], [ -82.366217, 37.263387 ], [ -82.365607, 37.263682 ], [ -82.365454, 37.263807 ], [ -82.365282, 37.264028 ], [ -82.36519, 37.26411 ], [ -82.36504, 37.264193 ], [ -82.36482, 37.264261 ], [ -82.364586, 37.264291 ], [ -82.364247, 37.26429 ], [ -82.363881, 37.264327 ], [ -82.363343, 37.264455 ], [ -82.362794, 37.264623 ], [ -82.362333, 37.264693 ], [ -82.3618, 37.264735 ], [ -82.360823, 37.264775 ], [ -82.359797, 37.264864 ], [ -82.359486, 37.264872 ], [ -82.358909, 37.264847 ], [ -82.358686, 37.264852 ], [ -82.358357, 37.264906 ], [ -82.357994, 37.265028 ], [ -82.357811, 37.26507 ], [ -82.357186, 37.265102 ], [ -82.356648, 37.265163 ], [ -82.356189, 37.265191 ], [ -82.355851, 37.265248 ], [ -82.355584, 37.265336 ], [ -82.355333, 37.265459 ], [ -82.355043, 37.265635 ], [ -82.354717, 37.265875 ], [ -82.354586, 37.265945 ], [ -82.353524, 37.26625 ], [ -82.352664, 37.266427 ], [ -82.352218, 37.266565 ], [ -82.351966, 37.26669 ], [ -82.351707, 37.266882 ], [ -82.351614, 37.266921 ], [ -82.351377, 37.266986 ], [ -82.351144, 37.267078 ], [ -82.350032, 37.267646 ], [ -82.349714, 37.267762 ], [ -82.349362, 37.267835 ], [ -82.349104, 37.267923 ], [ -82.348976, 37.267989 ], [ -82.348865, 37.268069 ], [ -82.348774, 37.268163 ], [ -82.348715, 37.268266 ], [ -82.348729, 37.268324 ], [ -82.348765, 37.268362 ], [ -82.348925, 37.268413 ], [ -82.349025, 37.268482 ], [ -82.349078, 37.268562 ], [ -82.349116, 37.268683 ], [ -82.349109, 37.268889 ], [ -82.349056, 37.26903 ], [ -82.348916, 37.269275 ], [ -82.348905, 37.269348 ], [ -82.34892, 37.269413 ], [ -82.349038, 37.269559 ], [ -82.349388, 37.269833 ], [ -82.349433, 37.26989 ], [ -82.349414, 37.269939 ], [ -82.349254, 37.27003 ], [ -82.349126, 37.270149 ], [ -82.349048, 37.270268 ], [ -82.349002, 37.270397 ], [ -82.34899, 37.270532 ], [ -82.349014, 37.270665 ], [ -82.349112, 37.270921 ], [ -82.349289, 37.271268 ], [ -82.349321, 37.271437 ], [ -82.349309, 37.271559 ], [ -82.349257, 37.271693 ], [ -82.349197, 37.271781 ], [ -82.349035, 37.271945 ], [ -82.348842, 37.272085 ], [ -82.348399, 37.272334 ], [ -82.348019, 37.272492 ], [ -82.347694, 37.27258 ], [ -82.347272, 37.27264 ], [ -82.346504, 37.272641 ], [ -82.346084, 37.272689 ], [ -82.345285, 37.272896 ], [ -82.345109, 37.272964 ], [ -82.344829, 37.273106 ], [ -82.344624, 37.273162 ], [ -82.344409, 37.273171 ], [ -82.344133, 37.273119 ], [ -82.343911, 37.273101 ], [ -82.343764, 37.273112 ], [ -82.343614, 37.273144 ], [ -82.342623, 37.273567 ], [ -82.342497, 37.273635 ], [ -82.342286, 37.273808 ], [ -82.342187, 37.273938 ], [ -82.342129, 37.27405 ], [ -82.34207, 37.274285 ], [ -82.342077, 37.274495 ], [ -82.342123, 37.274665 ], [ -82.342287, 37.275 ], [ -82.342328, 37.275371 ], [ -82.34238, 37.275606 ], [ -82.342526, 37.275941 ], [ -82.342867, 37.276495 ], [ -82.342954, 37.276697 ], [ -82.34299, 37.27683 ], [ -82.343003, 37.276999 ], [ -82.342988, 37.277135 ], [ -82.342889, 37.277421 ], [ -82.342856, 37.277573 ], [ -82.342856, 37.277729 ], [ -82.342889, 37.277882 ], [ -82.343007, 37.278111 ], [ -82.343468, 37.278664 ], [ -82.34367, 37.279064 ], [ -82.343837, 37.279321 ], [ -82.343874, 37.279421 ], [ -82.343848, 37.280068 ], [ -82.343875, 37.280286 ], [ -82.34394, 37.280566 ], [ -82.343921, 37.280645 ], [ -82.343869, 37.280716 ], [ -82.343005, 37.281182 ], [ -82.342688, 37.281256 ], [ -82.342553, 37.281098 ], [ -82.342387, 37.280991 ], [ -82.342167, 37.280918 ], [ -82.34189, 37.280895 ], [ -82.341692, 37.280904 ], [ -82.341449, 37.280946 ], [ -82.341129, 37.281049 ], [ -82.340706, 37.281215 ], [ -82.340598, 37.281233 ], [ -82.340457, 37.281225 ], [ -82.340299, 37.281169 ], [ -82.340101, 37.281015 ], [ -82.339973, 37.280835 ], [ -82.339888, 37.280566 ], [ -82.339818, 37.280446 ], [ -82.339697, 37.280329 ], [ -82.339423, 37.280169 ], [ -82.338717, 37.2799 ], [ -82.338126, 37.279719 ], [ -82.33791, 37.279671 ], [ -82.337578, 37.279622 ], [ -82.337095, 37.279601 ], [ -82.336882, 37.279627 ], [ -82.3367, 37.27968 ], [ -82.336566, 37.279766 ], [ -82.336496, 37.279866 ], [ -82.336473, 37.279979 ], [ -82.336509, 37.280372 ], [ -82.336553, 37.28058 ], [ -82.336671, 37.280952 ], [ -82.336678, 37.281052 ], [ -82.336659, 37.281151 ], [ -82.336605, 37.281259 ], [ -82.33652, 37.281353 ], [ -82.336426, 37.281419 ], [ -82.336241, 37.281508 ], [ -82.336046, 37.281574 ], [ -82.335868, 37.2816 ], [ -82.335687, 37.281597 ], [ -82.335584, 37.281581 ], [ -82.334562, 37.281204 ], [ -82.334459, 37.281195 ], [ -82.334243, 37.281173 ], [ -82.333913, 37.28127 ], [ -82.332283, 37.281488 ], [ -82.332045, 37.281837 ], [ -82.331732, 37.282083 ], [ -82.331401, 37.28218 ], [ -82.330883, 37.282279 ], [ -82.330063, 37.282498 ], [ -82.329127, 37.282649 ], [ -82.32822, 37.282834 ], [ -82.327744, 37.282898 ], [ -82.326907, 37.282955 ], [ -82.326199, 37.282976 ], [ -82.325506, 37.283032 ], [ -82.325351, 37.282986 ], [ -82.325121, 37.282959 ], [ -82.324725, 37.283042 ], [ -82.324541, 37.283218 ], [ -82.324161, 37.28373 ], [ -82.323969, 37.284194 ], [ -82.323457, 37.284639 ], [ -82.322546, 37.285309 ], [ -82.321946, 37.285651 ], [ -82.320971, 37.286068 ], [ -82.320185, 37.286505 ], [ -82.31956, 37.287032 ], [ -82.319126, 37.28773 ], [ -82.318937, 37.288367 ], [ -82.318931, 37.288759 ], [ -82.318854, 37.289244 ], [ -82.318658, 37.289558 ], [ -82.318087, 37.2899 ], [ -82.31778, 37.290423 ], [ -82.31756, 37.291003 ], [ -82.317376, 37.292562 ], [ -82.317415, 37.293058 ], [ -82.317266, 37.293521 ], [ -82.316592, 37.293795 ], [ -82.316395, 37.294086 ], [ -82.316234, 37.294654 ], [ -82.315623, 37.295116 ], [ -82.314853, 37.295641 ], [ -82.314628, 37.295794 ], [ -82.31436, 37.295976 ], [ -82.314195, 37.296075 ], [ -82.308452, 37.300063 ], [ -82.301015, 37.305229 ], [ -82.296825, 37.308161 ], [ -82.290547, 37.312551 ], [ -82.289283, 37.313436 ], [ -82.286792, 37.315181 ], [ -82.286445, 37.315423 ], [ -82.282209, 37.318388 ], [ -82.275684, 37.322877 ], [ -82.268331, 37.328 ], [ -82.265682, 37.329861 ], [ -82.259929, 37.333943 ], [ -82.254513, 37.337741 ], [ -82.24706, 37.34296 ], [ -82.246193, 37.343565 ], [ -82.242118, 37.346428 ], [ -82.241911, 37.346571 ], [ -82.241436, 37.346906 ], [ -82.240973, 37.347229 ], [ -82.233628, 37.352376 ], [ -82.227563, 37.356659 ], [ -82.218709, 37.362932 ], [ -82.21782, 37.363565 ], [ -82.217445, 37.36383 ], [ -82.21729, 37.363937 ], [ -82.217191, 37.364008 ], [ -82.21509, 37.365496 ], [ -82.21221, 37.367534 ], [ -82.202576, 37.374163 ], [ -82.193683, 37.38028 ], [ -82.190835, 37.382221000000101 ], [ -82.189039, 37.383444 ], [ -82.184905, 37.386261 ], [ -82.173413, 37.394071 ], [ -82.16002, 37.403288 ], [ -82.149776, 37.410228 ], [ -82.144491, 37.413819 ], [ -82.142983, 37.414842 ], [ -82.136744, 37.419175 ], [ -82.123969, 37.428049 ], [ -82.123405, 37.428439 ], [ -82.118773, 37.43176 ], [ -82.117094, 37.432932 ], [ -82.111669, 37.436721 ], [ -82.111541, 37.436809 ], [ -82.110119, 37.437805 ], [ -82.101036, 37.444195 ], [ -82.096001, 37.447781 ], [ -82.095152, 37.448385 ], [ -82.09226, 37.450446 ], [ -82.087329, 37.453902 ], [ -82.079647, 37.459285 ], [ -82.063195, 37.470816 ], [ -82.062975, 37.470969 ], [ -82.062932, 37.471 ], [ -82.062892, 37.471027 ], [ -82.062159, 37.471544 ], [ -82.062051, 37.47162 ], [ -82.051069, 37.480337 ], [ -82.050717, 37.480578 ], [ -82.050302, 37.480863 ], [ -82.043162, 37.485748 ], [ -82.042404, 37.486267 ], [ -82.023746, 37.499036 ], [ -82.022367, 37.499978 ], [ -82.018228, 37.502882 ], [ -82.009011, 37.509346 ], [ -82.002744, 37.513739 ], [ -81.979915, 37.529658 ], [ -81.968012, 37.538035 ], [ -81.968154, 37.537723 ], [ -81.968327, 37.537245 ], [ -81.968333, 37.537173 ], [ -81.968306, 37.537036 ], [ -81.968326, 37.536942 ], [ -81.968416, 37.536805 ], [ -81.968692, 37.53625 ], [ -81.968892, 37.535761 ], [ -81.968954, 37.535673 ], [ -81.969016, 37.53508 ], [ -81.969002, 37.534629 ], [ -81.968926, 37.534365 ], [ -81.968829, 37.534168 ], [ -81.968636, 37.533899 ], [ -81.968436, 37.533684 ], [ -81.968201, 37.533454 ], [ -81.967904, 37.533217 ], [ -81.967718, 37.533097 ], [ -81.967614, 37.533053 ], [ -81.967173, 37.532937 ], [ -81.966945, 37.532916 ], [ -81.966607, 37.53297 ], [ -81.966096, 37.533103 ], [ -81.965324, 37.533328 ], [ -81.964979, 37.533443 ], [ -81.964675, 37.53352 ], [ -81.964317, 37.533652 ], [ -81.963482, 37.534015 ], [ -81.962737, 37.534235 ], [ -81.962578, 37.534301 ], [ -81.962351, 37.534422 ], [ -81.961806, 37.534609 ], [ -81.961343, 37.53479 ], [ -81.960771, 37.535082 ], [ -81.96035, 37.535269 ], [ -81.95966, 37.535461 ], [ -81.959281, 37.535538 ], [ -81.958839, 37.535571 ], [ -81.958536, 37.535538 ], [ -81.958308, 37.535538 ], [ -81.958053, 37.535505 ], [ -81.957618, 37.535516 ], [ -81.957528, 37.535505 ], [ -81.957377, 37.535439 ], [ -81.957211, 37.535302 ], [ -81.956818, 37.534863 ], [ -81.956673, 37.534593 ], [ -81.956645, 37.534418 ], [ -81.957162, 37.533681 ], [ -81.957259, 37.533462 ], [ -81.957328, 37.533143 ], [ -81.95739, 37.532654 ], [ -81.957389, 37.532368 ], [ -81.957555, 37.531341 ], [ -81.957589, 37.530934 ], [ -81.957548, 37.530028 ], [ -81.957472, 37.529791 ], [ -81.957389, 37.529605 ], [ -81.957071, 37.529149 ], [ -81.956754, 37.52878 ], [ -81.956643, 37.528687 ], [ -81.956409, 37.528539 ], [ -81.955967, 37.528391 ], [ -81.955595, 37.528308 ], [ -81.954843, 37.528198 ], [ -81.95418, 37.528144 ], [ -81.95376, 37.52816 ], [ -81.953394, 37.52821 ], [ -81.952911, 37.528314 ], [ -81.952718, 37.528408 ], [ -81.95258, 37.528528 ], [ -81.952277, 37.528732 ], [ -81.952001, 37.528836 ], [ -81.951738, 37.528875 ], [ -81.951594, 37.528946 ], [ -81.951297, 37.529155 ], [ -81.951228, 37.529232 ], [ -81.951159, 37.529347 ], [ -81.951042, 37.529463 ], [ -81.950145, 37.530012 ], [ -81.949773, 37.530314 ], [ -81.949462, 37.530534 ], [ -81.949138, 37.530705 ], [ -81.948869, 37.530886 ], [ -81.94871, 37.530974 ], [ -81.948655, 37.530974 ], [ -81.948655, 37.530864 ], [ -81.948579, 37.530858 ], [ -81.948296, 37.530979 ], [ -81.947958, 37.531089 ], [ -81.947199, 37.531309 ], [ -81.946898, 37.53138 ], [ -81.946889, 37.531397 ], [ -81.94691, 37.531424 ], [ -81.947068, 37.531468 ], [ -81.947103, 37.531507 ], [ -81.94709, 37.531523 ], [ -81.946751, 37.531721 ], [ -81.94662, 37.531831 ], [ -81.946475, 37.531903 ], [ -81.946254, 37.531963 ], [ -81.946185, 37.531974 ], [ -81.945978, 37.531963 ], [ -81.945909, 37.531936 ], [ -81.945758, 37.531853 ], [ -81.945489, 37.531606 ], [ -81.945344, 37.531573 ], [ -81.944978, 37.531551 ], [ -81.94444, 37.53148 ], [ -81.944253, 37.531441 ], [ -81.944074, 37.531359 ], [ -81.943964, 37.531282 ], [ -81.943853, 37.531161 ], [ -81.943802, 37.531084 ], [ -81.943736, 37.530881 ], [ -81.943729, 37.530727 ], [ -81.943777, 37.530507 ], [ -81.943812, 37.530397 ], [ -81.943922, 37.530249 ], [ -81.944171, 37.530046 ], [ -81.944453, 37.529881 ], [ -81.944584, 37.529776 ], [ -81.944936, 37.529579 ], [ -81.945274, 37.529425 ], [ -81.945433, 37.529331 ], [ -81.945681, 37.529243 ], [ -81.945764, 37.529199 ], [ -81.946006, 37.529007 ], [ -81.946385, 37.528672 ], [ -81.946813, 37.528232 ], [ -81.947123, 37.527826 ], [ -81.947344, 37.527452 ], [ -81.94742, 37.527084 ], [ -81.947578, 37.526798 ], [ -81.947592, 37.52665 ], [ -81.947613, 37.525441 ], [ -81.947481, 37.524958 ], [ -81.947295, 37.524628 ], [ -81.947033, 37.524232 ], [ -81.946722, 37.523793 ], [ -81.946626, 37.523689 ], [ -81.946095, 37.523277 ], [ -81.945715, 37.523035 ], [ -81.945308, 37.522738 ], [ -81.945046, 37.522573 ], [ -81.94417, 37.521942 ], [ -81.943915, 37.52165 ], [ -81.943721, 37.521343 ], [ -81.943618, 37.521123 ], [ -81.943508, 37.52076 ], [ -81.943494, 37.520266 ], [ -81.943459, 37.520013 ], [ -81.943507, 37.519788 ], [ -81.943583, 37.51964 ], [ -81.943673, 37.519546 ], [ -81.944087, 37.518964 ], [ -81.944149, 37.51876 ], [ -81.944549, 37.518074 ], [ -81.945204, 37.517134 ], [ -81.945321, 37.516876 ], [ -81.945438, 37.516513 ], [ -81.945445, 37.516222 ], [ -81.945411, 37.516068 ], [ -81.945314, 37.515815 ], [ -81.945183, 37.515596 ], [ -81.94508, 37.51537 ], [ -81.945052, 37.515283 ], [ -81.945031, 37.515068 ], [ -81.944645, 37.51436 ], [ -81.944631, 37.514299 ], [ -81.944673, 37.514222 ], [ -81.944797, 37.514107 ], [ -81.944817, 37.513739 ], [ -81.944748, 37.51364 ], [ -81.944259, 37.513277 ], [ -81.943776, 37.513019 ], [ -81.943417, 37.512871 ], [ -81.942617, 37.512623 ], [ -81.942445, 37.512585 ], [ -81.941907, 37.512497 ], [ -81.941458, 37.51247 ], [ -81.941348, 37.51247 ], [ -81.940934, 37.512514 ], [ -81.940638, 37.512514 ], [ -81.939989, 37.512591 ], [ -81.939465, 37.512761 ], [ -81.938899, 37.513003 ], [ -81.938251, 37.513365 ], [ -81.937761, 37.51358 ], [ -81.937389, 37.513838 ], [ -81.936665, 37.514453 ], [ -81.936499, 37.514717 ], [ -81.936416, 37.514887 ], [ -81.936416, 37.514942 ], [ -81.936099, 37.51542 ], [ -81.936009, 37.515992 ], [ -81.936037, 37.516459 ], [ -81.936009, 37.516882 ], [ -81.935982, 37.517041 ], [ -81.935892, 37.517321 ], [ -81.935602, 37.518002 ], [ -81.935554, 37.518162 ], [ -81.93532, 37.518596 ], [ -81.935002, 37.519002 ], [ -81.93483, 37.519184 ], [ -81.934726, 37.519261 ], [ -81.934464, 37.519365 ], [ -81.934057, 37.519469 ], [ -81.93374, 37.519491 ], [ -81.933519, 37.519475 ], [ -81.933354, 37.519436 ], [ -81.933202, 37.51937 ], [ -81.933036, 37.519244 ], [ -81.932788, 37.518986 ], [ -81.932347, 37.518414 ], [ -81.932181, 37.51814 ], [ -81.932078, 37.518019 ], [ -81.931802, 37.517612 ], [ -81.931643, 37.517453 ], [ -81.93136, 37.517123 ], [ -81.930953, 37.516739 ], [ -81.930746, 37.516623 ], [ -81.930581, 37.516563 ], [ -81.930457, 37.516453 ], [ -81.930133, 37.516299 ], [ -81.929953, 37.516255 ], [ -81.929505, 37.516228 ], [ -81.929339, 37.516173 ], [ -81.928939, 37.515975 ], [ -81.928277, 37.515678 ], [ -81.927194, 37.515332 ], [ -81.927049, 37.515156 ], [ -81.926725, 37.514953 ], [ -81.926463, 37.514705 ], [ -81.926353, 37.514563 ], [ -81.92625, 37.51437 ], [ -81.926139, 37.51398 ], [ -81.926167, 37.513771 ], [ -81.926243, 37.513574 ], [ -81.926436, 37.513321 ], [ -81.926677, 37.513057 ], [ -81.927395, 37.512365 ], [ -81.927681, 37.512113 ], [ -81.931914, 37.512204 ], [ -81.933424, 37.511241 ], [ -81.935054, 37.510505 ], [ -81.936543, 37.510472 ], [ -81.938143, 37.510107 ], [ -81.939449, 37.509501 ], [ -81.940189, 37.509209 ], [ -81.940797, 37.509435 ], [ -81.941151, 37.509483 ], [ -81.941435, 37.509305 ], [ -81.94264, 37.508844 ], [ -81.943045, 37.508609 ], [ -81.943247, 37.508286 ], [ -81.944188, 37.506976 ], [ -81.944157, 37.50633 ], [ -81.943893, 37.505676 ], [ -81.943821, 37.503284 ], [ -81.943912, 37.502929 ], [ -81.944711, 37.502597 ], [ -81.945349, 37.502265 ], [ -81.945957, 37.501901 ], [ -81.946331, 37.501893 ], [ -81.947446, 37.502126 ], [ -81.948317, 37.502263 ], [ -81.949188, 37.502376 ], [ -81.950545, 37.502253 ], [ -81.951831, 37.50205 ], [ -81.952641, 37.501678 ], [ -81.953147, 37.501314 ], [ -81.954077, 37.499822 ], [ -81.953892, 37.499427 ], [ -81.953849, 37.499088 ], [ -81.954028, 37.498603 ], [ -81.953995, 37.498168 ], [ -81.954273, 37.497529 ], [ -81.954269, 37.496972 ], [ -81.954364, 37.496084 ], [ -81.954167, 37.495302 ], [ -81.95317, 37.494273 ], [ -81.952735, 37.494162 ], [ -81.95269, 37.4935 ], [ -81.952756, 37.492879 ], [ -81.952681, 37.492274 ], [ -81.953264, 37.491763 ], [ -81.953838, 37.491502 ], [ -81.954365, 37.491677 ], [ -81.955911, 37.491574 ], [ -81.957213, 37.491504 ], [ -81.958407, 37.491757 ], [ -81.959583, 37.492285 ], [ -81.960342, 37.492548 ], [ -81.96111, 37.492577 ], [ -81.963925, 37.493493 ], [ -81.964986, 37.493488 ], [ -81.965963, 37.493016 ], [ -81.966696, 37.492351 ], [ -81.96658, 37.491625 ], [ -81.96675, 37.491382 ], [ -81.967129, 37.490743 ], [ -81.967703, 37.490499 ], [ -81.968714, 37.490494 ], [ -81.969511, 37.49037 ], [ -81.97073, 37.489904 ], [ -81.970828, 37.489436 ], [ -81.9706, 37.488614 ], [ -81.970659, 37.488468 ], [ -81.97166, 37.488561 ], [ -81.972195, 37.48855 ], [ -81.972518, 37.488492 ], [ -81.972849, 37.48816 ], [ -81.973232, 37.487997 ], [ -81.973878, 37.487905 ], [ -81.975171, 37.487866 ], [ -81.975752, 37.487689 ], [ -81.975944, 37.487233 ], [ -81.976023, 37.486781 ], [ -81.976202, 37.486449 ], [ -81.976514, 37.486198 ], [ -81.97644, 37.485819 ], [ -81.976468, 37.485465 ], [ -81.976829, 37.485115 ], [ -81.977403, 37.484911 ], [ -81.977593, 37.484603 ], [ -81.978118, 37.484577 ], [ -81.979169, 37.484604 ], [ -81.979759, 37.48511 ], [ -81.980327, 37.485447 ], [ -81.981346, 37.485313 ], [ -81.982274, 37.485107 ], [ -81.983062, 37.485152 ], [ -81.983859, 37.484971 ], [ -81.984324, 37.485057 ], [ -81.984802, 37.485467 ], [ -81.985703, 37.485681 ], [ -81.98658, 37.485443 ], [ -81.987134, 37.485174 ], [ -81.988043, 37.48517 ], [ -81.989849, 37.484879 ], [ -81.990261, 37.484611 ], [ -81.990896, 37.484431 ], [ -81.991227, 37.484131 ], [ -81.991386, 37.483734 ], [ -81.991706, 37.483329 ], [ -81.992624, 37.483123 ], [ -81.992916, 37.482969 ], [ -81.992832, 37.482549 ], [ -81.992799, 37.482146 ], [ -81.992524, 37.481825 ], [ -81.992533, 37.481679 ], [ -81.992742, 37.481218 ], [ -81.993151, 37.480563 ], [ -81.992974, 37.479797 ], [ -81.993977, 37.478856 ], [ -81.994923, 37.478222 ], [ -81.995597, 37.47788 ], [ -81.995776, 37.4775 ], [ -81.996096, 37.477127 ], [ -81.996233, 37.477059 ], [ -81.996499, 37.476924 ], [ -81.996578, 37.476705 ], [ -81.99616, 37.476159 ], [ -81.995833, 37.475652 ], [ -81.995955, 37.47444 ], [ -81.995678, 37.473844 ], [ -81.995533, 37.473304 ], [ -81.995549, 37.472788 ], [ -81.995304, 37.472466 ], [ -81.995253, 37.472305 ], [ -81.995707, 37.472222 ], [ -81.996018, 37.472043 ], [ -81.996075, 37.471526 ], [ -81.995816, 37.470656 ], [ -81.995649, 37.469833 ], [ -81.994869, 37.469563 ], [ -81.994107, 37.469191 ], [ -81.993369, 37.468844 ], [ -81.992972, 37.46845 ], [ -81.99301, 37.468168 ], [ -81.993137, 37.467522 ], [ -81.993405, 37.466939 ], [ -81.993318, 37.466052 ], [ -81.99357, 37.46463 ], [ -81.993423, 37.463872 ], [ -81.992757, 37.462495 ], [ -81.992429, 37.461859 ], [ -81.992233, 37.461319 ], [ -81.99227, 37.460916 ], [ -81.991573, 37.460886 ], [ -81.990835, 37.460769 ], [ -81.989996, 37.460595 ], [ -81.989522, 37.46067 ], [ -81.988901, 37.460035 ], [ -81.988453, 37.459529 ], [ -81.988219, 37.459215 ], [ -81.987853, 37.458886 ], [ -81.987629, 37.458661 ], [ -81.987813, 37.457461 ], [ -81.987926, 37.456424 ], [ -81.987731, 37.456086 ], [ -81.987638, 37.455779 ], [ -81.987534, 37.455336 ], [ -81.987006, 37.454878 ], [ -81.986205, 37.454519 ], [ -81.985527, 37.454328 ], [ -81.984891, 37.454315 ], [ -81.98455, 37.454583 ], [ -81.98309, 37.455227 ], [ -81.982408, 37.455606 ], [ -81.98161, 37.455968 ], [ -81.980667, 37.456763 ], [ -81.980254, 37.456974 ], [ -81.980013, 37.45721 ], [ -81.979396, 37.457059 ], [ -81.97865, 37.457216 ], [ -81.978085, 37.457315 ], [ -81.977499, 37.45718 ], [ -81.976651, 37.4572 ], [ -81.976176, 37.457186 ], [ -81.975648, 37.456777 ], [ -81.975304, 37.456706 ], [ -81.975011, 37.456626 ], [ -81.974825, 37.456095 ], [ -81.97436, 37.456032 ], [ -81.973694, 37.456067 ], [ -81.973402, 37.45619 ], [ -81.973381, 37.456069 ], [ -81.973278, 37.455851 ], [ -81.972993, 37.455554 ], [ -81.973335, 37.455326 ], [ -81.973485, 37.455132 ], [ -81.973554, 37.454873 ], [ -81.973299, 37.454431 ], [ -81.972963, 37.454109 ], [ -81.972665, 37.4534 ], [ -81.972411, 37.453208 ], [ -81.971754, 37.453041 ], [ -81.971165, 37.45264 ], [ -81.970649, 37.452433 ], [ -81.970264, 37.452249 ], [ -81.969899, 37.452097 ], [ -81.969463, 37.451792 ], [ -81.968795, 37.451496 ], [ -81.969342, 37.450324 ], [ -81.970012, 37.449449 ], [ -81.97047, 37.448567 ], [ -81.970383, 37.447688 ], [ -81.969654, 37.447401 ], [ -81.969047, 37.447129 ], [ -81.96852, 37.446833 ], [ -81.967973, 37.446593 ], [ -81.967015, 37.446831 ], [ -81.966318, 37.446721 ], [ -81.965582, 37.446918 ], [ -81.964839, 37.44747 ], [ -81.964567, 37.447592 ], [ -81.964142, 37.447481 ], [ -81.963356, 37.447759 ], [ -81.962943, 37.447874 ], [ -81.96182, 37.447596 ], [ -81.961206, 37.447752 ], [ -81.960593, 37.448215 ], [ -81.960158, 37.448136 ], [ -81.95942, 37.447937 ], [ -81.958672, 37.448045 ], [ -81.95818, 37.448475 ], [ -81.95779, 37.448929 ], [ -81.957579, 37.449123 ], [ -81.957427, 37.449051 ], [ -81.957425, 37.448793 ], [ -81.956866, 37.448263 ], [ -81.955984, 37.447709 ], [ -81.955691, 37.447598 ], [ -81.955091, 37.447027 ], [ -81.954442, 37.446635 ], [ -81.954248, 37.446477 ], [ -81.954056, 37.446321 ], [ -81.952894, 37.446189 ], [ -81.951954, 37.445967 ], [ -81.950813, 37.445956 ], [ -81.949933, 37.445806 ], [ -81.949367, 37.445687 ], [ -81.949124, 37.445575 ], [ -81.949168, 37.445384 ], [ -81.949156, 37.445021 ], [ -81.948851, 37.444643 ], [ -81.948375, 37.444516 ], [ -81.947979, 37.444099 ], [ -81.947897, 37.443857 ], [ -81.947915, 37.443454 ], [ -81.947801, 37.443067 ], [ -81.947414, 37.442464 ], [ -81.946795, 37.442015 ], [ -81.945977, 37.441818 ], [ -81.945895, 37.441705 ], [ -81.945892, 37.441245 ], [ -81.945827, 37.440488 ], [ -81.945765, 37.440214 ], [ -81.945198, 37.439991 ], [ -81.944602, 37.439872 ], [ -81.943937, 37.439996 ], [ -81.943613, 37.439949 ], [ -81.94321, 37.439919 ], [ -81.942856, 37.439929 ], [ -81.942533, 37.439833 ], [ -81.942239, 37.439641 ], [ -81.942117, 37.439472 ], [ -81.942068, 37.43969 ], [ -81.94209, 37.439956 ], [ -81.941959, 37.44011 ], [ -81.941638, 37.44041 ], [ -81.941175, 37.440485 ], [ -81.94064, 37.440487 ], [ -81.939993, 37.440385 ], [ -81.93963, 37.440298 ], [ -81.939317, 37.440388 ], [ -81.938843, 37.440463 ], [ -81.93854, 37.440344 ], [ -81.938082, 37.439805 ], [ -81.938011, 37.439644 ], [ -81.937789, 37.439662 ], [ -81.93695, 37.439423 ], [ -81.936261, 37.439023 ], [ -81.935956, 37.438718 ], [ -81.935875, 37.438557 ], [ -81.935621, 37.438397 ], [ -81.935476, 37.43768 ], [ -81.935209, 37.436923 ], [ -81.935207, 37.436609 ], [ -81.935316, 37.43639 ], [ -81.935467, 37.436317 ], [ -81.936546, 37.436167 ], [ -81.936748, 37.43611 ], [ -81.936843, 37.43582 ], [ -81.936839, 37.435279 ], [ -81.937107, 37.434616 ], [ -81.937174, 37.433995 ], [ -81.936919, 37.433657 ], [ -81.936644, 37.433198 ], [ -81.935975, 37.432853 ], [ -81.935822, 37.432507 ], [ -81.935597, 37.432209 ], [ -81.935647, 37.431999 ], [ -81.936313, 37.432029 ], [ -81.936909, 37.432139 ], [ -81.937838, 37.432111 ], [ -81.93833, 37.43169 ], [ -81.938477, 37.431108 ], [ -81.938827, 37.430574 ], [ -81.939461, 37.430184 ], [ -81.939933, 37.429867 ], [ -81.940283, 37.429325 ], [ -81.940553, 37.429058 ], [ -81.940419, 37.428606 ], [ -81.940302, 37.428421 ], [ -81.940154, 37.428188 ], [ -81.939539, 37.42677 ], [ -81.939282, 37.426077 ], [ -81.939116, 37.425448 ], [ -81.939042, 37.424948 ], [ -81.938574, 37.42436 ], [ -81.93829, 37.424047 ], [ -81.938569, 37.423578 ], [ -81.938908, 37.422947 ], [ -81.938884, 37.422366 ], [ -81.938912, 37.422002 ], [ -81.938153, 37.42165 ], [ -81.937806, 37.421184 ], [ -81.93788, 37.420086 ], [ -81.937577, 37.420047 ], [ -81.93695, 37.41992 ], [ -81.935235, 37.420096 ], [ -81.934973, 37.420017 ], [ -81.934551, 37.418881 ], [ -81.934444, 37.417929 ], [ -81.934289, 37.417405 ], [ -81.93364, 37.416875 ], [ -81.932905, 37.415691 ], [ -81.932468, 37.415217 ], [ -81.931215, 37.414883 ], [ -81.931168, 37.414828 ], [ -81.930996, 37.414804 ], [ -81.930627, 37.414825 ], [ -81.930451, 37.414791 ], [ -81.930391, 37.414743 ], [ -81.930219, 37.414671 ], [ -81.930146, 37.414592 ], [ -81.930032, 37.414549 ], [ -81.929547, 37.414462 ], [ -81.929043, 37.414601 ], [ -81.928154, 37.4145 ], [ -81.927817, 37.413783 ], [ -81.92749, 37.413251 ], [ -81.926801, 37.412915 ], [ -81.926345, 37.412731 ], [ -81.925938, 37.412136 ], [ -81.925229, 37.411807 ], [ -81.924724, 37.411737 ], [ -81.924036, 37.411505 ], [ -81.923481, 37.411379 ], [ -81.923148, 37.411412 ], [ -81.922956, 37.411389 ], [ -81.923164, 37.410815 ], [ -81.923394, 37.410459 ], [ -81.924149, 37.410214 ], [ -81.924552, 37.409986 ], [ -81.924386, 37.40943 ], [ -81.924445, 37.409115 ], [ -81.924342, 37.408784 ], [ -81.924672, 37.408363 ], [ -81.924506, 37.407613 ], [ -81.924282, 37.407316 ], [ -81.925009, 37.407337 ], [ -81.925764, 37.406874 ], [ -81.927338, 37.406844 ], [ -81.928173, 37.406453 ], [ -81.928505, 37.40633 ], [ -81.928592, 37.405781 ], [ -81.928914, 37.405554 ], [ -81.929488, 37.405431 ], [ -81.930042, 37.405291 ], [ -81.93023, 37.404629 ], [ -81.930093, 37.40379 ], [ -81.930349, 37.402724 ], [ -81.930737, 37.401891 ], [ -81.930786, 37.401656 ], [ -81.930329, 37.401166 ], [ -81.929972, 37.400707 ], [ -81.929053, 37.400598 ], [ -81.928841, 37.4005340000001 ], [ -81.928858, 37.399953 ], [ -81.928279, 37.399399 ], [ -81.927944, 37.399174 ], [ -81.92775, 37.398795 ], [ -81.928021, 37.398463 ], [ -81.92828, 37.398059 ], [ -81.929137, 37.39795 ], [ -81.92974, 37.397496 ], [ -81.93005, 37.397124 ], [ -81.929926, 37.396696 ], [ -81.929853, 37.396285 ], [ -81.929275, 37.3959 ], [ -81.928971, 37.395659 ], [ -81.928969, 37.395368 ], [ -81.929319, 37.394875 ], [ -81.929388, 37.394625 ], [ -81.928962, 37.394199 ], [ -81.928778, 37.393845 ], [ -81.928988, 37.393529 ], [ -81.929511, 37.393301 ], [ -81.929902, 37.39288 ], [ -81.930888, 37.392448 ], [ -81.931652, 37.39209 ], [ -81.932268, 37.392103 ], [ -81.932721, 37.392036 ], [ -81.93278, 37.391802 ], [ -81.933171, 37.391413 ], [ -81.933883, 37.390652 ], [ -81.933849, 37.390088 ], [ -81.933601, 37.389217 ], [ -81.933691, 37.389088 ], [ -81.933458, 37.388911 ], [ -81.933058, 37.387976 ], [ -81.932542, 37.387672 ], [ -81.932046, 37.387553 ], [ -81.931731, 37.387191 ], [ -81.931505, 37.386594 ], [ -81.931724, 37.386085 ], [ -81.931811, 37.385479 ], [ -81.932606, 37.385178 ], [ -81.934112, 37.384017 ], [ -81.934997, 37.383643 ], [ -81.93571, 37.383147 ], [ -81.93587, 37.382856 ], [ -81.935966, 37.382089 ], [ -81.936083, 37.381507 ], [ -81.936242, 37.381176 ], [ -81.936744, 37.38073 ], [ -81.936534, 37.380161 ], [ -81.936066, 37.378844 ], [ -81.935872, 37.378554 ], [ -81.935407, 37.378443 ], [ -81.935185, 37.37846 ], [ -81.934961, 37.37813 ], [ -81.934626, 37.377841 ], [ -81.93388, 37.377796 ], [ -81.933143, 37.377839 ], [ -81.93292, 37.377678 ], [ -81.932545, 37.377349 ], [ -81.93207, 37.377246 ], [ -81.931756, 37.376997 ], [ -81.931571, 37.376481 ], [ -81.931447, 37.376006 ], [ -81.931143, 37.375757 ], [ -81.93106, 37.375466 ], [ -81.931139, 37.375224 ], [ -81.931206, 37.375111 ], [ -81.931765, 37.374551 ], [ -81.932162, 37.374335 ], [ -81.932763, 37.374229 ], [ -81.933411, 37.373953 ], [ -81.933793, 37.373577 ], [ -81.933974, 37.373163 ], [ -81.934027, 37.372865 ], [ -81.933779, 37.372643 ], [ -81.933373, 37.372505 ], [ -81.933056, 37.372293 ], [ -81.93294, 37.372085 ], [ -81.933085, 37.371495 ], [ -81.933235, 37.370664 ], [ -81.933194, 37.370254 ], [ -81.933235, 37.369891 ], [ -81.93333, 37.369648 ], [ -81.933382, 37.369341 ], [ -81.932975, 37.369179 ], [ -81.932556, 37.368944 ], [ -81.931952, 37.368551 ], [ -81.931215, 37.367669 ], [ -81.930875, 37.367393 ], [ -81.930564, 37.36702 ], [ -81.93043, 37.366784 ], [ -81.930307, 37.366723 ], [ -81.93008, 37.366734 ], [ -81.930021, 37.366634 ], [ -81.929973, 37.366613 ], [ -81.929926, 37.366622 ], [ -81.929807, 37.366449 ], [ -81.929655, 37.366403 ], [ -81.929329, 37.366379 ], [ -81.929079, 37.366415 ], [ -81.928917, 37.366386 ], [ -81.928862, 37.366234 ], [ -81.928858, 37.366048 ], [ -81.928674, 37.365963 ], [ -81.928329, 37.365848 ], [ -81.92777, 37.365767 ], [ -81.927653, 37.365775 ], [ -81.927399, 37.365793 ], [ -81.927316, 37.365799 ], [ -81.927022, 37.365809 ], [ -81.926676, 37.365761 ], [ -81.926189, 37.365632 ], [ -81.926045, 37.365513 ], [ -81.926002, 37.365377 ], [ -81.926079, 37.365271 ], [ -81.92622, 37.365189 ], [ -81.926444, 37.365058 ], [ -81.926546, 37.364915 ], [ -81.926697, 37.364618 ], [ -81.926945, 37.364485 ], [ -81.927183, 37.364328 ], [ -81.927318, 37.364125 ], [ -81.927368, 37.363303 ], [ -81.927572, 37.362787 ], [ -81.927583, 37.36276 ], [ -81.927831, 37.362153 ], [ -81.928463, 37.360871 ], [ -81.928497, 37.360645 ], [ -81.928462, 37.360461 ], [ -81.928142, 37.36016 ], [ -81.927482, 37.359929 ], [ -81.927095, 37.35975 ], [ -81.926591, 37.358707 ], [ -81.92648, 37.358515 ], [ -81.926408, 37.358348 ], [ -81.926269, 37.357936 ], [ -81.925646, 37.357313 ], [ -81.925302, 37.356969 ], [ -81.92503, 37.356941 ], [ -81.924537, 37.357343 ], [ -81.924526, 37.357411 ], [ -81.924505, 37.357535 ], [ -81.92436, 37.357918 ], [ -81.924086, 37.358204 ], [ -81.923816, 37.358272 ], [ -81.923632, 37.35817 ], [ -81.923477, 37.357937 ], [ -81.923238, 37.357718 ], [ -81.922252, 37.357331 ], [ -81.921762, 37.357073 ], [ -81.921621, 37.356697 ], [ -81.92157, 37.356421 ], [ -81.92123, 37.356149 ], [ -81.921057, 37.355838 ], [ -81.920824, 37.355546 ], [ -81.920737, 37.355401 ], [ -81.920707, 37.355352 ], [ -81.920643, 37.354273 ], [ -81.920437, 37.353665 ], [ -81.920279, 37.353402 ], [ -81.919893, 37.353279 ], [ -81.919409, 37.353238 ], [ -81.918874, 37.353158 ], [ -81.918596, 37.352937 ], [ -81.918446, 37.352561 ], [ -81.918236, 37.352235 ], [ -81.918246, 37.35184 ], [ -81.918195, 37.351438 ], [ -81.917856, 37.351146 ], [ -81.917724, 37.351116 ], [ -81.91754, 37.350998 ], [ -81.917533, 37.350716 ], [ -81.917758, 37.350362 ], [ -81.918033, 37.349565 ], [ -81.917827, 37.349416 ], [ -81.917794, 37.349287 ], [ -81.91765, 37.349153 ], [ -81.917447, 37.349116 ], [ -81.917176, 37.34912 ], [ -81.916926, 37.349189 ], [ -81.916678, 37.349346 ], [ -81.916489, 37.349414 ], [ -81.916125, 37.349379 ], [ -81.915842, 37.34932 ], [ -81.915567, 37.349187 ], [ -81.915345, 37.349151 ], [ -81.915148, 37.349347 ], [ -81.915131, 37.349468 ], [ -81.915043, 37.349574 ], [ -81.914853, 37.349594 ], [ -81.914611, 37.34959 ], [ -81.914409, 37.349553 ], [ -81.914256, 37.349544 ], [ -81.913727, 37.349274 ], [ -81.913262, 37.349169 ], [ -81.912575, 37.349277 ], [ -81.912057, 37.349345 ], [ -81.911951, 37.349339 ], [ -81.911869, 37.349268 ], [ -81.911402, 37.348747 ], [ -81.911001, 37.348718 ], [ -81.910371, 37.348945 ], [ -81.91022, 37.348955 ], [ -81.909973, 37.348742 ], [ -81.909745, 37.348456 ], [ -81.909624, 37.348071 ], [ -81.909604, 37.347816 ], [ -81.909468, 37.346279 ], [ -81.909557, 37.345977 ], [ -81.909613, 37.345659 ], [ -81.909636, 37.345532 ], [ -81.909648, 37.345455 ], [ -81.909533, 37.345296 ], [ -81.909169, 37.345237 ], [ -81.9089, 37.345259 ], [ -81.908207, 37.345381 ], [ -81.907911, 37.345224 ], [ -81.907846, 37.345032 ], [ -81.907942, 37.344878 ], [ -81.90812, 37.344754 ], [ -81.908446, 37.344563 ], [ -81.908632, 37.344319 ], [ -81.908708, 37.344141 ], [ -81.908663, 37.343925 ], [ -81.908531, 37.343863 ], [ -81.908417, 37.343842 ], [ -81.908147, 37.343794 ], [ -81.907903, 37.343534 ], [ -81.907745, 37.343298 ], [ -81.907565, 37.343081 ], [ -81.907284, 37.342884 ], [ -81.907265, 37.342772 ], [ -81.907161, 37.342636 ], [ -81.906848, 37.342593 ], [ -81.906527, 37.342638 ], [ -81.906399, 37.342737 ], [ -81.906268, 37.342764 ], [ -81.905945, 37.342775 ], [ -81.905009, 37.34271 ], [ -81.904681, 37.342884 ], [ -81.904426, 37.343075 ], [ -81.904305, 37.343136 ], [ -81.904166, 37.343206 ], [ -81.904006, 37.343241 ], [ -81.903895, 37.343226 ], [ -81.903789, 37.343039 ], [ -81.903609, 37.342908 ], [ -81.903299, 37.342558 ], [ -81.902989, 37.342313 ], [ -81.902975, 37.342164 ], [ -81.90289, 37.34198 ], [ -81.902663, 37.34179 ], [ -81.902532, 37.341776 ], [ -81.90223, 37.341873 ], [ -81.902179, 37.341886 ], [ -81.90181, 37.341979 ], [ -81.900495, 37.342072 ], [ -81.899947, 37.341903 ], [ -81.899601, 37.341607 ], [ -81.899422, 37.341413 ], [ -81.899444, 37.341179 ], [ -81.899659, 37.340896 ], [ -81.89966, 37.340726 ], [ -81.899764, 37.340261 ], [ -81.899786, 37.339953 ], [ -81.899677, 37.339574 ], [ -81.899555, 37.339504 ], [ -81.899299, 37.33954 ], [ -81.899164, 37.339559 ], [ -81.898912, 37.339549 ], [ -81.898463, 37.339283 ], [ -81.897188, 37.336991 ], [ -81.897058, 37.336758 ], [ -81.897007, 37.336673 ], [ -81.896821, 37.336088 ], [ -81.896632, 37.335383 ], [ -81.896599, 37.3349 ], [ -81.896628, 37.334457 ], [ -81.896813, 37.334196 ], [ -81.897298, 37.33389 ], [ -81.897936, 37.33367 ], [ -81.897743, 37.333214 ], [ -81.897338, 37.332469 ], [ -81.896789, 37.332094 ], [ -81.896494, 37.33197 ], [ -81.895922, 37.331958 ], [ -81.895696, 37.33198 ], [ -81.895556, 37.331978 ], [ -81.895386, 37.33195 ], [ -81.895169, 37.332031 ], [ -81.895094, 37.332045 ], [ -81.894957, 37.332034 ], [ -81.894887, 37.332009 ], [ -81.894802, 37.331943 ], [ -81.89477, 37.331855 ], [ -81.89479, 37.331774 ], [ -81.894945, 37.33158 ], [ -81.895092, 37.331469 ], [ -81.895085, 37.331382 ], [ -81.895012, 37.331155 ], [ -81.894931, 37.331006 ], [ -81.894836, 37.330887 ], [ -81.894327, 37.330447 ], [ -81.894061, 37.330158 ], [ -81.893884, 37.330016 ], [ -81.893722, 37.32996 ], [ -81.8937, 37.329915 ], [ -81.893581, 37.329845 ], [ -81.893438, 37.329861 ], [ -81.893282, 37.329898 ], [ -81.893029, 37.32999 ], [ -81.892915, 37.330112 ], [ -81.892667, 37.330225 ], [ -81.89252, 37.33038 ], [ -81.892151, 37.330868 ], [ -81.891931, 37.331076 ], [ -81.891585, 37.331299 ], [ -81.891198, 37.331609 ], [ -81.891016, 37.331665 ], [ -81.890687, 37.33183 ], [ -81.890478, 37.331873 ], [ -81.890348, 37.331878 ], [ -81.890217, 37.331869 ], [ -81.890008, 37.331828 ], [ -81.889455, 37.33169 ], [ -81.888771, 37.331653 ], [ -81.888651, 37.331619 ], [ -81.888435, 37.331514 ], [ -81.887971, 37.331141 ], [ -81.887868, 37.331074 ], [ -81.887658, 37.330984 ], [ -81.887406, 37.330915 ], [ -81.887262, 37.33086 ], [ -81.88705, 37.330747 ], [ -81.886659, 37.330481 ], [ -81.886369, 37.33037 ], [ -81.886215, 37.330334 ], [ -81.885979, 37.330321 ], [ -81.885571, 37.330333 ], [ -81.885163, 37.330397 ], [ -81.884832, 37.330534 ], [ -81.884792, 37.330513 ], [ -81.884488, 37.330454 ], [ -81.884324, 37.330344 ], [ -81.88406, 37.330251 ], [ -81.883837, 37.330191 ], [ -81.883592, 37.330058 ], [ -81.8833, 37.3300470000001 ], [ -81.88315, 37.330065 ], [ -81.882961, 37.330173 ], [ -81.882831, 37.330183 ], [ -81.882176, 37.330153 ], [ -81.881886, 37.330255 ], [ -81.881205, 37.330773 ], [ -81.880982, 37.331034 ], [ -81.880407, 37.331137 ], [ -81.880176, 37.331219 ], [ -81.880033, 37.331338 ], [ -81.879831, 37.331571 ], [ -81.879735, 37.331728 ], [ -81.879656, 37.331921 ], [ -81.879558, 37.332008 ], [ -81.879486, 37.332124 ], [ -81.879476, 37.332189 ], [ -81.879509, 37.332347 ], [ -81.8795, 37.332451 ], [ -81.879433, 37.332496 ], [ -81.879354, 37.332493 ], [ -81.879302, 37.332454 ], [ -81.879168, 37.332185 ], [ -81.879089, 37.3321 ], [ -81.878952, 37.332 ], [ -81.878717, 37.331905 ], [ -81.878713, 37.331753 ], [ -81.878686, 37.331655 ], [ -81.878594, 37.331584 ], [ -81.878403, 37.331579 ], [ -81.878224, 37.331662 ], [ -81.877845, 37.331789 ], [ -81.877671, 37.331735 ], [ -81.877467, 37.331618 ], [ -81.877321, 37.331419 ], [ -81.877376, 37.331209 ], [ -81.877925, 37.330588 ], [ -81.878108, 37.330239 ], [ -81.878345, 37.32883 ], [ -81.878248, 37.328819 ], [ -81.877906, 37.32887 ], [ -81.877827, 37.328868 ], [ -81.877708, 37.328834 ], [ -81.877645, 37.328796 ], [ -81.877504, 37.328629 ], [ -81.877433, 37.328505 ], [ -81.877262, 37.328098 ], [ -81.877151, 37.327943 ], [ -81.87705, 37.327855 ], [ -81.876808, 37.327722 ], [ -81.876332, 37.327544 ], [ -81.876113, 37.327503 ], [ -81.875977, 37.327501 ], [ -81.87589, 37.327512 ], [ -81.875759, 37.327562 ], [ -81.875695, 37.327604 ], [ -81.875353, 37.328033 ], [ -81.875278, 37.328103 ], [ -81.87519, 37.328162 ], [ -81.875067, 37.328193 ], [ -81.874991, 37.32819 ], [ -81.874864, 37.328151 ], [ -81.874059, 37.327674 ], [ -81.874013, 37.327626 ], [ -81.873988, 37.327527 ], [ -81.874088, 37.327315 ], [ -81.87412, 37.327191 ], [ -81.874137, 37.326805 ], [ -81.874115, 37.326645 ], [ -81.873973, 37.326349 ], [ -81.873765, 37.326122 ], [ -81.873744, 37.326081 ], [ -81.873717, 37.325994 ], [ -81.873696, 37.32572 ], [ -81.873356, 37.325112 ], [ -81.873012, 37.325001 ], [ -81.872539, 37.324523 ], [ -81.872444, 37.324197 ], [ -81.872419, 37.324112 ], [ -81.87247, 37.323644 ], [ -81.872662, 37.323314 ], [ -81.872945, 37.323073 ], [ -81.872966, 37.322968 ], [ -81.872724, 37.322653 ], [ -81.872452, 37.322362 ], [ -81.872251, 37.322201 ], [ -81.871535, 37.322288 ], [ -81.871263, 37.322296 ], [ -81.871042, 37.321997 ], [ -81.870921, 37.321723 ], [ -81.870439, 37.321061 ], [ -81.870359, 37.320851 ], [ -81.870304, 37.320794 ], [ -81.870179, 37.320667 ], [ -81.869724, 37.320495 ], [ -81.869139, 37.320575 ], [ -81.868817, 37.320583 ], [ -81.86797, 37.320807 ], [ -81.867425, 37.320838 ], [ -81.867194, 37.320717 ], [ -81.867073, 37.320572 ], [ -81.867035, 37.320228 ], [ -81.867094, 37.320032 ], [ -81.867054, 37.31987 ], [ -81.866863, 37.319781 ], [ -81.866671, 37.319757 ], [ -81.866481, 37.319756 ], [ -81.866288, 37.319748 ], [ -81.86623, 37.319804 ], [ -81.866016, 37.31978 ], [ -81.865714, 37.319788 ], [ -81.865603, 37.319691 ], [ -81.865583, 37.319514 ], [ -81.865503, 37.319336 ], [ -81.865201, 37.319038 ], [ -81.864947, 37.318869 ], [ -81.864043, 37.318463 ], [ -81.863741, 37.318269 ], [ -81.863389, 37.317946 ], [ -81.862906, 37.317542 ], [ -81.862644, 37.317364 ], [ -81.862383, 37.316985 ], [ -81.862222, 37.316638 ], [ -81.862102, 37.316307 ], [ -81.861931, 37.316162 ], [ -81.861673, 37.316139 ], [ -81.861412, 37.316171 ], [ -81.861144, 37.316247 ], [ -81.860942, 37.316161 ], [ -81.860489, 37.315942 ], [ -81.860267, 37.315715 ], [ -81.860147, 37.315344 ], [ -81.859957, 37.314586 ], [ -81.859817, 37.314142 ], [ -81.859928, 37.313965 ], [ -81.86016, 37.31382 ], [ -81.860766, 37.313725 ], [ -81.86123, 37.313516 ], [ -81.861483, 37.313299 ], [ -81.861604, 37.313089 ], [ -81.86232, 37.312913 ], [ -81.862794, 37.31268 ], [ -81.863208, 37.312431 ], [ -81.863712, 37.31223 ], [ -81.864005, 37.31186 ], [ -81.86451, 37.31128 ], [ -81.864995, 37.310781 ], [ -81.865278, 37.310394 ], [ -81.865429, 37.31012 ], [ -81.865521, 37.309806 ], [ -81.865683, 37.309484 ], [ -81.865299, 37.308711 ], [ -81.865149, 37.308607 ], [ -81.86476, 37.308404 ], [ -81.864496, 37.308208 ], [ -81.864345, 37.307934 ], [ -81.864163, 37.307844 ], [ -81.864083, 37.307707 ], [ -81.864045, 37.307419 ], [ -81.864014, 37.307312 ], [ -81.862584, 37.306471 ], [ -81.862255, 37.305867 ], [ -81.862031, 37.305648 ], [ -81.861245, 37.30559 ], [ -81.860701, 37.305533 ], [ -81.860248, 37.305395 ], [ -81.860026, 37.305201 ], [ -81.859845, 37.304951 ], [ -81.859624, 37.304765 ], [ -81.859432, 37.30474 ], [ -81.85928, 37.304866 ], [ -81.858927, 37.305151 ], [ -81.858409, 37.305484 ], [ -81.858029, 37.30573 ], [ -81.857202, 37.306212 ], [ -81.856485, 37.306546 ], [ -81.856404, 37.306584 ], [ -81.856032, 37.306742 ], [ -81.855524, 37.306769 ], [ -81.855011, 37.306749 ], [ -81.854969, 37.306747 ], [ -81.854752, 37.30674 ], [ -81.85446, 37.30657 ], [ -81.85438, 37.306175 ], [ -81.854139, 37.305626 ], [ -81.854079, 37.305424 ], [ -81.854153, 37.305226 ], [ -81.854201, 37.305159 ], [ -81.854299, 37.30492 ], [ -81.854444, 37.304457 ], [ -81.854525, 37.304095 ], [ -81.854566, 37.303805 ], [ -81.854527, 37.303434 ], [ -81.854346, 37.30295 ], [ -81.854287, 37.302883 ], [ -81.853974, 37.302537 ], [ -81.853987, 37.302293 ], [ -81.853976, 37.30192 ], [ -81.853808, 37.301521 ], [ -81.853753, 37.301229 ], [ -81.853746, 37.300767 ], [ -81.854088, 37.300398 ], [ -81.854143, 37.300285 ], [ -81.854212, 37.300213 ], [ -81.854523, 37.300001 ], [ -81.85491, 37.299854 ], [ -81.85499, 37.299763 ], [ -81.855047, 37.299458 ], [ -81.855002, 37.299087 ], [ -81.85494, 37.298898 ], [ -81.854926, 37.29859 ], [ -81.854863, 37.298253 ], [ -81.854841, 37.298031 ], [ -81.854617, 37.297913 ], [ -81.854443, 37.297869 ], [ -81.854117, 37.297879 ], [ -81.853873, 37.297962 ], [ -81.853802, 37.298038 ], [ -81.85378, 37.298062 ], [ -81.853694, 37.298161 ], [ -81.853529, 37.298272 ], [ -81.853326, 37.29827 ], [ -81.853145, 37.298197 ], [ -81.852844, 37.298109 ], [ -81.852703, 37.298004 ], [ -81.852502, 37.297802 ], [ -81.852473, 37.297439 ], [ -81.85245, 37.297356 ], [ -81.852315, 37.296687 ], [ -81.852282, 37.296575 ], [ -81.852373, 37.296303 ], [ -81.852679, 37.295957 ], [ -81.853038, 37.29525 ], [ -81.853197, 37.294668 ], [ -81.853685, 37.294147 ], [ -81.853845, 37.293569 ], [ -81.853945, 37.293025 ], [ -81.853992, 37.292858 ], [ -81.85426, 37.29214 ], [ -81.854308, 37.291919 ], [ -81.854059, 37.291208 ], [ -81.854024, 37.290771 ], [ -81.854077, 37.29039 ], [ -81.854065, 37.290037 ], [ -81.853924, 37.289704 ], [ -81.853777, 37.289041 ], [ -81.853553, 37.287706 ], [ -81.853441, 37.287626 ], [ -81.853318, 37.287621 ], [ -81.852805, 37.287697 ], [ -81.852654, 37.287756 ], [ -81.852412, 37.287796 ], [ -81.851546, 37.287552 ], [ -81.851295, 37.287528 ], [ -81.851022, 37.287576 ], [ -81.850146, 37.28755 ], [ -81.849965, 37.287429 ], [ -81.849857, 37.287269 ], [ -81.849844, 37.287186 ], [ -81.849795, 37.28688 ], [ -81.849866, 37.286404 ], [ -81.850078, 37.28609 ], [ -81.85024, 37.285776 ], [ -81.85012, 37.285445 ], [ -81.849949, 37.285227 ], [ -81.849667, 37.285195 ], [ -81.849242, 37.285316 ], [ -81.848934, 37.285367 ], [ -81.84877, 37.285435 ], [ -81.848538, 37.285394 ], [ -81.848317, 37.285184 ], [ -81.848116, 37.284902 ], [ -81.847854, 37.284941 ], [ -81.847562, 37.284957 ], [ -81.847494, 37.284875 ], [ -81.847421, 37.284844 ], [ -81.84723, 37.284763 ], [ -81.846807, 37.284649 ], [ -81.846633, 37.284795 ], [ -81.846524, 37.285155 ], [ -81.846501, 37.28523 ], [ -81.84628, 37.285343 ], [ -81.845969, 37.285349 ], [ -81.845506, 37.285308 ], [ -81.84546, 37.285242 ], [ -81.845153, 37.285194 ], [ -81.845013, 37.285089 ], [ -81.844559, 37.285258 ], [ -81.844165, 37.285362 ], [ -81.843691, 37.285426 ], [ -81.843289, 37.285558 ], [ -81.843115, 37.285611 ], [ -81.842895, 37.285618 ], [ -81.842787, 37.2856 ], [ -81.842268, 37.285403 ], [ -81.842239, 37.285302 ], [ -81.842079, 37.285221 ], [ -81.841838, 37.285253 ], [ -81.841495, 37.285325 ], [ -81.841242, 37.285648 ], [ -81.840889, 37.285848 ], [ -81.840365, 37.286088 ], [ -81.839962, 37.286072 ], [ -81.83969, 37.28599 ], [ -81.839398, 37.285966 ], [ -81.839024, 37.286167 ], [ -81.838762, 37.286343 ], [ -81.838465, 37.286317 ], [ -81.838108, 37.286173 ], [ -81.837272, 37.286026 ], [ -81.83692, 37.285816 ], [ -81.836779, 37.285764 ], [ -81.836399, 37.285621 ], [ -81.836003, 37.28533 ], [ -81.83552, 37.285329 ], [ -81.835056, 37.285489 ], [ -81.834432, 37.285417 ], [ -81.833898, 37.28523 ], [ -81.833558, 37.285012 ], [ -81.833405, 37.284537 ], [ -81.833507, 37.28406 ], [ -81.833785, 37.283702 ], [ -81.833807, 37.283639 ], [ -81.833861, 37.283392 ], [ -81.834387, 37.283087 ], [ -81.83454, 37.28266 ], [ -81.83462, 37.282071 ], [ -81.83447, 37.281762 ], [ -81.833936, 37.281522 ], [ -81.833244, 37.281615 ], [ -81.832756, 37.281644 ], [ -81.831932, 37.281718 ], [ -81.831871, 37.281678 ], [ -81.83184, 37.281502 ], [ -81.831822, 37.281404 ], [ -81.83157, 37.281105 ], [ -81.831127, 37.280951 ], [ -81.830825, 37.280966 ], [ -81.830516, 37.281047 ], [ -81.830341, 37.281151 ], [ -81.829977, 37.281295 ], [ -81.829685, 37.28123 ], [ -81.829373, 37.281205 ], [ -81.82901, 37.28135 ], [ -81.828858, 37.281478 ], [ -81.828506, 37.28147 ], [ -81.827993, 37.280969 ], [ -81.827772, 37.280783 ], [ -81.827399, 37.28079 ], [ -81.826755, 37.280692 ], [ -81.826523, 37.280732 ], [ -81.826342, 37.280715 ], [ -81.826061, 37.280158 ], [ -81.825851, 37.279311 ], [ -81.825751, 37.279093 ], [ -81.82559, 37.279101 ], [ -81.825136, 37.279423 ], [ -81.825065, 37.279536 ], [ -81.824965, 37.279549 ], [ -81.82439, 37.279623 ], [ -81.824017, 37.279687 ], [ -81.823755, 37.27963 ], [ -81.823543, 37.279621 ], [ -81.823256, 37.279758 ], [ -81.823222, 37.279779 ], [ -81.822757, 37.279894 ], [ -81.822263, 37.27986 ], [ -81.822012, 37.279779 ], [ -81.821917, 37.279733 ], [ -81.82172, 37.279637 ], [ -81.821459, 37.279391 ], [ -81.821116, 37.279382 ], [ -81.820615, 37.279403 ], [ -81.820189, 37.279453 ], [ -81.819625, 37.279411 ], [ -81.81901, 37.279563 ], [ -81.818616, 37.279853 ], [ -81.818435, 37.280006 ], [ -81.818253, 37.28007 ], [ -81.818092, 37.279916 ], [ -81.8178, 37.279924 ], [ -81.817408, 37.279802 ], [ -81.816702, 37.279865 ], [ -81.816279, 37.280009 ], [ -81.816065, 37.280299 ], [ -81.815934, 37.28058 ], [ -81.815651, 37.280726 ], [ -81.815188, 37.280692 ], [ -81.814775, 37.280748 ], [ -81.814431, 37.280997 ], [ -81.814308, 37.280975 ], [ -81.813767, 37.280947 ], [ -81.813222, 37.281091 ], [ -81.81297, 37.281236 ], [ -81.812808, 37.28151 ], [ -81.812883, 37.281893 ], [ -81.812902, 37.281972 ], [ -81.812732, 37.282077 ], [ -81.812301, 37.282212 ], [ -81.811907, 37.282388 ], [ -81.811512, 37.282625 ], [ -81.811203, 37.282786 ], [ -81.811037, 37.282853 ], [ -81.810845, 37.282895 ], [ -81.810485, 37.28292 ], [ -81.810188, 37.282894 ], [ -81.809875, 37.282832 ], [ -81.809752, 37.282832 ], [ -81.80947, 37.282895 ], [ -81.809169, 37.283002 ], [ -81.808543, 37.282976 ], [ -81.8082, 37.283096 ], [ -81.807907, 37.283281 ], [ -81.807635, 37.283192 ], [ -81.807232, 37.283175 ], [ -81.80697, 37.283384 ], [ -81.806878, 37.283634 ], [ -81.806695, 37.283987 ], [ -81.806271, 37.284357 ], [ -81.805787, 37.284574 ], [ -81.805631, 37.284765 ], [ -81.805494, 37.285113 ], [ -81.805417, 37.285464 ], [ -81.805419, 37.285481 ], [ -81.805381, 37.285621 ], [ -81.804725, 37.285926 ], [ -81.803275, 37.285916 ], [ -81.802993, 37.28585 ], [ -81.80249, 37.285672 ], [ -81.802205, 37.285386 ], [ -81.801946, 37.285187 ], [ -81.801644, 37.285122 ], [ -81.801342, 37.285137 ], [ -81.801203, 37.285355 ], [ -81.801197, 37.28537 ], [ -81.80116, 37.285467 ], [ -81.800676, 37.285676 ], [ -81.800343, 37.285635 ], [ -81.799961, 37.285489 ], [ -81.799629, 37.285327 ], [ -81.799504, 37.285004 ], [ -81.799469, 37.284875 ], [ -81.799127, 37.284705 ], [ -81.798895, 37.284632 ], [ -81.798654, 37.284873 ], [ -81.798481, 37.285082 ], [ -81.798118, 37.285251 ], [ -81.796194, 37.285126 ], [ -81.795539, 37.284995 ], [ -81.795318, 37.284793 ], [ -81.794826, 37.284617 ], [ -81.794781, 37.284601 ], [ -81.794452, 37.28471 ], [ -81.793985, 37.284799 ], [ -81.793595, 37.284838 ], [ -81.793374, 37.284627 ], [ -81.793115, 37.283538 ], [ -81.793197, 37.283184 ], [ -81.7934, 37.282571 ], [ -81.793716, 37.282065 ], [ -81.793665, 37.28187 ], [ -81.79341, 37.281334 ], [ -81.793122, 37.281168 ], [ -81.792698, 37.281304 ], [ -81.792123, 37.281512 ], [ -81.791862, 37.281665 ], [ -81.791747, 37.282374 ], [ -81.791458, 37.282674 ], [ -81.791345, 37.282792 ], [ -81.791002, 37.282904 ], [ -81.790669, 37.283113 ], [ -81.790334, 37.283483 ], [ -81.790305, 37.283696 ], [ -81.790247, 37.283964 ], [ -81.790202, 37.284088 ], [ -81.789516, 37.284231 ], [ -81.789294, 37.284416 ], [ -81.789032, 37.284408 ], [ -81.78877, 37.284343 ], [ -81.788408, 37.28435 ], [ -81.787903, 37.284228 ], [ -81.787722, 37.284098 ], [ -81.787219, 37.284049 ], [ -81.786917, 37.283951 ], [ -81.786905, 37.283697 ], [ -81.786898, 37.283314 ], [ -81.786607, 37.28316 ], [ -81.786177, 37.283231 ], [ -81.786072, 37.283249 ], [ -81.785458, 37.28323 ], [ -81.785287, 37.283004 ], [ -81.785156, 37.282634 ], [ -81.785017, 37.282326 ], [ -81.784645, 37.282261 ], [ -81.784342, 37.282228 ], [ -81.783833, 37.2825 ], [ -81.783746, 37.282524 ], [ -81.783545, 37.282581 ], [ -81.783122, 37.28258 ], [ -81.782448, 37.28232 ], [ -81.782124, 37.281942 ], [ -81.781813, 37.281578 ], [ -81.781787, 37.280996 ], [ -81.781546, 37.280721 ], [ -81.781334, 37.280778 ], [ -81.781229, 37.280775 ], [ -81.780992, 37.280768 ], [ -81.780418, 37.280678 ], [ -81.780064, 37.280506 ], [ -81.779968, 37.280459 ], [ -81.779633, 37.280297 ], [ -81.779362, 37.279982 ], [ -81.779263, 37.279345 ], [ -81.779292, 37.278972 ], [ -81.779275, 37.278813 ], [ -81.779363, 37.278308 ], [ -81.77946, 37.27766 ], [ -81.779359, 37.277416 ], [ -81.779352, 37.27739 ], [ -81.779149, 37.277265 ], [ -81.778177, 37.276814 ], [ -81.77773, 37.276584 ], [ -81.777489, 37.276285 ], [ -81.777282, 37.275764 ], [ -81.777279, 37.275755 ], [ -81.77721, 37.275551 ], [ -81.776837, 37.275469 ], [ -81.776293, 37.27546 ], [ -81.776072, 37.275274 ], [ -81.7757, 37.275063 ], [ -81.775388, 37.275014 ], [ -81.775177, 37.274828 ], [ -81.774647, 37.274727 ], [ -81.774622, 37.274711 ], [ -81.774204, 37.274827 ], [ -81.773907, 37.274724 ], [ -81.77385, 37.274506 ], [ -81.773859, 37.274416 ], [ -81.773868, 37.274188 ], [ -81.773597, 37.273994 ], [ -81.773244, 37.273912 ], [ -81.772826, 37.274217 ], [ -81.772719, 37.274314 ], [ -81.769979, 37.273693 ], [ -81.76986, 37.273528 ], [ -81.769721, 37.273397 ], [ -81.769579, 37.273307 ], [ -81.769217, 37.27325 ], [ -81.768864, 37.273306 ], [ -81.768702, 37.273563 ], [ -81.768621, 37.273773 ], [ -81.768399, 37.273933 ], [ -81.767847, 37.274211 ], [ -81.767657, 37.274134 ], [ -81.767384, 37.274083 ], [ -81.767126, 37.274095 ], [ -81.76689, 37.274162 ], [ -81.766255, 37.274462 ], [ -81.765761, 37.274774 ], [ -81.765278, 37.275112 ], [ -81.764436, 37.27498 ], [ -81.763821, 37.275224 ], [ -81.763684, 37.275212 ], [ -81.763544, 37.275219 ], [ -81.763375, 37.275251 ], [ -81.763171, 37.275318 ], [ -81.762707, 37.27557 ], [ -81.762671, 37.275668 ], [ -81.762288, 37.275821 ], [ -81.761996, 37.27582 ], [ -81.76165, 37.27567 ], [ -81.761133, 37.275507 ], [ -81.760456, 37.275254 ], [ -81.760286, 37.275235 ], [ -81.76018, 37.275246 ], [ -81.759801, 37.275169 ], [ -81.759559, 37.275257 ], [ -81.759275, 37.275603 ], [ -81.758909, 37.276098 ], [ -81.758739, 37.276255 ], [ -81.758407, 37.27623 ], [ -81.757873, 37.276132 ], [ -81.757309, 37.276163 ], [ -81.757137, 37.276147 ], [ -81.756987, 37.276073 ], [ -81.756948, 37.275686 ], [ -81.75696, 37.275162 ], [ -81.757224, 37.274598 ], [ -81.757487, 37.27418 ], [ -81.75763, 37.274003 ], [ -81.757674, 37.273697 ], [ -81.757803, 37.271774 ], [ -81.757888, 37.271584 ], [ -81.757839, 37.271318 ], [ -81.757754, 37.271186 ], [ -81.75771, 37.27087 ], [ -81.757558, 37.270304 ], [ -81.757482, 37.269479 ], [ -81.757524, 37.269148 ], [ -81.757646, 37.268834 ], [ -81.757576, 37.268552 ], [ -81.757244, 37.268414 ], [ -81.756892, 37.268227 ], [ -81.756621, 37.267993 ], [ -81.756319, 37.267774 ], [ -81.756038, 37.26754 ], [ -81.755817, 37.267451 ], [ -81.755555, 37.267506 ], [ -81.755025, 37.267715 ], [ -81.754818, 37.267588 ], [ -81.754447, 37.267474 ], [ -81.754105, 37.26732 ], [ -81.753711, 37.267028 ], [ -81.753607, 37.266972 ], [ -81.752941, 37.266716 ], [ -81.752809, 37.266257 ], [ -81.752638, 37.266096 ], [ -81.752569, 37.265757 ], [ -81.752338, 37.265611 ], [ -81.751885, 37.265521 ], [ -81.751511, 37.265171 ], [ -81.751294, 37.265058 ], [ -81.751155, 37.265032 ], [ -81.751061, 37.264963 ], [ -81.750769, 37.265002 ], [ -81.750648, 37.264905 ], [ -81.750287, 37.264533 ], [ -81.750107, 37.264186 ], [ -81.749832, 37.264081 ], [ -81.74921, 37.26403 ], [ -81.748828, 37.264039 ], [ -81.747938, 37.264256 ], [ -81.747834, 37.264021 ], [ -81.747753, 37.263911 ], [ -81.747561, 37.263763 ], [ -81.747412, 37.263694 ], [ -81.74724, 37.26368 ], [ -81.746656, 37.263769 ], [ -81.746345, 37.2638 ], [ -81.746211, 37.263777 ], [ -81.746145, 37.263745 ], [ -81.746049, 37.26365 ], [ -81.746024, 37.263591 ], [ -81.746039, 37.263398 ], [ -81.746291, 37.262654 ], [ -81.746449, 37.262372 ], [ -81.746477, 37.262292 ], [ -81.746482, 37.262174 ], [ -81.746462, 37.262132 ], [ -81.746409, 37.262085 ], [ -81.746358, 37.262065 ], [ -81.746078, 37.262024 ], [ -81.745989, 37.261994 ], [ -81.745836, 37.261897 ], [ -81.745644, 37.261649 ], [ -81.745279, 37.261037 ], [ -81.745252, 37.260904 ], [ -81.745301, 37.260764 ], [ -81.745436, 37.260595 ], [ -81.745495, 37.26049 ], [ -81.745565, 37.260244 ], [ -81.74558, 37.260073 ], [ -81.745563, 37.259227 ], [ -81.745575, 37.259019 ], [ -81.745626, 37.258753 ], [ -81.745685, 37.258606 ], [ -81.745707, 37.258419 ], [ -81.745697, 37.258185 ], [ -81.74566, 37.258094 ], [ -81.745574, 37.257992 ], [ -81.745433, 37.257935 ], [ -81.745275, 37.25793 ], [ -81.745077, 37.257975 ], [ -81.744875, 37.257971 ], [ -81.744534, 37.257867 ], [ -81.744409, 37.257848 ], [ -81.744045, 37.257853 ], [ -81.743904, 37.257807 ], [ -81.743837, 37.257764 ], [ -81.743749, 37.257664 ], [ -81.743679, 37.257493 ], [ -81.743633, 37.257297 ], [ -81.743622, 37.257105 ], [ -81.743662, 37.256952 ], [ -81.743888, 37.256575 ], [ -81.743952, 37.256327 ], [ -81.743921, 37.256221 ], [ -81.743812, 37.256023 ], [ -81.743643, 37.255857 ], [ -81.743337, 37.255674 ], [ -81.743224, 37.255587 ], [ -81.742918, 37.255246 ], [ -81.742701, 37.255083 ], [ -81.742491, 37.254986 ], [ -81.742321, 37.254945 ], [ -81.741683, 37.254867 ], [ -81.741592, 37.25485 ], [ -81.741311, 37.254732 ], [ -81.741063, 37.254564 ], [ -81.740946, 37.254423 ], [ -81.740875, 37.254224 ], [ -81.740901, 37.253959 ], [ -81.740942, 37.253785 ], [ -81.741039, 37.253511 ], [ -81.741203, 37.253176 ], [ -81.741362, 37.253001 ], [ -81.741534, 37.252723 ], [ -81.741808, 37.251963 ], [ -81.741884, 37.251697 ], [ -81.741954, 37.251337 ], [ -81.741989, 37.251218 ], [ -81.742037, 37.251128 ], [ -81.742238, 37.250846 ], [ -81.742515, 37.250361 ], [ -81.742592, 37.250266 ], [ -81.742899, 37.250049 ], [ -81.743004, 37.24995 ], [ -81.743138, 37.249761 ], [ -81.743209, 37.249517 ], [ -81.743244, 37.248989 ], [ -81.743273, 37.248834 ], [ -81.743404, 37.248427 ], [ -81.743616, 37.247925 ], [ -81.743689, 37.247701 ], [ -81.743699, 37.247616 ], [ -81.743574, 37.247483 ], [ -81.743563, 37.245952 ], [ -81.743749, 37.245748 ], [ -81.743865, 37.245562 ], [ -81.743917, 37.245439 ], [ -81.743958, 37.245286 ], [ -81.744034, 37.244651 ], [ -81.744118, 37.244415 ], [ -81.74429, 37.24418 ], [ -81.744383, 37.243547 ], [ -81.744376, 37.24333 ], [ -81.744338, 37.243136 ], [ -81.744231, 37.242821 ], [ -81.744003, 37.242528 ], [ -81.743804, 37.242365 ], [ -81.743423, 37.242265 ], [ -81.741364, 37.2419 ], [ -81.741086, 37.241648 ], [ -81.740811, 37.241073 ], [ -81.740627, 37.240507 ], [ -81.740691, 37.24029 ], [ -81.740784, 37.24009 ], [ -81.740897, 37.239913 ], [ -81.740971, 37.239722 ], [ -81.740973, 37.239479 ], [ -81.740952, 37.239364 ], [ -81.740926, 37.23922 ], [ -81.7406, 37.238701 ], [ -81.740284, 37.238263 ], [ -81.740124, 37.237752 ], [ -81.739775, 37.237936 ], [ -81.739359, 37.238207000000102 ], [ -81.738944, 37.238388 ], [ -81.738543, 37.238264 ], [ -81.737952, 37.238009 ], [ -81.73765, 37.238038 ], [ -81.737103, 37.238283 ], [ -81.736318, 37.238714 ], [ -81.735964, 37.23871 ], [ -81.73568, 37.238552 ], [ -81.73534, 37.238307 ], [ -81.734961, 37.238168 ], [ -81.734529, 37.238092 ], [ -81.733298, 37.238128 ], [ -81.73327, 37.238198 ], [ -81.733183, 37.238319 ], [ -81.732921, 37.238534 ], [ -81.73252, 37.238938 ], [ -81.731343, 37.240028 ], [ -81.731085, 37.240098 ], [ -81.730342, 37.240052 ], [ -81.729882, 37.240236 ], [ -81.729541, 37.240235 ], [ -81.728595, 37.239733 ], [ -81.728191, 37.239824 ], [ -81.727354, 37.239927 ], [ -81.727054, 37.239965 ], [ -81.726902, 37.240077 ], [ -81.726598, 37.240219 ], [ -81.726171, 37.240522 ], [ -81.725145, 37.240546 ], [ -81.724257, 37.240649 ], [ -81.723915, 37.24063 ], [ -81.723654, 37.240595 ], [ -81.723363, 37.240528 ], [ -81.723061, 37.240493 ], [ -81.722653, 37.240151 ], [ -81.722384, 37.239214 ], [ -81.722359, 37.238778 ], [ -81.72218, 37.238615 ], [ -81.721646, 37.238683 ], [ -81.72105, 37.238798 ], [ -81.720426, 37.238785 ], [ -81.719805, 37.238569 ], [ -81.719615, 37.238471 ], [ -81.719548, 37.238261 ], [ -81.719554, 37.237785 ], [ -81.71937, 37.237211 ], [ -81.718659, 37.236205 ], [ -81.718475, 37.235688 ], [ -81.718477, 37.235534 ], [ -81.718337, 37.235461 ], [ -81.717393, 37.235299 ], [ -81.716644, 37.234865 ], [ -81.716248, 37.234321 ], [ -81.716056, 37.23365 ], [ -81.716043, 37.233102 ], [ -81.716074, 37.23295 ], [ -81.716319, 37.232032 ], [ -81.716317, 37.231452 ], [ -81.716208, 37.231282 ], [ -81.715928, 37.231191 ], [ -81.715718, 37.231068 ], [ -81.715582, 37.230728 ], [ -81.71559, 37.230091 ], [ -81.715821, 37.229473 ], [ -81.715807, 37.229013 ], [ -81.71573, 37.228771 ], [ -81.71554, 37.228672 ], [ -81.714487, 37.228364 ], [ -81.713622, 37.2283 ], [ -81.712909, 37.228213 ], [ -81.712349, 37.227901 ], [ -81.71191, 37.227679 ], [ -81.71154, 37.227442 ], [ -81.711058, 37.226672 ], [ -81.710589, 37.226321 ], [ -81.710421, 37.226078 ], [ -81.710345, 37.225771 ], [ -81.710127, 37.225519 ], [ -81.709795, 37.225492 ], [ -81.70923, 37.225583 ], [ -81.708718, 37.22549 ], [ -81.70856, 37.225303 ], [ -81.708277, 37.224615 ], [ -81.708162, 37.224179 ], [ -81.707895, 37.22387 ], [ -81.707442, 37.223898 ], [ -81.707118, 37.224024 ], [ -81.706723, 37.224206 ], [ -81.706288, 37.224347 ], [ -81.706118, 37.224305 ], [ -81.7059, 37.224037 ], [ -81.705522, 37.223711 ], [ -81.705121, 37.223586 ], [ -81.703958, 37.223269 ], [ -81.703859, 37.223147 ], [ -81.70413, 37.222465 ], [ -81.704174, 37.222135 ], [ -81.704167, 37.221973 ], [ -81.704009, 37.221714 ], [ -81.703493, 37.221193 ], [ -81.702945, 37.220753 ], [ -81.702755, 37.220695 ], [ -81.702493, 37.220692 ], [ -81.701061, 37.220897 ], [ -81.700991, 37.220888 ], [ -81.700902, 37.220766 ], [ -81.700949, 37.220291 ], [ -81.700852, 37.220024 ], [ -81.700692, 37.219926 ], [ -81.700243, 37.21988 ], [ -81.699334, 37.219921 ], [ -81.699234, 37.219816 ], [ -81.699188, 37.219541 ], [ -81.699071, 37.218492 ], [ -81.698954, 37.218201 ], [ -81.698756, 37.218006 ], [ -81.698466, 37.217858 ], [ -81.697527, 37.217609 ], [ -81.697333, 37.217581 ], [ -81.697083, 37.217426 ], [ -81.696743, 37.217245 ], [ -81.696473, 37.217154 ], [ -81.696192, 37.217119 ], [ -81.696043, 37.216989 ], [ -81.696075, 37.216812 ], [ -81.696432, 37.215703 ], [ -81.696435, 37.215509 ], [ -81.696098, 37.215103 ], [ -81.695902, 37.214755 ], [ -81.695774, 37.214568 ], [ -81.695494, 37.214396 ], [ -81.695213, 37.214321 ], [ -81.695136, 37.214127 ], [ -81.69516, 37.213845 ], [ -81.695113, 37.21357 ], [ -81.694753, 37.213366 ], [ -81.694171, 37.213296 ], [ -81.693225, 37.213279 ], [ -81.692432, 37.213158 ], [ -81.691919, 37.213142 ], [ -81.691697, 37.21316 ], [ -81.690749, 37.213304 ], [ -81.689773, 37.213343 ], [ -81.688271, 37.213506 ], [ -81.687026, 37.213349 ], [ -81.686796, 37.213226 ], [ -81.686717, 37.213105 ], [ -81.6867, 37.212919 ], [ -81.686604, 37.212531 ], [ -81.686243, 37.211755 ], [ -81.686024, 37.211559 ], [ -81.685652, 37.211508 ], [ -81.685228, 37.211608 ], [ -81.684854, 37.211758 ], [ -81.68448, 37.211843 ], [ -81.684039, 37.211782 ], [ -81.683618, 37.211625 ], [ -81.683544, 37.211452 ], [ -81.683926, 37.21135 ], [ -81.684012, 37.211098 ], [ -81.683945, 37.210323 ], [ -81.683869, 37.20945 ], [ -81.683726, 37.209244 ], [ -81.683468, 37.207733 ], [ -81.683296, 37.207412 ], [ -81.683239, 37.206725 ], [ -81.683382, 37.206084 ], [ -81.683268, 37.205649 ], [ -81.682838, 37.20526 ], [ -81.682237, 37.204298 ], [ -81.681665, 37.204001 ], [ -81.681579, 37.203772 ], [ -81.681379, 37.203634 ], [ -81.680749, 37.203451 ], [ -81.680291, 37.203154 ], [ -81.679061, 37.202741 ], [ -81.678603, 37.202467 ], [ -81.678362, 37.202435 ], [ -81.678282, 37.20237 ], [ -81.678194, 37.202185 ], [ -81.678146, 37.20195 ], [ -81.67816, 37.201754 ], [ -81.678221, 37.20154 ], [ -81.672649, 37.201729 ], [ -81.672076, 37.201737 ], [ -81.663329, 37.202141 ], [ -81.636632, 37.203321 ], [ -81.635999, 37.203348 ], [ -81.632893, 37.203485 ], [ -81.618457, 37.204049 ], [ -81.617354, 37.204146 ], [ -81.616875, 37.204148 ], [ -81.616566, 37.204135 ], [ -81.575223, 37.206003 ], [ -81.562676, 37.20657 ], [ -81.56077, 37.206656 ], [ -81.560631, 37.206663 ], [ -81.560613, 37.206815 ], [ -81.560545, 37.206924 ], [ -81.560442, 37.207023 ], [ -81.560002, 37.207298 ], [ -81.559782, 37.207403 ], [ -81.559116, 37.207629 ], [ -81.558903, 37.207727 ], [ -81.558731, 37.207874 ], [ -81.558432, 37.208239 ], [ -81.558054, 37.208565 ], [ -81.557711, 37.208299 ], [ -81.557611, 37.208112 ], [ -81.557488, 37.207524 ], [ -81.557405, 37.207398 ], [ -81.557316, 37.207342 ], [ -81.55722, 37.207325 ], [ -81.556762, 37.207348 ], [ -81.556581, 37.207352 ], [ -81.556416, 37.207376 ], [ -81.55601, 37.20749 ], [ -81.555276, 37.207755 ], [ -81.554705, 37.20799 ], [ -81.55441, 37.208145 ], [ -81.554149, 37.208308 ], [ -81.553812, 37.208589 ], [ -81.553654, 37.208793 ], [ -81.553537, 37.209046 ], [ -81.553338, 37.209671 ], [ -81.55329, 37.209914 ], [ -81.553235, 37.210084 ], [ -81.553084, 37.210398 ], [ -81.552919, 37.210617 ], [ -81.552781, 37.210755 ], [ -81.552527, 37.210925 ], [ -81.552163, 37.21104 ], [ -81.552101, 37.211078 ], [ -81.551964, 37.211198 ], [ -81.55171, 37.211535 ], [ -81.551662, 37.211578 ], [ -81.551538, 37.211667 ], [ -81.551291, 37.211799 ], [ -81.550878, 37.212303 ], [ -81.550541, 37.212618 ], [ -81.550067, 37.213184 ], [ -81.549744, 37.213539 ], [ -81.549428, 37.213797 ], [ -81.54916, 37.214078 ], [ -81.549037, 37.214227 ], [ -81.548617, 37.214826 ], [ -81.548398, 37.2151 ], [ -81.548274, 37.215193 ], [ -81.547642, 37.215579 ], [ -81.547326, 37.215804 ], [ -81.547188, 37.215935 ], [ -81.547085, 37.216095 ], [ -81.547044, 37.216199 ], [ -81.546796, 37.217156 ], [ -81.546535, 37.217996 ], [ -81.546411, 37.218264 ], [ -81.546136, 37.218579 ], [ -81.546088, 37.218656 ], [ -81.546047, 37.218748 ], [ -81.545744, 37.219924 ], [ -81.545696, 37.22003 ], [ -81.545566, 37.220161 ], [ -81.545346, 37.220248 ], [ -81.545002, 37.220319 ], [ -81.544878, 37.220365 ], [ -81.544727, 37.220462 ], [ -81.544604, 37.220628 ], [ -81.544514, 37.220711 ], [ -81.544349, 37.220798 ], [ -81.544198, 37.220853 ], [ -81.544013, 37.22088 ], [ -81.543924, 37.220858 ], [ -81.543786, 37.220776 ], [ -81.543566, 37.220612 ], [ -81.543195, 37.220386 ], [ -81.542714, 37.220165 ], [ -81.542323, 37.220106 ], [ -81.541876, 37.220011 ], [ -81.541622, 37.219979 ], [ -81.541464, 37.219973 ], [ -81.541237, 37.220017 ], [ -81.541182, 37.220039 ], [ -81.5411, 37.220105 ], [ -81.540955, 37.220248 ], [ -81.540804, 37.220501 ], [ -81.540715, 37.220612 ], [ -81.540034, 37.221325 ], [ -81.539732, 37.221594 ], [ -81.539422, 37.221814 ], [ -81.539127, 37.221946 ], [ -81.539093, 37.221946 ], [ -81.538955, 37.221929 ], [ -81.538797, 37.221819 ], [ -81.538633, 37.221737 ], [ -81.537918, 37.221693 ], [ -81.53765, 37.221714 ], [ -81.537499, 37.221764 ], [ -81.537306, 37.221873 ], [ -81.537148, 37.222066 ], [ -81.536763, 37.222694 ], [ -81.536474, 37.223022 ], [ -81.536385, 37.223094 ], [ -81.536186, 37.223199 ], [ -81.535932, 37.223281 ], [ -81.535423, 37.223362 ], [ -81.534605, 37.223434 ], [ -81.534475, 37.223477 ], [ -81.534234, 37.223605 ], [ -81.534131, 37.223632 ], [ -81.533932, 37.223604 ], [ -81.533465, 37.223461 ], [ -81.533259, 37.223456 ], [ -81.533149, 37.223472 ], [ -81.53295, 37.223588 ], [ -81.53253, 37.224054 ], [ -81.531423, 37.224922 ], [ -81.531073, 37.225187 ], [ -81.530585, 37.225478 ], [ -81.530399, 37.225522 ], [ -81.530186, 37.225543 ], [ -81.529994, 37.225532 ], [ -81.529747, 37.225477 ], [ -81.529575, 37.225455 ], [ -81.529218, 37.225432 ], [ -81.528991, 37.225444 ], [ -81.528778, 37.225481 ], [ -81.528145, 37.22568 ], [ -81.527644, 37.225784 ], [ -81.527293, 37.225882 ], [ -81.526833, 37.226076 ], [ -81.526221, 37.226376 ], [ -81.525699, 37.226811 ], [ -81.525485, 37.22713 ], [ -81.5253, 37.227356 ], [ -81.52519, 37.22746 ], [ -81.524936, 37.227619 ], [ -81.524695, 37.227735 ], [ -81.524262, 37.227888 ], [ -81.523994, 37.22791 ], [ -81.52332, 37.227904 ], [ -81.522922, 37.227849 ], [ -81.522709, 37.227789 ], [ -81.522565, 37.227729 ], [ -81.522407, 37.227624 ], [ -81.522249, 37.227491 ], [ -81.52194, 37.227168 ], [ -81.52183, 37.227079 ], [ -81.521638, 37.22698 ], [ -81.521397, 37.226902 ], [ -81.521246, 37.226881 ], [ -81.520985, 37.226897 ], [ -81.520676, 37.22698 ], [ -81.520469, 37.227073 ], [ -81.520009, 37.22742 ], [ -81.519816, 37.227601 ], [ -81.519713, 37.227739 ], [ -81.519614, 37.227974 ], [ -81.51961, 37.227987 ], [ -81.519507, 37.2282 ], [ -81.519259, 37.228442 ], [ -81.51906, 37.228578 ], [ -81.518847, 37.228689 ], [ -81.518654, 37.228744 ], [ -81.51805, 37.228815 ], [ -81.517864, 37.228824 ], [ -81.516744, 37.228771 ], [ -81.516613, 37.228776 ], [ -81.516428, 37.228815 ], [ -81.516338, 37.228874 ], [ -81.516235, 37.228996 ], [ -81.51607, 37.22927 ], [ -81.515665, 37.229758 ], [ -81.515252, 37.23017 ], [ -81.514771, 37.230605 ], [ -81.514502, 37.230791 ], [ -81.513877, 37.231116 ], [ -81.513561, 37.231225 ], [ -81.512887, 37.231384 ], [ -81.512688, 37.23145 ], [ -81.512049, 37.231588 ], [ -81.510983, 37.231867 ], [ -81.51053, 37.232005 ], [ -81.510159, 37.232092 ], [ -81.509595, 37.232383 ], [ -81.509334, 37.232553 ], [ -81.508151, 37.233482 ], [ -81.508097, 37.233511 ], [ -81.50791, 37.233614 ], [ -81.507636, 37.233712 ], [ -81.507509, 37.233924 ], [ -81.50714, 37.234403 ], [ -81.50692, 37.234799 ], [ -81.506865, 37.234948 ], [ -81.506657, 37.236673 ], [ -81.506636, 37.237277 ], [ -81.506602, 37.237432 ], [ -81.50656, 37.237525 ], [ -81.506236, 37.23886 ], [ -81.506234, 37.239081 ], [ -81.506291, 37.239322 ], [ -81.506305, 37.239498 ], [ -81.506263, 37.239804 ], [ -81.506208, 37.240003 ], [ -81.506201, 37.240244 ], [ -81.506242, 37.240327 ], [ -81.5064, 37.240529 ], [ -81.506414, 37.240575 ], [ -81.506256, 37.240904 ], [ -81.506228, 37.241064 ], [ -81.506276, 37.241283 ], [ -81.506433, 37.241794 ], [ -81.506722, 37.242547 ], [ -81.506728, 37.242811 ], [ -81.50668, 37.243354 ], [ -81.506638, 37.243614 ], [ -81.506597, 37.244312 ], [ -81.50661, 37.244761 ], [ -81.50652, 37.245246 ], [ -81.50641, 37.245514 ], [ -81.506279, 37.24574 ], [ -81.506128, 37.246052 ], [ -81.505976, 37.246294 ], [ -81.505866, 37.246443 ], [ -81.505694, 37.246631 ], [ -81.505399, 37.246905 ], [ -81.505261, 37.247085 ], [ -81.505227, 37.247146 ], [ -81.505158, 37.247453 ], [ -81.505103, 37.247602 ], [ -81.504738, 37.24819 ], [ -81.504655, 37.24842 ], [ -81.504449, 37.248689 ], [ -81.504352, 37.248861 ], [ -81.504332, 37.248964 ], [ -81.504338, 37.249311 ], [ -81.504208, 37.250001 ], [ -81.504158, 37.250114 ], [ -81.504096, 37.250349 ], [ -81.503972, 37.250629 ], [ -81.503848, 37.250904 ], [ -81.503483, 37.251602 ], [ -81.503324, 37.251975 ], [ -81.503214, 37.252349 ], [ -81.503187, 37.252559 ], [ -81.503186, 37.252827 ], [ -81.503131, 37.253091 ], [ -81.503021, 37.253249 ], [ -81.502863, 37.253426 ], [ -81.502746, 37.25353 ], [ -81.502615, 37.253684 ], [ -81.502302, 37.25397 ], [ -81.501666, 37.254629 ], [ -81.501154, 37.255211 ], [ -81.500927, 37.255517 ], [ -81.500857, 37.255657 ], [ -81.500745, 37.256005 ], [ -81.500531, 37.256256 ], [ -81.500209, 37.256598 ], [ -81.499818, 37.256953 ], [ -81.499472, 37.257125 ], [ -81.499294, 37.25721 ], [ -81.499135, 37.257549 ], [ -81.499096, 37.257952 ], [ -81.498874, 37.258025 ], [ -81.498451, 37.25809 ], [ -81.498038, 37.258092 ], [ -81.497775, 37.257899 ], [ -81.497713, 37.257472 ], [ -81.497773, 37.25719 ], [ -81.498044, 37.256947 ], [ -81.498355, 37.256697 ], [ -81.498445, 37.256568 ], [ -81.498383, 37.256205 ], [ -81.498342, 37.255786 ], [ -81.498045, 37.254659 ], [ -81.497237, 37.254122 ], [ -81.496548, 37.25335 ], [ -81.496153, 37.252811 ], [ -81.495738, 37.252393 ], [ -81.495496, 37.252249 ], [ -81.494629, 37.252106 ], [ -81.493832, 37.25181 ], [ -81.493287, 37.251659 ], [ -81.493045, 37.251659 ], [ -81.492702, 37.25162 ], [ -81.492529, 37.251169 ], [ -81.492287, 37.25096 ], [ -81.491541, 37.250994 ], [ -81.490755, 37.250988 ], [ -81.49018, 37.250821 ], [ -81.489445, 37.250823 ], [ -81.48843, 37.251728 ], [ -81.488209, 37.251873 ], [ -81.487937, 37.251914 ], [ -81.487604, 37.251786 ], [ -81.486839, 37.251845 ], [ -81.486153, 37.25183 ], [ -81.485861, 37.251678 ], [ -81.485516, 37.251212 ], [ -81.485244, 37.251277 ], [ -81.484982, 37.251253 ], [ -81.48463, 37.251262 ], [ -81.484528, 37.251134 ], [ -81.484246, 37.251038 ], [ -81.483559, 37.250604 ], [ -81.483056, 37.250654 ], [ -81.482411, 37.250841 ], [ -81.481888, 37.251011 ], [ -81.481475, 37.251061 ], [ -81.48086, 37.251103 ], [ -81.480356, 37.251088 ], [ -81.480144, 37.251121 ], [ -81.480115, 37.25129 ], [ -81.480146, 37.251532 ], [ -81.480258, 37.251918 ], [ -81.480148, 37.252176 ], [ -81.479797, 37.252628 ], [ -81.479102, 37.252719 ], [ -81.47869, 37.252873 ], [ -81.478379, 37.253373 ], [ -81.477896, 37.253681 ], [ -81.476699, 37.254167 ], [ -81.47662, 37.254546 ], [ -81.476431, 37.255127 ], [ -81.47614, 37.255635 ], [ -81.475868, 37.255756 ], [ -81.475687, 37.255612 ], [ -81.475384, 37.255484 ], [ -81.475162, 37.25546 ], [ -81.474881, 37.255694 ], [ -81.474438, 37.255889 ], [ -81.473995, 37.255938 ], [ -81.473622, 37.256036 ], [ -81.473523, 37.256334 ], [ -81.473575, 37.256858 ], [ -81.473283, 37.257012 ], [ -81.472638, 37.256973 ], [ -81.472023, 37.256846 ], [ -81.471418, 37.256847 ], [ -81.470301, 37.257333 ], [ -81.469687, 37.25752 ], [ -81.469425, 37.257473 ], [ -81.469204, 37.257473 ], [ -81.468751, 37.257788 ], [ -81.468429, 37.257975 ], [ -81.467998, 37.258515 ], [ -81.467565, 37.258549 ], [ -81.466981, 37.258623 ], [ -81.466809, 37.25847 ], [ -81.466788, 37.258381 ], [ -81.466788, 37.258252 ], [ -81.466687, 37.258132 ], [ -81.466374, 37.258133 ], [ -81.465557, 37.258425 ], [ -81.465337, 37.258506 ], [ -81.465207, 37.258732 ], [ -81.464996, 37.258958 ], [ -81.464425, 37.259741 ], [ -81.463427, 37.2598 ], [ -81.462671, 37.259793 ], [ -81.462107, 37.259899 ], [ -81.461836, 37.260198 ], [ -81.461838, 37.260553 ], [ -81.462293, 37.261043 ], [ -81.462283, 37.261164 ], [ -81.46185, 37.261189 ], [ -81.461568, 37.261287 ], [ -81.461267, 37.261585 ], [ -81.461097, 37.262085 ], [ -81.461119, 37.262569 ], [ -81.460756, 37.262521 ], [ -81.46, 37.262547 ], [ -81.459204, 37.262646 ], [ -81.458873, 37.262872 ], [ -81.459065, 37.263178 ], [ -81.45957, 37.26358 ], [ -81.459874, 37.263901 ], [ -81.460554, 37.265342 ], [ -81.460585, 37.265527 ], [ -81.460424, 37.265584 ], [ -81.460061, 37.265504 ], [ -81.459708, 37.265465 ], [ -81.459086, 37.266232 ], [ -81.458966, 37.26649 ], [ -81.458895, 37.266466 ], [ -81.45825, 37.266516 ], [ -81.457636, 37.266654 ], [ -81.457022, 37.266849 ], [ -81.456306, 37.26681 ], [ -81.455762, 37.266924 ], [ -81.455349, 37.267046 ], [ -81.454438, 37.266999 ], [ -81.454199, 37.266999 ], [ -81.453506, 37.2673 ], [ -81.452753, 37.268366 ], [ -81.451977, 37.268682 ], [ -81.451173, 37.269159 ], [ -81.450266, 37.269322 ], [ -81.449571, 37.269396 ], [ -81.449068, 37.269583 ], [ -81.448646, 37.270164 ], [ -81.448285, 37.270575 ], [ -81.448236, 37.271196 ], [ -81.44845, 37.271695 ], [ -81.44832, 37.272002 ], [ -81.447655, 37.272245000000112 ], [ -81.446969, 37.271932 ], [ -81.446395, 37.272006 ], [ -81.445992, 37.272224 ], [ -81.445438, 37.272387 ], [ -81.444924, 37.272299 ], [ -81.444751, 37.271945 ], [ -81.444528, 37.271567 ], [ -81.443943, 37.271407 ], [ -81.443419, 37.271432 ], [ -81.442856, 37.271708 ], [ -81.442634, 37.271837 ], [ -81.442029, 37.271556 ], [ -81.441363, 37.271437 ], [ -81.44093, 37.271438 ], [ -81.440344, 37.271165 ], [ -81.43992, 37.270876 ], [ -81.439507, 37.270909 ], [ -81.439317, 37.271514 ], [ -81.439127, 37.272046 ], [ -81.438796, 37.272377 ], [ -81.438053, 37.273169 ], [ -81.437701, 37.27358 ], [ -81.437158, 37.274065 ], [ -81.436614, 37.274155 ], [ -81.435989, 37.274132 ], [ -81.435596, 37.274165 ], [ -81.435344, 37.274013 ], [ -81.435202, 37.273658 ], [ -81.434939, 37.273449 ], [ -81.434627, 37.273531 ], [ -81.434133, 37.273693 ], [ -81.433499, 37.273807 ], [ -81.433337, 37.27359 ], [ -81.433315, 37.273147 ], [ -81.43285, 37.272697 ], [ -81.432225, 37.272488 ], [ -81.431418, 37.27245 ], [ -81.430894, 37.272362 ], [ -81.430631, 37.272137 ], [ -81.430217, 37.272009 ], [ -81.429954, 37.271728 ], [ -81.429358, 37.271326 ], [ -81.428854, 37.271206 ], [ -81.42838, 37.271014 ], [ -81.427946, 37.271015 ], [ -81.427393, 37.271298 ], [ -81.426738, 37.271533 ], [ -81.425953, 37.271696 ], [ -81.425237, 37.271786 ], [ -81.424784, 37.271698 ], [ -81.424087, 37.271321 ], [ -81.423522, 37.271218 ], [ -81.423049, 37.271412 ], [ -81.422798, 37.271775 ], [ -81.422457, 37.272179 ], [ -81.421812, 37.272422 ], [ -81.420946, 37.272544 ], [ -81.42009, 37.272723 ], [ -81.419455, 37.272733 ], [ -81.419081, 37.272895 ], [ -81.41887, 37.273145 ], [ -81.418629, 37.273266 ], [ -81.417822, 37.273211 ], [ -81.417036, 37.273237 ], [ -81.416899, 37.273205 ], [ -81.416756, 37.273208 ], [ -81.416663, 37.273214 ], [ -81.416029, 37.273626 ], [ -81.415826, 37.274133 ], [ -81.4158, 37.274601 ], [ -81.416096, 37.275922 ], [ -81.416027, 37.276672 ], [ -81.41626, 37.276953 ], [ -81.416744, 37.277218 ], [ -81.416785, 37.277548 ], [ -81.416304, 37.278242 ], [ -81.415954, 37.278936 ], [ -81.415681, 37.279138 ], [ -81.415177, 37.279147 ], [ -81.414613, 37.279349 ], [ -81.4141, 37.279592 ], [ -81.413434, 37.279481 ], [ -81.41287, 37.279474 ], [ -81.412387, 37.279742 ], [ -81.411903, 37.28008 ], [ -81.411593, 37.28033 ], [ -81.411443, 37.280798 ], [ -81.411375, 37.281555 ], [ -81.410993, 37.282072 ], [ -81.410733, 37.28236 ], [ -81.41059, 37.282521 ], [ -81.40969, 37.283801 ], [ -81.409575, 37.284025 ], [ -81.409676, 37.284081 ], [ -81.40977, 37.284274 ], [ -81.409781, 37.284594 ], [ -81.409719, 37.284892 ], [ -81.409732, 37.284942 ], [ -81.409687, 37.285027 ], [ -81.409587, 37.285103 ], [ -81.409438, 37.285253 ], [ -81.409304, 37.285413 ], [ -81.409253, 37.285585 ], [ -81.409181, 37.286005 ], [ -81.408978, 37.286442 ], [ -81.40909, 37.287046 ], [ -81.408829, 37.287433 ], [ -81.407853, 37.288007 ], [ -81.407521, 37.288298 ], [ -81.40729, 37.288725 ], [ -81.4071, 37.289177 ], [ -81.407061, 37.289451 ], [ -81.407263, 37.289805 ], [ -81.407405, 37.290224 ], [ -81.406882, 37.290676 ], [ -81.406632, 37.291224 ], [ -81.40605, 37.29241 ], [ -81.405941, 37.292861 ], [ -81.406093, 37.293272 ], [ -81.405801, 37.293522 ], [ -81.405076, 37.293541 ], [ -81.40418, 37.293712 ], [ -81.403908, 37.293954 ], [ -81.403919, 37.294454 ], [ -81.403608, 37.294784 ], [ -81.402903, 37.295189 ], [ -81.40252, 37.295359 ], [ -81.4023, 37.29581 ], [ -81.402291, 37.296141 ], [ -81.402654, 37.296357 ], [ -81.403219, 37.296364 ], [ -81.403764, 37.296597 ], [ -81.403957, 37.297056 ], [ -81.404028, 37.297281 ], [ -81.404339, 37.297495 ], [ -81.404564, 37.297772 ], [ -81.404686, 37.298279 ], [ -81.404939, 37.298609 ], [ -81.40506, 37.298794 ], [ -81.404033, 37.299272 ], [ -81.403822, 37.299546 ], [ -81.403773, 37.299957 ], [ -81.403481, 37.300231 ], [ -81.402948, 37.300539 ], [ -81.402422, 37.300926 ], [ -81.402396, 37.301474 ], [ -81.402195, 37.30166 ], [ -81.401782, 37.301862 ], [ -81.401197, 37.302041 ], [ -81.400815, 37.302259 ], [ -81.400422, 37.302332 ], [ -81.399656, 37.302575 ], [ -81.399152, 37.302786 ], [ -81.398618, 37.302754 ], [ -81.398185, 37.302965 ], [ -81.398025, 37.303448 ], [ -81.397915, 37.303892 ], [ -81.397531, 37.304005 ], [ -81.397421, 37.304038 ], [ -81.39724, 37.304143 ], [ -81.396817, 37.304498 ], [ -81.39695, 37.304885 ], [ -81.397313, 37.305182 ], [ -81.397435, 37.305528 ], [ -81.397357, 37.306358 ], [ -81.397579, 37.30664 ], [ -81.398085, 37.307074 ], [ -81.398702, 37.307806 ], [ -81.398652, 37.308104 ], [ -81.398311, 37.308621 ], [ -81.39805, 37.309322 ], [ -81.398142, 37.309588 ], [ -81.398546, 37.309772 ], [ -81.398687, 37.309941 ], [ -81.398678, 37.310248 ], [ -81.398548, 37.310635 ], [ -81.398055, 37.310998 ], [ -81.397099, 37.311116 ], [ -81.396462, 37.311275 ], [ -81.395296, 37.312607 ], [ -81.395216, 37.312897 ], [ -81.395378, 37.31334 ], [ -81.39539, 37.314121 ], [ -81.395341, 37.31446 ], [ -81.394888, 37.314694 ], [ -81.394627, 37.315178 ], [ -81.394515, 37.315811 ], [ -81.394487, 37.315968 ], [ -81.394287, 37.316411 ], [ -81.39345, 37.316397 ], [ -81.392982, 37.316279 ], [ -81.392682, 37.316181 ], [ -81.39243, 37.316327 ], [ -81.39215, 37.316697 ], [ -81.391702, 37.316742 ], [ -81.391575, 37.316744 ], [ -81.391537, 37.316773 ], [ -81.390984, 37.316875 ], [ -81.390849, 37.316901 ], [ -81.390567, 37.317151 ], [ -81.390326, 37.317506 ], [ -81.389901, 37.317451 ], [ -81.389749, 37.317516 ], [ -81.38958, 37.31787 ], [ -81.389641, 37.318153 ], [ -81.389827, 37.318395 ], [ -81.389883, 37.318467 ], [ -81.389663, 37.318701 ], [ -81.389662, 37.318926 ], [ -81.389292, 37.319232 ], [ -81.38899, 37.319684 ], [ -81.388545, 37.319975 ], [ -81.388057, 37.319883 ], [ -81.388012, 37.319876 ], [ -81.387902, 37.319881 ], [ -81.387825, 37.319936 ], [ -81.387614, 37.320159 ], [ -81.387477, 37.320249 ], [ -81.38724, 37.320325 ], [ -81.387097, 37.320407 ], [ -81.386777, 37.320538 ], [ -81.386713, 37.320546 ], [ -81.386602, 37.320526 ], [ -81.386312, 37.320638 ], [ -81.385988, 37.320671 ], [ -81.385784, 37.32064 ], [ -81.385674, 37.32043 ], [ -81.385653, 37.32023 ], [ -81.385823, 37.320073 ], [ -81.385718, 37.319932 ], [ -81.385612, 37.319649 ], [ -81.3854, 37.319268 ], [ -81.385346, 37.3192 ], [ -81.385197, 37.319091 ], [ -81.385068, 37.319047 ], [ -81.384955, 37.318985 ], [ -81.384852, 37.318596 ], [ -81.38469, 37.318548 ], [ -81.383485, 37.318661 ], [ -81.383193, 37.318454 ], [ -81.383035, 37.318381 ], [ -81.382721, 37.318331 ], [ -81.382175, 37.318274 ], [ -81.381517, 37.318167 ], [ -81.381264, 37.318153 ], [ -81.381022, 37.318111 ], [ -81.380853, 37.318071 ], [ -81.380281, 37.317779 ], [ -81.380148, 37.317761 ], [ -81.380061, 37.317776 ], [ -81.379968, 37.317718 ], [ -81.379705, 37.317597 ], [ -81.379413, 37.317566 ], [ -81.378879, 37.317647 ], [ -81.378657, 37.317825 ], [ -81.378466, 37.317954 ], [ -81.378093, 37.317955 ], [ -81.377578, 37.317923 ], [ -81.377457, 37.318036 ], [ -81.377387, 37.318246 ], [ -81.377306, 37.318672 ], [ -81.377105, 37.318582 ], [ -81.376931, 37.318556 ], [ -81.376631, 37.318601 ], [ -81.376073, 37.318654 ], [ -81.375575, 37.318681 ], [ -81.375373, 37.318708 ], [ -81.375069, 37.318768 ], [ -81.374766, 37.318858 ], [ -81.374634, 37.31892 ], [ -81.374183, 37.319221 ], [ -81.373913, 37.31945 ], [ -81.373462, 37.319897 ], [ -81.373362, 37.319967 ], [ -81.37323, 37.320036 ], [ -81.372854, 37.320181 ], [ -81.372658, 37.320323 ], [ -81.372499, 37.320494 ], [ -81.372419, 37.320658 ], [ -81.372364, 37.321063 ], [ -81.372118, 37.321833 ], [ -81.371941, 37.32219 ], [ -81.371597, 37.322735 ], [ -81.371541, 37.32287 ], [ -81.371476, 37.32318 ], [ -81.37151, 37.323323 ], [ -81.371595, 37.323544 ], [ -81.371608, 37.32372 ], [ -81.371544, 37.32395 ], [ -81.371467, 37.32413 ], [ -81.3714, 37.324236 ], [ -81.370864, 37.324141 ], [ -81.370219, 37.324294 ], [ -81.369443, 37.324649 ], [ -81.368647, 37.325238 ], [ -81.368294, 37.325892 ], [ -81.367879, 37.326529 ], [ -81.367536, 37.3269 ], [ -81.367536, 37.327408 ], [ -81.367729, 37.32755 ], [ -81.367649, 37.327681 ], [ -81.367633, 37.32775 ], [ -81.367646, 37.327934 ], [ -81.367678, 37.328023 ], [ -81.368146, 37.328862 ], [ -81.368207, 37.329044 ], [ -81.368256, 37.329395 ], [ -81.368318, 37.329594 ], [ -81.368429, 37.329755 ], [ -81.36894, 37.330133 ], [ -81.369046, 37.330249 ], [ -81.369155, 37.330398 ], [ -81.36941, 37.330855 ], [ -81.369485, 37.331118 ], [ -81.369494, 37.331237 ], [ -81.369469, 37.331367 ], [ -81.369398, 37.331567 ], [ -81.369379, 37.331828 ], [ -81.369238, 37.332402 ], [ -81.369155, 37.332524 ], [ -81.368984, 37.332627 ], [ -81.368719, 37.332619 ], [ -81.368428, 37.332571 ], [ -81.367871, 37.332657 ], [ -81.367754, 37.332691 ], [ -81.367643, 37.332738 ], [ -81.367563, 37.332802 ], [ -81.367445, 37.332956 ], [ -81.367372, 37.333121 ], [ -81.367309, 37.333381 ], [ -81.367304, 37.334066 ], [ -81.36723, 37.334301 ], [ -81.367052, 37.334504 ], [ -81.366645, 37.334613 ], [ -81.366523, 37.335493 ], [ -81.366625, 37.335875 ], [ -81.366503, 37.33612 ], [ -81.366197, 37.336512 ], [ -81.366014, 37.336782 ], [ -81.365555, 37.337572 ], [ -81.36543, 37.337748 ], [ -81.365365, 37.337803 ], [ -81.365284, 37.337842 ], [ -81.365193, 37.337862 ], [ -81.365053, 37.337854 ], [ -81.364914, 37.337873 ], [ -81.364581, 37.337975 ], [ -81.364377, 37.338008 ], [ -81.36417, 37.337994 ], [ -81.363974, 37.337937 ], [ -81.363708, 37.337901 ], [ -81.363378, 37.337993 ], [ -81.362961, 37.338087 ], [ -81.362785, 37.338095 ], [ -81.362633, 37.338036 ], [ -81.362156, 37.337687 ], [ -81.358594, 37.334447 ], [ -81.348792, 37.325576 ], [ -81.342863, 37.320087 ], [ -81.338264, 37.315838 ], [ -81.336475, 37.314312 ], [ -81.336152, 37.314026 ], [ -81.335221, 37.313198 ], [ -81.334725, 37.312737 ], [ -81.334368, 37.31242 ], [ -81.334228, 37.312297 ], [ -81.333134, 37.311267 ], [ -81.330828, 37.30906 ], [ -81.330261, 37.308515 ], [ -81.328887, 37.307322 ], [ -81.327513, 37.30604 ], [ -81.326768, 37.305397 ], [ -81.325337, 37.304206 ], [ -81.324534, 37.303515 ], [ -81.320259, 37.299469 ], [ -81.320105, 37.299323 ], [ -81.319481, 37.298919 ], [ -81.317863, 37.297805 ], [ -81.311874, 37.293764 ], [ -81.311358, 37.293416 ], [ -81.309768, 37.292338 ], [ -81.308507, 37.291475 ], [ -81.308129, 37.291215 ], [ -81.307768, 37.290968 ], [ -81.307365, 37.290693 ], [ -81.307225, 37.290597 ], [ -81.299265, 37.285143 ], [ -81.29591, 37.282844 ], [ -81.292192, 37.280297 ], [ -81.288915, 37.278156 ], [ -81.279139, 37.271564 ], [ -81.279048, 37.271503 ], [ -81.274444, 37.268436 ], [ -81.266815, 37.263266 ], [ -81.265356, 37.262277 ], [ -81.263157, 37.260786 ], [ -81.259451, 37.258274 ], [ -81.259161, 37.258076 ], [ -81.258232, 37.257444 ], [ -81.257544, 37.256947 ], [ -81.256939, 37.256575 ], [ -81.256783, 37.256479 ], [ -81.256317, 37.256108 ], [ -81.255221, 37.25534 ], [ -81.252544, 37.253558 ], [ -81.24982, 37.251804 ], [ -81.247513, 37.250117 ], [ -81.244985, 37.248657 ], [ -81.244903, 37.248592 ], [ -81.244669, 37.248404 ], [ -81.241981, 37.246414 ], [ -81.24136, 37.246 ], [ -81.24113, 37.245846 ], [ -81.240161, 37.245171 ], [ -81.237309, 37.243054 ], [ -81.237062, 37.242871 ], [ -81.236909, 37.242789 ], [ -81.236675, 37.242665 ], [ -81.234928, 37.241705 ], [ -81.233553, 37.240628 ], [ -81.232711, 37.240076 ], [ -81.232328, 37.239828 ], [ -81.225104, 37.234874 ], [ -81.222835, 37.235737 ], [ -81.220156, 37.237049 ], [ -81.218771, 37.237652 ], [ -81.218554, 37.237747 ], [ -81.217299, 37.238174 ], [ -81.215688, 37.2388 ], [ -81.214327, 37.239452 ], [ -81.212646, 37.240036 ], [ -81.211602, 37.240481 ], [ -81.209962, 37.240953 ], [ -81.208563, 37.241596 ], [ -81.207764, 37.241808 ], [ -81.204774, 37.243013 ], [ -81.202998, 37.243879 ], [ -81.200459, 37.245288 ], [ -81.199574, 37.245879 ], [ -81.198992, 37.246423 ], [ -81.197753, 37.247108 ], [ -81.196168, 37.247935 ], [ -81.194157, 37.249034 ], [ -81.19305, 37.249663 ], [ -81.192447, 37.250117 ], [ -81.192227, 37.250354 ], [ -81.192107, 37.250427 ], [ -81.191966, 37.250476 ], [ -81.191654, 37.250493 ], [ -81.191262, 37.250632 ], [ -81.190941, 37.250827 ], [ -81.19069, 37.251054 ], [ -81.188099, 37.252194 ], [ -81.187908, 37.252453 ], [ -81.187729, 37.252583 ], [ -81.187418, 37.252729 ], [ -81.186783, 37.25286 ], [ -81.186242, 37.253259 ], [ -81.185569, 37.253616 ], [ -81.184787, 37.254007 ], [ -81.184307, 37.254323 ], [ -81.183279, 37.254488 ], [ -81.182936, 37.254733 ], [ -81.182268, 37.255623 ], [ -81.181736, 37.25602 ], [ -81.181003, 37.256338 ], [ -81.180291, 37.256962 ], [ -81.179397, 37.257313 ], [ -81.178151, 37.257979 ], [ -81.176896, 37.258606 ], [ -81.175839, 37.259097 ], [ -81.174605, 37.259672 ], [ -81.173441, 37.260298 ], [ -81.171642, 37.261088 ], [ -81.170446, 37.261488 ], [ -81.168245, 37.262408 ], [ -81.167029, 37.262881 ], [ -81.165611, 37.263282 ], [ -81.164113, 37.263659 ], [ -81.162775, 37.264108 ], [ -81.161137, 37.264752 ], [ -81.158964, 37.265382 ], [ -81.157344, 37.265638 ], [ -81.155683, 37.265967 ], [ -81.154034, 37.266345 ], [ -81.152676, 37.266737 ], [ -81.151691, 37.267104 ], [ -81.150704, 37.267237 ], [ -81.149608, 37.267515 ], [ -81.147687, 37.268063 ], [ -81.146347, 37.268158 ], [ -81.145604, 37.268435 ], [ -81.145192, 37.268663 ], [ -81.144175, 37.268836 ], [ -81.14323, 37.269106 ], [ -81.142404, 37.269165 ], [ -81.141429, 37.269581 ], [ -81.140703, 37.269688 ], [ -81.139548, 37.270225 ], [ -81.138381, 37.270447 ], [ -81.137144, 37.270863 ], [ -81.135928, 37.271489 ], [ -81.133606, 37.272417 ], [ -81.132016, 37.272802 ], [ -81.131373, 37.272998 ], [ -81.130145, 37.273213 ], [ -81.129099, 37.273612 ], [ -81.126825, 37.274193 ], [ -81.124813, 37.275023 ], [ -81.124226, 37.275209 ], [ -81.123717, 37.275307 ], [ -81.123638, 37.275322 ], [ -81.12348, 37.275353 ], [ -81.12344, 37.275361 ], [ -81.121991, 37.275662 ], [ -81.1205, 37.276074 ], [ -81.119312, 37.276333 ], [ -81.117933, 37.276745 ], [ -81.11686, 37.276974 ], [ -81.116764, 37.276995 ], [ -81.116301, 37.277326 ], [ -81.115828, 37.277399 ], [ -81.115063, 37.277738 ], [ -81.114006, 37.278125 ], [ -81.1132, 37.278255 ], [ -81.112596, 37.278497 ], [ -81.110189, 37.278788 ], [ -81.107591, 37.279709 ], [ -81.105587, 37.28 ], [ -81.104983, 37.280266 ], [ -81.104147, 37.280605 ], [ -81.102202, 37.281009 ], [ -81.100098, 37.281397 ], [ -81.098798, 37.281672 ], [ -81.096925, 37.281866 ], [ -81.09482, 37.28264 ], [ -81.092967, 37.282835 ], [ -81.090449, 37.283303 ], [ -81.08774, 37.28378 ], [ -81.085685, 37.284079 ], [ -81.084012, 37.284401 ], [ -81.08237, 37.284555 ], [ -81.080668, 37.284596 ], [ -81.07954, 37.284806 ], [ -81.077838, 37.284984 ], [ -81.076528, 37.28496 ], [ -81.075894, 37.284887 ], [ -81.075289, 37.285025 ], [ -81.074504, 37.285178 ], [ -81.073124, 37.285315 ], [ -81.071996, 37.285686 ], [ -81.070545, 37.285952 ], [ -81.068652, 37.286219 ], [ -81.067936, 37.286195 ], [ -81.067534, 37.28634 ], [ -81.066355, 37.286437 ], [ -81.065125, 37.286647 ], [ -81.064551, 37.286824 ], [ -81.063765, 37.286824 ], [ -81.062244, 37.286897 ], [ -81.060794, 37.287066 ], [ -81.059535, 37.287268 ], [ -81.058638, 37.287365 ], [ -81.057278, 37.287679 ], [ -81.056221, 37.287816 ], [ -81.055596, 37.287841 ], [ -81.055364, 37.288026 ], [ -81.054659, 37.288211 ], [ -81.052886, 37.288607 ], [ -81.051909, 37.288566 ], [ -81.051083, 37.288736 ], [ -81.050449, 37.288736 ], [ -81.049935, 37.288792 ], [ -81.0493, 37.289018 ], [ -81.048444, 37.289114 ], [ -81.046721, 37.28905 ], [ -81.045663, 37.289106 ], [ -81.044122, 37.289389 ], [ -81.043104, 37.289397 ], [ -81.0425, 37.28938 ], [ -81.041583, 37.289622 ], [ -81.040414, 37.28984 ], [ -81.038924, 37.290049 ], [ -81.03846, 37.290315 ], [ -81.037836, 37.290372 ], [ -81.037191, 37.290251 ], [ -81.036133, 37.290252 ], [ -81.035519, 37.290501 ], [ -81.034924, 37.29063 ], [ -81.033604, 37.291251 ], [ -81.032204, 37.291654 ], [ -81.030673, 37.291855 ], [ -81.029192, 37.292193 ], [ -81.028023, 37.29258 ], [ -81.026642, 37.292886 ], [ -81.025252, 37.293329 ], [ -81.024456, 37.293482 ], [ -81.021937, 37.294143 ], [ -81.02102, 37.294183 ], [ -81.019156, 37.294513 ], [ -81.017947, 37.29469 ], [ -81.016769, 37.294826 ], [ -81.015378, 37.295221 ], [ -81.014189, 37.295269 ], [ -81.013464, 37.295374 ], [ -81.013222, 37.29543 ], [ -81.012547, 37.295518 ], [ -81.011207, 37.295679 ], [ -81.01021, 37.295776 ], [ -81.009464, 37.295921 ], [ -81.008457, 37.296073 ], [ -81.00767, 37.296428 ], [ -81.006803, 37.296516 ], [ -81.006078, 37.296693 ], [ -81.005372, 37.296919 ], [ -81.003972, 37.297184 ], [ -81.002642, 37.297417 ], [ -81.001775, 37.297546 ], [ -81.000576, 37.297868 ], [ -80.999807, 37.297929 ], [ -80.999083, 37.298141 ], [ -80.998511, 37.298571 ], [ -80.997196, 37.298807 ], [ -80.996013, 37.299545 ], [ -80.994436, 37.299795 ], [ -80.993683, 37.299626 ], [ -80.988769, 37.300931 ], [ -80.988046, 37.300738 ], [ -80.987319, 37.301359 ], [ -80.985765, 37.3014 ], [ -80.985266, 37.300564 ], [ -80.983177, 37.301228 ], [ -80.981863, 37.300883 ], [ -80.980754, 37.301961 ], [ -80.979589, 37.302279 ], [ -80.979656, 37.301377 ], [ -80.979106, 37.300581 ], [ -80.980746, 37.298541 ], [ -80.980899, 37.297341 ], [ -80.982173, 37.296023 ], [ -80.981323, 37.294554 ], [ -80.981322, 37.293465 ], [ -80.980146, 37.292743000000101 ], [ -80.977814, 37.292348 ], [ -80.977008, 37.291807 ], [ -80.975421, 37.292 ], [ -80.974401, 37.29163 ], [ -80.973889, 37.291444 ], [ -80.971875, 37.292367 ], [ -80.969958, 37.291887 ], [ -80.968368, 37.29229 ], [ -80.966556, 37.292158 ], [ -80.964879, 37.292898 ], [ -80.957595, 37.293733 ], [ -80.956115, 37.294153 ], [ -80.951018, 37.29497 ], [ -80.947896, 37.295872 ], [ -80.945488, 37.296903 ], [ -80.944325, 37.296631 ], [ -80.944173, 37.296575 ], [ -80.942973, 37.297126 ], [ -80.942984, 37.297627 ], [ -80.943414, 37.297817 ], [ -80.943156, 37.298112 ], [ -80.9424, 37.298112 ], [ -80.941327, 37.298883 ], [ -80.939824, 37.298909 ], [ -80.939346, 37.29967 ], [ -80.938408, 37.299724 ], [ -80.938135, 37.300278 ], [ -80.936964, 37.300354 ], [ -80.934004, 37.301669 ], [ -80.931118, 37.302872 ], [ -80.928131, 37.303566 ], [ -80.92704, 37.303683 ], [ -80.919259, 37.306163 ], [ -80.918025, 37.306884 ], [ -80.915944, 37.307635 ], [ -80.914849, 37.308495 ], [ -80.913562, 37.308755 ], [ -80.912153, 37.310175 ], [ -80.911058, 37.310494 ], [ -80.910389, 37.311236 ], [ -80.907951, 37.311605 ], [ -80.905092, 37.312929 ], [ -80.901566, 37.314858 ], [ -80.900535, 37.315 ], [ -80.900008, 37.315655 ], [ -80.89916, 37.315678 ], [ -80.89805, 37.316779 ], [ -80.891203, 37.321365 ], [ -80.890597, 37.321447 ], [ -80.886914, 37.32464 ], [ -80.885748, 37.324958 ], [ -80.88529, 37.325695 ], [ -80.882952, 37.327153 ], [ -80.880103, 37.328903 ], [ -80.874801, 37.333427 ], [ -80.874343, 37.33398 ], [ -80.873639, 37.334556 ], [ -80.872913, 37.335205 ], [ -80.871917, 37.33576 ], [ -80.871637, 37.336021 ], [ -80.870913, 37.336581 ], [ -80.870715, 37.336795 ], [ -80.869763, 37.337925 ], [ -80.869513, 37.338171 ], [ -80.869137, 37.338457 ], [ -80.868986, 37.338573 ], [ -80.867042, 37.339756 ], [ -80.866725, 37.339887 ], [ -80.866048, 37.340206 ], [ -80.865862, 37.340331 ], [ -80.862982, 37.341383 ], [ -80.862554, 37.341512 ], [ -80.860803, 37.341931 ], [ -80.859779, 37.342413 ], [ -80.85943, 37.342592 ], [ -80.859049, 37.342819 ], [ -80.858059, 37.343503 ], [ -80.857601, 37.343607 ], [ -80.857356, 37.343724 ], [ -80.857018, 37.343855 ], [ -80.856174, 37.344049 ], [ -80.855921, 37.344068 ], [ -80.855726, 37.344145 ], [ -80.855571, 37.344279 ], [ -80.85484, 37.344742 ], [ -80.854544, 37.344833 ], [ -80.854053, 37.34505 ], [ -80.853654, 37.345204 ], [ -80.853375, 37.345409 ], [ -80.851945, 37.345923 ], [ -80.851587, 37.346078 ], [ -80.850913, 37.346323 ], [ -80.849451, 37.346909 ], [ -80.855679, 37.353755 ], [ -80.85881, 37.357199 ], [ -80.8653, 37.364334 ], [ -80.866573, 37.365733 ], [ -80.866747, 37.365925 ], [ -80.866901, 37.366093 ], [ -80.867209, 37.366434 ], [ -80.867857, 37.367145 ], [ -80.868271, 37.3676 ], [ -80.868376, 37.367714 ], [ -80.868485, 37.367836 ], [ -80.868903, 37.368296 ], [ -80.872419, 37.37216 ], [ -80.873645, 37.373446 ], [ -80.874809, 37.374659 ], [ -80.875244, 37.375183 ], [ -80.876248, 37.376602 ], [ -80.877747, 37.37792 ], [ -80.880477, 37.380876 ], [ -80.881909, 37.382429 ], [ -80.883247, 37.383933 ], [ -80.875467, 37.394437 ], [ -80.875352, 37.394594 ], [ -80.874805, 37.395466 ], [ -80.872266, 37.399112 ], [ -80.868143, 37.404678 ], [ -80.86449, 37.409599 ], [ -80.863176, 37.41129 ], [ -80.863003, 37.411514 ], [ -80.863263, 37.411828 ], [ -80.863642, 37.412361 ], [ -80.863877, 37.412619 ], [ -80.864077, 37.412789 ], [ -80.864449, 37.413404 ], [ -80.864601, 37.413762 ], [ -80.864656, 37.413855 ], [ -80.864856, 37.414443 ], [ -80.86487, 37.414575 ], [ -80.864967, 37.414932 ], [ -80.865043, 37.415371 ], [ -80.865091, 37.415547 ], [ -80.865243, 37.415937 ], [ -80.865305, 37.416234 ], [ -80.865506, 37.416899 ], [ -80.865568, 37.417377 ], [ -80.865561, 37.417531 ], [ -80.865438, 37.418806 ], [ -80.865452, 37.418861 ], [ -80.865418, 37.419179 ], [ -80.865274, 37.420113 ], [ -80.865177, 37.420454 ], [ -80.865143, 37.420542 ], [ -80.865033, 37.420702 ], [ -80.865019, 37.420756 ], [ -80.864579, 37.421367 ], [ -80.864383, 37.421909 ], [ -80.864244, 37.422373 ], [ -80.863712, 37.423697 ], [ -80.863644, 37.42395 ], [ -80.86352, 37.424246 ], [ -80.863272, 37.424626 ], [ -80.862886, 37.425032 ], [ -80.862597, 37.425395 ], [ -80.862205, 37.425989 ], [ -80.861517, 37.426934 ], [ -80.861228, 37.42744 ], [ -80.861062, 37.427814 ], [ -80.860842, 37.428226 ], [ -80.860705, 37.428418 ], [ -80.860334, 37.428816 ], [ -80.860106, 37.429028 ], [ -80.860078, 37.429083 ], [ -80.86003, 37.4291 ], [ -80.859665, 37.429369 ], [ -80.859457, 37.429491 ], [ -80.85868, 37.428908 ], [ -80.858558, 37.428426 ], [ -80.858466, 37.428307 ], [ -80.858412, 37.428256 ], [ -80.85817, 37.427922 ], [ -80.857712, 37.427476 ], [ -80.857359, 37.427206 ], [ -80.85701, 37.427074 ], [ -80.856717, 37.427007 ], [ -80.856278, 37.426935 ], [ -80.855818, 37.426872 ], [ -80.855142, 37.42687 ], [ -80.854426, 37.426843 ], [ -80.853738, 37.426937 ], [ -80.853163, 37.426902 ], [ -80.852226, 37.426657 ], [ -80.850442, 37.425976 ], [ -80.849686, 37.425658 ], [ -80.849367, 37.425501 ], [ -80.848845, 37.425137 ], [ -80.848444, 37.424772 ], [ -80.847198, 37.424034 ], [ -80.846847, 37.423687 ], [ -80.846325, 37.423395 ], [ -80.845679, 37.423335 ], [ -80.844699, 37.423387 ], [ -80.844213, 37.423555 ], [ -80.843787, 37.423916 ], [ -80.84338, 37.424358 ], [ -80.843034, 37.424783 ], [ -80.842159, 37.425618 ], [ -80.841672, 37.425971 ], [ -80.841025, 37.426123 ], [ -80.84046, 37.426144 ], [ -80.839744, 37.426061 ], [ -80.839077, 37.425873 ], [ -80.838423, 37.425814 ], [ -80.837678, 37.425658 ], [ -80.837235, 37.425406 ], [ -80.836924, 37.425171 ], [ -80.836614, 37.424743 ], [ -80.836446, 37.424355 ], [ -80.836408, 37.423992 ], [ -80.831466, 37.420943 ], [ -80.830851, 37.420507 ], [ -80.828824, 37.419032 ], [ -80.828313, 37.418667 ], [ -80.826112, 37.417245 ], [ -80.820228, 37.413288 ], [ -80.817358, 37.411333 ], [ -80.817062, 37.411155 ], [ -80.812097, 37.407818 ], [ -80.81188, 37.40785 ], [ -80.811687, 37.407817 ], [ -80.811535, 37.407729 ], [ -80.811328, 37.40757 ], [ -80.811204, 37.407422 ], [ -80.811094, 37.407345 ], [ -80.810375, 37.407183 ], [ -80.809841, 37.40702 ], [ -80.809145, 37.406834 ], [ -80.8088, 37.406685 ], [ -80.808683, 37.406619 ], [ -80.808587, 37.406537 ], [ -80.808463, 37.406355 ], [ -80.808229, 37.405691 ], [ -80.808132, 37.405537 ], [ -80.807829, 37.405185 ], [ -80.807698, 37.405064 ], [ -80.807657, 37.405048 ], [ -80.807643, 37.40502 ], [ -80.807512, 37.404927 ], [ -80.807264, 37.404685 ], [ -80.807092, 37.404575 ], [ -80.806893, 37.404482 ], [ -80.806459, 37.404339 ], [ -80.8063, 37.404223 ], [ -80.806162, 37.404064 ], [ -80.806142, 37.40396 ], [ -80.806156, 37.403833 ], [ -80.80619, 37.403767 ], [ -80.806576, 37.403399 ], [ -80.806748, 37.403119 ], [ -80.806851, 37.402674 ], [ -80.806934, 37.402454 ], [ -80.806975, 37.40224 ], [ -80.807044, 37.401646 ], [ -80.806989, 37.40135 ], [ -80.806934, 37.401218 ], [ -80.806631, 37.400767 ], [ -80.806534, 37.400525 ], [ -80.806259, 37.399492 ], [ -80.806238, 37.399355 ], [ -80.806252, 37.399174 ], [ -80.806376, 37.398542 ], [ -80.806349, 37.398404 ], [ -80.806266, 37.398294 ], [ -80.805743, 37.397954 ], [ -80.805488, 37.397866 ], [ -80.805247, 37.397827 ], [ -80.804723, 37.397783 ], [ -80.804654, 37.397789 ], [ -80.804585, 37.397822 ], [ -80.804496, 37.397954 ], [ -80.804427, 37.398096 ], [ -80.804227, 37.398305 ], [ -80.804069, 37.39836 ], [ -80.803842, 37.39841 ], [ -80.803525, 37.398459 ], [ -80.802974, 37.398404 ], [ -80.802499, 37.398261 ], [ -80.802209, 37.398129 ], [ -80.801858, 37.397926 ], [ -80.801762, 37.39786 ], [ -80.801672, 37.397695 ], [ -80.801583, 37.397519 ], [ -80.801353, 37.397286 ], [ -80.801211, 37.39714 ], [ -80.801149, 37.397036 ], [ -80.801149, 37.396865 ], [ -80.80119, 37.396689 ], [ -80.801156, 37.396536 ], [ -80.801018, 37.396338 ], [ -80.80086, 37.396173 ], [ -80.800625, 37.396008 ], [ -80.800508, 37.395953 ], [ -80.800157, 37.395871 ], [ -80.799682, 37.39581 ], [ -80.799448, 37.395744 ], [ -80.799289, 37.395733 ], [ -80.798917, 37.395739 ], [ -80.798876, 37.395816 ], [ -80.79769, 37.39583 ], [ -80.797003, 37.395578 ], [ -80.795859, 37.395349 ], [ -80.795426, 37.395188 ], [ -80.794565, 37.395211 ], [ -80.794052, 37.39528 ], [ -80.793216, 37.395394 ], [ -80.792728, 37.395325 ], [ -80.791293, 37.395668 ], [ -80.790317, 37.395668 ], [ -80.790199, 37.395628 ], [ -80.789592, 37.395419 ], [ -80.788446, 37.395024 ], [ -80.787907, 37.394843 ], [ -80.786529, 37.394797 ], [ -80.78475, 37.394614 ], [ -80.784348, 37.394614 ], [ -80.784188, 37.394587 ], [ -80.78415, 37.394207 ], [ -80.783871, 37.393803 ], [ -80.783652, 37.393399 ], [ -80.783504, 37.393003 ], [ -80.783324, 37.392789 ], [ -80.783336, 37.392583 ], [ -80.78344, 37.392213 ], [ -80.783494, 37.391721 ], [ -80.78346, 37.39098 ], [ -80.783382, 37.390649 ], [ -80.783141, 37.390285 ], [ -80.783131, 37.390247 ], [ -80.783021, 37.390089 ], [ -80.782473, 37.389321 ], [ -80.782285, 37.389018 ], [ -80.782034, 37.388746 ], [ -80.781741, 37.388687 ], [ -80.781469, 37.388605 ], [ -80.781098, 37.388304 ], [ -80.78095, 37.388012 ], [ -80.780789, 37.387794 ], [ -80.78066, 37.387486 ], [ -80.780461, 37.387195 ], [ -80.779749, 37.386505 ], [ -80.779308, 37.386196 ], [ -80.778804, 37.38595 ], [ -80.778373, 37.385705 ], [ -80.77795, 37.385525 ], [ -80.777306, 37.38519 ], [ -80.777007, 37.38484 ], [ -80.776908, 37.384485 ], [ -80.776691, 37.383959 ], [ -80.776649, 37.383679 ], [ -80.770082, 37.372363 ], [ -80.768478, 37.372843 ], [ -80.766944, 37.37333 ], [ -80.765932, 37.373257 ], [ -80.765628, 37.373259 ], [ -80.765164, 37.373375 ], [ -80.764024, 37.373722 ], [ -80.763439, 37.373961 ], [ -80.762835, 37.374304 ], [ -80.762594, 37.374467 ], [ -80.761938, 37.374666 ], [ -80.76022, 37.374888 ], [ -80.759886, 37.374882 ], [ -80.759785, 37.374923 ], [ -80.759643, 37.375121 ], [ -80.758952, 37.375537 ], [ -80.758204, 37.37559 ], [ -80.757799, 37.375766 ], [ -80.757556, 37.375894 ], [ -80.757118, 37.376399 ], [ -80.756763, 37.376615 ], [ -80.755254, 37.37735 ], [ -80.754142, 37.37757 ], [ -80.753656, 37.377826 ], [ -80.752203, 37.377827 ], [ -80.751779, 37.37789 ], [ -80.751425, 37.377977 ], [ -80.75103, 37.378209 ], [ -80.750327, 37.378979 ], [ -80.748722, 37.38005 ], [ -80.74852, 37.380059 ], [ -80.748103, 37.379901 ], [ -80.747567, 37.379888 ], [ -80.745904, 37.380069 ], [ -80.745527, 37.380111 ], [ -80.744411, 37.379723 ], [ -80.744199, 37.379725 ], [ -80.743391, 37.379851 ], [ -80.7432, 37.379973 ], [ -80.742973, 37.380483 ], [ -80.742863, 37.380588 ], [ -80.740973, 37.381713 ], [ -80.738652, 37.382172 ], [ -80.738391, 37.382263 ], [ -80.73804, 37.382547 ], [ -80.737631, 37.383203 ], [ -80.737429, 37.383301 ], [ -80.734801, 37.383334 ], [ -80.734165, 37.383435 ], [ -80.733166, 37.383692 ], [ -80.732121, 37.384271 ], [ -80.731589, 37.38471 ], [ -80.727804, 37.386379 ], [ -80.727317, 37.386221 ], [ -80.726046, 37.38556 ], [ -80.725702, 37.385522 ], [ -80.724285, 37.386329 ], [ -80.724185, 37.386491 ], [ -80.723925, 37.387759 ], [ -80.723596, 37.388261 ], [ -80.723101, 37.388328 ], [ -80.720684, 37.389319 ], [ -80.719524, 37.389585 ], [ -80.717695, 37.388822 ], [ -80.71652, 37.388645 ], [ -80.716298, 37.388694 ], [ -80.7163, 37.388848 ], [ -80.71596, 37.390253 ], [ -80.715479, 37.390707 ], [ -80.714172, 37.391409 ], [ -80.713857, 37.391338 ], [ -80.713545, 37.3915 ], [ -80.712509, 37.39204 ], [ -80.710501, 37.392513 ], [ -80.709113, 37.39319 ], [ -80.708399, 37.393638 ], [ -80.707157, 37.393848 ], [ -80.70601, 37.394395 ], [ -80.705203, 37.394618 ], [ -80.703112, 37.395937 ], [ -80.702579, 37.396239 ], [ -80.701248, 37.396602 ], [ -80.700987, 37.396813 ], [ -80.700708, 37.397275 ], [ -80.699435, 37.398395 ], [ -80.698367, 37.398877 ], [ -80.697474, 37.399601 ], [ -80.696011, 37.3999 ], [ -80.694179, 37.399911 ], [ -80.693737, 37.400148 ], [ -80.693345, 37.400481 ], [ -80.691709, 37.401749 ], [ -80.690983, 37.402011 ], [ -80.689817, 37.402704 ], [ -80.68783, 37.40328 ], [ -80.687264, 37.403372 ], [ -80.686309, 37.403934 ], [ -80.685723, 37.40397 ], [ -80.685107, 37.404095 ], [ -80.684576, 37.40463 ], [ -80.679249, 37.407154 ], [ -80.678094, 37.407936 ], [ -80.675303, 37.40909 ], [ -80.674922, 37.409536 ], [ -80.674249, 37.410023 ], [ -80.672968, 37.410418 ], [ -80.672051, 37.410859 ], [ -80.671577, 37.410958 ], [ -80.669997, 37.411863 ], [ -80.666481, 37.413359 ], [ -80.665777, 37.413839 ], [ -80.664971, 37.414215 ], [ -80.664112, 37.41422 ], [ -80.66217, 37.415352 ], [ -80.66119, 37.415568 ], [ -80.660497, 37.416096 ], [ -80.65961, 37.416375 ], [ -80.659287, 37.416514 ], [ -80.658382, 37.417051 ], [ -80.656687, 37.417585 ], [ -80.653589, 37.419514 ], [ -80.65314, 37.420162 ], [ -80.652426, 37.420634 ], [ -80.650188, 37.421501 ], [ -80.649672, 37.421496 ], [ -80.649207, 37.421572 ], [ -80.647932, 37.421684 ], [ -80.645893, 37.422147 ], [ -80.641898, 37.424508 ], [ -80.636947, 37.427471 ], [ -80.637356, 37.427937 ], [ -80.637554, 37.428556 ], [ -80.637379, 37.429372 ], [ -80.636848, 37.430003 ], [ -80.635901, 37.43042 ], [ -80.635558, 37.430527 ], [ -80.63439, 37.431227 ], [ -80.633191, 37.431742 ], [ -80.632365, 37.432125 ], [ -80.631855, 37.432233 ], [ -80.630698, 37.432481 ], [ -80.63013, 37.432307 ], [ -80.629046, 37.43216 ], [ -80.62862, 37.43205 ], [ -80.627273, 37.433049 ], [ -80.626365, 37.433328 ], [ -80.625289, 37.432875 ], [ -80.622664, 37.433307 ], [ -80.622369, 37.434221 ], [ -80.62229, 37.43506 ], [ -80.622117, 37.435969 ], [ -80.621375, 37.436671 ], [ -80.620901, 37.436935 ], [ -80.616802, 37.439443 ], [ -80.615264, 37.439772 ], [ -80.613856, 37.440152 ], [ -80.6119, 37.441198 ], [ -80.610109, 37.441843 ], [ -80.609559, 37.442251 ], [ -80.608254, 37.443134 ], [ -80.606588, 37.443977 ], [ -80.604331, 37.444927 ], [ -80.60267, 37.445325 ], [ -80.601466, 37.445943 ], [ -80.600204, 37.446173 ], [ -80.598965, 37.447187 ], [ -80.598131, 37.44762 ], [ -80.596882, 37.448367 ], [ -80.596186, 37.448908 ], [ -80.595378, 37.449447 ], [ -80.59477, 37.449506 ], [ -80.594148, 37.449661 ], [ -80.592414, 37.450688 ], [ -80.591377, 37.45144 ], [ -80.591093, 37.452039 ], [ -80.590561, 37.452779 ], [ -80.59024, 37.453296 ], [ -80.589657, 37.453792 ], [ -80.586636, 37.45605 ], [ -80.585856, 37.456654 ], [ -80.585334, 37.456836 ], [ -80.584686, 37.456579 ], [ -80.58389, 37.45652 ], [ -80.582884, 37.456658 ], [ -80.582568, 37.457039 ], [ -80.582346, 37.457882 ], [ -80.581861, 37.458719 ], [ -80.581463, 37.459138 ], [ -80.580773, 37.459478 ], [ -80.579434, 37.459916 ], [ -80.578025, 37.460586 ], [ -80.577423, 37.461024 ], [ -80.576508, 37.461755 ], [ -80.576255, 37.462048 ], [ -80.573358, 37.463055 ], [ -80.572732, 37.463323 ], [ -80.572636, 37.463468 ], [ -80.572497, 37.463681 ], [ -80.571365, 37.464247 ], [ -80.571283, 37.464312 ], [ -80.568183, 37.465577 ], [ -80.566297, 37.466575 ], [ -80.565191, 37.467261 ], [ -80.564029, 37.46809 ], [ -80.563792, 37.46823 ], [ -80.561442, 37.469775 ], [ -80.558982, 37.470711 ], [ -80.557969, 37.471059 ], [ -80.555138, 37.471623 ], [ -80.554461, 37.472173 ], [ -80.553162, 37.472878 ], [ -80.552036, 37.473563 ], [ -80.550939, 37.473707 ], [ -80.547451, 37.473681 ], [ -80.544836, 37.474695 ], [ -80.544156, 37.474743 ], [ -80.539786, 37.474527 ], [ -80.539293, 37.474451 ], [ -80.537939, 37.474152 ], [ -80.536889, 37.474008 ], [ -80.535109, 37.474409 ], [ -80.53441, 37.474732 ], [ -80.533822, 37.475615 ], [ -80.533449, 37.476406 ], [ -80.532372, 37.477124 ], [ -80.530758, 37.477304 ], [ -80.528349, 37.477368 ], [ -80.525403, 37.476862 ], [ -80.523481, 37.476905 ], [ -80.522338, 37.477185 ], [ -80.521607, 37.47754 ], [ -80.520753, 37.478247 ], [ -80.519657, 37.479198 ], [ -80.518642, 37.479304 ], [ -80.517599, 37.47877 ], [ -80.516366, 37.478474 ], [ -80.515139, 37.478566 ], [ -80.514157, 37.47889 ], [ -80.513409, 37.479446 ], [ -80.511391, 37.481672 ], [ -80.503963, 37.472098 ], [ -80.499784, 37.466917 ], [ -80.492981, 37.457749 ], [ -80.496805, 37.446215 ], [ -80.497279, 37.44478 ], [ -80.49486, 37.435072 ], [ -80.491608, 37.432936 ], [ -80.475796, 37.423071 ], [ -80.475601, 37.422949 ], [ -80.475505, 37.422977 ], [ -80.475465, 37.422953 ], [ -80.472782, 37.42373 ], [ -80.464816, 37.426145 ], [ -80.457304, 37.43227 ], [ -80.451355, 37.434043 ], [ -80.443009, 37.438131 ], [ -80.425629, 37.449885 ], [ -80.413148, 37.455592 ], [ -80.407607, 37.458125 ], [ -80.406355, 37.458698 ], [ -80.40278, 37.460334 ], [ -80.399846, 37.462325 ], [ -80.382508, 37.470376 ], [ -80.378282, 37.471389 ], [ -80.374753, 37.472924 ], [ -80.371951, 37.474069 ], [ -80.369451, 37.476597 ], [ -80.367409, 37.477871 ], [ -80.365324, 37.478996 ], [ -80.363171, 37.480001 ], [ -80.366837, 37.484879 ], [ -80.365785, 37.484931 ], [ -80.362491, 37.486499 ], [ -80.360336, 37.486997 ], [ -80.35715, 37.487908 ], [ -80.354824, 37.488556 ], [ -80.351823, 37.489729 ], [ -80.348672, 37.490776 ], [ -80.34378, 37.492151 ], [ -80.342435, 37.492403 ], [ -80.340452, 37.492692 ], [ -80.338863, 37.492871 ], [ -80.336942, 37.492952 ], [ -80.33424, 37.493327 ], [ -80.332034, 37.493745 ], [ -80.329259, 37.494636 ], [ -80.3271, 37.495377 ], [ -80.32431, 37.497009 ], [ -80.322249, 37.498185 ], [ -80.320627, 37.49888 ], [ -80.31676, 37.500126 ], [ -80.314806, 37.500943 ], [ -80.313335, 37.501564 ], [ -80.309333, 37.502883 ], [ -80.309528, 37.503326 ], [ -80.309833, 37.503827 ], [ -80.299789, 37.508271 ], [ -80.282892, 37.532783 ], [ -80.282568, 37.53325 ], [ -80.282391, 37.533519 ], [ -80.291625, 37.536496 ], [ -80.291667, 37.536516 ], [ -80.309347, 37.52738 ], [ -80.322999, 37.533165 ], [ -80.330311, 37.536243 ], [ -80.330368, 37.536267 ], [ -80.329984, 37.536701 ], [ -80.328677, 37.537399 ], [ -80.328377, 37.537636 ], [ -80.328369, 37.538191 ], [ -80.328467, 37.538602 ], [ -80.328392, 37.538954 ], [ -80.328106, 37.539206 ], [ -80.327919, 37.539652 ], [ -80.327491, 37.54014 ], [ -80.326762, 37.540515 ], [ -80.326565, 37.540563 ], [ -80.326161, 37.540727 ], [ -80.32538, 37.540914 ], [ -80.325056, 37.540909 ], [ -80.324688, 37.541114 ], [ -80.324001, 37.541278 ], [ -80.321488, 37.541349 ], [ -80.321225, 37.541496 ], [ -80.321097, 37.54166 ], [ -80.320999, 37.542118 ], [ -80.320886, 37.54224 ], [ -80.320463, 37.542412 ], [ -80.31991, 37.542447 ], [ -80.319482, 37.542717 ], [ -80.319339, 37.542951 ], [ -80.319272, 37.543266 ], [ -80.319069, 37.543567 ], [ -80.318595, 37.543832 ], [ -80.318152, 37.543955 ], [ -80.317664, 37.543855 ], [ -80.317566, 37.543708 ], [ -80.316972, 37.54362 ], [ -80.315507, 37.543973 ], [ -80.315327, 37.543949 ], [ -80.31447, 37.544055 ], [ -80.31426, 37.544172 ], [ -80.314171, 37.544561 ], [ -80.314026, 37.544582 ], [ -80.313389, 37.545 ], [ -80.312998, 37.545311 ], [ -80.312975, 37.545416 ], [ -80.31281, 37.54554 ], [ -80.31275, 37.545821 ], [ -80.312412, 37.546103 ], [ -80.312201, 37.54622 ], [ -80.31237, 37.546225 ], [ -80.313364, 37.547327 ], [ -80.320038, 37.554834 ], [ -80.32631, 37.561853 ], [ -80.328504, 37.564315 ], [ -80.323462, 37.566284 ], [ -80.321691, 37.567115 ], [ -80.319185, 37.568079 ], [ -80.318007, 37.568577 ], [ -80.316781, 37.569253 ], [ -80.315497, 37.570315 ], [ -80.314601, 37.570674 ], [ -80.313473, 37.571067 ], [ -80.311992, 37.571502 ], [ -80.310843, 37.571758 ], [ -80.310229, 37.572019 ], [ -80.308842, 37.572848 ], [ -80.306167, 37.574216 ], [ -80.304114, 37.575121 ], [ -80.302555, 37.575918 ], [ -80.301389, 37.576625 ], [ -80.300673, 37.576742 ], [ -80.299707, 37.577182 ], [ -80.297562, 37.577918 ], [ -80.296606, 37.578358 ], [ -80.295648, 37.578573 ], [ -80.294882, 37.57877 ], [ -80.293866, 37.579291 ], [ -80.293112, 37.579778 ], [ -80.292055, 37.580219 ], [ -80.289651, 37.58144 ], [ -80.288766, 37.58196 ], [ -80.287852, 37.582601 ], [ -80.285972, 37.583714 ], [ -80.284673, 37.584277 ], [ -80.284111, 37.584634 ], [ -80.28375, 37.58499 ], [ -80.283398, 37.585178 ], [ -80.282975, 37.585325 ], [ -80.28244, 37.585481 ], [ -80.281764, 37.585492 ], [ -80.280622, 37.585401 ], [ -80.280036, 37.585437 ], [ -80.279734, 37.585535 ], [ -80.279493, 37.585689 ], [ -80.278681, 37.586467 ], [ -80.277777, 37.587196 ], [ -80.277034, 37.58782 ], [ -80.276159, 37.588243 ], [ -80.275192, 37.588675 ], [ -80.274621, 37.589226 ], [ -80.272374, 37.589995 ], [ -80.270342, 37.591149 ], [ -80.268446, 37.591666 ], [ -80.266907, 37.592455 ], [ -80.266252, 37.592764 ], [ -80.265184, 37.593076 ], [ -80.26356, 37.593374 ], [ -80.26211, 37.594042 ], [ -80.260379, 37.594864 ], [ -80.258919, 37.595499 ], [ -80.258558, 37.595864 ], [ -80.257765, 37.596496 ], [ -80.256327, 37.597421 ], [ -80.255011, 37.59841 ], [ -80.253755, 37.599447 ], [ -80.252799, 37.599968 ], [ -80.251453, 37.600965 ], [ -80.250558, 37.601517 ], [ -80.24978, 37.602117 ], [ -80.24928, 37.602096 ], [ -80.248739, 37.602512 ], [ -80.248077, 37.602953 ], [ -80.24671, 37.603577 ], [ -80.245928, 37.604108 ], [ -80.245004, 37.604591 ], [ -80.244391, 37.604838 ], [ -80.243949, 37.605068 ], [ -80.24342, 37.605637 ], [ -80.242245, 37.606283 ], [ -80.241288, 37.606533 ], [ -80.240925, 37.606689 ], [ -80.240272, 37.606961 ], [ -80.239813, 37.607449 ], [ -80.239345, 37.608057 ], [ -80.238953, 37.608238 ], [ -80.236944, 37.610028 ], [ -80.236501, 37.610959 ], [ -80.236016, 37.611745 ], [ -80.23313, 37.61389 ], [ -80.231938, 37.614802 ], [ -80.23062, 37.616103 ], [ -80.228807, 37.617505 ], [ -80.226017, 37.620059 ], [ -80.224281, 37.621968 ], [ -80.223386, 37.623185 ], [ -80.222575, 37.625125 ], [ -80.222495, 37.62583 ], [ -80.222034, 37.62669 ], [ -80.221438, 37.62735 ], [ -80.220984, 37.627767 ], [ -80.221725, 37.628174 ], [ -80.225107, 37.630041 ], [ -80.227927, 37.631549 ], [ -80.23418, 37.634951 ], [ -80.237028, 37.636348 ], [ -80.238789, 37.637375 ], [ -80.239314, 37.637683 ], [ -80.23997, 37.637954 ], [ -80.240791, 37.638324 ], [ -80.254504, 37.642372 ], [ -80.254541, 37.642356 ], [ -80.26333, 37.645097 ], [ -80.263344, 37.64512 ], [ -80.264789, 37.645515 ], [ -80.264832, 37.645502 ], [ -80.267228, 37.646011 ], [ -80.267504, 37.646156 ], [ -80.270329, 37.648907 ], [ -80.270323, 37.648982 ], [ -80.27737, 37.655098 ], [ -80.278676, 37.656195 ], [ -80.279372, 37.657077 ], [ -80.282952, 37.664347 ], [ -80.289901, 37.678595 ], [ -80.292167, 37.683535 ], [ -80.292159, 37.683701 ], [ -80.292181, 37.683795 ], [ -80.292254, 37.68388800000011 ], [ -80.29231, 37.683921 ], [ -80.293264, 37.686193 ], [ -80.29387, 37.687177 ], [ -80.296077, 37.69173 ], [ -80.296138, 37.691783 ], [ -80.296143, 37.692364 ], [ -80.295916, 37.692838 ], [ -80.29535, 37.693408 ], [ -80.294787, 37.693694 ], [ -80.294107, 37.693852 ], [ -80.288001, 37.695965 ], [ -80.287468, 37.696165 ], [ -80.287107, 37.696404 ], [ -80.286543, 37.696973 ], [ -80.285788, 37.697576 ], [ -80.285301, 37.697991 ], [ -80.283282, 37.699781 ], [ -80.281339, 37.701819 ], [ -80.280567, 37.70263 ], [ -80.276577, 37.705549 ], [ -80.276094, 37.706215 ], [ -80.275007, 37.707844 ], [ -80.274225, 37.708916 ], [ -80.272955, 37.71054 ], [ -80.27234, 37.711279 ], [ -80.27199, 37.711532 ], [ -80.269609, 37.71191 ], [ -80.268989, 37.712392 ], [ -80.268149, 37.712883 ], [ -80.267879, 37.713772 ], [ -80.267451, 37.714228 ], [ -80.267098, 37.714916 ], [ -80.26717, 37.715689 ], [ -80.266912, 37.715998 ], [ -80.265435, 37.717318 ], [ -80.264984, 37.718249 ], [ -80.264406, 37.718786 ], [ -80.263936, 37.719137 ], [ -80.262634, 37.719287 ], [ -80.261488, 37.719766 ], [ -80.260357, 37.719881 ], [ -80.259076, 37.720087 ], [ -80.258143, 37.720612 ], [ -80.254961, 37.724132 ], [ -80.254145, 37.724986 ], [ -80.253077, 37.725899 ], [ -80.252227, 37.727261 ], [ -80.252024, 37.728544 ], [ -80.251898, 37.729545 ], [ -80.252024, 37.729825 ], [ -80.253535, 37.730641 ], [ -80.255021, 37.731416 ], [ -80.257581, 37.732149 ], [ -80.259668, 37.733031 ], [ -80.260313, 37.733517 ], [ -80.260994, 37.734404 ], [ -80.261312, 37.735336 ], [ -80.261182, 37.736683 ], [ -80.2613, 37.737166 ], [ -80.261976, 37.737675 ], [ -80.262765, 37.738336 ], [ -80.262709, 37.738643 ], [ -80.262371, 37.739025 ], [ -80.262256, 37.739461 ], [ -80.262059, 37.739793 ], [ -80.261698, 37.740039 ], [ -80.261831, 37.740811 ], [ -80.262148, 37.741646 ], [ -80.261308, 37.742291 ], [ -80.260415, 37.743484 ], [ -80.259693, 37.744538 ], [ -80.259315, 37.744961 ], [ -80.259031, 37.746237 ], [ -80.259301, 37.747395 ], [ -80.259062, 37.748276 ], [ -80.259502, 37.74947 ], [ -80.259924, 37.749726 ], [ -80.260248, 37.749763 ], [ -80.26029, 37.749891 ], [ -80.260096, 37.750122 ], [ -80.259451, 37.750611 ], [ -80.258938, 37.751082 ], [ -80.258933, 37.751615 ], [ -80.25909, 37.752227 ], [ -80.259052, 37.752517 ], [ -80.258448, 37.753013 ], [ -80.258016, 37.753419 ], [ -80.257738, 37.754033 ], [ -80.257602, 37.754736 ], [ -80.257597, 37.755284 ], [ -80.257411, 37.756084 ], [ -80.257079, 37.756287 ], [ -80.25641, 37.756372 ], [ -80.25576, 37.756214 ], [ -80.254897, 37.755977 ], [ -80.253936, 37.756176 ], [ -80.253297, 37.756123 ], [ -80.252758, 37.755989 ], [ -80.252108, 37.755856 ], [ -80.251622, 37.755866 ], [ -80.251174, 37.755587 ], [ -80.250879, 37.755516 ], [ -80.250575, 37.756369 ], [ -80.250453, 37.75668 ], [ -80.24979, 37.757111 ], [ -80.249635, 37.757137 ], [ -80.249435, 37.757275 ], [ -80.249346, 37.757501 ], [ -80.249439, 37.757774 ], [ -80.249603, 37.75795 ], [ -80.24979, 37.758046 ], [ -80.250736, 37.758864 ], [ -80.250913, 37.759395 ], [ -80.250828, 37.760081 ], [ -80.250528, 37.760893 ], [ -80.25047, 37.761057 ], [ -80.250308, 37.762149 ], [ -80.250473, 37.762439 ], [ -80.250892, 37.762783 ], [ -80.251319, 37.762958 ], [ -80.251656, 37.763247 ], [ -80.251328, 37.763966 ], [ -80.250401, 37.765819 ], [ -80.24979, 37.766572 ], [ -80.249396, 37.766769 ], [ -80.248824, 37.767256 ], [ -80.248496, 37.767855 ], [ -80.248389, 37.76825 ], [ -80.247977, 37.768511 ], [ -80.247492, 37.768611 ], [ -80.247087, 37.768565 ], [ -80.246902, 37.768309 ], [ -80.246869, 37.768035 ], [ -80.246523, 37.767844 ], [ -80.245884, 37.767607 ], [ -80.245315, 37.76733 ], [ -80.244918, 37.767091 ], [ -80.244563, 37.767005 ], [ -80.244261, 37.767184 ], [ -80.243768, 37.767437 ], [ -80.242828, 37.767492 ], [ -80.241991, 37.767748 ], [ -80.241437, 37.768058 ], [ -80.241391, 37.768541 ], [ -80.24139, 37.769443 ], [ -80.241252, 37.770853 ], [ -80.241241, 37.771795 ], [ -80.240863, 37.772442 ], [ -80.240268, 37.772704 ], [ -80.239511, 37.772822 ], [ -80.238559, 37.772708 ], [ -80.236325, 37.772974 ], [ -80.235892, 37.77313 ], [ -80.235555, 37.773849 ], [ -80.235449, 37.774437 ], [ -80.235066, 37.774569 ], [ -80.234458, 37.77446 ], [ -80.234013, 37.77448 ], [ -80.233301, 37.775088 ], [ -80.232675, 37.775278 ], [ -80.232011, 37.775621 ], [ -80.231753, 37.77613 ], [ -80.231515, 37.776671 ], [ -80.230881, 37.776998 ], [ -80.230845, 37.777457 ], [ -80.23086, 37.777996 ], [ -80.230458, 37.778305 ], [ -80.229792, 37.778511 ], [ -80.229045, 37.778613 ], [ -80.228145, 37.77882 ], [ -80.227645, 37.77887 ], [ -80.227498, 37.778889 ], [ -80.227053, 37.77886 ], [ -80.226707, 37.778694 ], [ -80.225796, 37.777605 ], [ -80.225447, 37.777076 ], [ -80.225163, 37.776917 ], [ -80.224657, 37.776936 ], [ -80.224192, 37.777026 ], [ -80.223626, 37.777056 ], [ -80.223031, 37.777278 ], [ -80.222362, 37.778208 ], [ -80.221827, 37.778293 ], [ -80.221178, 37.77812 ], [ -80.220384, 37.777618 ], [ -80.21948, 37.777198 ], [ -80.218467, 37.77706 ], [ -80.217634, 37.776775 ], [ -80.217176, 37.776505 ], [ -80.216899, 37.776056 ], [ -80.216816, 37.775863 ], [ -80.216605, 37.775961 ], [ -80.216498, 37.776445 ], [ -80.2163, 37.776865 ], [ -80.215938, 37.77719 ], [ -80.215658, 37.777481 ], [ -80.215631, 37.777884 ], [ -80.215636, 37.778416 ], [ -80.215518, 37.778779 ], [ -80.215642, 37.779003 ], [ -80.216169, 37.779161 ], [ -80.216364, 37.779401 ], [ -80.216286, 37.779788 ], [ -80.216099, 37.780337 ], [ -80.215935, 37.781192 ], [ -80.215727, 37.781596 ], [ -80.215892, 37.781989 ], [ -80.216268, 37.782132 ], [ -80.216623, 37.782202 ], [ -80.217252, 37.782391 ], [ -80.217976, 37.783014 ], [ -80.218616, 37.783291 ], [ -80.219082, 37.783368 ], [ -80.219577, 37.783309 ], [ -80.220092, 37.78316 ], [ -80.221014, 37.782228 ], [ -80.221476, 37.781911 ], [ -80.222082, 37.781769 ], [ -80.222681, 37.781959 ], [ -80.223485, 37.782444 ], [ -80.224067, 37.782988 ], [ -80.224335, 37.783582 ], [ -80.224537, 37.784595 ], [ -80.224472, 37.785215 ], [ -80.224152, 37.785628 ], [ -80.223194, 37.785917 ], [ -80.222914, 37.786273 ], [ -80.22304, 37.786723 ], [ -80.223418, 37.787179 ], [ -80.224268, 37.787432 ], [ -80.224448, 37.787495 ], [ -80.225083, 37.78774 ], [ -80.225845, 37.788113 ], [ -80.226183, 37.788425 ], [ -80.226096, 37.788804 ], [ -80.225929, 37.789368 ], [ -80.226055, 37.789835 ], [ -80.22633, 37.790066 ], [ -80.226982, 37.790488 ], [ -80.22728, 37.790986 ], [ -80.227965, 37.791714 ], [ -80.229051, 37.792077 ], [ -80.229489, 37.792331 ], [ -80.229635, 37.792845 ], [ -80.2295, 37.793507 ], [ -80.229228, 37.79466 ], [ -80.228495, 37.79634 ], [ -80.227977, 37.797197 ], [ -80.22769, 37.797892 ], [ -80.227092, 37.798886 ], [ -80.226068, 37.799755 ], [ -80.225283, 37.800268 ], [ -80.225285, 37.800429 ], [ -80.225369, 37.800791 ], [ -80.225362, 37.801097 ], [ -80.225081, 37.80134 ], [ -80.224312, 37.802457 ], [ -80.222791, 37.804247 ], [ -80.221042, 37.806602 ], [ -80.21914, 37.809007 ], [ -80.218611, 37.809783 ], [ -80.218268, 37.809826 ], [ -80.217923, 37.809812 ], [ -80.216939, 37.809505 ], [ -80.216229, 37.80982 ], [ -80.215281, 37.810353 ], [ -80.213663, 37.811183 ], [ -80.212436, 37.811871 ], [ -80.210965, 37.812598 ], [ -80.209408, 37.813816 ], [ -80.207689, 37.815116 ], [ -80.206482, 37.81597 ], [ -80.206104, 37.816753 ], [ -80.206008, 37.81731 ], [ -80.206118, 37.818203 ], [ -80.205841, 37.818921 ], [ -80.204823, 37.820555 ], [ -80.20359, 37.822906 ], [ -80.202853, 37.82424 ], [ -80.201464, 37.82581 ], [ -80.20117, 37.826144 ], [ -80.199633, 37.827507 ], [ -80.197521, 37.829091 ], [ -80.195543, 37.830844 ], [ -80.19465, 37.831759 ], [ -80.193627, 37.832853 ], [ -80.193212, 37.833959 ], [ -80.193125, 37.834427 ], [ -80.192966, 37.83475 ], [ -80.192704, 37.834864 ], [ -80.192259, 37.834908 ], [ -80.19163, 37.834897 ], [ -80.190131, 37.834841 ], [ -80.189909, 37.834955 ], [ -80.189438, 37.835474 ], [ -80.188572, 37.836067 ], [ -80.187785, 37.836371 ], [ -80.187082, 37.837027 ], [ -80.18638, 37.837741 ], [ -80.185239, 37.83811 ], [ -80.183348, 37.838308 ], [ -80.181768, 37.838343 ], [ -80.181001, 37.838565 ], [ -80.180035, 37.839232 ], [ -80.179391, 37.839751 ], [ -80.179465, 37.840081 ], [ -80.179783, 37.840522 ], [ -80.180385, 37.841114 ], [ -80.180744, 37.841594 ], [ -80.18121, 37.842751 ], [ -80.181626, 37.844028 ], [ -80.182199, 37.844637 ], [ -80.182761, 37.845181 ], [ -80.183088, 37.845613 ], [ -80.183555, 37.84681 ], [ -80.183651, 37.847413 ], [ -80.183594, 37.84784 ], [ -80.183365, 37.848196 ], [ -80.183044, 37.848625 ], [ -80.183047, 37.848891 ], [ -80.183111, 37.849269 ], [ -80.183062, 37.850646 ], [ -80.182755, 37.851365 ], [ -80.182125, 37.852247 ], [ -80.181815, 37.852724 ], [ -80.181411, 37.852903 ], [ -80.180996, 37.85289 ], [ -80.180193, 37.852581 ], [ -80.179574, 37.852465 ], [ -80.179028, 37.852533 ], [ -80.177916, 37.852765 ], [ -80.176741, 37.852757 ], [ -80.176724, 37.853039 ], [ -80.176748, 37.853489 ], [ -80.176712, 37.854029 ], [ -80.176535, 37.854602 ], [ -80.176196, 37.855265 ], [ -80.175714, 37.855743 ], [ -80.175181, 37.856092 ], [ -80.17402, 37.856583 ], [ -80.173445, 37.856845 ], [ -80.173016, 37.857516 ], [ -80.172043, 37.858593 ], [ -80.171641, 37.858966 ], [ -80.171653, 37.859183 ], [ -80.171931, 37.859689 ], [ -80.172076, 37.860066 ], [ -80.172042, 37.860856 ], [ -80.172033, 37.862144 ], [ -80.171611, 37.862549 ], [ -80.17123, 37.863011 ], [ -80.171153, 37.86339 ], [ -80.170876, 37.86414 ], [ -80.170344, 37.864691 ], [ -80.169772, 37.865396 ], [ -80.169524, 37.865985 ], [ -80.168957, 37.867116 ], [ -80.168576, 37.867618 ], [ -80.167992, 37.86796 ], [ -80.167446, 37.8681 ], [ -80.165535, 37.868515 ], [ -80.165073, 37.869025 ], [ -80.165361, 37.869458 ], [ -80.165567, 37.8699 ], [ -80.165572, 37.870431 ], [ -80.165373, 37.870867 ], [ -80.163781, 37.872979 ], [ -80.162652, 37.873614 ], [ -80.162202, 37.875122 ], [ -80.158291, 37.877706 ], [ -80.155321, 37.880548 ], [ -80.153832, 37.881824 ], [ -80.153231, 37.882257 ], [ -80.152662, 37.88248 ], [ -80.151575, 37.882831 ], [ -80.150396, 37.883165 ], [ -80.149848, 37.883364 ], [ -80.14988, 37.884509 ], [ -80.149918, 37.884872 ], [ -80.149906, 37.885138 ], [ -80.149691, 37.885419 ], [ -80.149376, 37.885595 ], [ -80.149151, 37.885893 ], [ -80.149047, 37.886175 ], [ -80.149086, 37.886449 ], [ -80.148951, 37.886892 ], [ -80.148737, 37.886955 ], [ -80.148455, 37.886737 ], [ -80.147649, 37.886 ], [ -80.147558, 37.885999 ], [ -80.147417, 37.885926 ], [ -80.147316, 37.885936 ], [ -80.147169, 37.885621 ], [ -80.14613, 37.884453 ], [ -80.145605, 37.884129 ], [ -80.14526, 37.884152 ], [ -80.144468, 37.884335 ], [ -80.144164, 37.884333 ], [ -80.143243, 37.884217 ], [ -80.142949, 37.884119 ], [ -80.142719, 37.883675 ], [ -80.142772, 37.883377 ], [ -80.141725, 37.882421 ], [ -80.141522, 37.882436 ], [ -80.141338, 37.88271 ], [ -80.140609, 37.883932 ], [ -80.140211, 37.884261 ], [ -80.139346, 37.884854 ], [ -80.138242, 37.886091 ], [ -80.137987, 37.886284 ], [ -80.137326, 37.886507 ], [ -80.136605, 37.886713 ], [ -80.135424, 37.887386 ], [ -80.135268, 37.887941 ], [ -80.135053, 37.888239 ], [ -80.134576, 37.888285 ], [ -80.133755, 37.888282 ], [ -80.133346, 37.888643 ], [ -80.132581, 37.889261 ], [ -80.131931, 37.8895 ], [ -80.131481, 37.890006 ], [ -80.13104, 37.890697 ], [ -80.130686, 37.89201 ], [ -80.129981, 37.892773 ], [ -80.130091, 37.892951 ], [ -80.130464, 37.893194 ], [ -80.130492, 37.893492 ], [ -80.130216, 37.89383 ], [ -80.129768, 37.894159 ], [ -80.129555, 37.894134 ], [ -80.127961, 37.894441 ], [ -80.127046, 37.894808 ], [ -80.126433, 37.895354 ], [ -80.125921, 37.896118 ], [ -80.125574, 37.896463 ], [ -80.124786, 37.896927 ], [ -80.123945, 37.897726 ], [ -80.12362, 37.897943 ], [ -80.123021, 37.898046 ], [ -80.122496, 37.897457 ], [ -80.121615, 37.897124 ], [ -80.121251, 37.896962 ], [ -80.120613, 37.896735 ], [ -80.119576, 37.89708 ], [ -80.118907, 37.897046 ], [ -80.11848, 37.897206 ], [ -80.117747, 37.89772 ], [ -80.11748, 37.898501 ], [ -80.117332, 37.899605 ], [ -80.11748, 37.900581 ], [ -80.117621, 37.900791 ], [ -80.118471, 37.901227 ], [ -80.118865, 37.90155 ], [ -80.119106, 37.902018 ], [ -80.119143, 37.902776 ], [ -80.118967, 37.903614 ], [ -80.118783, 37.903798 ], [ -80.118488, 37.903919 ], [ -80.117615, 37.90407 ], [ -80.117493, 37.90411 ], [ -80.117493, 37.904182 ], [ -80.117239, 37.904278 ], [ -80.116884, 37.906292 ], [ -80.116162, 37.906645 ], [ -80.115064, 37.907014 ], [ -80.114192, 37.907092 ], [ -80.113714, 37.907252 ], [ -80.113357, 37.90755 ], [ -80.11305, 37.908178 ], [ -80.112802, 37.909104 ], [ -80.112394, 37.909554 ], [ -80.112006, 37.910109 ], [ -80.111466, 37.910527 ], [ -80.110591, 37.91096 ], [ -80.109656, 37.911264 ], [ -80.109198, 37.911714 ], [ -80.109014, 37.911955 ], [ -80.107906, 37.912226 ], [ -80.10748, 37.91229 ], [ -80.107205, 37.912442 ], [ -80.107153, 37.91274 ], [ -80.107241, 37.913514 ], [ -80.107146, 37.914239 ], [ -80.106819, 37.914698 ], [ -80.105647, 37.915726 ], [ -80.103776, 37.916278 ], [ -80.103127, 37.918234 ], [ -80.102931, 37.918911 ], [ -80.102666, 37.918991 ], [ -80.10151, 37.919012 ], [ -80.100313, 37.918864 ], [ -80.099331, 37.918369 ], [ -80.097355, 37.917986 ], [ -80.096563, 37.918112 ], [ -80.096236, 37.918394 ], [ -80.095705, 37.919158 ], [ -80.095164, 37.919825 ], [ -80.094965, 37.921009 ], [ -80.094312, 37.92166 ], [ -80.092936, 37.922729 ], [ -80.092019, 37.923516 ], [ -80.09171, 37.924418 ], [ -80.091809, 37.924958 ], [ -80.09206, 37.92541 ], [ -80.091631, 37.925949 ], [ -80.091058, 37.926906 ], [ -80.088932, 37.927811 ], [ -80.087975, 37.928502 ], [ -80.086954, 37.929547 ], [ -80.086797, 37.930417 ], [ -80.086344, 37.931632 ], [ -80.085795, 37.931889 ], [ -80.085297, 37.931992 ], [ -80.084581, 37.933102 ], [ -80.084569, 37.9334 ], [ -80.084386, 37.933545 ], [ -80.083979, 37.933689 ], [ -80.0823, 37.934547 ], [ -80.080823, 37.935526 ], [ -80.079597, 37.936981 ], [ -80.077123, 37.938239 ], [ -80.076105, 37.938946 ], [ -80.075441, 37.939629 ], [ -80.074937, 37.940796 ], [ -80.07471, 37.941557 ], [ -80.074514, 37.942221 ], [ -80.073446, 37.942525 ], [ -80.07258, 37.943062 ], [ -80.07197, 37.943391 ], [ -80.071065, 37.943654 ], [ -80.070049, 37.943885 ], [ -80.069431, 37.945463 ], [ -80.069187, 37.945567 ], [ -80.068351, 37.946137 ], [ -80.066987, 37.946826 ], [ -80.066569, 37.947171 ], [ -80.065908, 37.947459 ], [ -80.06475, 37.9475610000001 ], [ -80.063603, 37.94763 ], [ -80.063682, 37.947968 ], [ -80.062926, 37.948748 ], [ -80.062387, 37.949061 ], [ -80.061776, 37.949268 ], [ -80.06094, 37.949983 ], [ -80.059608, 37.950302 ], [ -80.058396, 37.951048 ], [ -80.056839, 37.951833 ], [ -80.056056, 37.951959 ], [ -80.055635, 37.952796 ], [ -80.055144, 37.953552 ], [ -80.054663, 37.954204 ], [ -80.054449, 37.954364 ], [ -80.053614, 37.954628 ], [ -80.052818, 37.955342 ], [ -80.052186, 37.955744 ], [ -80.051503, 37.956257 ], [ -80.051043, 37.956852 ], [ -80.050321, 37.957084 ], [ -80.04966, 37.957195 ], [ -80.04841, 37.957481 ], [ -80.047634, 37.95826 ], [ -80.047096, 37.959878 ], [ -80.046872, 37.960055 ], [ -80.046243, 37.959964 ], [ -80.045522, 37.959898 ], [ -80.044476, 37.96008 ], [ -80.044371, 37.960692 ], [ -80.044071, 37.96161 ], [ -80.043713, 37.962028 ], [ -80.043213, 37.962405 ], [ -80.041877, 37.963473 ], [ -80.041308, 37.9636 ], [ -80.040891, 37.963744 ], [ -80.04044, 37.964443 ], [ -80.040423, 37.96562 ], [ -80.036908, 37.965907 ], [ -80.036752, 37.966439 ], [ -80.036596, 37.967155 ], [ -80.036236, 37.96792 ], [ -80.03598, 37.968249 ], [ -80.034717, 37.96893 ], [ -80.032686, 37.97064 ], [ -80.032156, 37.970953 ], [ -80.031493, 37.971547 ], [ -80.030941, 37.972174 ], [ -80.030268, 37.972647 ], [ -80.029838, 37.973178 ], [ -80.029489, 37.973789 ], [ -80.029183, 37.974054 ], [ -80.02782, 37.974179 ], [ -80.027251, 37.974266 ], [ -80.027178, 37.974539 ], [ -80.027054, 37.974861 ], [ -80.026708, 37.974989 ], [ -80.026322, 37.975052 ], [ -80.026206, 37.975802 ], [ -80.02598, 37.976252 ], [ -80.025573, 37.976396 ], [ -80.024619, 37.976248 ], [ -80.024168, 37.976907 ], [ -80.023059, 37.97729 ], [ -80.022752, 37.977628 ], [ -80.022141, 37.978021 ], [ -80.022128, 37.978375 ], [ -80.021992, 37.979068 ], [ -80.021645, 37.979365 ], [ -80.021064, 37.979629 ], [ -80.020888, 37.980297 ], [ -80.020631, 37.980748 ], [ -80.020162, 37.98098 ], [ -80.018698, 37.981233 ], [ -80.017947, 37.981271 ], [ -80.017416, 37.981664 ], [ -80.017169, 37.982163 ], [ -80.016711, 37.982338 ], [ -80.016141, 37.982514 ], [ -80.015935, 37.983085 ], [ -80.014335, 37.983918 ], [ -80.013145, 37.984253 ], [ -80.01313, 37.98505 ], [ -80.012555, 37.985999 ], [ -80.012891, 37.987443 ], [ -80.012602, 37.9882 ], [ -80.012193, 37.988633 ], [ -80.011683, 37.988914 ], [ -80.010982, 37.989064 ], [ -80.010259, 37.989336 ], [ -80.009687, 37.989769 ], [ -80.009123, 37.99067 ], [ -80.008888, 37.99083 ], [ -80.008482, 37.990797 ], [ -80.007955, 37.990642 ], [ -80.007651, 37.990609 ], [ -80.007293, 37.990938 ], [ -80.006732, 37.991403 ], [ -80.006223, 37.991579 ], [ -80.005216, 37.991729 ], [ -80.004544, 37.991952 ], [ -80.003982, 37.992321 ], [ -80.002507, 37.992767 ], [ -80.002281, 37.993161 ], [ -80.001992, 37.993837 ], [ -80.001643, 37.994368 ], [ -80.000981, 37.994712 ], [ -79.999781, 37.994781 ], [ -79.999606, 37.994899 ], [ -79.999484, 37.994891 ], [ -79.999383, 37.994908 ], [ -79.999272, 37.995085 ], [ -79.999241, 37.99519 ], [ -79.999313, 37.995464 ], [ -79.999354, 37.99577 ], [ -79.999384, 37.995842 ], [ -79.999385, 37.996108 ], [ -79.999415, 37.996221 ], [ -79.999375, 37.996407 ], [ -79.999386, 37.996552 ], [ -79.999305, 37.996761 ], [ -79.999275, 37.996939 ], [ -79.999163, 37.997132 ], [ -79.999143, 37.997253 ], [ -79.999001, 37.99735 ], [ -79.998829, 37.997512 ], [ -79.998657, 37.997608 ], [ -79.998556, 37.997729 ], [ -79.998769, 37.998156 ], [ -79.99881, 37.998413 ], [ -79.998811, 37.998687 ], [ -79.998791, 37.99876 ], [ -79.998821, 37.998937 ], [ -79.998832, 37.999259 ], [ -79.998883, 37.999477 ], [ -79.998853, 37.999711 ], [ -79.998752, 37.99984 ], [ -79.998579, 37.999961 ], [ -79.998447, 37.999937 ], [ -79.998214, 38.000026 ], [ -79.997137, 38.000124 ], [ -79.996717, 38.000358 ], [ -79.996396, 38.000604 ], [ -79.996134, 38.000996 ], [ -79.995599, 38.002884 ], [ -79.995398, 38.003309 ], [ -79.995124, 38.003773 ], [ -79.994904, 38.004077 ], [ -79.995122, 38.004378 ], [ -79.995691, 38.005047 ], [ -79.995848, 38.005355 ], [ -79.995901, 38.005791 ], [ -79.995765, 38.006491 ], [ -79.995488, 38.007125 ], [ -79.994985, 38.007853 ], [ -79.994317, 38.008716 ], [ -79.993703, 38.009346 ], [ -79.992723, 38.01002 ], [ -79.991918, 38.010526 ], [ -79.991457, 38.011206 ], [ -79.991257, 38.011542 ], [ -79.990788, 38.012101 ], [ -79.990114, 38.013246 ], [ -79.989536, 38.01361 ], [ -79.988389, 38.013919 ], [ -79.986951, 38.013982 ], [ -79.986142, 38.014182 ], [ -79.986046, 38.014406 ], [ -79.98616, 38.014835 ], [ -79.986139, 38.015424 ], [ -79.985886, 38.01588 ], [ -79.985454, 38.016044 ], [ -79.984992, 38.016248 ], [ -79.984842, 38.01661 ], [ -79.985009, 38.016934 ], [ -79.985792, 38.018089 ], [ -79.985785, 38.018468 ], [ -79.985619, 38.01916 ], [ -79.985084, 38.019936 ], [ -79.984373, 38.020387 ], [ -79.983989, 38.020737 ], [ -79.983878, 38.021188 ], [ -79.983818, 38.021671 ], [ -79.983307, 38.022794 ], [ -79.982847, 38.023441 ], [ -79.982088, 38.024223 ], [ -79.981885, 38.024688 ], [ -79.981121, 38.025711 ], [ -79.980778, 38.02611 ], [ -79.980565, 38.026551 ], [ -79.980443, 38.027082 ], [ -79.98029, 38.027596 ], [ -79.980009, 38.02794 ], [ -79.979461, 38.028344 ], [ -79.978974, 38.028733 ], [ -79.978427, 38.029082 ], [ -79.978039, 38.029133 ], [ -79.977777, 38.028953 ], [ -79.977334, 38.028713 ], [ -79.976955, 38.028805 ], [ -79.97689, 38.029006 ], [ -79.976732, 38.029278 ], [ -79.976155, 38.029594 ], [ -79.9756, 38.029829 ], [ -79.975269, 38.030075 ], [ -79.975262, 38.030414 ], [ -79.975422, 38.031109 ], [ -79.975407, 38.031391 ], [ -79.974939, 38.031854 ], [ -79.97428, 38.032192 ], [ -79.97387, 38.032308 ], [ -79.973701, 38.032556 ], [ -79.97362, 38.033063 ], [ -79.97382, 38.033348 ], [ -79.974134, 38.033957 ], [ -79.974173, 38.03407 ], [ -79.974085, 38.034392 ], [ -79.973857, 38.034567 ], [ -79.97314, 38.034711 ], [ -79.972105, 38.034972 ], [ -79.971601, 38.035232 ], [ -79.971525, 38.035449 ], [ -79.971674, 38.035661 ], [ -79.971966, 38.035874 ], [ -79.972165, 38.036102 ], [ -79.973235, 38.037737 ], [ -79.973777, 38.038744 ], [ -79.973969, 38.039319 ], [ -79.973895, 38.040004 ], [ -79.973672, 38.040453 ], [ -79.972992, 38.041356 ], [ -79.972691, 38.042159 ], [ -79.972615, 38.042416 ], [ -79.972279, 38.042936 ], [ -79.971393, 38.043877 ], [ -79.971231, 38.044326 ], [ -79.971144, 38.044648 ], [ -79.97083, 38.045039 ], [ -79.970103, 38.045724 ], [ -79.969791, 38.046075 ], [ -79.969507, 38.046531 ], [ -79.969194, 38.04689 ], [ -79.968584, 38.047326 ], [ -79.968189, 38.047709 ], [ -79.968145, 38.047902 ], [ -79.968139, 38.048192 ], [ -79.968073, 38.048465 ], [ -79.967841, 38.048858 ], [ -79.967135, 38.049494 ], [ -79.96608, 38.05082 ], [ -79.96595, 38.051214 ], [ -79.965903, 38.052036 ], [ -79.965624, 38.052758 ], [ -79.965316, 38.053408 ], [ -79.964579, 38.054044 ], [ -79.964285, 38.054516 ], [ -79.963984, 38.055287 ], [ -79.963785, 38.056623 ], [ -79.963553, 38.057032 ], [ -79.963128, 38.057381 ], [ -79.962674, 38.057666 ], [ -79.962475, 38.057906 ], [ -79.962378, 38.058187 ], [ -79.962321, 38.058493 ], [ -79.96233, 38.059065 ], [ -79.962251, 38.059492 ], [ -79.962164, 38.059741 ], [ -79.961901, 38.060189 ], [ -79.961563, 38.060582 ], [ -79.961263, 38.060988 ], [ -79.960924, 38.061637 ], [ -79.960685, 38.06186 ], [ -79.960435, 38.062155 ], [ -79.960162, 38.062547 ], [ -79.959977, 38.063126 ], [ -79.95986, 38.063422 ], [ -79.959844, 38.063697 ], [ -79.959564, 38.063927 ], [ -79.959496, 38.064297 ], [ -79.959689, 38.064515 ], [ -79.959907, 38.064534 ], [ -79.960307, 38.064864 ], [ -79.961805, 38.065875 ], [ -79.961804, 38.066111 ], [ -79.961572, 38.066456 ], [ -79.96158, 38.066568 ], [ -79.961647, 38.067415 ], [ -79.961157, 38.067993 ], [ -79.960094, 38.068675 ], [ -79.959148, 38.0701 ], [ -79.959132, 38.070398 ], [ -79.959369, 38.070764 ], [ -79.959351, 38.071167 ], [ -79.959166, 38.071287 ], [ -79.958605, 38.071553 ], [ -79.958203, 38.071725 ], [ -79.957872, 38.071931 ], [ -79.957758, 38.07205 ], [ -79.957682, 38.072276 ], [ -79.957613, 38.07263 ], [ -79.957515, 38.072919 ], [ -79.956503, 38.074966 ], [ -79.956416, 38.075207 ], [ -79.95627, 38.075391 ], [ -79.956104, 38.075485 ], [ -79.955916, 38.075725 ], [ -79.955765, 38.076111 ], [ -79.955745, 38.076555 ], [ -79.955636, 38.076909 ], [ -79.955668, 38.077321 ], [ -79.955644, 38.077498 ], [ -79.95555, 38.077618 ], [ -79.954506, 38.078211 ], [ -79.954194, 38.078521 ], [ -79.954127, 38.078763 ], [ -79.954214, 38.079014 ], [ -79.954536, 38.079745 ], [ -79.954531, 38.080102 ], [ -79.95437, 38.080401 ], [ -79.953511, 38.08148 ], [ -79.951456, 38.0825 ], [ -79.951111, 38.082907 ], [ -79.949928, 38.083812 ], [ -79.949113, 38.084238 ], [ -79.948309, 38.084607 ], [ -79.947978, 38.084797 ], [ -79.947598, 38.084913 ], [ -79.947289, 38.085046 ], [ -79.947131, 38.085287 ], [ -79.947009, 38.086222 ], [ -79.946606, 38.086951 ], [ -79.945164, 38.088524 ], [ -79.944337, 38.089514 ], [ -79.944024, 38.089809 ], [ -79.943571, 38.090013 ], [ -79.943318, 38.090365 ], [ -79.94291, 38.090877 ], [ -79.942656, 38.091293 ], [ -79.942365, 38.091589 ], [ -79.9419, 38.091834 ], [ -79.941354, 38.092077 ], [ -79.939874, 38.093084 ], [ -79.938277, 38.094745 ], [ -79.93635, 38.095594 ], [ -79.935469, 38.096253 ], [ -79.935106, 38.096547 ], [ -79.934904, 38.096989 ], [ -79.934611, 38.097317 ], [ -79.934256, 38.097676 ], [ -79.934004, 38.09853 ], [ -79.933918, 38.099115 ], [ -79.933152, 38.099778 ], [ -79.932392, 38.100486 ], [ -79.931403, 38.101184 ], [ -79.931186, 38.101313 ], [ -79.931044, 38.101373 ], [ -79.930928, 38.101674 ], [ -79.930481, 38.102238 ], [ -79.929739, 38.102748 ], [ -79.929496, 38.102884 ], [ -79.929293, 38.103005 ], [ -79.928684, 38.103838 ], [ -79.928008, 38.104337 ], [ -79.927875, 38.104454 ], [ -79.927043, 38.105798 ], [ -79.926791, 38.106173 ], [ -79.926397, 38.106543 ], [ -79.926293, 38.106818 ], [ -79.92633, 38.107147 ], [ -79.928885, 38.108877 ], [ -79.929687, 38.109194 ], [ -79.930451, 38.109282 ], [ -79.93089, 38.109258 ], [ -79.931573, 38.109358 ], [ -79.932041, 38.109657 ], [ -79.932471, 38.109728 ], [ -79.932716, 38.109646 ], [ -79.933169, 38.109581 ], [ -79.93435, 38.109722 ], [ -79.934677, 38.110091 ], [ -79.934721, 38.110555 ], [ -79.935211, 38.11093 ], [ -79.935664, 38.111153 ], [ -79.936154, 38.111135 ], [ -79.936518, 38.1112 ], [ -79.93686, 38.111212 ], [ -79.937171, 38.111042 ], [ -79.937684, 38.110813 ], [ -79.938048, 38.110766 ], [ -79.938412, 38.110989 ], [ -79.938946, 38.111628 ], [ -79.939088, 38.112666 ], [ -79.939704, 38.113564 ], [ -79.939548, 38.113957 ], [ -79.939592, 38.114362 ], [ -79.940057, 38.115203 ], [ -79.940352, 38.115906 ], [ -79.940951, 38.11688 ], [ -79.941464, 38.117369 ], [ -79.94145, 38.117658 ], [ -79.941024, 38.11801 ], [ -79.940767, 38.118527 ], [ -79.940716, 38.119021 ], [ -79.941009, 38.119665 ], [ -79.940917, 38.120078 ], [ -79.940725, 38.12049 ], [ -79.940667, 38.120873 ], [ -79.940995, 38.121327 ], [ -79.941671, 38.121715 ], [ -79.942134, 38.122084 ], [ -79.942472, 38.1225 ], [ -79.943246, 38.123135 ], [ -79.943244, 38.123147 ], [ -79.943209, 38.12339 ], [ -79.943081, 38.123655 ], [ -79.941964, 38.124296 ], [ -79.941233, 38.124576 ], [ -79.941117, 38.124776 ], [ -79.941175, 38.125123 ], [ -79.941174, 38.12527 ], [ -79.941295, 38.125479 ], [ -79.941984, 38.126367 ], [ -79.942521, 38.126875 ], [ -79.942662, 38.12715 ], [ -79.943524, 38.127957 ], [ -79.943868, 38.128328 ], [ -79.944101, 38.128643 ], [ -79.944253, 38.128957 ], [ -79.944333, 38.129175 ], [ -79.944403, 38.129465 ], [ -79.944413, 38.129731 ], [ -79.944289, 38.130166 ], [ -79.944329, 38.130392 ], [ -79.94451, 38.130819 ], [ -79.944621, 38.131174 ], [ -79.944843, 38.131585 ], [ -79.945036, 38.131779 ], [ -79.945187, 38.131989 ], [ -79.945238, 38.132126 ], [ -79.945258, 38.132239 ], [ -79.945216, 38.132384 ], [ -79.945084, 38.132456 ], [ -79.944718, 38.132472 ], [ -79.944473, 38.132511 ], [ -79.94432, 38.132608 ], [ -79.943667, 38.133147 ], [ -79.943545, 38.133219 ], [ -79.943209, 38.133283 ], [ -79.943055, 38.133388 ], [ -79.942943, 38.133533 ], [ -79.942902, 38.13371 ], [ -79.942972, 38.134082 ], [ -79.942849, 38.13425 ], [ -79.942747, 38.134333 ], [ -79.942671, 38.134328 ], [ -79.941992, 38.134379 ], [ -79.94159, 38.134354 ], [ -79.941135, 38.134345 ], [ -79.941012, 38.134357 ], [ -79.940824, 38.134422 ], [ -79.940229, 38.134824 ], [ -79.939947, 38.134992 ], [ -79.939397, 38.135107 ], [ -79.938236, 38.134938 ], [ -79.9379, 38.134859 ], [ -79.937641, 38.134816 ], [ -79.937294, 38.13478 ], [ -79.936834, 38.134777 ], [ -79.936191, 38.13486 ], [ -79.935629, 38.134901 ], [ -79.93535, 38.134946 ], [ -79.934625, 38.134982 ], [ -79.934468, 38.135006 ], [ -79.934263, 38.135065 ], [ -79.934054, 38.135212 ], [ -79.933974, 38.135299 ], [ -79.933832, 38.135381 ], [ -79.933751, 38.135508 ], [ -79.932749, 38.136159 ], [ -79.932576, 38.136336 ], [ -79.932095, 38.137077 ], [ -79.9319, 38.137334 ], [ -79.930522, 38.138154 ], [ -79.929879, 38.138717 ], [ -79.929031, 38.139771 ], [ -79.928948, 38.139982 ], [ -79.928886, 38.140246 ], [ -79.928768, 38.141906 ], [ -79.928693, 38.142688 ], [ -79.92867, 38.143349 ], [ -79.928747, 38.144436 ], [ -79.928701, 38.14456 ], [ -79.928683, 38.144928 ], [ -79.928419, 38.145169 ], [ -79.92792, 38.145402 ], [ -79.927491, 38.145708 ], [ -79.927266, 38.14603 ], [ -79.927071, 38.146489 ], [ -79.926794, 38.146964 ], [ -79.926355, 38.147317 ], [ -79.926222, 38.147535 ], [ -79.926191, 38.147696 ], [ -79.926299, 38.148558 ], [ -79.926227, 38.148736 ], [ -79.926196, 38.148881 ], [ -79.926195, 38.149227 ], [ -79.926225, 38.149404 ], [ -79.926143, 38.149557 ], [ -79.925989, 38.149759 ], [ -79.925734, 38.149968 ], [ -79.925512, 38.150237 ], [ -79.925251, 38.150465 ], [ -79.924938, 38.150611 ], [ -79.92341, 38.150786 ], [ -79.923125, 38.150874 ], [ -79.923033, 38.150954 ], [ -79.922941, 38.151123 ], [ -79.922838, 38.151478 ], [ -79.922725, 38.151655 ], [ -79.92249, 38.15184 ], [ -79.921614, 38.15216 ], [ -79.921348, 38.152369 ], [ -79.920878, 38.152909 ], [ -79.92051, 38.153222 ], [ -79.919705, 38.153519 ], [ -79.919552, 38.15364 ], [ -79.919409, 38.153784 ], [ -79.919204, 38.15409 ], [ -79.918785, 38.154605 ], [ -79.918662, 38.15479 ], [ -79.91858, 38.155048 ], [ -79.918599, 38.155266 ], [ -79.919004, 38.155863 ], [ -79.919044, 38.156024 ], [ -79.919013, 38.156161 ], [ -79.91851, 38.157159 ], [ -79.918467, 38.157578 ], [ -79.918567, 38.158062 ], [ -79.918668, 38.158223 ], [ -79.91878, 38.15828 ], [ -79.919574, 38.158362 ], [ -79.919787, 38.158507 ], [ -79.919847, 38.158701 ], [ -79.919806, 38.158797 ], [ -79.919294, 38.159562 ], [ -79.919078, 38.160102 ], [ -79.919097, 38.160529 ], [ -79.919094, 38.161101 ], [ -79.919487, 38.162181 ], [ -79.919547, 38.162423 ], [ -79.919515, 38.162649 ], [ -79.919392, 38.16285 ], [ -79.919046, 38.163027 ], [ -79.918719, 38.163147 ], [ -79.918475, 38.163147 ], [ -79.917905, 38.163089 ], [ -79.916654, 38.163006 ], [ -79.916379, 38.163022 ], [ -79.916206, 38.163094 ], [ -79.916114, 38.163199 ], [ -79.916011, 38.163368 ], [ -79.915939, 38.163658 ], [ -79.915978, 38.164077 ], [ -79.916169, 38.164537 ], [ -79.916228, 38.164988 ], [ -79.916053, 38.165528 ], [ -79.915817, 38.16589 ], [ -79.915685, 38.166043 ], [ -79.915439, 38.166276 ], [ -79.915306, 38.166469 ], [ -79.915244, 38.166646 ], [ -79.915304, 38.166912 ], [ -79.915242, 38.167098 ], [ -79.915191, 38.167202 ], [ -79.915018, 38.167339 ], [ -79.914884, 38.167524 ], [ -79.914864, 38.167724 ], [ -79.914924, 38.167911 ], [ -79.915065, 38.168088 ], [ -79.916072, 38.168428 ], [ -79.916678, 38.168401 ], [ -79.917599, 38.168358 ], [ -79.917925, 38.168399 ], [ -79.918157, 38.168601 ], [ -79.918198, 38.168746 ], [ -79.918042, 38.169439 ], [ -79.918102, 38.169616 ], [ -79.918254, 38.169802 ], [ -79.918691, 38.16998 ], [ -79.918823, 38.170117 ], [ -79.918913, 38.170439 ], [ -79.918881, 38.170778 ], [ -79.919011, 38.171463 ], [ -79.918989, 38.171729 ], [ -79.918948, 38.17189 ], [ -79.918629, 38.172671 ], [ -79.918444, 38.173098 ], [ -79.918293, 38.173387 ], [ -79.918065, 38.173814 ], [ -79.917891, 38.174021 ], [ -79.916991, 38.17507 ], [ -79.916847, 38.175311 ], [ -79.916765, 38.175504 ], [ -79.916794, 38.175915 ], [ -79.916711, 38.176181 ], [ -79.916526, 38.176584 ], [ -79.916454, 38.176817 ], [ -79.916562, 38.177696 ], [ -79.916622, 38.177994 ], [ -79.917139, 38.178479 ], [ -79.917434, 38.178624 ], [ -79.917637, 38.17865 ], [ -79.918156, 38.178714 ], [ -79.918757, 38.178812 ], [ -79.919102, 38.178909 ], [ -79.919336, 38.179087 ], [ -79.919504, 38.179305 ], [ -79.919793, 38.17941 ], [ -79.920097, 38.179564 ], [ -79.920657, 38.179726 ], [ -79.921026, 38.179954 ], [ -79.921196, 38.180378 ], [ -79.921182, 38.180775 ], [ -79.921038, 38.181105 ], [ -79.920813, 38.181378 ], [ -79.920618, 38.181652 ], [ -79.920321, 38.182103 ], [ -79.920075, 38.182529 ], [ -79.919809, 38.182738 ], [ -79.919054, 38.183188 ], [ -79.91832, 38.183477 ], [ -79.9178, 38.183605 ], [ -79.916675, 38.183813 ], [ -79.916443, 38.183985 ], [ -79.916182, 38.184223 ], [ -79.916145, 38.184972 ], [ -79.916185, 38.185278 ], [ -79.916346, 38.185746 ], [ -79.916385, 38.186004 ], [ -79.916344, 38.186278 ], [ -79.916303, 38.186336 ], [ -79.916149, 38.186551 ], [ -79.915239, 38.187533 ], [ -79.914871, 38.187903 ], [ -79.914615, 38.188233 ], [ -79.91441, 38.188418 ], [ -79.914196, 38.188482 ], [ -79.913932, 38.188481 ], [ -79.913078, 38.188149 ], [ -79.912408, 38.187713 ], [ -79.912082, 38.187616 ], [ -79.911736, 38.187647 ], [ -79.910961, 38.18792 ], [ -79.9105, 38.188052 ], [ -79.910034, 38.188183 ], [ -79.909494, 38.188215 ], [ -79.908333, 38.188108 ], [ -79.907621, 38.187946 ], [ -79.907387, 38.18797 ], [ -79.907173, 38.188058 ], [ -79.906948, 38.188211 ], [ -79.906407, 38.188733 ], [ -79.90609, 38.188999 ], [ -79.905682, 38.189232 ], [ -79.9051, 38.189456 ], [ -79.90362, 38.190412 ], [ -79.903242, 38.190629 ], [ -79.902926, 38.190749 ], [ -79.90262, 38.190829 ], [ -79.901785, 38.190924 ], [ -79.90155, 38.191029 ], [ -79.901285, 38.191165 ], [ -79.900733, 38.191736 ], [ -79.900528, 38.191913 ], [ -79.900263, 38.192098 ], [ -79.89964, 38.192459 ], [ -79.898966, 38.192804 ], [ -79.898426, 38.193045 ], [ -79.897825, 38.193133 ], [ -79.897335, 38.193381 ], [ -79.89713, 38.193736 ], [ -79.897016, 38.194211 ], [ -79.897004, 38.194517 ], [ -79.897054, 38.194693 ], [ -79.897317, 38.19513 ], [ -79.897408, 38.195348 ], [ -79.897468, 38.195614 ], [ -79.897395, 38.195847 ], [ -79.897184, 38.196169 ], [ -79.897132, 38.196249 ], [ -79.896883, 38.196459 ], [ -79.895799, 38.197537 ], [ -79.895164, 38.198244 ], [ -79.89498, 38.198397 ], [ -79.894738, 38.198446 ], [ -79.89446, 38.198501 ], [ -79.894347, 38.198638 ], [ -79.894372, 38.19879 ], [ -79.894325, 38.199145 ], [ -79.894263, 38.199266 ], [ -79.894141, 38.199346 ], [ -79.893678, 38.199415 ], [ -79.893427, 38.19945 ], [ -79.893183, 38.199554 ], [ -79.892916, 38.199868 ], [ -79.892772, 38.200174 ], [ -79.892688, 38.200738 ], [ -79.892645, 38.201447 ], [ -79.892561, 38.201857 ], [ -79.892426, 38.202198 ], [ -79.892009, 38.202739 ], [ -79.891962, 38.202851 ], [ -79.891936, 38.202954 ], [ -79.891932, 38.203089 ], [ -79.891956, 38.203237 ], [ -79.892001, 38.203372 ], [ -79.891882, 38.203548 ], [ -79.891837, 38.204322 ], [ -79.891724, 38.204507 ], [ -79.891591, 38.204652 ], [ -79.89099, 38.204836 ], [ -79.890755, 38.205045 ], [ -79.890682, 38.205432 ], [ -79.890507, 38.205689 ], [ -79.890322, 38.205859 ], [ -79.890267, 38.205891 ], [ -79.889199, 38.20646 ], [ -79.888544, 38.207039 ], [ -79.888462, 38.207093 ], [ -79.888045, 38.20736 ], [ -79.887585, 38.207625 ], [ -79.886413, 38.207953 ], [ -79.88565, 38.207935 ], [ -79.885018, 38.207966 ], [ -79.88455, 38.207957 ], [ -79.884233, 38.207868 ], [ -79.883869, 38.207577 ], [ -79.883322, 38.206843 ], [ -79.883108, 38.206883 ], [ -79.882955, 38.206939 ], [ -79.882824, 38.207098 ], [ -79.882525, 38.207452 ], [ -79.882059, 38.208118 ], [ -79.88199, 38.208257 ], [ -79.881703, 38.208797 ], [ -79.88158, 38.20895 ], [ -79.881377, 38.209104 ], [ -79.880846, 38.209271 ], [ -79.880739, 38.209337 ], [ -79.880565, 38.209438 ], [ -79.880342, 38.209434 ], [ -79.880235, 38.209431 ], [ -79.880051, 38.209576 ], [ -79.879887, 38.209809 ], [ -79.879579, 38.210308 ], [ -79.87925, 38.21092 ], [ -79.879087, 38.211016 ], [ -79.878608, 38.21112 ], [ -79.878478, 38.211206 ], [ -79.878417, 38.211246 ], [ -79.87818, 38.211281 ], [ -79.877914, 38.211318 ], [ -79.877221, 38.211644 ], [ -79.875711, 38.212311 ], [ -79.874782, 38.212947 ], [ -79.874594, 38.212976 ], [ -79.874355, 38.213607 ], [ -79.874071, 38.214621 ], [ -79.873941, 38.215281 ], [ -79.873934, 38.215385 ], [ -79.873779, 38.215506 ], [ -79.873637, 38.215579 ], [ -79.873208, 38.215909 ], [ -79.870273, 38.218365 ], [ -79.869896, 38.218558 ], [ -79.869477, 38.218718 ], [ -79.867996, 38.219442 ], [ -79.867791, 38.219635 ], [ -79.867406, 38.220431 ], [ -79.867143, 38.220833 ], [ -79.866808, 38.221186 ], [ -79.864302, 38.223503 ], [ -79.863932, 38.223776 ], [ -79.863623, 38.223945 ], [ -79.863456, 38.223968 ], [ -79.86318, 38.224002 ], [ -79.862498, 38.224195 ], [ -79.861767, 38.224619 ], [ -79.86089, 38.225243 ], [ -79.860537, 38.22568 ], [ -79.860409, 38.226135 ], [ -79.860386, 38.226492 ], [ -79.860433, 38.226625 ], [ -79.860517, 38.226847 ], [ -79.860456, 38.227097 ], [ -79.860274, 38.22737 ], [ -79.859877, 38.227851 ], [ -79.858516, 38.229231 ], [ -79.857866, 38.230006 ], [ -79.857425, 38.230604 ], [ -79.856973988911903, 38.231068841462353 ], [ -79.856707984696399, 38.231193843513111 ], [ -79.855931972488492, 38.231545849489336 ], [ -79.854749955474944, 38.231887858440643 ], [ -79.853423937315043, 38.232156868395052 ], [ -79.852771927009798, 38.232450873432079 ], [ -79.851717910820923, 38.232866881531841 ], [ -79.851063901363474, 38.233053886499839 ], [ -79.850327890182726, 38.233325892148819 ], [ -79.85010088542198, 38.233562894028587 ], [ -79.849664871366926, 38.234589898155072 ], [ -79.849555868333994, 38.234789899137361 ], [ -79.849286862133908, 38.235132901427761 ], [ -79.848928854262027, 38.235543904437939 ], [ -79.848374840117799, 38.236404909307495 ], [ -79.847756823727778, 38.237430914812265 ], [ -79.847156808746817, 38.238313920065487 ], [ -79.846738795776176, 38.239217924000471 ], [ -79.846534790123371, 38.239579925850272 ], [ -79.84645578557749, 38.239990926819424 ], [ -79.846256780628721, 38.240277928564815 ], [ -79.845789771583881, 38.240654932387073 ], [ -79.845213760793229, 38.241075937065204 ], [ -79.84495775655256, 38.241198939085258 ], [ -79.844310747464803, 38.241322944015089 ], [ -79.843983742206703, 38.241460946579608 ], [ -79.843658737780174, 38.241506949041693 ], [ -79.842958728331112, 38.241595954335857 ], [ -79.841518710932874, 38.241547965003072 ], [ -79.839668690117051, 38.241315978533706 ], [ -79.838291673827285, 38.241233988691427 ], [ -79.837482663389963, 38.241281994757202 ], [ -79.83610364407717, 38.241530005272772 ], [ -79.835114628459763, 38.241899013021047 ], [ -79.834561617579581, 38.242338017604439 ], [ -79.834168607418022, 38.242913021145917 ], [ -79.834033599945784, 38.243543022826074 ], [ -79.834030586894826, 38.244958024361672 ], [ -79.833923582988675, 38.245237025460533 ], [ -79.833668577123419, 38.245527027679401 ], [ -79.833279565409299, 38.246268031389306 ], [ -79.833144556779132, 38.247019033211203 ], [ -79.832970549597917, 38.247559035100075 ], [ -79.832591540863632, 38.247986038408541 ], [ -79.832029528455621, 38.248558043254164 ], [ -79.831518517821422, 38.249006047587159 ], [ -79.831446515932086, 38.249111048244046 ], [ -79.831192509256681, 38.249482050563351 ], [ -79.83088750343579, 38.249691053090125 ], [ -79.830714501013986, 38.249715054419347 ], [ -79.829617488857309, 38.249525062467626 ], [ -79.829252484400996, 38.249506065194062 ], [ -79.82893647986225, 38.249562067635999 ], [ -79.828306469382312, 38.249825072676884 ], [ -79.828069466322916, 38.249830074467511 ], [ -79.827351457244433, 38.249825079869417 ], [ -79.826887450815917, 38.249881083428363 ], [ -79.826116441736858, 38.25030808824156 ], [ -79.825604436015496, 38.250438091611329 ], [ -79.825284432264525, 38.250490093823331 ], [ -79.824964427563231, 38.250385096618501 ], [ -79.824361418315732, 38.250124102130101 ], [ -79.823528409530056, 38.249734108554527 ], [ -79.822895404997851, 38.249370112887362 ], [ -79.821983398796576, 38.248815119084163 ], [ -79.821011391673096, 38.248281125746189 ], [ -79.820443386272302, 38.248098129791167 ], [ -79.820044381053123, 38.248116132810736 ], [ -79.819857378337616, 38.248152134259726 ], [ -79.81962637461551, 38.248234136095952 ], [ -79.819072363641155, 38.248639140758613 ], [ -79.818867360300075, 38.248715142393898 ], [ -79.818209348613081, 38.249056147765799 ], [ -79.81752333730212, 38.249321153258251 ], [ -79.81714633064162, 38.24951115633413 ], [ -79.816769322659781, 38.249834159579194 ], [ -79.816314316017113, 38.250125162705913 ], [ -79.815733312277032, 38.250703164705669 ], [ -79.815011307330153, 38.251370167363987 ], [ -79.814865306751685, 38.251571167622657 ], [ -79.815150315328523, 38.252356162250848 ], [ -79.815719330704525, 38.253652152695906 ], [ -79.815710339531151, 38.255069146940521 ], [ -79.814638336149159, 38.256663148170986 ], [ -79.814621339732952, 38.257262145806273 ], [ -79.814625339878106, 38.257277145715001 ], [ -79.814616340849383, 38.257448145069795 ], [ -79.814202340297342, 38.25817714501995 ], [ -79.813644337640582, 38.258855146190491 ], [ -79.812148327936683, 38.260254150956143 ], [ -79.811990326907178, 38.2604001514567 ], [ -79.811422319766905, 38.260388155541953 ], [ -79.810687310478642, 38.260365160861426 ], [ -79.806514250968817, 38.259204195716315 ], [ -79.806337248703016, 38.259195197022507 ], [ -79.805076238344782, 38.260008202341865 ], [ -79.802203208001728, 38.260819219005398 ], [ -79.801274200855445, 38.261475222498547 ], [ -79.799515197886905, 38.264269221554983 ], [ -79.798299194352822, 38.265959221830968 ], [ -79.797970191451881, 38.266127223277564 ], [ -79.797621187431346, 38.266166225483609 ], [ -79.797171181837697, 38.266156228620524 ], [ -79.795922162380208, 38.265554240160014 ], [ -79.795197156548284, 38.266003242926722 ], [ -79.794786153040036, 38.266227244635104 ], [ -79.793024134599321, 38.266688254394275 ], [ -79.792797132695284, 38.266815255304579 ], [ -79.792233128578772, 38.267218257111381 ], [ -79.79190412566102, 38.267378258539367 ], [ -79.790379108804515, 38.267638267586385 ], [ -79.790135105944231, 38.267656269152802 ], [ -79.789226100004981, 38.268394271491353 ], [ -79.788946098771376, 38.268705271763757 ], [ -79.788816106558215, 38.270037265682895 ], [ -79.788270112922945, 38.271882259660771 ], [ -79.787545114154085, 38.273299256986014 ], [ -79.786542109855489, 38.274401257710565 ], [ -79.786468110738653, 38.274651256862562 ], [ -79.786610114117536, 38.274886254688766 ], [ -79.786844118084275, 38.275048252307997 ], [ -79.787251124307858, 38.275235248675806 ], [ -79.78769413027473, 38.275325245328112 ], [ -79.78789413332359, 38.275416243552662 ], [ -79.790006172297026, 38.27735321984553 ], [ -79.790227178562446, 38.277870215760707 ], [ -79.79030618222238, 38.278258213253693 ], [ -79.79028218509859, 38.278710211072365 ], [ -79.789891190824051, 38.28019320587002 ], [ -79.789705190925304, 38.280523205326183 ], [ -79.789733193867008, 38.280895203221327 ], [ -79.789792196489003, 38.281169201432014 ], [ -79.790972224896819, 38.283232183475221 ], [ -79.791656242884571, 38.284655171998793 ], [ -79.7920002506483, 38.285189167182729 ], [ -79.792334257333493, 38.285586163138106 ], [ -79.792842266948426, 38.286112157401192 ], [ -79.794544300472452, 38.288080137315923 ], [ -79.794625302643652, 38.288258135946634 ], [ -79.794835309372573, 38.28888013160369 ], [ -79.79544932579239, 38.290230121287308 ], [ -79.79769636399034, 38.292006099487097 ], [ -79.797849366094781, 38.292055098363605 ], [ -79.800171392500417, 38.291984085261284 ], [ -79.80230041613261, 38.291831073646115 ], [ -79.802576419709652, 38.291888071780832 ], [ -79.802779423306163, 38.292075069735823 ], [ -79.802943429696967, 38.292750065655824 ], [ -79.803195439377674, 38.293768059493374 ], [ -79.803347460504568, 38.296684045147842 ], [ -79.804027481145937, 38.298624032431682 ], [ -79.804180483962796, 38.298786030844646 ], [ -79.807543541289121, 38.301695999377067 ], [ -79.809935587671333, 38.304682973501343 ], [ -79.810116592005002, 38.30503897100327 ], [ -79.810155603230484, 38.30670896355246 ], [ -79.810072603446244, 38.306885963213752 ], [ -79.809450603122542, 38.307908961962312 ], [ -79.80871260478618, 38.309430959053095 ], [ -79.808413603560382, 38.309752959147652 ], [ -79.80589058955772, 38.31188196228301 ], [ -79.805488587872347, 38.312299962384309 ], [ -79.804094583254468, 38.313923961826497 ], [ -79.802326579457443, 38.316265959532039 ], [ -79.801915576518923, 38.316497960411994 ], [ -79.801659574099133, 38.316553961371255 ], [ -79.800430561519249, 38.316677966647006 ], [ -79.800040558233704, 38.316821967820545 ], [ -79.799618555850117, 38.317150968257899 ], [ -79.798284553586114, 38.318960965844333 ], [ -79.798160553611325, 38.319162965446552 ], [ -79.798166557672388, 38.319751962569839 ], [ -79.797996561249334, 38.320549959493114 ], [ -79.797830561316957, 38.320823958928656 ], [ -79.797046558438993, 38.321643958526188 ], [ -79.796685565884246, 38.323304952036715 ], [ -79.796551565654823, 38.323481951770553 ], [ -79.796221563708087, 38.323714952104517 ], [ -79.796163563229939, 38.323735952260627 ], [ -79.794292548030427, 38.324440957106724 ], [ -79.791512533493588, 38.32662495829463 ], [ -79.791090531584032, 38.326994958233506 ], [ -79.790524528202411, 38.327371958745822 ], [ -79.790297527533781, 38.327620958441351 ], [ -79.790046529212248, 38.32824095631603 ], [ -79.789913528195214, 38.328296956595999 ], [ -79.788227508178792, 38.327991965419614 ], [ -79.787981505845465, 38.328030966271434 ], [ -79.786985498176136, 38.328438968386585 ], [ -79.786747497591747, 38.328711967954952 ], [ -79.785973504823573, 38.330879959674519 ], [ -79.785807504621076, 38.331096959206988 ], [ -79.784369494417675, 38.331784961478562 ], [ -79.783682488107289, 38.331910963637007 ], [ -79.782977479993662, 38.331811967092563 ], [ -79.780954456053081, 38.331439977528667 ], [ -79.780257448414332, 38.33139698066352 ], [ -79.779273439631737, 38.331610983549503 ], [ -79.778554434477172, 38.331938984677265 ], [ -79.777153427734063, 38.33302198428472 ], [ -79.776618424734508, 38.33337498444871 ], [ -79.774462409255747, 38.33432698768933 ], [ -79.774213408984551, 38.334639986868744 ], [ -79.773091403938437, 38.335530986143233 ], [ -79.772472410703472, 38.337295978190454 ], [ -79.772176416512792, 38.338480972338317 ], [ -79.771959416686443, 38.338802971268649 ], [ -79.77157741533648, 38.339147970689147 ], [ -79.770682410098729, 38.339676970958287 ], [ -79.770558410276706, 38.339869970276311 ], [ -79.770003417249086, 38.34154996229821 ], [ -79.769907418493489, 38.341844960883918 ], [ -79.769236417161864, 38.342575958967885 ], [ -79.767865412328931, 38.343780956685144 ], [ -79.767658412368547, 38.344062955717888 ], [ -79.767595413562475, 38.344303954475187 ], [ -79.767693418492641, 38.34482095096611 ], [ -79.767759424259765, 38.34549094664262 ], [ -79.767798426313178, 38.345708945174223 ], [ -79.768111433478893, 38.346234940859446 ], [ -79.768489438355331, 38.346373938678042 ], [ -79.769101445721688, 38.346529935572853 ], [ -79.770350467927472, 38.347801923546896 ], [ -79.77027746840642, 38.34796292283545 ], [ -79.769999467065418, 38.348155922640423 ], [ -79.769486463228731, 38.348330923360464 ], [ -79.768230457239724, 38.349204922383777 ], [ -79.767239455257567, 38.350248919379737 ], [ -79.766422451756839, 38.350859918375207 ], [ -79.765981450668548, 38.351292917178881 ], [ -79.76591745305511, 38.351687914952798 ], [ -79.765954456517079, 38.352091912336128 ], [ -79.766217462102432, 38.352479909078141 ], [ -79.76721547735194, 38.353178901525808 ], [ -79.767264479499573, 38.353396900032642 ], [ -79.767098479630306, 38.353629899143471 ], [ -79.766129476294566, 38.354448897225701 ], [ -79.764963473839813, 38.355629893615671 ], [ -79.764433475436661, 38.356515889759351 ], [ -79.764176473834482, 38.356635889809603 ], [ -79.76271246027413, 38.356742893684384 ], [ -79.761503449289307, 38.356857896705073 ], [ -79.757627416813548, 38.357567904086409 ], [ -79.755561395019853, 38.357373911708315 ], [ -79.755185387913968, 38.356943915712129 ], [ -79.753616366001381, 38.356129926009999 ], [ -79.753094360135236, 38.356038928253611 ], [ -79.751058339309509, 38.355941935290112 ], [ -79.75066933521255, 38.355908936734977 ], [ -79.749776327782968, 38.35559793994971 ], [ -79.749204332000346, 38.355592937411849 ], [ -79.748999333204154, 38.355552936762422 ], [ -79.748640334783516, 38.355416936072658 ], [ -79.748270334762751, 38.355070936756611 ], [ -79.748020333076525, 38.354627938634181 ], [ -79.747548334222031, 38.354329938517765 ], [ -79.745951346420213, 38.354359931082143 ], [ -79.744833352144056, 38.354024928263513 ], [ -79.744106357163247, 38.35396992533218 ], [ -79.743583359515043, 38.353769924291697 ], [ -79.742772362465317, 38.353368923271432 ], [ -79.742178366005092, 38.353249921354973 ], [ -79.741575371821284, 38.353413917521742 ], [ -79.740616384375841, 38.354102908614735 ], [ -79.73798041075419, 38.354966891025583 ], [ -79.737099417293706, 38.354961887082226 ], [ -79.736464421130052, 38.354842884987569 ], [ -79.735310432768131, 38.355241877202324 ], [ -79.734902438134711, 38.355549873380589 ], [ -79.734601449268339, 38.356729864437305 ], [ -79.733613464173004, 38.357741853541526 ], [ -79.732431480316095, 38.358738841937466 ], [ -79.732351483497013, 38.359086839366611 ], [ -79.732322486653715, 38.359481836721912 ], [ -79.732060493689517, 38.360169831191257 ], [ -79.731213503821905, 38.360704824090917 ], [ -79.730601511377401, 38.361125818757415 ], [ -79.729345525664556, 38.36183180884845 ], [ -79.728578532636803, 38.362027804295458 ], [ -79.727054545132873, 38.362234796409467 ], [ -79.726666549632583, 38.362469793269867 ], [ -79.725974560112178, 38.36323078556044 ], [ -79.725598567128515, 38.363829780233758 ], [ -79.725903576311666, 38.365402771780744 ], [ -79.725805582255902, 38.366129766857007 ], [ -79.725776585435199, 38.36654176418002 ], [ -79.726583592074775, 38.368242756994093 ], [ -79.726749594019353, 38.368670755020652 ], [ -79.726782596422964, 38.369033752897366 ], [ -79.726791609420786, 38.37083374172596 ], [ -79.727204610971228, 38.371438739643992 ], [ -79.727677609643294, 38.37170273992426 ], [ -79.729050602616155, 38.372029743462491 ], [ -79.729962596881407, 38.37209974672858 ], [ -79.730495594108959, 38.372218748142039 ], [ -79.731492593073682, 38.372998747237204 ], [ -79.731699594478869, 38.373377745664662 ], [ -79.731732596774137, 38.373716743642774 ], [ -79.731662600429985, 38.374144740641462 ], [ -79.731430606440981, 38.374742735914573 ], [ -79.7312286106161, 38.375121732703555 ], [ -79.730969617057738, 38.375755727654138 ], [ -79.730822632809591, 38.377750714436949 ], [ -79.730272646895259, 38.379163703355566 ], [ -79.729932653043832, 38.379693698692869 ], [ -79.729896658135701, 38.380352694396436 ], [ -79.729513666845321, 38.3811956876133 ], [ -79.728294681114704, 38.382059677535914 ], [ -79.727276696882413, 38.383318665808915 ], [ -79.726924704227486, 38.38401766012683 ], [ -79.727132708742204, 38.384822655887064 ], [ -79.726839718954793, 38.38597164763771 ], [ -79.726351730019303, 38.387071638994954 ], [ -79.725644738350326, 38.387607633077693 ], [ -79.723823756833596, 38.388589620379264 ], [ -79.72265477075365, 38.389518610449791 ], [ -79.722122784939373, 38.391052599166137 ], [ -79.720993809222861, 38.393509580212509 ], [ -79.721136818114246, 38.394893572300219 ], [ -79.719718837445456, 38.396432558086836 ], [ -79.718826856766597, 38.398439542952097 ], [ -79.717547878487025, 38.400485526392814 ], [ -79.717634882163651, 38.401089523065423 ], [ -79.717366886999912, 38.40156351934543 ], [ -79.716433897362137, 38.402283511986475 ], [ -79.714876912993631, 38.403257501130113 ], [ -79.714370921689934, 38.404108494464928 ], [ -79.713561929551389, 38.404587489039514 ], [ -79.712905936308317, 38.40503548430565 ], [ -79.712395948068433, 38.406351474975153 ], [ -79.712326955503002, 38.407397468639758 ], [ -79.710917965103221, 38.407656462712552 ], [ -79.709924974516639, 38.408239456230049 ], [ -79.709623980670273, 38.408914451392562 ], [ -79.708966988537853, 38.409554445670338 ], [ -79.708820992052367, 38.409964442860399 ], [ -79.709290997908141, 38.41123743696069 ], [ -79.709142004203059, 38.41206543173513 ], [ -79.708434011785357, 38.412633426335987 ], [ -79.7080710186099, 38.413372421007345 ], [ -79.706636041726057, 38.415731403284958 ], [ -79.705630052811983, 38.416619395310249 ], [ -79.704575062068088, 38.417194389008472 ], [ -79.704062067225564, 38.417578385367854 ], [ -79.702784085277344, 38.419358371733708 ], [ -79.701821094000394, 38.419949365719944 ], [ -79.700503102970046, 38.420298360084296 ], [ -79.700111108662199, 38.420883355752828 ], [ -79.699736116784351, 38.421871349256747 ], [ -79.698425127653834, 38.42254934192173 ], [ -79.696289142579559, 38.423224332402654 ], [ -79.695275150495902, 38.423686327145695 ], [ -79.695390156478851, 38.424756321675197 ], [ -79.695433156995023, 38.424875321147383 ], [ -79.695769161084954, 38.425812316975218 ], [ -79.696559161681506, 38.426539315122248 ], [ -79.696833161693164, 38.426758314652943 ], [ -79.696034167999287, 38.427148310436614 ], [ -79.694827176999638, 38.427658304524883 ], [ -79.694264181092052, 38.427881301858434 ], [ -79.693853185125903, 38.428217298986944 ], [ -79.693124192571133, 38.428865293633535 ], [ -79.69257919901051, 38.42949828885569 ], [ -79.692147203828085, 38.42995528531933 ], [ -79.691459208921543, 38.430257281965993 ], [ -79.691000212541368, 38.430497279531139 ], [ -79.690454216810295, 38.430778276665961 ], [ -79.689669224593089, 38.431463271084397 ], [ -79.689910231772387, 38.432865264313705 ], [ -79.690384234204956, 38.433646261366903 ], [ -79.690932233750019, 38.433996260859239 ], [ -79.69104923787333, 38.434777257013202 ], [ -79.691428242541022, 38.435848252254239 ], [ -79.691658245022467, 38.436437249679315 ], [ -79.691745248394099, 38.437065246552379 ], [ -79.691625262674265, 38.439357234109316 ], [ -79.691194267019995, 38.439764230963036 ], [ -79.69116026791751, 38.439889230223521 ], [ -79.691103268892348, 38.440010229452874 ], [ -79.691030269907358, 38.440126228672653 ], [ -79.690883271581981, 38.44029822742818 ], [ -79.689740281735624, 38.441162220285527 ], [ -79.68953628391796, 38.441380218681203 ], [ -79.689417285590707, 38.441575217390508 ], [ -79.689325287156151, 38.441772216150952 ], [ -79.689253288993854, 38.442030214637107 ], [ -79.689249289631618, 38.442135214077716 ], [ -79.689263290185423, 38.442239213563582 ], [ -79.689344291016752, 38.442439212694694 ], [ -79.689502291457458, 38.442629212047926 ], [ -79.689699293853138, 38.443177209604777 ], [ -79.690401297819406, 38.444351204958785 ], [ -79.691081300455963, 38.445277201534807 ], [ -79.691481304796511, 38.446284197054375 ], [ -79.691426308193854, 38.446813194134108 ], [ -79.690697316383563, 38.447677188036508 ], [ -79.689677326357327, 38.44864818081038 ], [ -79.688815335387261, 38.449580174161156 ], [ -79.688107343344683, 38.450445168212674 ], [ -79.688440356527764, 38.452916155978848 ], [ -79.688165365855227, 38.454320148122669 ], [ -79.688368380055422, 38.456871135193985 ], [ -79.688536385245541, 38.457862130326099 ], [ -79.688875388871082, 38.458694126587538 ], [ -79.690658401343001, 38.461907112821557 ], [ -79.690859407385503, 38.463042107166473 ], [ -79.691088410758113, 38.463744103836724 ], [ -79.691922411876192, 38.464425101604192 ], [ -79.693091411428782, 38.465035100265979 ], [ -79.693640415795173, 38.466073095597821 ], [ -79.693769416827649, 38.46631709449597 ], [ -79.694036418199573, 38.466695092892387 ], [ -79.694908424848094, 38.468276085749942 ], [ -79.695590427334125, 38.469059082566687 ], [ -79.696892426412944, 38.469620081494753 ], [ -79.698367422136869, 38.469727083131758 ], [ -79.698932421140114, 38.469870083195772 ], [ -79.699122423129182, 38.470289081175679 ], [ -79.698890429780405, 38.471229075664013 ], [ -79.698772434894295, 38.4719850713387 ], [ -79.699439438337251, 38.472881067365734 ], [ -79.699624444566226, 38.47396806163399 ], [ -79.699475448556612, 38.474528058340198 ], [ -79.698990452981633, 38.474989055136774 ], [ -79.698901453763142, 38.47506905457535 ], [ -79.698628456591905, 38.475384052473849 ], [ -79.697631464179139, 38.476101047204743 ], [ -79.697157468177721, 38.476508044352421 ], [ -79.696689471841339, 38.476866041784596 ], [ -79.696543473267596, 38.477024040733653 ], [ -79.696451474587533, 38.477192039700299 ], [ -79.696313475733476, 38.477309038884528 ], [ -79.696129477542783, 38.47751103754878 ], [ -79.695962478959117, 38.47765803653494 ], [ -79.695676480590251, 38.477781035498488 ], [ -79.694366487052051, 38.478184031636971 ], [ -79.694182488391121, 38.478312030713234 ], [ -79.693940494352816, 38.479172025788834 ], [ -79.69368749687365, 38.479462023916547 ], [ -79.693476499197075, 38.479741022159139 ], [ -79.693399502110609, 38.480184019692715 ], [ -79.693426507046766, 38.481012015293999 ], [ -79.693506508223663, 38.48124501414302 ], [ -79.694057506430568, 38.481216014961518 ], [ -79.695188504286165, 38.481408015286092 ], [ -79.695464503766132, 38.481455015362783 ], [ -79.695877506921377, 38.48216501201135 ], [ -79.696961518683111, 38.484575000166075 ], [ -79.697370525275687, 38.485823993807912 ], [ -79.697574533400882, 38.487223986382936 ], [ -79.697234537057611, 38.487664983622871 ], [ -79.696291541763728, 38.488014980747671 ], [ -79.696095542838947, 38.488103980064118 ], [ -79.695994543934631, 38.488237979234576 ], [ -79.696109558391285, 38.490636966342393 ], [ -79.695601565963742, 38.491655960344126 ], [ -79.695074571142769, 38.492281956476411 ], [ -79.694985577311883, 38.493253951152795 ], [ -79.694735581955044, 38.493911947386174 ], [ -79.694508584475173, 38.494232945461292 ], [ -79.693627588481363, 38.4945349430836 ], [ -79.69302259228283, 38.4949179405207 ], [ -79.692699598157361, 38.495760935751917 ], [ -79.69227560347683, 38.496474931603075 ], [ -79.691303607556378, 38.496768929264753 ], [ -79.690405609042443, 38.496659929124974 ], [ -79.689233610379588, 38.496413929478649 ], [ -79.688347611145431, 38.496183929965738 ], [ -79.68420164308678, 38.500117907317787 ], [ -79.683776644646727, 38.500617907949689 ], [ -79.683776644886436, 38.500817908323228 ], [ -79.683576645457549, 38.50091790836926 ], [ -79.683476645683214, 38.500917908298852 ], [ -79.683176646599236, 38.501117908462099 ], [ -79.682976647289223, 38.50131790869635 ], [ -79.682776648098127, 38.501617909118899 ], [ -79.682576649025677, 38.502017909729922 ], [ -79.682476649846734, 38.502517910599224 ], [ -79.682676650112782, 38.503117911863256 ], [ -79.68297664979751, 38.503417912631463 ], [ -79.683076649812108, 38.503617913074478 ], [ -79.682976650394707, 38.50391791356833 ], [ -79.682676651305727, 38.504117913739435 ], [ -79.682076652887886, 38.504317913708093 ], [ -79.681576654245035, 38.504517913746263 ], [ -79.681176655614507, 38.504917914231044 ], [ -79.681076656312058, 38.505317914919239 ], [ -79.681376656353606, 38.505917916251867 ], [ -79.681376656472224, 38.506017916440484 ], [ -79.681676657347211, 38.507317919088869 ], [ -79.681676657822379, 38.507717919842563 ], [ -79.681576658638264, 38.508217920719758 ], [ -79.681376659556747, 38.50861792134485 ], [ -79.681076661051449, 38.509317922473635 ], [ -79.680576663104375, 38.510117923668361 ], [ -79.680476663798132, 38.51051792436246 ], [ -79.680376664137043, 38.51061792448899 ], [ -79.68007666479933, 38.510617924300341 ], [ -79.678976666875386, 38.510317923037533 ], [ -79.678176668525651, 38.510217922341752 ], [ -79.677176670735264, 38.510217921710108 ], [ -79.676476672398152, 38.510317921460555 ], [ -79.675976673502731, 38.510317921145074 ], [ -79.675576674502068, 38.510417921085867 ], [ -79.67547667472293, 38.510417921022928 ], [ -79.675376675059397, 38.510517921153209 ], [ -79.674576676825893, 38.510517920649768 ], [ -79.674076677814966, 38.51041792014086 ], [ -79.673476678796177, 38.510117919178519 ], [ -79.672925679627355, 38.509779918170288 ], [ -79.672578680086531, 38.509509917422157 ], [ -79.672280680162103, 38.508997916230257 ], [ -79.671982680357686, 38.508589915239803 ], [ -79.671583680892397, 38.508281914378315 ], [ -79.67098568186691, 38.507970913379786 ], [ -79.67048868261881, 38.507659912444225 ], [ -79.670189683391811, 38.507755912438952 ], [ -79.67009068383318, 38.507951912761378 ], [ -79.669892684934212, 38.508537913790562 ], [ -79.66969368650085, 38.509535915635517 ], [ -79.669488687435518, 38.509962916349835 ], [ -79.66913068925605, 38.510877917936149 ], [ -79.669130689340392, 38.510952918084783 ], [ -79.669130689364025, 38.510973918126439 ], [ -79.669076689532574, 38.511017918179824 ], [ -79.668976690202697, 38.511417918910425 ], [ -79.668881690551345, 38.511541919097283 ], [ -79.668867690783244, 38.511720919443725 ], [ -79.668776691072352, 38.511799919543961 ], [ -79.66877669131712, 38.512017919976529 ], [ -79.668476692313675, 38.512317920387311 ], [ -79.667976693748841, 38.512617920676831 ], [ -79.667576694962889, 38.512917921029704 ], [ -79.666299698468933, 38.513549921516358 ], [ -79.665676700131797, 38.513817921677237 ], [ -79.665176701337998, 38.513917921576756 ], [ -79.66417670363893, 38.514017921175949 ], [ -79.663976704077015, 38.514017921055512 ], [ -79.663476705281838, 38.514117920957027 ], [ -79.662376708563286, 38.514917921922979 ], [ -79.662176709327341, 38.515217922414713 ], [ -79.662076709872508, 38.51551792296636 ], [ -79.662176709763159, 38.515617923228994 ], [ -79.662376709653884, 38.515917923957204 ], [ -79.66277670976487, 38.516817926020018 ], [ -79.662676710310137, 38.517117926571473 ], [ -79.662676710637768, 38.517417927181015 ], [ -79.662776710748233, 38.517717927847848 ], [ -79.662776711403779, 38.518317929066448 ], [ -79.662976711407495, 38.518717929992043 ], [ -79.663276711085999, 38.519017930769792 ], [ -79.663576710875077, 38.51941793174867 ], [ -79.664276710130935, 38.520117933554147 ], [ -79.664376710245151, 38.520417934215217 ], [ -79.664576710144019, 38.520717934930744 ], [ -79.664676710259016, 38.521017935590557 ], [ -79.664976709943573, 38.521317936359075 ], [ -79.665176709844232, 38.521617937071845 ], [ -79.665376709966665, 38.522117938185751 ], [ -79.665676709764668, 38.52251793915088 ], [ -79.665976709674766, 38.523017940314638 ], [ -79.666176709689651, 38.523417941222839 ], [ -79.666576709388281, 38.523917942435169 ], [ -79.666776709405283, 38.524317943340165 ], [ -79.667176708884298, 38.524617944147899 ], [ -79.667676708039252, 38.52481794480623 ], [ -79.6683767067682, 38.525017945566269 ], [ -79.668776706251052, 38.525317946368254 ], [ -79.668976706273895, 38.525717947264106 ], [ -79.66917870641025, 38.526221948365801 ], [ -79.669476706221886, 38.526617949300586 ], [ -79.66975870593788, 38.526897949996176 ], [ -79.670076705510425, 38.527117950590089 ], [ -79.670476704660629, 38.5271179507901 ], [ -79.67097670371183, 38.527217951236906 ], [ -79.671076703612897, 38.527317951483433 ], [ -79.671574702779381, 38.527514952118324 ], [ -79.671676702793803, 38.527717952567201 ], [ -79.671776702695453, 38.527817952812867 ], [ -79.671776702923054, 38.528017953205087 ], [ -79.67197670272688, 38.52821795369556 ], [ -79.67257670191232, 38.5286179547724 ], [ -79.672776701488971, 38.528617954870072 ], [ -79.672976701179991, 38.528717955162968 ], [ -79.67287670173468, 38.52901795569985 ], [ -79.67277670228907, 38.529317956237307 ], [ -79.672276704258138, 38.530117957561487 ], [ -79.671976705232638, 38.530417958006275 ], [ -79.671776705995569, 38.530717958499693 ], [ -79.671276707502884, 38.531117959049681 ], [ -79.670976708587773, 38.531517959695861 ], [ -79.670657709530147, 38.531757960020009 ], [ -79.670578709764015, 38.531817960101527 ], [ -79.670436710279546, 38.532009960414264 ], [ -79.670275710965754, 38.532317960947417 ], [ -79.670075711950119, 38.532817961842625 ], [ -79.669775713142784, 38.533317962694156 ], [ -79.669575713898325, 38.533616963195257 ], [ -79.669275714750924, 38.533816963456459 ], [ -79.668775716245392, 38.534216964026243 ], [ -79.668475717432656, 38.534716964886194 ], [ -79.668075719162573, 38.535516966301572 ], [ -79.668075719274512, 38.535616966500584 ], [ -79.667875720473646, 38.53631696780775 ], [ -79.667875720697296, 38.53651696820603 ], [ -79.667775721352129, 38.536916968960192 ], [ -79.667776721640678, 38.537176969478551 ], [ -79.667833721684602, 38.537321969791414 ], [ -79.667575722437221, 38.537516970071664 ], [ -79.667376723184262, 38.537816970586803 ], [ -79.667075724030369, 38.538016970860824 ], [ -79.666875724779359, 38.538317971379449 ], [ -79.66687572511222, 38.538616971977284 ], [ -79.667376724634806, 38.539116973180583 ], [ -79.667775724147759, 38.539417973942491 ], [ -79.667976723956954, 38.53961797442188 ], [ -79.668776722755851, 38.540016975535849 ], [ -79.668906722521825, 38.540046975647321 ], [ -79.669376721633924, 38.540117975975598 ], [ -79.669877720714098, 38.540216976371056 ], [ -79.670377719684907, 38.540216976570143 ], [ -79.670677719180617, 38.540316976886544 ], [ -79.670677719633588, 38.540716977674279 ], [ -79.670877719562426, 38.541016978343571 ], [ -79.67077772010775, 38.541316978895047 ], [ -79.670777720334343, 38.541516979288794 ], [ -79.670677720879254, 38.541816979840824 ], [ -79.670577721537072, 38.542216980590354 ], [ -79.67037772228602, 38.542516981105422 ], [ -79.67007772323889, 38.542816981583613 ], [ -79.669677724733432, 38.543416982618865 ], [ -79.669677725973585, 38.544516984793972 ], [ -79.669377727034941, 38.544916985476384 ], [ -79.669177727891849, 38.545316986196568 ], [ -79.669177728341808, 38.545716986988992 ], [ -79.669377728160825, 38.545916987456053 ], [ -79.66957772809296, 38.546216988120179 ], [ -79.669677728228351, 38.546516988748522 ], [ -79.669577728769085, 38.546816989307075 ], [ -79.669377729511893, 38.547116989831586 ], [ -79.669077730568731, 38.547516990521089 ], [ -79.668877731534735, 38.548016991444534 ], [ -79.668877732096419, 38.548516992436333 ], [ -79.669077732367725, 38.549116993692223 ], [ -79.669277732415168, 38.549516994550153 ], [ -79.669477732238121, 38.549716995011082 ], [ -79.669677732174222, 38.550016995669203 ], [ -79.669777732086118, 38.550116995898989 ], [ -79.669777732311715, 38.550316996294264 ], [ -79.66957773327664, 38.5508169972194 ], [ -79.66937773390282, 38.551016997552253 ], [ -79.669077734616479, 38.551116997656223 ], [ -79.668677735642305, 38.551316997927991 ], [ -79.668377736467221, 38.551516998231882 ], [ -79.667977737603465, 38.551816998705036 ], [ -79.667677738538629, 38.552116999210511 ], [ -79.667277739895667, 38.5526170000863 ], [ -79.667080741380886, 38.553597001984393 ], [ -79.667078741595461, 38.55378600236137 ], [ -79.667077742300563, 38.554417003621531 ], [ -79.667177742659291, 38.554917004648637 ], [ -79.667177742770761, 38.555017004848281 ], [ -79.666877744367866, 38.555917006562638 ], [ -79.666277746221581, 38.556517007599332 ], [ -79.665977747257969, 38.55691700832039 ], [ -79.665877747899785, 38.557318009098317 ], [ -79.665891747946446, 38.557385009236555 ], [ -79.665977748255841, 38.557817010125923 ], [ -79.665977748699362, 38.558217010928381 ], [ -79.665777749979057, 38.55901701248284 ], [ -79.665777750089816, 38.559117012683622 ], [ -79.665577750703832, 38.559317013035248 ], [ -79.665489751213926, 38.559622013626338 ], [ -79.665377751649103, 38.559817013990781 ], [ -79.665277752176621, 38.560117014569734 ], [ -79.665277752508189, 38.560417015173144 ], [ -79.66517775303528, 38.560717015752807 ], [ -79.665077753451612, 38.56091701613154 ], [ -79.664877753842433, 38.56091701608409 ], [ -79.664477754513939, 38.560817015787471 ], [ -79.663877755576934, 38.560717015442542 ], [ -79.663477756249321, 38.560617015144516 ], [ -79.663177756726526, 38.56051701486993 ], [ -79.662577757900209, 38.560517014725903 ], [ -79.66142776063181, 38.560961015356156 ], [ -79.661277760985669, 38.561017015435077 ], [ -79.660777762287211, 38.561317015930854 ], [ -79.660277763479243, 38.561517016223974 ], [ -79.659577765598542, 38.562217017500487 ], [ -79.659277766397778, 38.562417017844062 ], [ -79.65917776691478, 38.562717018439244 ], [ -79.659277767042767, 38.563017019079027 ], [ -79.659377767063532, 38.563217019512578 ], [ -79.659477767192058, 38.56351702015148 ], [ -79.660077766890694, 38.564317021923102 ], [ -79.660477766332136, 38.56451702241722 ], [ -79.660577766462964, 38.564817023052584 ], [ -79.660677766702349, 38.56521702389216 ], [ -79.660676767788473, 38.566219025943404 ], [ -79.660577768517882, 38.566717026943977 ], [ -79.661107767947669, 38.567132027893955 ], [ -79.661477767437148, 38.567317028341407 ], [ -79.661577767244978, 38.567317028360129 ], [ -79.661977766802821, 38.567617029046204 ], [ -79.662277766662754, 38.568017029915666 ], [ -79.662377767016224, 38.568517030950893 ], [ -79.662587767408652, 38.569245032467904 ], [ -79.662877768135274, 38.570417034897289 ], [ -79.662677768734937, 38.570617035271049 ], [ -79.662277769824044, 38.570917035816827 ], [ -79.661577771808567, 38.571517036929571 ], [ -79.661172773013234, 38.571918037686437 ], [ -79.660377775169891, 38.572517038793869 ], [ -79.659777776414998, 38.572617038911254 ], [ -79.659357777218489, 38.572624038864298 ], [ -79.658177779874975, 38.573017039504343 ], [ -79.657977780574114, 38.573317040096271 ], [ -79.657877780976861, 38.573517040496085 ], [ -79.657877781404039, 38.573917041323675 ], [ -79.657977781535692, 38.574217041957766 ], [ -79.657977781856232, 38.574517042578343 ], [ -79.657777782660304, 38.574917043380076 ], [ -79.657377783733338, 38.575217043950722 ], [ -79.65697778491149, 38.575617044730983 ], [ -79.656577785875768, 38.575817045097708 ], [ -79.656261786676197, 38.576012045465419 ], [ -79.656115787145254, 38.576196045831125 ], [ -79.655877788354687, 38.576917047306104 ], [ -79.655777789387912, 38.577717048963237 ], [ -79.655577790395597, 38.578317050194251 ], [ -79.655477791004571, 38.578717051019204 ], [ -79.655377791824208, 38.579317052262567 ], [ -79.655477792271583, 38.579917053524511 ], [ -79.655777792242731, 38.580417054594065 ], [ -79.65587779269184, 38.58101705585343 ], [ -79.655877793114982, 38.5814170566873 ], [ -79.65517779620285, 38.583117060186254 ], [ -79.654477798438108, 38.584017062027392 ], [ -79.653977800089663, 38.584716063466345 ], [ -79.653577801241838, 38.585116064286638 ], [ -79.651877805809221, 38.586516067166052 ], [ -79.65117780781064, 38.587216068624357 ], [ -79.650777809364968, 38.588016070310971 ], [ -79.650577810244059, 38.588516071368723 ], [ -79.650477811043942, 38.589116072642511 ], [ -79.649877813364213, 38.590316075189648 ], [ -79.649377814677209, 38.590716076039641 ], [ -79.649177815345212, 38.591016076679665 ], [ -79.64917781575484, 38.591416077534404 ], [ -79.649077816037234, 38.591516077748196 ], [ -79.647714817985175, 38.591019076682002 ], [ -79.636672833999512, 38.586974067614072 ], [ -79.597983893648419, 38.572782030308112 ], [ -79.59791589375503, 38.572753030224781 ], [ -79.597822893907477, 38.572722030132653 ], [ -79.573161934800481, 38.563627001737451 ], [ -79.572714935563738, 38.563464001195634 ], [ -79.57177393717113, 38.563118000043445 ], [ -79.571573937559705, 38.563117999999484 ], [ -79.570573939377113, 38.56291799922986 ], [ -79.569308941836283, 38.562917998949708 ], [ -79.568973942487517, 38.562917998875427 ], [ -79.567073946059068, 38.562717997899533 ], [ -79.566273947493841, 38.562517997164697 ], [ -79.565573948735505, 38.562317996450034 ], [ -79.562473953949365, 38.560917991812708 ], [ -79.562173954535595, 38.560917991741618 ], [ -79.561673955454324, 38.560817991341239 ], [ -79.560973956822522, 38.560817991174815 ], [ -79.560173958443755, 38.560917991267559 ], [ -79.558773961179455, 38.56091799093565 ], [ -79.558073962434335, 38.560717990200544 ], [ -79.55737396363449, 38.560417989178113 ], [ -79.556773964752608, 38.560317988748025 ], [ -79.555973966262854, 38.560217988268391 ], [ -79.555473967241667, 38.560217988147208 ], [ -79.55497396811063, 38.560017987451985 ], [ -79.554673968643428, 38.559917987091531 ], [ -79.549473977161838, 38.556717976497538 ], [ -79.549373977359366, 38.556717976470608 ], [ -79.548973977993739, 38.55641797548774 ], [ -79.548673978431523, 38.556117974530423 ], [ -79.548173979317667, 38.555917973808583 ], [ -79.547573980351643, 38.555617972764757 ], [ -79.54707298129307, 38.555517972332233 ], [ -79.54627298267593, 38.555117970933907 ], [ -79.545972983170145, 38.5549179702613 ], [ -79.545672983564486, 38.5545179689991 ], [ -79.545072984656386, 38.554317968237704 ], [ -79.544572985550687, 38.554117967503295 ], [ -79.544172986296559, 38.554017967091951 ], [ -79.54367298714331, 38.553717966059139 ], [ -79.54317298804051, 38.553517965320225 ], [ -79.542572989089294, 38.553217964253506 ], [ -79.541572990793142, 38.552617962171958 ], [ -79.541172991447567, 38.552317961158153 ], [ -79.540772992151005, 38.552117960440519 ], [ -79.539772994149459, 38.552117960134957 ], [ -79.538672996254292, 38.551917959199514 ], [ -79.538272997007567, 38.551817958776709 ], [ -79.537872997714928, 38.551617958052944 ], [ -79.53752499828299, 38.551339957109661 ], [ -79.537372998531168, 38.551217956695524 ], [ -79.536872999395229, 38.550917955635981 ], [ -79.536472999923404, 38.550317953701644 ], [ -79.536273000097381, 38.549817952129942 ], [ -79.536272999915369, 38.549417950923797 ], [ -79.53607300013617, 38.549017949651599 ], [ -79.535873000403086, 38.548717948680085 ], [ -79.53567300062538, 38.5483179474057 ], [ -79.534473002645129, 38.547417944277001 ], [ -79.533673003909286, 38.546617941574752 ], [ -79.533373004340973, 38.546217940254984 ], [ -79.53337300425288, 38.546017939647371 ], [ -79.533773003087262, 38.545217937360583 ], [ -79.533573003361454, 38.544917936377779 ], [ -79.533173004087473, 38.544717935625265 ], [ -79.531973005836974, 38.543117930311148 ], [ -79.531973005793645, 38.543017930006187 ], [ -79.531873005911493, 38.542817929358648 ], [ -79.531973005533629, 38.542417928176917 ], [ -79.531773005899836, 38.542317927795615 ], [ -79.53147300642803, 38.542117927070535 ], [ -79.531073007204697, 38.542017926611607 ], [ -79.530573008186721, 38.541917926113541 ], [ -79.530273008801657, 38.541917925998064 ], [ -79.530173008964226, 38.54181792565327 ], [ -79.528673011539681, 38.540617921385142 ], [ -79.528573011745323, 38.540617921345664 ], [ -79.528573011703685, 38.540517921038187 ], [ -79.528373011990496, 38.54021792003585 ], [ -79.528273012030468, 38.539817918764939 ], [ -79.528273011740154, 38.539117916610486 ], [ -79.527073013889961, 38.538317913652811 ], [ -79.52687201418334, 38.538017912643227 ], [ -79.52667201423165, 38.537118909782102 ], [ -79.526372014772846, 38.536918909036835 ], [ -79.525872015729831, 38.536718908205721 ], [ -79.525372016647836, 38.536418907062867 ], [ -79.52497401743328, 38.536314906569935 ], [ -79.524572018191051, 38.536118905788726 ], [ -79.524072019033824, 38.535618904018506 ], [ -79.523872019332387, 38.535318902998107 ], [ -79.523572019839989, 38.535018901932901 ], [ -79.523072020843472, 38.534918901401788 ], [ -79.522672021600215, 38.534718900601831 ], [ -79.52237202218754, 38.53461890015712 ], [ -79.52207202273685, 38.534418899399427 ], [ -79.521872023116117, 38.534318898998052 ], [ -79.521791023287179, 38.534323898977775 ], [ -79.521672023495626, 38.534218898596322 ], [ -79.521472023875305, 38.534118898194279 ], [ -79.521472023799205, 38.533918897568114 ], [ -79.517569029612474, 38.527419875279108 ], [ -79.516484031273819, 38.525612869011809 ], [ -79.510356041028842, 38.515409833050413 ], [ -79.506508047477084, 38.509004809977561 ], [ -79.505599049036292, 38.507490804467992 ], [ -79.505022050018695, 38.506480800799906 ], [ -79.50424205139133, 38.505235796219964 ], [ -79.503859052060562, 38.504595793871857 ], [ -79.503471052710751, 38.503842791146916 ], [ -79.501254056746632, 38.499837777053635 ], [ -79.501041057568727, 38.499436777025394 ], [ -79.500457059660476, 38.498560776859151 ], [ -79.499771063455526, 38.497579774344103 ], [ -79.499771063331849, 38.49772077430346 ], [ -79.498465075891062, 38.495465761098785 ], [ -79.496659093034083, 38.492308743134835 ], [ -79.496579093786664, 38.492168742346784 ], [ -79.476638, 38.457228 ], [ -79.476396, 38.457159 ], [ -79.450737, 38.449874 ], [ -79.431861, 38.44453 ], [ -79.431808, 38.444505 ], [ -79.431788, 38.444509 ], [ -79.430182, 38.444041 ], [ -79.428918, 38.443683 ], [ -79.422928, 38.44199 ], [ -79.422863, 38.441972 ], [ -79.407732, 38.43774 ], [ -79.398232, 38.435077 ], [ -79.396556, 38.434609 ], [ -79.374753, 38.428512 ], [ -79.370132, 38.427197 ], [ -79.368818, 38.426847 ], [ -79.337668, 38.418593 ], [ -79.336161, 38.418193 ], [ -79.333982, 38.417615 ], [ -79.32925, 38.41636 ], [ -79.327912, 38.415989 ], [ -79.325307, 38.415269 ], [ -79.316526, 38.412976 ], [ -79.312276, 38.411876 ], [ -79.312348, 38.411853 ], [ -79.316014, 38.410658 ], [ -79.317148, 38.410154 ], [ -79.318021, 38.409536 ], [ -79.318835, 38.408712 ], [ -79.319569, 38.407287 ], [ -79.321072, 38.406385 ], [ -79.321135, 38.406233 ], [ -79.321581, 38.404801 ], [ -79.321779, 38.404464 ], [ -79.322667, 38.403688 ], [ -79.322822, 38.403504 ], [ -79.322845, 38.403262 ], [ -79.322653, 38.402895 ], [ -79.32279, 38.402762 ], [ -79.322732, 38.402419 ], [ -79.322769, 38.401964 ], [ -79.322823, 38.401667 ], [ -79.322764, 38.401481 ], [ -79.322644, 38.401287 ], [ -79.322491, 38.401318 ], [ -79.322121, 38.401509 ], [ -79.31928, 38.401644 ], [ -79.319178, 38.401595 ], [ -79.319088, 38.401474 ], [ -79.31894, 38.401022 ], [ -79.31879, 38.400779 ], [ -79.318486, 38.400568 ], [ -79.318008, 38.400347 ], [ -79.317276, 38.400101 ], [ -79.31671, 38.399622 ], [ -79.316568, 38.399556 ], [ -79.316282, 38.399498 ], [ -79.315946, 38.399472 ], [ -79.314399, 38.399019 ], [ -79.314155, 38.398912 ], [ -79.31378, 38.398692 ], [ -79.313344, 38.3984 ], [ -79.312517, 38.397532 ], [ -79.312054, 38.396917 ], [ -79.311148, 38.39588 ], [ -79.309013, 38.394174 ], [ -79.308669, 38.39393 ], [ -79.308539, 38.393752 ], [ -79.30849, 38.393534 ], [ -79.308493, 38.393268 ], [ -79.30854, 38.392817 ], [ -79.308751, 38.392238 ], [ -79.308932, 38.391587 ], [ -79.309109, 38.389622 ], [ -79.308993, 38.386527 ], [ -79.308956, 38.386221 ], [ -79.308806, 38.385994 ], [ -79.3082, 38.38537 ], [ -79.308161, 38.385281 ], [ -79.308495, 38.382963 ], [ -79.308692, 38.382707 ], [ -79.309321, 38.382227 ], [ -79.310171, 38.381959 ], [ -79.311035, 38.381481 ], [ -79.31334, 38.380771 ], [ -79.314082, 38.380268 ], [ -79.315578, 38.378924 ], [ -79.315938, 38.37874 ], [ -79.316367, 38.378663 ], [ -79.316814, 38.378843 ], [ -79.320896, 38.380737 ], [ -79.321162, 38.380755 ], [ -79.32248, 38.380683 ], [ -79.322694, 38.380716 ], [ -79.324137, 38.381297 ], [ -79.324983, 38.381359 ], [ -79.32529, 38.381305 ], [ -79.32567, 38.38113 ], [ -79.326606, 38.380547 ], [ -79.326719, 38.379678 ], [ -79.326844, 38.379421 ], [ -79.327352, 38.378787 ], [ -79.327446, 38.378579 ], [ -79.327618, 38.377887 ], [ -79.327773, 38.377735 ], [ -79.328153, 38.377471 ], [ -79.329761, 38.377046 ], [ -79.330875, 38.37698 ], [ -79.3322, 38.377182 ], [ -79.333007, 38.377171 ], [ -79.333325, 38.37702 ], [ -79.33351, 38.376876 ], [ -79.333667, 38.376619 ], [ -79.333673, 38.376063 ], [ -79.333778, 38.375846 ], [ -79.334215, 38.375123 ], [ -79.335024, 38.374123 ], [ -79.335262, 38.373608 ], [ -79.33548, 38.372803 ], [ -79.335504, 38.372263 ], [ -79.335649, 38.371829 ], [ -79.336193, 38.371412 ], [ -79.336736, 38.37114 ], [ -79.337257, 38.370988 ], [ -79.337995, 38.37054 ], [ -79.338222, 38.370138 ], [ -79.338296, 38.369687 ], [ -79.338268, 38.369284 ], [ -79.338272, 38.368559 ], [ -79.338396, 38.368197 ], [ -79.338889, 38.367812 ], [ -79.339617, 38.367283 ], [ -79.340275, 38.366592 ], [ -79.340276, 38.366334 ], [ -79.33906, 38.364372 ], [ -79.338491, 38.363984 ], [ -79.338041, 38.363958 ], [ -79.337695, 38.363828 ], [ -79.337344, 38.362594 ], [ -79.337391, 38.36145 ], [ -79.337168, 38.361111 ], [ -79.337018, 38.360643 ], [ -79.337223, 38.360402 ], [ -79.339388, 38.358605 ], [ -79.340186, 38.358398 ], [ -79.340932, 38.358247 ], [ -79.341168, 38.358047 ], [ -79.342388, 38.357197 ], [ -79.342941, 38.356876 ], [ -79.343537, 38.356338 ], [ -79.344182, 38.356026 ], [ -79.345133, 38.355764 ], [ -79.345584, 38.355548 ], [ -79.346044, 38.355509 ], [ -79.34679, 38.355294 ], [ -79.347271, 38.355102 ], [ -79.347608, 38.355111 ], [ -79.348078, 38.355177 ], [ -79.348834, 38.355091 ], [ -79.349528, 38.355093 ], [ -79.350835, 38.355194 ], [ -79.351122, 38.35501 ], [ -79.351666, 38.354343 ], [ -79.352866, 38.353493 ], [ -79.353808, 38.352875 ], [ -79.354557, 38.352217 ], [ -79.354898, 38.351469 ], [ -79.355118, 38.350414 ], [ -79.355232, 38.350084 ], [ -79.356534, 38.349178 ], [ -79.356556, 38.348824 ], [ -79.356029, 38.346074 ], [ -79.356289, 38.345229 ], [ -79.356372, 38.344883 ], [ -79.356465, 38.344658 ], [ -79.35668, 38.34457 ], [ -79.357822, 38.344807 ], [ -79.358354, 38.344696 ], [ -79.361864, 38.343241 ], [ -79.361937, 38.342903 ], [ -79.36187, 38.341968 ], [ -79.363592, 38.340628 ], [ -79.363747, 38.340225 ], [ -79.36409, 38.339171 ], [ -79.364686, 38.338432 ], [ -79.365128, 38.337845 ], [ -79.365538, 38.337532 ], [ -79.366912, 38.336336 ], [ -79.367384, 38.335821 ], [ -79.367661, 38.335452 ], [ -79.367622, 38.335105 ], [ -79.366984, 38.334225 ], [ -79.366597, 38.334014 ], [ -79.364943, 38.334001 ], [ -79.3643, 38.333983 ], [ -79.364138, 38.333757 ], [ -79.363597, 38.33166 ], [ -79.363468, 38.330805 ], [ -79.364022, 38.3303 ], [ -79.364852, 38.329787 ], [ -79.366039, 38.329226 ], [ -79.369004, 38.330339 ], [ -79.370158, 38.330327 ], [ -79.370894, 38.329991 ], [ -79.372115, 38.328826 ], [ -79.372794, 38.327805 ], [ -79.373064, 38.326783 ], [ -79.373567, 38.326244 ], [ -79.374762, 38.325375 ], [ -79.374983, 38.325279 ], [ -79.375221, 38.324717 ], [ -79.37576, 38.323592 ], [ -79.376983, 38.32239 ], [ -79.377619, 38.321999 ], [ -79.378009, 38.321679 ], [ -79.378586, 38.3209 ], [ -79.378937, 38.320322 ], [ -79.379553, 38.319891 ], [ -79.380095, 38.319676 ], [ -79.38108, 38.318924 ], [ -79.381555, 38.318233 ], [ -79.381579, 38.317694 ], [ -79.38149, 38.317356 ], [ -79.381582, 38.317251 ], [ -79.382015, 38.316625 ], [ -79.382296, 38.315894 ], [ -79.382342, 38.313721 ], [ -79.382493, 38.313291 ], [ -79.382776, 38.31295 ], [ -79.383236, 38.312791 ], [ -79.383577, 38.312293 ], [ -79.383732, 38.312028 ], [ -79.384256, 38.311279 ], [ -79.384474, 38.310961 ], [ -79.384772, 38.310697 ], [ -79.385273, 38.310466 ], [ -79.386173, 38.31026 ], [ -79.386521, 38.310085 ], [ -79.386686, 38.309893 ], [ -79.386944, 38.309483 ], [ -79.387487, 38.309051 ], [ -79.387633, 38.30873 ], [ -79.387635, 38.308335 ], [ -79.387719, 38.308086 ], [ -79.387725, 38.307225 ], [ -79.387779, 38.30683 ], [ -79.38769, 38.306371 ], [ -79.387672, 38.30596 ], [ -79.387858, 38.305696 ], [ -79.388595, 38.305296 ], [ -79.38877, 38.305056 ], [ -79.388322, 38.303492 ], [ -79.388304, 38.303105 ], [ -79.38846, 38.3028 ], [ -79.388788, 38.302536 ], [ -79.388933, 38.302207 ], [ -79.388977, 38.30178 ], [ -79.389143, 38.301338 ], [ -79.389385, 38.300285 ], [ -79.389316, 38.299946 ], [ -79.388894, 38.299075 ], [ -79.388866, 38.298648 ], [ -79.388963, 38.297876 ], [ -79.389045, 38.297684 ], [ -79.389355, 38.297249 ], [ -79.389797, 38.296794 ], [ -79.390157, 38.296385 ], [ -79.390699, 38.295259 ], [ -79.390758, 38.295139 ], [ -79.39075, 38.294753 ], [ -79.390784, 38.294262 ], [ -79.391235, 38.292549 ], [ -79.391411, 38.292132 ], [ -79.392289, 38.291991 ], [ -79.393452, 38.292036 ], [ -79.394167, 38.292088 ], [ -79.395144, 38.292456 ], [ -79.395582, 38.292569 ], [ -79.39603, 38.292635 ], [ -79.396989, 38.29264 ], [ -79.397244, 38.292713 ], [ -79.397703, 38.292675 ], [ -79.397939, 38.292596 ], [ -79.398203, 38.292685 ], [ -79.398518, 38.292888 ], [ -79.398966, 38.293106 ], [ -79.399489, 38.293312 ], [ -79.399657, 38.293362 ], [ -79.399881, 38.293505 ], [ -79.400218, 38.293538 ], [ -79.400607, 38.293331 ], [ -79.400956, 38.292733 ], [ -79.402013, 38.289818 ], [ -79.402347, 38.288969 ], [ -79.402254, 38.288818 ], [ -79.401816, 38.287794 ], [ -79.401638, 38.287155 ], [ -79.401792, 38.286824 ], [ -79.401944, 38.286746 ], [ -79.402485, 38.286648 ], [ -79.403009, 38.286573 ], [ -79.403594, 38.286413 ], [ -79.404115, 38.286182 ], [ -79.404535, 38.285797 ], [ -79.40505, 38.285226 ], [ -79.405357, 38.284826 ], [ -79.405495, 38.284515 ], [ -79.405697, 38.284137 ], [ -79.405838, 38.28403 ], [ -79.405996, 38.283923 ], [ -79.406066, 38.283802 ], [ -79.406363, 38.282425 ], [ -79.406411, 38.28193 ], [ -79.406472, 38.281306 ], [ -79.407058, 38.280737 ], [ -79.407887, 38.280234 ], [ -79.408307, 38.280002 ], [ -79.408359, 38.279785 ], [ -79.408508, 38.278908 ], [ -79.408665, 38.278345 ], [ -79.408647, 38.278007 ], [ -79.407865, 38.277416 ], [ -79.407693, 38.277166 ], [ -79.407675, 38.27686 ], [ -79.407565, 38.276513 ], [ -79.406519, 38.27584 ], [ -79.406123, 38.275565 ], [ -79.405993, 38.275154 ], [ -79.406036, 38.274848 ], [ -79.406172, 38.274325 ], [ -79.406299, 38.273666 ], [ -79.406417, 38.272797 ], [ -79.406107, 38.271829 ], [ -79.406008, 38.271394 ], [ -79.406083, 38.270952 ], [ -79.406979, 38.269587 ], [ -79.407176, 38.269137 ], [ -79.407014, 38.268887 ], [ -79.406323, 38.268594 ], [ -79.4061, 38.268375 ], [ -79.406039, 38.268351 ], [ -79.405584, 38.267681 ], [ -79.405516, 38.26727 ], [ -79.405396, 38.266859 ], [ -79.404759, 38.265963 ], [ -79.404434, 38.265752 ], [ -79.403987, 38.265532 ], [ -79.403541, 38.2652 ], [ -79.403074, 38.2649 ], [ -79.403036, 38.264393 ], [ -79.402865, 38.264119 ], [ -79.402621, 38.263965 ], [ -79.401703, 38.263792 ], [ -79.4015, 38.263622 ], [ -79.40122, 38.262904 ], [ -79.40118, 38.262694 ], [ -79.400552, 38.26212 ], [ -79.400462, 38.261822 ], [ -79.400158, 38.26149 ], [ -79.400069, 38.261128 ], [ -79.399796, 38.260821 ], [ -79.399613, 38.260675 ], [ -79.399665, 38.260546 ], [ -79.399757, 38.260498 ], [ -79.400278, 38.260372 ], [ -79.400667, 38.260172 ], [ -79.400975, 38.25986 ], [ -79.402025, 38.25848 ], [ -79.402712, 38.257839 ], [ -79.402857, 38.257525 ], [ -79.402788, 38.257203 ], [ -79.402388, 38.255929 ], [ -79.40239, 38.255712 ], [ -79.402504, 38.25539 ], [ -79.402761, 38.255053 ], [ -79.40307, 38.254733 ], [ -79.403501, 38.254332 ], [ -79.403604, 38.254099 ], [ -79.403615, 38.253922 ], [ -79.403679, 38.253584 ], [ -79.403762, 38.253295 ], [ -79.403703, 38.251515 ], [ -79.403786, 38.251266 ], [ -79.403931, 38.251041 ], [ -79.405036, 38.250354 ], [ -79.405353, 38.250125 ], [ -79.40559, 38.250033 ], [ -79.405703, 38.249373 ], [ -79.405836, 38.248737 ], [ -79.406061, 38.248286 ], [ -79.406521, 38.247626 ], [ -79.407174, 38.246942 ], [ -79.407705, 38.246564 ], [ -79.409082, 38.245856 ], [ -79.409388, 38.245542 ], [ -79.409562, 38.245131 ], [ -79.409654, 38.244688 ], [ -79.409573, 38.244149 ], [ -79.409534, 38.243296 ], [ -79.409615, 38.243199 ], [ -79.409738, 38.243094 ], [ -79.411736, 38.242717 ], [ -79.413265, 38.242363 ], [ -79.413856, 38.242097 ], [ -79.414224, 38.241832 ], [ -79.414387, 38.24155 ], [ -79.414601, 38.241429 ], [ -79.414734, 38.241381 ], [ -79.414877, 38.240866 ], [ -79.414918, 38.240809 ], [ -79.415071, 38.240801 ], [ -79.415193, 38.240826 ], [ -79.415947, 38.240866 ], [ -79.416447, 38.24081 ], [ -79.41769, 38.24048 ], [ -79.418078, 38.240351 ], [ -79.41868, 38.239949 ], [ -79.419139, 38.238959 ], [ -79.419038, 38.238476 ], [ -79.418896, 38.23759 ], [ -79.419233, 38.236898 ], [ -79.419498, 38.236608 ], [ -79.420019, 38.23623 ], [ -79.420559, 38.235682 ], [ -79.420824, 38.235505 ], [ -79.421405, 38.235361 ], [ -79.421732, 38.2352 ], [ -79.421905, 38.234974 ], [ -79.422416, 38.233968 ], [ -79.422508, 38.233525 ], [ -79.422549, 38.232929 ], [ -79.422621, 38.232656 ], [ -79.422774, 38.23243 ], [ -79.423039, 38.232277 ], [ -79.423304, 38.232229 ], [ -79.424456, 38.232318 ], [ -79.425128, 38.232519 ], [ -79.425586, 38.232705 ], [ -79.425902, 38.232705 ], [ -79.426575, 38.232173 ], [ -79.42682, 38.231876 ], [ -79.427157, 38.231167 ], [ -79.427219, 38.230837 ], [ -79.427351, 38.230628 ], [ -79.427545, 38.230515 ], [ -79.427841, 38.230443 ], [ -79.427987, 38.23047 ], [ -79.428257, 38.230507 ], [ -79.428452, 38.230507 ], [ -79.428717, 38.230443 ], [ -79.429828, 38.230081 ], [ -79.430124, 38.230008 ], [ -79.430552, 38.230065 ], [ -79.430847, 38.230129 ], [ -79.431428, 38.230322 ], [ -79.431642, 38.230322 ], [ -79.431876, 38.230274 ], [ -79.43206, 38.230153 ], [ -79.432478, 38.229678 ], [ -79.432682, 38.229614 ], [ -79.433375, 38.229582 ], [ -79.43367, 38.229493 ], [ -79.433905, 38.229131 ], [ -79.434007, 38.228914 ], [ -79.434324, 38.227658 ], [ -79.434579, 38.227102 ], [ -79.434722, 38.226861 ], [ -79.434732, 38.226692 ], [ -79.434387, 38.225838 ], [ -79.434366, 38.225637 ], [ -79.434428, 38.225428 ], [ -79.434673, 38.225082 ], [ -79.434979, 38.224244 ], [ -79.435081, 38.224027 ], [ -79.435163, 38.223922 ], [ -79.43555, 38.223729 ], [ -79.435907, 38.223463 ], [ -79.436325, 38.222924 ], [ -79.436897, 38.22195 ], [ -79.436948, 38.2217 ], [ -79.436948, 38.221515 ], [ -79.436897, 38.221411 ], [ -79.436918, 38.221185 ], [ -79.437183, 38.220525 ], [ -79.437305, 38.220388 ], [ -79.437479, 38.220267 ], [ -79.437591, 38.220122 ], [ -79.437621, 38.220034 ], [ -79.43756, 38.219945 ], [ -79.437357, 38.219865 ], [ -79.436583, 38.218867 ], [ -79.436268, 38.218288 ], [ -79.436268, 38.218167 ], [ -79.43638, 38.21803 ], [ -79.436563, 38.217909 ], [ -79.43791, 38.216484 ], [ -79.438103, 38.216235 ], [ -79.438653, 38.216243 ], [ -79.439275, 38.216396 ], [ -79.439998, 38.216428 ], [ -79.440599, 38.216404 ], [ -79.441068, 38.216331 ], [ -79.441231, 38.216266 ], [ -79.441415, 38.216162 ], [ -79.441792, 38.216089 ], [ -79.442576, 38.216154 ], [ -79.443075, 38.216315 ], [ -79.443534, 38.216508 ], [ -79.443972, 38.216596 ], [ -79.444655, 38.216645 ], [ -79.445287, 38.216637 ], [ -79.445684, 38.216685 ], [ -79.44598, 38.216806 ], [ -79.447151, 38.217563 ], [ -79.447273, 38.217659 ], [ -79.447456, 38.217683 ], [ -79.44872, 38.217707 ], [ -79.449301, 38.217804 ], [ -79.450014, 38.217981 ], [ -79.450309, 38.218078 ], [ -79.454242, 38.218681 ], [ -79.454649, 38.218778 ], [ -79.455607, 38.219156 ], [ -79.456371, 38.219704 ], [ -79.457043, 38.220283 ], [ -79.457511, 38.220605 ], [ -79.457959, 38.220823 ], [ -79.460191, 38.221474 ], [ -79.46176, 38.221563 ], [ -79.462768, 38.2217 ], [ -79.4645, 38.222166 ], [ -79.464806, 38.222231 ], [ -79.465132, 38.222206 ], [ -79.465519, 38.222118 ], [ -79.466284, 38.222029 ], [ -79.466844, 38.222053 ], [ -79.467659, 38.222134 ], [ -79.468138, 38.222166 ], [ -79.468576, 38.222133 ], [ -79.468872, 38.222053 ], [ -79.469605, 38.221658 ], [ -79.470054, 38.221529 ], [ -79.471491, 38.221352 ], [ -79.471817, 38.221231 ], [ -79.472021, 38.221126 ], [ -79.472805, 38.220273 ], [ -79.47306, 38.219709 ], [ -79.473213, 38.2195 ], [ -79.473376, 38.219403 ], [ -79.473662, 38.21929 ], [ -79.473989, 38.219185 ], [ -79.474192, 38.219016 ], [ -79.474702, 38.218533 ], [ -79.474977, 38.218412 ], [ -79.47623, 38.218162 ], [ -79.477565, 38.218065 ], [ -79.477963, 38.218009 ], [ -79.48107, 38.216744 ], [ -79.481162, 38.216664 ], [ -79.481162, 38.216559 ], [ -79.481132, 38.216478 ], [ -79.480969, 38.216269 ], [ -79.480225, 38.215456 ], [ -79.478738, 38.213734 ], [ -79.478616, 38.213355 ], [ -79.478015, 38.212961 ], [ -79.477251, 38.211963 ], [ -79.477169, 38.211754 ], [ -79.477129, 38.211375 ], [ -79.477149, 38.211182 ], [ -79.477251, 38.211013 ], [ -79.477445, 38.21086 ], [ -79.47775, 38.210739 ], [ -79.478311, 38.210376 ], [ -79.478515, 38.210167 ], [ -79.479126, 38.209225 ], [ -79.479829, 38.20854 ], [ -79.480226, 38.208315 ], [ -79.480766, 38.208105 ], [ -79.481337, 38.207984 ], [ -79.481592, 38.207944 ], [ -79.481785, 38.207823 ], [ -79.482101, 38.207453 ], [ -79.483263, 38.20577 ], [ -79.483456, 38.205399 ], [ -79.483609, 38.205383 ], [ -79.484373, 38.205463 ], [ -79.484791, 38.205487 ], [ -79.484944, 38.205576 ], [ -79.485962, 38.205576 ], [ -79.487114, 38.205366 ], [ -79.487409, 38.205189 ], [ -79.488183, 38.204649 ], [ -79.488835, 38.20415 ], [ -79.489844, 38.203811 ], [ -79.490091480019231, 38.20374773477787 ], [ -79.490478479630539, 38.203746735932668 ], [ -79.49125347906714, 38.203690738154194 ], [ -79.492679479429881, 38.203238741646409 ], [ -79.493025479726143, 38.203077742404197 ], [ -79.493351480108188, 38.202900743074004 ], [ -79.494227482600209, 38.202062744245573 ], [ -79.494879483868473, 38.20158774536344 ], [ -79.495949485520953, 38.200918747375042 ], [ -79.496020485872506, 38.200814747404536 ], [ -79.495979486956401, 38.20055674683563 ], [ -79.495806488620659, 38.200186745683396 ], [ -79.495450490560032, 38.199791743950406 ], [ -79.495327491001177, 38.199711743449882 ], [ -79.494920492137638, 38.199526741932779 ], [ -79.494645492984915, 38.199381740874166 ], [ -79.494431494030565, 38.199172739885796 ], [ -79.494299495065562, 38.198946739109971 ], [ -79.493575502375009, 38.197296734164844 ], [ -79.493433503377076, 38.197079733380036 ], [ -79.493025505881135, 38.196548731286263 ], [ -79.492282509810678, 38.195735727746495 ], [ -79.492210510746759, 38.195517727168287 ], [ -79.492221511344084, 38.19536572694269 ], [ -79.492343512393276, 38.195075726804468 ], [ -79.492750513933487, 38.194599727172957 ], [ -79.493311515110392, 38.19418172808038 ], [ -79.493850518257332, 38.193279728090666 ], [ -79.495042521638737, 38.192183729626208 ], [ -79.495225521675636, 38.192135730067079 ], [ -79.495348521570307, 38.192135730419061 ], [ -79.495847520657691, 38.192255732055067 ], [ -79.497120517538676, 38.19275473657158 ], [ -79.49732451726473, 38.192778737198694 ], [ -79.499768515826659, 38.192613743916539 ], [ -79.502042500321622, 38.191736757750647 ], [ -79.502982494023215, 38.191164763512461 ], [ -79.503074493648541, 38.191051763974784 ], [ -79.503229494764611, 38.190446764014844 ], [ -79.503231499091555, 38.189414762190594 ], [ -79.503314499214525, 38.189204762415024 ], [ -79.503867497177112, 38.188487765125075 ], [ -79.503959497466383, 38.188220765312593 ], [ -79.503838501098159, 38.18762376337618 ], [ -79.503932503073898, 38.186954762861475 ], [ -79.504271504066637, 38.185994763594252 ], [ -79.504486503691808, 38.185624764484508 ], [ -79.504773501887314, 38.185438766221623 ], [ -79.505365497257145, 38.185269770187482 ], [ -79.506550489192662, 38.184657777636843 ], [ -79.507346483693937, 38.184271782684846 ], [ -79.507980479148031, 38.184005786779089 ], [ -79.508388475618275, 38.183973789662375 ], [ -79.509143469502533, 38.183820794830126 ], [ -79.510339462335196, 38.183015802010281 ], [ -79.510870458407865, 38.182829805504035 ], [ -79.511871451654727, 38.182338811838513 ], [ -79.512219450982343, 38.18179881337975 ], [ -79.512250451618144, 38.181596813241583 ], [ -79.512161457723806, 38.180419810494108 ], [ -79.512101460403656, 38.179943809210187 ], [ -79.512225461382499, 38.179483809280264 ], [ -79.512067466099097, 38.178747806825228 ], [ -79.511912469092067, 38.178386805062907 ], [ -79.511831471007341, 38.178119804001931 ], [ -79.511721475713173, 38.177288801722874 ], [ -79.511721476873802, 38.177030801261395 ], [ -79.511681478128082, 38.176829800613739 ], [ -79.512488472997205, 38.176402805660395 ], [ -79.512988469250629, 38.176265809015355 ], [ -79.513335466916985, 38.176112811239818 ], [ -79.514040462681805, 38.175693815565381 ], [ -79.514348460961443, 38.17548381740675 ], [ -79.514899457163821, 38.175266820984781 ], [ -79.515695451546009, 38.17498482620995 ], [ -79.515951449581465, 38.174928827952549 ], [ -79.516420445507009, 38.174928831328842 ], [ -79.517348436835363, 38.175058838242677 ], [ -79.517970431579712, 38.175026842663144 ], [ -79.518399428725445, 38.174841845419515 ], [ -79.519196424522008, 38.174269850129939 ], [ -79.519482423157996, 38.174035851768487 ], [ -79.519666422180123, 38.173906852861251 ], [ -79.519829421075215, 38.173842853919567 ], [ -79.520095419046726, 38.173785855731914 ], [ -79.520503415709882, 38.173745858596817 ], [ -79.521278408733224, 38.173802864277654 ], [ -79.521839404152075, 38.173746868215069 ], [ -79.522298400765763, 38.173626871303206 ], [ -79.523023396115178, 38.173295875926136 ], [ -79.523657392338933, 38.172949879866891 ], [ -79.524208389375758, 38.172586883179129 ], [ -79.525230384092524, 38.171877889257615 ], [ -79.525547382573464, 38.171635891103016 ], [ -79.525874380730002, 38.17144289310847 ], [ -79.526221378724557, 38.171248895255935 ], [ -79.526445377206329, 38.171168896723692 ], [ -79.526721375489686, 38.171039898477233 ], [ -79.527058373048078, 38.170951900743482 ], [ -79.527323371555866, 38.170797902372705 ], [ -79.527426372456489, 38.170443902475647 ], [ -79.527427375003768, 38.169935901567037 ], [ -79.52740837666974, 38.169636900891355 ], [ -79.527327378615823, 38.169386899857948 ], [ -79.526920383694673, 38.169063896347751 ], [ -79.52604339146319, 38.168998889921575 ], [ -79.525472396671404, 38.168925885682434 ], [ -79.525095400632466, 38.168771882693122 ], [ -79.524851404253653, 38.168457880372486 ], [ -79.524668407516643, 38.168110878431399 ], [ -79.524405414196167, 38.167206874912324 ], [ -79.524284417958668, 38.166649873039454 ], [ -79.52393842328452, 38.166157869665653 ], [ -79.523460428597502, 38.165891865749536 ], [ -79.523062433119762, 38.165648862450361 ], [ -79.522462441712761, 38.164914856815827 ], [ -79.521985448903166, 38.164252852195695 ], [ -79.521660454848828, 38.163582848654563 ], [ -79.521529459521176, 38.162840846378963 ], [ -79.521560460472628, 38.162590846152362 ], [ -79.521867459260875, 38.162316847866535 ], [ -79.522541455654519, 38.161913851986469 ], [ -79.523542450716988, 38.161236857963125 ], [ -79.524697445836694, 38.160301864580831 ], [ -79.52507544409697, 38.160027866803951 ], [ -79.525769439697072, 38.159770871328121 ], [ -79.526167437371839, 38.159584873852914 ], [ -79.526708434285183, 38.159318877261015 ], [ -79.527740428749794, 38.158746883644952 ], [ -79.528087426289517, 38.158674886008313 ], [ -79.528699421756585, 38.158586890246688 ], [ -79.52898442001306, 38.158473892090484 ], [ -79.529209418799994, 38.15835289348874 ], [ -79.529536417704392, 38.158046895285821 ], [ -79.529761417196937, 38.157788896436657 ], [ -79.529996416080195, 38.157634897846954 ], [ -79.530506412734354, 38.157481901234583 ], [ -79.531617404396826, 38.157354908986385 ], [ -79.532734397015631, 38.157036916435814 ], [ -79.533025396961364, 38.156596917730752 ], [ -79.533285397222841, 38.156145918783047 ], [ -79.533314404050941, 38.154795916550697 ], [ -79.533198406897753, 38.154428915054226 ], [ -79.532735413698845, 38.153833910653987 ], [ -79.532631414830007, 38.153775909802384 ], [ -79.532220421855627, 38.153053905546457 ], [ -79.531864427394282, 38.152530902045591 ], [ -79.531663429707095, 38.152391900351439 ], [ -79.531054435006581, 38.152299895813044 ], [ -79.530909435562833, 38.152414894979714 ], [ -79.530517439485692, 38.152255891878326 ], [ -79.529721445911591, 38.15223188612034 ], [ -79.528690454414871, 38.152164878597716 ], [ -79.527476465655027, 38.151840869298148 ], [ -79.527047469091272, 38.151831866202123 ], [ -79.526465472606915, 38.152048862415029 ], [ -79.52585247597338, 38.152346858551091 ], [ -79.525433478940201, 38.152417855670869 ], [ -79.523667492434129, 38.152519843175533 ], [ -79.522901498077445, 38.152607837834381 ], [ -79.522338501488079, 38.152824834182503 ], [ -79.521848503784668, 38.153153831255928 ], [ -79.521192506671412, 38.153636827413933 ], [ -79.520702509532214, 38.153853824285413 ], [ -79.520193513207545, 38.153933820774206 ], [ -79.519651517844977, 38.153867816763714 ], [ -79.519017523132618, 38.153818812123205 ], [ -79.518853524136588, 38.15388281106047 ], [ -79.518545524345797, 38.154357809701423 ], [ -79.518167525582939, 38.154735807665404 ], [ -79.516878534360956, 38.155064798998637 ], [ -79.515889541985146, 38.155129792012495 ], [ -79.514848550758188, 38.155036784369656 ], [ -79.514607552643355, 38.155046782656775 ], [ -79.514209555566836, 38.155104779902317 ], [ -79.513922557807788, 38.155117777864504 ], [ -79.512250572303074, 38.154875765423569 ], [ -79.510627586124642, 38.154690753437073 ], [ -79.509790592462622, 38.154771747571026 ], [ -79.509184596571728, 38.154939743519279 ], [ -79.508450600730896, 38.155331738948206 ], [ -79.505216618763001, 38.157181719021175 ], [ -79.504109624762563, 38.15787771230957 ], [ -79.503613627061554, 38.158285709473205 ], [ -79.503240628445013, 38.158676707490066 ], [ -79.503117628154328, 38.15898370715329 ], [ -79.502904628188759, 38.15938870634433 ], [ -79.502511629784166, 38.159773704206046 ], [ -79.502064632223977, 38.160064701512297 ], [ -79.501519635529561, 38.160342698090702 ], [ -79.501293636212296, 38.16062469696859 ], [ -79.500957636723811, 38.161167695520312 ], [ -79.500719637826407, 38.16137469417815 ], [ -79.500051642153352, 38.161659689884083 ], [ -79.499760641698657, 38.161898689335686 ], [ -79.499604639777374, 38.162384689803169 ], [ -79.499412638897894, 38.162620689734233 ], [ -79.499072637915575, 38.162898689362343 ], [ -79.498670637278778, 38.1630996886947 ], [ -79.498338636917723, 38.163225688071549 ], [ -79.497957636910428, 38.163270687180322 ], [ -79.497604636561107, 38.163396686502132 ], [ -79.497514636114857, 38.163516686482978 ], [ -79.497497633621592, 38.164131687516814 ], [ -79.497354632717844, 38.164370687569566 ], [ -79.497088632093522, 38.164555687212079 ], [ -79.495575630351013, 38.165166684394599 ], [ -79.494563628992921, 38.16562668258706 ], [ -79.49356262677513, 38.166302681166862 ], [ -79.492927626394319, 38.166477679826251 ], [ -79.492530625987442, 38.166629679059241 ], [ -79.49228462537728, 38.166813678735473 ], [ -79.492058624446614, 38.167075678594493 ], [ -79.491570624051931, 38.167237677604618 ], [ -79.491230623921027, 38.167314676853543 ], [ -79.490824624131221, 38.167314675801542 ], [ -79.490537624136834, 38.167350675118193 ], [ -79.490341623623138, 38.16750567486968 ], [ -79.489907, 38.168136 ], [ -79.489694, 38.16834 ], [ -79.489477, 38.16844 ], [ -79.488731, 38.168596 ], [ -79.488296, 38.168735 ], [ -79.487165, 38.169408 ], [ -79.486866, 38.169544 ], [ -79.486435, 38.169615 ], [ -79.485525, 38.169686 ], [ -79.485128, 38.169764 ], [ -79.484788, 38.169964 ], [ -79.484365, 38.170158 ], [ -79.483923, 38.170272 ], [ -79.483046, 38.170346 ], [ -79.482324, 38.170333 ], [ -79.481603, 38.170301 ], [ -79.479959, 38.169777 ], [ -79.479115, 38.169311 ], [ -79.477336, 38.168777 ], [ -79.475864, 38.168505 ], [ -79.474938, 38.168175 ], [ -79.472962, 38.167145 ], [ -79.472345, 38.166668 ], [ -79.471794, 38.166283 ], [ -79.471447, 38.166179 ], [ -79.47107, 38.166106 ], [ -79.470785, 38.165897 ], [ -79.470154, 38.165205 ], [ -79.469879, 38.165116 ], [ -79.469512, 38.165196 ], [ -79.469206, 38.165142 ], [ -79.468963, 38.165278 ], [ -79.468698, 38.165527 ], [ -79.468545, 38.165519 ], [ -79.467639, 38.165624 ], [ -79.467028, 38.165825 ], [ -79.466488, 38.166228 ], [ -79.466162, 38.166317 ], [ -79.46602, 38.166583 ], [ -79.465746, 38.166697 ], [ -79.464514, 38.166309 ], [ -79.464399, 38.166316 ], [ -79.464014, 38.166341 ], [ -79.463535, 38.166188 ], [ -79.462263, 38.165593 ], [ -79.461856, 38.165367 ], [ -79.461327, 38.164804 ], [ -79.45922, 38.163331 ], [ -79.458725, 38.163088 ], [ -79.458334, 38.163057 ], [ -79.455604, 38.165199 ], [ -79.45536, 38.165352 ], [ -79.455004, 38.165465 ], [ -79.454047, 38.165256 ], [ -79.453802, 38.165159 ], [ -79.453314, 38.16474 ], [ -79.453171, 38.164587 ], [ -79.452795, 38.164532 ], [ -79.452372, 38.16455 ], [ -79.452007, 38.164655 ], [ -79.451683, 38.165048 ], [ -79.451309, 38.165451 ], [ -79.450733, 38.165926 ], [ -79.4505, 38.166007 ], [ -79.449963, 38.166127 ], [ -79.449142, 38.166192 ], [ -79.448604, 38.166336 ], [ -79.448301, 38.166497 ], [ -79.44732, 38.167342 ], [ -79.447128, 38.167696 ], [ -79.446672, 38.167906 ], [ -79.446257, 38.168259 ], [ -79.44575, 38.168396 ], [ -79.445426, 38.168235 ], [ -79.444993, 38.167687 ], [ -79.444606, 38.167269 ], [ -79.444148, 38.167003 ], [ -79.443486, 38.166802 ], [ -79.441685, 38.166335 ], [ -79.439419, 38.164829 ], [ -79.436942, 38.163243 ], [ -79.436769, 38.163026 ], [ -79.436678, 38.1628 ], [ -79.436699, 38.162092 ], [ -79.43677, 38.161762 ], [ -79.438024, 38.159958 ], [ -79.438126, 38.159685 ], [ -79.438401, 38.159411 ], [ -79.43872, 38.158896 ], [ -79.439176, 38.157624 ], [ -79.440074, 38.155361 ], [ -79.441847, 38.152511 ], [ -79.442408, 38.151384 ], [ -79.443396, 38.150209 ], [ -79.44363, 38.149887 ], [ -79.445118, 38.147568 ], [ -79.447135, 38.14537 ], [ -79.448927, 38.14388 ], [ -79.45017, 38.14223 ], [ -79.450679, 38.14169 ], [ -79.45185, 38.140644 ], [ -79.452349, 38.140241 ], [ -79.452766, 38.13983 ], [ -79.453225, 38.139339 ], [ -79.454019, 38.138172 ], [ -79.454854, 38.137391 ], [ -79.456188, 38.136086 ], [ -79.457634, 38.134838 ], [ -79.458469, 38.133888 ], [ -79.459619, 38.132519 ], [ -79.460943, 38.131408 ], [ -79.462134, 38.130675 ], [ -79.46304, 38.129894 ], [ -79.46412, 38.128879 ], [ -79.465718, 38.127341 ], [ -79.466624, 38.126769 ], [ -79.467001, 38.126286 ], [ -79.468467, 38.125126 ], [ -79.469049, 38.124602 ], [ -79.46918, 38.124534 ], [ -79.469334, 38.124364 ], [ -79.469738, 38.123983 ], [ -79.469807, 38.123861 ], [ -79.470573, 38.12313 ], [ -79.471163, 38.122363 ], [ -79.47159, 38.121855 ], [ -79.472363, 38.120685 ], [ -79.472567, 38.120322 ], [ -79.472821, 38.119951 ], [ -79.474205, 38.118241 ], [ -79.474505, 38.118022 ], [ -79.474724, 38.117623 ], [ -79.475242, 38.116802 ], [ -79.47582, 38.116194 ], [ -79.476367, 38.115655 ], [ -79.477328, 38.114546 ], [ -79.478199, 38.113398 ], [ -79.479182, 38.112223 ], [ -79.480491, 38.110724 ], [ -79.48081, 38.110217 ], [ -79.481247, 38.109871 ], [ -79.48156, 38.109592 ], [ -79.48202, 38.109135 ], [ -79.482099, 38.108904 ], [ -79.482571, 38.108456 ], [ -79.483982, 38.106815 ], [ -79.485037, 38.105266 ], [ -79.485356, 38.104866 ], [ -79.485709, 38.104483 ], [ -79.485887, 38.104135 ], [ -79.486607, 38.103256 ], [ -79.486984, 38.102884 ], [ -79.487205, 38.102642 ], [ -79.487439, 38.102387 ], [ -79.487715, 38.102196 ], [ -79.488205, 38.101793 ], [ -79.488608, 38.101379 ], [ -79.489722, 38.099627 ], [ -79.489739, 38.099407 ], [ -79.48995, 38.099152 ], [ -79.490266896664352, 38.098710559594608 ], [ -79.490584898831329, 38.098198559322661 ], [ -79.491198901656077, 38.097554559367282 ], [ -79.491914904732312, 38.096861559506529 ], [ -79.491962905100849, 38.096774559446914 ], [ -79.492432906744966, 38.096415559694449 ], [ -79.492670908432359, 38.09602055945615 ], [ -79.492829909017075, 38.095892559526909 ], [ -79.493256911248622, 38.095384559434628 ], [ -79.489833, 38.092557 ], [ -79.487484, 38.090497 ], [ -79.48693, 38.090061 ], [ -79.486634, 38.089817 ], [ -79.486485, 38.089659 ], [ -79.486309, 38.089532 ], [ -79.485932, 38.089186 ], [ -79.482971, 38.086598 ], [ -79.482668, 38.086054 ], [ -79.467154, 38.076857 ], [ -79.46634, 38.076376 ], [ -79.466146, 38.076259 ], [ -79.452367, 38.068092 ], [ -79.440552, 38.061093 ], [ -79.425347, 38.05209 ], [ -79.422111, 38.05017 ], [ -79.422013, 38.050115 ], [ -79.4215, 38.049807 ], [ -79.407642, 38.041604 ], [ -79.407464, 38.041498 ], [ -79.398012, 38.035902 ], [ -79.390829, 38.031653 ], [ -79.390496, 38.031452 ], [ -79.386514, 38.029092 ], [ -79.37409, 38.021738 ], [ -79.367861, 38.018032 ], [ -79.367529, 38.017836 ], [ -79.357239, 38.011715 ], [ -79.348476, 38.006529 ], [ -79.343596, 38.003644 ], [ -79.341188, 38.002219 ], [ -79.33776, 38.000189 ], [ -79.326459, 37.993923 ], [ -79.319385, 37.99 ], [ -79.306743, 37.982993 ], [ -79.306449, 37.982829 ], [ -79.298178, 37.978239 ], [ -79.293264, 37.97549 ], [ -79.292473, 37.975939 ], [ -79.288886, 37.977975 ], [ -79.275344, 37.982924 ], [ -79.271863, 37.98433 ], [ -79.263247, 37.987554 ], [ -79.255977, 37.990224 ], [ -79.255218, 37.990504 ], [ -79.250348, 37.992243 ], [ -79.24335, 37.995222 ], [ -79.239783, 37.996822 ], [ -79.232656, 38.000131 ], [ -79.231543, 38.000593 ], [ -79.226892, 38.002655 ], [ -79.213681, 38.008457 ], [ -79.205974, 38.011822 ], [ -79.196307, 38.016085 ], [ -79.195953, 38.015984 ], [ -79.195668, 38.015964 ], [ -79.194184, 38.016164 ], [ -79.19379, 38.016166 ], [ -79.193595, 38.016145 ], [ -79.193403, 38.01611 ], [ -79.193143, 38.016036 ], [ -79.192029, 38.015563 ], [ -79.191667, 38.015444 ], [ -79.191432, 38.015388 ], [ -79.190493, 38.015237 ], [ -79.190002, 38.015133 ], [ -79.188964, 38.014869 ], [ -79.188719, 38.014788 ], [ -79.188289, 38.014599 ], [ -79.187792, 38.014285 ], [ -79.187382, 38.013977 ], [ -79.187064, 38.013613 ], [ -79.186592, 38.013126 ], [ -79.186388, 38.012978 ], [ -79.18588, 38.012664 ], [ -79.185533, 38.0124 ], [ -79.184288, 38.011024 ], [ -79.183987, 38.010738 ], [ -79.183196, 38.010072 ], [ -79.18273, 38.009726 ], [ -79.182524, 38.009595 ], [ -79.182234, 38.009465 ], [ -79.182038, 38.009411 ], [ -79.181834, 38.009372 ], [ -79.181636, 38.009369 ], [ -79.181405, 38.00943 ], [ -79.181143, 38.009558 ], [ -79.180601, 38.009871 ], [ -79.180395, 38.009942 ], [ -79.180301, 38.009949 ], [ -79.180207, 38.009942 ], [ -79.18002, 38.009889 ], [ -79.179446, 38.009594 ], [ -79.179255, 38.009519 ], [ -79.179134, 38.009492 ], [ -79.178995, 38.009618 ], [ -79.178897, 38.009716 ], [ -79.177368, 38.011213 ], [ -79.177218, 38.011399 ], [ -79.177073, 38.011629 ], [ -79.176827, 38.012093 ], [ -79.176717, 38.01226 ], [ -79.176627, 38.012369 ], [ -79.176327, 38.012654 ], [ -79.175922, 38.012944 ], [ -79.175575, 38.013143 ], [ -79.174052, 38.01394 ], [ -79.172795, 38.01456 ], [ -79.172451, 38.01476 ], [ -79.170602, 38.01613 ], [ -79.169985, 38.016618 ], [ -79.169801, 38.016803 ], [ -79.169781, 38.016836 ], [ -79.169633, 38.017616 ], [ -79.169035, 38.018845 ], [ -79.167963, 38.020633 ], [ -79.167859, 38.020808 ], [ -79.167705, 38.021109 ], [ -79.167217, 38.022246 ], [ -79.166938, 38.022839 ], [ -79.166782, 38.023056 ], [ -79.166682, 38.023153 ], [ -79.16655, 38.023258 ], [ -79.166401, 38.023345 ], [ -79.164955, 38.024015 ], [ -79.164643, 38.024183 ], [ -79.162595, 38.025541 ], [ -79.161989, 38.025903 ], [ -79.161444, 38.026255 ], [ -79.161169, 38.026502 ], [ -79.161052, 38.026654 ], [ -79.159977, 38.028301 ], [ -79.159896, 38.028175 ], [ -79.159841, 38.028048 ], [ -79.159702, 38.027087 ], [ -79.159626, 38.026878 ], [ -79.159126, 38.02679 ], [ -79.159001, 38.026746 ], [ -79.158647, 38.026538 ], [ -79.158106, 38.026142 ], [ -79.157856, 38.025994 ], [ -79.157703, 38.025917 ], [ -79.157411, 38.025807 ], [ -79.157238, 38.025785 ], [ -79.156773, 38.025801 ], [ -79.156592, 38.025785 ], [ -79.15546, 38.025598 ], [ -79.154933, 38.025455 ], [ -79.154815, 38.025389 ], [ -79.154725, 38.025306 ], [ -79.154662, 38.025213 ], [ -79.154482, 38.024845 ], [ -79.154385, 38.024702 ], [ -79.154273, 38.024576 ], [ -79.153885, 38.02424 ], [ -79.153524, 38.0239 ], [ -79.153399, 38.023818 ], [ -79.153281, 38.023763 ], [ -79.153061, 38.02371 ], [ -79.152981, 38.024291 ], [ -79.153002, 38.024924 ], [ -79.152998, 38.026245 ], [ -79.153008, 38.026962 ], [ -79.153114, 38.028726 ], [ -79.153164, 38.029055 ], [ -79.153284, 38.029322 ], [ -79.153427, 38.029515 ], [ -79.153957, 38.030123 ], [ -79.154031, 38.030276 ], [ -79.154032, 38.030369 ], [ -79.153988, 38.030527 ], [ -79.153867, 38.030825 ], [ -79.153781, 38.030955 ], [ -79.154169, 38.031072 ], [ -79.154594, 38.031159 ], [ -79.154851, 38.031194 ], [ -79.155378, 38.031218 ], [ -79.155852, 38.03119 ], [ -79.157233, 38.030999 ], [ -79.157763, 38.030989 ], [ -79.15821, 38.031026 ], [ -79.158679, 38.031108 ], [ -79.159018, 38.0312 ], [ -79.161215, 38.031983 ], [ -79.162105, 38.032203 ], [ -79.162299, 38.032265 ], [ -79.162485, 38.032341 ], [ -79.16279, 38.032498 ], [ -79.162986, 38.032618 ], [ -79.16159, 38.033897 ], [ -79.154663, 38.040348 ], [ -79.152257, 38.042355 ], [ -79.141914, 38.051072 ], [ -79.129302, 38.061634 ], [ -79.128066, 38.062691 ], [ -79.122565, 38.062569 ], [ -79.120571, 38.062494 ], [ -79.116362, 38.062356 ], [ -79.116308, 38.06234 ], [ -79.115368, 38.062305 ], [ -79.114941, 38.062324 ], [ -79.113526, 38.062337 ], [ -79.114038, 38.061822 ], [ -79.114207, 38.061618000000109 ], [ -79.112981, 38.060611 ], [ -79.112869, 38.06071 ], [ -79.110778, 38.06242 ], [ -79.110156, 38.062918 ], [ -79.109028, 38.063799 ], [ -79.107715, 38.064766 ], [ -79.107043, 38.065216 ], [ -79.106461, 38.065632 ], [ -79.104257, 38.067043 ], [ -79.10326, 38.067636 ], [ -79.101254, 38.068763 ], [ -79.099993, 38.069412 ], [ -79.097639, 38.070553 ], [ -79.093328, 38.072595 ], [ -79.092625, 38.072949 ], [ -79.091478, 38.073566 ], [ -79.090424, 38.074177 ], [ -79.089563, 38.074714 ], [ -79.088845, 38.075186 ], [ -79.088001, 38.075778 ], [ -79.087132, 38.076433 ], [ -79.087698, 38.076876 ], [ -79.088798, 38.077699 ], [ -79.089227, 38.077974 ], [ -79.089492, 38.078127 ], [ -79.089755, 38.078246 ], [ -79.090179, 38.078401 ], [ -79.090411, 38.078466 ], [ -79.09103, 38.078604 ], [ -79.091796, 38.078668 ], [ -79.092392, 38.07867 ], [ -79.093087, 38.078601 ], [ -79.096107, 38.078069 ], [ -79.096706, 38.078 ], [ -79.097099, 38.077988 ], [ -79.097694, 38.078014 ], [ -79.098173, 38.078076 ], [ -79.098799, 38.078223 ], [ -79.099542, 38.078471 ], [ -79.099331, 38.078799 ], [ -79.098173, 38.080374 ], [ -79.097111, 38.08186 ], [ -79.096448, 38.082729 ], [ -79.095232, 38.084384 ], [ -79.094841, 38.084944 ], [ -79.092747, 38.087765 ], [ -79.088813, 38.093119 ], [ -79.087726, 38.094585 ], [ -79.087215, 38.095133 ], [ -79.086991, 38.095086 ], [ -79.086907, 38.095086 ], [ -79.086748, 38.095152 ], [ -79.08649, 38.095322 ], [ -79.0864, 38.09535 ], [ -79.086352, 38.095306 ], [ -79.086212, 38.094795 ], [ -79.086087, 38.094603 ], [ -79.085948, 38.094466 ], [ -79.085517, 38.094317 ], [ -79.085413, 38.094317 ], [ -79.085323, 38.094356 ], [ -79.085239, 38.094427 ], [ -79.08517, 38.094576 ], [ -79.085045, 38.094647 ], [ -79.084871, 38.094702 ], [ -79.084683, 38.094702 ], [ -79.084489, 38.094647 ], [ -79.084419, 38.094603 ], [ -79.084384, 38.094521 ], [ -79.084523, 38.094466 ], [ -79.084544, 38.094274 ], [ -79.084648, 38.093889 ], [ -79.084857, 38.093724 ], [ -79.085058, 38.093614 ], [ -79.085218, 38.093504 ], [ -79.085274, 38.093411 ], [ -79.085253, 38.093329 ], [ -79.085169, 38.093186 ], [ -79.085169, 38.093093 ], [ -79.085287, 38.092763 ], [ -79.085287, 38.092571 ], [ -79.085239, 38.092335 ], [ -79.085169, 38.092197 ], [ -79.08494, 38.091967 ], [ -79.084766, 38.091868 ], [ -79.084676, 38.091857 ], [ -79.084557, 38.091884 ], [ -79.084141, 38.092066 ], [ -79.083911, 38.092088 ], [ -79.083772, 38.092033 ], [ -79.083654, 38.091868 ], [ -79.083355, 38.09128 ], [ -79.083216, 38.09111 ], [ -79.083028, 38.091 ], [ -79.08282, 38.090918 ], [ -79.082542, 38.090698 ], [ -79.082222, 38.090396 ], [ -79.082139, 38.090358 ], [ -79.081826, 38.090358 ], [ -79.081618, 38.090331 ], [ -79.08127, 38.090204 ], [ -79.080971, 38.090138 ], [ -79.080749, 38.090029 ], [ -79.080471, 38.089946 ], [ -79.080297, 38.089875 ], [ -79.080137, 38.089864 ], [ -79.07988, 38.089891 ], [ -79.079776, 38.089864 ], [ -79.079651, 38.089793 ], [ -79.079546, 38.089754 ], [ -79.079034, 38.089631 ], [ -79.078886, 38.089589 ], [ -79.078587, 38.089535 ], [ -79.0784, 38.089518 ], [ -79.078101, 38.089518 ], [ -79.077566, 38.089381 ], [ -79.077389, 38.089353 ], [ -79.076736, 38.089232 ], [ -79.076384, 38.089161 ], [ -79.076176, 38.089134 ], [ -79.076016, 38.089178 ], [ -79.075912, 38.089189 ], [ -79.075599, 38.089299 ], [ -79.075217, 38.089409 ], [ -79.075113, 38.089409 ], [ -79.074953, 38.08937 ], [ -79.074814, 38.089288 ], [ -79.074605, 38.089216 ], [ -79.074432, 38.089178 ], [ -79.074188, 38.089205 ], [ -79.074015, 38.089206 ], [ -79.073876, 38.089178 ], [ -79.073792, 38.089107 ], [ -79.073737, 38.089013 ], [ -79.073792, 38.088887 ], [ -79.073792, 38.088832 ], [ -79.073702, 38.088777 ], [ -79.073202, 38.088558 ], [ -79.073097, 38.088547 ], [ -79.072917, 38.088684 ], [ -79.072778, 38.088821 ], [ -79.072465, 38.088876 ], [ -79.072013, 38.089041 ], [ -79.071721, 38.089178 ], [ -79.071527, 38.089288 ], [ -79.071423, 38.089442 ], [ -79.071235, 38.089552 ], [ -79.07104, 38.089618 ], [ -79.070887, 38.089634 ], [ -79.07038, 38.089552 ], [ -79.069998, 38.089563 ], [ -79.069706, 38.089552 ], [ -79.069463, 38.08948 ], [ -79.06906, 38.089387 ], [ -79.06897, 38.089195 ], [ -79.06899, 38.089096 ], [ -79.069178, 38.088893 ], [ -79.069164, 38.088799 ], [ -79.069004, 38.088684 ], [ -79.068678, 38.088492 ], [ -79.068017, 38.088025 ], [ -79.067392, 38.087531 ], [ -79.067336, 38.087421 ], [ -79.067371, 38.087284 ], [ -79.067336, 38.087174 ], [ -79.067183, 38.086982 ], [ -79.067024, 38.086872 ], [ -79.06685, 38.086817 ], [ -79.066676, 38.086773 ], [ -79.066377, 38.086773 ], [ -79.066273, 38.086734 ], [ -79.066204, 38.086581 ], [ -79.066224, 38.086416 ], [ -79.066169, 38.086169 ], [ -79.066099, 38.086042 ], [ -79.065648, 38.085949 ], [ -79.065439, 38.085933 ], [ -79.065321, 38.085878 ], [ -79.065321, 38.085812 ], [ -79.065391, 38.085713 ], [ -79.065356, 38.08562 ], [ -79.065265, 38.085576 ], [ -79.06473, 38.085565 ], [ -79.06464, 38.085493 ], [ -79.064591, 38.085356 ], [ -79.064487, 38.085263 ], [ -79.064258, 38.085219 ], [ -79.063646, 38.08518 ], [ -79.063334, 38.085125 ], [ -79.063125, 38.085109 ], [ -79.063059, 38.085122 ], [ -79.062991, 38.084875 ], [ -79.062932, 38.084749 ], [ -79.062801, 38.084589 ], [ -79.062539, 38.084374 ], [ -79.062254, 38.084223 ], [ -79.061923, 38.084103 ], [ -79.059745, 38.083556 ], [ -79.058617, 38.083257 ], [ -79.058166, 38.083159 ], [ -79.056568, 38.082733 ], [ -79.056252, 38.082608 ], [ -79.056018, 38.082479 ], [ -79.055868, 38.082374 ], [ -79.055231, 38.081823 ], [ -79.055103, 38.08173 ], [ -79.054962, 38.081647 ], [ -79.054273, 38.081318 ], [ -79.054029, 38.081169 ], [ -79.053379, 38.080625 ], [ -79.052718, 38.080108 ], [ -79.052572, 38.079949 ], [ -79.052392, 38.079691 ], [ -79.052204, 38.079275 ], [ -79.052164, 38.07913 ], [ -79.052117, 38.078702 ], [ -79.052093, 38.078606 ], [ -79.05204, 38.078497 ], [ -79.051979, 38.078412 ], [ -79.05185, 38.078282 ], [ -79.051504, 38.078035 ], [ -79.051426, 38.077983 ], [ -79.051305, 38.077937 ], [ -79.051018, 38.077884 ], [ -79.050523, 38.077859 ], [ -79.049857, 38.077876 ], [ -79.049533, 38.077911 ], [ -79.049125, 38.077997 ], [ -79.04893, 38.078062 ], [ -79.048523, 38.078252 ], [ -79.048446, 38.078262 ], [ -79.048294, 38.078238 ], [ -79.048227, 38.078207 ], [ -79.048129, 38.078129 ], [ -79.04761, 38.077641 ], [ -79.04743, 38.077506 ], [ -79.047151, 38.077334 ], [ -79.045264, 38.07637 ], [ -79.0449, 38.076211 ], [ -79.044752, 38.076182 ], [ -79.044544, 38.076201 ], [ -79.044456, 38.076231 ], [ -79.044131, 38.076396 ], [ -79.043959, 38.07642 ], [ -79.043878, 38.076413 ], [ -79.04149, 38.075848 ], [ -79.040627, 38.075596 ], [ -79.038757, 38.074992 ], [ -79.036269, 38.074011 ], [ -79.033799, 38.073075 ], [ -79.031339, 38.072111 ], [ -79.031187, 38.072034 ], [ -79.031058, 38.071947 ], [ -79.030949, 38.071845 ], [ -79.030817, 38.071673 ], [ -79.030604, 38.071322 ], [ -79.029176, 38.068724 ], [ -79.028853, 38.068298 ], [ -79.028698, 38.068141 ], [ -79.02836, 38.067851 ], [ -79.027448, 38.067102 ], [ -79.026987, 38.066798 ], [ -79.027388, 38.065957 ], [ -79.027617, 38.065333 ], [ -79.027706, 38.065038 ], [ -79.027871, 38.064209 ], [ -79.027911, 38.063527 ], [ -79.02791, 38.063188 ], [ -79.027824, 38.06227 ], [ -79.027653, 38.06069 ], [ -79.02764, 38.060385 ], [ -79.027664, 38.059937 ], [ -79.027781, 38.059484 ], [ -79.027947, 38.059104 ], [ -79.028131, 38.058804 ], [ -79.02827, 38.058613 ], [ -79.028516, 38.058343 ], [ -79.028262, 38.058118 ], [ -79.028173, 38.057994 ], [ -79.028145, 38.057889 ], [ -79.028122, 38.057415 ], [ -79.028074, 38.056351 ], [ -79.028081, 38.055972 ], [ -79.027951, 38.053709 ], [ -79.027875, 38.053337 ], [ -79.027812, 38.053155 ], [ -79.027733, 38.052978 ], [ -79.027507, 38.052657 ], [ -79.027376, 38.052505 ], [ -79.025844, 38.050936 ], [ -79.025254, 38.050251 ], [ -79.025099, 38.05012 ], [ -79.024906, 38.050025 ], [ -79.023128, 38.049376 ], [ -79.022887, 38.049243 ], [ -79.022781, 38.049163 ], [ -79.022286, 38.048692 ], [ -79.022206, 38.048637 ], [ -79.022048, 38.048567 ], [ -79.021918, 38.048535 ], [ -79.021766, 38.048524 ], [ -79.021653, 38.048523 ], [ -79.021125, 38.048596 ], [ -79.020405, 38.048734 ], [ -79.019065, 38.04918 ], [ -79.018294, 38.049443 ], [ -79.016106, 38.050151 ], [ -79.016008, 38.050195 ], [ -79.015936, 38.050239 ], [ -79.015808, 38.050364 ], [ -79.015424, 38.050967 ], [ -79.015313, 38.051056 ], [ -79.015226, 38.051087 ], [ -79.015185, 38.051221 ], [ -79.015058, 38.051404 ], [ -79.014499, 38.05199 ], [ -79.013683, 38.052867 ], [ -79.01253, 38.05416 ], [ -79.012323, 38.054366 ], [ -79.011991, 38.054622 ], [ -79.010684, 38.05537 ], [ -79.009194, 38.056283 ], [ -79.008752, 38.056559 ], [ -79.008541, 38.056708 ], [ -79.006344, 38.058637 ], [ -79.006085, 38.058904 ], [ -79.005671, 38.059463 ], [ -79.005466, 38.059639 ], [ -79.005372, 38.059693 ], [ -79.005185, 38.059766 ], [ -79.003735, 38.060139 ], [ -79.003193, 38.060341 ], [ -79.002714, 38.060582 ], [ -79.002254, 38.060835 ], [ -79.001396, 38.061314 ], [ -79.001239, 38.061417 ], [ -79.001114, 38.061509 ], [ -79.000795, 38.061794 ], [ -79.000653, 38.061956 ], [ -79.000547, 38.062113 ], [ -78.999794, 38.06357 ], [ -78.999632, 38.063889 ], [ -78.999005, 38.06516 ], [ -78.998918, 38.065406 ], [ -78.99889, 38.065549 ], [ -78.998639, 38.068525 ], [ -78.998597, 38.068813 ], [ -78.998297, 38.070284 ], [ -78.998286, 38.07049 ], [ -78.998357, 38.071106 ], [ -78.998367, 38.071393 ], [ -78.998077, 38.073459 ], [ -78.99808, 38.073577 ], [ -78.998131, 38.073764 ], [ -78.998531, 38.074491 ], [ -78.998724, 38.07482 ], [ -78.998956, 38.075153 ], [ -78.999476, 38.075753 ], [ -79.000013, 38.07636 ], [ -78.994723, 38.077644 ], [ -78.994433, 38.077742 ], [ -78.994099, 38.077886 ], [ -78.993697, 38.078116 ], [ -78.993493, 38.078264 ], [ -78.992957, 38.078759 ], [ -78.992616, 38.079149 ], [ -78.992381, 38.079462 ], [ -78.991644, 38.080577 ], [ -78.991506, 38.080792 ], [ -78.991296, 38.081072 ], [ -78.99105, 38.081342 ], [ -78.990529, 38.081832 ], [ -78.989809, 38.082359 ], [ -78.98946, 38.082572 ], [ -78.989016, 38.082815 ], [ -78.988695, 38.082996 ], [ -78.988365, 38.083189 ], [ -78.987086, 38.083897 ], [ -78.98593, 38.084571 ], [ -78.985415, 38.084843 ], [ -78.983184, 38.086113 ], [ -78.982695, 38.086416 ], [ -78.982255, 38.08672 ], [ -78.981668, 38.08721 ], [ -78.981416, 38.087448 ], [ -78.981019, 38.087876 ], [ -78.980513, 38.088534 ], [ -78.980212, 38.089022 ], [ -78.980016, 38.089414 ], [ -78.979873, 38.089756 ], [ -78.979787, 38.089992 ], [ -78.979344, 38.091263 ], [ -78.979175, 38.091611 ], [ -78.979441, 38.091786 ], [ -78.980158, 38.092427 ], [ -78.980436, 38.092705 ], [ -78.980589, 38.092932 ], [ -78.981303, 38.095076 ], [ -78.981365, 38.09553 ], [ -78.981385, 38.095882 ], [ -78.981448, 38.097993 ], [ -78.981494, 38.098494 ], [ -78.981501, 38.098597 ], [ -78.98149, 38.098686 ], [ -78.981267, 38.099039 ], [ -78.981034, 38.099988 ], [ -78.981016, 38.100156 ], [ -78.981023, 38.100455 ], [ -78.981071, 38.100769 ], [ -78.98118, 38.101072 ], [ -78.981258, 38.101218 ], [ -78.981685, 38.101879 ], [ -78.981854, 38.102145 ], [ -78.98198, 38.10242 ], [ -78.98214, 38.103091 ], [ -78.982159, 38.103383 ], [ -78.982136, 38.103719 ], [ -78.981965, 38.104457 ], [ -78.981748, 38.105733 ], [ -78.981707, 38.105845 ], [ -78.981498, 38.106488 ], [ -78.981311, 38.106894 ], [ -78.981253, 38.106984 ], [ -78.980689, 38.107877 ], [ -78.980558, 38.108046 ], [ -78.98046, 38.108144 ], [ -78.978934, 38.109224 ], [ -78.97857, 38.109504 ], [ -78.978122, 38.109897 ], [ -78.977174, 38.110784 ], [ -78.976673, 38.111212 ], [ -78.976262, 38.111595 ], [ -78.975977, 38.111894 ], [ -78.975302, 38.112736 ], [ -78.974598, 38.113573 ], [ -78.974342, 38.113839 ], [ -78.973835, 38.114215 ], [ -78.972872, 38.114865 ], [ -78.972305, 38.115301 ], [ -78.971977, 38.115523 ], [ -78.971462, 38.115782 ], [ -78.971342, 38.115856 ], [ -78.971138, 38.116035 ], [ -78.971011, 38.116193 ], [ -78.970854, 38.116346 ], [ -78.970371, 38.116726 ], [ -78.969651, 38.117241 ], [ -78.969096, 38.117678 ], [ -78.968853, 38.117893 ], [ -78.96781, 38.118861 ], [ -78.967728, 38.118957 ], [ -78.967661, 38.119059 ], [ -78.967451, 38.119536 ], [ -78.967325, 38.119732 ], [ -78.967218, 38.119855 ], [ -78.967095, 38.119968 ], [ -78.966801, 38.120169 ], [ -78.966635, 38.120254 ], [ -78.966233, 38.120418 ], [ -78.966071, 38.120525 ], [ -78.965792, 38.120772 ], [ -78.965221, 38.121411 ], [ -78.964991, 38.12171 ], [ -78.964658, 38.122251 ], [ -78.964545, 38.122406 ], [ -78.96444, 38.122514 ], [ -78.964352, 38.12259 ], [ -78.962829, 38.123568 ], [ -78.962044, 38.124044 ], [ -78.96102, 38.124741 ], [ -78.960867, 38.124862 ], [ -78.960424, 38.125266 ], [ -78.960234, 38.125473 ], [ -78.959542, 38.126339 ], [ -78.959329, 38.126634 ], [ -78.959152, 38.126832 ], [ -78.958441, 38.127454 ], [ -78.957793, 38.128073 ], [ -78.957631, 38.128264 ], [ -78.957301, 38.128726 ], [ -78.956764, 38.129408 ], [ -78.956685, 38.129561 ], [ -78.95645, 38.130485 ], [ -78.956128, 38.131898 ], [ -78.955976, 38.13243 ], [ -78.955914, 38.132642 ], [ -78.955586, 38.133912 ], [ -78.955512, 38.134162 ], [ -78.955468, 38.134251 ], [ -78.955421, 38.134317 ], [ -78.95515, 38.134591 ], [ -78.954756, 38.134966 ], [ -78.953662, 38.135944 ], [ -78.952099, 38.134241 ], [ -78.948698, 38.130549 ], [ -78.947896, 38.12968 ], [ -78.946885, 38.128489 ], [ -78.946687, 38.128276 ], [ -78.946575, 38.128448 ], [ -78.945852, 38.129811 ], [ -78.945475, 38.130543 ], [ -78.945102, 38.131245 ], [ -78.944945, 38.131496 ], [ -78.944709, 38.13179 ], [ -78.944261, 38.132283 ], [ -78.943734, 38.132766 ], [ -78.943509, 38.133021 ], [ -78.943351, 38.133292 ], [ -78.942973, 38.134044 ], [ -78.942255, 38.135396 ], [ -78.942006, 38.135792 ], [ -78.941816, 38.13598 ], [ -78.941568, 38.136169 ], [ -78.941053, 38.136516 ], [ -78.940621, 38.136842 ], [ -78.940115, 38.137305 ], [ -78.93948, 38.137935 ], [ -78.93923, 38.138241 ], [ -78.937992, 38.13994 ], [ -78.937224, 38.141194 ], [ -78.936098, 38.143062 ], [ -78.934859, 38.145178 ], [ -78.934561, 38.145627 ], [ -78.933347, 38.147277 ], [ -78.928993, 38.15292 ], [ -78.928628, 38.153431 ], [ -78.924854, 38.151621 ], [ -78.922495, 38.150487 ], [ -78.921902, 38.150174 ], [ -78.921446, 38.149886 ], [ -78.920914, 38.149473 ], [ -78.920445, 38.149019 ], [ -78.920209, 38.148756 ], [ -78.914441, 38.141829 ], [ -78.914016, 38.141309 ], [ -78.913799, 38.141013 ], [ -78.913475, 38.141139 ], [ -78.913269, 38.141181 ], [ -78.913184, 38.141189 ], [ -78.912984, 38.141176 ], [ -78.912787, 38.141149 ], [ -78.910832, 38.140751 ], [ -78.909338, 38.140489 ], [ -78.908857, 38.140376 ], [ -78.906367, 38.139673 ], [ -78.905558, 38.139445 ], [ -78.904753, 38.139283 ], [ -78.902882, 38.138963 ], [ -78.90154, 38.138666 ], [ -78.901111, 38.138596 ], [ -78.900836, 38.138579 ], [ -78.899878, 38.138447 ], [ -78.899582, 38.138425 ], [ -78.899213, 38.138444 ], [ -78.89805, 38.138612 ], [ -78.897859, 38.138617 ], [ -78.897477, 38.138584 ], [ -78.896169, 38.138355 ], [ -78.895896, 38.138332 ], [ -78.895529, 38.138332 ], [ -78.89447, 38.138393 ], [ -78.894011, 38.138447 ], [ -78.892933, 38.138625 ], [ -78.891817, 38.138782 ], [ -78.891254, 38.138812 ], [ -78.889807, 38.138783 ], [ -78.88968, 38.138795 ], [ -78.889484, 38.13886 ], [ -78.889154, 38.139075 ], [ -78.889023, 38.139145 ], [ -78.888838, 38.139218 ], [ -78.887376, 38.139584 ], [ -78.887353, 38.139495 ], [ -78.887348, 38.139358 ], [ -78.887467, 38.13738 ], [ -78.887572, 38.136523 ], [ -78.887782, 38.135528 ], [ -78.888338, 38.133674 ], [ -78.888619, 38.132811 ], [ -78.888817, 38.132426 ], [ -78.88925, 38.131822 ], [ -78.890846, 38.129761 ], [ -78.891222, 38.129232 ], [ -78.891704, 38.128468 ], [ -78.892366, 38.127375 ], [ -78.893263, 38.126033 ], [ -78.894396, 38.124516 ], [ -78.894624, 38.124297 ], [ -78.894757, 38.124203 ], [ -78.895119, 38.124 ], [ -78.898713, 38.122207 ], [ -78.900549, 38.121318 ], [ -78.901148, 38.121011 ], [ -78.903308, 38.12 ], [ -78.90418, 38.119566 ], [ -78.90444, 38.119442 ], [ -78.906488, 38.118467 ], [ -78.908921, 38.11728 ], [ -78.909228, 38.117125000000101 ], [ -78.904463, 38.110829 ], [ -78.90327, 38.109254 ], [ -78.902987, 38.108833 ], [ -78.902769, 38.108419 ], [ -78.902589, 38.107907 ], [ -78.902523, 38.107598 ], [ -78.902487, 38.107319 ], [ -78.902445, 38.106453 ], [ -78.902403, 38.105196 ], [ -78.902316, 38.104514 ], [ -78.902142, 38.103814 ], [ -78.901941, 38.103243 ], [ -78.901791, 38.102904 ], [ -78.901537, 38.102426 ], [ -78.901284, 38.102017 ], [ -78.901012, 38.101631 ], [ -78.899346, 38.0994 ], [ -78.89913, 38.099079 ], [ -78.898907, 38.098679 ], [ -78.898778, 38.098362 ], [ -78.898685, 38.098046 ], [ -78.902327, 38.098494 ], [ -78.903795, 38.099802 ], [ -78.906207, 38.097872 ], [ -78.912753, 38.092237 ], [ -78.913897, 38.093077 ], [ -78.91561, 38.09157 ], [ -78.916365, 38.090917 ], [ -78.916415, 38.090878 ], [ -78.917232, 38.091437 ], [ -78.919131, 38.092576 ], [ -78.921446, 38.088475 ], [ -78.928578, 38.091526 ], [ -78.928783, 38.091464 ], [ -78.92872, 38.091305 ], [ -78.929064, 38.088634 ], [ -78.930163, 38.088639 ], [ -78.930867, 38.088642 ], [ -78.931006, 38.087031 ], [ -78.931101, 38.085934 ], [ -78.931152, 38.085341 ], [ -78.931971, 38.08361 ], [ -78.932074, 38.083463 ], [ -78.933164, 38.081915 ], [ -78.934145, 38.079257 ], [ -78.934979, 38.076853 ], [ -78.938309, 38.075468 ], [ -78.938855, 38.076317 ], [ -78.94155, 38.074573 ], [ -78.945097, 38.072277 ], [ -78.945972, 38.071733 ], [ -78.946589, 38.072119 ], [ -78.950248, 38.069509 ], [ -78.950277, 38.069486 ], [ -78.950081, 38.068669 ], [ -78.949106, 38.068302 ], [ -78.948509, 38.068104 ], [ -78.9507, 38.06448 ], [ -78.944318, 38.062522 ], [ -78.943131, 38.062288 ], [ -78.943198, 38.06202 ], [ -78.943229, 38.061896 ], [ -78.943194, 38.061468 ], [ -78.943161, 38.061065 ], [ -78.943126, 38.061066 ], [ -78.943122, 38.06104 ], [ -78.943082, 38.060373 ], [ -78.945627, 38.059197 ], [ -78.946037, 38.059006 ], [ -78.946036, 38.058981 ], [ -78.948533, 38.057846 ], [ -78.948386, 38.057691 ], [ -78.948181, 38.057482 ], [ -78.949287, 38.05702 ], [ -78.949417, 38.056956 ], [ -78.946641, 38.055587 ], [ -78.946465, 38.055474 ], [ -78.947621, 38.053008 ], [ -78.946597, 38.052477 ], [ -78.946801, 38.051985 ], [ -78.93936, 38.050378 ], [ -78.938491, 38.052034 ], [ -78.936835, 38.050869 ], [ -78.936453, 38.050583 ], [ -78.936278, 38.050392 ], [ -78.936151, 38.050186 ], [ -78.935732, 38.049595 ], [ -78.935612, 38.049356 ], [ -78.935541, 38.049139 ], [ -78.935231, 38.048661 ], [ -78.935217, 38.048597 ], [ -78.935231, 38.048441 ], [ -78.935184, 38.048336 ], [ -78.935062, 38.048331 ], [ -78.933638, 38.048627 ], [ -78.933487, 38.048733 ], [ -78.931648, 38.049215 ], [ -78.93023, 38.049548 ], [ -78.930213, 38.049494 ], [ -78.929892, 38.048945 ], [ -78.929252, 38.047891 ], [ -78.928967, 38.04739 ], [ -78.928933, 38.047297 ], [ -78.92884, 38.047331 ], [ -78.928808, 38.047275 ], [ -78.92864, 38.046979 ], [ -78.928523, 38.047012 ], [ -78.927147, 38.04497 ], [ -78.926471, 38.043899 ], [ -78.926718, 38.043813 ], [ -78.926735, 38.043297 ], [ -78.926286, 38.043578 ], [ -78.925646, 38.043975 ], [ -78.925593, 38.043272 ], [ -78.925222, 38.04179 ], [ -78.925011, 38.040797 ], [ -78.924817, 38.040093 ], [ -78.924284, 38.03813 ], [ -78.92416, 38.037594 ], [ -78.923464, 38.034047 ], [ -78.923366, 38.033892 ], [ -78.923166, 38.03373 ], [ -78.923374, 38.033534 ], [ -78.923618, 38.033375 ], [ -78.924319, 38.032706 ], [ -78.921941, 38.031403 ], [ -78.918574, 38.035527 ], [ -78.918015, 38.035935 ], [ -78.917116, 38.036602 ], [ -78.916023, 38.037329 ], [ -78.915826, 38.037479 ], [ -78.913559, 38.039036 ], [ -78.910729, 38.041007 ], [ -78.908001, 38.043128 ], [ -78.907099, 38.042476 ], [ -78.90418, 38.0428 ], [ -78.904086, 38.042809 ], [ -78.901342, 38.043593 ], [ -78.901421, 38.043687 ], [ -78.90135, 38.044122 ], [ -78.901304, 38.044396 ], [ -78.901189, 38.045117 ], [ -78.901192, 38.045255 ], [ -78.90054, 38.044823 ], [ -78.89679, 38.0418 ], [ -78.896091, 38.041328 ], [ -78.891772, 38.039438 ], [ -78.889185, 38.039501 ], [ -78.885996, 38.039358 ], [ -78.884605, 38.040712 ], [ -78.883398, 38.040535 ], [ -78.878961, 38.041825 ], [ -78.87814, 38.042643 ], [ -78.877327, 38.042746 ], [ -78.872753, 38.041425 ], [ -78.871469, 38.040441 ], [ -78.872163, 38.039587 ], [ -78.871947, 38.039363 ], [ -78.871584, 38.038895 ], [ -78.871333, 38.038498 ], [ -78.871171, 38.038192 ], [ -78.871117, 38.038082 ], [ -78.870886, 38.037444 ], [ -78.870532, 38.036363 ], [ -78.870373, 38.035935 ], [ -78.870118, 38.035418 ], [ -78.869993, 38.03522 ], [ -78.869711, 38.034839 ], [ -78.86934, 38.034442 ], [ -78.868857, 38.034039 ], [ -78.868637, 38.033883 ], [ -78.868187, 38.033612 ], [ -78.867572, 38.033314 ], [ -78.867004, 38.03311 ], [ -78.866211, 38.032935 ], [ -78.865847, 38.032885 ], [ -78.865359, 38.032836 ], [ -78.863987, 38.032771 ], [ -78.860503, 38.032676 ], [ -78.859631, 38.032673 ], [ -78.858948, 38.032652 ], [ -78.857456, 38.03263 ], [ -78.857495, 38.032446 ], [ -78.857513, 38.032269 ], [ -78.85755, 38.032122 ], [ -78.857638, 38.031945 ], [ -78.857649, 38.031745 ], [ -78.857692, 38.031586 ], [ -78.857721, 38.031411 ], [ -78.857783, 38.03122 ], [ -78.857796, 38.031175 ], [ -78.857785, 38.03099 ], [ -78.857825, 38.030734 ], [ -78.857834, 38.030674 ], [ -78.857851, 38.030559 ], [ -78.857928, 38.030426 ], [ -78.857882, 38.030203 ], [ -78.857901, 38.029803 ], [ -78.858104, 38.029432 ], [ -78.858326, 38.029374 ], [ -78.858606, 38.029197 ], [ -78.859097, 38.029023 ], [ -78.859147, 38.028983 ], [ -78.859832, 38.028471 ], [ -78.860337, 38.028473 ], [ -78.860759, 38.028574 ], [ -78.861294, 38.028783 ], [ -78.861884, 38.028731 ], [ -78.862128, 38.028578 ], [ -78.862318, 38.028419 ], [ -78.862491, 38.02817 ], [ -78.862531, 38.02811 ], [ -78.862647, 38.027955 ], [ -78.863187, 38.0278 ], [ -78.863559, 38.027827 ], [ -78.863806, 38.028022 ], [ -78.863992, 38.028168 ], [ -78.864662, 38.028494 ], [ -78.865396, 38.028607 ], [ -78.865678, 38.028653 ], [ -78.866397, 38.028631 ], [ -78.867415, 38.028386 ], [ -78.868506, 38.028092 ], [ -78.869625, 38.02796 ], [ -78.870301, 38.028082 ], [ -78.870956, 38.028319 ], [ -78.871407, 38.028666 ], [ -78.872186, 38.029086 ], [ -78.872888, 38.029048 ], [ -78.873692, 38.028624 ], [ -78.874335, 38.028039 ], [ -78.874772, 38.027479 ], [ -78.876974, 38.024998 ], [ -78.877527, 38.024124 ], [ -78.877612, 38.02331 ], [ -78.877757, 38.022415 ], [ -78.878036, 38.021632 ], [ -78.878398, 38.021082 ], [ -78.878701, 38.020749 ], [ -78.878983, 38.020305 ], [ -78.879185, 38.020062 ], [ -78.879702, 38.019814 ], [ -78.880758, 38.019319 ], [ -78.881336, 38.018897 ], [ -78.881639, 38.018589 ], [ -78.881951, 38.018176 ], [ -78.882162, 38.017492 ], [ -78.882287, 38.016957 ], [ -78.882354, 38.016385 ], [ -78.882386, 38.015402 ], [ -78.882363, 38.014714 ], [ -78.882366, 38.014502 ], [ -78.882379, 38.014323 ], [ -78.882335, 38.01392 ], [ -78.882286, 38.013445 ], [ -78.882287, 38.013191 ], [ -78.88225, 38.012979 ], [ -78.882214, 38.012771 ], [ -78.882179, 38.012328 ], [ -78.881913, 38.011142 ], [ -78.881854, 38.010755 ], [ -78.881762, 38.010436 ], [ -78.881721, 38.009372 ], [ -78.881756, 38.009239 ], [ -78.881898, 38.008688 ], [ -78.882117, 38.008 ], [ -78.883278, 38.006622 ], [ -78.884127, 38.005541 ], [ -78.884836, 38.004507 ], [ -78.885207, 38.003934 ], [ -78.885462, 38.003447 ], [ -78.885612, 38.003153 ], [ -78.885829, 38.002289 ], [ -78.88627, 38.001473 ], [ -78.887149, 38.000605 ], [ -78.887393, 38.000142 ], [ -78.887776, 37.99999 ], [ -78.88808, 37.999644 ], [ -78.888145, 37.999011 ], [ -78.888038, 37.998336 ], [ -78.887935, 37.998083 ], [ -78.887905, 37.997791 ], [ -78.887794, 37.997507 ], [ -78.887837, 37.997413 ], [ -78.887819, 37.996921 ], [ -78.887884, 37.996791 ], [ -78.887931, 37.996621 ], [ -78.88803, 37.99655 ], [ -78.88828, 37.99631 ], [ -78.888478, 37.996164 ], [ -78.888897, 37.995807 ], [ -78.889342, 37.995354 ], [ -78.889757, 37.995045 ], [ -78.890294, 37.994809 ], [ -78.890542, 37.994747 ], [ -78.890854, 37.994646 ], [ -78.89124, 37.994588 ], [ -78.891506, 37.994526 ], [ -78.892144, 37.994488 ], [ -78.893478, 37.994621 ], [ -78.893723, 37.994741 ], [ -78.894069, 37.994853 ], [ -78.894507, 37.994948 ], [ -78.894719, 37.99505 ], [ -78.894884, 37.9951 ], [ -78.895112, 37.995222 ], [ -78.895984, 37.995355 ], [ -78.896198, 37.995387 ], [ -78.896574, 37.995345 ], [ -78.897052, 37.995222 ], [ -78.89759, 37.99501 ], [ -78.897833, 37.994888 ], [ -78.898278, 37.994572 ], [ -78.898613, 37.994259 ], [ -78.898871, 37.994101 ], [ -78.899074, 37.993951 ], [ -78.899523, 37.993502 ], [ -78.899746, 37.993173 ], [ -78.899825, 37.993024 ], [ -78.899966, 37.992895 ], [ -78.900087, 37.992741 ], [ -78.900279, 37.992563 ], [ -78.900421, 37.992393 ], [ -78.900451, 37.992273 ], [ -78.90055, 37.991996 ], [ -78.900773, 37.991753 ], [ -78.900914, 37.991519 ], [ -78.901116, 37.991316 ], [ -78.901287, 37.991049 ], [ -78.90152, 37.990774 ], [ -78.901792, 37.990547 ], [ -78.902076, 37.990336 ], [ -78.902357, 37.99024 ], [ -78.902944, 37.989899 ], [ -78.903261, 37.989686 ], [ -78.903576, 37.989531 ], [ -78.903849, 37.989366 ], [ -78.904175, 37.989239 ], [ -78.904382, 37.988999 ], [ -78.904744, 37.988818 ], [ -78.905253, 37.988533 ], [ -78.905745, 37.988325 ], [ -78.905996, 37.988249 ], [ -78.906945, 37.987538 ], [ -78.907051, 37.987219 ], [ -78.907041, 37.987043 ], [ -78.906972, 37.986894 ], [ -78.906944, 37.986787 ], [ -78.906449, 37.985895 ], [ -78.906044, 37.984986 ], [ -78.906016, 37.984833 ], [ -78.905938, 37.984768 ], [ -78.905981, 37.984668 ], [ -78.906016, 37.98448 ], [ -78.906194, 37.983981 ], [ -78.906545, 37.983438 ], [ -78.906862, 37.982742 ], [ -78.906907, 37.982559 ], [ -78.907045, 37.982338 ], [ -78.907128, 37.982243 ], [ -78.907216, 37.982019 ], [ -78.907283, 37.981697 ], [ -78.907245, 37.981338 ], [ -78.907253, 37.98129 ], [ -78.907303, 37.981047 ], [ -78.907271, 37.980621 ], [ -78.907299, 37.980354 ], [ -78.907367, 37.980184 ], [ -78.907479, 37.979804 ], [ -78.907714, 37.979325 ], [ -78.907841, 37.979165 ], [ -78.907919, 37.978963 ], [ -78.90795, 37.978818 ], [ -78.907978, 37.977675 ], [ -78.907954, 37.977307 ], [ -78.90797, 37.976982 ], [ -78.907978, 37.976783 ], [ -78.907802, 37.976396 ], [ -78.907699, 37.976211 ], [ -78.907566, 37.976066 ], [ -78.907445, 37.976038 ], [ -78.907149, 37.976027 ], [ -78.906915, 37.976024 ], [ -78.906692, 37.976045 ], [ -78.906437, 37.976038 ], [ -78.905989, 37.97595 ], [ -78.905704, 37.975871 ], [ -78.905245, 37.975654 ], [ -78.90499, 37.975445 ], [ -78.904571, 37.975148 ], [ -78.904422, 37.974989 ], [ -78.904045, 37.974838 ], [ -78.903806, 37.974804 ], [ -78.903542, 37.974788 ], [ -78.903044, 37.97488 ], [ -78.902395, 37.975036 ], [ -78.902187, 37.97505 ], [ -78.902064, 37.975152 ], [ -78.900768, 37.975602 ], [ -78.899412, 37.975975 ], [ -78.897674, 37.976304 ], [ -78.896824, 37.97653 ], [ -78.894312, 37.977049 ], [ -78.89417, 37.977114 ], [ -78.893611, 37.977148 ], [ -78.893478, 37.976995 ], [ -78.893446, 37.976681 ], [ -78.893345, 37.976338 ], [ -78.893228, 37.976092 ], [ -78.893033, 37.97581 ], [ -78.892816, 37.975423 ], [ -78.89261, 37.974964 ], [ -78.892588, 37.97473 ], [ -78.892585, 37.974278 ], [ -78.892776, 37.973825 ], [ -78.893008, 37.973517 ], [ -78.893304, 37.973238 ], [ -78.893585, 37.972942 ], [ -78.893867, 37.972553 ], [ -78.894139, 37.972213 ], [ -78.894209, 37.972068 ], [ -78.894239, 37.97185 ], [ -78.894256, 37.971446 ], [ -78.894286, 37.971276 ], [ -78.894446, 37.970872 ], [ -78.894688, 37.970548 ], [ -78.894992, 37.970345 ], [ -78.89558, 37.970029 ], [ -78.895747884283168, 37.96983903541846 ], [ -78.896016884979474, 37.969640034759173 ], [ -78.896107885290903, 37.969527034478638 ], [ -78.896207885883442, 37.969252033980553 ], [ -78.896241886188662, 37.969096033732519 ], [ -78.896238886485008, 37.968915033509305 ], [ -78.896605887794991, 37.968427032337232 ], [ -78.897566891335259, 37.967084029185536 ], [ -78.898423894362367, 37.965966026474561 ], [ -78.898677895171204, 37.965688025738089 ], [ -78.898775895797115, 37.965392025216282 ], [ -78.899047896755519, 37.96503902435802 ], [ -78.899647898406855, 37.964539022815501 ], [ -78.899865898862785, 37.964444022364141 ], [ -78.900008899342723, 37.964273021931163 ], [ -78.900028899518148, 37.964184021788618 ], [ -78.899999899859509, 37.963955021544351 ], [ -78.899471900834129, 37.96293502106316 ], [ -78.899437901687378, 37.962394020433635 ], [ -78.899486902117047, 37.962176020084392 ], [ -78.899617902619084, 37.961982019640736 ], [ -78.899890903343945, 37.961771018959418 ], [ -78.900276904077231, 37.961648018216813 ], [ -78.900603904591691, 37.961608017668674 ], [ -78.900580904696668, 37.961526017600399 ], [ -78.900494905773826, 37.960808016826775 ], [ -78.900550907113839, 37.960049015785351 ], [ -78.900762907917255, 37.959741015074528 ], [ -78.900903908272142, 37.959644014737634 ], [ -78.90124890903013, 37.959473013996771 ], [ -78.901639910036224, 37.95919101304596 ], [ -78.901747910604186, 37.958939012563867 ], [ -78.902338912590054, 37.958234010775186 ], [ -78.902408912996123, 37.958048010434169 ], [ -78.902425913299425, 37.95788001019654 ], [ -78.902459913467766, 37.957807010052754 ], [ -78.902347913760465, 37.9575390098856 ], [ -78.901648913964252, 37.956840010069882 ], [ -78.901361914214135, 37.956453010019494 ], [ -78.90114391492169, 37.955848009589594 ], [ -78.901111915240634, 37.955630009363595 ], [ -78.901067916120766, 37.955065008718861 ], [ -78.901125916913202, 37.954637008091282 ], [ -78.901316917782353, 37.954273007341477 ], [ -78.901925920323706, 37.953251005125146 ], [ -78.902151921236722, 37.952890004325667 ], [ -78.90226192190157, 37.952582003769677 ], [ -78.902340922602065, 37.95222700320187 ], [ -78.902327923350612, 37.951767002642008 ], [ -78.902284923897753, 37.951403002248853 ], [ -78.902130924073361, 37.951170002190153 ], [ -78.901863924254371, 37.950840002181558 ], [ -78.901720924218452, 37.950743002277491 ], [ -78.901343923895908, 37.950624002702739 ], [ -78.900986923777339, 37.950399002963863 ], [ -78.900819923931152, 37.950168002927711 ], [ -78.900760924042714, 37.950052002871551 ], [ -78.900618924467324, 37.949679002618318 ], [ -78.900522924853888, 37.949367002371758 ], [ -78.900430924928045, 37.949246002359722 ], [ -78.900297924863949, 37.949174002472027 ], [ -78.900083924714437, 37.949086002687714 ], [ -78.899766924415786, 37.949002003065679 ], [ -78.899503924043714, 37.949007003473376 ], [ -78.899198923660123, 37.948984003909878 ], [ -78.899086923598333, 37.948928004010256 ], [ -78.899055923663525, 37.948863003975653 ], [ -78.899095923825271, 37.948799003834075 ], [ -78.899298924215856, 37.948733003441134 ], [ -78.899545924595785, 37.948710003035217 ], [ -78.899700924806893, 37.948712002801159 ], [ -78.900250925892237, 37.948517001716155 ], [ -78.900460926354214, 37.948414001265924 ], [ -78.900747926876164, 37.948339000733341 ], [ -78.901135927506303, 37.948283000070624 ], [ -78.901511928189848, 37.948184999373254 ], [ -78.901873928929007, 37.948041998640498 ], [ -78.902433930239027, 37.947720997381275 ], [ -78.902756931091204, 37.947477996581966 ], [ -78.902990931651914, 37.947335996045759 ], [ -78.90318193217982, 37.947177995555045 ], [ -78.903323932513231, 37.947095995234804 ], [ -78.903516932902278, 37.947022994848211 ], [ -78.903770933335835, 37.946973994398697 ], [ -78.904471934216787, 37.947027993396539 ], [ -78.904746934612703, 37.947018992965347 ], [ -78.904898934798211, 37.94703399275231 ], [ -78.905406935585361, 37.94698399191364 ], [ -78.905525935857057, 37.946919991651292 ], [ -78.905761936456173, 37.946756991085358 ], [ -78.905991937072102, 37.946578990509771 ], [ -78.907280939892857, 37.945959987760673 ], [ -78.908465942141163, 37.945597985494345 ], [ -78.909431943900842, 37.945346983702358 ], [ -78.910305945267083, 37.945254982251512 ], [ -78.910904946087868, 37.945260981344305 ], [ -78.911301946492742, 37.945347980847949 ], [ -78.911821946918906, 37.94552398027605 ], [ -78.912178946969661, 37.945788980065643 ], [ -78.912352947103585, 37.94585297988084 ], [ -78.912464947218623, 37.945876979740106 ], [ -78.912676947581289, 37.94583597936456 ], [ -78.913031948402292, 37.945639978574917 ], [ -78.91405195017758, 37.945424976745535 ], [ -78.914739951261055, 37.945347975597571 ], [ -78.915504952419525, 37.945289974356022 ], [ -78.915676952560617, 37.94534797416668 ], [ -78.915786952619072, 37.945403974069428 ], [ -78.915914952759621, 37.945425973901784 ], [ -78.916159952771608, 37.94562097377414 ], [ -78.9167339531068, 37.94589497324413 ], [ -78.916842953220936, 37.945916973105462 ], [ -78.917178953674963, 37.945923972601292 ], [ -78.917226953835723, 37.945867972457144 ], [ -78.917334953953471, 37.945886972316259 ], [ -78.917441954022749, 37.945933972212238 ], [ -78.91758395416241, 37.945967972038524 ], [ -78.918022954646432, 37.946041971461781 ], [ -78.918144954817251, 37.946040971274222 ], [ -78.918672955660284, 37.945974970384555 ], [ -78.918967956057443, 37.945981969942892 ], [ -78.919231956315642, 37.946045969620755 ], [ -78.919833956774411, 37.946268968983723 ], [ -78.919965956943855, 37.946276968792361 ], [ -78.920066957193399, 37.946211968555843 ], [ -78.920136957536442, 37.946065968264094 ], [ -78.920022958003571, 37.945694967968777 ], [ -78.920031958166021, 37.945605967842411 ], [ -78.920101958603482, 37.945403967479827 ], [ -78.920303959197099, 37.945217966935935 ], [ -78.920602959878181, 37.945059966279452 ], [ -78.92084996061196, 37.944827965608532 ], [ -78.921161961476557, 37.944571964808013 ], [ -78.921303962157623, 37.944284964227869 ], [ -78.92133296241542, 37.944155964020212 ], [ -78.921188962874865, 37.943764963745245 ], [ -78.921147963290082, 37.943484963453486 ], [ -78.921082963673641, 37.943203963197099 ], [ -78.921101963917522, 37.943074963004804 ], [ -78.921302964743177, 37.942750962287583 ], [ -78.921638965709406, 37.942454961399577 ], [ -78.92297196909179, 37.941548958215478 ], [ -78.924389972231765, 37.940857955173108 ], [ -78.925503974514285, 37.940424952921703 ], [ -78.925696974987602, 37.9403039524734 ], [ -78.926213975915516, 37.940180951527232 ], [ -78.926751976845679, 37.940073950569214 ], [ -78.927778978104811, 37.940174949127247 ], [ -78.928002978418405, 37.940173948783595 ], [ -78.928347978958087, 37.940138948211811 ], [ -78.928975980217231, 37.939911946963939 ], [ -78.929350980825944, 37.939860946326029 ], [ -78.930042981723616, 37.939899945317542 ], [ -78.930247981942983, 37.939938945053633 ], [ -78.93089798282449, 37.939952944077753 ], [ -78.931527983527062, 37.940055943245326 ], [ -78.931945983961441, 37.940142942716733 ], [ -78.932340984528452, 37.940132942100213 ], [ -78.932473984754438, 37.940108941866399 ], [ -78.932765985392024, 37.939972941247483 ], [ -78.933234986176018, 37.939895940432777 ], [ -78.933477986529738, 37.939886940049803 ], [ -78.934199987429878, 37.939948939024767 ], [ -78.935065988615548, 37.939960937716172 ], [ -78.936436990449991, 37.940004935676193 ], [ -78.937280991678165, 37.939973934346511 ], [ -78.937655992224265, 37.939959933755517 ], [ -78.937960992637088, 37.939966933298116 ], [ -78.938336993053355, 37.940029932803384 ], [ -78.938764993349309, 37.940205932372763 ], [ -78.940302994881563, 37.940562930475657 ], [ -78.940729995436712, 37.940585929852134 ], [ -78.941572996628949, 37.940574928549594 ], [ -78.941865997322097, 37.940407927889325 ], [ -78.942070997897943, 37.940237927359753 ], [ -78.942281998897414, 37.939824926511932 ], [ -78.942515000541235, 37.939052925173669 ], [ -78.942547000737946, 37.938963925011542 ], [ -78.942690001226111, 37.938794924577877 ], [ -78.94287800194455, 37.938527923950794 ], [ -78.943365003097128, 37.938250922853641 ], [ -78.944321005054732, 37.937885920927258 ], [ -78.944727005937608, 37.937700920070888 ], [ -78.944825006111998, 37.93767891989301 ], [ -78.94510200668158, 37.937571919333188 ], [ -78.945469007428187, 37.937434918597503 ], [ -78.945752008030254, 37.937313918010609 ], [ -78.945908008474021, 37.937181917604022 ], [ -78.945979008739229, 37.937084917371905 ], [ -78.946014009243655, 37.936818916979703 ], [ -78.946106009885895, 37.936518916457082 ], [ -78.946358010847618, 37.936162915618354 ], [ -78.946504011239966, 37.936052915254976 ], [ -78.946630011714106, 37.935878914840629 ], [ -78.946748011947477, 37.935838914609086 ], [ -78.946943012550648, 37.935645914065077 ], [ -78.947008012871109, 37.935511913795011 ], [ -78.947110013075331, 37.935475913593088 ], [ -78.948179015579285, 37.9348869112073 ], [ -78.949013017975545, 37.934169909017626 ], [ -78.949296018791856, 37.933924908272438 ], [ -78.94940801923174, 37.933759907890831 ], [ -78.951440024764338, 37.932194902785866 ], [ -78.951546025038311, 37.932121902530525 ], [ -78.951714025416337, 37.932038902167513 ], [ -78.951767025629792, 37.931957901983111 ], [ -78.951869025834597, 37.931921901781045 ], [ -78.951881026047346, 37.931807901617347 ], [ -78.951960026383247, 37.931676901329418 ], [ -78.952331027931365, 37.931078899998994 ], [ -78.952450028553912, 37.930813899478878 ], [ -78.952547029140462, 37.930551898996264 ], [ -78.952657029769398, 37.930275898475955 ], [ -78.952776030761868, 37.9297958976817 ], [ -78.952877031158152, 37.929647897338256 ], [ -78.953134032310231, 37.929187896358037 ], [ -78.953415033360315, 37.928806895441681 ], [ -78.953524033692304, 37.928702895142102 ], [ -78.954416036239877, 37.927950892816277 ], [ -78.954655036954563, 37.927730892169478 ], [ -78.955929040615061, 37.926645888832915 ], [ -78.955987040751779, 37.926613888703187 ], [ -78.956004040792934, 37.926603888664332 ], [ -78.956376041643793, 37.92641388785173 ], [ -78.956811042897229, 37.926041886710287 ], [ -78.956952043375011, 37.92587988628739 ], [ -78.956985043723222, 37.925704886013449 ], [ -78.956997043864263, 37.925632885903141 ], [ -78.957019044079729, 37.92552588573286 ], [ -78.956988044160227, 37.925453885688569 ], [ -78.956918045404862, 37.924674884801632 ], [ -78.956945045732567, 37.924506884545806 ], [ -78.957080046997106, 37.923883883543667 ], [ -78.957782049418654, 37.923053881407718 ], [ -78.957972050245687, 37.922729880702761 ], [ -78.958141050879291, 37.922500880151141 ], [ -78.958276051554705, 37.922219879585334 ], [ -78.958531052642996, 37.921797878655397 ], [ -78.95867505300167, 37.921707878319545 ], [ -78.958734053459565, 37.921490877952031 ], [ -78.958989055036838, 37.920785876660574 ], [ -78.959035055384959, 37.920621876380601 ], [ -78.959071056055677, 37.920262875866946 ], [ -78.959029056168959, 37.920162875803719 ], [ -78.958793056461943, 37.919799875702395 ], [ -78.958707056632036, 37.919630875618608 ], [ -78.958144057040244, 37.918932875591572 ], [ -78.957555057086523, 37.918422875844655 ], [ -78.957172057447991, 37.917898875763768 ], [ -78.956740057479337, 37.917525875951 ], [ -78.956206057395065, 37.917135876273164 ], [ -78.956142057409508, 37.917074876293547 ], [ -78.956004057265673, 37.91704487646718 ], [ -78.955451056933413, 37.91678287698204 ], [ -78.955187056695323, 37.916703877286679 ], [ -78.955013056781084, 37.916510877307545 ], [ -78.955053056949765, 37.916445877163305 ], [ -78.955286057336878, 37.916412876763395 ], [ -78.955756057944598, 37.916446876084947 ], [ -78.955930058137852, 37.916477875857339 ], [ -78.95619505841357, 37.91653587552441 ], [ -78.956415058735772, 37.916529875178895 ], [ -78.956913059362392, 37.916575874472912 ], [ -78.957522060411961, 37.916467873399881 ], [ -78.957772060899174, 37.916390872917688 ], [ -78.958627062453075, 37.916192871351925 ], [ -78.958921063080552, 37.91607087074464 ], [ -78.959564064406862, 37.91583086945063 ], [ -78.959742064737043, 37.91578586911983 ], [ -78.959897065089919, 37.915708868783497 ], [ -78.960053065314625, 37.915706868541271 ], [ -78.961871068673332, 37.915255865172902 ], [ -78.962082069088652, 37.915188864763174 ], [ -78.9621820693568, 37.915115864516352 ], [ -78.962446069812728, 37.915068864050788 ], [ -78.962749070294649, 37.915038863546975 ], [ -78.96287607052507, 37.915009863314765 ], [ -78.9634850717581, 37.914796862107131 ], [ -78.964038073079891, 37.914486860861381 ], [ -78.965531077005764, 37.913444857235383 ], [ -78.965682077265342, 37.913418856970125 ], [ -78.965910077766139, 37.913316856489296 ], [ -78.966518078872937, 37.913176855376051 ], [ -78.966873079491904, 37.913110854746115 ], [ -78.968245081507774, 37.913072852589352 ], [ -78.968662082076094, 37.913086851966405 ], [ -78.969049082709489, 37.913038851310311 ], [ -78.969190082975928, 37.913000851045027 ], [ -78.96933808334785, 37.912907850698588 ], [ -78.969858084246866, 37.912815849781786 ], [ -78.970294085108293, 37.912676848933785 ], [ -78.970810086351364, 37.912383847765696 ], [ -78.97104908711735, 37.912138847084726 ], [ -78.972787092354039, 37.9105508423796 ], [ -78.973222093314774, 37.91035484145965 ], [ -78.974134095183373, 37.910027839638623 ], [ -78.975571098367453, 37.909375836593526 ], [ -78.977210102237848, 37.908496832946184 ], [ -78.977877104067531, 37.907993831275299 ], [ -78.97874610635921, 37.907391829166542 ], [ -78.97970710869771, 37.906838826978756 ], [ -78.981122112254596, 37.905960823675137 ], [ -78.981906115304113, 37.904858821054276 ], [ -78.982590117672885, 37.904064818982221 ], [ -78.983336120091309, 37.90329381684397 ], [ -78.984158121806303, 37.902986815184249 ], [ -78.984219122002358, 37.902924815010735 ], [ -78.98439112245029, 37.902809814598236 ], [ -78.984773123674358, 37.902423813514318 ], [ -78.98516012497781, 37.901996812369966 ], [ -78.985564126383181, 37.901525811142768 ], [ -78.986614, 37.899403 ], [ -78.987246, 37.898338 ], [ -78.987313, 37.897922 ], [ -78.987248, 37.897494 ], [ -78.987214, 37.897001 ], [ -78.987232, 37.896718 ], [ -78.98721, 37.896459 ], [ -78.987268, 37.896169 ], [ -78.987469, 37.895869 ], [ -78.987733, 37.895804 ], [ -78.98838, 37.895518 ], [ -78.988552, 37.895332 ], [ -78.988814, 37.895169 ], [ -78.989036, 37.894893 ], [ -78.989168, 37.894758 ], [ -78.989713, 37.894559 ], [ -78.989821, 37.894554 ], [ -78.989946, 37.894472 ], [ -78.990046, 37.894438 ], [ -78.991618, 37.892866 ], [ -78.992031, 37.892264 ], [ -78.992212, 37.892053 ], [ -78.992513, 37.891567 ], [ -78.992864, 37.891049 ], [ -78.993522, 37.890537 ], [ -78.994015, 37.890074 ], [ -78.994692, 37.889571 ], [ -78.995086, 37.889383 ], [ -78.99533, 37.889314 ], [ -78.995587, 37.889185 ], [ -78.995931, 37.888983 ], [ -78.996078, 37.888872 ], [ -78.997154, 37.88852 ], [ -78.997419, 37.888509 ], [ -78.997647, 37.888438 ], [ -78.998447, 37.888238 ], [ -78.99886, 37.887517 ], [ -78.999272, 37.887031 ], [ -78.999413, 37.886893 ], [ -78.999647, 37.886738 ], [ -78.999747, 37.886688 ], [ -79.000421, 37.885722 ], [ -79.000789, 37.885126 ], [ -79.001033, 37.884982 ], [ -79.002416, 37.884599 ], [ -79.002997, 37.884149 ], [ -79.005129, 37.88169 ], [ -79.00579, 37.881587 ], [ -79.006428, 37.881935 ], [ -79.006762, 37.882282 ], [ -79.007107, 37.882468 ], [ -79.007564, 37.882534 ], [ -79.008082, 37.882527 ], [ -79.008396, 37.882745 ], [ -79.008952, 37.883335 ], [ -79.009429, 37.883538 ], [ -79.010028, 37.88366 ], [ -79.010099, 37.88369 ], [ -79.011093, 37.884106 ], [ -79.012299, 37.884673 ], [ -79.012833, 37.88505 ], [ -79.014457, 37.886217 ], [ -79.015976, 37.88755 ], [ -79.016472, 37.888051 ], [ -79.016491, 37.888389 ], [ -79.016388, 37.888969 ], [ -79.016334, 37.889887 ], [ -79.016676, 37.890589 ], [ -79.016714, 37.890951 ], [ -79.0169, 37.891418 ], [ -79.017012, 37.891492 ], [ -79.017352, 37.891912 ], [ -79.017624, 37.892289 ], [ -79.017532, 37.892782 ], [ -79.017276, 37.893209 ], [ -79.017225, 37.89345 ], [ -79.017586, 37.893518 ], [ -79.018815, 37.893493 ], [ -79.019519, 37.893377 ], [ -79.020183, 37.893083 ], [ -79.02116, 37.89272 ], [ -79.021442, 37.892592 ], [ -79.021636, 37.892465 ], [ -79.021791, 37.892388 ], [ -79.021943, 37.892197 ], [ -79.022374, 37.8921 ], [ -79.023574, 37.892024 ], [ -79.02555, 37.892029 ], [ -79.027136, 37.89233 ], [ -79.02748, 37.892395 ], [ -79.028283, 37.892373 ], [ -79.02996, 37.892135 ], [ -79.03062, 37.892128 ], [ -79.031412, 37.892308 ], [ -79.032169, 37.892166 ], [ -79.032572, 37.892067 ], [ -79.032844, 37.892097 ], [ -79.033404, 37.892054 ], [ -79.034927, 37.892461 ], [ -79.035871, 37.892584 ], [ -79.036537, 37.892461 ], [ -79.036826, 37.892409 ], [ -79.037824, 37.891879 ], [ -79.039633, 37.891666 ], [ -79.041777, 37.891582 ], [ -79.042986, 37.891472 ], [ -79.04381, 37.891216 ], [ -79.044329, 37.890903 ], [ -79.044552, 37.890888 ], [ -79.044653, 37.891234 ], [ -79.044436, 37.892346 ], [ -79.044645, 37.893756 ], [ -79.044602, 37.894505 ], [ -79.04468, 37.895263 ], [ -79.044801, 37.895593 ], [ -79.044919, 37.895853 ], [ -79.045144, 37.896472 ], [ -79.045688, 37.897754 ], [ -79.046449, 37.898151 ], [ -79.047666, 37.898758 ], [ -79.049269, 37.899511 ], [ -79.049807, 37.89985 ], [ -79.050182, 37.899972 ], [ -79.049706, 37.902678 ], [ -79.049511, 37.903161 ], [ -79.049713, 37.903789 ], [ -79.049741, 37.904587 ], [ -79.050222, 37.906618 ], [ -79.050342, 37.907037 ], [ -79.050558, 37.90723 ], [ -79.050985, 37.907788 ], [ -79.051364, 37.908077 ], [ -79.051486, 37.90853 ], [ -79.052236300416453, 37.910119663630276 ], [ -79.052486299095321, 37.911473664554535 ], [ -79.052351297278776, 37.912351665930153 ], [ -79.052269296647182, 37.912584666416109 ], [ -79.05225829628138, 37.912794666689514 ], [ -79.052532296915288, 37.912955666159966 ], [ -79.053141298846114, 37.912981664596451 ], [ -79.054432303235387, 37.912847661062209 ], [ -79.055876308257268, 37.912624657025503 ], [ -79.056811311280001, 37.91262665458148 ], [ -79.057186312004163, 37.912941653963657 ], [ -79.057550312480913, 37.913393653532012 ], [ -79.058381314010717, 37.914143652219209 ], [ -79.060005317715621, 37.915154649123835 ], [ -79.0612623199696, 37.916341647185178 ], [ -79.061707320312678, 37.917059646837423 ], [ -79.06196032063967, 37.917382646541718 ], [ -79.06228632148877, 37.917520645842707 ], [ -79.062457321922636, 37.917600645484526 ], [ -79.062955323715201, 37.917488644048042 ], [ -79.063810327023731, 37.917144641409777 ], [ -79.064706330895049, 37.916517638343969 ], [ -79.065613335115913, 37.91568163501492 ], [ -79.066255338190118, 37.915030632593705 ], [ -79.066918341145708, 37.914500630256192 ], [ -79.067630343818337, 37.914260628119301 ], [ -79.068851348941209, 37.913489624051948 ], [ -79.069116349994275, 37.913360623212895 ], [ -79.069411350960323, 37.913353622432744 ], [ -79.070152352946621, 37.913628620801497 ], [ -79.070873355097916, 37.913751619051268 ], [ -79.072417359795992, 37.913955615235515 ], [ -79.073575363617962, 37.913909612150817 ], [ -79.073669363937555, 37.913899611893399 ], [ -79.073859364647262, 37.913836611325557 ], [ -79.075042368106594, 37.914088608507008 ], [ -79.075722369404488, 37.914699607403477 ], [ -79.076009370087959, 37.914866606836299 ], [ -79.076404370983056, 37.915127606089946 ], [ -79.076890372640321, 37.915073604755712 ], [ -79.077266374132535, 37.914889603566309 ], [ -79.077568375765125, 37.914447602286067 ], [ -79.078310379018944, 37.913872599707062 ], [ -79.079166382068152, 37.91368559725899 ], [ -79.079709383812926, 37.913695595847919 ], [ -79.080357, 37.913413 ], [ -79.081724, 37.913033 ], [ -79.081912, 37.912992 ], [ -79.083525, 37.912051 ], [ -79.084455, 37.911784 ], [ -79.08602, 37.911725 ], [ -79.086337, 37.911647 ], [ -79.086578, 37.91163 ], [ -79.087708, 37.911908 ], [ -79.088129, 37.91186 ], [ -79.08863, 37.911723 ], [ -79.089235, 37.911319 ], [ -79.089609, 37.911208 ], [ -79.089951, 37.911138 ], [ -79.091223, 37.910931 ], [ -79.093136, 37.910201 ], [ -79.094102, 37.909792 ], [ -79.096279, 37.908942 ], [ -79.09754, 37.908372 ], [ -79.098271, 37.907988 ], [ -79.098904, 37.907626 ], [ -79.099093, 37.907389 ], [ -79.099121, 37.907322 ], [ -79.099273, 37.906812 ], [ -79.099745, 37.906336 ], [ -79.099734, 37.905612 ], [ -79.099674, 37.904903 ], [ -79.100246, 37.904218 ], [ -79.101301, 37.903739 ], [ -79.102168, 37.903659 ], [ -79.103065, 37.903391 ], [ -79.104306, 37.902639 ], [ -79.10518, 37.902424 ], [ -79.105948, 37.902426 ], [ -79.106496, 37.902941 ], [ -79.106932, 37.903385 ], [ -79.107226, 37.903477 ], [ -79.107916, 37.903701 ], [ -79.10869, 37.903545 ], [ -79.109279, 37.903389 ], [ -79.114026, 37.902294 ], [ -79.114975, 37.90199 ], [ -79.11561, 37.902057 ], [ -79.116086, 37.90206 ], [ -79.116967, 37.90171 ], [ -79.118283, 37.901083 ], [ -79.118618, 37.900721 ], [ -79.11875, 37.900578 ], [ -79.119692, 37.899612 ], [ -79.120518, 37.898469 ], [ -79.121027, 37.897817 ], [ -79.121485, 37.897286 ], [ -79.121853, 37.896546 ], [ -79.12222, 37.895982 ], [ -79.122698, 37.895798 ], [ -79.123308, 37.895807 ], [ -79.124751, 37.895771 ], [ -79.125877, 37.895883 ], [ -79.126656, 37.895782 ], [ -79.127315, 37.895766 ], [ -79.12753, 37.895777 ], [ -79.12779, 37.895526 ], [ -79.128405, 37.89552 ], [ -79.129352, 37.895587 ], [ -79.129576, 37.895472 ], [ -79.129917, 37.895098 ], [ -79.130494, 37.894459 ], [ -79.133097, 37.893491 ], [ -79.134002, 37.892841 ], [ -79.134913, 37.892737 ], [ -79.135656, 37.892563 ], [ -79.135754, 37.892525 ], [ -79.136142, 37.892302 ], [ -79.136911, 37.891578 ], [ -79.137467, 37.891391 ], [ -79.13832, 37.891355 ], [ -79.138504, 37.891372 ], [ -79.13907, 37.891326 ], [ -79.139495, 37.891317 ], [ -79.141153, 37.891069 ], [ -79.14224, 37.890799 ], [ -79.143461, 37.890168 ], [ -79.144257, 37.88982 ], [ -79.145936, 37.888882 ], [ -79.146639, 37.888826 ], [ -79.147179, 37.889002 ], [ -79.147494, 37.889244 ], [ -79.147569, 37.889555 ], [ -79.147494, 37.889838 ], [ -79.147473, 37.890201 ], [ -79.147675, 37.890331 ], [ -79.148051, 37.890348 ], [ -79.14853, 37.8903 ], [ -79.148877, 37.89024 ], [ -79.149533, 37.890812 ], [ -79.149836, 37.89141 ], [ -79.149997, 37.891846 ], [ -79.150362, 37.892371 ], [ -79.150635, 37.892622 ], [ -79.15094, 37.892647 ], [ -79.151804, 37.892327 ], [ -79.153858, 37.891721 ], [ -79.154742, 37.891497 ], [ -79.156074, 37.891316 ], [ -79.15739, 37.891003 ], [ -79.15191, 37.886226 ], [ -79.151721, 37.886026 ], [ -79.151618, 37.885878 ], [ -79.151486, 37.885653 ], [ -79.151394, 37.885426 ], [ -79.151335, 37.885051 ], [ -79.151338, 37.884573 ], [ -79.151474, 37.883833 ], [ -79.151615, 37.883356 ], [ -79.151775, 37.883008 ], [ -79.152557, 37.881755 ], [ -79.152642, 37.881523 ], [ -79.152668, 37.881343 ], [ -79.152661, 37.881266 ], [ -79.152569, 37.881083 ], [ -79.152266, 37.880909 ], [ -79.151852, 37.880712 ], [ -79.151496, 37.880429 ], [ -79.151395, 37.880308 ], [ -79.151349, 37.88021 ], [ -79.151326, 37.880011 ], [ -79.151396, 37.879738 ], [ -79.15142, 37.879676 ], [ -79.151673, 37.879292 ], [ -79.151765, 37.879081 ], [ -79.151822, 37.878865 ], [ -79.151806, 37.878645 ], [ -79.15176, 37.878479 ], [ -79.151676, 37.87836 ], [ -79.151086, 37.877854 ], [ -79.150932, 37.877672 ], [ -79.150868, 37.877564 ], [ -79.15084, 37.877473 ], [ -79.150791, 37.876983 ], [ -79.150765, 37.876794 ], [ -79.15059, 37.876655 ], [ -79.150527, 37.876625 ], [ -79.150139, 37.876535 ], [ -79.149515, 37.87645 ], [ -79.148941, 37.876315 ], [ -79.148837, 37.87628 ], [ -79.14851, 37.876104 ], [ -79.148372, 37.876065 ], [ -79.148334, 37.876057 ], [ -79.148111, 37.876031 ], [ -79.147786, 37.876097 ], [ -79.147692, 37.876092 ], [ -79.147612, 37.876066 ], [ -79.147344, 37.875911 ], [ -79.146788, 37.875445 ], [ -79.146483, 37.875224 ], [ -79.146602, 37.87502 ], [ -79.146601, 37.874922 ], [ -79.146556, 37.874855 ], [ -79.146413, 37.874736 ], [ -79.146339, 37.874637 ], [ -79.146303, 37.874485 ], [ -79.146346, 37.874335 ], [ -79.146407, 37.874049 ], [ -79.146431, 37.873608 ], [ -79.146498, 37.873394 ], [ -79.146552, 37.873287 ], [ -79.146621, 37.873205 ], [ -79.146903, 37.873002 ], [ -79.147119, 37.872879 ], [ -79.147528, 37.872678 ], [ -79.147621, 37.872613 ], [ -79.148011, 37.872437 ], [ -79.148141, 37.872335 ], [ -79.148172, 37.872237 ], [ -79.148095, 37.872149 ], [ -79.147662, 37.8718 ], [ -79.147033, 37.871199 ], [ -79.146883, 37.871016 ], [ -79.146719, 37.870751 ], [ -79.14658, 37.870484 ], [ -79.146548, 37.870393 ], [ -79.146537, 37.870271 ], [ -79.146651, 37.869863 ], [ -79.146716, 37.86972 ], [ -79.146805, 37.86959 ], [ -79.146904, 37.869482 ], [ -79.147031, 37.869386 ], [ -79.147183, 37.869308 ], [ -79.147305, 37.869282 ], [ -79.147317, 37.869279 ], [ -79.147668, 37.869289 ], [ -79.147773, 37.869278 ], [ -79.147959, 37.869249 ], [ -79.148076, 37.869215 ], [ -79.148204, 37.86916 ], [ -79.148469, 37.869004 ], [ -79.148628, 37.868887 ], [ -79.148901, 37.868635 ], [ -79.149277, 37.868322 ], [ -79.150496, 37.867381 ], [ -79.150757, 37.867162 ], [ -79.150966, 37.866949 ], [ -79.151392, 37.866447 ], [ -79.151467, 37.866338 ], [ -79.151504, 37.866245 ], [ -79.151524, 37.866127 ], [ -79.151537, 37.865981 ], [ -79.151508, 37.865844 ], [ -79.151455, 37.865774 ], [ -79.151378, 37.865714 ], [ -79.151277, 37.865653 ], [ -79.151149, 37.865601 ], [ -79.150803, 37.865569 ], [ -79.150556, 37.865509 ], [ -79.150455, 37.865456 ], [ -79.150057, 37.86516 ], [ -79.150005, 37.865094 ], [ -79.149836, 37.864765 ], [ -79.149481, 37.864182 ], [ -79.149254, 37.863674 ], [ -79.149176, 37.863461 ], [ -79.149108, 37.863172 ], [ -79.149015, 37.862816 ], [ -79.148699, 37.862298 ], [ -79.148632, 37.862222 ], [ -79.148517, 37.862132 ], [ -79.148389, 37.86208 ], [ -79.147979, 37.861956 ], [ -79.147736, 37.861912 ], [ -79.147715, 37.861908 ], [ -79.147424, 37.861849 ], [ -79.147278, 37.8618 ], [ -79.146999, 37.86167 ], [ -79.145804, 37.86099 ], [ -79.145299, 37.860553 ], [ -79.145164, 37.86048 ], [ -79.144621, 37.860262 ], [ -79.144444, 37.860154 ], [ -79.144374, 37.86009 ], [ -79.144325, 37.860008 ], [ -79.144296, 37.859844 ], [ -79.144142, 37.859743 ], [ -79.144027, 37.859583 ], [ -79.143958, 37.859283 ], [ -79.143947, 37.859141 ], [ -79.143997, 37.858903 ], [ -79.144133, 37.858664 ], [ -79.144229, 37.858544 ], [ -79.144454, 37.858368 ], [ -79.144621, 37.85823 ], [ -79.144776, 37.858065 ], [ -79.145063, 37.857649 ], [ -79.145131, 37.857484 ], [ -79.145085, 37.857384 ], [ -79.145029, 37.857343 ], [ -79.144924, 37.857208 ], [ -79.144526, 37.856866 ], [ -79.14439, 37.85669 ], [ -79.144336, 37.856492 ], [ -79.144332, 37.856369 ], [ -79.144388, 37.856096 ], [ -79.144473, 37.855912 ], [ -79.144717, 37.855621 ], [ -79.145004, 37.855169 ], [ -79.145219, 37.854878 ], [ -79.145521, 37.854522 ], [ -79.145662, 37.854406 ], [ -79.145814, 37.854335 ], [ -79.145942, 37.8543 ], [ -79.146083, 37.854269 ], [ -79.146353, 37.854246 ], [ -79.146582, 37.854221 ], [ -79.146785, 37.854132 ], [ -79.14718, 37.853731 ], [ -79.147497, 37.853507 ], [ -79.147972, 37.853126 ], [ -79.148264, 37.852941 ], [ -79.148378, 37.852848 ], [ -79.148457, 37.852753 ], [ -79.148638, 37.852415 ], [ -79.149264, 37.851209 ], [ -79.149391, 37.851035 ], [ -79.14949, 37.85094 ], [ -79.150037, 37.850492 ], [ -79.150306, 37.850306 ], [ -79.150523, 37.850186 ], [ -79.150692, 37.850121 ], [ -79.151183, 37.849992 ], [ -79.151334, 37.849929 ], [ -79.151703, 37.849729 ], [ -79.152169, 37.849516 ], [ -79.152493, 37.849326 ], [ -79.152748, 37.849135 ], [ -79.153111, 37.848695 ], [ -79.153196, 37.848545 ], [ -79.153233, 37.848361 ], [ -79.153126, 37.848082 ], [ -79.153083, 37.847891 ], [ -79.153095, 37.847657 ], [ -79.153149, 37.847514 ], [ -79.153327, 37.847293 ], [ -79.153436, 37.847109 ], [ -79.153493, 37.846905 ], [ -79.153499, 37.846795 ], [ -79.153488, 37.846671 ], [ -79.153452, 37.846549 ], [ -79.153283, 37.846211 ], [ -79.153134, 37.845749 ], [ -79.153119, 37.845607 ], [ -79.153135, 37.845488 ], [ -79.153186, 37.845386 ], [ -79.15333, 37.84519 ], [ -79.153395, 37.845146 ], [ -79.153654, 37.845028 ], [ -79.15386, 37.844882 ], [ -79.154192, 37.844449 ], [ -79.15451, 37.843951 ], [ -79.154678, 37.843777 ], [ -79.154905, 37.843623 ], [ -79.155205, 37.843474 ], [ -79.155654, 37.843336 ], [ -79.156024, 37.843183 ], [ -79.156192, 37.843073 ], [ -79.156405, 37.842854 ], [ -79.156453, 37.842748 ], [ -79.15636, 37.842402 ], [ -79.156351, 37.842212 ], [ -79.156378, 37.842136 ], [ -79.156419, 37.842083 ], [ -79.156797, 37.841689 ], [ -79.156964, 37.841478 ], [ -79.157016, 37.841388 ], [ -79.15705, 37.84092 ], [ -79.15719, 37.84029 ], [ -79.157217, 37.839868 ], [ -79.157268, 37.839716 ], [ -79.15737, 37.839588 ], [ -79.157635, 37.839318 ], [ -79.157821, 37.8392 ], [ -79.158072, 37.839079 ], [ -79.158197, 37.839036 ], [ -79.158715, 37.838915 ], [ -79.158777, 37.838888 ], [ -79.15887, 37.838794 ], [ -79.158987, 37.838563 ], [ -79.159023, 37.838451 ], [ -79.159058, 37.838177 ], [ -79.159026, 37.838018 ], [ -79.158742, 37.837627 ], [ -79.158557, 37.837448 ], [ -79.15821, 37.837207 ], [ -79.158067, 37.837077 ], [ -79.157915, 37.836911 ], [ -79.15776, 37.836679 ], [ -79.157636, 37.836376 ], [ -79.157596, 37.836146 ], [ -79.15754, 37.836001 ], [ -79.157455, 37.835873 ], [ -79.157372, 37.835809 ], [ -79.157267, 37.835758 ], [ -79.156732, 37.835535 ], [ -79.156451, 37.835389 ], [ -79.155985, 37.835178 ], [ -79.155814, 37.835083 ], [ -79.155094, 37.834644 ], [ -79.154856, 37.834388 ], [ -79.15474, 37.834225 ], [ -79.154645, 37.834018999999898 ], [ -79.154562, 37.83364 ], [ -79.154531, 37.833313 ], [ -79.154568, 37.832912 ], [ -79.15461, 37.832774 ], [ -79.154674, 37.832652 ], [ -79.154757, 37.832552 ], [ -79.154963, 37.832353 ], [ -79.155231, 37.832143 ], [ -79.155544, 37.831927 ], [ -79.155803, 37.831783 ], [ -79.156565, 37.831457 ], [ -79.156913, 37.83128 ], [ -79.15713, 37.831121 ], [ -79.157329, 37.830932 ], [ -79.157404, 37.830829 ], [ -79.157438, 37.830743 ], [ -79.157494, 37.83041 ], [ -79.157483, 37.830312 ], [ -79.157454, 37.830224 ], [ -79.157374, 37.830094 ], [ -79.157104, 37.829781 ], [ -79.157009, 37.829629 ], [ -79.156981, 37.829496 ], [ -79.156983, 37.829336 ], [ -79.157019, 37.829178 ], [ -79.157112, 37.829038 ], [ -79.157469, 37.828713 ], [ -79.157582, 37.828581 ], [ -79.157984, 37.827835 ], [ -79.158206, 37.827538 ], [ -79.158365, 37.827395 ], [ -79.158526, 37.827281 ], [ -79.159222, 37.826918 ], [ -79.159585, 37.826839 ], [ -79.159865, 37.826827 ], [ -79.159979, 37.826805 ], [ -79.160114, 37.826742 ], [ -79.160152, 37.826681 ], [ -79.16013, 37.826574 ], [ -79.159796, 37.826422 ], [ -79.159498, 37.82624 ], [ -79.15903, 37.825956 ], [ -79.158199, 37.825567 ], [ -79.157952, 37.825387 ], [ -79.157774, 37.825225000000103 ], [ -79.157721, 37.82514 ], [ -79.157748, 37.825054 ], [ -79.157827, 37.825003 ], [ -79.158321, 37.824829 ], [ -79.158583, 37.824706 ], [ -79.158727, 37.824585 ], [ -79.158913, 37.824396 ], [ -79.159468, 37.823718 ], [ -79.160166, 37.822827 ], [ -79.160248, 37.822669 ], [ -79.160271, 37.822583 ], [ -79.160259, 37.822383 ], [ -79.160224, 37.822311 ], [ -79.160091, 37.822202 ], [ -79.159959, 37.822117 ], [ -79.159702, 37.821985 ], [ -79.159162, 37.821605 ], [ -79.158716, 37.821319 ], [ -79.158604, 37.821241 ], [ -79.158447, 37.821079 ], [ -79.158163, 37.820672 ], [ -79.158047, 37.820411 ], [ -79.158021, 37.82027 ], [ -79.158016, 37.820013 ], [ -79.158032, 37.819881 ], [ -79.158075, 37.81973 ], [ -79.15812, 37.819643 ], [ -79.158343, 37.819427 ], [ -79.158529, 37.819304 ], [ -79.158629, 37.819266 ], [ -79.159179, 37.819135 ], [ -79.159295, 37.819086 ], [ -79.159398, 37.81901 ], [ -79.159549, 37.818837 ], [ -79.159859, 37.818605 ], [ -79.160264, 37.818201 ], [ -79.160924, 37.817652 ], [ -79.161177, 37.817365 ], [ -79.161324, 37.817142 ], [ -79.161445, 37.816903 ], [ -79.161543, 37.816789 ], [ -79.161677, 37.816711 ], [ -79.161829, 37.816681 ], [ -79.161915, 37.816686 ], [ -79.162037, 37.816746 ], [ -79.162359, 37.816784 ], [ -79.16256, 37.816792 ], [ -79.163394, 37.816724 ], [ -79.163557, 37.816704 ], [ -79.163798, 37.81663 ], [ -79.164036, 37.816524 ], [ -79.16417, 37.816415 ], [ -79.164297, 37.816236 ], [ -79.164559, 37.815721 ], [ -79.165026, 37.81457 ], [ -79.165128, 37.814289 ], [ -79.165191, 37.814046 ], [ -79.165179, 37.813798 ], [ -79.164847, 37.813076 ], [ -79.164818, 37.812982 ], [ -79.164831, 37.812829 ], [ -79.165035, 37.812469 ], [ -79.165111, 37.812382 ], [ -79.165245, 37.812271 ], [ -79.165861, 37.81196 ], [ -79.166233, 37.811744 ], [ -79.166388, 37.81163 ], [ -79.166508, 37.811515 ], [ -79.166597, 37.811395 ], [ -79.166909, 37.81059 ], [ -79.166948, 37.810405 ], [ -79.166957, 37.81024 ], [ -79.166935, 37.810099 ], [ -79.166832, 37.809755 ], [ -79.166787, 37.809436 ], [ -79.166813, 37.809181 ], [ -79.166846, 37.809037 ], [ -79.167036, 37.808611 ], [ -79.167275, 37.808255 ], [ -79.167584, 37.807956 ], [ -79.167842, 37.807753 ], [ -79.168355, 37.807435 ], [ -79.16924, 37.806982 ], [ -79.169783, 37.806623 ], [ -79.170498, 37.805949 ], [ -79.17087, 37.805675 ], [ -79.171034, 37.805535 ], [ -79.171165, 37.805377 ], [ -79.171267, 37.805216 ], [ -79.171591, 37.804661 ], [ -79.171843, 37.804183 ], [ -79.172086, 37.803511 ], [ -79.172129, 37.803364 ], [ -79.172135, 37.803215 ], [ -79.172131, 37.803097 ], [ -79.172087, 37.802885 ], [ -79.171992, 37.802721 ], [ -79.171922, 37.802625 ], [ -79.171279, 37.801953 ], [ -79.1709, 37.801361 ], [ -79.170791, 37.801123 ], [ -79.170715, 37.80074 ], [ -79.170721, 37.800651 ], [ -79.170751, 37.80056 ], [ -79.170806, 37.80047 ], [ -79.170884, 37.800386 ], [ -79.170998, 37.800315 ], [ -79.171277, 37.800214 ], [ -79.171712, 37.800002 ], [ -79.172146, 37.799863 ], [ -79.172309, 37.799792 ], [ -79.172629, 37.799607 ], [ -79.173234, 37.799215 ], [ -79.173801, 37.798918 ], [ -79.174438, 37.798677 ], [ -79.174814, 37.798556 ], [ -79.175145, 37.798519 ], [ -79.175734, 37.798497 ], [ -79.176027, 37.79845 ], [ -79.176255, 37.798361 ], [ -79.176756, 37.797974 ], [ -79.176953, 37.797815 ], [ -79.177163, 37.79768 ], [ -79.177853, 37.797455 ], [ -79.17806, 37.797375 ], [ -79.178566, 37.797144 ], [ -79.178728, 37.797083 ], [ -79.179043, 37.796995 ], [ -79.179232, 37.796921 ], [ -79.179353, 37.796853 ], [ -79.179432, 37.796782 ], [ -79.179562, 37.796613 ], [ -79.179678, 37.796419 ], [ -79.179849, 37.79585 ], [ -79.179907, 37.795725 ], [ -79.179989, 37.79562 ], [ -79.180078, 37.795547 ], [ -79.180292, 37.79542 ], [ -79.18065, 37.79527 ], [ -79.180819, 37.795224 ], [ -79.181106, 37.795206 ], [ -79.18165, 37.79523 ], [ -79.182312, 37.795304 ], [ -79.182865, 37.795226 ], [ -79.18339, 37.795201 ], [ -79.184377, 37.795227 ], [ -79.184719, 37.795203 ], [ -79.185763, 37.795036 ], [ -79.186457, 37.79484 ], [ -79.187587, 37.79431 ], [ -79.187766, 37.794234 ], [ -79.187915, 37.794189 ], [ -79.188506, 37.794102 ], [ -79.188745, 37.794103 ], [ -79.188956, 37.794156 ], [ -79.189036, 37.794198 ], [ -79.189151, 37.794292 ], [ -79.189221, 37.794325 ], [ -79.189377, 37.794351 ], [ -79.189467, 37.79434 ], [ -79.189749, 37.794228 ], [ -79.190457, 37.793702 ], [ -79.190953, 37.793429 ], [ -79.191215, 37.793334 ], [ -79.191364, 37.793297 ], [ -79.191526, 37.793267 ], [ -79.191824, 37.793243 ], [ -79.192096, 37.793178 ], [ -79.192217, 37.793104 ], [ -79.192701, 37.792695 ], [ -79.193178, 37.7922 ], [ -79.193432, 37.791986 ], [ -79.193618, 37.791873 ], [ -79.194879, 37.791291 ], [ -79.195605, 37.790815 ], [ -79.195848, 37.79062 ], [ -79.195971, 37.790456 ], [ -79.19607, 37.790226 ], [ -79.196109, 37.789564 ], [ -79.196176, 37.789347 ], [ -79.196244, 37.789239 ], [ -79.196299, 37.789188 ], [ -79.196443, 37.789111 ], [ -79.197054, 37.788893 ], [ -79.197385, 37.788743 ], [ -79.197495, 37.788671 ], [ -79.197776, 37.788423 ], [ -79.197928, 37.788317 ], [ -79.198194, 37.788171 ], [ -79.198648, 37.788016 ], [ -79.198824, 37.787982 ], [ -79.199278, 37.788028 ], [ -79.199392, 37.78805 ], [ -79.199573, 37.788119 ], [ -79.199695, 37.788213 ], [ -79.199803, 37.788328 ], [ -79.199972, 37.788606 ], [ -79.200091, 37.788755 ], [ -79.200213, 37.788836 ], [ -79.200359, 37.788907 ], [ -79.200633, 37.788982 ], [ -79.201153, 37.789089 ], [ -79.201806, 37.789294 ], [ -79.202014, 37.789333 ], [ -79.202239, 37.789337 ], [ -79.202598, 37.789257 ], [ -79.202687, 37.789216 ], [ -79.202921, 37.789057 ], [ -79.203209, 37.788747 ], [ -79.203319, 37.788673 ], [ -79.203843, 37.788507 ], [ -79.203995, 37.788485 ], [ -79.204089, 37.78849 ], [ -79.204183, 37.788514 ], [ -79.204388, 37.788598 ], [ -79.204559, 37.788787 ], [ -79.204733, 37.788942 ], [ -79.205291, 37.789385 ], [ -79.205403, 37.789454 ], [ -79.205806, 37.789627 ], [ -79.206, 37.789682 ], [ -79.206166, 37.789681 ], [ -79.206456, 37.789607 ], [ -79.206787, 37.789457 ], [ -79.207186, 37.789205 ], [ -79.207286, 37.78915 ], [ -79.207372, 37.789124 ], [ -79.20835, 37.789015 ], [ -79.208741, 37.788928 ], [ -79.208906, 37.788911 ], [ -79.209028, 37.78892 ], [ -79.209132, 37.788953 ], [ -79.209289, 37.789059 ], [ -79.209372, 37.789156 ], [ -79.209552, 37.789479 ], [ -79.209611, 37.789627 ], [ -79.20976, 37.789863 ], [ -79.209928, 37.790065 ], [ -79.210204, 37.790341 ], [ -79.210394, 37.79065 ], [ -79.210541, 37.790832 ], [ -79.210715, 37.790962 ], [ -79.210886, 37.791059 ], [ -79.211285, 37.791227 ], [ -79.211483, 37.791327 ], [ -79.211637, 37.791457 ], [ -79.211752, 37.791604 ], [ -79.211925, 37.791914 ], [ -79.212021, 37.79214 ], [ -79.212198, 37.792612 ], [ -79.212355, 37.793117 ], [ -79.212483, 37.793441 ], [ -79.212615, 37.79392 ], [ -79.212682, 37.794027 ], [ -79.212864, 37.794177 ], [ -79.212971, 37.794241 ], [ -79.213413, 37.794457 ], [ -79.214007, 37.794669 ], [ -79.214128, 37.794694 ], [ -79.214592, 37.794713 ], [ -79.215043, 37.794826 ], [ -79.215712, 37.79489 ], [ -79.215799, 37.794926 ], [ -79.216049, 37.79509 ], [ -79.216315, 37.795337 ], [ -79.216461, 37.795444 ], [ -79.216764, 37.795591 ], [ -79.21702, 37.795671 ], [ -79.217592, 37.796042 ], [ -79.217707, 37.796158 ], [ -79.217746, 37.796228 ], [ -79.217782, 37.796364 ], [ -79.217667, 37.79666 ], [ -79.21766, 37.796733 ], [ -79.217686, 37.79692 ], [ -79.217719, 37.797022 ], [ -79.21802, 37.79744 ], [ -79.218161, 37.79767 ], [ -79.218338, 37.798065 ], [ -79.218317, 37.798109 ], [ -79.218087, 37.798477 ], [ -79.21796, 37.798674 ], [ -79.217877, 37.799264 ], [ -79.217594, 37.800002 ], [ -79.217019, 37.800558 ], [ -79.216773, 37.800927 ], [ -79.216701, 37.801001 ], [ -79.216615, 37.801069 ], [ -79.216289, 37.801263 ], [ -79.216234, 37.801362 ], [ -79.216259, 37.801443 ], [ -79.216311, 37.801507 ], [ -79.216493, 37.801632 ], [ -79.216593, 37.801679 ], [ -79.217197, 37.801814 ], [ -79.217481, 37.801846 ], [ -79.217732, 37.801844 ], [ -79.218187, 37.801809 ], [ -79.218402, 37.801854 ], [ -79.218749, 37.802019 ], [ -79.21884, 37.80209 ], [ -79.219046, 37.8023 ], [ -79.219127, 37.802359 ], [ -79.219262, 37.802414 ], [ -79.219425, 37.802455 ], [ -79.219539, 37.802465 ], [ -79.219744, 37.802453 ], [ -79.220045, 37.802469 ], [ -79.22043, 37.802534 ], [ -79.22068, 37.802608 ], [ -79.221003, 37.802794 ], [ -79.221062, 37.80284 ], [ -79.22142, 37.803289 ], [ -79.221487, 37.803441 ], [ -79.221535, 37.803784 ], [ -79.221443, 37.804278 ], [ -79.221416, 37.804732 ], [ -79.221439, 37.804939 ], [ -79.2215, 37.805135 ], [ -79.221669, 37.805436 ], [ -79.221746, 37.805541 ], [ -79.222042, 37.80573 ], [ -79.222381, 37.806034 ], [ -79.222788, 37.806597 ], [ -79.223101, 37.807088 ], [ -79.223276, 37.807295 ], [ -79.22352, 37.807495 ], [ -79.223676, 37.807578 ], [ -79.224052, 37.807712 ], [ -79.224353, 37.807783 ], [ -79.225081, 37.80785 ], [ -79.225998, 37.807781 ], [ -79.226164, 37.807792 ], [ -79.226237, 37.80781 ], [ -79.226338, 37.807874 ], [ -79.226354, 37.808079 ], [ -79.226442, 37.808297 ], [ -79.226495, 37.808369 ], [ -79.226595, 37.80845 ], [ -79.226808, 37.808561 ], [ -79.2272, 37.808603 ], [ -79.227623, 37.808714 ], [ -79.228305, 37.809089 ], [ -79.228667, 37.809257 ], [ -79.228886, 37.809395 ], [ -79.229002, 37.809502 ], [ -79.229075, 37.809627 ], [ -79.229193, 37.809961 ], [ -79.229222, 37.810116 ], [ -79.229227, 37.810297 ], [ -79.229115, 37.810821 ], [ -79.229054, 37.810986 ], [ -79.228982, 37.811091 ], [ -79.228839, 37.811245 ], [ -79.228631, 37.811398 ], [ -79.228364, 37.811567 ], [ -79.228275, 37.81165 ], [ -79.228224, 37.811757 ], [ -79.228194, 37.811889 ], [ -79.228202, 37.811991 ], [ -79.228252, 37.812129 ], [ -79.228346, 37.81225 ], [ -79.228593, 37.812378 ], [ -79.228944, 37.812458 ], [ -79.229353, 37.812578 ], [ -79.229823, 37.812789 ], [ -79.230045, 37.812844 ], [ -79.230645, 37.812957 ], [ -79.230812, 37.813019 ], [ -79.231041, 37.813155 ], [ -79.231128, 37.813189 ], [ -79.231326, 37.813219 ], [ -79.231447, 37.813215 ], [ -79.231557, 37.813175 ], [ -79.231857, 37.812997 ], [ -79.232064, 37.812907 ], [ -79.23235, 37.812859 ], [ -79.232845, 37.812831 ], [ -79.232987, 37.812804 ], [ -79.233104, 37.812763 ], [ -79.233883, 37.812404 ], [ -79.234017, 37.812329 ], [ -79.234168, 37.812207 ], [ -79.234473, 37.81182 ], [ -79.234743, 37.811544 ], [ -79.234838, 37.811462 ], [ -79.235386, 37.811074 ], [ -79.235548, 37.810975 ], [ -79.235706, 37.8109 ], [ -79.23601, 37.810794 ], [ -79.236285, 37.810655 ], [ -79.2368, 37.810218 ], [ -79.23836, 37.808667 ], [ -79.238621, 37.808465 ], [ -79.238769, 37.808377 ], [ -79.239548, 37.808081 ], [ -79.239708, 37.808039 ], [ -79.240233, 37.807942 ], [ -79.240533, 37.807903 ], [ -79.241403, 37.807955 ], [ -79.241545, 37.807951 ], [ -79.24171, 37.807931 ], [ -79.241859, 37.807893 ], [ -79.242079, 37.807792 ], [ -79.242241, 37.807662 ], [ -79.242302, 37.807584 ], [ -79.242546, 37.806976 ], [ -79.242675, 37.806792 ], [ -79.242754, 37.80673 ], [ -79.243102, 37.806501 ], [ -79.243694, 37.80618 ], [ -79.243914, 37.806093 ], [ -79.244353, 37.805961 ], [ -79.245457, 37.805572 ], [ -79.245829, 37.80541 ], [ -79.245939, 37.805334 ], [ -79.246134, 37.805141 ], [ -79.24643, 37.804566 ], [ -79.246744, 37.804201 ], [ -79.24693, 37.804034 ], [ -79.247046, 37.803956 ], [ -79.247198, 37.803877 ], [ -79.247305, 37.803839 ], [ -79.247474, 37.803785 ], [ -79.247591, 37.803721 ], [ -79.247656, 37.803641 ], [ -79.247771, 37.803389 ], [ -79.247836, 37.803313 ], [ -79.248004, 37.803142 ], [ -79.248193, 37.802997 ], [ -79.248375, 37.802822 ], [ -79.248734, 37.802395 ], [ -79.248953, 37.802179 ], [ -79.249107, 37.80198 ], [ -79.249246, 37.801718 ], [ -79.249554, 37.801211 ], [ -79.249941, 37.800557 ], [ -79.25019, 37.800534 ], [ -79.250444, 37.800411 ], [ -79.250544, 37.800331 ], [ -79.250995, 37.799776 ], [ -79.251602, 37.799172 ], [ -79.251858, 37.798871 ], [ -79.252234, 37.79831 ], [ -79.252452, 37.797684 ], [ -79.252549, 37.797326 ], [ -79.252596, 37.797194 ], [ -79.252671, 37.79708 ], [ -79.252784, 37.796997 ], [ -79.252967, 37.796895 ], [ -79.254094, 37.796445 ], [ -79.254363, 37.796317 ], [ -79.254572, 37.796164 ], [ -79.254761, 37.795973 ], [ -79.254863, 37.795816 ], [ -79.254934, 37.795622 ], [ -79.254905, 37.795169 ], [ -79.254934, 37.794971 ], [ -79.254985, 37.794855 ], [ -79.255046, 37.794776 ], [ -79.255122, 37.794725 ], [ -79.255384, 37.794615 ], [ -79.255466, 37.794566 ], [ -79.255549, 37.794488 ], [ -79.255596, 37.794395 ], [ -79.255642, 37.79417 ], [ -79.255606, 37.793988 ], [ -79.255637, 37.793645 ], [ -79.255657, 37.793575 ], [ -79.255742, 37.793458 ], [ -79.255849, 37.793426 ], [ -79.256167, 37.793385 ], [ -79.257028, 37.793308 ], [ -79.257596, 37.793327 ], [ -79.258358, 37.793397 ], [ -79.258549, 37.793402 ], [ -79.258721, 37.793385 ], [ -79.258887, 37.793336 ], [ -79.259421, 37.793089 ], [ -79.259548, 37.793013 ], [ -79.259847, 37.792812 ], [ -79.260132, 37.792579 ], [ -79.260321, 37.792379 ], [ -79.260563, 37.792073 ], [ -79.260818, 37.791588 ], [ -79.260922, 37.791325 ], [ -79.262055, 37.792337 ], [ -79.264674, 37.794694 ], [ -79.264893, 37.794479 ], [ -79.26538, 37.794079 ], [ -79.265654, 37.793821 ], [ -79.265784, 37.793653 ], [ -79.26594, 37.793312 ], [ -79.266015, 37.793199 ], [ -79.266682, 37.792431 ], [ -79.266822, 37.792288 ], [ -79.267385, 37.79186 ], [ -79.267649, 37.791617 ], [ -79.267831, 37.79143 ], [ -79.268802, 37.790295 ], [ -79.269006, 37.789968 ], [ -79.269313, 37.789198 ], [ -79.269486, 37.788858 ], [ -79.269729, 37.788553 ], [ -79.269972, 37.788335 ], [ -79.270202, 37.788078 ], [ -79.27038, 37.78779 ], [ -79.270429, 37.787669 ], [ -79.270449, 37.78751 ], [ -79.270448, 37.787403 ], [ -79.270568, 37.787266 ], [ -79.271061, 37.786539 ], [ -79.27128, 37.786271 ], [ -79.271582, 37.786015 ], [ -79.271889, 37.785678 ], [ -79.272039, 37.785412 ], [ -79.272113, 37.785186 ], [ -79.272335, 37.784635 ], [ -79.272496, 37.784095 ], [ -79.272668, 37.78366 ], [ -79.272758, 37.783364 ], [ -79.272999, 37.782794 ], [ -79.273172, 37.782144 ], [ -79.273424, 37.781405 ], [ -79.273715, 37.780816 ], [ -79.273876, 37.780605 ], [ -79.274232, 37.780268 ], [ -79.274482, 37.779975 ], [ -79.274891, 37.779414 ], [ -79.27532, 37.77877 ], [ -79.275433, 37.778641 ], [ -79.275899, 37.778206 ], [ -79.275992, 37.778095 ], [ -79.276077, 37.77796 ], [ -79.276409, 37.777303 ], [ -79.276515, 37.777146 ], [ -79.276617, 37.777019 ], [ -79.277199, 37.776437 ], [ -79.27749, 37.776083 ], [ -79.27778, 37.775679 ], [ -79.277899, 37.775485 ], [ -79.278085, 37.775113 ], [ -79.278338, 37.774523 ], [ -79.278522, 37.774183 ], [ -79.278674, 37.773786 ], [ -79.278931, 37.773344 ], [ -79.279139, 37.773052 ], [ -79.279438, 37.772711 ], [ -79.28029, 37.771904 ], [ -79.280807, 37.77137 ], [ -79.281337, 37.77075 ], [ -79.281978, 37.769947 ], [ -79.282388, 37.769485 ], [ -79.282566, 37.769313 ], [ -79.283258, 37.768704 ], [ -79.284395, 37.767784 ], [ -79.284884, 37.767353 ], [ -79.285353, 37.76691 ], [ -79.286952, 37.765204 ], [ -79.287171, 37.765021 ], [ -79.287403, 37.76485 ], [ -79.287704, 37.764681 ], [ -79.288252, 37.76442 ], [ -79.289107, 37.764076 ], [ -79.289292, 37.763964 ], [ -79.289378, 37.763887 ], [ -79.289529, 37.763677 ], [ -79.289578, 37.76355 ], [ -79.289609, 37.763392 ], [ -79.289616, 37.763247 ], [ -79.289576, 37.762615 ], [ -79.289635, 37.762318 ], [ -79.289691, 37.762187 ], [ -79.289763, 37.762057 ], [ -79.289955, 37.761791 ], [ -79.290843, 37.760639 ], [ -79.291141, 37.760208 ], [ -79.29126, 37.759981 ], [ -79.291399, 37.759627 ], [ -79.291739, 37.758653 ], [ -79.291856, 37.758365 ], [ -79.292023, 37.757988 ], [ -79.292213, 37.757618 ], [ -79.292533, 37.757091 ], [ -79.293245, 37.7561 ], [ -79.293559, 37.75572 ], [ -79.293956, 37.755321 ], [ -79.294099, 37.755044 ], [ -79.294179, 37.754735 ], [ -79.29429, 37.754428 ], [ -79.294453, 37.754145 ], [ -79.294789, 37.753825 ], [ -79.29525, 37.753443 ], [ -79.295581, 37.753117 ], [ -79.295758, 37.752743 ], [ -79.295877, 37.75257 ], [ -79.296122, 37.752295 ], [ -79.296354, 37.752096 ], [ -79.296515, 37.751983 ], [ -79.296652, 37.7519 ], [ -79.297224, 37.751619 ], [ -79.297799, 37.750879 ], [ -79.298268, 37.750223 ], [ -79.298352, 37.749689 ], [ -79.298429, 37.749412 ], [ -79.298557, 37.749102 ], [ -79.299021, 37.748125 ], [ -79.299414, 37.747355 ], [ -79.299471, 37.747194 ], [ -79.299554, 37.746909 ], [ -79.299655, 37.746304 ], [ -79.299725, 37.746061 ], [ -79.299803, 37.745904 ], [ -79.300089, 37.745473 ], [ -79.300572, 37.744401 ], [ -79.300985, 37.743577 ], [ -79.30112, 37.743247 ], [ -79.301207, 37.742974 ], [ -79.301271, 37.742564 ], [ -79.301312, 37.742438 ], [ -79.301437, 37.742232 ], [ -79.301578, 37.742092 ], [ -79.301824, 37.741887 ], [ -79.302024, 37.741754 ], [ -79.302357, 37.741597 ], [ -79.30258, 37.741474 ], [ -79.302701, 37.741338 ], [ -79.303011, 37.740923 ], [ -79.303248, 37.740547 ], [ -79.303428, 37.740127 ], [ -79.303585, 37.739827 ], [ -79.303739, 37.739186 ], [ -79.303948, 37.738641 ], [ -79.304492, 37.737808 ], [ -79.305073, 37.737128 ], [ -79.305154, 37.736985 ], [ -79.305313, 37.736613 ], [ -79.305336, 37.736505 ], [ -79.305376, 37.73642 ], [ -79.305482, 37.736321 ], [ -79.305781, 37.736116 ], [ -79.306822, 37.735506 ], [ -79.307076, 37.735286 ], [ -79.307318, 37.735017 ], [ -79.307576, 37.734808 ], [ -79.307926, 37.734575 ], [ -79.308125, 37.734463 ], [ -79.308342, 37.734383 ], [ -79.308442, 37.73433 ], [ -79.308483, 37.73428 ], [ -79.308496, 37.734208 ], [ -79.30844, 37.734142 ], [ -79.308377, 37.734116 ], [ -79.30827, 37.734086 ], [ -79.307608, 37.733988 ], [ -79.307421, 37.733929 ], [ -79.307254, 37.733838 ], [ -79.306961, 37.733562 ], [ -79.306887, 37.733465 ], [ -79.306781, 37.733249 ], [ -79.306669, 37.732841 ], [ -79.306501, 37.732595 ], [ -79.306402, 37.732398 ], [ -79.306355, 37.732223 ], [ -79.306362, 37.731884 ], [ -79.306347, 37.731788 ], [ -79.306283, 37.731655 ], [ -79.306181, 37.731538 ], [ -79.305801, 37.731182 ], [ -79.305615, 37.731046 ], [ -79.305275, 37.730823 ], [ -79.305114, 37.730681 ], [ -79.305065, 37.730593 ], [ -79.305006, 37.730239 ], [ -79.304818, 37.72954 ], [ -79.304814, 37.729469 ], [ -79.304844, 37.729309 ], [ -79.304945, 37.729056 ], [ -79.305102, 37.728862 ], [ -79.305232, 37.728732 ], [ -79.305742, 37.728319 ], [ -79.306139, 37.727888 ], [ -79.306221, 37.727823 ], [ -79.306737, 37.727551 ], [ -79.306985, 37.727448 ], [ -79.30716, 37.727357 ], [ -79.307514, 37.727124 ], [ -79.307638, 37.72707 ], [ -79.307786, 37.727033 ], [ -79.308059, 37.727001 ], [ -79.308583, 37.726887 ], [ -79.309156, 37.726788 ], [ -79.309232, 37.726768 ], [ -79.309466, 37.726658 ], [ -79.309569, 37.726587 ], [ -79.309637, 37.726491 ], [ -79.309684, 37.72638 ], [ -79.309821, 37.725677 ], [ -79.309855, 37.725598 ], [ -79.309998, 37.725377 ], [ -79.310365, 37.725111 ], [ -79.310799, 37.724624 ], [ -79.310888, 37.72455 ], [ -79.311743, 37.72397 ], [ -79.311883, 37.723852 ], [ -79.312064, 37.723639 ], [ -79.312298, 37.72319 ], [ -79.312294, 37.723103 ], [ -79.312262, 37.723026 ], [ -79.311961, 37.722561 ], [ -79.311863, 37.722334 ], [ -79.311842, 37.722246 ], [ -79.311839, 37.72199 ], [ -79.311855, 37.721871 ], [ -79.311889, 37.721807 ], [ -79.311964, 37.721703 ], [ -79.312044, 37.721637 ], [ -79.312129, 37.721593 ], [ -79.31262, 37.721452 ], [ -79.312732, 37.721418 ], [ -79.312997, 37.721373 ], [ -79.313097, 37.721279 ], [ -79.313131, 37.721206 ], [ -79.313137, 37.721134 ], [ -79.313111, 37.721027 ], [ -79.31293, 37.720744 ], [ -79.311962, 37.719203 ], [ -79.311783, 37.718716 ], [ -79.311787, 37.718499 ], [ -79.311871, 37.718262 ], [ -79.312071, 37.717893 ], [ -79.31218, 37.717732 ], [ -79.312324, 37.717613 ], [ -79.312579, 37.717501 ], [ -79.313086, 37.717466 ], [ -79.313451, 37.717385 ], [ -79.313762, 37.717297 ], [ -79.314049, 37.717247 ], [ -79.315009, 37.717217 ], [ -79.315356, 37.717248 ], [ -79.315452, 37.71724 ], [ -79.3157, 37.717145 ], [ -79.315765, 37.717091 ], [ -79.315813, 37.716992 ], [ -79.315879, 37.716721 ], [ -79.315964, 37.716565 ], [ -79.316141, 37.716349 ], [ -79.316572, 37.715924 ], [ -79.316755, 37.715631 ], [ -79.317029, 37.715349 ], [ -79.31743, 37.714764 ], [ -79.317481, 37.71465 ], [ -79.317611, 37.714194 ], [ -79.317962, 37.71338 ], [ -79.318102, 37.712956 ], [ -79.318112, 37.712879 ], [ -79.318093, 37.712787 ], [ -79.318058, 37.712699 ], [ -79.317998, 37.712612 ], [ -79.317562, 37.712208 ], [ -79.31729, 37.71199 ], [ -79.317195, 37.711885 ], [ -79.316946, 37.711533 ], [ -79.316783, 37.711211 ], [ -79.316662, 37.710851 ], [ -79.31665, 37.710715 ], [ -79.316662, 37.710534 ], [ -79.316822, 37.709707 ], [ -79.316894, 37.70903 ], [ -79.316875, 37.708827 ], [ -79.316777, 37.708452 ], [ -79.316618, 37.708136 ], [ -79.316323, 37.707687 ], [ -79.315831, 37.707227 ], [ -79.315418, 37.706761 ], [ -79.315344, 37.706639 ], [ -79.315326, 37.706543 ], [ -79.315338, 37.706451 ], [ -79.31544, 37.706276 ], [ -79.315919, 37.705792 ], [ -79.316191, 37.705425 ], [ -79.316314, 37.705286 ], [ -79.316399, 37.705154 ], [ -79.31646, 37.70501 ], [ -79.316519, 37.70468 ], [ -79.316653, 37.704322 ], [ -79.316683, 37.704197 ], [ -79.316703, 37.703852 ], [ -79.316656, 37.70336 ], [ -79.316738, 37.70321 ], [ -79.316898, 37.70301 ], [ -79.31712, 37.702785 ], [ -79.317339, 37.702598 ], [ -79.318065, 37.701933 ], [ -79.318562, 37.701539 ], [ -79.318918, 37.701212 ], [ -79.319376, 37.700737 ], [ -79.31982, 37.700233 ], [ -79.319898, 37.700123 ], [ -79.319945, 37.699971 ], [ -79.319944, 37.699885 ], [ -79.31983, 37.699299 ], [ -79.319811, 37.699108 ], [ -79.319824, 37.698395 ], [ -79.319907, 37.697512 ], [ -79.320053, 37.696885 ], [ -79.320126, 37.696659 ], [ -79.320221, 37.696501 ], [ -79.320539, 37.696135 ], [ -79.320984, 37.695419 ], [ -79.321587, 37.694319 ], [ -79.321991, 37.693648 ], [ -79.322129, 37.693353 ], [ -79.322317, 37.692874 ], [ -79.322385, 37.692755 ], [ -79.322617, 37.692487 ], [ -79.322853, 37.692269 ], [ -79.323556, 37.691787 ], [ -79.323812, 37.691685 ], [ -79.323826, 37.691675 ], [ -79.324015, 37.691626 ], [ -79.324359, 37.691552000000115 ], [ -79.324524, 37.691466 ], [ -79.324665, 37.691336 ], [ -79.324759, 37.691202 ], [ -79.324906, 37.690949 ], [ -79.325015, 37.690822 ], [ -79.325159, 37.690716 ], [ -79.325324, 37.690636 ], [ -79.325874, 37.690421 ], [ -79.32679, 37.690084 ], [ -79.327509, 37.6898 ], [ -79.327967, 37.689645 ], [ -79.328139, 37.689556 ], [ -79.328394, 37.689395 ], [ -79.328757, 37.689124 ], [ -79.329009, 37.688861 ], [ -79.329327, 37.688475 ], [ -79.32971, 37.688048 ], [ -79.330389, 37.687404 ], [ -79.331058, 37.686941 ], [ -79.331202, 37.68686 ], [ -79.33133, 37.686809 ], [ -79.331815, 37.68664 ], [ -79.332208, 37.68654 ], [ -79.332407, 37.686467 ], [ -79.332465, 37.686404 ], [ -79.332488, 37.686297 ], [ -79.332558, 37.685707 ], [ -79.332585, 37.685643 ], [ -79.332646, 37.685578 ], [ -79.332855, 37.685426 ], [ -79.333168, 37.685229 ], [ -79.334234, 37.684475 ], [ -79.334615, 37.684265 ], [ -79.334728, 37.684171 ], [ -79.334821, 37.684073 ], [ -79.334946, 37.683894 ], [ -79.335099, 37.683585 ], [ -79.335201, 37.683441 ], [ -79.335341, 37.683289 ], [ -79.335601, 37.683051 ], [ -79.336474, 37.682394 ], [ -79.336891, 37.682032 ], [ -79.337073, 37.681835 ], [ -79.337243, 37.681571 ], [ -79.337286, 37.681454 ], [ -79.337296, 37.681344 ], [ -79.337232, 37.681236 ], [ -79.33712, 37.681136 ], [ -79.336994, 37.681061 ], [ -79.3368, 37.680942 ], [ -79.33671, 37.680859 ], [ -79.336625, 37.680744 ], [ -79.336572, 37.680622 ], [ -79.336543, 37.680497 ], [ -79.336518, 37.680091 ], [ -79.336523, 37.679968 ], [ -79.336556, 37.679814 ], [ -79.336691, 37.679469 ], [ -79.336803, 37.679313 ], [ -79.337002, 37.679153 ], [ -79.337088, 37.679114 ], [ -79.337201, 37.679098 ], [ -79.337464, 37.679123 ], [ -79.3377, 37.679181 ], [ -79.338261, 37.679271 ], [ -79.338523, 37.679279 ], [ -79.33872, 37.67925 ], [ -79.339237, 37.679115 ], [ -79.339696, 37.679031 ], [ -79.340264, 37.678839 ], [ -79.340466, 37.678744 ], [ -79.340576, 37.678634 ], [ -79.340664, 37.678492 ], [ -79.340901, 37.678026 ], [ -79.341085, 37.677508 ], [ -79.341213, 37.676919 ], [ -79.341278, 37.676815 ], [ -79.341616, 37.676459 ], [ -79.342155, 37.67583 ], [ -79.342215, 37.675699 ], [ -79.342248, 37.675522 ], [ -79.342268, 37.675171 ], [ -79.342274, 37.674188 ], [ -79.342188, 37.673873 ], [ -79.341923, 37.673405 ], [ -79.341813, 37.673151 ], [ -79.341692, 37.672766 ], [ -79.341579, 37.67254 ], [ -79.341549, 37.672402 ], [ -79.34158, 37.672053 ], [ -79.341627, 37.671905 ], [ -79.341766, 37.671709 ], [ -79.34239, 37.671232 ], [ -79.342558, 37.671123 ], [ -79.342929, 37.670939 ], [ -79.343052, 37.670862 ], [ -79.343159, 37.670779 ], [ -79.343456, 37.670456 ], [ -79.343496, 37.670378 ], [ -79.343502, 37.670264 ], [ -79.343454, 37.669999 ], [ -79.343332, 37.669649 ], [ -79.343208, 37.669376 ], [ -79.343165, 37.669222 ], [ -79.343197, 37.668991 ], [ -79.343365, 37.66855 ], [ -79.343541, 37.66822 ], [ -79.343684, 37.668021 ], [ -79.344257, 37.667354 ], [ -79.344711, 37.666898 ], [ -79.345011, 37.666549 ], [ -79.345093, 37.666449 ], [ -79.345224, 37.666211 ], [ -79.345279, 37.666011 ], [ -79.345333, 37.665635 ], [ -79.345489, 37.6651 ], [ -79.3456, 37.664203 ], [ -79.345601, 37.663992 ], [ -79.345564, 37.663455 ], [ -79.345465, 37.662936 ], [ -79.345265, 37.662401 ], [ -79.345166, 37.662206 ], [ -79.34499, 37.661928 ], [ -79.344926, 37.661754 ], [ -79.344893, 37.661571 ], [ -79.344902, 37.661425 ], [ -79.344942, 37.661283 ], [ -79.345167, 37.660706 ], [ -79.345235, 37.660625 ], [ -79.345611, 37.660322 ], [ -79.345755, 37.660227 ], [ -79.345934, 37.660151 ], [ -79.346137, 37.660099 ], [ -79.34633, 37.660068 ], [ -79.346655, 37.660046 ], [ -79.346889, 37.660003 ], [ -79.34712, 37.659939 ], [ -79.347447, 37.659797 ], [ -79.348487, 37.659193 ], [ -79.348808, 37.658932 ], [ -79.349031, 37.658782 ], [ -79.349444, 37.658537 ], [ -79.350141, 37.658239 ], [ -79.350551, 37.658111 ], [ -79.350895, 37.658022 ], [ -79.351619, 37.657918 ], [ -79.351843, 37.65786 ], [ -79.352087, 37.657761 ], [ -79.352726, 37.657448 ], [ -79.352862, 37.657374 ], [ -79.353046, 37.657286 ], [ -79.353232, 37.65722 ], [ -79.3534, 37.657179 ], [ -79.353594, 37.657178 ], [ -79.354064, 37.657224 ], [ -79.354347, 37.657207 ], [ -79.354809, 37.657114 ], [ -79.355036, 37.657034 ], [ -79.355308, 37.656915 ], [ -79.356507, 37.656369 ], [ -79.356999, 37.656204 ], [ -79.357419, 37.65603 ], [ -79.35755, 37.656001 ], [ -79.357695, 37.655997 ], [ -79.358037, 37.656034 ], [ -79.358327, 37.656042 ], [ -79.358396, 37.656027 ], [ -79.358489, 37.655952 ], [ -79.358529, 37.655862 ], [ -79.358521, 37.655792 ], [ -79.358349, 37.655551 ], [ -79.358293, 37.655444 ], [ -79.358164, 37.655038 ], [ -79.358138, 37.654925 ], [ -79.35813, 37.654765 ], [ -79.358141, 37.65457 ], [ -79.358185, 37.654216 ], [ -79.358239, 37.654029 ], [ -79.358319, 37.653835 ], [ -79.358647, 37.653226 ], [ -79.358917, 37.652891 ], [ -79.359043, 37.65277 ], [ -79.359752, 37.652231 ], [ -79.36026, 37.651936 ], [ -79.360335, 37.65187 ], [ -79.360505, 37.651665 ], [ -79.360563, 37.651538 ], [ -79.360573, 37.650949 ], [ -79.360639, 37.650655 ], [ -79.360643, 37.650551 ], [ -79.360868, 37.650101 ], [ -79.361269, 37.649769 ], [ -79.36173, 37.649458 ], [ -79.361874, 37.649342 ], [ -79.362178, 37.649048 ], [ -79.362724, 37.648475 ], [ -79.363018, 37.648196 ], [ -79.363203, 37.648055 ], [ -79.363419, 37.647923 ], [ -79.363952, 37.647673 ], [ -79.364137, 37.647567 ], [ -79.364459, 37.647314 ], [ -79.364582, 37.647195 ], [ -79.364701, 37.647019 ], [ -79.364798, 37.646803 ], [ -79.364908, 37.646445 ], [ -79.364992, 37.64627 ], [ -79.365108, 37.646092 ], [ -79.365213, 37.645966 ], [ -79.365429, 37.645771 ], [ -79.365573, 37.645697 ], [ -79.365766, 37.64563 ], [ -79.366255, 37.645498 ], [ -79.366689, 37.645435 ], [ -79.367165, 37.64539 ], [ -79.368227, 37.645175 ], [ -79.368626, 37.645047 ], [ -79.369371, 37.644726 ], [ -79.36964, 37.644666 ], [ -79.369937, 37.644629 ], [ -79.370192, 37.644615 ], [ -79.370376, 37.644635 ], [ -79.37085, 37.644765 ], [ -79.371089, 37.644788 ], [ -79.371348, 37.644794 ], [ -79.372142, 37.644755 ], [ -79.372608, 37.644754 ], [ -79.373153, 37.64472 ], [ -79.373357, 37.644724 ], [ -79.373748, 37.644762 ], [ -79.373917, 37.644753 ], [ -79.374186, 37.644689 ], [ -79.374376, 37.644695 ], [ -79.374515, 37.644775 ], [ -79.375067, 37.64476 ], [ -79.375419, 37.644707 ], [ -79.375992, 37.64456 ], [ -79.376703, 37.644308 ], [ -79.37684, 37.644248 ], [ -79.377451, 37.643918 ], [ -79.377785, 37.643823 ], [ -79.378419, 37.643701 ], [ -79.378622, 37.643635 ], [ -79.380191, 37.642853 ], [ -79.380353, 37.642759 ], [ -79.380664, 37.64253 ], [ -79.381023, 37.642194 ], [ -79.381152, 37.642042 ], [ -79.381471, 37.641501 ], [ -79.381586, 37.641347 ], [ -79.38174, 37.641191 ], [ -79.382725, 37.640349 ], [ -79.383417, 37.639846 ], [ -79.383813, 37.639529 ], [ -79.383994, 37.639357 ], [ -79.384714, 37.638594 ], [ -79.385428, 37.637932 ], [ -79.385849, 37.637576 ], [ -79.385996, 37.63743 ], [ -79.386135, 37.637241 ], [ -79.386389, 37.636833 ], [ -79.386532, 37.636651 ], [ -79.386819, 37.636346 ], [ -79.387194, 37.636002 ], [ -79.387595, 37.635699 ], [ -79.388404, 37.635195 ], [ -79.388754, 37.635022 ], [ -79.389577, 37.634772 ], [ -79.38989, 37.634661 ], [ -79.390068, 37.634581 ], [ -79.39118, 37.633998 ], [ -79.391307, 37.633919 ], [ -79.391635, 37.633658 ], [ -79.391721, 37.63356 ], [ -79.391792, 37.633434 ], [ -79.391868, 37.633141 ], [ -79.391918, 37.632713 ], [ -79.391987, 37.632429 ], [ -79.392129, 37.632192 ], [ -79.392398, 37.631888 ], [ -79.392702, 37.631593 ], [ -79.393424, 37.631037 ], [ -79.393756, 37.630758 ], [ -79.393965, 37.630604 ], [ -79.39452, 37.63027 ], [ -79.394702, 37.630143 ], [ -79.394886, 37.629984 ], [ -79.395132, 37.629733 ], [ -79.395252, 37.629631 ], [ -79.395395, 37.629537 ], [ -79.395712, 37.629409 ], [ -79.395836, 37.629388 ], [ -79.396215, 37.629367 ], [ -79.396508, 37.629293 ], [ -79.396855, 37.629172 ], [ -79.397322, 37.628965 ], [ -79.397868, 37.62866 ], [ -79.398569, 37.628372 ], [ -79.398964, 37.628237 ], [ -79.399266, 37.628089 ], [ -79.39952, 37.627911 ], [ -79.3998, 37.627656 ], [ -79.400311, 37.627052 ], [ -79.400673, 37.626704 ], [ -79.401497, 37.626092 ], [ -79.40158, 37.626049 ], [ -79.401835, 37.62599 ], [ -79.401985, 37.625975 ], [ -79.402825, 37.625972 ], [ -79.402967, 37.625961 ], [ -79.403115, 37.625942 ], [ -79.403742, 37.625813 ], [ -79.404301, 37.625735 ], [ -79.404425, 37.625738 ], [ -79.404556, 37.625767 ], [ -79.404681, 37.625815 ], [ -79.404949, 37.625966 ], [ -79.40505, 37.626043 ], [ -79.405382, 37.626375 ], [ -79.405608, 37.626517 ], [ -79.406018, 37.626736 ], [ -79.406313, 37.626836 ], [ -79.406417, 37.626845 ], [ -79.407478, 37.626672 ], [ -79.408144, 37.626602 ], [ -79.408751, 37.62657 ], [ -79.409182, 37.626477 ], [ -79.409481, 37.626389 ], [ -79.40986, 37.626303 ], [ -79.409991, 37.626291 ], [ -79.410267, 37.6263 ], [ -79.410945, 37.626373 ], [ -79.411259, 37.626386 ], [ -79.411449, 37.626362 ], [ -79.412076, 37.626205 ], [ -79.412444, 37.62614 ], [ -79.41342, 37.625999 ], [ -79.414055, 37.62597 ], [ -79.414514, 37.625986 ], [ -79.41485, 37.626029 ], [ -79.41575, 37.62624 ], [ -79.41654, 37.626478 ], [ -79.416703, 37.626514 ], [ -79.41718, 37.626566 ], [ -79.417443, 37.626555 ], [ -79.417805, 37.626512 ], [ -79.418204, 37.626409 ], [ -79.418527, 37.626277 ], [ -79.419296, 37.6259 ], [ -79.419635, 37.625665 ], [ -79.419855, 37.625324 ], [ -79.420049, 37.62508 ], [ -79.420302, 37.624633 ], [ -79.420472, 37.624137 ], [ -79.42056, 37.623972 ], [ -79.421004, 37.623261 ], [ -79.421428, 37.622686 ], [ -79.421842, 37.622039 ], [ -79.422359, 37.621181 ], [ -79.422802, 37.620356 ], [ -79.422951, 37.620122 ], [ -79.423263, 37.619719 ], [ -79.423849, 37.619049 ], [ -79.424519, 37.618475 ], [ -79.424815, 37.61815 ], [ -79.425249, 37.617476 ], [ -79.425531, 37.617089 ], [ -79.425669, 37.616862 ], [ -79.425992, 37.616173 ], [ -79.426371, 37.61551 ], [ -79.428821, 37.615869 ], [ -79.432483, 37.616403 ], [ -79.435631, 37.616864 ], [ -79.436176, 37.616944 ], [ -79.436947, 37.617057 ], [ -79.437852, 37.617187 ], [ -79.445277, 37.618248 ], [ -79.445555, 37.617277 ], [ -79.445809, 37.616583 ], [ -79.445883, 37.616441 ], [ -79.446134, 37.616074 ], [ -79.446426, 37.615717 ], [ -79.44659, 37.615548 ], [ -79.446894, 37.615291 ], [ -79.447175, 37.6151 ], [ -79.447366, 37.614932 ], [ -79.44755, 37.614738 ], [ -79.447696, 37.614545 ], [ -79.448058, 37.613988 ], [ -79.448316, 37.613637 ], [ -79.448439, 37.61353 ], [ -79.448628, 37.613424 ], [ -79.449232, 37.613161 ], [ -79.449393, 37.613074 ], [ -79.449561, 37.612938 ], [ -79.449812, 37.61263 ], [ -79.45013, 37.61211 ], [ -79.450422, 37.611706 ], [ -79.450591, 37.611398 ], [ -79.450642, 37.611335 ], [ -79.450816, 37.611214 ], [ -79.451074, 37.61109 ], [ -79.451493, 37.610919 ], [ -79.451785, 37.610827 ], [ -79.452101, 37.610682 ], [ -79.452258, 37.610573 ], [ -79.452525, 37.610353 ], [ -79.453055, 37.610003 ], [ -79.453452, 37.609707 ], [ -79.453706, 37.609552 ], [ -79.454207, 37.609318 ], [ -79.454666, 37.609039 ], [ -79.454923, 37.608931 ], [ -79.455415, 37.60878 ], [ -79.455642, 37.608677 ], [ -79.455837, 37.608566 ], [ -79.456056, 37.608378 ], [ -79.456574, 37.607863 ], [ -79.456948, 37.607448 ], [ -79.457484, 37.606696 ], [ -79.457563, 37.606365 ], [ -79.45762, 37.606284 ], [ -79.457883, 37.606009 ], [ -79.457927, 37.605944 ], [ -79.457967, 37.605835 ], [ -79.457935, 37.605771 ], [ -79.457802, 37.605643 ], [ -79.457389, 37.605394 ], [ -79.457259, 37.605273 ], [ -79.457242, 37.60507 ], [ -79.457255, 37.604949 ], [ -79.457352, 37.604467 ], [ -79.457406, 37.604099 ], [ -79.457411, 37.603953 ], [ -79.457385, 37.603809 ], [ -79.4573, 37.603619 ], [ -79.457089, 37.603289 ], [ -79.456888, 37.603033 ], [ -79.456637, 37.602786 ], [ -79.456508, 37.602688 ], [ -79.456188, 37.602498 ], [ -79.45609, 37.602421 ], [ -79.455998, 37.602269 ], [ -79.455977, 37.602171 ], [ -79.456013, 37.602083 ], [ -79.456207, 37.601861 ], [ -79.456383, 37.601585 ], [ -79.456717, 37.601219 ], [ -79.457408, 37.600163 ], [ -79.457491, 37.599917 ], [ -79.457506, 37.599772 ], [ -79.457516, 37.599436 ], [ -79.457504, 37.599323 ], [ -79.457454, 37.599182 ], [ -79.45738, 37.599042 ], [ -79.457015, 37.598632 ], [ -79.456882, 37.598447 ], [ -79.456776, 37.59828 ], [ -79.4565, 37.597759 ], [ -79.456092, 37.597122 ], [ -79.45595, 37.59681 ], [ -79.455921, 37.596706 ], [ -79.455889, 37.596356 ], [ -79.455867, 37.596273 ], [ -79.455818, 37.596189 ], [ -79.455723, 37.596094 ], [ -79.455472, 37.595894 ], [ -79.455182, 37.59561 ], [ -79.455001, 37.595417 ], [ -79.454751, 37.595109 ], [ -79.454641, 37.594909 ], [ -79.454536, 37.594495 ], [ -79.454401, 37.594221 ], [ -79.454335, 37.594125 ], [ -79.454087, 37.593899 ], [ -79.453609, 37.593525 ], [ -79.453169, 37.593092 ], [ -79.452969, 37.592846 ], [ -79.452494, 37.592168 ], [ -79.452318, 37.591879 ], [ -79.452045, 37.591552 ], [ -79.451836, 37.591388 ], [ -79.451383, 37.591124 ], [ -79.451181, 37.59097 ], [ -79.450975, 37.590773 ], [ -79.450718, 37.590391 ], [ -79.450422, 37.589879 ], [ -79.450376, 37.589759 ], [ -79.450261, 37.589119 ], [ -79.450259, 37.588992 ], [ -79.450309, 37.588853 ], [ -79.45057, 37.588511 ], [ -79.451101, 37.588131 ], [ -79.452066, 37.587274 ], [ -79.452148, 37.58719 ], [ -79.452161, 37.58712 ], [ -79.452139, 37.587038 ], [ -79.452076, 37.586964 ], [ -79.451797, 37.586745 ], [ -79.451533, 37.586617 ], [ -79.451388, 37.586565 ], [ -79.45046, 37.586318 ], [ -79.449779, 37.586236 ], [ -79.449218, 37.586133 ], [ -79.449066, 37.586082 ], [ -79.448972, 37.586029 ], [ -79.448895, 37.585962 ], [ -79.44881, 37.585791 ], [ -79.448733, 37.585434 ], [ -79.448747, 37.585151 ], [ -79.448802, 37.58489 ], [ -79.448842, 37.584439 ], [ -79.448922, 37.583999 ], [ -79.448896, 37.583825 ], [ -79.448864, 37.583746 ], [ -79.448808, 37.583685 ], [ -79.448707, 37.583637 ], [ -79.448486, 37.583573 ], [ -79.448288, 37.583547 ], [ -79.448175, 37.583552 ], [ -79.447823, 37.583599 ], [ -79.447462, 37.583669 ], [ -79.446451, 37.583955 ], [ -79.446367, 37.583907 ], [ -79.446357, 37.583882 ], [ -79.446348, 37.583728 ], [ -79.446388, 37.583648 ], [ -79.446552, 37.583486 ], [ -79.446956, 37.583226 ], [ -79.447508, 37.582993 ], [ -79.447927, 37.582769 ], [ -79.44804, 37.58269 ], [ -79.448138, 37.582597 ], [ -79.44822, 37.582472 ], [ -79.448292, 37.582195 ], [ -79.448408, 37.581506 ], [ -79.448514, 37.581159 ], [ -79.448731, 37.58058 ], [ -79.448802, 37.58018 ], [ -79.448854, 37.579406 ], [ -79.448903, 37.579187 ], [ -79.449067, 37.578761 ], [ -79.449082, 37.578643 ], [ -79.449071, 37.578542 ], [ -79.448952, 37.578405 ], [ -79.448729, 37.578246 ], [ -79.4481, 37.577945 ], [ -79.447704, 37.577723 ], [ -79.447105, 37.577271 ], [ -79.446798, 37.576993 ], [ -79.44657, 37.576741 ], [ -79.446282, 37.576297 ], [ -79.446226, 37.576255 ], [ -79.44615, 37.576225 ], [ -79.445984, 37.576208 ], [ -79.445887, 37.576226 ], [ -79.445434, 37.576415 ], [ -79.444202, 37.576628 ], [ -79.443954, 37.576685 ], [ -79.443823, 37.576683 ], [ -79.443702, 37.576653 ], [ -79.443604, 37.576593 ], [ -79.44344, 37.576421 ], [ -79.443109, 37.576154 ], [ -79.442994, 37.576085 ], [ -79.442862, 37.576029 ], [ -79.442724, 37.576 ], [ -79.442589, 37.575996 ], [ -79.442038, 37.576074 ], [ -79.441935, 37.576105 ], [ -79.441791, 37.576181 ], [ -79.441513, 37.576358 ], [ -79.44123, 37.576565 ], [ -79.440933, 37.576825 ], [ -79.440772, 37.576937 ], [ -79.439894, 37.577351 ], [ -79.439142, 37.577659 ], [ -79.438871, 37.577847 ], [ -79.438675, 37.577899 ], [ -79.438604, 37.577878 ], [ -79.438544, 37.57784 ], [ -79.438449, 37.577738 ], [ -79.438258, 37.577357 ], [ -79.438044, 37.577046 ], [ -79.437792, 37.576756 ], [ -79.437289, 37.576247 ], [ -79.436698, 37.575673 ], [ -79.436603, 37.575552 ], [ -79.436483, 37.575284 ], [ -79.436323, 37.574663 ], [ -79.436245, 37.574494 ], [ -79.436158, 37.574405 ], [ -79.436004, 37.574303 ], [ -79.43572, 37.574161 ], [ -79.43543, 37.573932 ], [ -79.435193, 37.573671 ], [ -79.434628, 37.57296 ], [ -79.43423, 37.57255 ], [ -79.434068, 37.572327 ], [ -79.434057, 37.572271 ], [ -79.434128, 37.572128 ], [ -79.434199, 37.572048 ], [ -79.434285, 37.571985 ], [ -79.43494, 37.571665 ], [ -79.435232, 37.571575 ], [ -79.435397, 37.571547 ], [ -79.435921, 37.571496 ], [ -79.436197, 37.571452 ], [ -79.436379, 37.571384 ], [ -79.436577, 37.571264 ], [ -79.43687, 37.570964 ], [ -79.437639, 37.570042 ], [ -79.438059, 37.569435 ], [ -79.438451, 37.568795 ], [ -79.43859, 37.568614 ], [ -79.438792, 37.568417 ], [ -79.439242, 37.568035 ], [ -79.439424, 37.567913 ], [ -79.439496, 37.567885 ], [ -79.439707, 37.56767 ], [ -79.439826, 37.567252 ], [ -79.439907, 37.566842 ], [ -79.439967, 37.566646 ], [ -79.440262, 37.565954 ], [ -79.440284, 37.565787 ], [ -79.440243, 37.565245 ], [ -79.440232, 37.564676 ], [ -79.440323, 37.564268 ], [ -79.44039, 37.564111 ], [ -79.440451, 37.564023 ], [ -79.440776, 37.563732 ], [ -79.44093, 37.563547 ], [ -79.440987, 37.563502 ], [ -79.4411, 37.563445 ], [ -79.441186, 37.563426 ], [ -79.44176, 37.563389 ], [ -79.441996, 37.56334 ], [ -79.44226, 37.563243 ], [ -79.442808, 37.562948 ], [ -79.442887, 37.562919 ], [ -79.443422, 37.562801 ], [ -79.444136, 37.562619 ], [ -79.444563, 37.562533 ], [ -79.444748, 37.56248 ], [ -79.445706, 37.562066 ], [ -79.447276, 37.561316 ], [ -79.447682, 37.561188 ], [ -79.447933, 37.561128 ], [ -79.448419, 37.561056 ], [ -79.449112, 37.561017 ], [ -79.45013, 37.561068 ], [ -79.450852, 37.561172 ], [ -79.45097, 37.5612 ], [ -79.451258, 37.561304 ], [ -79.451539, 37.561437 ], [ -79.451934, 37.561577 ], [ -79.452052, 37.561606 ], [ -79.452249, 37.561618 ], [ -79.452435, 37.5616 ], [ -79.452761, 37.561516 ], [ -79.453088, 37.561393 ], [ -79.453673, 37.561072 ], [ -79.453924, 37.560983 ], [ -79.45411, 37.560943 ], [ -79.454538, 37.560935 ], [ -79.454693, 37.560918 ], [ -79.454992, 37.560843 ], [ -79.455409, 37.56079 ], [ -79.455543, 37.560755 ], [ -79.456085, 37.560538 ], [ -79.45624, 37.560493 ], [ -79.45656, 37.560447 ], [ -79.456988, 37.560429 ], [ -79.457363, 37.560367 ], [ -79.457552, 37.560315 ], [ -79.4582, 37.56002 ], [ -79.458378, 37.559892 ], [ -79.458415, 37.55982 ], [ -79.458411, 37.559729 ], [ -79.458382, 37.559628 ], [ -79.45821, 37.559185 ], [ -79.458165, 37.55878 ], [ -79.458148, 37.558744 ], [ -79.45813, 37.557988 ], [ -79.458307, 37.557327 ], [ -79.458364, 37.557181 ], [ -79.458466, 37.557008 ], [ -79.458669, 37.556717 ], [ -79.458798, 37.556579 ], [ -79.459683, 37.555861 ], [ -79.460125, 37.555396 ], [ -79.460281, 37.555198 ], [ -79.460586, 37.554711 ], [ -79.460884, 37.554133 ], [ -79.461196, 37.553601 ], [ -79.46158, 37.552878 ], [ -79.461742, 37.552644 ], [ -79.462021, 37.552312 ], [ -79.462102, 37.552186 ], [ -79.462297, 37.551805 ], [ -79.462477, 37.55129 ], [ -79.462544, 37.551153 ], [ -79.462666, 37.55098 ], [ -79.462973, 37.550655 ], [ -79.463272, 37.550306 ], [ -79.463599, 37.550012 ], [ -79.463769, 37.549807 ], [ -79.463892, 37.549704 ], [ -79.464111, 37.549557 ], [ -79.46431, 37.549479 ], [ -79.464922, 37.549303 ], [ -79.465749, 37.548961 ], [ -79.466639, 37.548733 ], [ -79.46709, 37.548675 ], [ -79.467766, 37.548675 ], [ -79.468021, 37.548649 ], [ -79.468919, 37.548484 ], [ -79.470177, 37.548061 ], [ -79.471014, 37.547708 ], [ -79.471114, 37.547704 ], [ -79.471235, 37.547724 ], [ -79.471463, 37.5478 ], [ -79.471682, 37.547928 ], [ -79.47258, 37.548558 ], [ -79.472761, 37.548656 ], [ -79.472976, 37.548749 ], [ -79.473534, 37.548958 ], [ -79.473846, 37.549056 ], [ -79.474479, 37.549183 ], [ -79.474628, 37.54924 ], [ -79.474885, 37.54937 ], [ -79.475044, 37.549407 ], [ -79.475416, 37.549382 ], [ -79.475578, 37.549322 ], [ -79.476219, 37.548791 ], [ -79.47638, 37.548692 ], [ -79.47675, 37.548508 ], [ -79.476829, 37.54849 ], [ -79.47695, 37.548488 ], [ -79.478231, 37.548544 ], [ -79.478541, 37.548504 ], [ -79.47886, 37.548432 ], [ -79.478987, 37.548379 ], [ -79.479514, 37.548001 ], [ -79.479839, 37.54784 ], [ -79.480049, 37.547684 ], [ -79.48018, 37.547555 ], [ -79.480737, 37.54684 ], [ -79.481153, 37.546465 ], [ -79.481501, 37.546186 ], [ -79.482298, 37.545655 ], [ -79.482473, 37.545563 ], [ -79.482812, 37.54542 ], [ -79.482953, 37.545338 ], [ -79.483109, 37.545183 ], [ -79.483383, 37.544763 ], [ -79.483482, 37.544648 ], [ -79.483798, 37.544326 ], [ -79.483911, 37.544241 ], [ -79.484473, 37.543952 ], [ -79.485147, 37.543512 ], [ -79.485469, 37.543356 ], [ -79.485822, 37.54323 ], [ -79.48598, 37.543139 ], [ -79.486328, 37.542874 ], [ -79.48686, 37.542373 ], [ -79.487207, 37.542009 ], [ -79.487286, 37.541967 ], [ -79.487688, 37.541847 ], [ -79.487821, 37.541791 ], [ -79.488393, 37.541438 ], [ -79.488888, 37.541352 ], [ -79.48905, 37.541304 ], [ -79.489293, 37.541184 ], [ -79.489388, 37.541085 ], [ -79.489537, 37.540818 ], [ -79.489689, 37.540628 ], [ -79.489962, 37.540417 ], [ -79.49039, 37.54014 ], [ -79.490823, 37.539791 ], [ -79.491207, 37.539567 ], [ -79.491735, 37.539337 ], [ -79.49194, 37.539233 ], [ -79.493665, 37.538095 ], [ -79.493832, 37.538011 ], [ -79.494044, 37.537913 ], [ -79.49425, 37.537831 ], [ -79.494456, 37.537771 ], [ -79.495168, 37.537591 ], [ -79.496545, 37.537107 ], [ -79.496719, 37.537019 ], [ -79.496887, 37.536905 ], [ -79.49717, 37.536652 ], [ -79.497448, 37.53632 ], [ -79.497661, 37.535993 ], [ -79.498097, 37.535058 ], [ -79.49818, 37.534813 ], [ -79.498264, 37.534355 ], [ -79.498228, 37.533725 ], [ -79.498245, 37.533476 ], [ -79.498305, 37.533347 ], [ -79.498509, 37.533094 ], [ -79.498553, 37.532887 ], [ -79.498699, 37.532797 ], [ -79.499205, 37.532484 ], [ -79.499749, 37.532041 ], [ -79.501942, 37.530432 ], [ -79.502409, 37.530017 ], [ -79.502622, 37.529878 ], [ -79.502856, 37.529761 ], [ -79.503174, 37.529677 ], [ -79.504588, 37.529395 ], [ -79.504926, 37.529344 ], [ -79.505091, 37.529217 ], [ -79.505227, 37.528913 ], [ -79.505567, 37.52643 ], [ -79.505383, 37.524841 ], [ -79.505307, 37.524109 ], [ -79.504425, 37.521714 ], [ -79.504374, 37.521351 ], [ -79.504455, 37.521098 ], [ -79.504681, 37.520832 ], [ -79.505732, 37.52004 ], [ -79.50718, 37.51868 ], [ -79.508091, 37.517778 ], [ -79.508369, 37.517606 ], [ -79.508766, 37.517472 ], [ -79.510581, 37.517338 ], [ -79.512225, 37.517197 ], [ -79.513598, 37.516893 ], [ -79.514217, 37.516581 ], [ -79.514695, 37.515864 ], [ -79.516717, 37.513796 ], [ -79.517112, 37.513144 ], [ -79.517334, 37.511498 ], [ -79.518016, 37.510165 ], [ -79.518941, 37.508447 ], [ -79.519837, 37.5082 ], [ -79.520529, 37.508083 ], [ -79.521857, 37.507859 ], [ -79.523818, 37.507529 ], [ -79.52469, 37.507379 ], [ -79.526206, 37.506684 ], [ -79.52709, 37.506081 ], [ -79.527523, 37.505926 ], [ -79.530294, 37.506492 ], [ -79.530941, 37.506513 ], [ -79.53264, 37.505664 ], [ -79.533122, 37.505258 ], [ -79.533414, 37.503835 ], [ -79.534148, 37.502143 ], [ -79.534317, 37.501811 ], [ -79.536372, 37.5013 ], [ -79.536937, 37.5012 ], [ -79.537369, 37.500874 ], [ -79.53769, 37.500136 ], [ -79.537598, 37.499591 ], [ -79.537834, 37.49927 ], [ -79.538261, 37.498974 ], [ -79.538294, 37.498652 ], [ -79.538158, 37.49816 ], [ -79.53801, 37.497796 ], [ -79.537932, 37.497466 ], [ -79.537905, 37.497159 ], [ -79.538039, 37.496854 ], [ -79.538366, 37.496437 ], [ -79.538626, 37.495881 ], [ -79.538666, 37.495767 ], [ -79.538645, 37.495689 ], [ -79.539418, 37.495169 ], [ -79.540194, 37.494757 ], [ -79.541105, 37.494455 ], [ -79.541095, 37.494264 ], [ -79.541087, 37.493959 ], [ -79.541241, 37.493694 ], [ -79.541788, 37.493536 ], [ -79.542073, 37.493296 ], [ -79.542489, 37.492992 ], [ -79.542807, 37.49251 ], [ -79.54307, 37.492423 ], [ -79.543491, 37.491732 ], [ -79.544254, 37.491052 ], [ -79.544531, 37.490578 ], [ -79.545205, 37.48984 ], [ -79.545551, 37.489512 ], [ -79.546046, 37.489215 ], [ -79.546351, 37.489194 ], [ -79.546491, 37.489339 ], [ -79.54671, 37.489712 ], [ -79.547049, 37.490068 ], [ -79.54772, 37.490612 ], [ -79.548069, 37.491041 ], [ -79.548577, 37.491712 ], [ -79.548907, 37.492037 ], [ -79.549076, 37.492302 ], [ -79.549175, 37.49253 ], [ -79.549173, 37.492557 ], [ -79.549148, 37.492739 ], [ -79.549085, 37.49333 ], [ -79.549321, 37.494 ], [ -79.549727, 37.49476 ], [ -79.550197, 37.495181 ], [ -79.550731, 37.495329 ], [ -79.551386, 37.495422 ], [ -79.552252, 37.495571 ], [ -79.552705, 37.495783 ], [ -79.553001, 37.496486 ], [ -79.553521, 37.496908 ], [ -79.553993, 37.497225 ], [ -79.554181, 37.497597 ], [ -79.55445, 37.497969 ], [ -79.554749, 37.498341 ], [ -79.555038, 37.498762 ], [ -79.555176, 37.499061 ], [ -79.555297, 37.499062 ], [ -79.555349, 37.498917 ], [ -79.555992, 37.498163 ], [ -79.557474, 37.497301 ], [ -79.558256, 37.496781 ], [ -79.558956, 37.496422 ], [ -79.559551, 37.495811 ], [ -79.559927, 37.495195 ], [ -79.559979, 37.49502 ], [ -79.56025, 37.494109 ], [ -79.560457, 37.493546 ], [ -79.560792, 37.493394 ], [ -79.562027, 37.493006 ], [ -79.56222, 37.492782 ], [ -79.56243, 37.491921 ], [ -79.562627, 37.491454 ], [ -79.563141, 37.490393 ], [ -79.563997, 37.48956 ], [ -79.564739, 37.489 ], [ -79.566636, 37.487922 ], [ -79.567365, 37.487717 ], [ -79.56757, 37.487379 ], [ -79.567947, 37.485883 ], [ -79.568047, 37.484997 ], [ -79.56821, 37.484844 ], [ -79.568828, 37.484525 ], [ -79.569205, 37.484141 ], [ -79.569169, 37.483657 ], [ -79.569174, 37.483198 ], [ -79.569298, 37.482844 ], [ -79.570222, 37.482236 ], [ -79.571469, 37.481582 ], [ -79.572475, 37.480838 ], [ -79.573348, 37.480359 ], [ -79.573635, 37.479829 ], [ -79.573934, 37.479194 ], [ -79.574463, 37.478713 ], [ -79.575031, 37.478418 ], [ -79.575347, 37.478057 ], [ -79.575636, 37.477374 ], [ -79.576105, 37.476877 ], [ -79.57684, 37.475922 ], [ -79.578048, 37.474042 ], [ -79.578428, 37.473548 ], [ -79.578966, 37.473294 ], [ -79.580079, 37.473291 ], [ -79.581111, 37.472396 ], [ -79.581125, 37.471955 ], [ -79.580796, 37.471462 ], [ -79.580708, 37.471172 ], [ -79.580772, 37.470777 ], [ -79.580664, 37.470503 ], [ -79.580674, 37.46944 ], [ -79.580628, 37.468916 ], [ -79.580483, 37.468634 ], [ -79.580371, 37.468415 ], [ -79.580454, 37.468117 ], [ -79.581201, 37.467017 ], [ -79.581967, 37.466014 ], [ -79.582648, 37.465445 ], [ -79.582763, 37.465003 ], [ -79.582716, 37.464575 ], [ -79.583004, 37.463972 ], [ -79.583201, 37.463466 ], [ -79.582873, 37.462916 ], [ -79.582265, 37.462147 ], [ -79.581818, 37.461387 ], [ -79.581641, 37.460822 ], [ -79.581616, 37.460298 ], [ -79.58162, 37.459815 ], [ -79.581644, 37.459428 ], [ -79.582279, 37.45844 ], [ -79.582162, 37.45798 ], [ -79.581204, 37.456799 ], [ -79.580846, 37.456265 ], [ -79.580698, 37.455958 ], [ -79.580701, 37.455603 ], [ -79.58113, 37.455058 ], [ -79.581673, 37.454126 ], [ -79.582081, 37.453515 ], [ -79.582159, 37.453068 ], [ -79.58256, 37.452831 ], [ -79.582729, 37.452197 ], [ -79.582745, 37.451878 ], [ -79.583342, 37.451688 ], [ -79.58393, 37.451449 ], [ -79.58476, 37.451067 ], [ -79.586072, 37.450977 ], [ -79.586579, 37.45077 ], [ -79.587238, 37.450362 ], [ -79.588, 37.449802 ], [ -79.588526, 37.449596 ], [ -79.589738, 37.449464 ], [ -79.591112, 37.449591 ], [ -79.592017, 37.449532 ], [ -79.592573, 37.449358 ], [ -79.593253, 37.448943 ], [ -79.593707, 37.448864 ], [ -79.595518, 37.449502 ], [ -79.59634, 37.449917 ], [ -79.597003, 37.450284 ], [ -79.597393, 37.450753 ], [ -79.597955, 37.450981 ], [ -79.598881, 37.451236 ], [ -79.599411, 37.45169 ], [ -79.600041, 37.452354 ], [ -79.600693, 37.452865 ], [ -79.601592, 37.453261 ], [ -79.602178, 37.453533 ], [ -79.60225, 37.453566 ], [ -79.602338, 37.453865 ], [ -79.602147, 37.454585 ], [ -79.602597, 37.455373 ], [ -79.602667, 37.455381 ], [ -79.603232, 37.455236 ], [ -79.603414, 37.455345 ], [ -79.603817, 37.455444 ], [ -79.60414, 37.455397 ], [ -79.604575, 37.45523 ], [ -79.605746, 37.455188 ], [ -79.606836, 37.455104 ], [ -79.607572, 37.455173 ], [ -79.608651, 37.455235 ], [ -79.609112, 37.455471 ], [ -79.609316, 37.455679 ], [ -79.609802, 37.456175 ], [ -79.610104, 37.456443 ], [ -79.610638, 37.456502 ], [ -79.611433, 37.45653 ], [ -79.612119, 37.456606 ], [ -79.612795, 37.456545 ], [ -79.613594, 37.456372 ], [ -79.613999, 37.456309 ], [ -79.61431, 37.456423 ], [ -79.615093, 37.45683 ], [ -79.615929, 37.457092 ], [ -79.6163, 37.45732 ], [ -79.616489, 37.457627 ], [ -79.616778, 37.457983 ], [ -79.617181, 37.458017 ], [ -79.6181, 37.457949 ], [ -79.618848, 37.4578 ], [ -79.619678, 37.457514 ], [ -79.621187, 37.456796 ], [ -79.622037, 37.45647 ], [ -79.622606, 37.456022 ], [ -79.622911, 37.455701 ], [ -79.62365, 37.455455 ], [ -79.624084, 37.455424 ], [ -79.624961, 37.455419 ], [ -79.626088, 37.455437 ], [ -79.626124, 37.455284 ], [ -79.626225, 37.454858 ], [ -79.626582, 37.454417 ], [ -79.627181, 37.453961 ], [ -79.627516, 37.453729 ], [ -79.628162, 37.453604 ], [ -79.628704, 37.453793 ], [ -79.629166, 37.454029 ], [ -79.62959, 37.454392 ], [ -79.629845, 37.454646 ], [ -79.630368, 37.454826 ], [ -79.631533, 37.455277 ], [ -79.631751, 37.455641 ], [ -79.631948, 37.456069 ], [ -79.632661, 37.456428 ], [ -79.634086, 37.45696 ], [ -79.634206, 37.457021 ], [ -79.634599, 37.457221 ], [ -79.634977, 37.457715 ], [ -79.635363, 37.458475 ], [ -79.636011, 37.459277 ], [ -79.636517, 37.460094 ], [ -79.637939, 37.461069 ], [ -79.638409, 37.461435 ], [ -79.63833, 37.461818 ], [ -79.638145, 37.4623 ], [ -79.638059, 37.462856 ], [ -79.638346, 37.463398 ], [ -79.638694, 37.463915 ], [ -79.63873, 37.464303 ], [ -79.63891, 37.464521 ], [ -79.638987, 37.464844 ], [ -79.638894, 37.465134 ], [ -79.638678, 37.465559 ], [ -79.638605, 37.465897 ], [ -79.638995, 37.466206 ], [ -79.639292, 37.46674 ], [ -79.639713, 37.467024 ], [ -79.640013, 37.467316 ], [ -79.639898, 37.46771 ], [ -79.639693, 37.46804 ], [ -79.639407, 37.468425 ], [ -79.639495, 37.46874 ], [ -79.639571, 37.469224 ], [ -79.639697, 37.469732 ], [ -79.63969, 37.470506 ], [ -79.63977, 37.471097 ], [ -79.64025, 37.471471 ], [ -79.641287, 37.471671 ], [ -79.641509, 37.471785 ], [ -79.641697, 37.472047 ], [ -79.641796, 37.472182 ], [ -79.641963, 37.47265 ], [ -79.642123, 37.472933 ], [ -79.642636, 37.473001 ], [ -79.643039, 37.4731 ], [ -79.643247, 37.473472 ], [ -79.643454, 37.473948 ], [ -79.643541, 37.474376 ], [ -79.643871, 37.474636 ], [ -79.645329, 37.475031 ], [ -79.6457, 37.475227 ], [ -79.646143, 37.476398 ], [ -79.646402, 37.476754 ], [ -79.647016, 37.476822 ], [ -79.64777, 37.477044 ], [ -79.648393, 37.477314 ], [ -79.649062, 37.478003 ], [ -79.649413, 37.478134 ], [ -79.649864, 37.478459 ], [ -79.650183, 37.47884 ], [ -79.650381, 37.47926 ], [ -79.650821, 37.479609 ], [ -79.651191, 37.47995 ], [ -79.651581, 37.480347 ], [ -79.652032, 37.480624 ], [ -79.652785, 37.480894 ], [ -79.653258, 37.481023 ], [ -79.653313, 37.481469 ], [ -79.653275, 37.481592 ], [ -79.653498, 37.481959 ], [ -79.653822, 37.482095 ], [ -79.654561, 37.48229 ], [ -79.655211, 37.482447 ], [ -79.655866, 37.482532 ], [ -79.656192, 37.482795 ], [ -79.65678, 37.483073 ], [ -79.657466, 37.483707 ], [ -79.658306, 37.484545 ], [ -79.658798, 37.48501 ], [ -79.659199, 37.485162 ], [ -79.659606, 37.485073 ], [ -79.660814, 37.484315 ], [ -79.662459, 37.483847 ], [ -79.663126, 37.483476 ], [ -79.663814, 37.48321 ], [ -79.664882, 37.483046 ], [ -79.665468, 37.483088 ], [ -79.666193, 37.483211 ], [ -79.667194, 37.48335 ], [ -79.668187, 37.483379 ], [ -79.668672, 37.483373 ], [ -79.669037, 37.48327 ], [ -79.66955, 37.483082 ], [ -79.67004, 37.483163 ], [ -79.670884, 37.483632 ], [ -79.67136, 37.483679 ], [ -79.671595, 37.483634 ], [ -79.672104, 37.483473 ], [ -79.672793, 37.483459 ], [ -79.673269, 37.483408 ], [ -79.67366, 37.483186 ], [ -79.673962, 37.482954 ], [ -79.674451, 37.482848 ], [ -79.674803, 37.482923 ], [ -79.675038, 37.483008 ], [ -79.676255, 37.483445 ], [ -79.67662, 37.483642 ], [ -79.677104, 37.483595 ], [ -79.677468, 37.483473 ], [ -79.677935, 37.483169 ], [ -79.678222, 37.482739 ], [ -79.678265, 37.481838 ], [ -79.678475, 37.481375 ], [ -79.678609, 37.48121 ], [ -79.678696, 37.481138 ], [ -79.679294, 37.480811 ], [ -79.679983, 37.48038 ], [ -79.680489, 37.480117 ], [ -79.681075, 37.479975 ], [ -79.682145, 37.479828 ], [ -79.682702, 37.479621 ], [ -79.682804, 37.479555 ], [ -79.682911, 37.479487 ], [ -79.683249, 37.47927 ], [ -79.683513, 37.479046 ], [ -79.683846, 37.479031 ], [ -79.684321, 37.478873 ], [ -79.685092, 37.478426 ], [ -79.685719, 37.478171 ], [ -79.685973, 37.477931 ], [ -79.686238, 37.477602 ], [ -79.687562, 37.477215 ], [ -79.688078, 37.477 ], [ -79.69006, 37.476374 ], [ -79.690395, 37.476102 ], [ -79.690782, 37.475661 ], [ -79.691503, 37.475052 ], [ -79.69192, 37.474555 ], [ -79.692093, 37.474322 ], [ -79.692145, 37.474252 ], [ -79.69244, 37.473857 ], [ -79.692605, 37.473479 ], [ -79.693092, 37.473102 ], [ -79.69366, 37.472759 ], [ -79.693965, 37.472551 ], [ -79.694259, 37.47227 ], [ -79.694615, 37.471846 ], [ -79.695032, 37.471437 ], [ -79.695148, 37.471354 ], [ -79.695157, 37.471113 ], [ -79.695164, 37.470945 ], [ -79.695179, 37.470736 ], [ -79.695271, 37.470591 ], [ -79.695353, 37.470519 ], [ -79.695695, 37.470454 ], [ -79.69609, 37.470378 ], [ -79.696323, 37.470194 ], [ -79.696973, 37.469601 ], [ -79.697207, 37.469352 ], [ -79.697574, 37.468879 ], [ -79.6978, 37.468437 ], [ -79.697954, 37.468067 ], [ -79.69826, 37.467642 ], [ -79.698463, 37.467498 ], [ -79.698848, 37.467266 ], [ -79.699143, 37.467002 ], [ -79.699316, 37.466753 ], [ -79.699561, 37.466447 ], [ -79.699674, 37.46635 ], [ -79.699712, 37.466313 ], [ -79.699853, 37.466175 ], [ -79.700058, 37.465974 ], [ -79.700595, 37.465752 ], [ -79.701667, 37.464629 ], [ -79.701982, 37.464234 ], [ -79.702539, 37.463947 ], [ -79.703349, 37.463483 ], [ -79.703544, 37.463089 ], [ -79.703798, 37.462849 ], [ -79.704588, 37.462418 ], [ -79.704874, 37.462057 ], [ -79.7052, 37.461599 ], [ -79.705619, 37.460585 ], [ -79.705774, 37.460334 ], [ -79.706159, 37.460179 ], [ -79.706613, 37.460078 ], [ -79.707789, 37.459611 ], [ -79.708624, 37.459772 ], [ -79.709368, 37.459775 ], [ -79.710147, 37.459694 ], [ -79.710701, 37.459043 ], [ -79.710788, 37.458713 ], [ -79.710551, 37.458308 ], [ -79.710219, 37.457835 ], [ -79.710206, 37.457348 ], [ -79.7103, 37.456952 ], [ -79.710612, 37.456236 ], [ -79.711362, 37.455125 ], [ -79.711602, 37.454781 ], [ -79.712198, 37.454251 ], [ -79.713481, 37.453399 ], [ -79.713812, 37.453134 ], [ -79.713919, 37.452995 ], [ -79.714142, 37.452705 ], [ -79.714253, 37.452625 ], [ -79.714557, 37.452554 ], [ -79.71489, 37.452499 ], [ -79.715065, 37.452505 ], [ -79.715172, 37.452509 ], [ -79.715635, 37.452584 ], [ -79.715907, 37.452569 ], [ -79.7161, 37.452449 ], [ -79.716444, 37.452298 ], [ -79.716641, 37.452132 ], [ -79.717114, 37.451665 ], [ -79.717199, 37.451536 ], [ -79.71742, 37.451207 ], [ -79.717725, 37.450918 ], [ -79.71819, 37.450687 ], [ -79.718515, 37.450447 ], [ -79.718678, 37.450166 ], [ -79.718819, 37.449873 ], [ -79.718971, 37.449214 ], [ -79.719076, 37.448957 ], [ -79.719859, 37.448762 ], [ -79.720656, 37.448669 ], [ -79.720973, 37.44867 ], [ -79.721523, 37.448674 ], [ -79.721736, 37.448433 ], [ -79.723076, 37.447271 ], [ -79.724008, 37.446728 ], [ -79.724848, 37.446322 ], [ -79.725495, 37.446042 ], [ -79.726229, 37.445824 ], [ -79.726322, 37.445518 ], [ -79.72633, 37.445378 ], [ -79.726411, 37.444992 ], [ -79.726674, 37.444823 ], [ -79.72727, 37.444609 ], [ -79.727836, 37.444379 ], [ -79.728098, 37.444403 ], [ -79.728511, 37.444494 ], [ -79.728642, 37.444479 ], [ -79.728986, 37.444311 ], [ -79.72924, 37.444087 ], [ -79.73008, 37.443624 ], [ -79.730646, 37.443417 ], [ -79.730901, 37.443358 ], [ -79.730935, 37.443344 ], [ -79.730872, 37.442993 ], [ -79.730872, 37.442798 ], [ -79.731784, 37.442198 ], [ -79.732068, 37.44195 ], [ -79.732382, 37.44183 ], [ -79.732907, 37.441656 ], [ -79.733371, 37.441634 ], [ -79.733777, 37.441402 ], [ -79.73415, 37.441308 ], [ -79.734393, 37.441285 ], [ -79.734448, 37.441331 ], [ -79.734605, 37.441461 ], [ -79.7349, 37.441303 ], [ -79.735015, 37.441025 ], [ -79.735124, 37.440771 ], [ -79.735357, 37.440563 ], [ -79.735892, 37.44026 ], [ -79.736278, 37.440084 ], [ -79.736623, 37.439731 ], [ -79.736919, 37.439248 ], [ -79.737244, 37.438638 ], [ -79.737986, 37.437902 ], [ -79.738848, 37.437375 ], [ -79.739757, 37.437041 ], [ -79.740371, 37.437222 ], [ -79.740721, 37.437083 ], [ -79.740967, 37.436942 ], [ -79.741119, 37.436613 ], [ -79.741265, 37.436299 ], [ -79.741661, 37.435713 ], [ -79.742755, 37.43517 ], [ -79.743251, 37.434899 ], [ -79.743474, 37.434755 ], [ -79.744029, 37.434572 ], [ -79.744595, 37.43443 ], [ -79.74518, 37.434336 ], [ -79.745332, 37.434143 ], [ -79.745617, 37.433847 ], [ -79.745751, 37.433493 ], [ -79.746166, 37.433197 ], [ -79.74643, 37.432916 ], [ -79.746856, 37.432572 ], [ -79.747523, 37.432325 ], [ -79.748099, 37.432191 ], [ -79.748512, 37.432145 ], [ -79.749095, 37.431875 ], [ -79.749769, 37.431624 ], [ -79.750756, 37.431537 ], [ -79.751001, 37.43164 ], [ -79.751353, 37.43172 ], [ -79.751801, 37.431704 ], [ -79.751903, 37.431543 ], [ -79.751903, 37.431239 ], [ -79.752313, 37.43012 ], [ -79.752777, 37.429512 ], [ -79.753353, 37.429096 ], [ -79.753881, 37.428648 ], [ -79.754409, 37.428008 ], [ -79.755289, 37.42676 ], [ -79.755817, 37.426056 ], [ -79.756185, 37.425384 ], [ -79.756793, 37.424936 ], [ -79.757369, 37.424743 ], [ -79.757849, 37.424424 ], [ -79.758745, 37.423943 ], [ -79.759801, 37.423975 ], [ -79.760665, 37.424039 ], [ -79.761241, 37.424103 ], [ -79.762073, 37.423943 ], [ -79.762841, 37.423703 ], [ -79.763497, 37.423431 ], [ -79.764153, 37.423111 ], [ -79.764825, 37.422487 ], [ -79.766057, 37.421735 ], [ -79.767161, 37.420775 ], [ -79.768185, 37.419559 ], [ -79.768713, 37.419302999999886 ], [ -79.770009, 37.418951 ], [ -79.770441, 37.418823 ], [ -79.770905, 37.418663 ], [ -79.771241, 37.418455 ], [ -79.771737, 37.418055 ], [ -79.772153, 37.417751 ], [ -79.773193, 37.417319 ], [ -79.774329, 37.416887 ], [ -79.774794, 37.416519 ], [ -79.775321, 37.416215 ], [ -79.776794, 37.415815 ], [ -79.777722, 37.415591 ], [ -79.778777, 37.415255 ], [ -79.779482, 37.414951 ], [ -79.780074, 37.414631 ], [ -79.782474, 37.413031 ], [ -79.783161, 37.412551 ], [ -79.783834, 37.412199 ], [ -79.784666, 37.411847 ], [ -79.785434, 37.411575 ], [ -79.786058, 37.411271 ], [ -79.786615, 37.410957 ], [ -79.787898, 37.410278 ], [ -79.789978, 37.409063 ], [ -79.79049, 37.40879 ], [ -79.790906, 37.40871 ], [ -79.79137, 37.408662 ], [ -79.791802, 37.408758 ], [ -79.792986, 37.408902 ], [ -79.793898, 37.40895 ], [ -79.794906, 37.408966 ], [ -79.795946, 37.408934 ], [ -79.796602, 37.409078 ], [ -79.797562, 37.409174 ], [ -79.798586, 37.409046 ], [ -79.799434, 37.408886 ], [ -79.800234, 37.408646 ], [ -79.801194, 37.408422 ], [ -79.802033, 37.4082 ], [ -79.803067, 37.407798 ], [ -79.804074, 37.407462 ], [ -79.80553, 37.407238 ], [ -79.806218, 37.407078 ], [ -79.80641, 37.40695 ], [ -79.806682, 37.406566 ], [ -79.806939, 37.406246 ], [ -79.807227, 37.405926 ], [ -79.807498, 37.405574 ], [ -79.808058, 37.40527 ], [ -79.808507, 37.405158 ], [ -79.809418, 37.40503 ], [ -79.809978, 37.405078 ], [ -79.811179, 37.405142 ], [ -79.811531, 37.405014 ], [ -79.811802, 37.404838 ], [ -79.812315, 37.404598 ], [ -79.812987, 37.40439 ], [ -79.813515, 37.404166 ], [ -79.814043, 37.403862 ], [ -79.814203, 37.403654 ], [ -79.814091, 37.40327 ], [ -79.814154, 37.402838 ], [ -79.81369, 37.402342 ], [ -79.813451, 37.401894 ], [ -79.812827, 37.401382 ], [ -79.812171, 37.40087 ], [ -79.811659, 37.400342 ], [ -79.811322, 37.400102 ], [ -79.810106, 37.399014 ], [ -79.809402, 37.398534 ], [ -79.808522, 37.39799 ], [ -79.807813, 37.397697 ], [ -79.807706, 37.397654 ], [ -79.806682, 37.397382 ], [ -79.806058, 37.39711 ], [ -79.805738, 37.396918 ], [ -79.805242, 37.39671 ], [ -79.804618, 37.39655 ], [ -79.804538, 37.396102 ], [ -79.804634, 37.395302 ], [ -79.804761, 37.394761 ], [ -79.80488, 37.394375 ], [ -79.805018, 37.394102 ], [ -79.805018, 37.393862 ], [ -79.804986, 37.393574 ], [ -79.804826, 37.393062 ], [ -79.80473, 37.392486 ], [ -79.80441, 37.39199 ], [ -79.80409, 37.391718 ], [ -79.803369, 37.390982 ], [ -79.802937, 37.390758 ], [ -79.802393, 37.390406 ], [ -79.801706, 37.39015 ], [ -79.799129, 37.386774 ], [ -79.798585, 37.386182 ], [ -79.798297, 37.385766 ], [ -79.797993, 37.385478 ], [ -79.797685, 37.385236 ], [ -79.797641, 37.385206 ], [ -79.797385, 37.385158 ], [ -79.795835, 37.384355 ], [ -79.795577, 37.384201 ], [ -79.796656, 37.382284 ], [ -79.797033, 37.381727 ], [ -79.797828, 37.380753 ], [ -79.799024, 37.379496 ], [ -79.799749, 37.378783 ], [ -79.801245, 37.377577 ], [ -79.801478, 37.377405 ], [ -79.801667, 37.377582 ], [ -79.801743, 37.377707 ], [ -79.801782, 37.377908 ], [ -79.80179, 37.378365 ], [ -79.801839, 37.37851 ], [ -79.801891, 37.378595 ], [ -79.802487, 37.379257 ], [ -79.802716, 37.379601 ], [ -79.802781, 37.379745 ], [ -79.802868, 37.380116 ], [ -79.802917, 37.380442 ], [ -79.802924, 37.38061 ], [ -79.80289, 37.380882 ], [ -79.802815, 37.38113 ], [ -79.802814, 37.381322 ], [ -79.80288, 37.381536 ], [ -79.803002, 37.381712 ], [ -79.804147, 37.380691 ], [ -79.804002, 37.380582 ], [ -79.803928, 37.380473 ], [ -79.803902, 37.38032 ], [ -79.803924, 37.38023 ], [ -79.804614, 37.379025 ], [ -79.805032, 37.378351 ], [ -79.80518, 37.37804 ], [ -79.805293, 37.377658 ], [ -79.805372, 37.3772 ], [ -79.805444, 37.376998 ], [ -79.805511, 37.376878 ], [ -79.806566, 37.375484 ], [ -79.807532, 37.37436 ], [ -79.807797, 37.373975 ], [ -79.808078, 37.373512 ], [ -79.808198, 37.373362 ], [ -79.8083, 37.373272 ], [ -79.809322, 37.37225 ], [ -79.809811, 37.371792 ], [ -79.81034, 37.371189 ], [ -79.810508, 37.370952 ], [ -79.810547, 37.370869 ], [ -79.810584, 37.370739 ], [ -79.810657, 37.370257 ], [ -79.810713, 37.3701 ], [ -79.810772, 37.369992 ], [ -79.81086, 37.369862 ], [ -79.811156, 37.369509 ], [ -79.811259, 37.369346 ], [ -79.811403, 37.369049 ], [ -79.811514, 37.368668 ], [ -79.811569, 37.368333 ], [ -79.811573, 37.368207 ], [ -79.811531, 37.367852 ], [ -79.811553, 37.367472 ], [ -79.81162, 37.366991 ], [ -79.811703, 37.366062 ], [ -79.811746, 37.365866 ], [ -79.811823, 37.365676 ], [ -79.812683, 37.364235 ], [ -79.813078, 37.363708 ], [ -79.813334, 37.363415 ], [ -79.813931, 37.362654 ], [ -79.814117, 37.362358 ], [ -79.813622, 37.362186 ], [ -79.813337, 37.362053 ], [ -79.812794, 37.361853 ], [ -79.812659, 37.36185 ], [ -79.812582, 37.361881 ], [ -79.812417, 37.362112 ], [ -79.81139, 37.361746 ], [ -79.811219, 37.361701 ], [ -79.811118, 37.361661 ], [ -79.810525, 37.362405 ], [ -79.809584, 37.363497 ], [ -79.809505, 37.363535 ], [ -79.809004, 37.363658 ], [ -79.808926, 37.363702 ], [ -79.808847, 37.363768 ], [ -79.808473, 37.364188 ], [ -79.808151, 37.364519 ], [ -79.80782, 37.364943 ], [ -79.807706, 37.365044 ], [ -79.807288, 37.365341 ], [ -79.807161, 37.3654 ], [ -79.80707, 37.365412 ], [ -79.80696, 37.365406 ], [ -79.806861, 37.365376 ], [ -79.806773, 37.365328 ], [ -79.806582, 37.365142 ], [ -79.806418, 37.365039 ], [ -79.806408, 37.364904 ], [ -79.806271, 37.364552 ], [ -79.806243, 37.364376 ], [ -79.806243, 37.364211 ], [ -79.806346, 37.363915 ], [ -79.806718, 37.363354 ], [ -79.806787, 37.3632 ], [ -79.806987, 37.362981 ], [ -79.80711, 37.362739 ], [ -79.807248, 37.362601 ], [ -79.807386, 37.362393 ], [ -79.807496, 37.362294 ], [ -79.807551, 37.362162 ], [ -79.807654, 37.362041 ], [ -79.807716, 37.361893 ], [ -79.807737, 37.361722 ], [ -79.807668, 37.361547 ], [ -79.807668, 37.36147 ], [ -79.80782, 37.360964 ], [ -79.807854, 37.360723 ], [ -79.807813, 37.360646 ], [ -79.807799, 37.360382 ], [ -79.807854, 37.360239 ], [ -79.807854, 37.359975 ], [ -79.807937, 37.359832 ], [ -79.808067, 37.359679 ], [ -79.808852, 37.35886 ], [ -79.809038, 37.358717 ], [ -79.809121, 37.358607 ], [ -79.809148, 37.358541 ], [ -79.809121, 37.358212 ], [ -79.809134, 37.358113 ], [ -79.809162, 37.358047 ], [ -79.809423, 37.357789 ], [ -79.809513, 37.357635 ], [ -79.809609, 37.357338 ], [ -79.809554, 37.357042 ], [ -79.809582, 37.356965 ], [ -79.809719, 37.356899 ], [ -79.809788, 37.356887999999898 ], [ -79.809843, 37.356844 ], [ -79.809953, 37.356712 ], [ -79.810139, 37.356316 ], [ -79.810194, 37.356097 ], [ -79.810208, 37.355943 ], [ -79.810277, 37.355789 ], [ -79.810277, 37.355591 ], [ -79.810394, 37.355003 ], [ -79.810477, 37.354784 ], [ -79.810518, 37.354729 ], [ -79.810628, 37.354382 ], [ -79.810649, 37.353937 ], [ -79.810759, 37.353773 ], [ -79.810814, 37.353597 ], [ -79.810993, 37.35335 ], [ -79.811165, 37.353025 ], [ -79.811358, 37.352718 ], [ -79.811375, 37.352607 ], [ -79.812434, 37.352245 ], [ -79.812907, 37.352166 ], [ -79.813413, 37.352127 ], [ -79.813822, 37.352106 ], [ -79.814126, 37.352113 ], [ -79.81449, 37.352167 ], [ -79.81485, 37.352281 ], [ -79.815101, 37.352404 ], [ -79.815263, 37.352515 ], [ -79.815407, 37.35263 ], [ -79.815822, 37.353025 ], [ -79.816088, 37.353203 ], [ -79.816321, 37.35331 ], [ -79.817024, 37.353485 ], [ -79.817353, 37.35362 ], [ -79.817608, 37.353785 ], [ -79.817784, 37.353944 ], [ -79.817954, 37.354127 ], [ -79.81804, 37.35426 ], [ -79.818072, 37.354351 ], [ -79.818085, 37.354546 ], [ -79.81803, 37.354863 ], [ -79.818041, 37.35501 ], [ -79.818236, 37.354889 ], [ -79.819094, 37.354337 ], [ -79.819299, 37.35422 ], [ -79.819546, 37.354108 ], [ -79.819922, 37.353977 ], [ -79.820128, 37.354313 ], [ -79.820243, 37.354449 ], [ -79.819438, 37.355928 ], [ -79.818995, 37.356808 ], [ -79.81911, 37.357087 ], [ -79.819372, 37.357177 ], [ -79.81956, 37.357141 ], [ -79.819711, 37.357173 ], [ -79.820025, 37.357572 ], [ -79.82013, 37.357738 ], [ -79.820206, 37.357753 ], [ -79.820261, 37.357748 ], [ -79.820872, 37.357508 ], [ -79.821209, 37.357397 ], [ -79.821512, 37.357333 ], [ -79.82129, 37.357706 ], [ -79.821165, 37.357998 ], [ -79.821128, 37.358321 ], [ -79.821139, 37.358499 ], [ -79.821165, 37.358596 ], [ -79.821291, 37.358825 ], [ -79.821478, 37.359053 ], [ -79.822315, 37.359957 ], [ -79.822455, 37.360065 ], [ -79.822566, 37.360122 ], [ -79.822727, 37.360186 ], [ -79.823334, 37.360357 ], [ -79.823516, 37.360427 ], [ -79.82418, 37.360761 ], [ -79.825175, 37.36117 ], [ -79.825409, 37.361296 ], [ -79.825731, 37.361599 ], [ -79.829645, 37.359711 ], [ -79.829901, 37.359585 ], [ -79.830024, 37.359743 ], [ -79.830679, 37.359405 ], [ -79.831561, 37.358894 ], [ -79.831912, 37.358675 ], [ -79.832761, 37.358101 ], [ -79.833222, 37.357759 ], [ -79.834116, 37.357026 ], [ -79.834917, 37.356283 ], [ -79.83555, 37.35565 ], [ -79.835559, 37.356233 ], [ -79.835626, 37.356845 ], [ -79.835857, 37.357821 ], [ -79.835993, 37.358224 ], [ -79.836237, 37.358819 ], [ -79.836625, 37.359555 ], [ -79.836809, 37.359858 ], [ -79.83715, 37.360356 ], [ -79.837377, 37.360665 ], [ -79.838126, 37.361579 ], [ -79.838409, 37.361983 ], [ -79.838604, 37.362378 ], [ -79.838682, 37.362612 ], [ -79.838722, 37.362797 ], [ -79.838757, 37.363104 ], [ -79.838744, 37.363466 ], [ -79.838702, 37.363728 ], [ -79.838297, 37.365331 ], [ -79.838218, 37.365725 ], [ -79.838226, 37.365831 ], [ -79.83818, 37.366194 ], [ -79.838166, 37.366504 ], [ -79.838178, 37.366916 ], [ -79.83827, 37.367629 ], [ -79.838446, 37.368328 ], [ -79.839199, 37.370284 ], [ -79.839006, 37.370381 ], [ -79.83892, 37.370441 ], [ -79.83879, 37.370589 ], [ -79.838621, 37.370962 ], [ -79.838458, 37.37157 ], [ -79.838262, 37.372192 ], [ -79.838144, 37.3724 ], [ -79.838074, 37.372463 ], [ -79.838001, 37.372503 ], [ -79.837802, 37.372545 ], [ -79.837546, 37.372539 ], [ -79.837261, 37.372487 ], [ -79.837086, 37.37251 ], [ -79.83699, 37.372557 ], [ -79.836874, 37.372649 ], [ -79.836229, 37.37332 ], [ -79.835853, 37.373697 ], [ -79.835782, 37.373796 ], [ -79.835728, 37.373924 ], [ -79.835681, 37.374137 ], [ -79.835677, 37.374326 ], [ -79.835742, 37.374991 ], [ -79.835687, 37.375193 ], [ -79.835634, 37.375288 ], [ -79.835357, 37.37562 ], [ -79.834903, 37.375979 ], [ -79.83506, 37.376102 ], [ -79.835519, 37.376516 ], [ -79.835863, 37.376783 ], [ -79.836022, 37.376881 ], [ -79.836189, 37.376924 ], [ -79.836314, 37.376911 ], [ -79.83642, 37.376855 ], [ -79.836463, 37.37681 ], [ -79.836573, 37.376602 ], [ -79.836632, 37.376526 ], [ -79.836698, 37.376476 ], [ -79.836861, 37.376414 ], [ -79.838543, 37.376265 ], [ -79.838595, 37.376721 ], [ -79.838654, 37.377011 ], [ -79.839, 37.378224 ], [ -79.839078, 37.378576 ], [ -79.839124, 37.378888 ], [ -79.839154, 37.379212 ], [ -79.839159, 37.379696 ], [ -79.839042, 37.381092 ], [ -79.839047, 37.381371 ], [ -79.839116, 37.381878 ], [ -79.839228, 37.382251 ], [ -79.839354, 37.382537 ], [ -79.839708, 37.383119 ], [ -79.840099, 37.383695 ], [ -79.840321, 37.384058 ], [ -79.84042, 37.384297 ], [ -79.840463, 37.384461 ], [ -79.840498, 37.384859 ], [ -79.840487, 37.38502 ], [ -79.840444, 37.385237 ], [ -79.840393, 37.385385 ], [ -79.840246, 37.385679 ], [ -79.840148, 37.385828 ], [ -79.839856, 37.386159 ], [ -79.838255, 37.387798 ], [ -79.83809, 37.387998 ], [ -79.837976, 37.388174 ], [ -79.837819, 37.38849 ], [ -79.837764, 37.388653 ], [ -79.837726, 37.388816 ], [ -79.837699, 37.389186 ], [ -79.837731, 37.389507 ], [ -79.83778, 37.389698 ], [ -79.837949, 37.390125 ], [ -79.8385, 37.391309 ], [ -79.841366, 37.390661 ], [ -79.844614, 37.389949 ], [ -79.846628, 37.389438 ], [ -79.847452, 37.389249 ], [ -79.870408, 37.384744 ], [ -79.870192, 37.384214 ], [ -79.870046, 37.384014 ], [ -79.869931, 37.38391 ], [ -79.869666, 37.383749 ], [ -79.868929, 37.383337 ], [ -79.867027, 37.382181 ], [ -79.866895, 37.382115 ], [ -79.866638, 37.382029 ], [ -79.866338, 37.381993 ], [ -79.865814, 37.382032 ], [ -79.865585, 37.382071 ], [ -79.865063, 37.382177 ], [ -79.864875, 37.382232 ], [ -79.864693, 37.382316 ], [ -79.864494, 37.382462 ], [ -79.864407, 37.382595 ], [ -79.864388, 37.382727 ], [ -79.864458, 37.383045 ], [ -79.864433, 37.383161 ], [ -79.864354, 37.383246 ], [ -79.864209, 37.383301 ], [ -79.864, 37.383324 ], [ -79.8637, 37.383292 ], [ -79.862607, 37.382981 ], [ -79.862463, 37.382931 ], [ -79.861829, 37.382654 ], [ -79.861194, 37.382436 ], [ -79.860938, 37.382287 ], [ -79.860713, 37.382072 ], [ -79.859781, 37.380921 ], [ -79.859533, 37.380677 ], [ -79.85923, 37.380483 ], [ -79.858488, 37.380129 ], [ -79.857916, 37.379905 ], [ -79.857725, 37.379844 ], [ -79.860406, 37.376057 ], [ -79.864933, 37.373103 ], [ -79.86668, 37.371599 ], [ -79.866915, 37.370879 ], [ -79.867997, 37.367584 ], [ -79.871083, 37.357705 ], [ -79.870933, 37.35759 ], [ -79.864789, 37.354618 ], [ -79.864967, 37.354512 ], [ -79.872168, 37.349668 ], [ -79.870975, 37.345723 ], [ -79.871328, 37.345512 ], [ -79.871623, 37.345699 ], [ -79.871773, 37.345768 ], [ -79.872049, 37.345864 ], [ -79.87243, 37.345945 ], [ -79.872858, 37.345975 ], [ -79.873334, 37.345941 ], [ -79.873764, 37.345858 ], [ -79.874013, 37.345782 ], [ -79.87433, 37.345651 ], [ -79.874607, 37.345505 ], [ -79.874814, 37.345376 ], [ -79.875184, 37.345089 ], [ -79.877264, 37.342936 ], [ -79.877721, 37.342499 ], [ -79.877488, 37.342371 ], [ -79.877131, 37.342138 ], [ -79.876768, 37.341846 ], [ -79.87655, 37.341637 ], [ -79.876385, 37.341453 ], [ -79.876135, 37.341109 ], [ -79.87587, 37.340621 ], [ -79.87572, 37.340197 ], [ -79.875624, 37.339685 ], [ -79.875602, 37.339368 ], [ -79.875552, 37.337351 ], [ -79.875459, 37.336828 ], [ -79.875067, 37.335657 ], [ -79.874646, 37.334479 ], [ -79.874449, 37.334101 ], [ -79.874306, 37.333882 ], [ -79.873714, 37.333136 ], [ -79.873016, 37.332288 ], [ -79.87282, 37.332027 ], [ -79.872604, 37.331648 ], [ -79.872991, 37.331818 ], [ -79.874814, 37.332597 ], [ -79.878771, 37.334304 ], [ -79.879875, 37.334783 ], [ -79.880791, 37.335178 ], [ -79.882143, 37.335755 ], [ -79.883459, 37.336325 ], [ -79.886403, 37.337595 ], [ -79.887589, 37.338102 ], [ -79.887937, 37.338251 ], [ -79.892612, 37.340267 ], [ -79.905509, 37.345818 ], [ -79.905833, 37.345968 ], [ -79.906619, 37.346331 ], [ -79.909469, 37.347522 ], [ -79.912048, 37.348635 ], [ -79.914949, 37.349887 ], [ -79.920014, 37.352061 ], [ -79.920321, 37.352193 ], [ -79.922543, 37.353148 ], [ -79.925325, 37.354339 ], [ -79.927015, 37.355061 ], [ -79.928361, 37.355638 ], [ -79.929296, 37.356039 ], [ -79.92944, 37.356104 ], [ -79.932399, 37.357364 ], [ -79.934018, 37.358061 ], [ -79.934398, 37.358224 ], [ -79.936456, 37.359102 ], [ -79.938495, 37.359977 ], [ -79.939928, 37.360566 ], [ -79.942395, 37.361617 ], [ -79.945616, 37.362997 ], [ -79.94604, 37.363176 ], [ -79.946722, 37.363478 ], [ -79.951311, 37.365358 ], [ -79.95577, 37.367083 ], [ -79.958019, 37.36796 ], [ -79.958885, 37.368364 ], [ -79.961831, 37.369488 ], [ -79.962395, 37.369702999999895 ], [ -79.966295, 37.371191 ], [ -79.988787, 37.379762 ], [ -80.005004, 37.385934 ], [ -80.009398, 37.387614 ], [ -80.019404, 37.391496 ], [ -80.044282, 37.401183 ], [ -80.051755, 37.404087 ], [ -80.051956, 37.404167 ], [ -80.052171, 37.40425 ], [ -80.062622, 37.408325 ], [ -80.063413, 37.409294 ], [ -80.074119, 37.422469 ], [ -80.074862, 37.422064 ], [ -80.075291, 37.421691 ], [ -80.075971, 37.421269 ], [ -80.076864, 37.420804 ], [ -80.077912, 37.42018 ], [ -80.078476, 37.419689 ], [ -80.07894, 37.419448 ], [ -80.079224, 37.419395 ], [ -80.079757, 37.419325 ], [ -80.080099, 37.419202 ], [ -80.080541, 37.418964 ], [ -80.081149, 37.418707 ], [ -80.081628, 37.418582 ], [ -80.081962, 37.418397 ], [ -80.082385, 37.418208 ], [ -80.082861, 37.417926 ], [ -80.083135, 37.41784 ], [ -80.08363, 37.41763 ], [ -80.084092, 37.417468 ], [ -80.084253, 37.417272 ], [ -80.084438, 37.417085 ], [ -80.08519, 37.416669 ], [ -80.085777, 37.41655 ], [ -80.085988, 37.41643 ], [ -80.086187, 37.416235 ], [ -80.087296, 37.415759 ], [ -80.087582, 37.415759 ], [ -80.088099, 37.415612 ], [ -80.088316, 37.415472 ], [ -80.088577, 37.415076 ], [ -80.088731, 37.414902 ], [ -80.088978, 37.414677 ], [ -80.089335, 37.414444 ], [ -80.089376, 37.414308 ], [ -80.089964, 37.413754 ], [ -80.090137, 37.413634 ], [ -80.09115, 37.413336 ], [ -80.091368, 37.413229 ], [ -80.091524, 37.413095 ], [ -80.09167, 37.412868 ], [ -80.091822, 37.4127 ], [ -80.092081, 37.412562 ], [ -80.092522, 37.412425 ], [ -80.093216, 37.412362 ], [ -80.093511, 37.412289 ], [ -80.093876, 37.412142 ], [ -80.094433, 37.41187 ], [ -80.095392, 37.411677 ], [ -80.095624, 37.411564 ], [ -80.09583, 37.411378 ], [ -80.096265, 37.410935 ], [ -80.096499, 37.410784 ], [ -80.096817, 37.410672 ], [ -80.098609, 37.410236 ], [ -80.098947, 37.410099 ], [ -80.099239, 37.40992 ], [ -80.099888, 37.409356 ], [ -80.10016, 37.409192 ], [ -80.100456, 37.409045 ], [ -80.101424, 37.408714 ], [ -80.101679, 37.408565 ], [ -80.101939, 37.40834 ], [ -80.102144, 37.408091 ], [ -80.102345, 37.40751 ], [ -80.102497, 37.407214 ], [ -80.102827, 37.406707 ], [ -80.104151, 37.405639 ], [ -80.104938, 37.405256 ], [ -80.105473, 37.405122 ], [ -80.106636, 37.404617 ], [ -80.10993, 37.403127 ], [ -80.110696, 37.402528 ], [ -80.110974, 37.402369 ], [ -80.111511, 37.402147 ], [ -80.115267, 37.400713 ], [ -80.116813, 37.399908 ], [ -80.117598, 37.399456 ], [ -80.118261, 37.399031 ], [ -80.118647, 37.398753 ], [ -80.11938, 37.398392 ], [ -80.119922, 37.398147 ], [ -80.120705, 37.397753 ], [ -80.121074, 37.397456 ], [ -80.12159, 37.39713 ], [ -80.122084, 37.396883 ], [ -80.123224, 37.39642 ], [ -80.124036, 37.396044 ], [ -80.125639, 37.395185 ], [ -80.126492, 37.394825 ], [ -80.127084, 37.394512 ], [ -80.127474, 37.394245 ], [ -80.12781, 37.394043 ], [ -80.128207, 37.393854 ], [ -80.129252, 37.393526 ], [ -80.129774, 37.393314 ], [ -80.13137, 37.392435 ], [ -80.132665, 37.391835 ], [ -80.133128, 37.39159 ], [ -80.133679, 37.391259 ], [ -80.134281, 37.390954 ], [ -80.136017, 37.3902 ], [ -80.138005, 37.389267 ], [ -80.139305, 37.3884 ], [ -80.139807, 37.388007 ], [ -80.14018, 37.387839 ], [ -80.140586, 37.387616 ], [ -80.14094, 37.387351 ], [ -80.141139, 37.387238 ], [ -80.14132, 37.387108 ], [ -80.142163, 37.386686 ], [ -80.142353, 37.386558 ], [ -80.142655, 37.386399 ], [ -80.142781, 37.386348 ], [ -80.143229, 37.3861 ], [ -80.143955, 37.385601 ], [ -80.144157, 37.3855 ], [ -80.144382, 37.38543 ], [ -80.144858, 37.385348 ], [ -80.145316, 37.385215 ], [ -80.145391, 37.385139 ], [ -80.14557, 37.385041 ], [ -80.145654, 37.38497 ], [ -80.145856, 37.384724 ], [ -80.146192, 37.384081 ], [ -80.146354, 37.383808 ], [ -80.146775, 37.383313 ], [ -80.147161, 37.382916 ], [ -80.147331, 37.38277 ], [ -80.147475, 37.382613 ], [ -80.147564, 37.382547 ], [ -80.147679, 37.382492 ], [ -80.156816, 37.381754 ], [ -80.169783, 37.380726 ], [ -80.172917, 37.380508 ], [ -80.192258, 37.378989 ], [ -80.200323, 37.378354 ], [ -80.200556, 37.37795 ], [ -80.200875, 37.377646 ], [ -80.201117, 37.377482 ], [ -80.201203, 37.377352 ], [ -80.201311, 37.377254 ], [ -80.201538, 37.376814 ], [ -80.201992, 37.375589 ], [ -80.202186, 37.374891 ], [ -80.202318, 37.374483 ], [ -80.20255, 37.374209 ], [ -80.202827, 37.373979 ], [ -80.203057, 37.373814 ], [ -80.203427, 37.373584 ], [ -80.203921, 37.373377 ], [ -80.204325, 37.37326 ], [ -80.204611, 37.373151 ], [ -80.204897, 37.372976 ], [ -80.205052, 37.372844 ], [ -80.205341, 37.372552 ], [ -80.205552, 37.372282 ], [ -80.205648, 37.372125 ], [ -80.205922, 37.371887 ], [ -80.206149, 37.371746 ], [ -80.206401, 37.37162 ], [ -80.206932, 37.371226 ], [ -80.207518, 37.371085 ], [ -80.208198, 37.370891 ], [ -80.208676, 37.37071 ], [ -80.208918, 37.370476 ], [ -80.209093, 37.370136 ], [ -80.209225, 37.370021 ], [ -80.209993, 37.369746 ], [ -80.210226, 37.369542 ], [ -80.210353, 37.369403 ], [ -80.211409, 37.368777 ], [ -80.212093, 37.368398 ], [ -80.212706, 37.367981 ], [ -80.212863, 37.367913 ], [ -80.213288, 37.36787 ], [ -80.21352, 37.36777 ], [ -80.214187, 37.367277 ], [ -80.214395, 37.367201 ], [ -80.215188, 37.367108 ], [ -80.215907, 37.366653 ], [ -80.216064, 37.366609 ], [ -80.216718, 37.36659 ], [ -80.217087, 37.366494 ], [ -80.217394, 37.366368 ], [ -80.217687, 37.366223 ], [ -80.218321, 37.366126 ], [ -80.219056, 37.365742 ], [ -80.219319, 37.36567 ], [ -80.220626, 37.365463 ], [ -80.220992, 37.36537 ], [ -80.221748, 37.365285 ], [ -80.222099, 37.365308 ], [ -80.222433, 37.365299 ], [ -80.222857, 37.365381 ], [ -80.223278, 37.365387 ], [ -80.223805, 37.36528 ], [ -80.225013, 37.365121 ], [ -80.225483, 37.364926 ], [ -80.225996, 37.364782 ], [ -80.229088, 37.362309 ], [ -80.229575, 37.36222 ], [ -80.231019, 37.361851 ], [ -80.231784, 37.360995 ], [ -80.233073, 37.360634 ], [ -80.233678, 37.360178 ], [ -80.235284, 37.358738 ], [ -80.235461, 37.358653 ], [ -80.237151, 37.358235 ], [ -80.237416, 37.358055 ], [ -80.237559, 37.357932 ], [ -80.237774, 37.357699 ], [ -80.237888, 37.357549 ], [ -80.237983, 37.357388 ], [ -80.238066, 37.357298 ], [ -80.23817, 37.357209 ], [ -80.238294, 37.357143 ], [ -80.238729, 37.356942 ], [ -80.239149, 37.356856 ], [ -80.239293, 37.356841 ], [ -80.239717, 37.356864 ], [ -80.239856, 37.356885 ], [ -80.240288, 37.356892 ], [ -80.240573, 37.356863 ], [ -80.24084, 37.356789 ], [ -80.241026, 37.356693 ], [ -80.241357, 37.356466 ], [ -80.241402, 37.35642 ], [ -80.241579, 37.35632 ], [ -80.241702, 37.356267 ], [ -80.241973, 37.356209 ], [ -80.242431, 37.356022 ], [ -80.243032, 37.355612 ], [ -80.243169, 37.355485 ], [ -80.243393, 37.355344 ], [ -80.24382, 37.3551 ], [ -80.244076, 37.354979 ], [ -80.244253, 37.354858 ], [ -80.24432, 37.354835 ], [ -80.244865, 37.354541 ], [ -80.245129, 37.354455 ], [ -80.2455, 37.354273 ], [ -80.245762, 37.354167 ], [ -80.246106, 37.354109 ], [ -80.246385, 37.35408 ], [ -80.246495, 37.354001 ], [ -80.246526, 37.353768 ], [ -80.246679, 37.35332 ], [ -80.246971, 37.353 ], [ -80.24718, 37.352831 ], [ -80.247407, 37.352681 ], [ -80.247662, 37.352539 ], [ -80.247941, 37.352413 ], [ -80.248312, 37.352279 ], [ -80.248446, 37.352233 ], [ -80.25016, 37.351784 ], [ -80.250331, 37.351721 ], [ -80.250466, 37.351625 ], [ -80.250628, 37.351349 ], [ -80.250702, 37.35126 ], [ -80.250929, 37.351098 ], [ -80.251224, 37.350915 ], [ -80.251568, 37.35062 ], [ -80.252311, 37.350157 ], [ -80.252493, 37.350005 ], [ -80.252634, 37.349846 ], [ -80.252985, 37.349386 ], [ -80.253498, 37.348837 ], [ -80.254411, 37.347972 ], [ -80.254679, 37.347666 ], [ -80.254909, 37.347353 ], [ -80.255216, 37.346809 ], [ -80.255339, 37.346476 ], [ -80.255388, 37.346225 ], [ -80.255479, 37.345992 ], [ -80.255648, 37.345719 ], [ -80.255839, 37.345504 ], [ -80.256102, 37.345275 ], [ -80.256386, 37.345073 ], [ -80.257126, 37.344641 ], [ -80.257563, 37.344322 ], [ -80.257666, 37.344251 ], [ -80.25784, 37.344123 ], [ -80.258098, 37.343966 ], [ -80.258585, 37.343742 ], [ -80.259122, 37.343289 ], [ -80.261556, 37.342067 ], [ -80.262184, 37.341526 ], [ -80.270878, 37.344015 ], [ -80.27235, 37.344595 ], [ -80.291335, 37.352254 ], [ -80.291862, 37.352477000000107 ], [ -80.29313, 37.352988 ], [ -80.30526, 37.357883 ], [ -80.309728, 37.359641 ], [ -80.311489, 37.360717 ], [ -80.32484, 37.368833 ], [ -80.3278, 37.366753 ], [ -80.329122, 37.365885 ], [ -80.330652, 37.364436 ], [ -80.333148, 37.361856 ], [ -80.337492, 37.357675 ], [ -80.339483, 37.356079 ], [ -80.341599, 37.354658 ], [ -80.344629, 37.352873 ], [ -80.351522, 37.349193 ], [ -80.357722, 37.346502 ], [ -80.36267, 37.344263 ], [ -80.365418, 37.343105 ], [ -80.369529, 37.341669 ], [ -80.374027, 37.339803 ], [ -80.374774, 37.33964 ], [ -80.376691, 37.338906 ], [ -80.377825, 37.338552 ], [ -80.380431, 37.33729 ], [ -80.38111, 37.337021 ], [ -80.382328, 37.336426 ], [ -80.382776, 37.336141 ], [ -80.384139, 37.335454 ], [ -80.385552, 37.334919 ], [ -80.385932, 37.334383 ], [ -80.386197, 37.334127 ], [ -80.387029, 37.333696 ], [ -80.387161, 37.333575 ], [ -80.387723, 37.333408 ], [ -80.388361, 37.333188 ], [ -80.390412, 37.332343 ], [ -80.391422, 37.331821 ], [ -80.393899, 37.330854 ], [ -80.395692, 37.330099 ], [ -80.399986, 37.328507 ], [ -80.400771, 37.32826 ], [ -80.401416, 37.328102 ], [ -80.40224, 37.327955 ], [ -80.404664, 37.327393 ], [ -80.410318, 37.325923 ], [ -80.411982, 37.325612 ], [ -80.414399, 37.325026 ], [ -80.415759, 37.324334 ], [ -80.416578, 37.323975 ], [ -80.419275, 37.322602 ], [ -80.423312, 37.320116 ], [ -80.42374, 37.31978 ], [ -80.424278, 37.319406 ], [ -80.425556, 37.318779 ], [ -80.429841, 37.316885 ], [ -80.430943, 37.316378 ], [ -80.433463, 37.315063 ], [ -80.434229, 37.314606 ], [ -80.434502, 37.314381 ], [ -80.434679, 37.314193 ], [ -80.436077, 37.313388 ], [ -80.437061, 37.312897 ], [ -80.438289, 37.312143 ], [ -80.43994, 37.311037 ], [ -80.441987, 37.309702 ], [ -80.44309, 37.308824 ], [ -80.444672, 37.307683 ], [ -80.446537, 37.306181 ], [ -80.448698, 37.304834 ], [ -80.449789, 37.304043 ], [ -80.451975, 37.302626 ], [ -80.455879, 37.300618 ], [ -80.456748, 37.300006 ], [ -80.458569, 37.298921 ], [ -80.459157, 37.298661 ], [ -80.459587, 37.298422 ], [ -80.461074, 37.297526 ], [ -80.46257, 37.296841 ], [ -80.465094, 37.295317 ], [ -80.467436, 37.293831 ], [ -80.469396, 37.292358 ], [ -80.471185, 37.291072 ], [ -80.473048, 37.289922 ], [ -80.475051, 37.288193 ], [ -80.477086, 37.286764 ], [ -80.478429, 37.285705 ], [ -80.479036, 37.285351 ], [ -80.479094, 37.285317 ], [ -80.479194, 37.285258 ], [ -80.479333, 37.285178 ], [ -80.485126, 37.283216 ], [ -80.487854, 37.282151 ], [ -80.489233, 37.281499 ], [ -80.490255, 37.280761 ], [ -80.491058, 37.280252 ], [ -80.493118, 37.279302 ], [ -80.49445, 37.278742 ], [ -80.495769, 37.27815 ], [ -80.497148, 37.277443 ], [ -80.497234, 37.277387 ], [ -80.499859, 37.276175 ], [ -80.500306, 37.2759 ], [ -80.50056, 37.275766 ], [ -80.501184, 37.275497 ], [ -80.501464, 37.275401 ], [ -80.501942, 37.275267 ], [ -80.502433, 37.275167 ], [ -80.503034, 37.275092 ], [ -80.51193, 37.272199 ], [ -80.517346, 37.270364 ], [ -80.518206, 37.270035 ], [ -80.51883, 37.269757 ], [ -80.519634, 37.269347 ], [ -80.520399, 37.268893 ], [ -80.520702, 37.268787 ], [ -80.521161, 37.268646 ], [ -80.521629, 37.268524 ], [ -80.522104, 37.268422 ], [ -80.523545, 37.26817 ], [ -80.524259, 37.268006 ], [ -80.524961, 37.267813 ], [ -80.525649, 37.267591 ], [ -80.52741, 37.266942 ], [ -80.528302, 37.26667 ], [ -80.529004, 37.266418 ], [ -80.52969, 37.266136 ], [ -80.529977, 37.265944 ], [ -80.53021, 37.265814 ], [ -80.530454, 37.265696 ], [ -80.530837, 37.265545 ], [ -80.531229, 37.26543 ], [ -80.531721, 37.265334 ], [ -80.532225, 37.265198 ], [ -80.532553, 37.265135 ], [ -80.533055, 37.265076 ], [ -80.533359, 37.265014 ], [ -80.531152, 37.259321 ], [ -80.531062, 37.259245 ], [ -80.530952, 37.259179 ], [ -80.530698, 37.259074 ], [ -80.530492, 37.258937 ], [ -80.530375, 37.258838 ], [ -80.5301, 37.258535 ], [ -80.529812, 37.258272 ], [ -80.529571, 37.25814 ], [ -80.529351, 37.257958 ], [ -80.529214, 37.257815 ], [ -80.528719, 37.257178 ], [ -80.528588, 37.257046 ], [ -80.528389, 37.256694 ], [ -80.528321, 37.256518 ], [ -80.528266, 37.256436 ], [ -80.528135, 37.256342 ], [ -80.528073, 37.256254 ], [ -80.528025, 37.256062 ], [ -80.527936, 37.255897 ], [ -80.527853, 37.255683 ], [ -80.527832, 37.255676 ], [ -80.52773, 37.255546 ], [ -80.527503, 37.255106 ], [ -80.527428, 37.254919 ], [ -80.527359, 37.254842 ], [ -80.527297, 37.254804 ], [ -80.527132, 37.254765 ], [ -80.526967, 37.254699 ], [ -80.526699, 37.254545 ], [ -80.526472, 37.254479 ], [ -80.526445, 37.254485 ], [ -80.526225, 37.254435 ], [ -80.526115, 37.254424 ], [ -80.52537, 37.254249 ], [ -80.52518, 37.254166 ], [ -80.524864, 37.253935 ], [ -80.524506, 37.253616 ], [ -80.524338, 37.25349 ], [ -80.52428, 37.253446 ], [ -80.524156, 37.253396 ], [ -80.523991, 37.253385 ], [ -80.523833, 37.253346 ], [ -80.523654, 37.25322 ], [ -80.523011, 37.253069 ], [ -80.521854, 37.251603 ], [ -80.519184, 37.249659 ], [ -80.517563, 37.249177 ], [ -80.513983, 37.248112 ], [ -80.506469, 37.248022 ], [ -80.503951, 37.248269 ], [ -80.503788, 37.248578 ], [ -80.503716, 37.248794 ], [ -80.5037, 37.248918 ], [ -80.503712, 37.24919 ], [ -80.503678, 37.249288 ], [ -80.503451, 37.249496 ], [ -80.503368, 37.249593 ], [ -80.503309, 37.24973 ], [ -80.503253, 37.249812 ], [ -80.503189, 37.249869 ], [ -80.5029, 37.250037 ], [ -80.502517, 37.250292 ], [ -80.502357, 37.25038 ], [ -80.502168, 37.250464 ], [ -80.502116, 37.250474 ], [ -80.501906, 37.25043 ], [ -80.501458, 37.250472 ], [ -80.501351, 37.250436 ], [ -80.501088, 37.250414 ], [ -80.500868, 37.250343 ], [ -80.500735, 37.250336 ], [ -80.500168, 37.250223 ], [ -80.499997, 37.250173 ], [ -80.499692, 37.250007 ], [ -80.499593, 37.249968 ], [ -80.49922, 37.249897 ], [ -80.498509, 37.249699 ], [ -80.498259, 37.249657 ], [ -80.497539, 37.249598 ], [ -80.496994, 37.249665 ], [ -80.496273, 37.249656 ], [ -80.496138, 37.249644 ], [ -80.495667, 37.24955 ], [ -80.495296, 37.249497 ], [ -80.49503, 37.2494 ], [ -80.494628, 37.249401 ], [ -80.494319, 37.249314 ], [ -80.494255, 37.249311 ], [ -80.494085, 37.249342 ], [ -80.49401, 37.24939 ], [ -80.493918, 37.249703 ], [ -80.493871, 37.249766 ], [ -80.493808, 37.249821 ], [ -80.493549, 37.24996 ], [ -80.493346, 37.250156 ], [ -80.493278, 37.250196 ], [ -80.493108, 37.250233 ], [ -80.492953, 37.250309 ], [ -80.492327, 37.250496 ], [ -80.491682, 37.250765 ], [ -80.491384, 37.250821 ], [ -80.491206, 37.250831 ], [ -80.490593, 37.250825 ], [ -80.489651, 37.25087 ], [ -80.489481, 37.250908 ], [ -80.489395, 37.250948 ], [ -80.48916, 37.251109 ], [ -80.489056, 37.251162 ], [ -80.48886, 37.251209 ], [ -80.488429, 37.251227 ], [ -80.487849, 37.251303 ], [ -80.487539, 37.251305 ], [ -80.486823, 37.251344 ], [ -80.486704, 37.251332 ], [ -80.486401, 37.251233 ], [ -80.485979, 37.251039 ], [ -80.485793, 37.250936 ], [ -80.48552, 37.250756 ], [ -80.485339, 37.250695 ], [ -80.485225, 37.25069 ], [ -80.484241, 37.25098 ], [ -80.48391, 37.251093 ], [ -80.483204, 37.251378 ], [ -80.483109, 37.251398 ], [ -80.483011, 37.251404 ], [ -80.482837, 37.251379 ], [ -80.482466, 37.251257 ], [ -80.482335, 37.251249 ], [ -80.482239, 37.251267 ], [ -80.482113, 37.25133 ], [ -80.48207, 37.25137 ], [ -80.481586, 37.251676 ], [ -80.481289, 37.251793 ], [ -80.48115, 37.251807 ], [ -80.481039, 37.251835 ], [ -80.48075, 37.251975 ], [ -80.480678, 37.251896 ], [ -80.47914, 37.250582 ], [ -80.480199, 37.249593 ], [ -80.473515, 37.243968 ], [ -80.473143, 37.24402 ], [ -80.473129, 37.244011 ], [ -80.47286, 37.243938 ], [ -80.472573, 37.243813 ], [ -80.47194, 37.243469 ], [ -80.472424, 37.243121 ], [ -80.472782, 37.243206 ], [ -80.473114, 37.24324 ], [ -80.473262, 37.243205 ], [ -80.47333, 37.243166 ], [ -80.473391, 37.24311 ], [ -80.473409, 37.243071 ], [ -80.473408, 37.243021 ], [ -80.473372, 37.242967 ], [ -80.473233, 37.242836 ], [ -80.473031, 37.242681 ], [ -80.476638, 37.240063 ], [ -80.476603, 37.238877 ], [ -80.47658, 37.238834 ], [ -80.476355, 37.238636 ], [ -80.476204, 37.238551 ], [ -80.475926, 37.238489 ], [ -80.47577, 37.238489 ], [ -80.475693, 37.238462 ], [ -80.475678, 37.238411 ], [ -80.475693, 37.238369 ], [ -80.475639, 37.238372 ], [ -80.475611, 37.238404 ], [ -80.475546, 37.238392 ], [ -80.47546, 37.238345 ], [ -80.475357, 37.238318 ], [ -80.475283, 37.23828 ], [ -80.475283, 37.238259 ], [ -80.474936, 37.238122 ], [ -80.474707, 37.23807 ], [ -80.474587, 37.238061 ], [ -80.474206, 37.237656 ], [ -80.474173, 37.237621 ], [ -80.474048, 37.23757 ], [ -80.472, 37.236729 ], [ -80.471957, 37.236711 ], [ -80.471987, 37.23643 ], [ -80.472179, 37.235879 ], [ -80.472191, 37.235818 ], [ -80.472173, 37.235664 ], [ -80.47225, 37.235516 ], [ -80.472258, 37.235466 ], [ -80.472246, 37.235359 ], [ -80.472278, 37.235204 ], [ -80.472243, 37.235076 ], [ -80.472246, 37.235026 ], [ -80.472296, 37.234874 ], [ -80.472403, 37.234679 ], [ -80.472392, 37.234593 ], [ -80.472293, 37.234402 ], [ -80.47229, 37.234312 ], [ -80.472307, 37.234283 ], [ -80.472488, 37.234169 ], [ -80.472663, 37.234012 ], [ -80.472716, 37.233986 ], [ -80.472742, 37.23395 ], [ -80.472706, 37.233775 ], [ -80.472721, 37.233478 ], [ -80.472666, 37.233278 ], [ -80.472596, 37.233179 ], [ -80.472581, 37.233101 ], [ -80.472556, 37.233075 ], [ -80.472466, 37.232977 ], [ -80.472395, 37.232824 ], [ -80.472116, 37.2326 ], [ -80.47206, 37.232536 ], [ -80.471918, 37.232256 ], [ -80.471835, 37.232139 ], [ -80.471815, 37.232078 ], [ -80.471813, 37.231982 ], [ -80.471781, 37.2319 ], [ -80.471799, 37.231821 ], [ -80.471983, 37.231743 ], [ -80.472175, 37.231596 ], [ -80.472194, 37.231559 ], [ -80.472137, 37.231411 ], [ -80.472016, 37.231277 ], [ -80.472034, 37.231191 ], [ -80.472023, 37.231155 ], [ -80.471959, 37.231075 ], [ -80.471823, 37.230983 ], [ -80.471765, 37.230838 ], [ -80.471785, 37.230681 ], [ -80.471998, 37.230591 ], [ -80.472095, 37.230529 ], [ -80.472117, 37.230498 ], [ -80.472077, 37.230331 ], [ -80.471865, 37.230121 ], [ -80.471877, 37.230076 ], [ -80.471909, 37.230044 ], [ -80.472367, 37.229812 ], [ -80.472493, 37.229781 ], [ -80.472692, 37.229775 ], [ -80.472718, 37.229764 ], [ -80.472762, 37.229709 ], [ -80.472857, 37.229449 ], [ -80.472897, 37.22941 ], [ -80.473297, 37.229304 ], [ -80.473952, 37.229263 ], [ -80.474149, 37.229292 ], [ -80.474267, 37.229272 ], [ -80.474426, 37.229203 ], [ -80.474538, 37.229181 ], [ -80.474615, 37.229225 ], [ -80.474652, 37.229273 ], [ -80.474693, 37.229395 ], [ -80.474722, 37.229409 ], [ -80.474881, 37.229443 ], [ -80.475006, 37.229487 ], [ -80.475111, 37.229488 ], [ -80.47541, 37.229554 ], [ -80.475652, 37.22956 ], [ -80.475815, 37.22963 ], [ -80.476134, 37.229644 ], [ -80.476301, 37.229699 ], [ -80.476449, 37.229728 ], [ -80.476541, 37.22972 ], [ -80.476602, 37.229687 ], [ -80.476612, 37.229643000000117 ], [ -80.476587, 37.229548 ], [ -80.47664, 37.229461 ], [ -80.47669, 37.229431 ], [ -80.476808, 37.229424 ], [ -80.476768, 37.224471 ], [ -80.476818, 37.224049 ], [ -80.476797, 37.223502 ], [ -80.472395, 37.223202 ], [ -80.469569, 37.219211 ], [ -80.468683, 37.217629 ], [ -80.467911, 37.216087 ], [ -80.468236, 37.21601 ], [ -80.468125, 37.215649 ], [ -80.46808, 37.215563 ], [ -80.468401, 37.215514 ], [ -80.468827, 37.21539 ], [ -80.469043, 37.21531 ], [ -80.469908, 37.214977 ], [ -80.470438, 37.214796 ], [ -80.476345, 37.212977 ], [ -80.477125, 37.212783 ], [ -80.477901, 37.212654 ], [ -80.480767, 37.212334 ], [ -80.481424, 37.212243 ], [ -80.483619, 37.211853 ], [ -80.48609, 37.2115 ], [ -80.48677, 37.211354 ], [ -80.48736, 37.211175 ], [ -80.487724, 37.211034 ], [ -80.488227, 37.210808 ], [ -80.488583, 37.210614 ], [ -80.489433, 37.210092 ], [ -80.490219, 37.209678 ], [ -80.491478, 37.209044 ], [ -80.491735, 37.208923 ], [ -80.492191, 37.208741 ], [ -80.492755, 37.208586 ], [ -80.493587, 37.208429 ], [ -80.494241, 37.208264 ], [ -80.494811, 37.208055 ], [ -80.495159, 37.207897 ], [ -80.495444, 37.207747 ], [ -80.495719, 37.207586 ], [ -80.496002, 37.207396 ], [ -80.49633, 37.207149 ], [ -80.496678, 37.206849 ], [ -80.497242, 37.206318 ], [ -80.497625, 37.205891 ], [ -80.497952, 37.205441 ], [ -80.498244, 37.204943 ], [ -80.498677, 37.204132 ], [ -80.499961, 37.201715 ], [ -80.500792, 37.200154 ], [ -80.500931985488236, 37.19989597486974 ], [ -80.5011679852295, 37.199389974628275 ], [ -80.501253985090983, 37.1990699744536 ], [ -80.501274985022505, 37.198885974343327 ], [ -80.501253984895328, 37.198472974071827 ], [ -80.501161984815198, 37.198119973813938 ], [ -80.501081984785714, 37.197935973668244 ], [ -80.500917984758217, 37.197659973434135 ], [ -80.500738984752985, 37.197434973227296 ], [ -80.500181984795205, 37.196916972699725 ], [ -80.500021984791616, 37.196721972518411 ], [ -80.499876984643294, 37.196448972301702 ], [ -80.499829984568379, 37.196300972193868 ], [ -80.499792984467007, 37.196057972027695 ], [ -80.499927983583873, 37.193183970221682 ], [ -80.499993983451731, 37.192671969912389 ], [ -80.500043983375946, 37.192483969809352 ], [ -80.500186983202184, 37.192117969625976 ], [ -80.500354983049505, 37.191841969509348 ], [ -80.50060198285891, 37.19153696940257 ], [ -80.500728982771918, 37.191412969368869 ], [ -80.501074982557796, 37.191142969320445 ], [ -80.501375982385753, 37.190949969305279 ], [ -80.503719981178676, 37.189817969428567 ], [ -80.505675980235694, 37.18903296963812 ], [ -80.506611979793192, 37.188672969749732 ], [ -80.507121979558349, 37.1884939698217 ], [ -80.507686979317327, 37.188355969939792 ], [ -80.508326979063511, 37.188260970112438 ], [ -80.511688977816107, 37.188032971191689 ], [ -80.512291977576226, 37.187933971349175 ], [ -80.512677977410036, 37.187825971422207 ], [ -80.513048977240047, 37.187684971469352 ], [ -80.513374977084368, 37.18753797149634 ], [ -80.513801976891614, 37.187382971555472 ], [ -80.514241976720697, 37.187319971676722 ], [ -80.51455397660736, 37.187302971779914 ], [ -80.51463097657944, 37.187298971805518 ], [ -80.515022976421349, 37.187220971900032 ], [ -80.515422976242959, 37.187078971957867 ], [ -80.51572197609309, 37.186911971963454 ], [ -80.515974975948765, 37.186705971928141 ], [ -80.516177975811885, 37.186462971851817 ], [ -80.516642975452186, 37.185731971569467 ], [ -80.516818975294015, 37.1853719714113 ], [ -80.516897975180115, 37.185051971242345 ], [ -80.516898975175963, 37.185037971234067 ], [ -80.517041975145816, 37.18510597132871 ], [ -80.517480974977403, 37.185034971446221 ], [ -80.517865974821618, 37.184941971530442 ], [ -80.51837397464331, 37.184919971703685 ], [ -80.51908197438587, 37.184854971924182 ], [ -80.519500974168707, 37.184568971902451 ], [ -80.520384973789433, 37.184258972037689 ], [ -80.520716973668229, 37.184222972138052 ], [ -80.521746973370355, 37.184415972636153 ], [ -80.522281973202368, 37.184465972863833 ], [ -80.522721973053748, 37.184465973025951 ], [ -80.523318972823233, 37.184349973175244 ], [ -80.524060972497367, 37.184042973261739 ], [ -80.525036972125292, 37.183861973511959 ], [ -80.52551097188018, 37.183504973470221 ], [ -80.526197971583727, 37.183224973554552 ], [ -80.527378971146263, 37.183037973878662 ], [ -80.527378971179772, 37.183180973965122 ], [ -80.527405971209404, 37.183345974074861 ], [ -80.527405971298151, 37.183724974303949 ], [ -80.527487971486551, 37.184647974892265 ], [ -80.527370971549331, 37.184746974909004 ], [ -80.527363971679179, 37.18529097523529 ], [ -80.527397971689595, 37.185384975304608 ], [ -80.527631971654614, 37.185576975506571 ], [ -80.527748971646758, 37.185714975632877 ], [ -80.527837971660972, 37.185906975781492 ], [ -80.527926971685275, 37.186142975956663 ], [ -80.527981971771041, 37.186593976249092 ], [ -80.528063971803917, 37.186857976438475 ], [ -80.528097971857022, 37.187137976619951 ], [ -80.528114971855757, 37.187157976638161 ], [ -80.528180971851114, 37.187236976709954 ], [ -80.528241971873143, 37.187423976845011 ], [ -80.528241971949186, 37.187752977043573 ], [ -80.528323971981479, 37.188016977232742 ], [ -80.52835197200973, 37.188181977342431 ], [ -80.528440972037956, 37.188439977530415 ], [ -80.52846797208926, 37.188703977699461 ], [ -80.52846797215102, 37.188971977861129 ], [ -80.528467972186732, 37.189126977954601 ], [ -80.528495972216163, 37.18929797806787 ], [ -80.528755972286234, 37.190005978588736 ], [ -80.528755972340576, 37.190242978731675 ], [ -80.52854997245214, 37.190406978756251 ], [ -80.528219972575712, 37.19042897865048 ], [ -80.527560972830344, 37.190505978459406 ], [ -80.526154973569959, 37.191487978548039 ], [ -80.52601897365281, 37.191627978584066 ], [ -80.526398973507327, 37.191596978701696 ], [ -80.528336972849701, 37.191797979518611 ], [ -80.530284972255288, 37.192309980524989 ], [ -80.531556971872646, 37.192686981206279 ], [ -80.532608971557252, 37.193015981779006 ], [ -80.533711971242184, 37.193446982429805 ], [ -80.534425971026366, 37.193677982821761 ], [ -80.53577197063521, 37.194205983614623 ], [ -80.536471970418788, 37.194425983993817 ], [ -80.537172970181317, 37.194547984314937 ], [ -80.537761969948335, 37.194482984485717 ], [ -80.537906969901044, 37.194517984557841 ], [ -80.539560969261174, 37.194403985078125 ], [ -80.540124969029094, 37.194289985211483 ], [ -80.540951968707702, 37.194219985464258 ], [ -80.541624968432899, 37.194088985626742 ], [ -80.54319196777486, 37.193667985938532 ], [ -80.545846966700211, 37.193129986572195 ], [ -80.546530966430595, 37.193024986755574 ], [ -80.547231966150804, 37.19289298692955 ], [ -80.547606965997147, 37.192795987007514 ], [ -80.548821965514463, 37.192566987309831 ], [ -80.550857964665909, 37.191888987649328 ], [ -80.55133196447747, 37.19178298775865 ], [ -80.551958964214307, 37.191543987846934 ], [ -80.552590963943629, 37.191257987910532 ], [ -80.553121963708307, 37.190954987928599 ], [ -80.553277963632468, 37.190816987906047 ], [ -80.553502963536303, 37.190709987926112 ], [ -80.554575963053338, 37.190004987911863 ], [ -80.555899962339524, 37.188186987359941 ], [ -80.556949961745445, 37.186431986749696 ], [ -80.557622961376367, 37.185344986382624 ], [ -80.562902959165328, 37.181508986184511 ], [ -80.563745958744818, 37.180119985725952 ], [ -80.564722958275922, 37.1785889852422 ], [ -80.564856958203421, 37.178288985126237 ], [ -80.565134958070246, 37.17783098497717 ], [ -80.565142958061003, 37.177762984942468 ], [ -80.564607958168452, 37.177164984408627 ], [ -80.565316957956625, 37.177257984728421 ], [ -80.565362957932081, 37.177153984688132 ], [ -80.565459957880648, 37.176937984605239 ], [ -80.565422957723726, 37.175221983640711 ], [ -80.565344957735476, 37.175099983543426 ], [ -80.565068957721934, 37.174118982894491 ], [ -80.563535958038415, 37.172740981541708 ], [ -80.561993958332792, 37.171275980131263 ], [ -80.558879959062565, 37.169835978118854 ], [ -80.558507959141124, 37.169610977847952 ], [ -80.557673959329506, 37.169221977304581 ], [ -80.557096959453517, 37.16891397690619 ], [ -80.556528959568283, 37.168563976487114 ], [ -80.556026959622841, 37.167907975919903 ], [ -80.555627959619429, 37.167047975276496 ], [ -80.555442959634377, 37.166778975051415 ], [ -80.555112959632169, 37.166091974532122 ], [ -80.554588959703949, 37.165574974032381 ], [ -80.553033959775547, 37.163128972025014 ], [ -80.552763959808985, 37.162869971769979 ], [ -80.552526959807807, 37.162433971426822 ], [ -80.552237959778594, 37.161717970902657 ], [ -80.552183959772933, 37.161583970804578 ], [ -80.551684959718713, 37.160348969898763 ], [ -80.551166959486537, 37.157918968299128 ], [ -80.550620959444402, 37.156762967415553 ], [ -80.550059959496366, 37.156227966880856 ], [ -80.547595959955132, 37.155458965435855 ], [ -80.545005960567664, 37.155496964403405 ], [ -80.542057961346515, 37.15598496348877 ], [ -80.539169962192702, 37.156843962820744 ], [ -80.537370962770012, 37.157586962530893 ], [ -80.535049963398805, 37.157915961787999 ], [ -80.533541963649881, 37.157373960855722 ], [ -80.533390963672218, 37.157307960755176 ], [ -80.53316396369415, 37.157154960572036 ], [ -80.532380963754449, 37.156564959902205 ], [ -80.531426963812208, 37.155794959053821 ], [ -80.530524963843718, 37.154984958200558 ], [ -80.529759963850069, 37.15422595743216 ], [ -80.528978963706678, 37.152813956262186 ], [ -80.527716963368206, 37.150145954132022 ], [ -80.527157963047429, 37.148269952765688 ], [ -80.527008962960906, 37.147770952401643 ], [ -80.526569962422599, 37.145118950612122 ], [ -80.526988961632142, 37.142114948970658 ], [ -80.527367961032738, 37.139857947767084 ], [ -80.527733960548602, 37.138059946837487 ], [ -80.527845960140937, 37.136389945877021 ], [ -80.529037959544695, 37.134643945340969 ], [ -80.529677959311968, 37.134065945271558 ], [ -80.529614959284331, 37.133899945144258 ], [ -80.529723959257296, 37.133855945165337 ], [ -80.529761959248177, 37.133841945173415 ], [ -80.530647959082231, 37.133719945486561 ], [ -80.532839958844846, 37.134208946734653 ], [ -80.533990958915552, 37.135407947950249 ], [ -80.534583959139596, 37.136943949121509 ], [ -80.535523959182925, 37.137923950109332 ], [ -80.537700959081064, 37.139296951857879 ], [ -80.5419269587765, 37.141710955082203 ], [ -80.544641958618755, 37.143704957397176 ], [ -80.545285958575661, 37.144177957944095 ], [ -80.548836958262797, 37.14655696081369 ], [ -80.550104958040592, 37.146779961473094 ], [ -80.551877957681668, 37.146785962218956 ], [ -80.553641957315818, 37.14672996292564 ], [ -80.554711957066402, 37.146491963238596 ], [ -80.56043795570713, 37.144739964656402 ], [ -80.562175955302337, 37.144149965059604 ], [ -80.562822955138444, 37.143789965132115 ], [ -80.565846954415491, 37.14232396559926 ], [ -80.567731954013425, 37.141771966095703 ], [ -80.56806195394374, 37.141674966182727 ], [ -80.569464953650424, 37.141265966555387 ], [ -80.570887953348162, 37.140736966872581 ], [ -80.573086952888573, 37.139875967343038 ], [ -80.574325952614359, 37.139070967436908 ], [ -80.574461952584727, 37.138982967447696 ], [ -80.574551952565173, 37.13892496745482 ], [ -80.575216952421727, 37.138493967507067 ], [ -80.582595950985095, 37.134190968393696 ], [ -80.583375950846516, 37.13373596849231 ], [ -80.585834950424882, 37.132246968780478 ], [ -80.589656949821546, 37.129934969249078 ], [ -80.592874949362582, 37.127865969598645 ], [ -80.593655949259414, 37.127004969500959 ], [ -80.594569949145693, 37.125846969311283 ], [ -80.595166949075235, 37.125124969206645 ], [ -80.595550949040046, 37.12377696868608 ], [ -80.596094949, 37.121571967799454 ], [ -80.596408948998672, 37.11888896656626 ], [ -80.59625694903076, 37.117538965804776 ], [ -80.596068949068581, 37.115856964855787 ], [ -80.595745949109656, 37.114767964148037 ], [ -80.595072949183887, 37.112906962880317 ], [ -80.594755949213933, 37.112301962421874 ], [ -80.593743949301725, 37.110014960771196 ], [ -80.592819949367396, 37.107798959192529 ], [ -80.591821949420819, 37.105125957336391 ], [ -80.590405949469755, 37.101999955037492 ], [ -80.588947949506291, 37.10015995337853 ], [ -80.587258949539049, 37.098747951825246 ], [ -80.585198949545372, 37.096641949719832 ], [ -80.583510949513908, 37.094511947771693 ], [ -80.581681949441105, 37.091961945521277 ], [ -80.580510949373107, 37.090242944027828 ], [ -80.580468949347392, 37.089661943696939 ], [ -80.580349949339137, 37.089480943541396 ], [ -80.580168949326676, 37.089214943309713 ], [ -80.579966949312407, 37.088918943051382 ], [ -80.579683949288878, 37.088443942657008 ], [ -80.57938494923205, 37.087300941896714 ], [ -80.579207949202655, 37.086734941505455 ], [ -80.579049949144363, 37.085592940814927 ], [ -80.578793949082765, 37.084449940074037 ], [ -80.578629949051802, 37.083905939700053 ], [ -80.578395949018542, 37.083362939291135 ], [ -80.578133948983606, 37.082818938867092 ], [ -80.577930948958439, 37.08244593856444 ], [ -80.577868948943888, 37.082205938404201 ], [ -80.577735948935697, 37.082123938293037 ], [ -80.577537948913431, 37.081819938029625 ], [ -80.577365948899711, 37.081663937858735 ], [ -80.577275948888087, 37.081503937727149 ], [ -80.576865948859975, 37.081231937373289 ], [ -80.575829948767122, 37.080244936315914 ], [ -80.57567794874781, 37.080017936116136 ], [ -80.575808948731009, 37.079664935992028 ], [ -80.575879948715965, 37.079373935871025 ], [ -80.575879948692887, 37.078993935665821 ], [ -80.575659948662334, 37.078638935362029 ], [ -80.575322948642466, 37.078541935137935 ], [ -80.57501394863128, 37.078565934993328 ], [ -80.57456294861332, 37.078574934768397 ], [ -80.573607948561261, 37.078388934180623 ], [ -80.572732948508474, 37.078162933611495 ], [ -80.571264948413614, 37.077743932633631 ], [ -80.569876948305321, 37.077170931610652 ], [ -80.569384948261643, 37.076920931221892 ], [ -80.569333948253941, 37.07685793116125 ], [ -80.56927494824501, 37.076784931090891 ], [ -80.56919194810628, 37.075192930174623 ], [ -80.568886948034134, 37.074540929659761 ], [ -80.567999947956579, 37.074222929027833 ], [ -80.567555947940306, 37.074320928852934 ], [ -80.567174947916016, 37.07428992863948 ], [ -80.5658869478995, 37.074871928297675 ], [ -80.565553947916854, 37.075234928327326 ], [ -80.564818947965335, 37.076106928433163 ], [ -80.563890948058713, 37.07745492870648 ], [ -80.563367948078493, 37.077865928667897 ], [ -80.562761948119018, 37.078487928705208 ], [ -80.562703948133546, 37.078644928763126 ], [ -80.562388948215187, 37.07951192908628 ], [ -80.562135948276648, 37.080157929318354 ], [ -80.561873948353281, 37.080932929618349 ], [ -80.561671948430345, 37.081682929935084 ], [ -80.561288948491836, 37.082328930102861 ], [ -80.560846948512463, 37.082615930040589 ], [ -80.560817948515833, 37.082651930046069 ], [ -80.560090948456818, 37.082312929489319 ], [ -80.559860948396846, 37.081858929118376 ], [ -80.559775948355551, 37.08153092889134 ], [ -80.559703948201744, 37.080252928137334 ], [ -80.559582948103696, 37.079464927633239 ], [ -80.559365947927233, 37.078060926733983 ], [ -80.559299947843229, 37.077384926320299 ], [ -80.559148947776592, 37.076888925964255 ], [ -80.558973947711365, 37.076418925610305 ], [ -80.55889094765773, 37.076010925338203 ], [ -80.558632947437459, 37.074317924252838 ], [ -80.558625947399705, 37.074012924077515 ], [ -80.558599947396132, 37.073995924054536 ], [ -80.558614947112787, 37.071675922756221 ], [ -80.558313946961363, 37.07061092200005 ], [ -80.557985946855695, 37.069946921455013 ], [ -80.55746194677026, 37.069569920969109 ], [ -80.556768946687029, 37.069318920465626 ], [ -80.556292946605652, 37.068966920017942 ], [ -80.556214946527959, 37.068418919666989 ], [ -80.556362946497231, 37.068095919561586 ], [ -80.556499946441392, 37.067583919343555 ], [ -80.55656394643924, 37.06752791934548 ], [ -80.556688946371835, 37.066928919072332 ], [ -80.556664946299122, 37.066382918750911 ], [ -80.556506946240759, 37.066036918472065 ], [ -80.556206946171969, 37.065708918128436 ], [ -80.555498946067232, 37.065386917572816 ], [ -80.555408946058222, 37.065378917520874 ], [ -80.555189946026758, 37.065288917354295 ], [ -80.552926945800053, 37.065105916056361 ], [ -80.55280794577682, 37.065017915943365 ], [ -80.552500945738345, 37.064941915737919 ], [ -80.552179945677196, 37.064719915441628 ], [ -80.551992945661993, 37.064731915349725 ], [ -80.551401945570305, 37.064474914890518 ], [ -80.550579945424289, 37.064006914187523 ], [ -80.550391945375608, 37.063801913970487 ], [ -80.550316945323061, 37.063502913759088 ], [ -80.549775945127067, 37.062564912933396 ], [ -80.548299944738275, 37.061036911268374 ], [ -80.547147944475896, 37.060163910149477 ], [ -80.54675194432204, 37.059487909546661 ], [ -80.546486944117035, 37.058426908790523 ], [ -80.546491944085744, 37.058234908681911 ], [ -80.546610944041873, 37.05788790854487 ], [ -80.54731894407351, 37.057581908748354 ], [ -80.548198944136146, 37.057333909078537 ], [ -80.550227944303259, 37.056871909904821 ], [ -80.550614944302055, 37.056559909934315 ], [ -80.551051944178084, 37.055380909494261 ], [ -80.551989944068765, 37.053836909118409 ], [ -80.552735943989262, 37.052609908822973 ], [ -80.552689943880651, 37.051896908390894 ], [ -80.552445943806276, 37.051612908095656 ], [ -80.551976943708254, 37.051383907708811 ], [ -80.551159943586555, 37.051325907229504 ], [ -80.550609943517301, 37.051371906955602 ], [ -80.550410943488075, 37.051360906840664 ], [ -80.549992943439861, 37.051423906648637 ], [ -80.5491639433248, 37.05142090619438 ], [ -80.548656943249512, 37.05138790589865 ], [ -80.547806943149126, 37.051494905496341 ], [ -80.547200943067509, 37.051506905172559 ], [ -80.546835943018451, 37.051514904977964 ], [ -80.546382942942188, 37.051431904682666 ], [ -80.54530994271903, 37.050991903841478 ], [ -80.544510942489381, 37.050309903008042 ], [ -80.544316942441128, 37.050190902832576 ], [ -80.543899942316827, 37.049820902388731 ], [ -80.543625942234243, 37.049575902095782 ], [ -80.543251942050858, 37.04884790146594 ], [ -80.543266942040134, 37.048774901431599 ], [ -80.543144941966958, 37.048464901183614 ], [ -80.543031941852121, 37.047914900800514 ], [ -80.542931941608217, 37.046633899997481 ], [ -80.542875941588434, 37.046571899930342 ], [ -80.542839941475293, 37.045970899559492 ], [ -80.542666941359485, 37.045477899175815 ], [ -80.542710941328622, 37.045266899076907 ], [ -80.54282294132976, 37.045172899084086 ], [ -80.54321194102188, 37.043087898083023 ], [ -80.543315941028908, 37.043028898106549 ], [ -80.543557940826403, 37.04164989743736 ], [ -80.54346794077037, 37.041420897253495 ], [ -80.543681940704317, 37.04083389703105 ], [ -80.544053940689679, 37.040374896972075 ], [ -80.544835940752932, 37.039933897154107 ], [ -80.545081940783888, 37.039856897247397 ], [ -80.545984940923105, 37.039719897674807 ], [ -80.546723941054054, 37.039706898082258 ], [ -80.546827941063086, 37.039647898106459 ], [ -80.547320941162411, 37.039711898420308 ], [ -80.547439941198007, 37.03979889853742 ], [ -80.547843941279027, 37.039850898794263 ], [ -80.5480529413326, 37.039950898969309 ], [ -80.548799941493002, 37.040118899485265 ], [ -80.549188941615625, 37.0404588998991 ], [ -80.549323941775413, 37.041330900476488 ], [ -80.549320941884062, 37.042031900878094 ], [ -80.549563942121154, 37.043292901738972 ], [ -80.549573942251811, 37.04412590222347 ], [ -80.549799942393861, 37.044806902740447 ], [ -80.550071942483385, 37.045103903061886 ], [ -80.550496942639157, 37.045680903628586 ], [ -80.552822943270044, 37.047506905958166 ], [ -80.552861943282565, 37.047552906005834 ], [ -80.553431943512251, 37.048566906897832 ], [ -80.553781943616784, 37.048942907304252 ], [ -80.553866943648956, 37.04908390743126 ], [ -80.554303943734539, 37.049239907759883 ], [ -80.554509943780673, 37.049356907939462 ], [ -80.555533943981203, 37.049741908719561 ], [ -80.556518944139796, 37.049868909331352 ], [ -80.556859944191302, 37.049887909528856 ], [ -80.55743194427275, 37.049881909838902 ], [ -80.559182944547217, 37.050070910904601 ], [ -80.5602839447305, 37.050291911631497 ], [ -80.560643944798912, 37.050440911912105 ], [ -80.561347944917287, 37.050605912389528 ], [ -80.562110945032586, 37.050674912845409 ], [ -80.562747945119554, 37.050648913179288 ], [ -80.563290945179205, 37.050488913387149 ], [ -80.563883945230089, 37.05016991353429 ], [ -80.565113945260308, 37.048705913396262 ], [ -80.565208945258149, 37.048541913357646 ], [ -80.565536945263773, 37.048100913293716 ], [ -80.56574394524128, 37.047548913102148 ], [ -80.565668945221901, 37.047466913015342 ], [ -80.565642945204416, 37.047327912924167 ], [ -80.565530945097024, 37.046404912351306 ], [ -80.565372945050058, 37.046177912138212 ], [ -80.565079944930503, 37.04543791156599 ], [ -80.564524944753927, 37.04456991077685 ], [ -80.564262944681943, 37.044282910471956 ], [ -80.564246944664347, 37.044136910382029 ], [ -80.564022944602186, 37.04389091012083 ], [ -80.564021944579608, 37.043673909999683 ], [ -80.563721944495626, 37.043345909650455 ], [ -80.563504944452546, 37.043280909493518 ], [ -80.563438944433912, 37.043208909416634 ], [ -80.563244944366431, 37.042878909124859 ], [ -80.563205944352745, 37.042811909065875 ], [ -80.563174944331365, 37.042659908963891 ], [ -80.562903944237945, 37.042216908565983 ], [ -80.562659944129109, 37.041595908083508 ], [ -80.562624944093486, 37.041322907911749 ], [ -80.562499944056825, 37.041185907765396 ], [ -80.56230094396625, 37.04067590736949 ], [ -80.56241994392488, 37.040102907116442 ], [ -80.56258994391456, 37.039726907002162 ], [ -80.563008943798735, 37.037935906239554 ], [ -80.563089943747187, 37.037309905936617 ], [ -80.56312494369115, 37.036720905628357 ], [ -80.563032943580424, 37.035847905089994 ], [ -80.562873943511704, 37.035494904803159 ], [ -80.562686943453087, 37.035289904582797 ], [ -80.562375943372942, 37.035113904308211 ], [ -80.562251943332583, 37.034967904156296 ], [ -80.561922943273146, 37.035016903996947 ], [ -80.561827943252325, 37.034997903932279 ], [ -80.56120894314185, 37.035098903637369 ], [ -80.560433943036642, 37.035505903425552 ], [ -80.559942942984506, 37.035876903355323 ], [ -80.559629942970659, 37.036270903399284 ], [ -80.559133943002749, 37.037327903712836 ], [ -80.558724942976625, 37.037745903717138 ], [ -80.558704942984349, 37.03783990375878 ], [ -80.558354942937981, 37.037993903648143 ], [ -80.558158942906431, 37.038033903560098 ], [ -80.557441942761315, 37.037941903104013 ], [ -80.557067942666862, 37.037748902784053 ], [ -80.556857942599365, 37.037529902541763 ], [ -80.556624942571389, 37.037651902479318 ], [ -80.55638494254282, 37.037777902415222 ] ] ] ] } }
]
}
