{
"type": "FeatureCollection",
"name": "district_10",
"crs": { "type": "name", "properties": { "name": "urn:ogc:def:crs:OGC:1.3:CRS84" } },
"xy_coordinate_resolution": 1e-15,
"features": [
{ "type": "Feature", "properties": { "district": "10" }, "geometry": { "type": "MultiPolygon", "coordinates": [ [ [ [ -77.448718, 38.810009 ], [ -77.448746, 38.809753 ], [ -77.449484, 38.805213 ], [ -77.449509, 38.804899 ], [ -77.449509, 38.804624 ], [ -77.449438, 38.804202 ], [ -77.449314, 38.803836 ], [ -77.449008, 38.803309 ], [ -77.448935, 38.80317 ], [ -77.449042, 38.803087 ], [ -77.449081, 38.803058 ], [ -77.449304, 38.803073 ], [ -77.44967, 38.802852 ], [ -77.45044, 38.802339 ], [ -77.450586, 38.802227 ], [ -77.450713, 38.802059 ], [ -77.450734, 38.801952 ], [ -77.450714, 38.801822 ], [ -77.450606, 38.801582 ], [ -77.450237, 38.801119 ], [ -77.450158, 38.800991 ], [ -77.45008, 38.800812 ], [ -77.450029, 38.800561 ], [ -77.450054, 38.800296 ], [ -77.45013, 38.800082 ], [ -77.450355, 38.799675 ], [ -77.450848, 38.798968 ], [ -77.45099, 38.798727 ], [ -77.451072, 38.798529 ], [ -77.451202, 38.798109 ], [ -77.45132, 38.797646 ], [ -77.451584, 38.797131 ], [ -77.451819, 38.796836 ], [ -77.451942, 38.79664 ], [ -77.452162, 38.796425 ], [ -77.4523, 38.796334 ], [ -77.452425, 38.796273 ], [ -77.452586, 38.796218 ], [ -77.452896, 38.796151 ], [ -77.453649, 38.796101 ], [ -77.454126, 38.796045 ], [ -77.454527, 38.796016 ], [ -77.454994, 38.796026 ], [ -77.455287, 38.796089 ], [ -77.45556, 38.796118 ], [ -77.455718, 38.796125 ], [ -77.456009, 38.796102 ], [ -77.456266, 38.796014 ], [ -77.456593, 38.795862 ], [ -77.456711, 38.795834 ], [ -77.456814, 38.795832 ], [ -77.456905, 38.795866 ], [ -77.456962, 38.795909 ], [ -77.457111, 38.796131 ], [ -77.457265, 38.796277 ], [ -77.457293, 38.796347 ], [ -77.45731, 38.79675 ], [ -77.457335, 38.796839 ], [ -77.457502, 38.796995 ], [ -77.45759, 38.797149 ], [ -77.457569, 38.797288 ], [ -77.457675, 38.797291 ], [ -77.457743, 38.797291 ], [ -77.457802, 38.79729 ], [ -77.457902, 38.797331 ], [ -77.458215, 38.797497 ], [ -77.458618, 38.797654 ], [ -77.458892, 38.797698 ], [ -77.459152, 38.797702 ], [ -77.459444, 38.797664 ], [ -77.459565, 38.797627 ], [ -77.459746, 38.797523 ], [ -77.459934, 38.79735 ], [ -77.459981, 38.797268 ], [ -77.460057, 38.797018 ], [ -77.460146, 38.796837 ], [ -77.46037, 38.796523 ], [ -77.460514, 38.796391 ], [ -77.461097, 38.796022 ], [ -77.46146, 38.795723 ], [ -77.461902, 38.795558 ], [ -77.462086, 38.795514 ], [ -77.46237, 38.795492 ], [ -77.462543, 38.795518 ], [ -77.463016, 38.79565 ], [ -77.463677, 38.795938 ], [ -77.464128, 38.796171 ], [ -77.464537, 38.796342 ], [ -77.464999, 38.796468 ], [ -77.465923, 38.796613 ], [ -77.466075, 38.796623 ], [ -77.466197, 38.796621 ], [ -77.466588, 38.796561 ], [ -77.466845, 38.79656 ], [ -77.467071, 38.796534 ], [ -77.467143, 38.796511 ], [ -77.467358, 38.796387 ], [ -77.46759, 38.796315 ], [ -77.46812, 38.796311 ], [ -77.468234, 38.796299 ], [ -77.46837, 38.796265 ], [ -77.468465, 38.796219 ], [ -77.468569, 38.796134 ], [ -77.468742, 38.795947 ], [ -77.468851, 38.79591 ], [ -77.469081, 38.795913 ], [ -77.469636, 38.795922 ], [ -77.469838, 38.795899 ], [ -77.470037, 38.795803 ], [ -77.470226, 38.795747 ], [ -77.470417, 38.79571 ], [ -77.47053, 38.795739 ], [ -77.470857, 38.795914 ], [ -77.47123, 38.796065 ], [ -77.471414, 38.796168 ], [ -77.471895, 38.796355 ], [ -77.472074, 38.796394 ], [ -77.472343, 38.796427 ], [ -77.472535, 38.796431 ], [ -77.47328, 38.796389 ], [ -77.473601, 38.796392 ], [ -77.473871, 38.796447 ], [ -77.474435, 38.796614 ], [ -77.47473, 38.796787 ], [ -77.475061, 38.797072 ], [ -77.475129, 38.797204 ], [ -77.475274, 38.797313 ], [ -77.475404, 38.797378 ], [ -77.475477, 38.797392 ], [ -77.47557, 38.797364 ], [ -77.475632, 38.797393 ], [ -77.475773, 38.797506 ], [ -77.475914, 38.7977 ], [ -77.475947, 38.797784 ], [ -77.475969, 38.797923 ], [ -77.475911, 38.798772 ], [ -77.475912, 38.798874 ], [ -77.475946, 38.798983 ], [ -77.475995, 38.799065 ], [ -77.476079, 38.799148 ], [ -77.476194, 38.799228 ], [ -77.476314, 38.799283 ], [ -77.476488, 38.799334 ], [ -77.47671, 38.799364 ], [ -77.476831, 38.799366 ], [ -77.477186, 38.799267 ], [ -77.477557, 38.799235 ], [ -77.478358, 38.799129 ], [ -77.478571, 38.799073 ], [ -77.478706, 38.799068 ], [ -77.479308, 38.799112 ], [ -77.479445, 38.799097 ], [ -77.47964, 38.799052 ], [ -77.479814, 38.798968 ], [ -77.479905, 38.798896 ], [ -77.480001, 38.798765 ], [ -77.480325, 38.798138 ], [ -77.480369, 38.798019 ], [ -77.480384, 38.797879 ], [ -77.480367, 38.797616 ], [ -77.480257, 38.797337 ], [ -77.480208, 38.797106 ], [ -77.480241, 38.796946 ], [ -77.480347, 38.796705 ], [ -77.480429, 38.796569 ], [ -77.48049, 38.796523 ], [ -77.480563, 38.7965 ], [ -77.480638, 38.796484 ], [ -77.480842, 38.796482 ], [ -77.481163, 38.796516 ], [ -77.481724, 38.796687 ], [ -77.482361, 38.796815 ], [ -77.482739, 38.797034 ], [ -77.482879, 38.79709 ], [ -77.483297, 38.797156 ], [ -77.483565, 38.797138 ], [ -77.484183, 38.797023 ], [ -77.484424, 38.797023 ], [ -77.484647, 38.797067 ], [ -77.48475, 38.797106 ], [ -77.484839, 38.797114 ], [ -77.484955, 38.797096 ], [ -77.485581, 38.796719 ], [ -77.485775, 38.796636 ], [ -77.486036, 38.796601 ], [ -77.486308, 38.796544 ], [ -77.486598, 38.796508 ], [ -77.486969, 38.796547 ], [ -77.487378, 38.796667 ], [ -77.487904, 38.79688 ], [ -77.487977, 38.796892 ], [ -77.488347, 38.796856 ], [ -77.488493, 38.796861 ], [ -77.488621, 38.796885 ], [ -77.488931, 38.796996 ], [ -77.489841, 38.797245 ], [ -77.490029, 38.79728 ], [ -77.490372, 38.797397 ], [ -77.490937, 38.797492 ], [ -77.491277, 38.797515 ], [ -77.491526, 38.797581 ], [ -77.491725, 38.797607 ], [ -77.492757, 38.797663 ], [ -77.492939, 38.79772 ], [ -77.49306, 38.797805 ], [ -77.493249, 38.798044 ], [ -77.493351, 38.798116 ], [ -77.493482, 38.798135 ], [ -77.493724, 38.798071 ], [ -77.493789, 38.79807 ], [ -77.493852, 38.798083 ], [ -77.493972, 38.798153 ], [ -77.494187, 38.79839 ], [ -77.494274, 38.798515 ], [ -77.494348, 38.798721 ], [ -77.494359, 38.798917 ], [ -77.494485, 38.798884 ], [ -77.494556, 38.799091 ], [ -77.494626, 38.799803 ], [ -77.494443, 38.800275 ], [ -77.494293, 38.800508 ], [ -77.493841, 38.801131 ], [ -77.492768, 38.802301 ], [ -77.492347, 38.802878 ], [ -77.491867, 38.803266 ], [ -77.490537, 38.804935 ], [ -77.490204, 38.805553 ], [ -77.48993, 38.805924 ], [ -77.489677, 38.807671 ], [ -77.489444, 38.808269 ], [ -77.489386, 38.808663 ], [ -77.489517, 38.808985 ], [ -77.489738, 38.809157 ], [ -77.490164, 38.810012 ], [ -77.491408, 38.809499 ], [ -77.508249, 38.802874 ], [ -77.509283, 38.802511 ], [ -77.509757, 38.802371 ], [ -77.510728, 38.802133 ], [ -77.511242, 38.802033 ], [ -77.512257, 38.801883 ], [ -77.51275, 38.801833 ], [ -77.519676, 38.801368 ], [ -77.519913, 38.801352 ], [ -77.548972, 38.799361 ], [ -77.562842, 38.798413 ], [ -77.572027, 38.797783 ], [ -77.575389, 38.797551 ], [ -77.576744, 38.797478 ], [ -77.578347, 38.797433 ], [ -77.580345, 38.797456 ], [ -77.581668, 38.79745 ], [ -77.58284, 38.797521 ], [ -77.585483, 38.797815 ], [ -77.585993, 38.797873 ], [ -77.586302, 38.797928 ], [ -77.587783, 38.798113 ], [ -77.588326, 38.798198 ], [ -77.589725, 38.798381 ], [ -77.591166, 38.798633 ], [ -77.597448, 38.799443 ], [ -77.598733, 38.799632 ], [ -77.599184, 38.799722 ], [ -77.601614, 38.799071 ], [ -77.603672, 38.798554 ], [ -77.609293, 38.797049 ], [ -77.612566, 38.796166 ], [ -77.612831, 38.79648 ], [ -77.613226, 38.796859 ], [ -77.614024, 38.796893 ], [ -77.614127, 38.796897 ], [ -77.614168, 38.796898 ], [ -77.61427, 38.796902 ], [ -77.616896, 38.797013 ], [ -77.617169, 38.797032 ], [ -77.617631, 38.797091 ], [ -77.618261, 38.797205 ], [ -77.618795, 38.797341 ], [ -77.619115, 38.79745 ], [ -77.61978, 38.79772 ], [ -77.620149, 38.797899 ], [ -77.620504, 38.798096 ], [ -77.620795, 38.79829 ], [ -77.621222, 38.798623 ], [ -77.621492, 38.798857 ], [ -77.621634, 38.799009 ], [ -77.621914, 38.799392 ], [ -77.622072, 38.799703 ], [ -77.622521, 38.800848 ], [ -77.622785, 38.801296 ], [ -77.623014, 38.801605 ], [ -77.623292, 38.801899 ], [ -77.62372, 38.802259 ], [ -77.624183, 38.802589 ], [ -77.624492, 38.802751 ], [ -77.624972, 38.802964 ], [ -77.625676, 38.803196 ], [ -77.626979, 38.803487 ], [ -77.629814, 38.804049 ], [ -77.63034, 38.80417 ], [ -77.630977, 38.80435 ], [ -77.631924, 38.804669 ], [ -77.632656, 38.804975 ], [ -77.633188, 38.80523 ], [ -77.633402, 38.805009 ], [ -77.633511, 38.8049 ], [ -77.638442, 38.807453 ], [ -77.638837, 38.807659 ], [ -77.646564, 38.811661 ], [ -77.645106, 38.813172 ], [ -77.645046, 38.813235 ], [ -77.645923, 38.813426 ], [ -77.646211, 38.813474 ], [ -77.646748, 38.813542 ], [ -77.651243, 38.813698 ], [ -77.654552, 38.813857 ], [ -77.655326, 38.813936 ], [ -77.655957, 38.814029 ], [ -77.656699, 38.814195 ], [ -77.657099, 38.814326 ], [ -77.657821, 38.814704 ], [ -77.658476, 38.814938 ], [ -77.659128, 38.815111 ], [ -77.659366, 38.815191 ], [ -77.659723, 38.815244 ], [ -77.663011, 38.815846 ], [ -77.665243, 38.816218 ], [ -77.666414, 38.816438 ], [ -77.667006, 38.816521 ], [ -77.667577, 38.816632 ], [ -77.669095, 38.81698 ], [ -77.66981, 38.817177 ], [ -77.670798, 38.817482 ], [ -77.671496, 38.817739 ], [ -77.673361, 38.818555 ], [ -77.673866, 38.81881 ], [ -77.677326, 38.820637 ], [ -77.677524, 38.820718 ], [ -77.678208, 38.821059 ], [ -77.679168, 38.821573 ], [ -77.678835, 38.821565 ], [ -77.675407, 38.821515 ], [ -77.658026, 38.821249 ], [ -77.658017, 38.821524 ], [ -77.653739, 38.821448 ], [ -77.65302, 38.821426 ], [ -77.652187, 38.821373 ], [ -77.65153, 38.82132 ], [ -77.650236, 38.821179 ], [ -77.648944, 38.82099 ], [ -77.64822, 38.820862 ], [ -77.646518, 38.820494 ], [ -77.645392, 38.820196 ], [ -77.644615, 38.819966 ], [ -77.64394, 38.819748 ], [ -77.643276, 38.81952 ], [ -77.641849, 38.818965 ], [ -77.641259, 38.818713 ], [ -77.640236, 38.818238 ], [ -77.639029, 38.819473 ], [ -77.638671, 38.819267 ], [ -77.638312, 38.819084 ], [ -77.637387, 38.819712 ], [ -77.636295, 38.820506 ], [ -77.635726, 38.821106 ], [ -77.635528, 38.821326 ], [ -77.635135, 38.821846 ], [ -77.634733, 38.822445 ], [ -77.634532, 38.822785 ], [ -77.634498, 38.822847 ], [ -77.634162, 38.823531 ], [ -77.633869, 38.82429 ], [ -77.633784, 38.824566 ], [ -77.633664, 38.825053 ], [ -77.633572, 38.825536 ], [ -77.633565, 38.825995 ], [ -77.633475, 38.826958 ], [ -77.633326, 38.828656 ], [ -77.633149, 38.830096 ], [ -77.633135, 38.830477 ], [ -77.633002, 38.831284 ], [ -77.632903, 38.832394 ], [ -77.632864, 38.832916 ], [ -77.632877, 38.833484 ], [ -77.632972, 38.834061 ], [ -77.633147, 38.834616 ], [ -77.633897, 38.836239 ], [ -77.634027, 38.836524 ], [ -77.635089, 38.838890999999883 ], [ -77.635332, 38.839462 ], [ -77.635473, 38.83987 ], [ -77.635634, 38.840478 ], [ -77.635882, 38.84176 ], [ -77.636262, 38.843563 ], [ -77.636306, 38.843781 ], [ -77.636723, 38.845742 ], [ -77.637114, 38.847579 ], [ -77.637362, 38.848504 ], [ -77.637731, 38.849533 ], [ -77.637964, 38.849378 ], [ -77.638019, 38.849366 ], [ -77.638097, 38.849386 ], [ -77.638229, 38.849526 ], [ -77.638342, 38.849557 ], [ -77.638483, 38.849564 ], [ -77.638605, 38.84943 ], [ -77.63877, 38.849531 ], [ -77.638932, 38.849554 ], [ -77.639086, 38.849529 ], [ -77.638975, 38.849394 ], [ -77.638988, 38.84935 ], [ -77.639051, 38.849343 ], [ -77.639304, 38.849365 ], [ -77.63994, 38.849455 ], [ -77.640415, 38.849576 ], [ -77.640653, 38.849735 ], [ -77.640815, 38.84994 ], [ -77.641008, 38.85004 ], [ -77.641236, 38.850134 ], [ -77.641605, 38.850406 ], [ -77.641705, 38.850453 ], [ -77.641971, 38.850441 ], [ -77.642217, 38.850452 ], [ -77.64299, 38.850643 ], [ -77.643336, 38.850707 ], [ -77.643448, 38.850682 ], [ -77.643543, 38.850609 ], [ -77.643707, 38.850281 ], [ -77.643809, 38.850004 ], [ -77.643946, 38.849726 ], [ -77.64431, 38.849487 ], [ -77.644575, 38.84946 ], [ -77.645012, 38.849477 ], [ -77.645352, 38.849557 ], [ -77.645707, 38.84967 ], [ -77.646047, 38.849756 ], [ -77.64628, 38.849789 ], [ -77.646589, 38.849771 ], [ -77.646884, 38.849775 ], [ -77.64706, 38.849799 ], [ -77.647446, 38.84996 ], [ -77.647623, 38.850017 ], [ -77.648322, 38.850105 ], [ -77.648598, 38.85017 ], [ -77.648959, 38.850233 ], [ -77.649329, 38.850549 ], [ -77.649639, 38.850767 ], [ -77.649843, 38.850795 ], [ -77.649991, 38.850798 ], [ -77.650083, 38.85101 ], [ -77.650148, 38.851058 ], [ -77.650411, 38.851129 ], [ -77.650555, 38.851241 ], [ -77.650623, 38.851349 ], [ -77.650746, 38.851659 ], [ -77.650866, 38.851854 ], [ -77.651179, 38.851968 ], [ -77.651181, 38.852204 ], [ -77.651246, 38.852241 ], [ -77.651466, 38.852302 ], [ -77.651638, 38.852408 ], [ -77.651968, 38.852406 ], [ -77.652006, 38.852482 ], [ -77.651988, 38.85257 ], [ -77.651983, 38.852801 ], [ -77.652035, 38.852893 ], [ -77.652179, 38.852978 ], [ -77.652865, 38.853099 ], [ -77.653072, 38.853199 ], [ -77.653231, 38.853311 ], [ -77.653326, 38.853407 ], [ -77.653326, 38.853605 ], [ -77.653354, 38.853775 ], [ -77.653624, 38.854043 ], [ -77.653756, 38.854299 ], [ -77.653829, 38.854467 ], [ -77.653974, 38.854585 ], [ -77.654197, 38.854722 ], [ -77.654404, 38.854822 ], [ -77.654522, 38.854781 ], [ -77.654666, 38.854684 ], [ -77.654822, 38.854549 ], [ -77.655169, 38.854629 ], [ -77.655295, 38.854615 ], [ -77.65541, 38.854475 ], [ -77.655584, 38.854449 ], [ -77.655797, 38.854516 ], [ -77.655924, 38.854518 ], [ -77.656119, 38.854464 ], [ -77.656328, 38.854427 ], [ -77.656496, 38.854423 ], [ -77.656807, 38.854268 ], [ -77.656854, 38.854222 ], [ -77.657189, 38.854176 ], [ -77.657688, 38.854171 ], [ -77.658492, 38.854251 ], [ -77.659085, 38.85415 ], [ -77.659221, 38.854218 ], [ -77.65949, 38.854272 ], [ -77.659742, 38.85425 ], [ -77.660282, 38.854232 ], [ -77.66072, 38.854305 ], [ -77.660963, 38.854211 ], [ -77.661138, 38.854213 ], [ -77.661414, 38.854272 ], [ -77.661576, 38.854269 ], [ -77.661605, 38.85429 ], [ -77.661621, 38.854345 ], [ -77.661548, 38.854456 ], [ -77.661629, 38.854756 ], [ -77.661626, 38.854855 ], [ -77.661453, 38.855106 ], [ -77.661449, 38.855205 ], [ -77.661481, 38.855292 ], [ -77.661351, 38.855383 ], [ -77.661374, 38.855443 ], [ -77.661439, 38.855491 ], [ -77.661412, 38.855536 ], [ -77.661337, 38.855598 ], [ -77.661186, 38.855876 ], [ -77.661021, 38.855951 ], [ -77.661009, 38.856006 ], [ -77.661069, 38.856115 ], [ -77.661206, 38.856227 ], [ -77.660799, 38.856406 ], [ -77.66069, 38.856502 ], [ -77.660638, 38.85663 ], [ -77.660603, 38.856812 ], [ -77.660658, 38.856959 ], [ -77.660798, 38.857137 ], [ -77.660848, 38.857169 ], [ -77.660907, 38.85725 ], [ -77.660994, 38.857325 ], [ -77.661147, 38.857266 ], [ -77.661238, 38.857253 ], [ -77.661359, 38.857311 ], [ -77.661701, 38.857632 ], [ -77.661828, 38.857827 ], [ -77.662229, 38.858032 ], [ -77.662345, 38.858129 ], [ -77.662527, 38.858476 ], [ -77.662954, 38.859015 ], [ -77.663155, 38.859318 ], [ -77.663362, 38.859533 ], [ -77.663782, 38.859925 ], [ -77.663858, 38.860093 ], [ -77.664204, 38.860118 ], [ -77.664247, 38.860161 ], [ -77.664323, 38.860308 ], [ -77.664381, 38.86035 ], [ -77.664648, 38.860361 ], [ -77.664777, 38.860424 ], [ -77.664936, 38.860557 ], [ -77.664939, 38.860623 ], [ -77.664826, 38.860796 ], [ -77.664869, 38.860828 ], [ -77.665056, 38.860747 ], [ -77.665105, 38.860746 ], [ -77.665161, 38.86092 ], [ -77.665238, 38.860935 ], [ -77.665498, 38.860935 ], [ -77.665794, 38.860961 ], [ -77.665954, 38.861089 ], [ -77.666117, 38.861124 ], [ -77.66624, 38.861225 ], [ -77.666324, 38.861415 ], [ -77.666433, 38.861512 ], [ -77.66648, 38.861632 ], [ -77.666608, 38.861859 ], [ -77.666659, 38.861913 ], [ -77.66678, 38.861949 ], [ -77.666837, 38.861986 ], [ -77.666908, 38.862103 ], [ -77.664425, 38.862671 ], [ -77.661321, 38.863419 ], [ -77.659767, 38.863825 ], [ -77.66008, 38.864491 ], [ -77.660215, 38.864842 ], [ -77.660298, 38.865202 ], [ -77.660326, 38.865579 ], [ -77.660325, 38.865867 ], [ -77.660256, 38.868378 ], [ -77.660252, 38.86867 ], [ -77.66027, 38.868805 ], [ -77.660363, 38.869067 ], [ -77.660425, 38.869162 ], [ -77.660719, 38.869512 ], [ -77.660863, 38.869606 ], [ -77.661728, 38.869913 ], [ -77.662171, 38.870012 ], [ -77.662615, 38.870053 ], [ -77.662855, 38.870059 ], [ -77.664958, 38.869999 ], [ -77.664942, 38.869668 ], [ -77.665318, 38.869637 ], [ -77.666632, 38.869451 ], [ -77.670269, 38.86886 ], [ -77.670503, 38.868774 ], [ -77.670726, 38.868633 ], [ -77.671642, 38.867716 ], [ -77.671429, 38.867561 ], [ -77.671111, 38.867412 ], [ -77.670981, 38.867375 ], [ -77.670753, 38.867358 ], [ -77.670527, 38.867392 ], [ -77.670393, 38.867432 ], [ -77.67, 38.867603 ], [ -77.669828, 38.867654 ], [ -77.669497, 38.867712 ], [ -77.669413, 38.867372 ], [ -77.669406, 38.86712 ], [ -77.669526, 38.866562 ], [ -77.669655, 38.866325 ], [ -77.669744, 38.866217 ], [ -77.670747, 38.865245 ], [ -77.670913, 38.865114 ], [ -77.671033, 38.865046 ], [ -77.67127, 38.864956 ], [ -77.671553, 38.864908 ], [ -77.671831, 38.864919 ], [ -77.671988, 38.864952 ], [ -77.672136, 38.865004 ], [ -77.672301, 38.865087 ], [ -77.672607, 38.86527 ], [ -77.673154, 38.865631 ], [ -77.673335, 38.865813 ], [ -77.673439, 38.865966 ], [ -77.673624, 38.865934 ], [ -77.674067, 38.865932 ], [ -77.674294, 38.865893 ], [ -77.674494, 38.8658 ], [ -77.674736, 38.865613 ], [ -77.674992, 38.865763 ], [ -77.675665, 38.866221 ], [ -77.676053, 38.866553 ], [ -77.676694, 38.867229 ], [ -77.677857, 38.868548 ], [ -77.677975, 38.868644 ], [ -77.678073, 38.868701 ], [ -77.678296, 38.868777 ], [ -77.679688, 38.868934 ], [ -77.680001, 38.868984 ], [ -77.680733, 38.869242 ], [ -77.681232, 38.869363 ], [ -77.681417, 38.869383 ], [ -77.681754, 38.869382 ], [ -77.68194, 38.869361 ], [ -77.682313, 38.869289 ], [ -77.682439, 38.869298 ], [ -77.682525, 38.869322 ], [ -77.68282, 38.869549 ], [ -77.683364, 38.869785 ], [ -77.683496, 38.869914 ], [ -77.683759, 38.870218 ], [ -77.683779, 38.870593 ], [ -77.683741, 38.870851 ], [ -77.683304, 38.872067 ], [ -77.683029, 38.8728 ], [ -77.682951, 38.872968 ], [ -77.682647, 38.873443 ], [ -77.68241, 38.873774 ], [ -77.681861, 38.874468 ], [ -77.681517, 38.874913 ], [ -77.679743, 38.877635 ], [ -77.679163, 38.878403 ], [ -77.679076, 38.878491 ], [ -77.678954, 38.878584 ], [ -77.678716, 38.878705 ], [ -77.677314, 38.87925 ], [ -77.677005, 38.879308 ], [ -77.676445, 38.879337 ], [ -77.675727, 38.879401 ], [ -77.675691, 38.879479 ], [ -77.675387, 38.879784 ], [ -77.6746, 38.880643 ], [ -77.673696, 38.881516 ], [ -77.673587, 38.881583 ], [ -77.673392, 38.881667 ], [ -77.672708, 38.881822 ], [ -77.671233, 38.882217 ], [ -77.67105, 38.882305 ], [ -77.670905, 38.882451 ], [ -77.670232, 38.883772 ], [ -77.668569, 38.883272 ], [ -77.668449, 38.883223 ], [ -77.668338, 38.883161 ], [ -77.66817, 38.883022 ], [ -77.667348, 38.882149 ], [ -77.667196, 38.882019 ], [ -77.667121, 38.881965 ], [ -77.666899, 38.881861 ], [ -77.666623, 38.881797 ], [ -77.666283, 38.881795 ], [ -77.665919, 38.88186 ], [ -77.665514, 38.882069 ], [ -77.665042, 38.882385 ], [ -77.664913, 38.882452 ], [ -77.664629, 38.88255 ], [ -77.664415, 38.882584 ], [ -77.664128, 38.882563 ], [ -77.663852, 38.882498 ], [ -77.66129, 38.881644 ], [ -77.660652, 38.881461 ], [ -77.660271, 38.881405 ], [ -77.659919, 38.881414 ], [ -77.659702, 38.881445 ], [ -77.659093, 38.88159 ], [ -77.658762, 38.881636 ], [ -77.656084, 38.881566 ], [ -77.655806, 38.881588 ], [ -77.655602, 38.881628 ], [ -77.655343, 38.88171 ], [ -77.654128, 38.882312 ], [ -77.654028, 38.882345 ], [ -77.653736, 38.88239 ], [ -77.653329, 38.882361 ], [ -77.653248, 38.882328 ], [ -77.65319, 38.88225 ], [ -77.653231, 38.881124 ], [ -77.65328, 38.880576 ], [ -77.652981, 38.880585 ], [ -77.652884, 38.880626 ], [ -77.6529, 38.880664 ], [ -77.65287, 38.880807 ], [ -77.652707, 38.880959 ], [ -77.652273, 38.881007 ], [ -77.652057, 38.881062 ], [ -77.651685, 38.881246 ], [ -77.651604, 38.88133 ], [ -77.651419, 38.881653 ], [ -77.65133, 38.881721 ], [ -77.650989, 38.88163 ], [ -77.650922, 38.881895 ], [ -77.650799, 38.881997 ], [ -77.650566, 38.882145 ], [ -77.65041, 38.882302 ], [ -77.650348, 38.882336 ], [ -77.649931, 38.882274 ], [ -77.649819, 38.882277 ], [ -77.649749, 38.882295 ], [ -77.649669, 38.882401 ], [ -77.649613, 38.882419 ], [ -77.649536, 38.88241 ], [ -77.649372, 38.882358 ], [ -77.649283, 38.882404 ], [ -77.649137, 38.882633 ], [ -77.64901, 38.88263 ], [ -77.648833, 38.88259 ], [ -77.648492, 38.882681 ], [ -77.648347, 38.882755 ], [ -77.648237, 38.882818 ], [ -77.648095, 38.882975 ], [ -77.648079, 38.883283 ], [ -77.648019, 38.883372 ], [ -77.647914, 38.883391 ], [ -77.647844, 38.883387 ], [ -77.647659, 38.883342 ], [ -77.647462, 38.883341 ], [ -77.647289, 38.883389 ], [ -77.647151, 38.883458 ], [ -77.646835, 38.883663 ], [ -77.646762, 38.88378 ], [ -77.646731, 38.883901 ], [ -77.646628, 38.884134 ], [ -77.646532, 38.884219 ], [ -77.646272, 38.88439 ], [ -77.646078, 38.884465 ], [ -77.645917, 38.884496 ], [ -77.645602, 38.884509 ], [ -77.645467, 38.884474 ], [ -77.64529, 38.884456 ], [ -77.645152, 38.884519 ], [ -77.644934, 38.884689 ], [ -77.644629, 38.885003 ], [ -77.6445, 38.885111 ], [ -77.64444, 38.8852 ], [ -77.644205, 38.885326 ], [ -77.643927, 38.885387 ], [ -77.643788, 38.885451 ], [ -77.643707, 38.885524 ], [ -77.643641, 38.885646 ], [ -77.64366, 38.885976 ], [ -77.643707, 38.886106 ], [ -77.643715, 38.886309 ], [ -77.643587, 38.886834 ], [ -77.643611, 38.88691 ], [ -77.643625, 38.887113 ], [ -77.643565, 38.887197 ], [ -77.643504, 38.887259 ], [ -77.643215, 38.887419 ], [ -77.643055, 38.887461 ], [ -77.642544, 38.887522 ], [ -77.642361, 38.88751 ], [ -77.642414, 38.887602 ], [ -77.642545, 38.88772 ], [ -77.642816, 38.887851 ], [ -77.643008, 38.887913 ], [ -77.643298, 38.887955 ], [ -77.643551, 38.887955 ], [ -77.644181, 38.887886 ], [ -77.644343, 38.887888 ], [ -77.644605, 38.887953 ], [ -77.644864, 38.888107 ], [ -77.645203, 38.888154 ], [ -77.645407, 38.88816 ], [ -77.645556, 38.888195 ], [ -77.645848, 38.888304 ], [ -77.645948, 38.888388 ], [ -77.64625, 38.888177 ], [ -77.648096, 38.887742 ], [ -77.648557, 38.887646 ], [ -77.648832, 38.887637 ], [ -77.64925, 38.887736 ], [ -77.649823, 38.887828 ], [ -77.650159, 38.887916 ], [ -77.650415, 38.888131 ], [ -77.651224, 38.889349 ], [ -77.651413, 38.889546 ], [ -77.651703, 38.889693 ], [ -77.652042, 38.889749 ], [ -77.653067, 38.88977 ], [ -77.653191, 38.889868 ], [ -77.653314, 38.88979 ], [ -77.653482, 38.889753 ], [ -77.655819, 38.889801 ], [ -77.656192, 38.889816 ], [ -77.656522, 38.889859 ], [ -77.656841, 38.889949 ], [ -77.657182, 38.890101 ], [ -77.657367, 38.890216 ], [ -77.65777, 38.890522 ], [ -77.658031, 38.890671 ], [ -77.658211, 38.890748 ], [ -77.65855, 38.890868 ], [ -77.6589, 38.89097 ], [ -77.659364, 38.89107 ], [ -77.659622, 38.891105 ], [ -77.660933, 38.891204 ], [ -77.661657, 38.891316 ], [ -77.663063, 38.891604 ], [ -77.663513, 38.891629 ], [ -77.664044, 38.891604 ], [ -77.665652, 38.891292 ], [ -77.666158, 38.891208 ], [ -77.667099, 38.891088 ], [ -77.667173, 38.891477 ], [ -77.667215, 38.891953 ], [ -77.667178, 38.892388 ], [ -77.667132, 38.892603 ], [ -77.667073, 38.892762 ], [ -77.666961, 38.892978 ], [ -77.666768, 38.893278 ], [ -77.666664, 38.893409 ], [ -77.666464, 38.893596 ], [ -77.666232, 38.89374 ], [ -77.665589, 38.89403 ], [ -77.665164, 38.894267 ], [ -77.664836, 38.894511 ], [ -77.664605, 38.894757 ], [ -77.664392, 38.895088 ], [ -77.664228, 38.895382 ], [ -77.664007, 38.895844 ], [ -77.663807, 38.896362 ], [ -77.663572, 38.897078 ], [ -77.663348, 38.898 ], [ -77.663297, 38.898123 ], [ -77.663136, 38.898332 ], [ -77.662884, 38.898518 ], [ -77.662533, 38.898701 ], [ -77.662147, 38.898833 ], [ -77.661445, 38.899009 ], [ -77.661298, 38.89906 ], [ -77.661054, 38.899183 ], [ -77.660933, 38.899266 ], [ -77.660646, 38.899513 ], [ -77.660373, 38.899777 ], [ -77.660162, 38.900007 ], [ -77.659716, 38.900592 ], [ -77.659557, 38.90089 ], [ -77.659185, 38.902106 ], [ -77.658578, 38.903928 ], [ -77.655497, 38.903534 ], [ -77.653408, 38.903287 ], [ -77.653382, 38.903236 ], [ -77.653371, 38.903132 ], [ -77.652973, 38.902812 ], [ -77.652722, 38.90268 ], [ -77.652266, 38.902515 ], [ -77.652178, 38.902434 ], [ -77.652053, 38.902267 ], [ -77.651965, 38.901808 ], [ -77.651895, 38.901606 ], [ -77.651805, 38.901454 ], [ -77.651622, 38.901266 ], [ -77.651455, 38.901122 ], [ -77.651261, 38.901016 ], [ -77.651154, 38.900964 ], [ -77.650694, 38.900897 ], [ -77.650081, 38.900834 ], [ -77.648741, 38.900728 ], [ -77.64855, 38.900693 ], [ -77.648403, 38.900639 ], [ -77.64824, 38.900837 ], [ -77.64798, 38.901323 ], [ -77.647839, 38.901795 ], [ -77.647668, 38.902609 ], [ -77.647466, 38.903618 ], [ -77.647412, 38.904419 ], [ -77.647341, 38.904883 ], [ -77.647217, 38.905472 ], [ -77.647211, 38.905643 ], [ -77.647247, 38.906171 ], [ -77.649635, 38.9068 ], [ -77.650355, 38.906975 ], [ -77.650528, 38.907028 ], [ -77.650717, 38.907115 ], [ -77.650782, 38.907199 ], [ -77.650831, 38.907233 ], [ -77.652583, 38.907881 ], [ -77.653982, 38.90838 ], [ -77.654244, 38.908434 ], [ -77.654606, 38.908469 ], [ -77.655366, 38.908682 ], [ -77.655805, 38.908683 ], [ -77.65661, 38.908769 ], [ -77.657167, 38.908965 ], [ -77.657245, 38.908975 ], [ -77.657399, 38.908954 ], [ -77.657812, 38.908788 ], [ -77.658108, 38.908644 ], [ -77.658254, 38.908527 ], [ -77.658506, 38.908391 ], [ -77.658782, 38.908308 ], [ -77.659148, 38.908269 ], [ -77.65909, 38.908632 ], [ -77.659011, 38.908934 ], [ -77.658788, 38.909466 ], [ -77.658559, 38.909877 ], [ -77.658056, 38.910584 ], [ -77.657819, 38.910982 ], [ -77.657593, 38.91151 ], [ -77.657291, 38.912504 ], [ -77.657094, 38.913074 ], [ -77.656892, 38.913473 ], [ -77.656516, 38.914014 ], [ -77.65628, 38.91446 ], [ -77.656211, 38.914653 ], [ -77.655931, 38.915693 ], [ -77.655462, 38.916619 ], [ -77.655266, 38.917048 ], [ -77.655109, 38.917425 ], [ -77.654993, 38.917709 ], [ -77.654802, 38.918275 ], [ -77.654708, 38.918653 ], [ -77.654435, 38.919528 ], [ -77.654242, 38.920275 ], [ -77.6541, 38.920627 ], [ -77.653842, 38.921177 ], [ -77.653364, 38.922105 ], [ -77.652551, 38.923419 ], [ -77.652322, 38.923823 ], [ -77.652238, 38.924019 ], [ -77.651908, 38.924975 ], [ -77.651762, 38.925192 ], [ -77.651319, 38.925651 ], [ -77.651218, 38.925785 ], [ -77.650972, 38.926344 ], [ -77.650872, 38.92651 ], [ -77.650648, 38.926805 ], [ -77.650486, 38.926945 ], [ -77.650381, 38.927007 ], [ -77.650266, 38.927058 ], [ -77.650095, 38.927109 ], [ -77.650078, 38.927213 ], [ -77.650097, 38.927526 ], [ -77.650205, 38.92777 ], [ -77.650147, 38.927936 ], [ -77.650124, 38.928069 ], [ -77.650151, 38.928211 ], [ -77.650539, 38.928641 ], [ -77.650761, 38.928735 ], [ -77.650941, 38.928857 ], [ -77.651116, 38.929211 ], [ -77.651217, 38.929291 ], [ -77.651332, 38.929343 ], [ -77.651412, 38.929418 ], [ -77.651619, 38.929512 ], [ -77.651888, 38.929555 ], [ -77.651995, 38.929591 ], [ -77.652103, 38.929655 ], [ -77.652254, 38.929943 ], [ -77.65237, 38.930017 ], [ -77.652619, 38.930121 ], [ -77.653245, 38.930491 ], [ -77.653642, 38.930779 ], [ -77.653757, 38.930825 ], [ -77.654083, 38.930906 ], [ -77.6546, 38.930999 ], [ -77.660864, 38.931715 ], [ -77.660735, 38.93193 ], [ -77.660658, 38.932262 ], [ -77.660456, 38.932593 ], [ -77.66024, 38.933033 ], [ -77.660158, 38.933241 ], [ -77.659932, 38.933594 ], [ -77.659702, 38.933835 ], [ -77.659596, 38.933916 ], [ -77.659319, 38.934052 ], [ -77.658882, 38.934168 ], [ -77.658271, 38.934295 ], [ -77.658078, 38.934361 ], [ -77.657853, 38.934492 ], [ -77.657622, 38.934724 ], [ -77.657534, 38.935028 ], [ -77.657551, 38.935246 ], [ -77.657631, 38.935448 ], [ -77.657627, 38.935567 ], [ -77.657558, 38.935772 ], [ -77.657469, 38.935914 ], [ -77.657227, 38.936217 ], [ -77.656959, 38.936532 ], [ -77.656759, 38.936734 ], [ -77.656668, 38.936935 ], [ -77.656649, 38.93717 ], [ -77.656678, 38.937316 ], [ -77.656747, 38.937471 ], [ -77.656878, 38.937655 ], [ -77.656919, 38.937812 ], [ -77.656837, 38.938483 ], [ -77.65682, 38.938889 ], [ -77.656841, 38.939157 ], [ -77.656758, 38.939673 ], [ -77.656425, 38.940282 ], [ -77.656211, 38.940794 ], [ -77.656129, 38.941034 ], [ -77.656036, 38.941192 ], [ -77.655869, 38.941572 ], [ -77.655169, 38.942656 ], [ -77.657581, 38.943231 ], [ -77.662929, 38.944483 ], [ -77.666817, 38.945389 ], [ -77.671858, 38.946562 ], [ -77.67342, 38.946926 ], [ -77.696529, 38.952303 ], [ -77.700271, 38.953173 ], [ -77.707533, 38.954861 ], [ -77.713736, 38.956303 ], [ -77.713804, 38.956317 ], [ -77.723177, 38.958496 ], [ -77.728134, 38.959648 ], [ -77.728978, 38.959843 ], [ -77.731708, 38.960477 ], [ -77.740496, 38.962517 ], [ -77.751976, 38.965181 ], [ -77.760002, 38.967043 ], [ -77.765853, 38.968399 ], [ -77.767179, 38.968707 ], [ -77.76816, 38.968923 ], [ -77.76816, 38.968934 ], [ -77.771195, 38.969638 ], [ -77.774096, 38.97031 ], [ -77.777515, 38.971103 ], [ -77.779, 38.971446 ], [ -77.781187, 38.971952 ], [ -77.784427, 38.972702 ], [ -77.791168, 38.974266 ], [ -77.792417, 38.974555 ], [ -77.792527, 38.97458 ], [ -77.794504, 38.975038 ], [ -77.797225, 38.975667 ], [ -77.820128, 38.980967 ], [ -77.820355, 38.98102 ], [ -77.820462, 38.981045 ], [ -77.822346, 38.981481 ], [ -77.829283, 38.983084 ], [ -77.83073, 38.98342 ], [ -77.830906, 38.98346 ], [ -77.843048, 38.986266 ], [ -77.85063, 38.988018 ], [ -77.866429, 38.991666 ], [ -77.874509, 38.993531 ], [ -77.875471, 38.99374 ], [ -77.87615, 38.993915 ], [ -77.880101, 38.994821 ], [ -77.882133, 38.99529 ], [ -77.882209, 38.995292 ], [ -77.883491, 38.9956 ], [ -77.886415, 38.996262 ], [ -77.886454, 38.996287 ], [ -77.887539, 38.996537 ], [ -77.889451, 38.996978 ], [ -77.913142, 39.002437 ], [ -77.921694, 39.004408 ], [ -77.936678, 39.007858 ], [ -77.947297, 39.01032 ], [ -77.94737, 39.010317 ], [ -77.950588, 39.011058 ], [ -77.962203, 39.013733 ], [ -77.962273, 39.013693 ], [ -77.962501, 39.013557 ], [ -77.962608, 39.013494 ], [ -77.962891, 39.012991 ], [ -77.962917, 39.01297 ], [ -77.964944, 39.009349 ], [ -77.965505, 39.008735 ], [ -77.967753, 39.007438 ], [ -77.969001, 39.006672 ], [ -77.970314, 39.006012 ], [ -77.971718, 39.005597 ], [ -77.972453, 39.005186 ], [ -77.973143, 39.004663 ], [ -77.973584, 39.00402 ], [ -77.974282, 39.003354 ], [ -77.975536, 39.002797 ], [ -77.976685, 39.002551 ], [ -77.97711, 39.002656 ], [ -77.977565, 39.002867 ], [ -77.978138, 39.002949 ], [ -77.980431, 39.002749 ], [ -77.981295, 39.002408 ], [ -77.984616, 39.000157 ], [ -77.98639, 38.999041 ], [ -77.987191, 38.998321 ], [ -77.987568, 38.998132 ], [ -77.988467, 38.997766 ], [ -77.988579, 38.997735 ], [ -77.988691, 38.997668 ], [ -77.988994, 38.997535 ], [ -77.989536, 38.997109 ], [ -77.990275, 38.996493 ], [ -77.990723, 38.99592 ], [ -77.990733, 38.995455 ], [ -77.990218, 38.994592 ], [ -77.989892, 38.993977 ], [ -77.989905, 38.993639 ], [ -77.990185, 38.993322 ], [ -77.991311, 38.99281 ], [ -77.991859, 38.992487 ], [ -77.994433, 38.990105 ], [ -77.995136, 38.989323 ], [ -77.995874, 38.988453 ], [ -77.99642, 38.987769 ], [ -77.996854, 38.987131 ], [ -77.997301, 38.986536 ], [ -77.998119, 38.985879 ], [ -77.998808, 38.985376 ], [ -77.999775, 38.984715 ], [ -77.999949, 38.984656 ], [ -78.000336, 38.984597 ], [ -78.000886, 38.984515 ], [ -78.001204, 38.98434 ], [ -78.001455, 38.984107 ], [ -78.002048, 38.98333 ], [ -78.002098, 38.982737 ], [ -78.00208, 38.982414 ], [ -78.002091, 38.982228 ], [ -78.002204, 38.981745 ], [ -78.002403, 38.981364 ], [ -78.002655, 38.98106 ], [ -78.003172, 38.980629 ], [ -78.00364, 38.980058 ], [ -78.004313, 38.979438 ], [ -78.005471, 38.980279 ], [ -78.02234, 38.992569 ], [ -78.028399, 38.996983 ], [ -78.03613, 39.002616 ], [ -78.041063, 39.006259 ], [ -78.043659, 39.007933 ], [ -78.04358, 39.008016 ], [ -78.042676, 39.008871 ], [ -78.042612, 39.008931 ], [ -78.046112, 39.011718 ], [ -78.046367, 39.011541 ], [ -78.051452, 39.014735 ], [ -78.056009, 39.017596 ], [ -78.056232, 39.017736 ], [ -78.057899, 39.018782 ], [ -78.058276, 39.01902 ], [ -78.058532, 39.019181 ], [ -78.058571, 39.019206 ], [ -78.058701, 39.019196 ], [ -78.062918, 39.01849 ], [ -78.06941, 39.017435 ], [ -78.082484, 39.015292 ], [ -78.08329, 39.015162 ], [ -78.093637, 39.013472 ], [ -78.096942, 39.012932 ], [ -78.096992, 39.012923 ], [ -78.111124, 39.019055 ], [ -78.125981, 39.025473 ], [ -78.134671, 39.029223 ], [ -78.14527, 39.033856 ], [ -78.151247, 39.036468 ], [ -78.151523, 39.036588 ], [ -78.151614, 39.036629 ], [ -78.152219, 39.035639 ], [ -78.152659, 39.034832 ], [ -78.153164, 39.033814 ], [ -78.153184, 39.033728 ], [ -78.153287, 39.033194 ], [ -78.153305, 39.033095 ], [ -78.153496, 39.032044 ], [ -78.153533, 39.031715 ], [ -78.153562, 39.031593 ], [ -78.15359, 39.031549 ], [ -78.153848, 39.031387 ], [ -78.154966, 39.030424 ], [ -78.155368, 39.030108 ], [ -78.155828, 39.029809 ], [ -78.156071, 39.029622 ], [ -78.156286, 39.029396 ], [ -78.156862, 39.028728 ], [ -78.158526, 39.026487 ], [ -78.161536, 39.0227 ], [ -78.161562, 39.022667 ], [ -78.162403, 39.021651 ], [ -78.162647, 39.020909 ], [ -78.162982, 39.019827 ], [ -78.163871, 39.017928 ], [ -78.164229, 39.017904 ], [ -78.167205, 39.017704 ], [ -78.168692, 39.017603 ], [ -78.169343, 39.017561 ], [ -78.170476, 39.017491 ], [ -78.176901, 39.01709 ], [ -78.183228, 39.019364 ], [ -78.185596, 39.020181 ], [ -78.185728, 39.019977 ], [ -78.186468, 39.0187 ], [ -78.186481, 39.018647 ], [ -78.186453, 39.018586 ], [ -78.186415, 39.018564 ], [ -78.185556, 39.018255 ], [ -78.185452, 39.018183 ], [ -78.18541, 39.018102 ], [ -78.185425, 39.018002 ], [ -78.185619, 39.017694 ], [ -78.185935, 39.016826 ], [ -78.185939, 39.016678 ], [ -78.185885, 39.016588 ], [ -78.18583, 39.016544 ], [ -78.191492, 39.016201 ], [ -78.204183, 39.015395 ], [ -78.208794, 39.015052 ], [ -78.209295, 39.015012 ], [ -78.214582, 39.01464 ], [ -78.219558, 39.014277 ], [ -78.22018, 39.01423 ], [ -78.222465, 39.014062 ], [ -78.230966, 39.013428 ], [ -78.241804, 39.012668 ], [ -78.255551, 39.01171 ], [ -78.261516, 39.0113 ], [ -78.27334, 39.010555 ], [ -78.289491, 39.009541 ], [ -78.29439, 39.00923 ], [ -78.297172, 39.009063 ], [ -78.299003, 39.008947 ], [ -78.302115, 39.008745 ], [ -78.310248, 39.008238 ], [ -78.31396, 39.008002 ], [ -78.31408, 39.007994 ], [ -78.312247, 39.008997 ], [ -78.312155, 39.009086 ], [ -78.312074, 39.009228 ], [ -78.312031, 39.009388 ], [ -78.312045, 39.009565 ], [ -78.312122, 39.009689 ], [ -78.312206, 39.009763 ], [ -78.312336, 39.009825 ], [ -78.312516, 39.009871 ], [ -78.31311, 39.009965 ], [ -78.314278, 39.010055 ], [ -78.314511, 39.010103 ], [ -78.314736, 39.010209 ], [ -78.314792, 39.010257 ], [ -78.314921, 39.010446 ], [ -78.315363, 39.011219 ], [ -78.315983, 39.012368 ], [ -78.316246, 39.012797 ], [ -78.316316, 39.012881 ], [ -78.316534, 39.012981 ], [ -78.316907, 39.013089 ], [ -78.31716, 39.013226 ], [ -78.317388, 39.013374 ], [ -78.317869, 39.013709 ], [ -78.318052, 39.013857 ], [ -78.318322, 39.014092 ], [ -78.318656, 39.014441 ], [ -78.318754, 39.014584 ], [ -78.318831, 39.014742 ], [ -78.318859, 39.014841 ], [ -78.318862, 39.014962 ], [ -78.318788, 39.015144 ], [ -78.318487, 39.015701 ], [ -78.318278, 39.016259 ], [ -78.318243, 39.016388 ], [ -78.318235, 39.016653 ], [ -78.318192, 39.016914 ], [ -78.318118, 39.017027 ], [ -78.317825, 39.017351 ], [ -78.317683, 39.017561 ], [ -78.317638, 39.017642 ], [ -78.317616, 39.017731 ], [ -78.317637, 39.017821 ], [ -78.317697, 39.0179 ], [ -78.317778, 39.017951 ], [ -78.318562, 39.018239 ], [ -78.319381, 39.018573 ], [ -78.319535, 39.018677 ], [ -78.319634, 39.018778 ], [ -78.319714, 39.018956 ], [ -78.319711, 39.01904 ], [ -78.319647, 39.019216 ], [ -78.319498, 39.019413 ], [ -78.319276, 39.019639 ], [ -78.318997, 39.019866 ], [ -78.318768, 39.020018 ], [ -78.318465, 39.020179 ], [ -78.318194, 39.020286 ], [ -78.317852, 39.020369 ], [ -78.317655, 39.020386 ], [ -78.316385, 39.020229 ], [ -78.316061, 39.020215 ], [ -78.315575, 39.02022 ], [ -78.315318, 39.020243 ], [ -78.315178, 39.020273 ], [ -78.314864, 39.020383 ], [ -78.314706, 39.020456 ], [ -78.314268, 39.020707 ], [ -78.313881, 39.02097 ], [ -78.313743, 39.02108 ], [ -78.313648, 39.021189 ], [ -78.313591, 39.021285 ], [ -78.31358, 39.02141 ], [ -78.313615, 39.021498 ], [ -78.31372, 39.021621000000103 ], [ -78.313865, 39.0217 ], [ -78.314227, 39.0218 ], [ -78.314674, 39.021882 ], [ -78.315363, 39.021949 ], [ -78.31549, 39.02198 ], [ -78.315624, 39.02205 ], [ -78.315729, 39.022163 ], [ -78.315767, 39.022255 ], [ -78.315774, 39.022369 ], [ -78.315742, 39.022452 ], [ -78.315566, 39.022701 ], [ -78.314787, 39.023619 ], [ -78.314609, 39.023906 ], [ -78.314361, 39.02436 ], [ -78.313966, 39.02484 ], [ -78.313941, 39.024911 ], [ -78.313958, 39.025062 ], [ -78.314066, 39.025311 ], [ -78.314203, 39.025502 ], [ -78.314953, 39.02628 ], [ -78.315221, 39.026732 ], [ -78.315463, 39.027087 ], [ -78.315824, 39.027404 ], [ -78.316302, 39.027765 ], [ -78.316935, 39.028193 ], [ -78.318927, 39.029481 ], [ -78.319149, 39.029609 ], [ -78.319609, 39.02984 ], [ -78.320408, 39.030219 ], [ -78.320633, 39.030348 ], [ -78.320902, 39.030543 ], [ -78.320977, 39.030614 ], [ -78.321064, 39.030765 ], [ -78.321106, 39.030978 ], [ -78.321094, 39.031204 ], [ -78.32103, 39.031463 ], [ -78.320985, 39.031573 ], [ -78.3209, 39.031732 ], [ -78.320769, 39.031901 ], [ -78.320572, 39.032085 ], [ -78.320417, 39.032187 ], [ -78.320191, 39.032301 ], [ -78.319853, 39.032424 ], [ -78.319652, 39.032463 ], [ -78.319423, 39.032456 ], [ -78.319325, 39.032431 ], [ -78.319174, 39.03233 ], [ -78.31832, 39.031598 ], [ -78.317396, 39.030973 ], [ -78.317181, 39.030859 ], [ -78.31696, 39.030775 ], [ -78.316752, 39.030743 ], [ -78.316587, 39.030766 ], [ -78.316238, 39.030896 ], [ -78.315878, 39.031081 ], [ -78.315561, 39.031272 ], [ -78.314958, 39.031686 ], [ -78.314556, 39.031939 ], [ -78.314292, 39.032082 ], [ -78.31407, 39.032171 ], [ -78.31371, 39.032285 ], [ -78.312879, 39.032498 ], [ -78.310537, 39.032956 ], [ -78.310413, 39.033032 ], [ -78.310237, 39.033197 ], [ -78.309521, 39.033649 ], [ -78.309457, 39.033765 ], [ -78.30945, 39.033872 ], [ -78.309464, 39.033923 ], [ -78.309517, 39.034018 ], [ -78.309594, 39.034092 ], [ -78.309893, 39.034244 ], [ -78.310297, 39.034389 ], [ -78.311602, 39.034746 ], [ -78.312604, 39.035291 ], [ -78.312738, 39.03534 ], [ -78.313002, 39.035405 ], [ -78.314061, 39.035614 ], [ -78.314761, 39.035734 ], [ -78.316239, 39.035955 ], [ -78.316873, 39.036026 ], [ -78.318341, 39.036018 ], [ -78.318675, 39.036072 ], [ -78.318858, 39.036143 ], [ -78.318946, 39.036209 ], [ -78.319026, 39.036306 ], [ -78.319135, 39.036503 ], [ -78.319226, 39.036734 ], [ -78.31969, 39.038227 ], [ -78.32027, 39.040232 ], [ -78.320584, 39.041203 ], [ -78.320682, 39.041359 ], [ -78.320865, 39.041556 ], [ -78.321069, 39.041723 ], [ -78.32129, 39.041864 ], [ -78.321782, 39.042119 ], [ -78.322053, 39.042277 ], [ -78.322148, 39.042537 ], [ -78.322267, 39.042787 ], [ -78.324175, 39.044195 ], [ -78.325064, 39.044793 ], [ -78.325416, 39.044959 ], [ -78.325525, 39.044992 ], [ -78.325676, 39.045015 ], [ -78.325824, 39.044996 ], [ -78.326001, 39.044933 ], [ -78.326106, 39.04487 ], [ -78.32618, 39.044796 ], [ -78.326276, 39.044593 ], [ -78.326722, 39.04348 ], [ -78.328413, 39.041729 ], [ -78.328752, 39.041407 ], [ -78.32885, 39.041339 ], [ -78.32909, 39.041284 ], [ -78.329815, 39.041193 ], [ -78.330696, 39.041097 ], [ -78.331073, 39.041073 ], [ -78.331266, 39.041087 ], [ -78.331544, 39.041145 ], [ -78.331794, 39.04124 ], [ -78.33208, 39.041389 ], [ -78.332286, 39.04154 ], [ -78.332406, 39.041687 ], [ -78.332455, 39.04178 ], [ -78.332511, 39.041978 ], [ -78.332531, 39.042268 ], [ -78.332502, 39.042737 ], [ -78.332352, 39.043672 ], [ -78.332263, 39.044067 ], [ -78.332138, 39.044497 ], [ -78.331983, 39.044918 ], [ -78.331632, 39.04576 ], [ -78.331483, 39.046077 ], [ -78.331101, 39.046785 ], [ -78.33091, 39.047195 ], [ -78.330304, 39.049086 ], [ -78.330041, 39.049811 ], [ -78.330073, 39.049981 ], [ -78.330115, 39.050065 ], [ -78.330203, 39.050184 ], [ -78.330283, 39.050259 ], [ -78.330512, 39.050404 ], [ -78.330902, 39.05057 ], [ -78.331134, 39.050632 ], [ -78.331501, 39.050705 ], [ -78.331828, 39.050751 ], [ -78.332067, 39.050765 ], [ -78.332265, 39.050723 ], [ -78.332328, 39.050675 ], [ -78.332382, 39.05054 ], [ -78.332528, 39.049674 ], [ -78.332632, 39.048772 ], [ -78.332735, 39.048473 ], [ -78.332957, 39.048125 ], [ -78.333067, 39.048 ], [ -78.333201, 39.047892 ], [ -78.333321, 39.047826 ], [ -78.333479, 39.047774 ], [ -78.333603, 39.047763 ], [ -78.33372, 39.047772 ], [ -78.333891, 39.047834 ], [ -78.334028, 39.047912 ], [ -78.334264, 39.048123 ], [ -78.334429, 39.04833 ], [ -78.33478, 39.048858 ], [ -78.335148, 39.049477 ], [ -78.335852, 39.050899 ], [ -78.335986, 39.051075 ], [ -78.336193, 39.051303 ], [ -78.336281, 39.051378 ], [ -78.336383, 39.051427 ], [ -78.33703, 39.051567 ], [ -78.337094, 39.0516 ], [ -78.337776, 39.052187 ], [ -78.338208, 39.052608 ], [ -78.338601, 39.052921 ], [ -78.339062, 39.053222 ], [ -78.339952, 39.053759 ], [ -78.340894, 39.054205 ], [ -78.341116, 39.054344 ], [ -78.34146, 39.054618 ], [ -78.342023, 39.055102 ], [ -78.342701, 39.055726 ], [ -78.342852, 39.055884 ], [ -78.343007, 39.056089 ], [ -78.343136, 39.056424 ], [ -78.343189, 39.056624 ], [ -78.343244, 39.056974 ], [ -78.343261, 39.057653 ], [ -78.343281, 39.057971 ], [ -78.343316, 39.058059 ], [ -78.343421, 39.05819 ], [ -78.343614, 39.058352 ], [ -78.343836, 39.058494 ], [ -78.344335, 39.058752 ], [ -78.344979, 39.059019 ], [ -78.345651, 39.059228 ], [ -78.345796, 39.059244 ], [ -78.346592, 39.059223 ], [ -78.346652, 39.059228 ], [ -78.346796, 39.059288 ], [ -78.346926, 39.059383 ], [ -78.347035, 39.05949 ], [ -78.347186, 39.059724 ], [ -78.347266, 39.059986 ], [ -78.347287, 39.060272 ], [ -78.347247, 39.060593 ], [ -78.347152, 39.060832 ], [ -78.346961, 39.06115 ], [ -78.346693, 39.061423 ], [ -78.346367, 39.06163 ], [ -78.346139, 39.061727 ], [ -78.345815, 39.061805 ], [ -78.345424, 39.061843 ], [ -78.34504, 39.061826 ], [ -78.344614, 39.061765 ], [ -78.344477, 39.061731 ], [ -78.341866, 39.060697 ], [ -78.341046, 39.060447 ], [ -78.340328, 39.060253 ], [ -78.339381, 39.060022 ], [ -78.338748, 39.059908 ], [ -78.338272, 39.059844 ], [ -78.337639, 39.059791 ], [ -78.337075, 39.059779 ], [ -78.336631, 39.059811 ], [ -78.336395, 39.059858 ], [ -78.336078, 39.059973 ], [ -78.335711, 39.060171 ], [ -78.335394, 39.060407 ], [ -78.335164, 39.060641 ], [ -78.335076, 39.06077 ], [ -78.335019, 39.060917 ], [ -78.335012, 39.061014 ], [ -78.335065, 39.061175 ], [ -78.335131, 39.061263 ], [ -78.335216, 39.06134 ], [ -78.335592, 39.061562 ], [ -78.335905, 39.061701 ], [ -78.336183, 39.061805 ], [ -78.340033, 39.063134 ], [ -78.340659, 39.063394 ], [ -78.340853, 39.063496 ], [ -78.340993, 39.063598 ], [ -78.341123, 39.063764 ], [ -78.341193, 39.063978 ], [ -78.341068, 39.06495 ], [ -78.341102, 39.06541 ], [ -78.341168, 39.065933 ], [ -78.341377, 39.066737 ], [ -78.341475, 39.067199 ], [ -78.34148, 39.068232 ], [ -78.341507, 39.068744 ], [ -78.341699, 39.069554 ], [ -78.341659, 39.069697 ], [ -78.341518, 39.0699 ], [ -78.341345, 39.070044 ], [ -78.341112, 39.070168 ], [ -78.340813, 39.070269 ], [ -78.340686, 39.070295 ], [ -78.340513, 39.070308 ], [ -78.340404, 39.07027 ], [ -78.339808, 39.069913 ], [ -78.339715, 39.06989 ], [ -78.33943, 39.069868 ], [ -78.339099, 39.06982 ], [ -78.338152, 39.069378 ], [ -78.337804, 39.069251 ], [ -78.337216, 39.069111 ], [ -78.33679, 39.069045 ], [ -78.336501, 39.069021 ], [ -78.336142, 39.069023 ], [ -78.335811, 39.06905 ], [ -78.335409, 39.069108 ], [ -78.335014, 39.069191 ], [ -78.334436, 39.069359 ], [ -78.333872, 39.069594 ], [ -78.333678, 39.0697 ], [ -78.333516, 39.069815 ], [ -78.3334, 39.069943 ], [ -78.333368, 39.070008 ], [ -78.333357, 39.070096 ], [ -78.333402, 39.070251 ], [ -78.333518, 39.070427 ], [ -78.333676, 39.070617 ], [ -78.334534, 39.071436 ], [ -78.335914, 39.073082 ], [ -78.336012, 39.073269 ], [ -78.336061, 39.073486 ], [ -78.33605, 39.073613 ], [ -78.335965, 39.073754 ], [ -78.335877, 39.073824 ], [ -78.335761, 39.073878 ], [ -78.335652, 39.073899 ], [ -78.335476, 39.073908 ], [ -78.334859, 39.073909 ], [ -78.333788, 39.073851 ], [ -78.333535, 39.073877 ], [ -78.333267, 39.07393 ], [ -78.33295, 39.074016 ], [ -78.332735, 39.074098 ], [ -78.332364, 39.074268 ], [ -78.331994, 39.074388 ], [ -78.33191, 39.0744 ], [ -78.331737, 39.074399 ], [ -78.331297, 39.07436 ], [ -78.329815, 39.074176 ], [ -78.329529, 39.074155 ], [ -78.329286, 39.07416 ], [ -78.328793, 39.074245 ], [ -78.326548, 39.074741 ], [ -78.325734, 39.07495 ], [ -78.325117, 39.075182 ], [ -78.324965, 39.075259 ], [ -78.324757, 39.075397 ], [ -78.324623, 39.075514 ], [ -78.324531, 39.075628 ], [ -78.324474, 39.075729 ], [ -78.324432, 39.075866 ], [ -78.324421, 39.076075 ], [ -78.324445, 39.076225 ], [ -78.324571, 39.076596 ], [ -78.324673, 39.076795 ], [ -78.324781, 39.076956 ], [ -78.325203, 39.077453 ], [ -78.32569, 39.077888 ], [ -78.326057, 39.078175 ], [ -78.326613, 39.078549 ], [ -78.327471, 39.079122 ], [ -78.328508, 39.079845 ], [ -78.328557, 39.079893 ], [ -78.32888, 39.080381 ], [ -78.329151, 39.080835 ], [ -78.329277, 39.081011 ], [ -78.329382, 39.081107 ], [ -78.329815, 39.081383 ], [ -78.330322, 39.081652 ], [ -78.331455, 39.082117 ], [ -78.332444, 39.082592 ], [ -78.33378, 39.083388 ], [ -78.334372, 39.083676 ], [ -78.33459, 39.08376 ], [ -78.334685, 39.083775 ], [ -78.33534, 39.083666 ], [ -78.33545, 39.083674 ], [ -78.335633, 39.083731 ], [ -78.335942, 39.083863 ], [ -78.336206, 39.084001 ], [ -78.336393, 39.08412 ], [ -78.336579, 39.084261 ], [ -78.336698, 39.084394 ], [ -78.336744, 39.084518 ], [ -78.336733, 39.084656 ], [ -78.336666, 39.084835 ], [ -78.336553, 39.085017 ], [ -78.336365, 39.085238 ], [ -78.336161, 39.085441 ], [ -78.335624, 39.085916 ], [ -78.334692, 39.086649 ], [ -78.333817, 39.087291 ], [ -78.333577, 39.087424 ], [ -78.333426, 39.087469 ], [ -78.332478, 39.087441 ], [ -78.331812, 39.087443 ], [ -78.331576, 39.087503 ], [ -78.331304, 39.08764 ], [ -78.330987, 39.087903 ], [ -78.330517, 39.088336 ], [ -78.329497, 39.089094 ], [ -78.329292, 39.089269 ], [ -78.329116, 39.089472 ], [ -78.329013, 39.089627 ], [ -78.328932, 39.089803 ], [ -78.328889, 39.089995 ], [ -78.328903, 39.090131 ], [ -78.328948, 39.090271 ], [ -78.329053, 39.090491 ], [ -78.329352, 39.09097 ], [ -78.329678, 39.091418 ], [ -78.329875, 39.091649 ], [ -78.330093, 39.091844 ], [ -78.330213, 39.091924 ], [ -78.330442, 39.091993 ], [ -78.330685, 39.09201 ], [ -78.330833, 39.091994 ], [ -78.330942, 39.09196 ], [ -78.331108, 39.091853 ], [ -78.331408, 39.091616 ], [ -78.331747, 39.09131 ], [ -78.331932, 39.091167 ], [ -78.332131, 39.091063 ], [ -78.332382, 39.090957 ], [ -78.332911, 39.090776 ], [ -78.333327, 39.09069 ], [ -78.333482, 39.090678 ], [ -78.333665, 39.090685 ], [ -78.333802, 39.090705 ], [ -78.333961, 39.090752 ], [ -78.334164, 39.090884 ], [ -78.334302, 39.091027 ], [ -78.334407, 39.091174 ], [ -78.334779, 39.091831 ], [ -78.335305, 39.092997 ], [ -78.335424, 39.093315 ], [ -78.335494, 39.093575 ], [ -78.335535, 39.093914 ], [ -78.335535, 39.094102 ], [ -78.335493, 39.094274 ], [ -78.335283, 39.094699 ], [ -78.334954, 39.095256 ], [ -78.334908, 39.095353 ], [ -78.334878, 39.095507 ], [ -78.334897, 39.095728 ], [ -78.334879, 39.095942 ], [ -78.334801, 39.096164 ], [ -78.334581, 39.09657 ], [ -78.334532, 39.096693 ], [ -78.334418, 39.097154 ], [ -78.334333, 39.097307 ], [ -78.334124, 39.097555 ], [ -78.333955, 39.097827 ], [ -78.333781, 39.098196 ], [ -78.333749, 39.09841 ], [ -78.333763, 39.09848 ], [ -78.333816, 39.098572 ], [ -78.335515, 39.101359 ], [ -78.335715, 39.101555 ], [ -78.335912, 39.101709 ], [ -78.336151, 39.101855 ], [ -78.336341, 39.101935 ], [ -78.336468, 39.101972 ], [ -78.336648, 39.101997 ], [ -78.337268, 39.102009 ], [ -78.337965, 39.102062 ], [ -78.339375, 39.102643 ], [ -78.339933, 39.10285 ], [ -78.340004, 39.102861 ], [ -78.340141, 39.102853 ], [ -78.340314, 39.10282 ], [ -78.340529, 39.10273 ], [ -78.340702, 39.102621 ], [ -78.341048, 39.102313 ], [ -78.341189, 39.102218 ], [ -78.341401, 39.102185 ], [ -78.341542, 39.102199 ], [ -78.34207, 39.102524 ], [ -78.342143, 39.102558 ], [ -78.342203, 39.102568 ], [ -78.342341, 39.102517 ], [ -78.342454, 39.102439 ], [ -78.342563, 39.102322 ], [ -78.342631, 39.102199 ], [ -78.34268, 39.10201 ], [ -78.34267, 39.101842 ], [ -78.342628, 39.101692 ], [ -78.342516, 39.101504 ], [ -78.342126, 39.101014 ], [ -78.341633, 39.100568 ], [ -78.341468, 39.10038 ], [ -78.341419, 39.100238 ], [ -78.341381, 39.099936 ], [ -78.341375, 39.099634 ], [ -78.341401, 39.099125000000122 ], [ -78.341447, 39.09866 ], [ -78.341519, 39.098311 ], [ -78.341554, 39.098269 ], [ -78.341624, 39.098243 ], [ -78.341762, 39.098204 ], [ -78.341875, 39.0982 ], [ -78.341921, 39.098173 ], [ -78.341932, 39.097716 ], [ -78.341971, 39.097654 ], [ -78.342324, 39.09735 ], [ -78.342504, 39.097121 ], [ -78.34256, 39.097025 ], [ -78.34281, 39.096158 ], [ -78.342855, 39.09606 ], [ -78.343036, 39.095837 ], [ -78.343205, 39.095739 ], [ -78.343427, 39.095687 ], [ -78.343568, 39.095682 ], [ -78.343702, 39.095695 ], [ -78.343927, 39.095749 ], [ -78.344325, 39.095895 ], [ -78.344973, 39.096186 ], [ -78.346106, 39.096802 ], [ -78.346796, 39.097153 ], [ -78.348134, 39.097628 ], [ -78.348282, 39.097697 ], [ -78.348813, 39.097995 ], [ -78.349271, 39.098194 ], [ -78.34939, 39.098229 ], [ -78.349686, 39.098245 ], [ -78.350113, 39.098217 ], [ -78.350458, 39.098172 ], [ -78.351604, 39.097981 ], [ -78.352062, 39.097953 ], [ -78.352406, 39.097954 ], [ -78.352513, 39.097971 ], [ -78.353139, 39.09815 ], [ -78.353714, 39.098113 ], [ -78.354398, 39.098022 ], [ -78.355113, 39.097869 ], [ -78.355554, 39.097735 ], [ -78.355868, 39.097605 ], [ -78.356439, 39.097336 ], [ -78.357215, 39.097022 ], [ -78.357733, 39.09677 ], [ -78.358866, 39.09591 ], [ -78.359123, 39.095802 ], [ -78.359402, 39.095732 ], [ -78.359571, 39.095724 ], [ -78.359733, 39.095737 ], [ -78.360149, 39.095818 ], [ -78.360818, 39.09601 ], [ -78.361247, 39.096178 ], [ -78.361515, 39.096309 ], [ -78.361744, 39.096448 ], [ -78.362015, 39.096658 ], [ -78.36218, 39.096867 ], [ -78.362296, 39.09697 ], [ -78.362444, 39.097066 ], [ -78.362549, 39.097114 ], [ -78.36276, 39.097176 ], [ -78.362838, 39.097183 ], [ -78.36294, 39.097167 ], [ -78.363081, 39.097094 ], [ -78.363191, 39.097003 ], [ -78.363279, 39.096853 ], [ -78.36335, 39.096772 ], [ -78.363615, 39.096608 ], [ -78.364048, 39.096387 ], [ -78.364358, 39.096243 ], [ -78.364528, 39.09618 ], [ -78.366315, 39.095554 ], [ -78.368099, 39.094773 ], [ -78.369704, 39.0941 ], [ -78.371016, 39.09328 ], [ -78.371266, 39.093169 ], [ -78.371774, 39.093008 ], [ -78.372253, 39.092883 ], [ -78.373564, 39.092702 ], [ -78.374188, 39.092545 ], [ -78.374682, 39.092377 ], [ -78.374974, 39.092297 ], [ -78.375961, 39.092047 ], [ -78.376208, 39.092038 ], [ -78.376528, 39.092048 ], [ -78.377, 39.092091 ], [ -78.377381, 39.092164 ], [ -78.377497, 39.092214 ], [ -78.377666, 39.092337 ], [ -78.378042, 39.092699 ], [ -78.378721, 39.093217 ], [ -78.379094, 39.093425 ], [ -78.379468, 39.093562 ], [ -78.379757, 39.093622 ], [ -78.380095, 39.093633 ], [ -78.380299, 39.093604 ], [ -78.380595, 39.093515 ], [ -78.380842, 39.093469 ], [ -78.381207, 39.09344 ], [ -78.381522, 39.093439 ], [ -78.381776, 39.093481 ], [ -78.381938, 39.093537 ], [ -78.382128, 39.093632 ], [ -78.382399, 39.093852 ], [ -78.382589, 39.09405 ], [ -78.382828, 39.094326 ], [ -78.383021, 39.094601 ], [ -78.383052, 39.094745 ], [ -78.383045, 39.094793 ], [ -78.382964, 39.094962 ], [ -78.382925, 39.095127 ], [ -78.3829, 39.095423 ], [ -78.382914, 39.095643 ], [ -78.382973, 39.095806 ], [ -78.383058, 39.095938 ], [ -78.383191, 39.096091 ], [ -78.383318, 39.096207 ], [ -78.384423, 39.096983 ], [ -78.387291, 39.098943 ], [ -78.387985, 39.099577 ], [ -78.388463, 39.100108 ], [ -78.388611, 39.100242 ], [ -78.388854, 39.100412 ], [ -78.389156, 39.100587 ], [ -78.38948, 39.100749 ], [ -78.38972, 39.100847 ], [ -78.390065, 39.10095 ], [ -78.390287, 39.101045 ], [ -78.390977, 39.1015 ], [ -78.391624, 39.101897 ], [ -78.39172, 39.101926 ], [ -78.391779, 39.101928 ], [ -78.392488, 39.101842 ], [ -78.393147, 39.101719 ], [ -78.393309, 39.101637 ], [ -78.393447, 39.101495 ], [ -78.393532, 39.101338 ], [ -78.393564, 39.101174 ], [ -78.393543, 39.101022 ], [ -78.393437, 39.100816 ], [ -78.393195, 39.100486 ], [ -78.392955, 39.100229 ], [ -78.392568, 39.099902 ], [ -78.392487, 39.099807 ], [ -78.392378, 39.099601 ], [ -78.392129, 39.098985 ], [ -78.391996, 39.098574 ], [ -78.391905, 39.098393 ], [ -78.391803, 39.098269 ], [ -78.391609, 39.098101 ], [ -78.391405, 39.097886 ], [ -78.391011, 39.097356 ], [ -78.390807, 39.097031 ], [ -78.390677, 39.096744 ], [ -78.390572, 39.096375 ], [ -78.390537, 39.09617 ], [ -78.390506, 39.095737 ], [ -78.390542, 39.09531 ], [ -78.39062, 39.094956 ], [ -78.390698, 39.094699 ], [ -78.390868, 39.094261 ], [ -78.391069, 39.093852 ], [ -78.391306, 39.093453 ], [ -78.391461, 39.093233 ], [ -78.391659, 39.093011 ], [ -78.391857, 39.092841 ], [ -78.392114, 39.092673 ], [ -78.392361, 39.092577 ], [ -78.392664, 39.092515 ], [ -78.392932, 39.0925 ], [ -78.393196, 39.092516 ], [ -78.393383, 39.09256 ], [ -78.393854, 39.0928 ], [ -78.394411, 39.093108 ], [ -78.396114, 39.094097 ], [ -78.397156, 39.094868 ], [ -78.397772, 39.095249 ], [ -78.398068, 39.095362 ], [ -78.398311, 39.095411 ], [ -78.39853, 39.095417 ], [ -78.3989, 39.095368 ], [ -78.399404, 39.095253 ], [ -78.402717, 39.094272 ], [ -78.403891, 39.093899 ], [ -78.404419, 39.0937 ], [ -78.404864, 39.093466 ], [ -78.405128, 39.093345 ], [ -78.405773, 39.093109 ], [ -78.406214, 39.092911 ], [ -78.406658, 39.092686 ], [ -78.407434, 39.092256 ], [ -78.408019, 39.091865 ], [ -78.408298, 39.091643 ], [ -78.409479, 39.090627 ], [ -78.409786, 39.090161 ], [ -78.41033, 39.089323 ], [ -78.410799, 39.088887 ], [ -78.411437, 39.088348 ], [ -78.411571, 39.088176 ], [ -78.411702, 39.087877 ], [ -78.41179, 39.08775 ], [ -78.41197, 39.087597 ], [ -78.412418, 39.087305 ], [ -78.412979, 39.086887 ], [ -78.413099, 39.086787 ], [ -78.413342, 39.086537 ], [ -78.413501, 39.086329 ], [ -78.41354, 39.08623 ], [ -78.413575, 39.086025 ], [ -78.413628, 39.08585 ], [ -78.413783, 39.085586 ], [ -78.413942, 39.085411 ], [ -78.414101, 39.085274 ], [ -78.414291, 39.08514 ], [ -78.414499, 39.085024 ], [ -78.414781, 39.084907 ], [ -78.415029, 39.08484 ], [ -78.415151, 39.084832 ], [ -78.415271, 39.08486 ], [ -78.415514, 39.084975 ], [ -78.415764, 39.08512 ], [ -78.416552, 39.085656 ], [ -78.417045, 39.085932 ], [ -78.417492, 39.08612 ], [ -78.417693, 39.08617 ], [ -78.417869, 39.08619 ], [ -78.417993, 39.086181 ], [ -78.418109, 39.086144 ], [ -78.41881, 39.0858 ], [ -78.419699, 39.085389 ], [ -78.419847, 39.085298 ], [ -78.420051, 39.08509 ], [ -78.420178, 39.084893 ], [ -78.420207, 39.084796 ], [ -78.42021, 39.084697 ], [ -78.420165, 39.084558 ], [ -78.420094, 39.084479 ], [ -78.419953, 39.084392 ], [ -78.419629, 39.084296 ], [ -78.419496, 39.084237 ], [ -78.419217, 39.084061 ], [ -78.419024, 39.083917 ], [ -78.418897, 39.083787 ], [ -78.418823, 39.083672 ], [ -78.418778, 39.083516 ], [ -78.418781, 39.083378 ], [ -78.41881, 39.083284 ], [ -78.418894, 39.083144 ], [ -78.419385, 39.082581 ], [ -78.420189, 39.081785 ], [ -78.420404, 39.081625 ], [ -78.420591, 39.081534 ], [ -78.421299, 39.081297 ], [ -78.421845, 39.081158 ], [ -78.422, 39.081159 ], [ -78.422095, 39.081218 ], [ -78.422204, 39.081409 ], [ -78.422345, 39.08153 ], [ -78.422796, 39.081771 ], [ -78.423, 39.081848 ], [ -78.423243, 39.081911 ], [ -78.423549, 39.081946 ], [ -78.423785, 39.081954 ], [ -78.424293, 39.081927 ], [ -78.424536, 39.081883 ], [ -78.424758, 39.081824 ], [ -78.424976, 39.081738 ], [ -78.425129, 39.081658 ], [ -78.425322, 39.081532 ], [ -78.425463, 39.081414 ], [ -78.42554, 39.081322 ], [ -78.425583, 39.081222 ], [ -78.425629, 39.081028 ], [ -78.425724, 39.080386 ], [ -78.425817, 39.079454 ], [ -78.425796, 39.079124 ], [ -78.425684, 39.078843 ], [ -78.42555, 39.078637 ], [ -78.42548, 39.078563 ], [ -78.425244, 39.078414 ], [ -78.425159, 39.07834 ], [ -78.425054, 39.078163 ], [ -78.425022, 39.078056 ], [ -78.425029, 39.077886 ], [ -78.425079, 39.077725 ], [ -78.425192, 39.077493 ], [ -78.425322, 39.077289 ], [ -78.425767, 39.076721 ], [ -78.426102, 39.076368 ], [ -78.426419, 39.076069 ], [ -78.428603, 39.074808 ], [ -78.429128, 39.074486 ], [ -78.429232, 39.074371 ], [ -78.429278, 39.074283 ], [ -78.429334, 39.073942 ], [ -78.429391, 39.073847 ], [ -78.429475, 39.073766 ], [ -78.429895, 39.073564 ], [ -78.430807, 39.07317 ], [ -78.430994, 39.073061 ], [ -78.431241, 39.07284 ], [ -78.431601, 39.072478 ], [ -78.431883, 39.072145 ], [ -78.432115, 39.071829 ], [ -78.432295, 39.071548 ], [ -78.432426, 39.071243 ], [ -78.432483, 39.07094 ], [ -78.432469, 39.070778 ], [ -78.432409, 39.070621 ], [ -78.432339, 39.070513 ], [ -78.432212, 39.070393 ], [ -78.432046, 39.070305 ], [ -78.431437, 39.070094 ], [ -78.430987, 39.069911 ], [ -78.430937, 39.069882 ], [ -78.430888, 39.069801 ], [ -78.430888, 39.069753 ], [ -78.430987, 39.069585 ], [ -78.431029, 39.069477 ], [ -78.431054, 39.069307 ], [ -78.431062, 39.06857 ], [ -78.431003, 39.067462 ], [ -78.431011, 39.066929 ], [ -78.431, 39.066789 ], [ -78.430941, 39.066534 ], [ -78.430937, 39.066333 ], [ -78.430994, 39.066196 ], [ -78.431124, 39.066052 ], [ -78.431279, 39.065942 ], [ -78.431576, 39.06581 ], [ -78.431808, 39.065728 ], [ -78.431998, 39.06568 ], [ -78.432593, 39.065582 ], [ -78.433167, 39.065512 ], [ -78.434249, 39.065418 ], [ -78.435506, 39.065206 ], [ -78.436123, 39.065076 ], [ -78.436295, 39.065013 ], [ -78.436577, 39.064877 ], [ -78.437666, 39.064278 ], [ -78.438276, 39.063972 ], [ -78.438448, 39.063844 ], [ -78.438617, 39.063619 ], [ -78.438691, 39.063547 ], [ -78.438829, 39.063462 ], [ -78.439065, 39.063361 ], [ -78.439484, 39.063217 ], [ -78.440474, 39.062948 ], [ -78.440742, 39.062839 ], [ -78.440872, 39.062762 ], [ -78.440946, 39.06269 ], [ -78.441006, 39.062588 ], [ -78.441073, 39.062336 ], [ -78.441123, 39.062235 ], [ -78.441489, 39.061659 ], [ -78.44186, 39.06101 ], [ -78.441913, 39.060855 ], [ -78.44192, 39.060717 ], [ -78.441881, 39.060601 ], [ -78.441814, 39.060516 ], [ -78.440667, 39.059451 ], [ -78.440632, 39.059388 ], [ -78.440618, 39.059168 ], [ -78.440632, 39.058975 ], [ -78.440668, 39.05881 ], [ -78.440713, 39.058763 ], [ -78.441953, 39.058316 ], [ -78.4422, 39.058194 ], [ -78.442588, 39.057921 ], [ -78.442855, 39.057705 ], [ -78.443077, 39.057489 ], [ -78.443317, 39.057201 ], [ -78.44355, 39.05698 ], [ -78.443877, 39.056743 ], [ -78.444046, 39.056645 ], [ -78.44417, 39.056595 ], [ -78.444297, 39.056556 ], [ -78.444515, 39.056518 ], [ -78.444849, 39.056509 ], [ -78.445089, 39.056481 ], [ -78.446107, 39.056228 ], [ -78.446829, 39.056103 ], [ -78.446987, 39.056096 ], [ -78.447111, 39.056109 ], [ -78.447431, 39.056204 ], [ -78.447632, 39.056227 ], [ -78.447896, 39.056197 ], [ -78.448104, 39.056131 ], [ -78.448174, 39.056079 ], [ -78.448199, 39.056038 ], [ -78.448269, 39.05584 ], [ -78.448696, 39.054472 ], [ -78.448802, 39.053964 ], [ -78.448799, 39.053837 ], [ -78.448771, 39.053726 ], [ -78.448707, 39.05364 ], [ -78.44857, 39.05352 ], [ -78.448461, 39.05338 ], [ -78.44838, 39.053196 ], [ -78.44818, 39.052604 ], [ -78.448008, 39.052308 ], [ -78.447923, 39.052203 ], [ -78.447855, 39.052149 ], [ -78.447726, 39.052089 ], [ -78.447564, 39.052045 ], [ -78.447304, 39.052015 ], [ -78.447043, 39.052033 ], [ -78.446737, 39.052134 ], [ -78.446543, 39.052168 ], [ -78.446184, 39.052159 ], [ -78.445807, 39.052105 ], [ -78.445642, 39.052034 ], [ -78.444691, 39.051435 ], [ -78.444332, 39.051193 ], [ -78.444181, 39.051043 ], [ -78.44409, 39.050877 ], [ -78.444076, 39.050694 ], [ -78.444203, 39.04963 ], [ -78.444302, 39.049201 ], [ -78.44451, 39.048854 ], [ -78.444538, 39.048636 ], [ -78.444532, 39.04761 ], [ -78.444571, 39.047477 ], [ -78.444709, 39.047312 ], [ -78.446653, 39.045996 ], [ -78.446703, 39.045942 ], [ -78.446713, 39.045895 ], [ -78.446703, 39.045848 ], [ -78.446636, 39.045764 ], [ -78.446615, 39.045672 ], [ -78.44665, 39.045582 ], [ -78.446766, 39.045447 ], [ -78.446921, 39.045306 ], [ -78.447323, 39.045023 ], [ -78.447654, 39.044809 ], [ -78.448161, 39.044545 ], [ -78.44826, 39.044473 ], [ -78.448669, 39.044051 ], [ -78.449077, 39.043587 ], [ -78.449232, 39.04345 ], [ -78.449542, 39.043274 ], [ -78.449729, 39.043189 ], [ -78.449972, 39.043101 ], [ -78.450451, 39.042974 ], [ -78.450761, 39.042834 ], [ -78.450895, 39.042742 ], [ -78.45099, 39.042646 ], [ -78.451053, 39.042547 ], [ -78.451089, 39.042421 ], [ -78.451082, 39.042323 ], [ -78.451025, 39.042127 ], [ -78.45079, 39.041428 ], [ -78.450741, 39.041383 ], [ -78.450508, 39.041359 ], [ -78.450297, 39.04124 ], [ -78.450174, 39.041135 ], [ -78.450044, 39.040927 ], [ -78.449949, 39.040686 ], [ -78.44984, 39.040317 ], [ -78.449637, 39.039423 ], [ -78.449528, 39.038751 ], [ -78.449433, 39.03853 ], [ -78.449366, 39.038438 ], [ -78.449243, 39.038329 ], [ -78.448779, 39.038024 ], [ -78.448339, 39.037692 ], [ -78.447875, 39.036804 ], [ -78.447797, 39.036634 ], [ -78.447731, 39.036426 ], [ -78.447731, 39.036273 ], [ -78.44777, 39.036037 ], [ -78.447745, 39.035877 ], [ -78.447696, 39.035753 ], [ -78.447548, 39.0355 ], [ -78.447478, 39.035312 ], [ -78.447425, 39.03502 ], [ -78.447454, 39.034929 ], [ -78.447496, 39.034867 ], [ -78.447577, 39.034797 ], [ -78.44788, 39.034653 ], [ -78.448496, 39.034464 ], [ -78.449344, 39.034256 ], [ -78.449735, 39.034205 ], [ -78.449971, 39.034199 ], [ -78.450084, 39.034233 ], [ -78.450193, 39.034336 ], [ -78.450242, 39.034362 ], [ -78.450302, 39.034372 ], [ -78.450362, 39.034362 ], [ -78.451115, 39.034032 ], [ -78.451806, 39.033694 ], [ -78.45201, 39.033556 ], [ -78.452116, 39.033439 ], [ -78.452239, 39.033244 ], [ -78.452267, 39.033104 ], [ -78.452218, 39.032956 ], [ -78.452149, 39.032876 ], [ -78.452077, 39.032836 ], [ -78.452017, 39.032827 ], [ -78.451954, 39.032833 ], [ -78.451827, 39.032877 ], [ -78.451767, 39.032873 ], [ -78.451711, 39.032854 ], [ -78.451669, 39.03282 ], [ -78.451616, 39.032728 ], [ -78.451585, 39.032527 ], [ -78.451606, 39.032279 ], [ -78.451669, 39.032052 ], [ -78.451731, 39.031955 ], [ -78.451877, 39.031931 ], [ -78.452187, 39.031929 ], [ -78.452764, 39.031888 ], [ -78.453011, 39.031845 ], [ -78.453236, 39.031736 ], [ -78.453606, 39.031508 ], [ -78.454064, 39.031146 ], [ -78.454201, 39.031084 ], [ -78.454511, 39.031024 ], [ -78.45462, 39.030985 ], [ -78.454789, 39.030896 ], [ -78.454926, 39.030796 ], [ -78.454937, 39.030734 ], [ -78.454874, 39.030661 ], [ -78.454539, 39.030402 ], [ -78.454114, 39.029993 ], [ -78.453987, 39.029835 ], [ -78.45392, 39.029667 ], [ -78.453906, 39.029423 ], [ -78.454076, 39.028474 ], [ -78.454136, 39.027797 ], [ -78.454418, 39.027884 ], [ -78.458574, 39.029175 ], [ -78.463538, 39.030762 ], [ -78.466343, 39.03165 ], [ -78.468207, 39.032257 ], [ -78.473213, 39.033937 ], [ -78.474402, 39.034323 ], [ -78.476349, 39.034919 ], [ -78.477535, 39.035263 ], [ -78.479996, 39.036076 ], [ -78.483383, 39.037148 ], [ -78.48472, 39.037583 ], [ -78.487103, 39.038308 ], [ -78.489803, 39.039229 ], [ -78.490108, 39.039319 ], [ -78.490525, 39.039467 ], [ -78.494335, 39.040651 ], [ -78.49505, 39.040854 ], [ -78.4997, 39.042323 ], [ -78.508185, 39.045068 ], [ -78.513489, 39.04675 ], [ -78.517233, 39.047959 ], [ -78.525854, 39.050746 ], [ -78.529567, 39.051892 ], [ -78.530521, 39.052184 ], [ -78.53207, 39.052702 ], [ -78.533645, 39.053204 ], [ -78.540664, 39.055405 ], [ -78.544182, 39.056559 ], [ -78.54409, 39.056652 ], [ -78.542869, 39.057623 ], [ -78.541403, 39.059119 ], [ -78.540216, 39.060631 ], [ -78.537533, 39.061696 ], [ -78.536557, 39.062199 ], [ -78.535108, 39.062905 ], [ -78.53458, 39.064406 ], [ -78.532916, 39.065451 ], [ -78.53223, 39.06605 ], [ -78.531695, 39.066519 ], [ -78.529125, 39.067559 ], [ -78.526543, 39.068221 ], [ -78.524273, 39.069711 ], [ -78.522714, 39.071062 ], [ -78.522244, 39.071854 ], [ -78.521561, 39.073452 ], [ -78.520853, 39.074107 ], [ -78.520032, 39.07473 ], [ -78.518112, 39.076122 ], [ -78.517446, 39.076906 ], [ -78.516789, 39.077569 ], [ -78.516342, 39.07882 ], [ -78.516315, 39.07961 ], [ -78.515955, 39.080046 ], [ -78.516424, 39.081028 ], [ -78.516479, 39.081802 ], [ -78.515553, 39.082304 ], [ -78.514475, 39.083025 ], [ -78.513397, 39.08402 ], [ -78.512103, 39.084878 ], [ -78.510703, 39.085205 ], [ -78.510485, 39.085402 ], [ -78.510322, 39.08555 ], [ -78.51012, 39.086166 ], [ -78.509371, 39.086757 ], [ -78.509147, 39.087362 ], [ -78.508132, 39.08863 ], [ -78.507033, 39.089416 ], [ -78.504384, 39.091398 ], [ -78.503278, 39.092973 ], [ -78.501728, 39.094549 ], [ -78.499731, 39.095933 ], [ -78.498712, 39.096795 ], [ -78.497355, 39.098037 ], [ -78.495984, 39.09898 ], [ -78.495619, 39.100125 ], [ -78.49516, 39.100992 ], [ -78.493734, 39.10159 ], [ -78.48976, 39.103856 ], [ -78.486792, 39.105849 ], [ -78.484283, 39.107372 ], [ -78.482541, 39.108205 ], [ -78.479597, 39.109505 ], [ -78.478426, 39.109843 ], [ -78.477832, 39.109605 ], [ -78.47732, 39.109398 ], [ -78.476582, 39.108629 ], [ -78.476058, 39.107754 ], [ -78.475376, 39.107469 ], [ -78.475103, 39.10754 ], [ -78.474585, 39.107675 ], [ -78.473209, 39.108143 ], [ -78.471367, 39.109315 ], [ -78.470261, 39.110063 ], [ -78.470149, 39.110238 ], [ -78.46953, 39.111204 ], [ -78.468045, 39.112035 ], [ -78.466662, 39.112858 ], [ -78.465561, 39.112969 ], [ -78.463813, 39.113286 ], [ -78.460745, 39.113346 ], [ -78.459869, 39.113351 ], [ -78.459311, 39.114273 ], [ -78.457951, 39.115281 ], [ -78.45733, 39.116163 ], [ -78.456124, 39.117161 ], [ -78.454787, 39.118443 ], [ -78.453802, 39.120004 ], [ -78.452221, 39.120715 ], [ -78.451005, 39.121802 ], [ -78.44982, 39.122913 ], [ -78.448296, 39.124051 ], [ -78.447179, 39.125105 ], [ -78.44656, 39.125764 ], [ -78.445539, 39.126639 ], [ -78.44426, 39.12761 ], [ -78.443052, 39.128606 ], [ -78.441948, 39.129577 ], [ -78.441131, 39.13071 ], [ -78.440387, 39.131609 ], [ -78.439429, 39.132146 ], [ -78.438922, 39.132998 ], [ -78.438186, 39.134413 ], [ -78.437771, 39.135426 ], [ -78.437766, 39.136729 ], [ -78.437732, 39.13683 ], [ -78.437215, 39.138402 ], [ -78.43687, 39.139873 ], [ -78.436658, 39.141691 ], [ -78.434811, 39.143047 ], [ -78.434563, 39.14336 ], [ -78.434457, 39.14418 ], [ -78.434095, 39.144695 ], [ -78.433393, 39.145305 ], [ -78.432661, 39.145746 ], [ -78.432278, 39.146316 ], [ -78.432143, 39.146678 ], [ -78.431429, 39.147529 ], [ -78.430075, 39.1492 ], [ -78.42875, 39.151313 ], [ -78.427294, 39.152726 ], [ -78.424561, 39.154096 ], [ -78.420418, 39.155792 ], [ -78.419974, 39.15604 ], [ -78.418377, 39.156656 ], [ -78.417912, 39.156993 ], [ -78.41753, 39.15733 ], [ -78.416849, 39.157618 ], [ -78.413943, 39.158415 ], [ -78.413169, 39.158929 ], [ -78.412951, 39.159443 ], [ -78.412599, 39.160038 ], [ -78.41232, 39.160198 ], [ -78.411587, 39.160759 ], [ -78.410669, 39.161385 ], [ -78.409698, 39.162171 ], [ -78.409356, 39.16283 ], [ -78.409087, 39.163135 ], [ -78.408622, 39.163528 ], [ -78.407787, 39.164049 ], [ -78.407229, 39.164378 ], [ -78.406764, 39.164891 ], [ -78.404842, 39.166858 ], [ -78.403996, 39.167355 ], [ -78.403697, 39.167451 ], [ -78.403907, 39.167738 ], [ -78.404487, 39.168112 ], [ -78.405246, 39.168629 ], [ -78.405769, 39.169226 ], [ -78.40628, 39.170088 ], [ -78.406966, 39.170903 ], [ -78.408106, 39.171461 ], [ -78.409206, 39.17181 ], [ -78.409988, 39.171997 ], [ -78.41074, 39.171983 ], [ -78.411972, 39.172734 ], [ -78.413131, 39.173638 ], [ -78.413725, 39.17442 ], [ -78.413886, 39.175346 ], [ -78.414418, 39.176321 ], [ -78.414844, 39.177835 ], [ -78.416904, 39.177614 ], [ -78.418532, 39.177369 ], [ -78.418944, 39.177354 ], [ -78.419149, 39.177579 ], [ -78.419149, 39.177732 ], [ -78.419538, 39.178063 ], [ -78.420637, 39.178927 ], [ -78.421017, 39.179145 ], [ -78.421642, 39.179806 ], [ -78.422853, 39.180961 ], [ -78.423325, 39.181347 ], [ -78.423571, 39.181501 ], [ -78.423641, 39.182031 ], [ -78.423989, 39.182491 ], [ -78.4244, 39.182733 ], [ -78.424945, 39.182855 ], [ -78.42545, 39.182703 ], [ -78.426089, 39.182705 ], [ -78.426315, 39.182762 ], [ -78.42651, 39.183003 ], [ -78.426632, 39.183261 ], [ -78.426898, 39.183729 ], [ -78.427041, 39.184179 ], [ -78.426926, 39.184477 ], [ -78.42678, 39.184967 ], [ -78.426932, 39.185563 ], [ -78.427148, 39.185725 ], [ -78.427385, 39.185774 ], [ -78.427601, 39.185885 ], [ -78.427705, 39.185975 ], [ -78.427857, 39.186105 ], [ -78.427987, 39.186374 ], [ -78.428112, 39.186717 ], [ -78.428389, 39.187047 ], [ -78.428697, 39.187217 ], [ -78.428459, 39.18762 ], [ -78.427198, 39.188792 ], [ -78.425864, 39.190277 ], [ -78.424292, 39.192156 ], [ -78.424331, 39.192655 ], [ -78.424905, 39.193301 ], [ -78.426024, 39.19414 ], [ -78.426437, 39.194085 ], [ -78.427097, 39.193628 ], [ -78.428676, 39.192633 ], [ -78.429169, 39.193029 ], [ -78.42962, 39.193577 ], [ -78.430091, 39.194367 ], [ -78.430427, 39.195373 ], [ -78.430846, 39.196227 ], [ -78.431268, 39.196285 ], [ -78.43166, 39.196141 ], [ -78.432361, 39.195925 ], [ -78.432817, 39.196125 ], [ -78.433779, 39.19666 ], [ -78.434242, 39.196677 ], [ -78.43521, 39.196679 ], [ -78.436662, 39.196658 ], [ -78.437629, 39.19699 ], [ -78.438218, 39.197618 ], [ -78.438695, 39.198093 ], [ -78.437718, 39.199129 ], [ -78.437606, 39.199247 ], [ -78.437173, 39.199707 ], [ -78.436506, 39.200005 ], [ -78.43568, 39.200526 ], [ -78.434027, 39.202076 ], [ -78.433293, 39.202621 ], [ -78.432795, 39.20365 ], [ -78.432188, 39.204828 ], [ -78.431709, 39.205299 ], [ -78.431168, 39.2058 ], [ -78.43117, 39.205907 ], [ -78.430818, 39.206389 ], [ -78.430363, 39.206863 ], [ -78.429859, 39.207 ], [ -78.429476, 39.207103 ], [ -78.428734, 39.207374 ], [ -78.428041, 39.207992 ], [ -78.427876, 39.208764 ], [ -78.426604, 39.209884 ], [ -78.424459, 39.211803 ], [ -78.423968, 39.212049 ], [ -78.423762, 39.212102 ], [ -78.423018, 39.212575 ], [ -78.422161, 39.213273 ], [ -78.421323, 39.214237 ], [ -78.421087, 39.214481 ], [ -78.420931, 39.214634 ], [ -78.420548, 39.214798 ], [ -78.41789, 39.217504 ], [ -78.41724, 39.218329 ], [ -78.41668, 39.219041 ], [ -78.415787, 39.220178 ], [ -78.415641, 39.220709 ], [ -78.415279, 39.221118 ], [ -78.414421, 39.221824 ], [ -78.413046, 39.223132 ], [ -78.412114, 39.224337 ], [ -78.411482, 39.225059 ], [ -78.410645, 39.225869 ], [ -78.410572, 39.226014 ], [ -78.410591, 39.226328 ], [ -78.410457, 39.226505 ], [ -78.409868, 39.226889 ], [ -78.409103, 39.227467 ], [ -78.408678, 39.228174 ], [ -78.408243, 39.228623 ], [ -78.407766, 39.229387 ], [ -78.407351, 39.23015 ], [ -78.407114, 39.230335 ], [ -78.406979, 39.230391 ], [ -78.406701, 39.23043 ], [ -78.405937, 39.230847 ], [ -78.405585, 39.231176 ], [ -78.405459, 39.231698 ], [ -78.405725, 39.23231 ], [ -78.406115, 39.232505 ], [ -78.406031, 39.232931 ], [ -78.405327, 39.234178 ], [ -78.405255, 39.234309 ], [ -78.405076, 39.234634 ], [ -78.404569, 39.235148 ], [ -78.404239, 39.235405 ], [ -78.404248, 39.23571 ], [ -78.404225, 39.235832 ], [ -78.404345, 39.236095 ], [ -78.404512, 39.236653 ], [ -78.404808, 39.237192 ], [ -78.404982, 39.237611 ], [ -78.40498, 39.238006 ], [ -78.404865, 39.238351 ], [ -78.404668, 39.238689 ], [ -78.404612, 39.238873 ], [ -78.404553, 39.239075 ], [ -78.4045, 39.239437 ], [ -78.40462, 39.24025 ], [ -78.404214, 39.241214 ], [ -78.403347, 39.241743 ], [ -78.402107, 39.242432 ], [ -78.400816, 39.243105 ], [ -78.399669, 39.243874 ], [ -78.399843, 39.244254 ], [ -78.399853, 39.244277 ], [ -78.400552, 39.244753 ], [ -78.401219, 39.245391 ], [ -78.401713, 39.245593 ], [ -78.402435, 39.246016 ], [ -78.403008, 39.246417 ], [ -78.403459, 39.246837 ], [ -78.40392, 39.247643 ], [ -78.40432, 39.247893 ], [ -78.405707, 39.249056 ], [ -78.406396, 39.250102 ], [ -78.406817, 39.250575 ], [ -78.407228, 39.250778 ], [ -78.40766, 39.251118 ], [ -78.409116, 39.252564 ], [ -78.40959, 39.252751 ], [ -78.410032, 39.252994 ], [ -78.410782, 39.253609 ], [ -78.411658, 39.253919 ], [ -78.412173, 39.254017 ], [ -78.412501, 39.254477 ], [ -78.413148, 39.254914 ], [ -78.414631, 39.255733 ], [ -78.415437, 39.255665 ], [ -78.415587, 39.255608 ], [ -78.41612, 39.25541 ], [ -78.41675, 39.255501 ], [ -78.417594, 39.255899 ], [ -78.418584, 39.256065 ], [ -78.418674, 39.256451 ], [ -78.419166, 39.257024 ], [ -78.419422, 39.257476 ], [ -78.418974, 39.258021 ], [ -78.418413, 39.258501 ], [ -78.418163, 39.258886 ], [ -78.417795, 39.259777 ], [ -78.417013, 39.260867 ], [ -78.416477, 39.26135 ], [ -78.415808, 39.261963 ], [ -78.415028, 39.262504 ], [ -78.414561, 39.263124 ], [ -78.414204, 39.26391 ], [ -78.412883, 39.265287 ], [ -78.412188, 39.265766 ], [ -78.411501, 39.266495 ], [ -78.411147, 39.266992 ], [ -78.410338, 39.267415 ], [ -78.409975, 39.267711 ], [ -78.409712, 39.268409 ], [ -78.40889, 39.269186 ], [ -78.408237, 39.269545 ], [ -78.407799, 39.270212 ], [ -78.407823, 39.270454 ], [ -78.407828, 39.2705 ], [ -78.407465, 39.270756 ], [ -78.40656, 39.271636 ], [ -78.404926, 39.273454 ], [ -78.403709, 39.274679 ], [ -78.402783, 39.275471 ], [ -78.401813, 39.276754 ], [ -78.401894, 39.276995 ], [ -78.402048, 39.277109 ], [ -78.402702, 39.277456 ], [ -78.402996, 39.277587 ], [ -78.403241, 39.278047 ], [ -78.403157, 39.278288 ], [ -78.402886, 39.278624 ], [ -78.400546, 39.280922 ], [ -78.399891, 39.281345 ], [ -78.399228, 39.281519 ], [ -78.398682, 39.281332 ], [ -78.398333, 39.281089 ], [ -78.398057, 39.280637 ], [ -78.397913, 39.280559 ], [ -78.397896, 39.280562 ], [ -78.397685, 39.280635 ], [ -78.397539, 39.280828 ], [ -78.397361, 39.281124 ], [ -78.397026, 39.28175 ], [ -78.396559, 39.282078 ], [ -78.395948, 39.282244 ], [ -78.395211, 39.282316 ], [ -78.394552, 39.282438 ], [ -78.393703, 39.282788 ], [ -78.393371, 39.282988 ], [ -78.393099, 39.283413 ], [ -78.392888, 39.283915 ], [ -78.392533, 39.284633 ], [ -78.392406, 39.284788 ], [ -78.39222, 39.284921 ], [ -78.392106, 39.28502 ], [ -78.391754, 39.28516 ], [ -78.391318, 39.28548 ], [ -78.390933, 39.285904 ], [ -78.389609, 39.287474 ], [ -78.389099, 39.288115 ], [ -78.388785, 39.288572 ], [ -78.388658, 39.289054 ], [ -78.3885, 39.289488 ], [ -78.388082, 39.290129 ], [ -78.387603, 39.290714 ], [ -78.387194, 39.291444 ], [ -78.387149, 39.292006 ], [ -78.387276, 39.293085 ], [ -78.387254, 39.293306 ], [ -78.387238, 39.29343 ], [ -78.386395, 39.294255 ], [ -78.385884, 39.294888 ], [ -78.385052, 39.295664 ], [ -78.382196, 39.297725 ], [ -78.380902, 39.298512 ], [ -78.380871, 39.298531 ], [ -78.379988, 39.299259 ], [ -78.378968, 39.300202 ], [ -78.378477, 39.300988 ], [ -78.377881, 39.301862 ], [ -78.376716, 39.302926 ], [ -78.375945, 39.303831 ], [ -78.374728, 39.305136 ], [ -78.371604, 39.307692 ], [ -78.370541, 39.308401 ], [ -78.369605, 39.308797 ], [ -78.367891, 39.309485 ], [ -78.367242, 39.310148 ], [ -78.366871, 39.310901 ], [ -78.366715, 39.311833 ], [ -78.366228, 39.312787 ], [ -78.365842, 39.313983 ], [ -78.365454, 39.314414 ], [ -78.36435, 39.315124 ], [ -78.364203, 39.315218 ], [ -78.363962, 39.315627 ], [ -78.363871, 39.316253 ], [ -78.364061, 39.316681 ], [ -78.364399, 39.316965 ], [ -78.364684, 39.317312 ], [ -78.36474, 39.317707 ], [ -78.364654, 39.31798 ], [ -78.364387, 39.31839 ], [ -78.364177, 39.318666 ], [ -78.364074, 39.31882 ], [ -78.363421, 39.319081 ], [ -78.362864, 39.318957 ], [ -78.361922, 39.318242 ], [ -78.360571, 39.317597 ], [ -78.360249, 39.317547 ], [ -78.360035, 39.317771 ], [ -78.35998, 39.318093 ], [ -78.359862, 39.318438 ], [ -78.359285, 39.319149 ], [ -78.35894, 39.319484 ], [ -78.358393, 39.320189 ], [ -78.3578, 39.321383 ], [ -78.357112, 39.322673 ], [ -78.356427, 39.323722 ], [ -78.355576, 39.325726 ], [ -78.355557, 39.326418 ], [ -78.355709, 39.327144 ], [ -78.355714, 39.327175 ], [ -78.355432, 39.327406 ], [ -78.354986, 39.327524 ], [ -78.353915, 39.327919 ], [ -78.35385, 39.328208 ], [ -78.353478, 39.329025 ], [ -78.353086, 39.329746 ], [ -78.352739, 39.330227 ], [ -78.352321, 39.330618 ], [ -78.351717, 39.33145 ], [ -78.350512, 39.33309 ], [ -78.350147, 39.334149 ], [ -78.350172, 39.334672 ], [ -78.349512, 39.335335 ], [ -78.348958, 39.335822 ], [ -78.348755, 39.336121 ], [ -78.348326, 39.33675 ], [ -78.346933, 39.338172 ], [ -78.346301, 39.339108 ], [ -78.34546, 39.341024 ], [ -78.345546, 39.341109 ], [ -78.345574, 39.341228 ], [ -78.345641, 39.341524 ], [ -78.346113, 39.3418 ], [ -78.346927, 39.342168 ], [ -78.347634, 39.34272 ], [ -78.347409, 39.343402 ], [ -78.346777, 39.344266 ], [ -78.344539, 39.346277 ], [ -78.343685, 39.346713 ], [ -78.343114, 39.34683 ], [ -78.342514, 39.346769 ], [ -78.342186, 39.346582 ], [ -78.341728, 39.345887 ], [ -78.341546, 39.34554 ], [ -78.341308, 39.345555 ], [ -78.340192, 39.347147 ], [ -78.339284, 39.348605 ], [ -78.338958, 39.349889 ], [ -78.33916, 39.3503 ], [ -78.339527, 39.350802 ], [ -78.33905, 39.351723 ], [ -78.339151, 39.351949 ], [ -78.339523, 39.351928 ], [ -78.340019, 39.352011 ], [ -78.34071, 39.352233 ], [ -78.340872, 39.352524 ], [ -78.340626, 39.353166 ], [ -78.340415, 39.353628 ], [ -78.341009, 39.35374 ], [ -78.341462, 39.353804 ], [ -78.34804, 39.354597 ], [ -78.348927, 39.354713 ], [ -78.349903, 39.354876 ], [ -78.350626, 39.355027 ], [ -78.35182, 39.355314 ], [ -78.353054, 39.355657 ], [ -78.355617, 39.356404 ], [ -78.357521, 39.356933 ], [ -78.358964, 39.357268 ], [ -78.361018, 39.357618 ], [ -78.362404, 39.357834 ], [ -78.363855, 39.358271 ], [ -78.364535, 39.358549 ], [ -78.365536, 39.358887 ], [ -78.366867, 39.35929 ], [ -78.366469, 39.359617 ], [ -78.365673, 39.360399 ], [ -78.364045, 39.36153 ], [ -78.362632, 39.362888 ], [ -78.361647, 39.363903 ], [ -78.360545, 39.365206 ], [ -78.358787, 39.367614 ], [ -78.358367, 39.368134 ], [ -78.357712, 39.368387 ], [ -78.356653, 39.369498 ], [ -78.356293, 39.370227 ], [ -78.355362, 39.370985 ], [ -78.354837, 39.371616 ], [ -78.354552, 39.372049 ], [ -78.35308, 39.373992 ], [ -78.352097, 39.375098 ], [ -78.351669, 39.376367 ], [ -78.351098, 39.37766100000011 ], [ -78.350108, 39.379144 ], [ -78.347999, 39.381363 ], [ -78.346875, 39.383306 ], [ -78.345593, 39.385154 ], [ -78.344305, 39.387179 ], [ -78.343214, 39.388807 ], [ -78.343411, 39.388838 ], [ -78.344675, 39.389106 ], [ -78.345218, 39.389446 ], [ -78.345876, 39.390291 ], [ -78.346675, 39.390556 ], [ -78.347881, 39.390503 ], [ -78.35003, 39.390657 ], [ -78.350924, 39.390985 ], [ -78.351211, 39.3914 ], [ -78.35077, 39.392017 ], [ -78.350014, 39.392861 ], [ -78.349613, 39.393879 ], [ -78.349298, 39.39657 ], [ -78.349436, 39.397252 ], [ -78.349884, 39.397939 ], [ -78.350593, 39.398318 ], [ -78.351057, 39.398795 ], [ -78.35229, 39.39981 ], [ -78.352947, 39.400352 ], [ -78.354337, 39.401238 ], [ -78.355788, 39.402509 ], [ -78.356248, 39.403301 ], [ -78.357196, 39.403725 ], [ -78.357949, 39.404192 ], [ -78.358794, 39.405631 ], [ -78.359918, 39.409028 ], [ -78.359851, 39.410727 ], [ -78.359514, 39.411897 ], [ -78.359352, 39.412534 ], [ -78.356452, 39.41543 ], [ -78.356768, 39.416239 ], [ -78.357024, 39.416638 ], [ -78.356938, 39.416929 ], [ -78.356544, 39.417335 ], [ -78.355183, 39.417921 ], [ -78.353381, 39.419083 ], [ -78.351236, 39.420595 ], [ -78.350594, 39.421519 ], [ -78.350111, 39.422562 ], [ -78.349335, 39.423495 ], [ -78.348354, 39.424431 ], [ -78.347899, 39.425369 ], [ -78.347587, 39.426257 ], [ -78.347023, 39.426923 ], [ -78.346718, 39.427618 ], [ -78.347036, 39.428033 ], [ -78.347394, 39.428359 ], [ -78.347701, 39.428718 ], [ -78.347942, 39.430879 ], [ -78.34906, 39.432034 ], [ -78.350388, 39.433323 ], [ -78.351302, 39.434592 ], [ -78.352877, 39.436345 ], [ -78.353227, 39.436792 ], [ -78.353101, 39.437195 ], [ -78.352357, 39.437638 ], [ -78.351078, 39.438207 ], [ -78.350121, 39.438837 ], [ -78.347773, 39.440583 ], [ -78.346546, 39.442616 ], [ -78.34636, 39.444082 ], [ -78.346061, 39.445613 ], [ -78.346223, 39.445941 ], [ -78.346741, 39.446697 ], [ -78.347333, 39.447659 ], [ -78.347046, 39.450236 ], [ -78.346962, 39.450679 ], [ -78.34664, 39.451592 ], [ -78.345823, 39.453499 ], [ -78.345584, 39.454878 ], [ -78.345843, 39.455929 ], [ -78.345603, 39.456732 ], [ -78.345081, 39.458487 ], [ -78.345143, 39.459484 ], [ -78.345452, 39.459907 ], [ -78.346367, 39.460219 ], [ -78.347327, 39.460708 ], [ -78.349094, 39.461759 ], [ -78.349568, 39.461689 ], [ -78.349798, 39.461807 ], [ -78.349677, 39.461946 ], [ -78.349265, 39.462513 ], [ -78.348915, 39.463064 ], [ -78.348303, 39.463899 ], [ -78.347922, 39.46445 ], [ -78.347695, 39.464968 ], [ -78.347425, 39.465357 ], [ -78.347087, 39.466012 ], [ -78.347036, 39.465979 ], [ -78.345452, 39.464971 ], [ -78.344392, 39.464348 ], [ -78.343694, 39.463897 ], [ -78.33988, 39.461437 ], [ -78.33718, 39.459706 ], [ -78.33031, 39.455332 ], [ -78.319448, 39.448419 ], [ -78.307448, 39.440791 ], [ -78.307204, 39.440641 ], [ -78.303621, 39.438444 ], [ -78.300158, 39.436321 ], [ -78.28931, 39.42958 ], [ -78.28798, 39.428755 ], [ -78.28694, 39.428148 ], [ -78.274364, 39.420952 ], [ -78.271919, 39.419553 ], [ -78.262815, 39.41434 ], [ -78.258517, 39.411325 ], [ -78.258077, 39.411016 ], [ -78.251457, 39.406367 ], [ -78.249727, 39.405153 ], [ -78.245363, 39.402713 ], [ -78.244965, 39.402438 ], [ -78.237942, 39.397581 ], [ -78.228766, 39.391233 ], [ -78.219912, 39.38511 ], [ -78.206444, 39.375793 ], [ -78.205401, 39.375098 ], [ -78.201856, 39.37297 ], [ -78.197586, 39.370264 ], [ -78.192672, 39.367218 ], [ -78.18737, 39.363989 ], [ -78.184154, 39.361801 ], [ -78.181309, 39.359868 ], [ -78.176461, 39.356429 ], [ -78.172034, 39.353476 ], [ -78.171455, 39.353054 ], [ -78.17138, 39.353 ], [ -78.171331, 39.352964 ], [ -78.158711, 39.343767 ], [ -78.158193, 39.343391 ], [ -78.156101, 39.34236 ], [ -78.150694, 39.339328 ], [ -78.14812, 39.337763 ], [ -78.146079, 39.336624 ], [ -78.143782, 39.335342 ], [ -78.141347, 39.333983 ], [ -78.14092, 39.333745 ], [ -78.138837, 39.332396 ], [ -78.135936, 39.330518 ], [ -78.124723, 39.323208 ], [ -78.123808, 39.322677 ], [ -78.108746, 39.31246 ], [ -78.108306, 39.312187 ], [ -78.107697, 39.311812 ], [ -78.100147, 39.307147 ], [ -78.093592, 39.303093 ], [ -78.08161, 39.29541 ], [ -78.081365, 39.295255 ], [ -78.079953, 39.294363 ], [ -78.078994, 39.293756 ], [ -78.074568, 39.29088 ], [ -78.069511, 39.287595 ], [ -78.067874, 39.286532 ], [ -78.06105, 39.282099 ], [ -78.057614, 39.279866 ], [ -78.054769, 39.278061 ], [ -78.051272, 39.27588 ], [ -78.038662, 39.268016 ], [ -78.038637, 39.268012 ], [ -78.033315, 39.264659 ], [ -78.033191, 39.264612 ], [ -78.032946, 39.264462 ], [ -78.030609, 39.263048 ], [ -78.029652, 39.262414 ], [ -78.021708, 39.257163 ], [ -78.01743, 39.254367 ], [ -78.010609, 39.250016 ], [ -78.007456, 39.24791 ], [ -78.006824, 39.24749 ], [ -77.99972, 39.243146 ], [ -77.995325, 39.240294 ], [ -77.991269, 39.237662 ], [ -77.975842, 39.22772 ], [ -77.974404, 39.226793 ], [ -77.967298, 39.222212 ], [ -77.957463, 39.215874 ], [ -77.955474, 39.214583 ], [ -77.940874, 39.20511 ], [ -77.935929, 39.201901 ], [ -77.928145, 39.19685 ], [ -77.919424, 39.191193 ], [ -77.915319, 39.188581 ], [ -77.914915, 39.188319 ], [ -77.892582, 39.173858 ], [ -77.892337, 39.173699 ], [ -77.885508, 39.169287 ], [ -77.883576, 39.168039 ], [ -77.880989, 39.166368 ], [ -77.876557, 39.163504 ], [ -77.874697, 39.162277 ], [ -77.861317, 39.1537 ], [ -77.860941, 39.153456 ], [ -77.860894, 39.153427 ], [ -77.860203, 39.152981 ], [ -77.856108, 39.150338 ], [ -77.849088, 39.145823 ], [ -77.840991, 39.140614 ], [ -77.834843, 39.136658 ], [ -77.833725, 39.135939 ], [ -77.828791, 39.132763 ], [ -77.828299, 39.132426 ], [ -77.827984, 39.132978 ], [ -77.827908, 39.133585 ], [ -77.827851, 39.134054 ], [ -77.827545, 39.134678 ], [ -77.827189, 39.135235 ], [ -77.826849, 39.135497 ], [ -77.826231, 39.135686 ], [ -77.825772, 39.135738 ], [ -77.825655, 39.135668 ], [ -77.825159, 39.135375 ], [ -77.824488, 39.136149 ], [ -77.824692, 39.136628 ], [ -77.824732, 39.136719 ], [ -77.824526, 39.137108 ], [ -77.824375, 39.137995 ], [ -77.823946, 39.138504 ], [ -77.82359, 39.13884 ], [ -77.822712, 39.13947 ], [ -77.822101, 39.140105 ], [ -77.821918, 39.141128 ], [ -77.821945, 39.141709 ], [ -77.82207, 39.14271 ], [ -77.822451, 39.143664 ], [ -77.822811, 39.143916 ], [ -77.823281, 39.144358 ], [ -77.823304, 39.144808 ], [ -77.823346, 39.145625 ], [ -77.822955, 39.145934 ], [ -77.822607, 39.146456 ], [ -77.822563, 39.146882 ], [ -77.822462, 39.147138 ], [ -77.82314, 39.1475 ], [ -77.822825, 39.148013 ], [ -77.822278, 39.149215 ], [ -77.821793, 39.149593 ], [ -77.821752, 39.150454 ], [ -77.821625, 39.151868 ], [ -77.821548, 39.152033 ], [ -77.82137, 39.152351 ], [ -77.820523, 39.153091 ], [ -77.819849, 39.153538 ], [ -77.819648, 39.153935 ], [ -77.818988, 39.154506 ], [ -77.818573, 39.155097 ], [ -77.818615, 39.155234 ], [ -77.818659, 39.155506 ], [ -77.818259, 39.155843 ], [ -77.818355, 39.156041 ], [ -77.817768, 39.156733 ], [ -77.817603, 39.157051 ], [ -77.817234, 39.157145 ], [ -77.816783, 39.157843 ], [ -77.816306, 39.158686 ], [ -77.816145, 39.159358 ], [ -77.816056, 39.159543 ], [ -77.816028, 39.159686 ], [ -77.815492, 39.160766 ], [ -77.815073, 39.161677 ], [ -77.814713, 39.16238 ], [ -77.81433, 39.16299 ], [ -77.813918, 39.163998 ], [ -77.813626, 39.164418 ], [ -77.81337, 39.164327 ], [ -77.812613, 39.164224 ], [ -77.81265, 39.164552 ], [ -77.812354, 39.165276 ], [ -77.811671, 39.166067 ], [ -77.811438, 39.166584 ], [ -77.811495, 39.166867 ], [ -77.81144, 39.167045 ], [ -77.81121, 39.1672 ], [ -77.810856, 39.167267 ], [ -77.810172, 39.167611 ], [ -77.809815, 39.168043 ], [ -77.809038, 39.169342 ], [ -77.808218, 39.170062 ], [ -77.806587, 39.171093 ], [ -77.806049, 39.171737 ], [ -77.805875, 39.173117 ], [ -77.80534, 39.174066 ], [ -77.805052, 39.175433 ], [ -77.804508, 39.176196 ], [ -77.804614, 39.176636 ], [ -77.804971, 39.17698 ], [ -77.80447, 39.177713 ], [ -77.804451, 39.177825 ], [ -77.804251, 39.178113 ], [ -77.804091, 39.178552 ], [ -77.804905, 39.179051 ], [ -77.804111, 39.180305 ], [ -77.803637, 39.180649 ], [ -77.803458, 39.180882 ], [ -77.80307, 39.181978 ], [ -77.803102, 39.182293 ], [ -77.802929, 39.182704 ], [ -77.802649, 39.183571 ], [ -77.802109, 39.184416 ], [ -77.80193, 39.184776 ], [ -77.801407, 39.185405 ], [ -77.801304, 39.186295 ], [ -77.801096, 39.186902 ], [ -77.801115, 39.187786 ], [ -77.800726, 39.18801 ], [ -77.80029, 39.18855 ], [ -77.80021, 39.188821 ], [ -77.799895, 39.189893 ], [ -77.799639, 39.190512 ], [ -77.799434, 39.191152 ], [ -77.799143, 39.19179 ], [ -77.798164, 39.192518 ], [ -77.798026, 39.193437 ], [ -77.797837, 39.194071 ], [ -77.798549, 39.194873 ], [ -77.798271, 39.195748 ], [ -77.798247, 39.196528 ], [ -77.798643, 39.197481 ], [ -77.798632, 39.197876 ], [ -77.798492, 39.198309 ], [ -77.798445, 39.19887 ], [ -77.798399, 39.199083 ], [ -77.798157, 39.200703 ], [ -77.797593, 39.201545 ], [ -77.796814, 39.20225 ], [ -77.79618, 39.203469 ], [ -77.795303, 39.204787 ], [ -77.794958, 39.205503 ], [ -77.794663, 39.205988 ], [ -77.793601, 39.207623 ], [ -77.79339, 39.208176 ], [ -77.792994, 39.208533 ], [ -77.792919, 39.20863 ], [ -77.792632, 39.208998 ], [ -77.792783, 39.209629 ], [ -77.792986, 39.210221 ], [ -77.793113, 39.210295 ], [ -77.792663, 39.211388 ], [ -77.792083, 39.212113 ], [ -77.791971, 39.212253 ], [ -77.791533, 39.212526 ], [ -77.790492, 39.213545 ], [ -77.789559, 39.21434 ], [ -77.78898, 39.21478 ], [ -77.788841, 39.214865 ], [ -77.78831, 39.216168 ], [ -77.787916, 39.216763 ], [ -77.787713, 39.217015 ], [ -77.787475, 39.217477 ], [ -77.786783, 39.218596 ], [ -77.786492, 39.218949 ], [ -77.786217, 39.219435 ], [ -77.785927, 39.219666 ], [ -77.785977, 39.219982 ], [ -77.786161, 39.22047 ], [ -77.786284, 39.220986 ], [ -77.786229, 39.22126 ], [ -77.786493, 39.221435 ], [ -77.786503, 39.221472 ], [ -77.786468, 39.221504 ], [ -77.786322, 39.221807 ], [ -77.785858, 39.222053 ], [ -77.7847, 39.222776 ], [ -77.784167, 39.223525 ], [ -77.783535, 39.224189 ], [ -77.783016, 39.224873 ], [ -77.782355, 39.225398 ], [ -77.781255, 39.2268 ], [ -77.781639, 39.227192 ], [ -77.781663, 39.227498 ], [ -77.781381, 39.228009 ], [ -77.780799, 39.228721 ], [ -77.780627, 39.228906 ], [ -77.779861, 39.229323 ], [ -77.779335, 39.229705 ], [ -77.778893, 39.229919 ], [ -77.777994, 39.229831 ], [ -77.777416, 39.229702 ], [ -77.777116, 39.230532 ], [ -77.776675, 39.231316 ], [ -77.775868, 39.232141 ], [ -77.775209, 39.232468 ], [ -77.774941, 39.232722 ], [ -77.77478, 39.233017 ], [ -77.774161, 39.233535 ], [ -77.773693, 39.233731 ], [ -77.77368, 39.234466 ], [ -77.773259, 39.235017 ], [ -77.772404, 39.235808 ], [ -77.771365, 39.236493 ], [ -77.770982, 39.237474 ], [ -77.771124, 39.238017 ], [ -77.771117, 39.238047 ], [ -77.770976, 39.238234 ], [ -77.770467, 39.239104 ], [ -77.77026, 39.240078 ], [ -77.770217, 39.241061 ], [ -77.769857, 39.242168 ], [ -77.769928, 39.242936 ], [ -77.769277, 39.2439 ], [ -77.768778, 39.244932 ], [ -77.76805, 39.245541 ], [ -77.768231, 39.246699 ], [ -77.767812, 39.248082 ], [ -77.76738, 39.248652 ], [ -77.767227, 39.249009 ], [ -77.767276, 39.249751 ], [ -77.768542, 39.249543 ], [ -77.769799, 39.249451 ], [ -77.770937, 39.249446 ], [ -77.770666, 39.250812 ], [ -77.770594, 39.252227 ], [ -77.770594, 39.253272 ], [ -77.770879, 39.25367 ], [ -77.770661, 39.25401 ], [ -77.770669, 39.255262 ], [ -77.770365, 39.255744 ], [ -77.770317, 39.255876 ], [ -77.770102, 39.256369 ], [ -77.769323, 39.256491 ], [ -77.768754, 39.256439 ], [ -77.768374, 39.257189 ], [ -77.768324, 39.257251 ], [ -77.767997, 39.25758 ], [ -77.767624, 39.257778 ], [ -77.76728, 39.257808 ], [ -77.766397, 39.257721 ], [ -77.765682, 39.257778 ], [ -77.765215, 39.25792 ], [ -77.765156, 39.257921 ], [ -77.763731, 39.257951 ], [ -77.762928, 39.258273 ], [ -77.762761, 39.259228 ], [ -77.762871, 39.259575 ], [ -77.76287, 39.259659 ], [ -77.763115, 39.26013 ], [ -77.763112, 39.260432 ], [ -77.762907, 39.260939 ], [ -77.762841, 39.260994 ], [ -77.762581, 39.261211 ], [ -77.762456, 39.261275 ], [ -77.762367, 39.261371 ], [ -77.76217, 39.262042 ], [ -77.761826, 39.262814 ], [ -77.761768, 39.263031 ], [ -77.761217, 39.263721 ], [ -77.761142, 39.26373 ], [ -77.761093, 39.263796 ], [ -77.759946, 39.263583 ], [ -77.759589, 39.263759 ], [ -77.759071, 39.264255 ], [ -77.758652, 39.264658 ], [ -77.75838, 39.265086 ], [ -77.758106, 39.26615 ], [ -77.758555, 39.26702 ], [ -77.758563, 39.267637 ], [ -77.758753, 39.267914 ], [ -77.758901, 39.268131 ], [ -77.758196, 39.270303 ], [ -77.758046, 39.271388 ], [ -77.758024, 39.271436 ], [ -77.758043, 39.271819 ], [ -77.757967, 39.272252 ], [ -77.757657, 39.272847 ], [ -77.757201, 39.27361 ], [ -77.756888, 39.274061 ], [ -77.756025, 39.274569 ], [ -77.755833, 39.274705 ], [ -77.755196, 39.275217 ], [ -77.754765, 39.275693 ], [ -77.754049, 39.27603 ], [ -77.753186, 39.277208 ], [ -77.753105, 39.27734 ], [ -77.752985, 39.277768 ], [ -77.753176, 39.278283 ], [ -77.753252, 39.278401 ], [ -77.75329, 39.27891 ], [ -77.753242, 39.27942 ], [ -77.753357, 39.280331 ], [ -77.753069, 39.281267 ], [ -77.753094, 39.281799 ], [ -77.752726, 39.283373 ], [ -77.751839, 39.284903 ], [ -77.751257, 39.286833 ], [ -77.750679, 39.288135 ], [ -77.750267, 39.289284 ], [ -77.749715, 39.290498 ], [ -77.74896, 39.291968 ], [ -77.748295, 39.293696 ], [ -77.747886, 39.294419 ], [ -77.747587, 39.294834 ], [ -77.746591, 39.296003 ], [ -77.744633, 39.298417 ], [ -77.74383, 39.299182 ], [ -77.743222, 39.300103 ], [ -77.742822, 39.300549 ], [ -77.742149, 39.301365 ], [ -77.741859, 39.301868 ], [ -77.741366, 39.302845 ], [ -77.740994, 39.303677 ], [ -77.740622, 39.304668 ], [ -77.739974, 39.305515 ], [ -77.739938, 39.305585 ], [ -77.739522, 39.306382 ], [ -77.739078, 39.307147 ], [ -77.73841, 39.308191 ], [ -77.738104, 39.308404 ], [ -77.738018, 39.308488 ], [ -77.737632, 39.30899 ], [ -77.73693, 39.309627 ], [ -77.736631, 39.310074 ], [ -77.736278, 39.3106 ], [ -77.735518, 39.311871 ], [ -77.735118, 39.312196 ], [ -77.734895, 39.31257 ], [ -77.734767, 39.312686 ], [ -77.734219, 39.313054 ], [ -77.732688, 39.313767 ], [ -77.732167, 39.314116 ], [ -77.731342, 39.314916 ], [ -77.731097, 39.315255 ], [ -77.730697, 39.315603 ], [ -77.729566, 39.315854 ], [ -77.728975, 39.316058 ], [ -77.728745, 39.316293 ], [ -77.728258, 39.316372 ], [ -77.727361, 39.317035 ], [ -77.725906, 39.317675 ], [ -77.72499, 39.317548 ], [ -77.724164, 39.317622 ], [ -77.72366, 39.317748 ], [ -77.723366, 39.317948 ], [ -77.723136, 39.318064 ], [ -77.722761, 39.318195 ], [ -77.722388, 39.318142 ], [ -77.721638, 39.318494 ], [ -77.720783, 39.318977 ], [ -77.720354, 39.319666 ], [ -77.719903, 39.320904 ], [ -77.719708, 39.321088 ], [ -77.719519, 39.321314 ], [ -77.719207, 39.321275 ], [ -77.718762, 39.321187 ], [ -77.718437, 39.321088 ], [ -77.717857, 39.321012 ], [ -77.717292, 39.320847 ], [ -77.716882, 39.320803 ], [ -77.716331, 39.320842 ], [ -77.715794, 39.32082 ], [ -77.71561, 39.320864 ], [ -77.715567, 39.320919 ], [ -77.715589, 39.32115 ], [ -77.715546, 39.321183 ], [ -77.715264, 39.321227 ], [ -77.714995, 39.321249 ], [ -77.714797, 39.321293 ], [ -77.714288, 39.321331 ], [ -77.714076, 39.321287 ], [ -77.71402, 39.321254 ], [ -77.713723, 39.321211 ], [ -77.713638, 39.321255 ], [ -77.713469, 39.321298 ], [ -77.71303, 39.321364 ], [ -77.71244, 39.321381 ], [ -77.712213, 39.32139 ], [ -77.711942, 39.321425 ], [ -77.711702, 39.321513 ], [ -77.711589, 39.321535 ], [ -77.711476, 39.321535 ], [ -77.711377, 39.321513 ], [ -77.711236, 39.321436 ], [ -77.710572, 39.321351 ], [ -77.710404, 39.321351 ], [ -77.710221, 39.321418 ], [ -77.709869, 39.321485 ], [ -77.709675, 39.32147 ], [ -77.709429, 39.321445 ], [ -77.709344, 39.321455 ], [ -77.708296, 39.321728 ], [ -77.708084, 39.32175 ], [ -77.707674, 39.321728 ], [ -77.707278, 39.321629 ], [ -77.706896, 39.321492 ], [ -77.70626, 39.321295 ], [ -77.704832, 39.320768 ], [ -77.704564, 39.320647 ], [ -77.703786, 39.320389 ], [ -77.702888, 39.320128 ], [ -77.702139, 39.319929 ], [ -77.701364, 39.319678 ], [ -77.69992, 39.319276 ], [ -77.699327, 39.319067 ], [ -77.698874, 39.318963 ], [ -77.698281, 39.31893 ], [ -77.697998, 39.318897 ], [ -77.697376, 39.318744 ], [ -77.69674, 39.318546 ], [ -77.696076, 39.318453 ], [ -77.695694, 39.318464 ], [ -77.695242, 39.318508 ], [ -77.69462, 39.318497 ], [ -77.694266, 39.318453 ], [ -77.693673, 39.318415 ], [ -77.693008, 39.318437 ], [ -77.692542, 39.318503 ], [ -77.692005, 39.318612 ], [ -77.690987, 39.318958 ], [ -77.690535, 39.319189 ], [ -77.690196, 39.31931 ], [ -77.690062, 39.319343 ], [ -77.68951, 39.319398 ], [ -77.68903, 39.319425 ], [ -77.688648, 39.319469 ], [ -77.688436, 39.319513 ], [ -77.68804, 39.319634 ], [ -77.6865, 39.320199 ], [ -77.686175, 39.320397 ], [ -77.685037, 39.321286 ], [ -77.68457, 39.321753 ], [ -77.684231, 39.322038 ], [ -77.684062, 39.322225 ], [ -77.683864, 39.3224 ], [ -77.683433, 39.322708 ], [ -77.683079, 39.322895 ], [ -77.682238, 39.323619 ], [ -77.682076, 39.323729 ], [ -77.681722, 39.323888 ], [ -77.681171, 39.323965 ], [ -77.681143, 39.323987 ], [ -77.679941, 39.324124 ], [ -77.679171, 39.324278 ], [ -77.67871, 39.324342 ], [ -77.678266, 39.324432 ], [ -77.677729, 39.324503 ], [ -77.677164, 39.324534 ], [ -77.67681, 39.324558 ], [ -77.676464, 39.324515 ], [ -77.676443, 39.324525 ], [ -77.676061, 39.324492 ], [ -77.675467, 39.32436 ], [ -77.675185, 39.324234 ], [ -77.674739, 39.323915 ], [ -77.674273, 39.323465 ], [ -77.673354, 39.322806 ], [ -77.672796, 39.322543 ], [ -77.671941, 39.322175 ], [ -77.671588, 39.321955 ], [ -77.671559, 39.321955 ], [ -77.671001, 39.321692 ], [ -77.670393, 39.321275 ], [ -77.670337, 39.321176 ], [ -77.6698, 39.320517 ], [ -77.669503, 39.320226 ], [ -77.669192, 39.319875 ], [ -77.668747, 39.319468 ], [ -77.668512, 39.319226 ], [ -77.668365, 39.319073 ], [ -77.667602, 39.318392 ], [ -77.667249, 39.318118 ], [ -77.666535, 39.317635 ], [ -77.66508, 39.316805 ], [ -77.664458, 39.316564 ], [ -77.66385, 39.316267 ], [ -77.662889, 39.315899 ], [ -77.662013, 39.315658 ], [ -77.661101, 39.315372 ], [ -77.660013, 39.314949 ], [ -77.65966, 39.314839 ], [ -77.659363, 39.314718 ], [ -77.658798, 39.314554 ], [ -77.658643, 39.314488 ], [ -77.656494, 39.313889 ], [ -77.655519, 39.31351 ], [ -77.654438, 39.312928 ], [ -77.653958, 39.312631 ], [ -77.65335, 39.312313 ], [ -77.650899, 39.310846 ], [ -77.650193, 39.310604 ], [ -77.649401, 39.310401 ], [ -77.648666, 39.310236 ], [ -77.648355, 39.310192 ], [ -77.647917, 39.310082 ], [ -77.647494, 39.309896 ], [ -77.647112, 39.309692 ], [ -77.646208, 39.309374 ], [ -77.645713, 39.309253 ], [ -77.645614, 39.309209 ], [ -77.64536, 39.309143 ], [ -77.644766, 39.309077 ], [ -77.644625, 39.309033 ], [ -77.644463, 39.308929 ], [ -77.644207, 39.30883 ], [ -77.644084, 39.30875 ], [ -77.643798, 39.308785 ], [ -77.643781, 39.308705 ], [ -77.643516, 39.308763 ], [ -77.642717, 39.308785 ], [ -77.642223, 39.308763 ], [ -77.641827, 39.308713 ], [ -77.641601, 39.308658 ], [ -77.640746, 39.308515 ], [ -77.639686, 39.308273 ], [ -77.639519, 39.308246 ], [ -77.638358, 39.308092 ], [ -77.636747, 39.307975 ], [ -77.635659, 39.307788 ], [ -77.635306, 39.307776 ], [ -77.63515, 39.307798 ], [ -77.634796, 39.307984 ], [ -77.634598, 39.308039 ], [ -77.634541, 39.308039 ], [ -77.634456, 39.308017 ], [ -77.634329, 39.30794 ], [ -77.634288, 39.30789 ], [ -77.63426, 39.307759 ], [ -77.634161, 39.307671 ], [ -77.633921, 39.307627 ], [ -77.633483, 39.307605 ], [ -77.633242, 39.307647 ], [ -77.633016, 39.307713 ], [ -77.632817, 39.307845 ], [ -77.632718, 39.307889 ], [ -77.63228, 39.307932 ], [ -77.631941, 39.307921 ], [ -77.631381, 39.307766 ], [ -77.631108, 39.307718 ], [ -77.630925, 39.307719 ], [ -77.630769, 39.307642 ], [ -77.630247, 39.307215 ], [ -77.630091, 39.307117 ], [ -77.629484, 39.30682 ], [ -77.62906, 39.306671 ], [ -77.628735, 39.306441 ], [ -77.628636, 39.306287 ], [ -77.628537, 39.30621 ], [ -77.628269, 39.306089 ], [ -77.627831, 39.305968 ], [ -77.627322, 39.305924 ], [ -77.626616, 39.305803 ], [ -77.625478, 39.305391 ], [ -77.625351, 39.305358 ], [ -77.624821, 39.305138 ], [ -77.624716, 39.305123 ], [ -77.624631, 39.305134 ], [ -77.62444, 39.305079 ], [ -77.623345, 39.305019 ], [ -77.622525, 39.304833 ], [ -77.622285, 39.304746 ], [ -77.621639, 39.304383 ], [ -77.620426, 39.304082 ], [ -77.619649, 39.303852 ], [ -77.618843, 39.303529 ], [ -77.618108, 39.303178 ], [ -77.617952, 39.303123 ], [ -77.617231, 39.30298 ], [ -77.617097, 39.302937 ], [ -77.616828, 39.302783 ], [ -77.616616, 39.302695 ], [ -77.61639, 39.302635 ], [ -77.61591, 39.302548 ], [ -77.615641, 39.302559 ], [ -77.615062, 39.302713 ], [ -77.614906, 39.302735 ], [ -77.614539, 39.302757 ], [ -77.613988, 39.302686 ], [ -77.613691, 39.302697 ], [ -77.613211, 39.302818 ], [ -77.612815, 39.302873 ], [ -77.612688, 39.302928 ], [ -77.612568, 39.303027 ], [ -77.612455, 39.303191 ], [ -77.612257, 39.303318 ], [ -77.611961, 39.303373 ], [ -77.611296, 39.303406 ], [ -77.611113, 39.303307 ], [ -77.610717, 39.303253 ], [ -77.610378, 39.303099 ], [ -77.610031, 39.302863 ], [ -77.610017, 39.302775 ], [ -77.610059, 39.302742 ], [ -77.610483, 39.302704 ], [ -77.61061, 39.302671 ], [ -77.610695, 39.302627 ], [ -77.610667, 39.302594 ], [ -77.610356, 39.302616 ], [ -77.610088, 39.302611 ], [ -77.609734, 39.302578 ], [ -77.609254, 39.302468 ], [ -77.608731, 39.302446 ], [ -77.608618, 39.302479 ], [ -77.608533, 39.302567 ], [ -77.608505, 39.302875 ], [ -77.608357, 39.303007 ], [ -77.608286, 39.303029 ], [ -77.608067, 39.302886 ], [ -77.60794, 39.302892 ], [ -77.607919, 39.302924 ], [ -77.607947, 39.303133 ], [ -77.607862, 39.303177 ], [ -77.607664, 39.303155 ], [ -77.607382, 39.303177 ], [ -77.607339, 39.30321 ], [ -77.607325, 39.303419 ], [ -77.60717, 39.303562 ], [ -77.606958, 39.303682 ], [ -77.60676, 39.303737 ], [ -77.606266, 39.30376 ], [ -77.605927, 39.30371 ], [ -77.605644, 39.30359 ], [ -77.605383, 39.303451 ], [ -77.605149, 39.303326 ], [ -77.604434, 39.303032 ], [ -77.604183, 39.302969 ], [ -77.604048, 39.302948 ], [ -77.604015, 39.30293 ], [ -77.603573, 39.302751 ], [ -77.602796, 39.302575 ], [ -77.602287, 39.302553 ], [ -77.601863, 39.30251 ], [ -77.601241, 39.302351 ], [ -77.600605, 39.302153 ], [ -77.5998, 39.302044 ], [ -77.599192, 39.301885 ], [ -77.598513, 39.301819 ], [ -77.597595, 39.301677 ], [ -77.597242, 39.301644 ], [ -77.59621, 39.301672 ], [ -77.59573, 39.301639 ], [ -77.593977, 39.301272 ], [ -77.593267, 39.301199 ], [ -77.59262, 39.301201 ], [ -77.592422, 39.301234 ], [ -77.591476, 39.301322 ], [ -77.590769, 39.301432 ], [ -77.589639, 39.301481 ], [ -77.589173, 39.301525 ], [ -77.588777, 39.301591 ], [ -77.588169, 39.301751 ], [ -77.587519, 39.30196 ], [ -77.586332, 39.302481 ], [ -77.585852, 39.302657 ], [ -77.585548, 39.302745 ], [ -77.58439, 39.303014 ], [ -77.583782, 39.303311 ], [ -77.583457, 39.303333 ], [ -77.583104, 39.303454 ], [ -77.582988, 39.303516 ], [ -77.58251, 39.303772 ], [ -77.582002, 39.30414 ], [ -77.581931, 39.304173 ], [ -77.581394, 39.304327 ], [ -77.580299, 39.304794 ], [ -77.579225, 39.30508 ], [ -77.578646, 39.305167 ], [ -77.577303, 39.305217 ], [ -77.575635, 39.305398 ], [ -77.57459, 39.305432 ], [ -77.574208, 39.305465 ], [ -77.5736, 39.30558 ], [ -77.572371, 39.30592 ], [ -77.57194, 39.306014 ], [ -77.571233, 39.306113 ], [ -77.569636, 39.306294 ], [ -77.568753, 39.306447 ], [ -77.568732, 39.306437 ], [ -77.568336, 39.306481 ], [ -77.567842, 39.306442 ], [ -77.567093, 39.306234 ], [ -77.566598, 39.306047 ], [ -77.56581, 39.305652 ], [ -77.565602, 39.305548 ], [ -77.56498, 39.305174 ], [ -77.56433, 39.304724 ], [ -77.563248, 39.303769 ], [ -77.562612, 39.303039 ], [ -77.562259, 39.302523 ], [ -77.562026, 39.302051 ], [ -77.561828, 39.301469 ], [ -77.561715, 39.301063 ], [ -77.56168, 39.300492 ], [ -77.561708, 39.300305 ], [ -77.562092, 39.299274 ], [ -77.562294, 39.29851 ], [ -77.562407, 39.297632 ], [ -77.56264, 39.296567 ], [ -77.562803, 39.295458 ], [ -77.562775, 39.294469 ], [ -77.562746, 39.294217 ], [ -77.56264, 39.293942 ], [ -77.562513, 39.293734 ], [ -77.56247, 39.293698 ], [ -77.562336, 39.293589 ], [ -77.562025, 39.29333 ], [ -77.561807, 39.293064 ], [ -77.561694, 39.292866 ], [ -77.561665, 39.292559 ], [ -77.561828, 39.291878 ], [ -77.561856, 39.291856 ], [ -77.561854, 39.291774 ], [ -77.562011, 39.290846 ], [ -77.561948, 39.290165 ], [ -77.561778, 39.289594 ], [ -77.561792, 39.28954 ], [ -77.561764, 39.289518 ], [ -77.5617, 39.288584 ], [ -77.561658, 39.288277 ], [ -77.561587, 39.288002 ], [ -77.561404, 39.287838 ], [ -77.561347, 39.287596 ], [ -77.56086, 39.286345 ], [ -77.56069, 39.28596 ], [ -77.560549, 39.285741 ], [ -77.559595, 39.284967 ], [ -77.558748, 39.28411 ], [ -77.558091, 39.28355 ], [ -77.557681, 39.283111 ], [ -77.557215, 39.282732 ], [ -77.556622, 39.282392 ], [ -77.556325, 39.282194 ], [ -77.556035, 39.282062 ], [ -77.55564, 39.28204 ], [ -77.55506, 39.281898 ], [ -77.554792, 39.281804 ], [ -77.554439, 39.281629 ], [ -77.554156, 39.281431 ], [ -77.553874, 39.281112 ], [ -77.553676, 39.280761 ], [ -77.55362, 39.280706 ], [ -77.553302, 39.280157 ], [ -77.553245, 39.279597 ], [ -77.553217, 39.279531 ], [ -77.552963, 39.279158 ], [ -77.552546, 39.278335 ], [ -77.551981, 39.277385 ], [ -77.551381, 39.276616 ], [ -77.551098, 39.27632 ], [ -77.55107, 39.276254 ], [ -77.551061, 39.27617 ], [ -77.550832, 39.275688 ], [ -77.550675, 39.275605 ], [ -77.550046, 39.275188 ], [ -77.549524, 39.274912 ], [ -77.549439, 39.274846 ], [ -77.54941, 39.274846 ], [ -77.549001, 39.274544 ], [ -77.548817, 39.27438 ], [ -77.548338, 39.273808 ], [ -77.547978, 39.273478 ], [ -77.547526, 39.273127 ], [ -77.547088, 39.27273 ], [ -77.546471, 39.272228 ], [ -77.546325, 39.27211 ], [ -77.545757, 39.271483 ], [ -77.545598, 39.271329 ], [ -77.545501, 39.271292 ], [ -77.545209, 39.270962 ], [ -77.544628, 39.27016 ], [ -77.544179, 39.269639000000105 ], [ -77.544099, 39.269435 ], [ -77.544005, 39.268566 ], [ -77.543867, 39.268016 ], [ -77.543502, 39.267292 ], [ -77.543086, 39.266916 ], [ -77.54084, 39.265269 ], [ -77.54018, 39.264887 ], [ -77.539722, 39.264727 ], [ -77.53943, 39.264917 ], [ -77.539343, 39.264927 ], [ -77.539173, 39.264839 ], [ -77.538861, 39.264773 ], [ -77.538678, 39.264707 ], [ -77.537859, 39.264092 ], [ -77.537732, 39.264048 ], [ -77.537393, 39.263817 ], [ -77.536969, 39.263587 ], [ -77.536361, 39.263295 ], [ -77.53579, 39.263032 ], [ -77.534787, 39.262636 ], [ -77.534589, 39.26257 ], [ -77.533912, 39.262411 ], [ -77.533683, 39.262367 ], [ -77.533655, 39.262431 ], [ -77.53363, 39.262433 ], [ -77.533389, 39.262335 ], [ -77.533099, 39.262178 ], [ -77.532862, 39.262081 ], [ -77.532609, 39.26195 ], [ -77.532349, 39.261739 ], [ -77.532151, 39.261654 ], [ -77.531855, 39.261461 ], [ -77.531737, 39.261434 ], [ -77.530971, 39.261102 ], [ -77.530438, 39.260967 ], [ -77.529811, 39.260764 ], [ -77.529628, 39.260731 ], [ -77.52935, 39.260647 ], [ -77.529171, 39.260616 ], [ -77.52898, 39.260554 ], [ -77.528694, 39.260499 ], [ -77.527123, 39.260404 ], [ -77.526033, 39.260108 ], [ -77.524706, 39.259843 ], [ -77.521092, 39.258511 ], [ -77.520624, 39.258413 ], [ -77.520404, 39.258011 ], [ -77.520057, 39.257639 ], [ -77.519289, 39.257238 ], [ -77.518709, 39.257007 ], [ -77.515403, 39.25578 ], [ -77.51488, 39.255416 ], [ -77.512963, 39.254534 ], [ -77.512272, 39.254189 ], [ -77.511239, 39.25358 ], [ -77.511065, 39.253459 ], [ -77.510668, 39.253256 ], [ -77.510449, 39.253203 ], [ -77.510056, 39.253077 ], [ -77.509077, 39.252835 ], [ -77.508759, 39.252851 ], [ -77.508471, 39.252807 ], [ -77.50799, 39.252699 ], [ -77.50557, 39.252254 ], [ -77.504211, 39.252311 ], [ -77.503838, 39.252263 ], [ -77.501554, 39.251883 ], [ -77.501047, 39.251816 ], [ -77.500146, 39.251719 ], [ -77.499632, 39.251714 ], [ -77.498573, 39.25161 ], [ -77.49756, 39.251356 ], [ -77.497267, 39.251328 ], [ -77.496575, 39.251131 ], [ -77.496236, 39.251054 ], [ -77.495473, 39.250774 ], [ -77.494795, 39.250599 ], [ -77.494513, 39.250478 ], [ -77.493898, 39.250292 ], [ -77.493222, 39.25 ], [ -77.492282, 39.24971 ], [ -77.490538, 39.249112 ], [ -77.490128, 39.248909 ], [ -77.489521, 39.248581 ], [ -77.488928, 39.248199 ], [ -77.487769, 39.247434 ], [ -77.487754, 39.247379 ], [ -77.487571, 39.247198 ], [ -77.487444, 39.247192 ], [ -77.487408, 39.247242 ], [ -77.487529, 39.247505 ], [ -77.487486, 39.247599 ], [ -77.487394, 39.247599 ], [ -77.487055, 39.247472 ], [ -77.486646, 39.247281 ], [ -77.486215, 39.247028 ], [ -77.484731, 39.246052 ], [ -77.484534, 39.245816 ], [ -77.484385, 39.245486 ], [ -77.484018, 39.245003 ], [ -77.483594, 39.244647 ], [ -77.483092, 39.244274 ], [ -77.482661, 39.244032 ], [ -77.482449, 39.243813 ], [ -77.481997, 39.243165 ], [ -77.481912, 39.243011 ], [ -77.481764, 39.242814 ], [ -77.481319, 39.242111 ], [ -77.481135, 39.241853 ], [ -77.480332, 39.24117 ], [ -77.48004, 39.240921 ], [ -77.478677, 39.240032 ], [ -77.478338, 39.239807 ], [ -77.477278, 39.238879 ], [ -77.47725, 39.238879 ], [ -77.476847, 39.238501 ], [ -77.476812, 39.238495 ], [ -77.476809, 39.238477 ], [ -77.476586, 39.23832 ], [ -77.476557, 39.23832 ], [ -77.47583, 39.237804 ], [ -77.475293, 39.237595 ], [ -77.474891, 39.237332 ], [ -77.474079, 39.236641 ], [ -77.471861, 39.23494 ], [ -77.471592, 39.234682 ], [ -77.471105, 39.234303 ], [ -77.470766, 39.234155 ], [ -77.47054, 39.2341 ], [ -77.470512, 39.234056 ], [ -77.47042, 39.234062 ], [ -77.469742, 39.233837 ], [ -77.468697, 39.23309 ], [ -77.468005, 39.232618 ], [ -77.467603, 39.232399 ], [ -77.46708, 39.232147 ], [ -77.466855, 39.231998 ], [ -77.466833, 39.232004 ], [ -77.465251, 39.231181 ], [ -77.464835, 39.23095 ], [ -77.463274, 39.230182 ], [ -77.462653, 39.229897 ], [ -77.462105, 39.229596 ], [ -77.462081, 39.229595 ], [ -77.460726, 39.228799 ], [ -77.459497, 39.227724 ], [ -77.459172, 39.227372 ], [ -77.458748, 39.226845 ], [ -77.458219, 39.226017 ], [ -77.457908, 39.225446 ], [ -77.45771, 39.224979 ], [ -77.457639, 39.224595 ], [ -77.457632, 39.224309 ], [ -77.457688, 39.22353 ], [ -77.457801, 39.223041 ], [ -77.457801, 39.222931 ], [ -77.457872, 39.222629 ], [ -77.457886, 39.222432 ], [ -77.457949, 39.222261 ], [ -77.457949, 39.22219 ], [ -77.458139, 39.221635 ], [ -77.458499, 39.220817 ], [ -77.458661, 39.220532000000112 ], [ -77.458661, 39.220504 ], [ -77.458808, 39.22027 ], [ -77.458898, 39.220134 ], [ -77.45905, 39.220085 ], [ -77.459028, 39.220044 ], [ -77.459032, 39.22 ], [ -77.459101, 39.219873 ], [ -77.459538, 39.219277 ], [ -77.459859, 39.218887 ], [ -77.460498, 39.218357 ], [ -77.460924, 39.217966 ], [ -77.461312, 39.21766 ], [ -77.461513, 39.217568 ], [ -77.461605, 39.217577 ], [ -77.461668, 39.217479 ], [ -77.461827, 39.217354 ], [ -77.462364, 39.217037 ], [ -77.462829, 39.216731 ], [ -77.463135, 39.216571 ], [ -77.463424, 39.216377 ], [ -77.464038, 39.216014 ], [ -77.464409, 39.215772 ], [ -77.46494, 39.215503 ], [ -77.465081, 39.215388 ], [ -77.465459, 39.215139 ], [ -77.465613, 39.214999 ], [ -77.466206, 39.214626 ], [ -77.466548, 39.21436 ], [ -77.466571, 39.214356 ], [ -77.466657, 39.214392 ], [ -77.466724, 39.214444 ], [ -77.466721, 39.214359 ], [ -77.466738, 39.214315 ], [ -77.466788, 39.214254 ], [ -77.467035, 39.214061 ], [ -77.467257, 39.213905 ], [ -77.467981, 39.21353 ], [ -77.468419, 39.213247 ], [ -77.468872, 39.212914 ], [ -77.46918, 39.212756 ], [ -77.469469, 39.21252 ], [ -77.469878, 39.212217 ], [ -77.470134, 39.211983 ], [ -77.4707, 39.211387 ], [ -77.471037, 39.211125 ], [ -77.471319, 39.210808 ], [ -77.471655, 39.210464 ], [ -77.471834, 39.210327 ], [ -77.472047, 39.210099 ], [ -77.472285, 39.209968 ], [ -77.472341, 39.209923 ], [ -77.472497, 39.209733 ], [ -77.472935, 39.209422 ], [ -77.473127, 39.209196 ], [ -77.473217, 39.209126 ], [ -77.473418, 39.208896 ], [ -77.473628, 39.208619 ], [ -77.473679, 39.2085 ], [ -77.473805, 39.20835 ], [ -77.474025, 39.207914 ], [ -77.474156, 39.207763 ], [ -77.474199, 39.207595 ], [ -77.474308, 39.207367 ], [ -77.474473, 39.206798 ], [ -77.474531, 39.206671 ], [ -77.474601, 39.206628 ], [ -77.474759, 39.206545 ], [ -77.474761, 39.20649 ], [ -77.474889, 39.206341 ], [ -77.475003, 39.206106 ], [ -77.47505, 39.205916 ], [ -77.475037, 39.205761 ], [ -77.475123, 39.205657 ], [ -77.475157, 39.205489 ], [ -77.475127, 39.20546 ], [ -77.475073, 39.205461 ], [ -77.475041, 39.205486 ], [ -77.474948, 39.205671 ], [ -77.474914, 39.205708 ], [ -77.474833, 39.205777 ], [ -77.474704, 39.205806 ], [ -77.474555, 39.205773 ], [ -77.474501, 39.205739 ], [ -77.474476, 39.205494 ], [ -77.474519, 39.205427 ], [ -77.474656, 39.205328 ], [ -77.474692, 39.205279 ], [ -77.474681, 39.205193 ], [ -77.474652, 39.205165 ], [ -77.474592, 39.205154 ], [ -77.474689, 39.205031 ], [ -77.474788, 39.204794 ], [ -77.474912, 39.204613 ], [ -77.475012, 39.204407 ], [ -77.475084, 39.2043 ], [ -77.475111, 39.204177 ], [ -77.475105, 39.204076 ], [ -77.47513, 39.204021 ], [ -77.475186, 39.203959 ], [ -77.47539, 39.203622 ], [ -77.475599, 39.203353 ], [ -77.475786, 39.202853 ], [ -77.47582, 39.202572 ], [ -77.475911, 39.202401 ], [ -77.47591, 39.202197 ], [ -77.475924, 39.202102 ], [ -77.475981, 39.201944 ], [ -77.475995, 39.201827 ], [ -77.475957, 39.201505 ], [ -77.475958, 39.201312 ], [ -77.475923, 39.201151 ], [ -77.475906, 39.200632 ], [ -77.475833, 39.200456 ], [ -77.475828, 39.200192 ], [ -77.475803, 39.200077 ], [ -77.475717, 39.199912 ], [ -77.475701, 39.199685 ], [ -77.475653, 39.199458 ], [ -77.475572, 39.199198 ], [ -77.475545, 39.199 ], [ -77.475495, 39.198793 ], [ -77.475406, 39.198557 ], [ -77.475331, 39.19829 ], [ -77.475173, 39.197999 ], [ -77.475124, 39.197813 ], [ -77.475083, 39.197725 ], [ -77.474991, 39.197602 ], [ -77.474927, 39.197391 ], [ -77.474909, 39.197071 ], [ -77.474915, 39.196318 ], [ -77.475088, 39.195433 ], [ -77.475178, 39.195185 ], [ -77.4752, 39.195005 ], [ -77.475248, 39.19495 ], [ -77.47532, 39.194926 ], [ -77.475327, 39.194735 ], [ -77.475646, 39.193877 ], [ -77.475682, 39.193708 ], [ -77.47574, 39.193618 ], [ -77.475849, 39.1935 ], [ -77.47607, 39.192996 ], [ -77.47624, 39.192735 ], [ -77.476453, 39.192225 ], [ -77.476664, 39.19182 ], [ -77.477065, 39.191315 ], [ -77.477245, 39.191136 ], [ -77.477443, 39.191004 ], [ -77.477698, 39.1906 ], [ -77.477946, 39.190379 ], [ -77.478672, 39.189671 ], [ -77.479738, 39.188893 ], [ -77.479904, 39.188785 ], [ -77.480097, 39.188714 ], [ -77.480481, 39.188417 ], [ -77.480578, 39.188378 ], [ -77.480689, 39.188423 ], [ -77.480899, 39.18839 ], [ -77.480976, 39.188431 ], [ -77.480989, 39.188313 ], [ -77.480946, 39.188303 ], [ -77.480865, 39.188334 ], [ -77.480685, 39.188367 ], [ -77.480644, 39.188354 ], [ -77.48062, 39.188319 ], [ -77.480641, 39.188279 ], [ -77.480725, 39.188216 ], [ -77.480857, 39.188133 ], [ -77.481012, 39.188062 ], [ -77.481099, 39.187976 ], [ -77.481202, 39.187909 ], [ -77.481483, 39.187801 ], [ -77.481754, 39.187735 ], [ -77.482087, 39.1876 ], [ -77.482401, 39.187507 ], [ -77.482893, 39.187246 ], [ -77.483198, 39.187136 ], [ -77.483617, 39.186951 ], [ -77.48434, 39.186572 ], [ -77.484627, 39.186482 ], [ -77.484931, 39.186319 ], [ -77.485079, 39.186256 ], [ -77.485795, 39.186025 ], [ -77.486329, 39.185913 ], [ -77.486546, 39.185893 ], [ -77.486728, 39.185895 ], [ -77.487318, 39.185811 ], [ -77.488023, 39.185751 ], [ -77.488283, 39.185695 ], [ -77.488707, 39.185671 ], [ -77.488947, 39.185618 ], [ -77.489255, 39.185599 ], [ -77.489476, 39.185542 ], [ -77.489737, 39.185554 ], [ -77.490237, 39.185455 ], [ -77.490741, 39.185386 ], [ -77.490936, 39.185313 ], [ -77.491125, 39.185279 ], [ -77.491899, 39.18509 ], [ -77.492303, 39.184973 ], [ -77.493377, 39.184697 ], [ -77.495469, 39.184241 ], [ -77.495775, 39.184155 ], [ -77.496274, 39.184044 ], [ -77.4968, 39.183896 ], [ -77.497, 39.183856 ], [ -77.497608, 39.183799 ], [ -77.498624, 39.183636 ], [ -77.5002, 39.183196 ], [ -77.500635, 39.183036 ], [ -77.500821, 39.182984 ], [ -77.501468, 39.182884 ], [ -77.501811, 39.182808 ], [ -77.503558, 39.182599 ], [ -77.504553, 39.182379 ], [ -77.504919, 39.182287 ], [ -77.505729, 39.182031 ], [ -77.505975, 39.181929 ], [ -77.506292, 39.181769 ], [ -77.506577, 39.181657 ], [ -77.506849, 39.181514 ], [ -77.507115, 39.181405 ], [ -77.507181, 39.181388 ], [ -77.507288, 39.18139 ], [ -77.507336, 39.181405 ], [ -77.507384, 39.181442 ], [ -77.507531, 39.181402 ], [ -77.507558, 39.181367 ], [ -77.508105, 39.181006 ], [ -77.508208, 39.180829 ], [ -77.508258, 39.18077800000011 ], [ -77.508788, 39.180335 ], [ -77.508896, 39.180283 ], [ -77.509226, 39.180026 ], [ -77.509506, 39.179851 ], [ -77.509654, 39.179804 ], [ -77.509843, 39.179649 ], [ -77.509949, 39.179529 ], [ -77.510129, 39.179435 ], [ -77.510306, 39.179274 ], [ -77.51053, 39.178999 ], [ -77.510789, 39.178777 ], [ -77.511085, 39.178411 ], [ -77.511154, 39.178259 ], [ -77.511465, 39.177967 ], [ -77.511524, 39.177867 ], [ -77.511612, 39.177766 ], [ -77.511678, 39.177601 ], [ -77.5118, 39.177443 ], [ -77.511965, 39.177291 ], [ -77.512354, 39.1768 ], [ -77.512931, 39.176163 ], [ -77.513644, 39.175222 ], [ -77.514485, 39.173866 ], [ -77.514755, 39.173468 ], [ -77.515265, 39.172787 ], [ -77.515546, 39.172376 ], [ -77.515856, 39.171984 ], [ -77.5162, 39.171493 ], [ -77.516254, 39.171386 ], [ -77.516693, 39.17079 ], [ -77.516925, 39.170421 ], [ -77.517065, 39.170248 ], [ -77.517217, 39.169989 ], [ -77.517622, 39.169417 ], [ -77.518103, 39.168551 ], [ -77.518216, 39.168395 ], [ -77.518449, 39.167966 ], [ -77.518604, 39.16774 ], [ -77.51869, 39.167431 ], [ -77.518867, 39.167065 ], [ -77.518885, 39.166791 ], [ -77.51915, 39.166153 ], [ -77.519336, 39.165838 ], [ -77.5195, 39.16545 ], [ -77.519789, 39.164932 ], [ -77.519806, 39.164874 ], [ -77.520206, 39.164205 ], [ -77.52029, 39.164011 ], [ -77.520516, 39.163518 ], [ -77.520607, 39.163375 ], [ -77.520723, 39.163056 ], [ -77.520866, 39.162768 ], [ -77.520987, 39.162576 ], [ -77.521173, 39.162104 ], [ -77.521298, 39.161873 ], [ -77.521515, 39.161198 ], [ -77.521585, 39.160861 ], [ -77.521743, 39.160293 ], [ -77.521769, 39.160037 ], [ -77.521767, 39.159435 ], [ -77.521791, 39.159272 ], [ -77.521914, 39.158904 ], [ -77.521924, 39.158761 ], [ -77.521959, 39.158659 ], [ -77.522101, 39.158581 ], [ -77.522095, 39.158553 ], [ -77.522035, 39.15852 ], [ -77.52202, 39.15845 ], [ -77.522116, 39.15806 ], [ -77.522248, 39.157703 ], [ -77.522372, 39.157258 ], [ -77.522419, 39.157148 ], [ -77.522618, 39.15639 ], [ -77.522828, 39.155773 ], [ -77.52287, 39.15552 ], [ -77.522991, 39.15518 ], [ -77.52337, 39.153879 ], [ -77.523412, 39.153631 ], [ -77.52357, 39.153187 ], [ -77.523604, 39.153011 ], [ -77.523714, 39.152704 ], [ -77.523771, 39.152304 ], [ -77.523924, 39.151799 ], [ -77.523944, 39.151643 ], [ -77.524067, 39.151274 ], [ -77.524126, 39.150957 ], [ -77.524254, 39.150519 ], [ -77.524269, 39.150385 ], [ -77.524403, 39.150028 ], [ -77.52478, 39.149036 ], [ -77.524934, 39.148715 ], [ -77.525107, 39.148449 ], [ -77.525362, 39.148218 ], [ -77.525531, 39.148102 ], [ -77.5263, 39.147712 ], [ -77.52655, 39.147605 ], [ -77.52694, 39.147358 ], [ -77.527068, 39.147261 ], [ -77.527322, 39.146961 ], [ -77.527419, 39.146754 ], [ -77.527489, 39.146388 ], [ -77.527503, 39.145974 ], [ -77.527553, 39.145548 ], [ -77.527529, 39.14522 ], [ -77.52754, 39.144957 ], [ -77.527586, 39.144777 ], [ -77.527637, 39.144732 ], [ -77.527659, 39.144725 ], [ -77.52768, 39.144658 ], [ -77.527656, 39.144632 ], [ -77.527633, 39.144574 ], [ -77.527645, 39.14439 ], [ -77.527617, 39.143723 ], [ -77.527492, 39.142926 ], [ -77.527354, 39.142407 ], [ -77.52725, 39.141239 ], [ -77.527221, 39.140544 ], [ -77.527271, 39.139742 ], [ -77.527264, 39.139465 ], [ -77.527282, 39.139143 ], [ -77.527258, 39.138611 ], [ -77.527222, 39.138296 ], [ -77.527194, 39.138132 ], [ -77.527193, 39.137934 ], [ -77.527234, 39.137921 ], [ -77.527248, 39.137898 ], [ -77.527215, 39.137879 ], [ -77.527198, 39.137844 ], [ -77.527195, 39.137539 ], [ -77.52714, 39.13677 ], [ -77.52711, 39.136617 ], [ -77.527114, 39.136519 ], [ -77.526981, 39.135885 ], [ -77.526946, 39.135605 ], [ -77.526711, 39.134887 ], [ -77.526579, 39.134604 ], [ -77.526409, 39.134124 ], [ -77.52634, 39.133808 ], [ -77.526197, 39.133523 ], [ -77.52611, 39.133294 ], [ -77.525982, 39.132766 ], [ -77.525902, 39.13253 ], [ -77.52569, 39.132046 ], [ -77.525545, 39.131487 ], [ -77.525503, 39.13124 ], [ -77.525409, 39.130996 ], [ -77.525375, 39.130848 ], [ -77.525328, 39.130339 ], [ -77.525255, 39.129961 ], [ -77.525262, 39.129725 ], [ -77.525175, 39.129266 ], [ -77.524999, 39.128802 ], [ -77.524965, 39.128635 ], [ -77.524867, 39.128321 ], [ -77.524774, 39.128119 ], [ -77.524664, 39.12772 ], [ -77.524535, 39.127452 ], [ -77.524428, 39.127303 ], [ -77.524314, 39.127096 ], [ -77.524165, 39.126901 ], [ -77.523781, 39.126184 ], [ -77.523465, 39.125759 ], [ -77.523404, 39.125641 ], [ -77.523346, 39.125573 ], [ -77.523262, 39.125387 ], [ -77.523073, 39.125071 ], [ -77.52255, 39.124098 ], [ -77.522249, 39.123439 ], [ -77.522116, 39.123267 ], [ -77.521867, 39.123038 ], [ -77.521756, 39.122876 ], [ -77.52159, 39.122572 ], [ -77.521426, 39.122331 ], [ -77.521354, 39.122252 ], [ -77.521259, 39.122154 ], [ -77.521084, 39.121918 ], [ -77.520901, 39.121731 ], [ -77.520668, 39.121435 ], [ -77.520308, 39.121068 ], [ -77.520092, 39.120869 ], [ -77.519943, 39.120783 ], [ -77.519678, 39.120596 ], [ -77.519443, 39.120389 ], [ -77.519289, 39.120305 ], [ -77.518823, 39.119996 ], [ -77.518684, 39.119929 ], [ -77.518447, 39.119782 ], [ -77.518242, 39.119711 ], [ -77.517763, 39.11951 ], [ -77.517465, 39.119327 ], [ -77.517023, 39.119096 ], [ -77.515888, 39.118652 ], [ -77.515459, 39.11853 ], [ -77.515166, 39.118425 ], [ -77.514285, 39.1182 ], [ -77.51385, 39.118136 ], [ -77.513697, 39.118139 ], [ -77.513477, 39.11812 ], [ -77.512882, 39.118173 ], [ -77.512775, 39.118144 ], [ -77.51242, 39.118096 ], [ -77.512207, 39.118044 ], [ -77.512043, 39.117961 ], [ -77.511539, 39.117811 ], [ -77.511089, 39.117619 ], [ -77.510927, 39.117573 ], [ -77.510305, 39.117337 ], [ -77.509607, 39.117104 ], [ -77.509099, 39.116884 ], [ -77.508888, 39.116833 ], [ -77.508697, 39.116752 ], [ -77.508451, 39.116694 ], [ -77.508272, 39.116634 ], [ -77.508056, 39.116515 ], [ -77.507848, 39.116365 ], [ -77.507231, 39.116128 ], [ -77.506935, 39.11599 ], [ -77.506552, 39.115907 ], [ -77.506174, 39.115847 ], [ -77.505336, 39.115603 ], [ -77.50491, 39.115504 ], [ -77.504645, 39.115423 ], [ -77.504086, 39.11522 ], [ -77.50316, 39.114946 ], [ -77.502777, 39.114817 ], [ -77.502157, 39.114668 ], [ -77.502081, 39.114637 ], [ -77.501904, 39.11455 ], [ -77.500829, 39.114193 ], [ -77.500779, 39.114174 ], [ -77.500751, 39.114138 ], [ -77.500717, 39.114153 ], [ -77.500414, 39.114098 ], [ -77.50005, 39.113961 ], [ -77.499893, 39.113934 ], [ -77.499428, 39.113812 ], [ -77.498776, 39.113701 ], [ -77.498554, 39.113684 ], [ -77.498506, 39.113654 ], [ -77.498416, 39.113686 ], [ -77.49801, 39.113702 ], [ -77.497644, 39.113761 ], [ -77.497574, 39.113759 ], [ -77.49752, 39.113728 ], [ -77.497496, 39.113656 ], [ -77.497474, 39.113649 ], [ -77.497109, 39.113602 ], [ -77.496583, 39.1135 ], [ -77.496084, 39.113372 ], [ -77.495943, 39.113314 ], [ -77.495861, 39.113259 ], [ -77.495836, 39.113216 ], [ -77.495759, 39.113254 ], [ -77.495431, 39.113184 ], [ -77.49471, 39.112947 ], [ -77.494095, 39.112772 ], [ -77.493848, 39.112683 ], [ -77.493157, 39.112496 ], [ -77.492542, 39.112303 ], [ -77.4918, 39.112006 ], [ -77.491799, 39.112047 ], [ -77.491519, 39.111956 ], [ -77.491401, 39.111937 ], [ -77.491289, 39.111875 ], [ -77.490982, 39.111786 ], [ -77.490701, 39.111751 ], [ -77.490458, 39.111613 ], [ -77.490377, 39.111594 ], [ -77.490289, 39.111549 ], [ -77.490208, 39.111447 ], [ -77.490183, 39.11144 ], [ -77.490051, 39.11146 ], [ -77.489959, 39.111452 ], [ -77.489835, 39.111374 ], [ -77.489676, 39.111284 ], [ -77.489296, 39.111129 ], [ -77.489177, 39.111058 ], [ -77.489023, 39.111003 ], [ -77.488205, 39.110618 ], [ -77.487827, 39.110546 ], [ -77.487315, 39.110283 ], [ -77.48667, 39.109903 ], [ -77.486472, 39.109825 ], [ -77.485401, 39.10931 ], [ -77.484455, 39.108544 ], [ -77.48421, 39.108324 ], [ -77.484005, 39.108185 ], [ -77.483776, 39.108002 ], [ -77.483571, 39.107877 ], [ -77.483404, 39.107678 ], [ -77.48324, 39.107539 ], [ -77.483093, 39.10744 ], [ -77.482281, 39.106659 ], [ -77.481365, 39.105885 ], [ -77.48117, 39.105797 ], [ -77.481015, 39.105689 ], [ -77.480322, 39.104884 ], [ -77.480138, 39.104623 ], [ -77.479844, 39.104283 ], [ -77.479215, 39.103685 ], [ -77.47895, 39.10341 ], [ -77.478217, 39.102515 ], [ -77.478128, 39.102335 ], [ -77.477167, 39.100987 ], [ -77.477042, 39.100819 ], [ -77.476799, 39.100294 ], [ -77.476711, 39.100272 ], [ -77.476473, 39.099998 ], [ -77.476196, 39.099565 ], [ -77.47607, 39.09931 ], [ -77.476022, 39.099171 ], [ -77.475674, 39.098515 ], [ -77.475585, 39.098278 ], [ -77.475141, 39.097292 ], [ -77.474356, 39.095601 ], [ -77.47349, 39.094044 ], [ -77.472831, 39.093182 ], [ -77.471725, 39.092071 ], [ -77.471425, 39.091789 ], [ -77.470445, 39.090984 ], [ -77.470333, 39.090769 ], [ -77.470128, 39.090508 ], [ -77.469616, 39.090096 ], [ -77.468909, 39.089679 ], [ -77.46866, 39.089389 ], [ -77.468456, 39.088982 ], [ -77.468329, 39.088541 ], [ -77.468302, 39.088336 ], [ -77.468391, 39.088087 ], [ -77.468988, 39.086952 ], [ -77.469097, 39.086641 ], [ -77.469135, 39.086298 ], [ -77.469097, 39.085992 ], [ -77.468957, 39.085622 ], [ -77.468824, 39.085346 ], [ -77.468747, 39.085248 ], [ -77.468633, 39.085101 ], [ -77.468329, 39.084793 ], [ -77.46806, 39.084408 ], [ -77.46766, 39.084001 ], [ -77.466896, 39.083092 ], [ -77.466087, 39.082204 ], [ -77.465875, 39.081914 ], [ -77.464899, 39.080721 ], [ -77.464261, 39.079828 ], [ -77.464131, 39.079554 ], [ -77.464105, 39.07945 ], [ -77.464043, 39.079426 ], [ -77.463882, 39.079187 ], [ -77.463838, 39.079041 ], [ -77.463473, 39.078565 ], [ -77.463159, 39.078044 ], [ -77.462879, 39.077222 ], [ -77.462616, 39.076608 ], [ -77.4625, 39.076404 ], [ -77.462223, 39.076061 ], [ -77.461988, 39.075843 ], [ -77.461473, 39.075426 ], [ -77.460982, 39.075064 ], [ -77.460726, 39.074915 ], [ -77.460602, 39.074843 ], [ -77.460282, 39.074713 ], [ -77.460005, 39.07458 ], [ -77.457718, 39.073663 ], [ -77.456971, 39.073399 ], [ -77.456162, 39.073158 ], [ -77.455592, 39.073033 ], [ -77.454729, 39.072807 ], [ -77.452544, 39.072398 ], [ -77.451862, 39.072326 ], [ -77.450261, 39.072315 ], [ -77.45009, 39.072281 ], [ -77.449869, 39.072273 ], [ -77.449616, 39.072302 ], [ -77.449428, 39.07227 ], [ -77.448852, 39.072161 ], [ -77.448261, 39.072004 ], [ -77.447582, 39.071869 ], [ -77.44694, 39.071696 ], [ -77.44663, 39.071648 ], [ -77.446336, 39.071579 ], [ -77.446043, 39.071457 ], [ -77.445944, 39.071358 ], [ -77.445418, 39.071234 ], [ -77.445118, 39.07122 ], [ -77.44477, 39.071279 ], [ -77.444551, 39.071292 ], [ -77.444029, 39.071257 ], [ -77.443736, 39.071255 ], [ -77.443625, 39.07122 ], [ -77.443507, 39.071268 ], [ -77.443005, 39.071327 ], [ -77.441698, 39.071313 ], [ -77.440838, 39.071199 ], [ -77.439425, 39.070928 ], [ -77.438753, 39.07084 ], [ -77.438029, 39.070718 ], [ -77.43734, 39.070649 ], [ -77.435183, 39.070266 ], [ -77.434169, 39.070069 ], [ -77.433534, 39.069918 ], [ -77.433265, 39.06987 ], [ -77.432497, 39.069649 ], [ -77.432169, 39.069612 ], [ -77.431456, 39.069405 ], [ -77.43076, 39.069266 ], [ -77.429241, 39.06865 ], [ -77.428951, 39.068512 ], [ -77.428497, 39.06823 ], [ -77.428063, 39.06803 ], [ -77.427661, 39.067905 ], [ -77.426964, 39.067775 ], [ -77.426685, 39.067674 ], [ -77.426108, 39.067602 ], [ -77.424715, 39.067355 ], [ -77.423227, 39.067012 ], [ -77.421978, 39.066685 ], [ -77.421302, 39.066563 ], [ -77.420794, 39.066438 ], [ -77.420734, 39.066329 ], [ -77.42072, 39.066388 ], [ -77.420688, 39.066425 ], [ -77.420005, 39.066369 ], [ -77.41964, 39.066388 ], [ -77.418811, 39.066478 ], [ -77.418466, 39.066467 ], [ -77.418087, 39.066435 ], [ -77.417862, 39.06647 ], [ -77.416937, 39.066449 ], [ -77.416685, 39.06647 ], [ -77.416125, 39.066454 ], [ -77.414678, 39.066271 ], [ -77.414278, 39.066199 ], [ -77.413562, 39.066042 ], [ -77.412459, 39.065845 ], [ -77.408917, 39.065072 ], [ -77.407422, 39.06479 ], [ -77.405446, 39.064524 ], [ -77.40447, 39.064482 ], [ -77.40236, 39.064503 ], [ -77.401948, 39.064482 ], [ -77.401903, 39.064442 ], [ -77.401645, 39.064402 ], [ -77.401596, 39.06445 ], [ -77.401125, 39.064538 ], [ -77.400541, 39.06462 ], [ -77.399729, 39.064678 ], [ -77.398968, 39.064697 ], [ -77.398354, 39.064657 ], [ -77.397552, 39.064524 ], [ -77.396903, 39.064391 ], [ -77.395384, 39.064048 ], [ -77.394739, 39.06387 ], [ -77.394186, 39.063759 ], [ -77.393787, 39.06361 ], [ -77.393176, 39.063421 ], [ -77.392545, 39.063262 ], [ -77.390453, 39.062834 ], [ -77.386818, 39.062241 ], [ -77.385794, 39.062132 ], [ -77.384767, 39.062145 ], [ -77.384367, 39.062116 ], [ -77.383811, 39.062157 ], [ -77.383088, 39.062268 ], [ -77.382685, 39.062412 ], [ -77.382368, 39.062478 ], [ -77.380763, 39.062617 ], [ -77.380006, 39.062627 ], [ -77.378897, 39.062563 ], [ -77.378542, 39.062521 ], [ -77.378433, 39.062445 ], [ -77.378367, 39.062448 ], [ -77.378094, 39.0624 ], [ -77.37799, 39.062413 ], [ -77.37766, 39.062346 ], [ -77.376434, 39.062159 ], [ -77.375916, 39.062049 ], [ -77.375426, 39.061968 ], [ -77.375037, 39.061849 ], [ -77.3744, 39.061752 ], [ -77.374178, 39.061738 ], [ -77.37377, 39.061754 ], [ -77.372917, 39.061797 ], [ -77.372467, 39.061839 ], [ -77.371777, 39.06177 ], [ -77.371272, 39.061664 ], [ -77.370166, 39.061579 ], [ -77.369845, 39.061605 ], [ -77.368487, 39.061632 ], [ -77.368323, 39.061616 ], [ -77.368267, 39.061568 ], [ -77.368159, 39.061633 ], [ -77.368153, 39.06159 ], [ -77.367949, 39.061715 ], [ -77.367952, 39.06176 ], [ -77.367958, 39.061802 ], [ -77.3679, 39.061869 ], [ -77.367555, 39.061932 ], [ -77.367245, 39.061898 ], [ -77.366726, 39.062002 ], [ -77.366347, 39.062025 ], [ -77.3659, 39.062097 ], [ -77.365794, 39.062137 ], [ -77.365685, 39.062212 ], [ -77.365531, 39.06223 ], [ -77.365098, 39.06222 ], [ -77.364907, 39.062262 ], [ -77.36463, 39.062281 ], [ -77.364136, 39.062286 ], [ -77.36349, 39.062371 ], [ -77.363026, 39.06248 ], [ -77.362289, 39.06256 ], [ -77.361917, 39.06252 ], [ -77.360463, 39.062581 ], [ -77.359299, 39.062602 ], [ -77.358822, 39.062645 ], [ -77.358153, 39.062648 ], [ -77.357613, 39.062624 ], [ -77.357245, 39.062624 ], [ -77.356119, 39.062539 ], [ -77.353064, 39.062384 ], [ -77.352412, 39.062318 ], [ -77.351709, 39.06231 ], [ -77.351231, 39.062347 ], [ -77.349842, 39.062395 ], [ -77.349033, 39.06248 ], [ -77.348624, 39.062501 ], [ -77.347136, 39.062621 ], [ -77.346321, 39.062717 ], [ -77.345796, 39.062754 ], [ -77.345431, 39.062796 ], [ -77.344799, 39.062812 ], [ -77.34441, 39.06286 ], [ -77.343594, 39.062916 ], [ -77.343349, 39.063004 ], [ -77.343151, 39.063028 ], [ -77.342809, 39.063017 ], [ -77.342642, 39.062967 ], [ -77.342458, 39.062964 ], [ -77.342108, 39.062926 ], [ -77.341918, 39.062933 ], [ -77.341726, 39.062962 ], [ -77.341483, 39.062963 ], [ -77.340777, 39.06295 ], [ -77.340144, 39.062909 ], [ -77.34004, 39.06289 ], [ -77.339724, 39.062796 ], [ -77.339457, 39.062761 ], [ -77.339163, 39.062686 ], [ -77.338693, 39.062545 ], [ -77.338301, 39.062494 ], [ -77.33786, 39.062332 ], [ -77.3376, 39.062303 ], [ -77.337348, 39.062293 ], [ -77.337137, 39.062265 ], [ -77.337004, 39.062231 ], [ -77.33675, 39.062124 ], [ -77.336272, 39.061963 ], [ -77.335664, 39.061797 ], [ -77.334902, 39.061545 ], [ -77.33465, 39.061445 ], [ -77.334244, 39.06133 ], [ -77.334063, 39.061206 ], [ -77.334015, 39.061156 ], [ -77.333929, 39.061033 ], [ -77.333906, 39.060964 ], [ -77.333874, 39.060226 ], [ -77.33388, 39.060142 ], [ -77.333951, 39.060018 ], [ -77.333963, 39.059917 ], [ -77.333903, 39.05978 ], [ -77.333792, 39.059643 ], [ -77.333791, 39.059612 ], [ -77.333603, 39.059426 ], [ -77.333481, 39.059357 ], [ -77.333316, 39.059316 ], [ -77.333053, 39.059302 ], [ -77.332872, 39.059277 ], [ -77.332684, 39.059218 ], [ -77.331541, 39.058679 ], [ -77.331133, 39.058566 ], [ -77.330387, 39.058421 ], [ -77.330079, 39.058406 ], [ -77.330018, 39.058385 ], [ -77.329835, 39.058273 ], [ -77.329337, 39.058197 ], [ -77.32916, 39.058151 ], [ -77.328645, 39.057898 ], [ -77.328318, 39.057678 ], [ -77.334249, 39.051695 ], [ -77.335491, 39.050444 ], [ -77.33564, 39.050292 ], [ -77.337245, 39.048672 ], [ -77.34062, 39.045263 ], [ -77.345669, 39.040142 ], [ -77.347452, 39.038359 ], [ -77.347771, 39.038016 ], [ -77.348959, 39.036815 ], [ -77.350479, 39.035301 ], [ -77.351537, 39.034214 ], [ -77.3517, 39.034065 ], [ -77.353351, 39.032401 ], [ -77.357521, 39.02822 ], [ -77.358725, 39.026992 ], [ -77.362502, 39.023177 ], [ -77.362656, 39.023023 ], [ -77.365365, 39.020279 ], [ -77.366058, 39.019579 ], [ -77.37041, 39.015177 ], [ -77.371103, 39.01448 ], [ -77.370785, 39.014312 ], [ -77.368658, 39.013224 ], [ -77.368567, 39.01318 ], [ -77.367748, 39.012819 ], [ -77.364004, 39.010853 ], [ -77.363889, 39.010761 ], [ -77.363757, 39.010694 ], [ -77.359294, 39.008228 ], [ -77.357834, 39.007393 ], [ -77.355243, 39.005909 ], [ -77.349978, 39.003002 ], [ -77.35013, 39.002854 ], [ -77.350453, 39.002513 ], [ -77.350731, 39.002271 ], [ -77.351058, 39.002082 ], [ -77.351247, 39.002001 ], [ -77.35147, 39.001923 ], [ -77.351902, 39.001846 ], [ -77.353023, 39.001746 ], [ -77.353316, 39.001704 ], [ -77.353481, 39.00165 ], [ -77.352748, 39.001424 ], [ -77.352507, 39.001324 ], [ -77.352074, 39.001096 ], [ -77.351863, 39.000955 ], [ -77.351775, 39.000829 ], [ -77.351732, 39.000687 ], [ -77.351632, 38.998661 ], [ -77.351541, 38.99747 ], [ -77.351454, 38.9964 ], [ -77.35142, 38.99596 ], [ -77.351416, 38.995647 ], [ -77.351455, 38.99552 ], [ -77.351563, 38.995424 ], [ -77.352529, 38.995029 ], [ -77.352695, 38.994988 ], [ -77.352842, 38.994977 ], [ -77.353685, 38.994987 ], [ -77.353871, 38.99503 ], [ -77.354458, 38.995277 ], [ -77.354696, 38.995334 ], [ -77.354881, 38.995349 ], [ -77.355145, 38.995322 ], [ -77.355373, 38.995244 ], [ -77.355487, 38.995182 ], [ -77.355668, 38.995029 ], [ -77.35633, 38.994249 ], [ -77.356526, 38.993992 ], [ -77.356627, 38.993823 ], [ -77.356772, 38.993473 ], [ -77.356896, 38.992977 ], [ -77.356992, 38.992729 ], [ -77.357243, 38.992197 ], [ -77.357268, 38.992166 ], [ -77.357451, 38.991943 ], [ -77.357616, 38.991697 ], [ -77.357912, 38.991241 ], [ -77.357975, 38.991133 ], [ -77.358887, 38.989578 ], [ -77.358974, 38.989361 ], [ -77.359513, 38.988479 ], [ -77.359588, 38.988212 ], [ -77.359588, 38.987951 ], [ -77.359504, 38.987582 ], [ -77.359418, 38.987389 ], [ -77.359569, 38.987513 ], [ -77.359732, 38.987584 ], [ -77.359871, 38.987625 ], [ -77.359971, 38.987626 ], [ -77.360124, 38.987707 ], [ -77.359977, 38.987432 ], [ -77.359454, 38.986047 ], [ -77.359694, 38.985348 ], [ -77.359939, 38.98465 ], [ -77.360333, 38.983406 ], [ -77.360747, 38.982195 ], [ -77.361523, 38.980774 ], [ -77.361592, 38.980688 ], [ -77.36181, 38.980207 ], [ -77.362139, 38.979622 ], [ -77.362299, 38.979375 ], [ -77.362536, 38.978925 ], [ -77.36259, 38.97879 ], [ -77.362636, 38.978527 ], [ -77.362605, 38.978061 ], [ -77.362498, 38.977231 ], [ -77.362488, 38.977124 ], [ -77.362464, 38.976864 ], [ -77.36234, 38.97644 ], [ -77.362277, 38.974933 ], [ -77.362272, 38.974908 ], [ -77.361973, 38.972053 ], [ -77.361958, 38.97141 ], [ -77.361981, 38.97119 ], [ -77.362068, 38.970928 ], [ -77.362204, 38.97066 ], [ -77.362465, 38.970222 ], [ -77.362905, 38.969596 ], [ -77.364559, 38.967019 ], [ -77.365072, 38.966268 ], [ -77.365161, 38.966142 ], [ -77.367047, 38.96337 ], [ -77.368274, 38.961482 ], [ -77.369914, 38.959058 ], [ -77.370089, 38.958832 ], [ -77.371128, 38.957392 ], [ -77.37121, 38.957278 ], [ -77.3725, 38.95547 ], [ -77.373027, 38.954775 ], [ -77.373747, 38.953759 ], [ -77.374705, 38.953676 ], [ -77.377392, 38.953513 ], [ -77.381116, 38.953287 ], [ -77.382399, 38.953251 ], [ -77.383679, 38.953269 ], [ -77.384378, 38.953302 ], [ -77.385651, 38.9534 ], [ -77.386723, 38.953527 ], [ -77.388443, 38.953784 ], [ -77.388678, 38.95382 ], [ -77.388723, 38.95368 ], [ -77.388753, 38.953581 ], [ -77.388783, 38.953484 ], [ -77.388809, 38.953398 ], [ -77.38888, 38.953166 ], [ -77.38894, 38.952972 ], [ -77.389302, 38.952014 ], [ -77.389642, 38.951283 ], [ -77.390436, 38.950337 ], [ -77.391664, 38.948745 ], [ -77.391793, 38.948507 ], [ -77.391811, 38.948298 ], [ -77.391934, 38.9481 ], [ -77.393069, 38.945749 ], [ -77.393259, 38.945231 ], [ -77.393191, 38.945149 ], [ -77.391725, 38.944256 ], [ -77.391208, 38.943916 ], [ -77.390736, 38.943685 ], [ -77.390562, 38.943594 ], [ -77.390024, 38.943265 ], [ -77.389777, 38.943072 ], [ -77.388531, 38.942313 ], [ -77.388364, 38.94223 ], [ -77.38785, 38.941927 ], [ -77.38759, 38.941802 ], [ -77.386666, 38.941226 ], [ -77.386307, 38.941014 ], [ -77.384405, 38.939937 ], [ -77.384208, 38.939819 ], [ -77.383864, 38.939626 ], [ -77.38372, 38.939513 ], [ -77.383437, 38.939241 ], [ -77.383112, 38.938848 ], [ -77.382187, 38.937717 ], [ -77.381996, 38.937506 ], [ -77.381654, 38.937122 ], [ -77.380928, 38.936233 ], [ -77.380213, 38.935395 ], [ -77.38001, 38.935165 ], [ -77.379706, 38.934869 ], [ -77.378982, 38.934036 ], [ -77.378559, 38.933525 ], [ -77.378256, 38.933104 ], [ -77.377655, 38.932231 ], [ -77.376983, 38.931265 ], [ -77.375549, 38.929364 ], [ -77.375049, 38.928656 ], [ -77.374951, 38.928547 ], [ -77.374432, 38.928106 ], [ -77.374068, 38.927822 ], [ -77.373641, 38.927536 ], [ -77.373272, 38.927342 ], [ -77.372813, 38.927138 ], [ -77.372574, 38.927048 ], [ -77.373047, 38.926384 ], [ -77.373322, 38.925881 ], [ -77.37341, 38.925663 ], [ -77.373555, 38.924955 ], [ -77.373364, 38.924954 ], [ -77.373014, 38.924931 ], [ -77.372795, 38.924875 ], [ -77.372319, 38.924614 ], [ -77.371962, 38.924491 ], [ -77.37198, 38.924448 ], [ -77.37196, 38.924354 ], [ -77.370373, 38.922207 ], [ -77.36939, 38.920782 ], [ -77.367066, 38.917519 ], [ -77.36574, 38.915573 ], [ -77.36563, 38.915462 ], [ -77.364876, 38.91441 ], [ -77.364159, 38.913389000000123 ], [ -77.364026, 38.913164 ], [ -77.363181, 38.911982 ], [ -77.362472, 38.910914 ], [ -77.361757, 38.90988 ], [ -77.363784, 38.909023 ], [ -77.364159, 38.90891 ], [ -77.364627, 38.908825 ], [ -77.364855, 38.908772 ], [ -77.365078, 38.9087 ], [ -77.367534, 38.907671 ], [ -77.368084, 38.907516 ], [ -77.369294, 38.907258 ], [ -77.369494, 38.90722 ], [ -77.369853, 38.907191 ], [ -77.370153, 38.90721 ], [ -77.370478, 38.907276 ], [ -77.370642, 38.90733 ], [ -77.370828, 38.907414 ], [ -77.371002, 38.907508 ], [ -77.372438, 38.908392 ], [ -77.372738, 38.908548 ], [ -77.372964, 38.908637 ], [ -77.373218, 38.908711 ], [ -77.374705, 38.909043 ], [ -77.375303, 38.909151 ], [ -77.375909, 38.909198 ], [ -77.377038, 38.909167 ], [ -77.377381, 38.909182 ], [ -77.377842, 38.909237 ], [ -77.380358, 38.909764 ], [ -77.38055, 38.909831 ], [ -77.380665, 38.909524 ], [ -77.380743, 38.909176 ], [ -77.380991, 38.907723 ], [ -77.381143, 38.907367 ], [ -77.381221, 38.907237 ], [ -77.381387, 38.907029 ], [ -77.382073, 38.90625 ], [ -77.382448, 38.905725 ], [ -77.382553, 38.905546 ], [ -77.38269, 38.90515 ], [ -77.382749, 38.904755 ], [ -77.382735, 38.904515 ], [ -77.382642, 38.904085 ], [ -77.382585, 38.903895 ], [ -77.382311, 38.903326 ], [ -77.382196, 38.903048 ], [ -77.38213, 38.902779 ], [ -77.382084, 38.902407 ], [ -77.381973, 38.901714 ], [ -77.381899, 38.901435 ], [ -77.381758, 38.901164 ], [ -77.381478, 38.900705 ], [ -77.381295, 38.900334 ], [ -77.381244, 38.900192 ], [ -77.381158, 38.899862 ], [ -77.38112, 38.899389 ], [ -77.381185, 38.898587 ], [ -77.381194, 38.898317 ], [ -77.381176, 38.898055 ], [ -77.381129, 38.897844 ], [ -77.380417, 38.896079 ], [ -77.380343, 38.89585 ], [ -77.380335, 38.895802 ], [ -77.380089, 38.89587 ], [ -77.379088, 38.896334 ], [ -77.378834, 38.896389 ], [ -77.378272, 38.896407 ], [ -77.378115, 38.896392 ], [ -77.377965, 38.896362 ], [ -77.377404, 38.896197 ], [ -77.377151, 38.896136 ], [ -77.376958, 38.896108 ], [ -77.376856, 38.896109 ], [ -77.376638, 38.896151 ], [ -77.376258, 38.896255 ], [ -77.375895, 38.896389 ], [ -77.375465, 38.896594 ], [ -77.375292, 38.896701 ], [ -77.375082, 38.896867 ], [ -77.374523, 38.89721 ], [ -77.374046, 38.897466 ], [ -77.373502, 38.897701 ], [ -77.37335, 38.897765 ], [ -77.372275, 38.898212 ], [ -77.371918, 38.898379 ], [ -77.371685, 38.898497 ], [ -77.371505, 38.898636 ], [ -77.371132, 38.898849 ], [ -77.37061, 38.899246 ], [ -77.370492, 38.899313 ], [ -77.370116, 38.899473 ], [ -77.369927, 38.899538 ], [ -77.369654, 38.899598 ], [ -77.369348, 38.899628 ], [ -77.368896, 38.899716 ], [ -77.367738, 38.899996 ], [ -77.36641, 38.900375 ], [ -77.365915, 38.900544 ], [ -77.365213, 38.90077 ], [ -77.363428, 38.901305 ], [ -77.363131, 38.901417 ], [ -77.361925, 38.901934 ], [ -77.360738, 38.9024 ], [ -77.357476, 38.903746 ], [ -77.357343, 38.903601 ], [ -77.356461, 38.902401 ], [ -77.356173, 38.902008 ], [ -77.354599, 38.899852 ], [ -77.353026, 38.89766 ], [ -77.352999, 38.897623 ], [ -77.352806, 38.897356 ], [ -77.352459, 38.896926 ], [ -77.352247, 38.896605 ], [ -77.352141, 38.896396 ], [ -77.350968, 38.894783 ], [ -77.350544, 38.894171 ], [ -77.349999, 38.893458 ], [ -77.348842, 38.891883 ], [ -77.348192, 38.890943 ], [ -77.347799, 38.89096 ], [ -77.347593, 38.891024 ], [ -77.347466, 38.89109 ], [ -77.346702, 38.891564 ], [ -77.346098, 38.891962 ], [ -77.344851, 38.892818 ], [ -77.344508, 38.89303 ], [ -77.344016, 38.893281 ], [ -77.343663, 38.89342 ], [ -77.343389, 38.893507 ], [ -77.342559, 38.893738 ], [ -77.341586, 38.893978 ], [ -77.340896, 38.894108 ], [ -77.339769, 38.894286 ], [ -77.339552, 38.894376 ], [ -77.338728, 38.894854 ], [ -77.337602, 38.89546 ], [ -77.337532, 38.895515 ], [ -77.337443, 38.89564 ], [ -77.337434, 38.895709 ], [ -77.33745, 38.8958 ], [ -77.337487, 38.895873 ], [ -77.337589, 38.89599 ], [ -77.339052, 38.897435 ], [ -77.337499, 38.898315 ], [ -77.336288, 38.898981 ], [ -77.335616, 38.899344 ], [ -77.334908, 38.89976 ], [ -77.334578, 38.89995 ], [ -77.334298, 38.900064 ], [ -77.333545, 38.900452 ], [ -77.333037, 38.900723 ], [ -77.332633, 38.9009 ], [ -77.331584, 38.901248 ], [ -77.330332, 38.901617 ], [ -77.33018, 38.901663 ], [ -77.329737, 38.901818 ], [ -77.329594, 38.901901 ], [ -77.329543, 38.901958 ], [ -77.329496, 38.902072 ], [ -77.329497, 38.902171 ], [ -77.329678, 38.90279 ], [ -77.329691, 38.90289 ], [ -77.329676, 38.903046 ], [ -77.329586, 38.903214 ], [ -77.328882, 38.903935 ], [ -77.328718, 38.904054 ], [ -77.328617, 38.90403 ], [ -77.328183, 38.903989 ], [ -77.327231, 38.903964 ], [ -77.324462, 38.903907 ], [ -77.323425, 38.903929 ], [ -77.323254, 38.903918 ], [ -77.321956, 38.903684 ], [ -77.321687, 38.903619 ], [ -77.320734, 38.903436 ], [ -77.320285, 38.903393 ], [ -77.319861, 38.903387 ], [ -77.319414, 38.903435 ], [ -77.318919, 38.90355 ], [ -77.318887, 38.903446 ], [ -77.318853, 38.9034 ], [ -77.318815, 38.903372 ], [ -77.318749, 38.903352 ], [ -77.318492, 38.903316 ], [ -77.318318, 38.903316 ], [ -77.317934, 38.903169 ], [ -77.317832, 38.903154 ], [ -77.317715, 38.903206 ], [ -77.317655, 38.903204 ], [ -77.317533, 38.903136 ], [ -77.317431, 38.903108 ], [ -77.317345, 38.903103 ], [ -77.317006, 38.903166 ], [ -77.31688, 38.90317 ], [ -77.316795, 38.903156 ], [ -77.316706, 38.903122 ], [ -77.316543, 38.903009 ], [ -77.316506, 38.90289 ], [ -77.31648, 38.902613 ], [ -77.316495, 38.90255 ], [ -77.316575, 38.902434 ], [ -77.31658, 38.902366 ], [ -77.316575, 38.902242 ], [ -77.316531, 38.902104 ], [ -77.316544, 38.902039 ], [ -77.316574, 38.902009 ], [ -77.316662, 38.901968 ], [ -77.316896, 38.901925 ], [ -77.317003, 38.901846 ], [ -77.317096, 38.90172 ], [ -77.31712, 38.90158 ], [ -77.317113, 38.901252 ], [ -77.317193, 38.901069 ], [ -77.317208, 38.900678 ], [ -77.317277, 38.900667 ], [ -77.317355, 38.900632 ], [ -77.317371, 38.900605 ], [ -77.317375, 38.900358 ], [ -77.317417, 38.900323 ], [ -77.317598, 38.900365 ], [ -77.317632, 38.900356 ], [ -77.31769, 38.900295 ], [ -77.317834, 38.900269 ], [ -77.31786, 38.900249 ], [ -77.317859, 38.90021 ], [ -77.317825, 38.900147 ], [ -77.317822, 38.900087 ], [ -77.317916, 38.899987 ], [ -77.317964, 38.899965 ], [ -77.318009, 38.89997 ], [ -77.318118, 38.900057 ], [ -77.318229, 38.900036 ], [ -77.318253, 38.90001 ], [ -77.318231, 38.899923 ], [ -77.318257, 38.899859 ], [ -77.318328, 38.89982 ], [ -77.318407, 38.899735 ], [ -77.318491, 38.899727 ], [ -77.318675, 38.89964 ], [ -77.318711, 38.899603 ], [ -77.318706, 38.899572 ], [ -77.31866, 38.899562 ], [ -77.318631, 38.899534 ], [ -77.318646, 38.89947 ], [ -77.31872, 38.899364 ], [ -77.318706, 38.89923 ], [ -77.318709, 38.899188 ], [ -77.318732, 38.899162 ], [ -77.318843, 38.899161 ], [ -77.318917, 38.899177 ], [ -77.319011, 38.89917 ], [ -77.319205, 38.899056 ], [ -77.319405, 38.899012 ], [ -77.319473, 38.898985 ], [ -77.319521, 38.898944 ], [ -77.31955, 38.898898 ], [ -77.319552, 38.898851 ], [ -77.319666, 38.898723 ], [ -77.319662, 38.89868 ], [ -77.319574, 38.898565 ], [ -77.31958, 38.898533 ], [ -77.319666, 38.898426 ], [ -77.319905, 38.898222 ], [ -77.319981, 38.898062 ], [ -77.319967, 38.897985 ], [ -77.319928, 38.897935 ], [ -77.319965, 38.897869 ], [ -77.320114, 38.897801 ], [ -77.320146, 38.897771 ], [ -77.32015, 38.897725 ], [ -77.320227, 38.897737 ], [ -77.320394, 38.897867 ], [ -77.320425, 38.897871 ], [ -77.320567, 38.897704 ], [ -77.320574, 38.897488 ], [ -77.320383, 38.897366 ], [ -77.320357, 38.897303 ], [ -77.320369, 38.897262 ], [ -77.320495, 38.897122 ], [ -77.320614, 38.896777 ], [ -77.320612, 38.896685 ], [ -77.320562, 38.89667 ], [ -77.320403, 38.89668 ], [ -77.320283, 38.896726 ], [ -77.320225, 38.896732 ], [ -77.320156, 38.896767 ], [ -77.320064, 38.896773 ], [ -77.319961, 38.896758 ], [ -77.319924, 38.896639 ], [ -77.319922, 38.896593 ], [ -77.319995, 38.896445 ], [ -77.31998, 38.896138 ], [ -77.320056, 38.896002 ], [ -77.320085, 38.895826 ], [ -77.320119, 38.895736 ], [ -77.320178, 38.895657 ], [ -77.320393, 38.895515 ], [ -77.320816, 38.895297 ], [ -77.320982, 38.895196 ], [ -77.321151, 38.895122 ], [ -77.321368, 38.894983 ], [ -77.321557, 38.894915 ], [ -77.321728, 38.894815 ], [ -77.321921, 38.894775 ], [ -77.321968, 38.894753 ], [ -77.32204, 38.89469 ], [ -77.322135, 38.89455 ], [ -77.322265, 38.894476 ], [ -77.322464, 38.894284 ], [ -77.322727, 38.894156 ], [ -77.323015, 38.893944 ], [ -77.323239, 38.893823 ], [ -77.323276, 38.893786 ], [ -77.323295, 38.893718 ], [ -77.323321, 38.893702 ], [ -77.323593, 38.893636 ], [ -77.323655, 38.893583 ], [ -77.323697, 38.893568 ], [ -77.323819, 38.893481 ], [ -77.323857, 38.893386 ], [ -77.323943, 38.893303 ], [ -77.323994, 38.893277 ], [ -77.32415, 38.893244 ], [ -77.324291, 38.893104 ], [ -77.324421, 38.893093 ], [ -77.324501, 38.893014 ], [ -77.324596, 38.892962 ], [ -77.324647, 38.89287 ], [ -77.324723, 38.892781 ], [ -77.32476, 38.8927 ], [ -77.324838, 38.892664 ], [ -77.324945, 38.892642 ], [ -77.324973, 38.892616 ], [ -77.324995, 38.892507 ], [ -77.325069, 38.892467 ], [ -77.325176, 38.892434 ], [ -77.325339, 38.892315 ], [ -77.325366, 38.892274 ], [ -77.325381, 38.892166 ], [ -77.325436, 38.892156 ], [ -77.325496, 38.892164 ], [ -77.325618, 38.892219 ], [ -77.325721, 38.892223 ], [ -77.325803, 38.892207 ], [ -77.325831, 38.892181 ], [ -77.325834, 38.892038 ], [ -77.325857, 38.89194 ], [ -77.325844, 38.891901 ], [ -77.325772, 38.891845 ], [ -77.325774, 38.891803 ], [ -77.325823, 38.891730000000109 ], [ -77.325843, 38.891588 ], [ -77.32586, 38.891566 ], [ -77.325989, 38.891546 ], [ -77.326064, 38.891492 ], [ -77.326157, 38.891464 ], [ -77.326201, 38.891481 ], [ -77.326289, 38.891601 ], [ -77.326363, 38.891612 ], [ -77.326421, 38.891573 ], [ -77.326368, 38.891368 ], [ -77.326378, 38.89133 ], [ -77.32642, 38.891296 ], [ -77.326482, 38.891288 ], [ -77.326524, 38.8913 ], [ -77.326623, 38.891404 ], [ -77.326715, 38.891406 ], [ -77.327069, 38.891305 ], [ -77.32734, 38.891297 ], [ -77.327426, 38.891233 ], [ -77.327472, 38.891153 ], [ -77.327533, 38.891119 ], [ -77.327876, 38.891072 ], [ -77.32798, 38.891048 ], [ -77.32818, 38.890968 ], [ -77.328418, 38.890934 ], [ -77.328539, 38.890873 ], [ -77.328583, 38.890796 ], [ -77.328711, 38.890717 ], [ -77.328727, 38.890681 ], [ -77.328726, 38.890586 ], [ -77.328764, 38.890488 ], [ -77.328894, 38.890426 ], [ -77.328968, 38.890432 ], [ -77.329006, 38.8905 ], [ -77.329093, 38.8905 ], [ -77.32923, 38.890418 ], [ -77.329355, 38.890371 ], [ -77.329394, 38.890311 ], [ -77.329426, 38.89016 ], [ -77.32955, 38.890053 ], [ -77.329679, 38.889984 ], [ -77.329719, 38.889925 ], [ -77.329788, 38.889733 ], [ -77.329861, 38.889723 ], [ -77.329917, 38.889688 ], [ -77.329914, 38.889637 ], [ -77.329784, 38.889546 ], [ -77.32978, 38.889506 ], [ -77.329833, 38.889487 ], [ -77.329906, 38.889483 ], [ -77.329981, 38.889515 ], [ -77.33005, 38.889518 ], [ -77.330125, 38.889448 ], [ -77.33006, 38.889384 ], [ -77.329963, 38.88937 ], [ -77.329867, 38.889322 ], [ -77.329858, 38.889277 ], [ -77.32987, 38.889243 ], [ -77.329984, 38.889206 ], [ -77.330016, 38.889181 ], [ -77.330054, 38.889066 ], [ -77.330121, 38.888986 ], [ -77.330166, 38.888959 ], [ -77.330178, 38.888905 ], [ -77.330152, 38.888868 ], [ -77.330103, 38.888851 ], [ -77.330036, 38.888848 ], [ -77.329942, 38.888877 ], [ -77.329885, 38.888876 ], [ -77.329857, 38.888818 ], [ -77.329919, 38.888732 ], [ -77.329973, 38.888703 ], [ -77.330002, 38.888657 ], [ -77.329995, 38.888596 ], [ -77.329971, 38.888563 ], [ -77.32992, 38.888538 ], [ -77.329865, 38.888535 ], [ -77.329824, 38.888516 ], [ -77.329791, 38.888426 ], [ -77.329805, 38.888389 ], [ -77.329798, 38.888243 ], [ -77.329681, 38.8881 ], [ -77.329701, 38.888032 ], [ -77.329825, 38.887966 ], [ -77.330014, 38.887964 ], [ -77.330074, 38.887935 ], [ -77.330097, 38.887891 ], [ -77.330051, 38.88785 ], [ -77.329927, 38.887849 ], [ -77.329884, 38.887865 ], [ -77.329849, 38.887851 ], [ -77.329795, 38.887791 ], [ -77.329814, 38.887602 ], [ -77.329841, 38.887537 ], [ -77.329887, 38.887498 ], [ -77.329939, 38.88748 ], [ -77.329971, 38.887444 ], [ -77.330037, 38.887452 ], [ -77.330099, 38.88752 ], [ -77.330151, 38.887505 ], [ -77.330175, 38.887398 ], [ -77.330293, 38.887245 ], [ -77.330388, 38.887165 ], [ -77.330509, 38.887117 ], [ -77.330666, 38.887104 ], [ -77.330824, 38.88705 ], [ -77.330862, 38.887025 ], [ -77.330895, 38.886913 ], [ -77.330937, 38.886885 ], [ -77.331131, 38.886871 ], [ -77.331207, 38.886782 ], [ -77.331216, 38.886632 ], [ -77.331108, 38.886568 ], [ -77.331055, 38.88657 ], [ -77.33101, 38.886544 ], [ -77.330878, 38.886341 ], [ -77.330816, 38.88634 ], [ -77.330731, 38.886404 ], [ -77.330666, 38.886407 ], [ -77.33056, 38.886351 ], [ -77.33054, 38.886302 ], [ -77.330575, 38.886199 ], [ -77.330556, 38.886154 ], [ -77.330719, 38.886024 ], [ -77.330735, 38.885935 ], [ -77.33079, 38.885897 ], [ -77.330789, 38.885857 ], [ -77.330869, 38.885842 ], [ -77.331007, 38.885886 ], [ -77.331148, 38.88596 ], [ -77.331219, 38.885935 ], [ -77.331224, 38.885714 ], [ -77.331246, 38.885685 ], [ -77.33142, 38.88568 ], [ -77.33153, 38.885747 ], [ -77.331577, 38.885746 ], [ -77.331684, 38.885677 ], [ -77.331934, 38.885616 ], [ -77.331925, 38.885442 ], [ -77.332037, 38.885315 ], [ -77.332157, 38.885216 ], [ -77.332197, 38.885136 ], [ -77.332329, 38.885055 ], [ -77.332337, 38.885006 ], [ -77.33238, 38.884961 ], [ -77.33244, 38.88494 ], [ -77.332474, 38.884903000000115 ], [ -77.332449, 38.884819 ], [ -77.332547, 38.884602 ], [ -77.332616, 38.884552 ], [ -77.332743, 38.884513 ], [ -77.332804, 38.884477 ], [ -77.332891, 38.884421 ], [ -77.33294, 38.884368 ], [ -77.332981, 38.884309 ], [ -77.333037, 38.884127 ], [ -77.333296, 38.883806 ], [ -77.333347, 38.883716 ], [ -77.333352, 38.883672 ], [ -77.333329, 38.883635 ], [ -77.333233, 38.883588 ], [ -77.333151, 38.883501 ], [ -77.33314, 38.883446 ], [ -77.333159, 38.883365 ], [ -77.333438, 38.883145 ], [ -77.333473, 38.883075 ], [ -77.333598, 38.882958 ], [ -77.333747, 38.882866 ], [ -77.333859, 38.882709 ], [ -77.333963, 38.882661 ], [ -77.334078, 38.882575 ], [ -77.334068, 38.882504 ], [ -77.334121, 38.882429 ], [ -77.334176, 38.882277 ], [ -77.334324, 38.882045 ], [ -77.33435, 38.881966 ], [ -77.334483, 38.881784 ], [ -77.334578, 38.88174 ], [ -77.334605, 38.881708 ], [ -77.334591, 38.881658 ], [ -77.334677, 38.881449 ], [ -77.334674, 38.881312 ], [ -77.334747, 38.88116 ], [ -77.334782, 38.880846 ], [ -77.334805, 38.880809 ], [ -77.33496, 38.880679 ], [ -77.335121, 38.880352 ], [ -77.335364, 38.880187 ], [ -77.335501, 38.880122 ], [ -77.335955, 38.879944 ], [ -77.336153, 38.879939 ], [ -77.33627, 38.879841 ], [ -77.336344, 38.879812 ], [ -77.336544, 38.879837 ], [ -77.336635, 38.879817 ], [ -77.336833, 38.879735 ], [ -77.336998, 38.87971 ], [ -77.337353, 38.879715 ], [ -77.337472, 38.879676 ], [ -77.337517, 38.879615 ], [ -77.33752, 38.879403 ], [ -77.337489, 38.879207 ], [ -77.337506, 38.879159 ], [ -77.337611, 38.879041 ], [ -77.337676, 38.878933 ], [ -77.337742, 38.878893 ], [ -77.337933, 38.87883 ], [ -77.337985, 38.878836 ], [ -77.338027, 38.878861 ], [ -77.33806, 38.878935 ], [ -77.338097, 38.878959 ], [ -77.338232, 38.878929 ], [ -77.338265, 38.878859 ], [ -77.338301, 38.87866 ], [ -77.338412, 38.878494 ], [ -77.338465, 38.878291 ], [ -77.338492, 38.878133 ], [ -77.338487, 38.878003 ], [ -77.338505, 38.877952 ], [ -77.338492, 38.877857 ], [ -77.338551, 38.877765 ], [ -77.338595, 38.877485 ], [ -77.338577, 38.877453 ], [ -77.338464, 38.877373 ], [ -77.33845, 38.87732 ], [ -77.338494, 38.87715 ], [ -77.338405, 38.876906 ], [ -77.338309, 38.876768 ], [ -77.338151, 38.876687 ], [ -77.338065, 38.876506 ], [ -77.338036, 38.876186 ], [ -77.337968, 38.875868 ], [ -77.337923, 38.875807 ], [ -77.337822, 38.875781 ], [ -77.337774, 38.875733 ], [ -77.337783, 38.875622 ], [ -77.33786, 38.87542 ], [ -77.337876, 38.875214 ], [ -77.337815, 38.874988 ], [ -77.337843, 38.874842 ], [ -77.337842, 38.87469 ], [ -77.337384, 38.87459 ], [ -77.337278, 38.874555 ], [ -77.337157, 38.874489 ], [ -77.337086, 38.874431 ], [ -77.337019, 38.874347 ], [ -77.336957, 38.874228 ], [ -77.336915, 38.874083 ], [ -77.336839, 38.873201 ], [ -77.33678, 38.872927 ], [ -77.336713, 38.872776 ], [ -77.33655, 38.872555 ], [ -77.335662, 38.871713 ], [ -77.335608, 38.871489 ], [ -77.33554, 38.871496 ], [ -77.335517, 38.871386 ], [ -77.335438, 38.871327 ], [ -77.335438, 38.871167 ], [ -77.335385, 38.871038 ], [ -77.335392, 38.870903 ], [ -77.335348, 38.870824 ], [ -77.335469, 38.870722 ], [ -77.335468, 38.87068 ], [ -77.335403, 38.870597 ], [ -77.335384, 38.870535 ], [ -77.335397, 38.870513 ], [ -77.335546, 38.870466 ], [ -77.335564, 38.870448 ], [ -77.335599, 38.87032 ], [ -77.335609, 38.870086 ], [ -77.335569, 38.869982 ], [ -77.335522, 38.869981 ], [ -77.335489, 38.870005 ], [ -77.335459, 38.870006 ], [ -77.335406, 38.869984 ], [ -77.335333, 38.869899 ], [ -77.335243, 38.869873 ], [ -77.335226, 38.869777 ], [ -77.335268, 38.86958 ], [ -77.335259, 38.869524 ], [ -77.335295, 38.869326 ], [ -77.335291, 38.869253 ], [ -77.33519, 38.869123 ], [ -77.335174, 38.869026 ], [ -77.33525, 38.868944 ], [ -77.335435, 38.868835 ], [ -77.335464, 38.868773 ], [ -77.335448, 38.868747 ], [ -77.335301, 38.868675 ], [ -77.335129, 38.868635 ], [ -77.335134, 38.868575 ], [ -77.335058, 38.868498 ], [ -77.334802, 38.868365 ], [ -77.334765, 38.868354 ], [ -77.334712, 38.86838 ], [ -77.334709, 38.868413 ], [ -77.334751, 38.868494 ], [ -77.334661, 38.868496 ], [ -77.334512, 38.868419 ], [ -77.334399, 38.868314 ], [ -77.334306, 38.868302 ], [ -77.334182, 38.868309 ], [ -77.334137, 38.868276 ], [ -77.334117, 38.868221 ], [ -77.334011, 38.86811 ], [ -77.333924, 38.868056 ], [ -77.333661, 38.868039 ], [ -77.333285, 38.867832 ], [ -77.333125, 38.867822 ], [ -77.333012, 38.867833 ], [ -77.332881, 38.867797 ], [ -77.332799, 38.86773 ], [ -77.332727, 38.867631 ], [ -77.332739, 38.867501 ], [ -77.332651, 38.867194 ], [ -77.332617, 38.867126 ], [ -77.332541, 38.867055 ], [ -77.332433, 38.866824 ], [ -77.332366, 38.866711 ], [ -77.332308, 38.866649 ], [ -77.33225, 38.866459 ], [ -77.332094, 38.866302 ], [ -77.33199, 38.866104 ], [ -77.331928, 38.866047 ], [ -77.331786, 38.865983 ], [ -77.331601, 38.865818 ], [ -77.331586, 38.865709 ], [ -77.331521, 38.86553 ], [ -77.331527, 38.865442 ], [ -77.331565, 38.865369 ], [ -77.331558, 38.865304 ], [ -77.331424, 38.864903 ], [ -77.330393, 38.865061 ], [ -77.328366, 38.865438 ], [ -77.328554, 38.865189 ], [ -77.328788, 38.864848 ], [ -77.329346, 38.864105 ], [ -77.328813, 38.863893 ], [ -77.330221, 38.861591 ], [ -77.332491, 38.857881 ], [ -77.333242, 38.856571 ], [ -77.335022, 38.857318 ], [ -77.335587, 38.857528 ], [ -77.337472, 38.858279 ], [ -77.338227, 38.858596 ], [ -77.339715, 38.859174 ], [ -77.340074, 38.85929 ], [ -77.340719, 38.859602 ], [ -77.341107, 38.859826 ], [ -77.341708, 38.860235 ], [ -77.342461, 38.860832 ], [ -77.343541, 38.861722 ], [ -77.343755, 38.861919 ], [ -77.344477, 38.862353 ], [ -77.34602, 38.862074 ], [ -77.347357, 38.861835 ], [ -77.348531, 38.861625 ], [ -77.349892, 38.861352 ], [ -77.352282, 38.860907 ], [ -77.353734, 38.86067 ], [ -77.359667, 38.859567 ], [ -77.363125, 38.858945 ], [ -77.363309, 38.858908 ], [ -77.371508, 38.857422 ], [ -77.378141, 38.856204 ], [ -77.380058, 38.855816 ], [ -77.382182, 38.85542 ], [ -77.383363, 38.855253 ], [ -77.383688, 38.855191 ], [ -77.38392, 38.855169 ], [ -77.388385, 38.854357 ], [ -77.38864, 38.854311 ], [ -77.393063, 38.853513 ], [ -77.394431, 38.853279 ], [ -77.398336, 38.85253 ], [ -77.399095, 38.852373 ], [ -77.400309, 38.852167 ], [ -77.402781, 38.851741 ], [ -77.402944, 38.851711 ], [ -77.406003, 38.851167 ], [ -77.408348, 38.850725 ], [ -77.418032, 38.848977 ], [ -77.419777, 38.84865 ], [ -77.423954, 38.847868 ], [ -77.426895, 38.847336 ], [ -77.427817, 38.847176 ], [ -77.428638, 38.847052 ], [ -77.43145, 38.846511 ], [ -77.432119, 38.846398 ], [ -77.432416, 38.846344 ], [ -77.433588, 38.846102 ], [ -77.434461, 38.845886 ], [ -77.435386, 38.845611 ], [ -77.436125, 38.845358 ], [ -77.43695, 38.845042 ], [ -77.437585, 38.844773 ], [ -77.438412, 38.844388 ], [ -77.439357, 38.843895 ], [ -77.440353, 38.843301 ], [ -77.440835, 38.842989 ], [ -77.441563, 38.842472 ], [ -77.442048, 38.842083 ], [ -77.443121, 38.841151 ], [ -77.443925, 38.840374 ], [ -77.444983, 38.839239 ], [ -77.445986, 38.83812 ], [ -77.446761, 38.83724 ], [ -77.44688, 38.837106 ], [ -77.44742, 38.836964 ], [ -77.449827, 38.834223 ], [ -77.449857, 38.83419 ], [ -77.449603, 38.834072 ], [ -77.450091, 38.833546 ], [ -77.45117, 38.83231 ], [ -77.454763, 38.828288 ], [ -77.455609, 38.827408 ], [ -77.456485, 38.82655 ], [ -77.457174, 38.825914 ], [ -77.457456, 38.825667 ], [ -77.457989, 38.825199 ], [ -77.458829, 38.824505 ], [ -77.459453, 38.824009 ], [ -77.460742, 38.823046 ], [ -77.461524, 38.822499 ], [ -77.462817, 38.82165 ], [ -77.464689, 38.820516 ], [ -77.464862, 38.820419 ], [ -77.463462, 38.819503 ], [ -77.463077, 38.819305 ], [ -77.46287, 38.819224 ], [ -77.462426, 38.819104 ], [ -77.462209, 38.819069 ], [ -77.461626, 38.819021 ], [ -77.461359, 38.818973 ], [ -77.459951, 38.818579 ], [ -77.459731, 38.818537 ], [ -77.459711, 38.818388 ], [ -77.459675, 38.818301 ], [ -77.459176, 38.817411 ], [ -77.459109, 38.817358 ], [ -77.458905, 38.816973 ], [ -77.457818, 38.815122 ], [ -77.457408, 38.814424 ], [ -77.457352, 38.8142 ], [ -77.456807, 38.813287 ], [ -77.456587, 38.812952 ], [ -77.456262, 38.812421 ], [ -77.456235, 38.812339 ], [ -77.45602, 38.811958 ], [ -77.455933, 38.811825 ], [ -77.455801, 38.811701 ], [ -77.455714, 38.811654 ], [ -77.455283, 38.811483 ], [ -77.45481, 38.811359 ], [ -77.453862, 38.811151 ], [ -77.453576, 38.811118 ], [ -77.453363, 38.811116 ], [ -77.452291, 38.8112 ], [ -77.452001, 38.811179 ], [ -77.451633, 38.811073 ], [ -77.451162, 38.810879 ], [ -77.451052, 38.810872 ], [ -77.450751, 38.810754 ], [ -77.450148, 38.810484 ], [ -77.449976, 38.810374 ], [ -77.449871, 38.810272 ], [ -77.449793, 38.810164 ], [ -77.449728, 38.81 ], [ -77.449564, 38.810024 ], [ -77.449411, 38.810024 ], [ -77.449207, 38.809981 ], [ -77.44907, 38.809882 ], [ -77.448876, 38.810009 ], [ -77.448718, 38.810009 ] ] ] ] } }
]
}
