{
"type": "FeatureCollection",
"name": "district_11",
"crs": { "type": "name", "properties": { "name": "urn:ogc:def:crs:OGC:1.3:CRS84" } },
"xy_coordinate_resolution": 1e-15,
"features": [
{ "type": "Feature", "properties": { "district": "11" }, "geometry": { "type": "MultiPolygon", "coordinates": [ [ [ [ -78.745973, 38.524563 ], [ -78.746673, 38.524488 ], [ -78.747558, 38.524358 ], [ -78.748166, 38.524332 ], [ -78.74868, 38.524385 ], [ -78.748904, 38.524435 ], [ -78.749464, 38.524628 ], [ -78.749671, 38.524717 ], [ -78.750058, 38.524945 ], [ -78.750411, 38.525243 ], [ -78.750692, 38.525614 ], [ -78.751111, 38.526293 ], [ -78.751285, 38.526509 ], [ -78.751488, 38.526725 ], [ -78.751707, 38.526922 ], [ -78.751923, 38.527083 ], [ -78.752087, 38.527183 ], [ -78.752476, 38.527386 ], [ -78.752858, 38.52753 ], [ -78.753713, 38.52782 ], [ -78.755541, 38.528455 ], [ -78.756227, 38.528711 ], [ -78.756591, 38.528896 ], [ -78.756813, 38.529039 ], [ -78.757144, 38.529311 ], [ -78.757267, 38.52944 ], [ -78.757558, 38.529808 ], [ -78.75771, 38.530029 ], [ -78.758516, 38.531383 ], [ -78.759239, 38.53255 ], [ -78.759507, 38.532863 ], [ -78.759637, 38.532984 ], [ -78.760036, 38.533266 ], [ -78.760454, 38.533481 ], [ -78.761222, 38.533742 ], [ -78.762207, 38.534027 ], [ -78.763043, 38.534276 ], [ -78.763635, 38.534478 ], [ -78.764097, 38.534687 ], [ -78.764293, 38.534793 ], [ -78.766166, 38.535952 ], [ -78.766791, 38.536335 ], [ -78.767062, 38.5365 ], [ -78.769377, 38.537947 ], [ -78.769959, 38.53836 ], [ -78.768551, 38.539472 ], [ -78.767352, 38.540529 ], [ -78.76705, 38.54081 ], [ -78.766969, 38.540972 ], [ -78.766592, 38.541376 ], [ -78.766543, 38.541428 ], [ -78.76696, 38.541714 ], [ -78.770859, 38.544619 ], [ -78.771325, 38.544964 ], [ -78.771747, 38.545296 ], [ -78.773093, 38.546533 ], [ -78.773974, 38.547359 ], [ -78.774678, 38.548046 ], [ -78.775067, 38.548391 ], [ -78.775383, 38.548639 ], [ -78.777169, 38.549966 ], [ -78.780325, 38.552247 ], [ -78.780572, 38.552387 ], [ -78.780651, 38.552414 ], [ -78.780821, 38.552436 ], [ -78.781, 38.552401 ], [ -78.781542, 38.552142 ], [ -78.781864, 38.551971 ], [ -78.782109, 38.551787 ], [ -78.782396, 38.551507 ], [ -78.78622, 38.554496 ], [ -78.790669, 38.557522 ], [ -78.794862, 38.560293 ], [ -78.803672, 38.566175 ], [ -78.803523, 38.56656 ], [ -78.802651, 38.568563 ], [ -78.802295, 38.569422 ], [ -78.802067, 38.570102 ], [ -78.801723, 38.571374 ], [ -78.801594, 38.571782 ], [ -78.801256, 38.572645 ], [ -78.80099, 38.573252 ], [ -78.800765, 38.573689 ], [ -78.800652, 38.57386 ], [ -78.800294, 38.574306 ], [ -78.803178, 38.575459 ], [ -78.805205, 38.57619 ], [ -78.806183, 38.57651 ], [ -78.806394, 38.576595 ], [ -78.80808, 38.577193 ], [ -78.808213, 38.577229 ], [ -78.808372, 38.577228 ], [ -78.808496, 38.577206 ], [ -78.808849, 38.5771 ], [ -78.812312, 38.576041 ], [ -78.812679, 38.575985 ], [ -78.813001, 38.57599 ], [ -78.813288, 38.57604 ], [ -78.813646, 38.576173 ], [ -78.813804, 38.576264 ], [ -78.814099, 38.576477 ], [ -78.814386, 38.576604 ], [ -78.816244, 38.57714 ], [ -78.81788, 38.577575 ], [ -78.818543, 38.577749 ], [ -78.819092, 38.577912 ], [ -78.820205, 38.578377 ], [ -78.820412, 38.578459 ], [ -78.823787, 38.579668 ], [ -78.824763, 38.580004 ], [ -78.828438, 38.581242 ], [ -78.832869, 38.582731 ], [ -78.837915, 38.584467 ], [ -78.839331, 38.584941 ], [ -78.840886, 38.585458 ], [ -78.842557, 38.585971 ], [ -78.844103, 38.586422 ], [ -78.844435, 38.586482 ], [ -78.845078, 38.586543 ], [ -78.84537, 38.586595 ], [ -78.845832, 38.586709 ], [ -78.84613, 38.586837 ], [ -78.846852, 38.587269 ], [ -78.847477, 38.587706 ], [ -78.847925, 38.588068 ], [ -78.849489, 38.589248 ], [ -78.850198, 38.589765 ], [ -78.850348, 38.589854 ], [ -78.851262, 38.59031 ], [ -78.855656, 38.592697 ], [ -78.855624, 38.592783 ], [ -78.855587, 38.59284 ], [ -78.854156, 38.594331 ], [ -78.851876, 38.596685 ], [ -78.85121, 38.597415 ], [ -78.850147, 38.598578 ], [ -78.849614, 38.59919 ], [ -78.849529, 38.599376 ], [ -78.849495, 38.599551 ], [ -78.84937, 38.599889 ], [ -78.849108, 38.600359 ], [ -78.848538, 38.601262 ], [ -78.848463, 38.601425 ], [ -78.848406, 38.601593 ], [ -78.848335, 38.601909 ], [ -78.848136, 38.603147 ], [ -78.848082, 38.603298 ], [ -78.847921, 38.603556 ], [ -78.847345, 38.604091 ], [ -78.84729, 38.604199 ], [ -78.847298, 38.604346 ], [ -78.847337, 38.604765 ], [ -78.848485, 38.604538 ], [ -78.848819, 38.604519 ], [ -78.84915, 38.604543 ], [ -78.849349, 38.60454 ], [ -78.849812, 38.604487 ], [ -78.850942, 38.604325 ], [ -78.851076, 38.60432 ], [ -78.851209, 38.604331 ], [ -78.852436, 38.604605 ], [ -78.853008, 38.60471 ], [ -78.85328, 38.604775 ], [ -78.853846, 38.60494 ], [ -78.853953, 38.604946 ], [ -78.854519, 38.604914 ], [ -78.855163, 38.604902 ], [ -78.856199, 38.604852 ], [ -78.856377, 38.604857 ], [ -78.857468, 38.605012 ], [ -78.857934, 38.605065 ], [ -78.859527, 38.605214 ], [ -78.859788, 38.60528 ], [ -78.860147, 38.605443 ], [ -78.861038, 38.605773 ], [ -78.862063, 38.60433 ], [ -78.867806, 38.608 ], [ -78.867735, 38.60822 ], [ -78.867686, 38.608341 ], [ -78.867456, 38.608731 ], [ -78.867218, 38.60905 ], [ -78.866854, 38.609467 ], [ -78.866575, 38.609857 ], [ -78.866372, 38.610236 ], [ -78.86626, 38.610522 ], [ -78.866155, 38.610725 ], [ -78.866009, 38.610923 ], [ -78.865617, 38.611357 ], [ -78.865498, 38.611461 ], [ -78.865183, 38.611703 ], [ -78.864938, 38.611824 ], [ -78.864721, 38.611879 ], [ -78.864686, 38.611901 ], [ -78.864609, 38.612 ], [ -78.864442, 38.612379 ], [ -78.864149, 38.614037 ], [ -78.864121, 38.614295 ], [ -78.86403, 38.614564 ], [ -78.864618, 38.614657 ], [ -78.865759, 38.614932 ], [ -78.866025, 38.614981 ], [ -78.866998, 38.614975 ], [ -78.867201, 38.615046 ], [ -78.867446, 38.615178 ], [ -78.867565, 38.615211 ], [ -78.867642, 38.615216 ], [ -78.868083, 38.615172 ], [ -78.868475, 38.615073 ], [ -78.868622, 38.615007 ], [ -78.86879, 38.614903 ], [ -78.869056, 38.614705 ], [ -78.869426, 38.614359 ], [ -78.869685, 38.614051 ], [ -78.870189, 38.613381 ], [ -78.870314, 38.613238 ], [ -78.870419, 38.613134 ], [ -78.870727, 38.612903 ], [ -78.87107, 38.612738 ], [ -78.871308, 38.612711 ], [ -78.871371, 38.612689 ], [ -78.871462, 38.612634 ], [ -78.871567, 38.612452 ], [ -78.871651, 38.612387 ], [ -78.871812, 38.612299 ], [ -78.872028, 38.612211 ], [ -78.872259, 38.612156 ], [ -78.872462, 38.612128 ], [ -78.872868, 38.612111 ], [ -78.873065, 38.612057 ], [ -78.873078, 38.611916 ], [ -78.873066, 38.611809 ], [ -78.872915, 38.611268 ], [ -78.873305, 38.611607 ], [ -78.874853, 38.613123 ], [ -78.876755, 38.613962 ], [ -78.880046, 38.616056 ], [ -78.888351, 38.621293 ], [ -78.897952, 38.628514 ], [ -78.900418, 38.63065 ], [ -78.901357, 38.63105 ], [ -78.903045, 38.630965 ], [ -78.903403, 38.630677 ], [ -78.903585, 38.630485 ], [ -78.903746, 38.630243 ], [ -78.904348, 38.62953 ], [ -78.905539, 38.628382 ], [ -78.906625, 38.627422 ], [ -78.906786, 38.627191 ], [ -78.907129, 38.626384 ], [ -78.907521, 38.625582 ], [ -78.907528, 38.625412 ], [ -78.907445, 38.625121 ], [ -78.907174, 38.624801 ], [ -78.907069, 38.624653 ], [ -78.906957, 38.624384 ], [ -78.90695, 38.624219 ], [ -78.906957, 38.624115 ], [ -78.906992, 38.623999000000111 ], [ -78.907167, 38.623681 ], [ -78.907602, 38.623159 ], [ -78.907707, 38.623006 ], [ -78.907798, 38.622533 ], [ -78.907987, 38.622215 ], [ -78.908036, 38.622094 ], [ -78.90805, 38.622006 ], [ -78.908029, 38.621853 ], [ -78.907973, 38.621732 ], [ -78.907763, 38.62143 ], [ -78.907708, 38.621325 ], [ -78.907687, 38.621226 ], [ -78.907687, 38.621095 ], [ -78.907729, 38.620952 ], [ -78.907806, 38.620836 ], [ -78.907925, 38.620727 ], [ -78.908107, 38.620595 ], [ -78.908226, 38.620546 ], [ -78.908366, 38.620513 ], [ -78.908583, 38.620485 ], [ -78.909318, 38.620513 ], [ -78.909787, 38.620579 ], [ -78.910067, 38.620552 ], [ -78.910483, 38.620457 ], [ -78.910732, 38.620436 ], [ -78.910935, 38.620448 ], [ -78.911047, 38.620464 ], [ -78.91125, 38.620524 ], [ -78.911533, 38.62066 ], [ -78.911642, 38.620684 ], [ -78.911698, 38.620673 ], [ -78.911775, 38.62064 ], [ -78.911817, 38.620602 ], [ -78.912321, 38.619421 ], [ -78.912419, 38.619278 ], [ -78.912566, 38.619114 ], [ -78.912643, 38.619037 ], [ -78.912819, 38.618921 ], [ -78.913085, 38.618823 ], [ -78.913379, 38.618768 ], [ -78.913743, 38.618779 ], [ -78.914757, 38.618911 ], [ -78.915121, 38.618905 ], [ -78.915444, 38.618878 ], [ -78.916151, 38.618697 ], [ -78.916333, 38.618626 ], [ -78.916564, 38.618483 ], [ -78.916767, 38.618307 ], [ -78.916935, 38.618126 ], [ -78.91704, 38.617983 ], [ -78.917152, 38.617786 ], [ -78.917278, 38.617478 ], [ -78.917355, 38.61716 ], [ -78.917383, 38.616852 ], [ -78.917362, 38.616232 ], [ -78.917468, 38.615759 ], [ -78.917524, 38.61565 ], [ -78.917867, 38.615199 ], [ -78.918322, 38.614837 ], [ -78.918924, 38.614156 ], [ -78.919176, 38.613942 ], [ -78.91975, 38.613574 ], [ -78.920506, 38.61319 ], [ -78.920877, 38.613069 ], [ -78.921227, 38.612998 ], [ -78.921647, 38.612938 ], [ -78.922018, 38.61285 ], [ -78.922298, 38.612713 ], [ -78.922788, 38.612367 ], [ -78.923033, 38.612268 ], [ -78.923243, 38.612241 ], [ -78.923495, 38.612252 ], [ -78.924055, 38.612438 ], [ -78.92437, 38.612488 ], [ -78.92465, 38.612477 ], [ -78.924972, 38.6124 ], [ -78.925154, 38.612334 ], [ -78.925336, 38.612246 ], [ -78.925497, 38.612142 ], [ -78.925672, 38.612005 ], [ -78.925805, 38.611862 ], [ -78.925924, 38.611659 ], [ -78.925973, 38.611522 ], [ -78.926001, 38.611384 ], [ -78.926015, 38.610456 ], [ -78.92605, 38.610346 ], [ -78.926197, 38.610044 ], [ -78.926253, 38.609803 ], [ -78.92626, 38.60932 ], [ -78.926233, 38.608342 ], [ -78.926296, 38.608078 ], [ -78.926394, 38.607914 ], [ -78.926457, 38.607864 ], [ -78.926891, 38.60765 ], [ -78.927101, 38.607584 ], [ -78.927324, 38.607541 ], [ -78.927506, 38.607524 ], [ -78.927744, 38.607535 ], [ -78.928853, 38.607644 ], [ -78.929256, 38.607705 ], [ -78.929469, 38.607714 ], [ -78.929585, 38.607705 ], [ -78.929767, 38.607667 ], [ -78.9299, 38.607601 ], [ -78.929956, 38.607552 ], [ -78.929977, 38.607502 ], [ -78.929984, 38.607436 ], [ -78.929949, 38.607327 ], [ -78.92983, 38.607167 ], [ -78.929641, 38.607025 ], [ -78.929515, 38.606849 ], [ -78.92948, 38.606695 ], [ -78.929627, 38.606146 ], [ -78.929627, 38.605866 ], [ -78.929578, 38.605734 ], [ -78.929446, 38.605531 ], [ -78.929341, 38.605427 ], [ -78.92897, 38.605146 ], [ -78.928844, 38.604982 ], [ -78.928816, 38.604422 ], [ -78.928746, 38.604131 ], [ -78.928746, 38.604015 ], [ -78.92883, 38.603834 ], [ -78.929033, 38.603609 ], [ -78.929236, 38.603444 ], [ -78.929453, 38.60329 ], [ -78.929726, 38.603131 ], [ -78.930377, 38.602807 ], [ -78.930797, 38.602632 ], [ -78.931175, 38.6025 ], [ -78.931448, 38.602423 ], [ -78.931608, 38.602423 ], [ -78.932397, 38.602594 ], [ -78.93249, 38.601099 ], [ -78.932552, 38.60076 ], [ -78.93261, 38.600594 ], [ -78.93274, 38.600401 ], [ -78.932981, 38.60016 ], [ -78.933244, 38.599976 ], [ -78.933468, 38.599856 ], [ -78.933801, 38.599716 ], [ -78.934199, 38.599619 ], [ -78.936476, 38.599413 ], [ -78.93799, 38.599258 ], [ -78.938237, 38.599216 ], [ -78.938407, 38.599166 ], [ -78.938615, 38.599541 ], [ -78.938668, 38.599631 ], [ -78.93894, 38.600067 ], [ -78.93899, 38.600237 ], [ -78.938986, 38.600341 ], [ -78.938952, 38.600455 ], [ -78.939986, 38.600644 ], [ -78.941658, 38.600924 ], [ -78.942449, 38.601089 ], [ -78.943128, 38.601155 ], [ -78.943513, 38.601171 ], [ -78.94403, 38.601237 ], [ -78.944429, 38.60138 ], [ -78.944681, 38.601397 ], [ -78.946389, 38.601369 ], [ -78.946613, 38.601385 ], [ -78.947403, 38.601501 ], [ -78.947998, 38.601572 ], [ -78.949069, 38.601814 ], [ -78.950063, 38.601995 ], [ -78.950609, 38.602061 ], [ -78.951735, 38.602127 ], [ -78.951994, 38.602159 ], [ -78.952274, 38.602214 ], [ -78.95275, 38.602346 ], [ -78.952827, 38.60239 ], [ -78.952918, 38.602483 ], [ -78.952995, 38.602593 ], [ -78.953037, 38.602692 ], [ -78.953065, 38.602846 ], [ -78.953086, 38.603203 ], [ -78.953121, 38.603362 ], [ -78.95317, 38.603466 ], [ -78.953247, 38.603554 ], [ -78.953576, 38.603807 ], [ -78.95373, 38.603906 ], [ -78.954234, 38.604092 ], [ -78.954206, 38.60429 ], [ -78.953996, 38.604795 ], [ -78.954038, 38.604899 ], [ -78.954157, 38.605026 ], [ -78.954185, 38.605086 ], [ -78.95419, 38.605234 ], [ -78.954241, 38.605317 ], [ -78.954311, 38.605361 ], [ -78.954437, 38.605394 ], [ -78.955445, 38.605481 ], [ -78.956117, 38.605569 ], [ -78.95632, 38.605613 ], [ -78.956635, 38.605723 ], [ -78.956894, 38.60586 ], [ -78.957237, 38.606091 ], [ -78.957678, 38.606338 ], [ -78.958357, 38.606629 ], [ -78.95891, 38.606766 ], [ -78.95926, 38.606837 ], [ -78.959848, 38.606903 ], [ -78.960029, 38.606936 ], [ -78.960351, 38.607018 ], [ -78.960617, 38.607117 ], [ -78.960883, 38.607276 ], [ -78.961023, 38.607518 ], [ -78.961191, 38.607721 ], [ -78.96143, 38.607908 ], [ -78.961668, 38.608018 ], [ -78.961808, 38.608056 ], [ -78.96243, 38.608155 ], [ -78.963088, 38.608303 ], [ -78.963466, 38.608347 ], [ -78.963753, 38.608363 ], [ -78.964173, 38.608429 ], [ -78.964656, 38.60861 ], [ -78.965202, 38.60872 ], [ -78.965545, 38.608819 ], [ -78.965832, 38.608994 ], [ -78.965909, 38.609077 ], [ -78.965979, 38.609225 ], [ -78.965958, 38.609494 ], [ -78.965993, 38.609659 ], [ -78.965986, 38.609703 ], [ -78.965972, 38.609747 ], [ -78.965804, 38.60995 ], [ -78.965756, 38.610142 ], [ -78.965763, 38.610219 ], [ -78.965798, 38.610312 ], [ -78.965903, 38.610395 ], [ -78.965994, 38.610433 ], [ -78.966344, 38.610504 ], [ -78.966743, 38.610664 ], [ -78.967638, 38.61074 ], [ -78.967834, 38.610773 ], [ -78.968891, 38.61102 ], [ -78.969374, 38.611113 ], [ -78.969766, 38.611157 ], [ -78.970116, 38.611146 ], [ -78.970172, 38.611174 ], [ -78.9702, 38.611289 ], [ -78.970242, 38.611305 ], [ -78.970382, 38.611305 ], [ -78.970991, 38.611184 ], [ -78.971208, 38.611129 ], [ -78.971789, 38.610943 ], [ -78.972104, 38.610888 ], [ -78.972237, 38.610882 ], [ -78.972888, 38.610931 ], [ -78.973126, 38.610909 ], [ -78.973287, 38.610849 ], [ -78.973595, 38.610607 ], [ -78.974022, 38.61036 ], [ -78.974175, 38.610255 ], [ -78.974441, 38.610025 ], [ -78.974693, 38.609865 ], [ -78.97491, 38.609794 ], [ -78.975176, 38.609777 ], [ -78.97526, 38.609755 ], [ -78.975379, 38.609711 ], [ -78.975475, 38.609651 ], [ -78.975624, 38.609508 ], [ -78.975757, 38.609294 ], [ -78.975889, 38.608629 ], [ -78.975938, 38.60852 ], [ -78.976015, 38.60841 ], [ -78.976232, 38.608217 ], [ -78.976295, 38.608179 ], [ -78.977289, 38.607822 ], [ -78.977639, 38.607668 ], [ -78.978471, 38.607228 ], [ -78.979038, 38.607025 ], [ -78.979213, 38.606943 ], [ -78.979654, 38.606833 ], [ -78.979976, 38.606805 ], [ -78.981089, 38.607068 ], [ -78.981558, 38.607266 ], [ -78.981803, 38.607304 ], [ -78.982013, 38.607299 ], [ -78.982195, 38.607266 ], [ -78.982433, 38.607167 ], [ -78.982608, 38.607073 ], [ -78.982936, 38.606853 ], [ -78.983454, 38.606551 ], [ -78.983594, 38.606496 ], [ -78.98414, 38.606342 ], [ -78.98435, 38.60621 ], [ -78.984413, 38.606188 ], [ -78.984749, 38.606139 ], [ -78.985007, 38.605958 ], [ -78.985126, 38.605776 ], [ -78.985084, 38.605535 ], [ -78.985112, 38.605392 ], [ -78.985147, 38.605337 ], [ -78.985217, 38.605271 ], [ -78.985448, 38.605145 ], [ -78.985791, 38.605029 ], [ -78.986071, 38.604952 ], [ -78.986456, 38.604881 ], [ -78.986561, 38.604897 ], [ -78.986673, 38.604947 ], [ -78.986876, 38.605001 ], [ -78.987008, 38.60499 ], [ -78.987414, 38.604913 ], [ -78.987764, 38.60493 ], [ -78.988142, 38.604896 ], [ -78.988275, 38.604869 ], [ -78.988478, 38.604808 ], [ -78.988618, 38.604743 ], [ -78.989143, 38.604457 ], [ -78.989339, 38.604193 ], [ -78.989401, 38.604144 ], [ -78.989576, 38.604061 ], [ -78.989639, 38.604045 ], [ -78.989982, 38.604028 ], [ -78.990101, 38.603984 ], [ -78.990423, 38.603786 ], [ -78.990535, 38.603753 ], [ -78.991417, 38.603649 ], [ -78.991655, 38.603594 ], [ -78.991795, 38.603539 ], [ -78.991927, 38.603456 ], [ -78.992011, 38.603379 ], [ -78.992102, 38.603225 ], [ -78.9922, 38.603138 ], [ -78.992347, 38.603055 ], [ -78.992466, 38.603011 ], [ -78.992669, 38.603 ], [ -78.992753, 38.603017 ], [ -78.993278, 38.603181 ], [ -78.99346, 38.603203 ], [ -78.993607, 38.603203 ], [ -78.993733, 38.603181 ], [ -78.994384, 38.60295 ], [ -78.994817, 38.602928 ], [ -78.994957, 38.6029 ], [ -78.995076, 38.602851 ], [ -78.995146, 38.602812 ], [ -78.995223, 38.602708 ], [ -78.9953, 38.602444 ], [ -78.995433, 38.6024 ], [ -78.995622, 38.602406 ], [ -78.995748, 38.602433 ], [ -78.996266, 38.60262 ], [ -78.996854, 38.602778 ], [ -78.997414, 38.602866 ], [ -78.997778, 38.602959 ], [ -78.998338, 38.603063 ], [ -78.998926, 38.603063 ], [ -78.999247, 38.603046 ], [ -78.999695, 38.602997 ], [ -78.999911, 38.602901 ], [ -79.00045, 38.602577 ], [ -79.000597, 38.602506 ], [ -79.000835, 38.602423 ], [ -79.001108, 38.602412 ], [ -79.001535, 38.602462 ], [ -79.001829, 38.602446 ], [ -79.002249, 38.602364 ], [ -79.002844, 38.602161 ], [ -79.002949, 38.602106 ], [ -79.003096, 38.601969 ], [ -79.003292, 38.601623 ], [ -79.003502, 38.601403 ], [ -79.003797, 38.6012 ], [ -79.004014, 38.601085 ], [ -79.004574, 38.600965 ], [ -79.004714, 38.600888 ], [ -79.00477, 38.600844 ], [ -79.005064, 38.600432 ], [ -79.005141, 38.60035 ], [ -79.005393, 38.600235 ], [ -79.005813, 38.600103 ], [ -79.006429, 38.599884 ], [ -79.006891, 38.599747 ], [ -79.007465, 38.599555 ], [ -79.007955, 38.599363 ], [ -79.00813, 38.599319 ], [ -79.00827, 38.599314 ], [ -79.00841, 38.599336 ], [ -79.009015, 38.599568 ], [ -79.010272, 38.598918 ], [ -79.011674, 38.598643 ], [ -79.013251, 38.598312 ], [ -79.01436, 38.598384 ], [ -79.015637, 38.598568 ], [ -79.016066, 38.598746 ], [ -79.016409, 38.598609 ], [ -79.016703, 38.598378 ], [ -79.016794, 38.598334 ], [ -79.016969, 38.598334 ], [ -79.017529, 38.598395 ], [ -79.017697, 38.59839 ], [ -79.017998, 38.598318 ], [ -79.018131, 38.598253 ], [ -79.018166, 38.59822 ], [ -79.018397, 38.597852 ], [ -79.018502, 38.597764 ], [ -79.018733, 38.597643 ], [ -79.019111, 38.597512 ], [ -79.019202, 38.597462 ], [ -79.019496, 38.597232 ], [ -79.019741, 38.597193 ], [ -79.019986, 38.597193 ], [ -79.020812, 38.597249 ], [ -79.021169, 38.597238 ], [ -79.021379, 38.597265 ], [ -79.021428, 38.597254 ], [ -79.021463, 38.597216 ], [ -79.021463, 38.597123 ], [ -79.021498, 38.597084 ], [ -79.021659, 38.597051 ], [ -79.021834, 38.597084 ], [ -79.022051, 38.597189 ], [ -79.022155, 38.597205 ], [ -79.022302, 38.597211 ], [ -79.02247, 38.597172 ], [ -79.022729, 38.597052 ], [ -79.022792, 38.597035 ], [ -79.022946, 38.597035 ], [ -79.02345, 38.597189 ], [ -79.023788, 38.597324 ], [ -79.023667, 38.597392 ], [ -79.023551, 38.597515 ], [ -79.023472, 38.59774 ], [ -79.023232, 38.598079 ], [ -79.023088, 38.598227 ], [ -79.022952, 38.59834 ], [ -79.02271, 38.598499 ], [ -79.022336, 38.598675 ], [ -79.021901, 38.59891 ], [ -79.021138, 38.599402 ], [ -79.020275, 38.599904 ], [ -79.020144, 38.60001 ], [ -79.019913, 38.600255 ], [ -79.019864, 38.600386 ], [ -79.019866, 38.600455 ], [ -79.019885, 38.600521 ], [ -79.019952, 38.600618 ], [ -79.020129, 38.600755 ], [ -79.020479, 38.600974 ], [ -79.020694, 38.601061 ], [ -79.021172, 38.601292 ], [ -79.021422, 38.601356 ], [ -79.021681, 38.601371 ], [ -79.021827, 38.601404 ], [ -79.021885, 38.601433 ], [ -79.022001, 38.601598 ], [ -79.022125, 38.601708 ], [ -79.022258, 38.601787 ], [ -79.022581, 38.601939 ], [ -79.022659, 38.601967 ], [ -79.022871, 38.602034 ], [ -79.023088, 38.602057 ], [ -79.023198, 38.602047 ], [ -79.023733, 38.601938 ], [ -79.023813, 38.601944 ], [ -79.023927, 38.601996 ], [ -79.02396, 38.602029 ], [ -79.024005, 38.602147 ], [ -79.024072, 38.602405 ], [ -79.024167, 38.602524 ], [ -79.024327, 38.602631 ], [ -79.0245, 38.602725 ], [ -79.024944, 38.60291 ], [ -79.025562, 38.603077 ], [ -79.02576, 38.603219 ], [ -79.025916, 38.603416 ], [ -79.025958, 38.603704 ], [ -79.025985, 38.60411 ], [ -79.025927, 38.60428 ], [ -79.025874, 38.604357 ], [ -79.025724, 38.604487 ], [ -79.025612, 38.604546 ], [ -79.024512, 38.604964 ], [ -79.023709, 38.60523 ], [ -79.023097, 38.605407 ], [ -79.023025, 38.60544 ], [ -79.022342, 38.605729 ], [ -79.022031, 38.605843 ], [ -79.021883, 38.605919 ], [ -79.021691, 38.606063 ], [ -79.02141, 38.606387 ], [ -79.021211, 38.606515 ], [ -79.020179, 38.606884 ], [ -79.019595, 38.607163 ], [ -79.019251, 38.607288 ], [ -79.019092, 38.607369 ], [ -79.018789, 38.607572 ], [ -79.018588, 38.607731 ], [ -79.018159, 38.608108 ], [ -79.017845, 38.608301 ], [ -79.017516, 38.608456 ], [ -79.017012, 38.608644 ], [ -79.016768, 38.608701 ], [ -79.016595, 38.608707 ], [ -79.016243, 38.608648 ], [ -79.016037, 38.608653 ], [ -79.016096, 38.608682 ], [ -79.016264, 38.608826 ], [ -79.016854, 38.609066 ], [ -79.016947, 38.609117 ], [ -79.017083, 38.609235 ], [ -79.017154, 38.60934 ], [ -79.01718, 38.609522 ], [ -79.017157, 38.609769 ], [ -79.017016, 38.610108 ], [ -79.016945, 38.610322 ], [ -79.0169, 38.610542 ], [ -79.016907, 38.610591 ], [ -79.016961, 38.610668 ], [ -79.017095, 38.610731 ], [ -79.017626, 38.610774 ], [ -79.017848, 38.61081 ], [ -79.01832, 38.610939 ], [ -79.018759, 38.6111 ], [ -79.018966, 38.6112 ], [ -79.019371, 38.611453 ], [ -79.01951, 38.611482 ], [ -79.019651, 38.611457 ], [ -79.019791, 38.611369 ], [ -79.01988, 38.611247 ], [ -79.019902, 38.611109 ], [ -79.019634, 38.610478 ], [ -79.019559, 38.610269 ], [ -79.019532, 38.610092 ], [ -79.019604, 38.609984 ], [ -79.019749, 38.609895 ], [ -79.019889, 38.609784 ], [ -79.019989, 38.609681 ], [ -79.020121, 38.60949 ], [ -79.020183, 38.60944 ], [ -79.020357, 38.60937 ], [ -79.021004, 38.609486 ], [ -79.021395, 38.609502 ], [ -79.021551, 38.609492 ], [ -79.021885, 38.609423 ], [ -79.022104, 38.609423 ], [ -79.022436, 38.609496 ], [ -79.022692, 38.609597 ], [ -79.02287, 38.609628 ], [ -79.022967, 38.609588 ], [ -79.02302, 38.609524 ], [ -79.023116, 38.60927 ], [ -79.023151, 38.609123 ], [ -79.023177, 38.608725 ], [ -79.023257, 38.608594 ], [ -79.023337, 38.608566 ], [ -79.023479, 38.608576 ], [ -79.02387, 38.608604 ], [ -79.024904, 38.608788 ], [ -79.025434, 38.608836 ], [ -79.025551, 38.608885 ], [ -79.025731, 38.609042 ], [ -79.025828, 38.609094 ], [ -79.025891, 38.60912 ], [ -79.026058, 38.609129 ], [ -79.026131, 38.609119 ], [ -79.026427, 38.609021 ], [ -79.02667, 38.608901 ], [ -79.026812, 38.6088 ], [ -79.027324, 38.608323 ], [ -79.027402, 38.608276 ], [ -79.027478, 38.608251 ], [ -79.027641, 38.608241 ], [ -79.027843, 38.608302 ], [ -79.027929, 38.608345 ], [ -79.028044, 38.608422 ], [ -79.028196, 38.608575 ], [ -79.02829, 38.608635 ], [ -79.028397, 38.608678 ], [ -79.02865, 38.608722 ], [ -79.029072, 38.608732 ], [ -79.030001, 38.608785 ], [ -79.030056, 38.608799 ], [ -79.030125, 38.608848 ], [ -79.030434, 38.60923 ], [ -79.030509, 38.609402 ], [ -79.030532, 38.609615 ], [ -79.030533, 38.609642 ], [ -79.030517, 38.609689 ], [ -79.030437, 38.609762 ], [ -79.030196, 38.609825 ], [ -79.029988, 38.609935 ], [ -79.029783, 38.610107 ], [ -79.029563, 38.610344 ], [ -79.029472, 38.610475 ], [ -79.029409, 38.610659 ], [ -79.029412, 38.61083 ], [ -79.029439, 38.610923 ], [ -79.029427, 38.610978 ], [ -79.029351, 38.611104 ], [ -79.029277, 38.611165 ], [ -79.029119, 38.61123 ], [ -79.028741, 38.611289 ], [ -79.028346, 38.611391 ], [ -79.028107, 38.611472 ], [ -79.027741, 38.611628 ], [ -79.027319, 38.611866 ], [ -79.027162, 38.611974 ], [ -79.026977, 38.612118 ], [ -79.026805, 38.612273 ], [ -79.026776, 38.612321 ], [ -79.026773, 38.612427 ], [ -79.026799, 38.612476 ], [ -79.026914, 38.612583 ], [ -79.027711, 38.612997 ], [ -79.028093, 38.613301 ], [ -79.028327, 38.613526 ], [ -79.028581, 38.613714 ], [ -79.028811, 38.613969 ], [ -79.02882, 38.614048 ], [ -79.028772, 38.614116 ], [ -79.028736, 38.614138 ], [ -79.02828, 38.61424 ], [ -79.027723, 38.61429 ], [ -79.027388, 38.614282 ], [ -79.026502, 38.614144 ], [ -79.026246, 38.614144 ], [ -79.026001, 38.6142 ], [ -79.025867, 38.614258 ], [ -79.025725, 38.614346 ], [ -79.025661, 38.614435 ], [ -79.025668, 38.614538 ], [ -79.025753, 38.614703 ], [ -79.025879, 38.614869 ], [ -79.026192, 38.61554 ], [ -79.026355, 38.615841 ], [ -79.026508, 38.616094 ], [ -79.02661, 38.616215 ], [ -79.026879, 38.616448 ], [ -79.026918, 38.6165 ], [ -79.02694, 38.616558 ], [ -79.026937, 38.616654 ], [ -79.026885, 38.616702 ], [ -79.026735, 38.616748 ], [ -79.026264, 38.616746 ], [ -79.025718, 38.616713 ], [ -79.025509, 38.616733 ], [ -79.025383, 38.616763 ], [ -79.025175, 38.61685 ], [ -79.025092, 38.616901 ], [ -79.025047, 38.616956 ], [ -79.025007, 38.617081 ], [ -79.025039, 38.617207 ], [ -79.025159, 38.617371 ], [ -79.02535, 38.617588 ], [ -79.025597, 38.617762 ], [ -79.026955, 38.618601 ], [ -79.02747, 38.619046 ], [ -79.027843, 38.619331 ], [ -79.027883, 38.619411 ], [ -79.02786, 38.619487 ], [ -79.027783, 38.619543 ], [ -79.027537, 38.619595 ], [ -79.026866, 38.619654 ], [ -79.025928, 38.619667 ], [ -79.025665, 38.619703 ], [ -79.025528, 38.619815 ], [ -79.025457, 38.619897 ], [ -79.025297, 38.620135 ], [ -79.025099, 38.620308 ], [ -79.02488, 38.620428 ], [ -79.024745, 38.620478 ], [ -79.024461, 38.620541 ], [ -79.024065, 38.62058 ], [ -79.023804, 38.62057 ], [ -79.023461, 38.620456 ], [ -79.023241, 38.620345 ], [ -79.022991, 38.620254 ], [ -79.022733, 38.620175 ], [ -79.022224, 38.620064 ], [ -79.022052, 38.620061 ], [ -79.021812, 38.620105 ], [ -79.021733, 38.620163 ], [ -79.021706, 38.620215 ], [ -79.021718, 38.620303 ], [ -79.021781, 38.620339 ], [ -79.02219, 38.620396 ], [ -79.022514, 38.620468 ], [ -79.022572, 38.620512 ], [ -79.022698, 38.620712 ], [ -79.023044, 38.621027 ], [ -79.023155, 38.621091 ], [ -79.02347, 38.621221 ], [ -79.023968, 38.621379 ], [ -79.024311, 38.62147 ], [ -79.024474, 38.621489 ], [ -79.024575, 38.62149 ], [ -79.024755, 38.621493 ], [ -79.025132, 38.621452 ], [ -79.025203, 38.621435 ], [ -79.025434, 38.62132 ], [ -79.025578, 38.621298 ], [ -79.025704, 38.621328 ], [ -79.025863, 38.621396 ], [ -79.0261, 38.621449 ], [ -79.026236, 38.621459 ], [ -79.026468, 38.621448 ], [ -79.026575, 38.621464 ], [ -79.026682, 38.621529 ], [ -79.026716, 38.621576 ], [ -79.026734, 38.621686 ], [ -79.026716, 38.621729 ], [ -79.026645, 38.62179 ], [ -79.026112, 38.621901 ], [ -79.025708, 38.622128 ], [ -79.025519, 38.622211 ], [ -79.025289, 38.622256 ], [ -79.025094, 38.622254 ], [ -79.024934, 38.622269 ], [ -79.024776, 38.622299 ], [ -79.024657, 38.622339 ], [ -79.024494, 38.622452 ], [ -79.024441, 38.62251 ], [ -79.024189, 38.622869 ], [ -79.024027, 38.623042 ], [ -79.023856, 38.623164 ], [ -79.023593, 38.6234 ], [ -79.023529, 38.623537 ], [ -79.023528, 38.623857 ], [ -79.023579, 38.624577 ], [ -79.023619, 38.624883 ], [ -79.023678, 38.625132 ], [ -79.023601, 38.625319 ], [ -79.023279, 38.625815 ], [ -79.02324, 38.625988 ], [ -79.02327, 38.626145 ], [ -79.023429, 38.62657 ], [ -79.023446, 38.626663 ], [ -79.023433, 38.626988 ], [ -79.023459, 38.627112 ], [ -79.023541, 38.627301 ], [ -79.023596, 38.627595 ], [ -79.023534, 38.628406 ], [ -79.023507, 38.629132 ], [ -79.023451, 38.629255 ], [ -79.023385, 38.629326 ], [ -79.023357, 38.629416 ], [ -79.023434, 38.630008 ], [ -79.023491, 38.63007 ], [ -79.023587, 38.630084 ], [ -79.023642, 38.630077 ], [ -79.023677, 38.630053 ], [ -79.024334, 38.629248 ], [ -79.024491, 38.629099 ], [ -79.024743, 38.628897 ], [ -79.024808, 38.62882 ], [ -79.02496, 38.628575 ], [ -79.025218, 38.628224 ], [ -79.025414, 38.627956 ], [ -79.025768, 38.627525 ], [ -79.026019, 38.627139 ], [ -79.026316, 38.626507 ], [ -79.026443, 38.626361 ], [ -79.026751, 38.626157 ], [ -79.027012, 38.626042 ], [ -79.027065, 38.626034 ], [ -79.027188, 38.626047 ], [ -79.027307, 38.626074 ], [ -79.027492, 38.626152 ], [ -79.027532, 38.626191 ], [ -79.027563, 38.626285 ], [ -79.027444, 38.626584 ], [ -79.027403, 38.626821 ], [ -79.02742, 38.626907 ], [ -79.027462, 38.626987 ], [ -79.02764, 38.627215 ], [ -79.02775, 38.627467 ], [ -79.027768, 38.627557 ], [ -79.027767, 38.627648 ], [ -79.027655, 38.628044 ], [ -79.027638, 38.628198 ], [ -79.027665, 38.629084 ], [ -79.027865, 38.629624 ], [ -79.028069, 38.629923 ], [ -79.028184, 38.630179 ], [ -79.028356, 38.630831 ], [ -79.028385, 38.631225 ], [ -79.028372, 38.631485 ], [ -79.028346, 38.63166 ], [ -79.02828, 38.631889 ], [ -79.028293, 38.632004 ], [ -79.028363, 38.632088 ], [ -79.028506, 38.632165 ], [ -79.028642, 38.632189 ], [ -79.029391, 38.632393 ], [ -79.02947, 38.632461 ], [ -79.029475, 38.632554 ], [ -79.029401, 38.632627 ], [ -79.029144, 38.632717 ], [ -79.028295, 38.632827 ], [ -79.027755, 38.63301 ], [ -79.027566, 38.633043 ], [ -79.027377, 38.633096 ], [ -79.027158, 38.633202 ], [ -79.026787, 38.633472 ], [ -79.026655, 38.633589 ], [ -79.026533, 38.633762 ], [ -79.026468, 38.633907 ], [ -79.025904, 38.634333 ], [ -79.025764, 38.634484 ], [ -79.025172, 38.635122 ], [ -79.024471, 38.635757 ], [ -79.024386, 38.635908 ], [ -79.02438, 38.636028 ], [ -79.024433, 38.636127 ], [ -79.024546, 38.636206 ], [ -79.024913, 38.636305 ], [ -79.026068, 38.636663 ], [ -79.026518, 38.636797 ], [ -79.026882, 38.636954 ], [ -79.027126, 38.637101 ], [ -79.027266, 38.637286 ], [ -79.027311, 38.637389 ], [ -79.027364, 38.637612 ], [ -79.027338, 38.637721 ], [ -79.0273, 38.637774 ], [ -79.02712, 38.637845 ], [ -79.026738, 38.637946 ], [ -79.026278, 38.637999 ], [ -79.026024, 38.638049 ], [ -79.025708, 38.638178 ], [ -79.025505, 38.63822 ], [ -79.025323, 38.638227 ], [ -79.024769, 38.63817 ], [ -79.024136, 38.638034 ], [ -79.023864, 38.638015 ], [ -79.022064, 38.638078 ], [ -79.021662, 38.638123 ], [ -79.021228, 38.638151 ], [ -79.021031, 38.638199 ], [ -79.020785, 38.638293 ], [ -79.020643, 38.638369 ], [ -79.020446, 38.638507 ], [ -79.020321, 38.63866 ], [ -79.020284, 38.638747 ], [ -79.020266, 38.638917 ], [ -79.020329, 38.639002 ], [ -79.020442, 38.639058 ], [ -79.020752, 38.639149 ], [ -79.020948, 38.63918 ], [ -79.021226, 38.639181 ], [ -79.021769, 38.639102 ], [ -79.022288, 38.638992 ], [ -79.022373, 38.638986 ], [ -79.022564, 38.639003 ], [ -79.022701, 38.639044 ], [ -79.022794, 38.639085 ], [ -79.022859, 38.639133 ], [ -79.02291, 38.639191 ], [ -79.022997, 38.639374 ], [ -79.023052, 38.639659 ], [ -79.023062, 38.639821 ], [ -79.022935, 38.640244 ], [ -79.022803, 38.641079 ], [ -79.022827, 38.641165 ], [ -79.022917, 38.641243 ], [ -79.022959, 38.641259 ], [ -79.023073, 38.641259 ], [ -79.02315, 38.64122 ], [ -79.023286, 38.640967 ], [ -79.023378, 38.64085 ], [ -79.023456, 38.640778 ], [ -79.023521, 38.640759 ], [ -79.023607, 38.640748 ], [ -79.023776, 38.640768 ], [ -79.023839, 38.640791 ], [ -79.024043, 38.640938 ], [ -79.024135, 38.640978 ], [ -79.024236, 38.640999 ], [ -79.024478, 38.641006 ], [ -79.024998, 38.640974 ], [ -79.025129, 38.640951 ], [ -79.025255, 38.640915 ], [ -79.025461, 38.640816 ], [ -79.025693, 38.640761 ], [ -79.025839, 38.640755 ], [ -79.026144, 38.640802 ], [ -79.026462, 38.64086 ], [ -79.026653, 38.640898 ], [ -79.026738, 38.640952 ], [ -79.026769, 38.641003 ], [ -79.026815, 38.64124 ], [ -79.026846, 38.641292 ], [ -79.027294, 38.641608 ], [ -79.027426, 38.641765 ], [ -79.027438, 38.641896 ], [ -79.027398, 38.641997 ], [ -79.027352, 38.642053 ], [ -79.026843, 38.642514 ], [ -79.026722, 38.642669 ], [ -79.026607, 38.64289 ], [ -79.026299, 38.64371 ], [ -79.026195, 38.6439 ], [ -79.026001, 38.644192 ], [ -79.025992, 38.64424 ], [ -79.026002, 38.644288 ], [ -79.026074, 38.64437 ], [ -79.026312, 38.644538 ], [ -79.026527, 38.644614 ], [ -79.027035, 38.644697 ], [ -79.027356, 38.644738 ], [ -79.027648, 38.644753 ], [ -79.02778, 38.644801 ], [ -79.027924, 38.644943 ], [ -79.028056, 38.645161 ], [ -79.028278, 38.645404 ], [ -79.028449, 38.645523 ], [ -79.028584, 38.645561 ], [ -79.028702, 38.645578 ], [ -79.028915, 38.645581 ], [ -79.029305, 38.645544 ], [ -79.029727, 38.645443 ], [ -79.029976, 38.645341 ], [ -79.030082, 38.645312 ], [ -79.0303, 38.645297 ], [ -79.030382, 38.64531 ], [ -79.030536, 38.645385 ], [ -79.030711, 38.645564 ], [ -79.030887, 38.645712 ], [ -79.031163, 38.645875 ], [ -79.031422, 38.645964 ], [ -79.031557, 38.645982 ], [ -79.031727, 38.645992 ], [ -79.032098, 38.645978 ], [ -79.032172, 38.645995 ], [ -79.032285, 38.646057 ], [ -79.032442, 38.646197 ], [ -79.032696, 38.646357 ], [ -79.032931, 38.646456 ], [ -79.033059, 38.646486 ], [ -79.033263, 38.646498 ], [ -79.033472, 38.646455 ], [ -79.033582, 38.646409 ], [ -79.033736, 38.646286 ], [ -79.03383, 38.646104 ], [ -79.033882, 38.646039 ], [ -79.033996, 38.645958 ], [ -79.03418, 38.645927 ], [ -79.034365, 38.645952 ], [ -79.034684, 38.646086 ], [ -79.034883, 38.646192 ], [ -79.035393, 38.646508 ], [ -79.035478, 38.646543 ], [ -79.035665, 38.646571 ], [ -79.035781, 38.646544 ], [ -79.035834, 38.646511 ], [ -79.036001, 38.64624 ], [ -79.036168, 38.646027 ], [ -79.036365, 38.645683 ], [ -79.036424, 38.645626 ], [ -79.036542, 38.64556 ], [ -79.036603, 38.645549 ], [ -79.036729, 38.645555 ], [ -79.036868, 38.645612 ], [ -79.037118, 38.645895 ], [ -79.03728, 38.646047 ], [ -79.037383, 38.646133 ], [ -79.037554, 38.646214 ], [ -79.03792, 38.646338 ], [ -79.038114, 38.64638 ], [ -79.038319, 38.646379 ], [ -79.038475, 38.646339 ], [ -79.038587, 38.646267 ], [ -79.038686, 38.646185 ], [ -79.038785, 38.646073 ], [ -79.038914, 38.645886 ], [ -79.03902, 38.64583 ], [ -79.039145, 38.645816 ], [ -79.039567, 38.645911 ], [ -79.039859, 38.645917 ], [ -79.040046, 38.645878 ], [ -79.04013, 38.645839 ], [ -79.040338, 38.645667 ], [ -79.040445, 38.645547 ], [ -79.040643, 38.645241 ], [ -79.040732, 38.645156 ], [ -79.040866, 38.645088 ], [ -79.041063, 38.645019 ], [ -79.041147, 38.645019 ], [ -79.041195, 38.645037 ], [ -79.041245, 38.645082 ], [ -79.041297, 38.645253 ], [ -79.041364, 38.645553 ], [ -79.04155, 38.646688 ], [ -79.041611, 38.646828 ], [ -79.041651, 38.646876 ], [ -79.041779, 38.646957 ], [ -79.041961, 38.646991 ], [ -79.042312, 38.646992 ], [ -79.043006, 38.646879 ], [ -79.043212, 38.646865 ], [ -79.04381, 38.646864 ], [ -79.044606, 38.646892 ], [ -79.044796, 38.646935 ], [ -79.044942, 38.647007 ], [ -79.045053, 38.647094 ], [ -79.045201, 38.647348 ], [ -79.04567, 38.64841 ], [ -79.04567, 38.648455 ], [ -79.045653, 38.648497 ], [ -79.045593, 38.64855 ], [ -79.04629, 38.648369 ], [ -79.046907, 38.64822 ], [ -79.048207, 38.648252 ], [ -79.048531, 38.648214 ], [ -79.049547, 38.647796 ], [ -79.049659, 38.647771 ], [ -79.049891, 38.647766 ], [ -79.050004, 38.647786 ], [ -79.050094, 38.647827 ], [ -79.050404, 38.648035 ], [ -79.05066, 38.648285 ], [ -79.050888, 38.648587 ], [ -79.050958, 38.648636 ], [ -79.051062, 38.648642 ], [ -79.051145, 38.648598 ], [ -79.051197, 38.648545 ], [ -79.051251, 38.648419 ], [ -79.051218, 38.647951 ], [ -79.051264, 38.647803 ], [ -79.051412, 38.647707 ], [ -79.051591, 38.64765 ], [ -79.052031, 38.647608 ], [ -79.052479, 38.647622 ], [ -79.052917, 38.647692 ], [ -79.053741, 38.648017 ], [ -79.054052, 38.648184 ], [ -79.054237, 38.648314 ], [ -79.054381, 38.648473 ], [ -79.054584, 38.649069 ], [ -79.054842, 38.649614 ], [ -79.05487, 38.649644 ], [ -79.054971, 38.649691 ], [ -79.05505, 38.649696 ], [ -79.055329, 38.649659 ], [ -79.055398, 38.649664 ], [ -79.055643, 38.64975 ], [ -79.055782, 38.649827 ], [ -79.055905, 38.649919 ], [ -79.05604, 38.650079 ], [ -79.056093, 38.650176 ], [ -79.056147, 38.650383 ], [ -79.056145, 38.651303 ], [ -79.056426, 38.651877 ], [ -79.056482, 38.652045 ], [ -79.056541, 38.652388 ], [ -79.056544, 38.652561 ], [ -79.056497, 38.653135 ], [ -79.056489, 38.653612 ], [ -79.056512, 38.654085 ], [ -79.056578, 38.654201 ], [ -79.056708, 38.654289 ], [ -79.056816, 38.654307 ], [ -79.056949, 38.65428 ], [ -79.05726, 38.654125 ], [ -79.0577, 38.653954 ], [ -79.059069, 38.65364 ], [ -79.059108, 38.653612 ], [ -79.059138, 38.653533 ], [ -79.059056, 38.653298 ], [ -79.059054, 38.653216 ], [ -79.05911, 38.653109 ], [ -79.059161, 38.653067 ], [ -79.059513, 38.652897 ], [ -79.059775, 38.652791 ], [ -79.060323, 38.65262 ], [ -79.06057, 38.652591 ], [ -79.06071, 38.652594 ], [ -79.060848, 38.65261 ], [ -79.061085, 38.652673 ], [ -79.062786, 38.653655 ], [ -79.062906, 38.653679 ], [ -79.06302, 38.653648 ], [ -79.063129, 38.653565 ], [ -79.063666, 38.65274 ], [ -79.063729, 38.652686 ], [ -79.063842, 38.652664 ], [ -79.063996, 38.652695 ], [ -79.064408, 38.652805 ], [ -79.064576, 38.652872 ], [ -79.064668, 38.652929 ], [ -79.064812, 38.653075 ], [ -79.064926, 38.653323 ], [ -79.064972, 38.653595 ], [ -79.064969, 38.653926 ], [ -79.064992, 38.654088 ], [ -79.065093, 38.654386 ], [ -79.065171, 38.654462 ], [ -79.065284, 38.654501 ], [ -79.066141, 38.654444 ], [ -79.066263, 38.654451 ], [ -79.066483, 38.654503 ], [ -79.067022, 38.654706 ], [ -79.067405, 38.654833 ], [ -79.067798, 38.655023 ], [ -79.068154, 38.655248 ], [ -79.068342, 38.655346 ], [ -79.0691, 38.655671 ], [ -79.069272, 38.655795 ], [ -79.069407, 38.655942 ], [ -79.069457, 38.656023 ], [ -79.069506, 38.656181 ], [ -79.069508, 38.656271 ], [ -79.06946, 38.656446 ], [ -79.068775, 38.657436 ], [ -79.068659, 38.657708 ], [ -79.068584, 38.65808 ], [ -79.068472, 38.658347 ], [ -79.068293, 38.658591 ], [ -79.068025, 38.658821 ], [ -79.06793, 38.658922 ], [ -79.067837, 38.659052 ], [ -79.067734, 38.659288 ], [ -79.06757, 38.660146 ], [ -79.067597, 38.660259 ], [ -79.067826, 38.660596 ], [ -79.067863, 38.660625 ], [ -79.067951, 38.660645 ], [ -79.067992, 38.66064 ], [ -79.068077, 38.660594 ], [ -79.06815, 38.660536 ], [ -79.068432, 38.660241 ], [ -79.068576, 38.66014 ], [ -79.068864, 38.659986 ], [ -79.069036, 38.659917 ], [ -79.069198, 38.659881 ], [ -79.069572, 38.659834 ], [ -79.069741, 38.659828 ], [ -79.069949, 38.659862 ], [ -79.070056, 38.659901 ], [ -79.070547, 38.660142 ], [ -79.070939, 38.660374 ], [ -79.071028, 38.660397 ], [ -79.071105, 38.660398 ], [ -79.071164, 38.660382 ], [ -79.071306, 38.660318 ], [ -79.071432, 38.660212 ], [ -79.071952, 38.659454 ], [ -79.072097, 38.65939 ], [ -79.072415, 38.659397 ], [ -79.072579, 38.659367 ], [ -79.072651, 38.659332 ], [ -79.073423, 38.658712 ], [ -79.073535, 38.658667 ], [ -79.073611, 38.658667 ], [ -79.073682, 38.658687 ], [ -79.074184, 38.659019 ], [ -79.074306, 38.65915 ], [ -79.074577, 38.65973 ], [ -79.074611, 38.659975 ], [ -79.074584, 38.660253 ], [ -79.074597, 38.660305 ], [ -79.074627, 38.660353 ], [ -79.074796, 38.660471 ], [ -79.074976, 38.660519 ], [ -79.075858, 38.66058 ], [ -79.076183, 38.660548 ], [ -79.076698, 38.660396 ], [ -79.076892, 38.66038 ], [ -79.076969, 38.660391 ], [ -79.077284, 38.660518 ], [ -79.077417, 38.660602 ], [ -79.077473, 38.660663 ], [ -79.077518, 38.660745 ], [ -79.077537, 38.660834 ], [ -79.077518, 38.661414 ], [ -79.077529, 38.661948 ], [ -79.077512, 38.662043 ], [ -79.077425, 38.662223 ], [ -79.077357, 38.662303 ], [ -79.077182, 38.662441 ], [ -79.077136, 38.662539 ], [ -79.077159, 38.662642 ], [ -79.077259, 38.662762 ], [ -79.077331, 38.662934 ], [ -79.077328, 38.663157 ], [ -79.077237, 38.663522 ], [ -79.077249, 38.663664 ], [ -79.077281, 38.66374 ], [ -79.07742, 38.66389 ], [ -79.077519, 38.663963 ], [ -79.078131, 38.664307 ], [ -79.078194, 38.664366 ], [ -79.078289, 38.664499 ], [ -79.078327, 38.66459 ], [ -79.078349, 38.66478 ], [ -79.078333, 38.664875 ], [ -79.078218, 38.665166 ], [ -79.078059, 38.665505 ], [ -79.078059, 38.665594 ], [ -79.078101, 38.66566 ], [ -79.078199, 38.665715 ], [ -79.078339, 38.665742 ], [ -79.078435, 38.665736 ], [ -79.078733, 38.665674 ], [ -79.078885, 38.665664 ], [ -79.079207, 38.665686 ], [ -79.079528, 38.665762 ], [ -79.079885, 38.665906 ], [ -79.08, 38.665926 ], [ -79.080211, 38.665931 ], [ -79.080533, 38.666033 ], [ -79.080643, 38.666051 ], [ -79.080757, 38.666056 ], [ -79.080986, 38.666021 ], [ -79.081166, 38.665976 ], [ -79.081472, 38.665861 ], [ -79.081936, 38.665595 ], [ -79.082726, 38.665067 ], [ -79.082853, 38.665004 ], [ -79.083132, 38.664918 ], [ -79.083509, 38.664849 ], [ -79.083747, 38.664754 ], [ -79.084153, 38.664485 ], [ -79.084747, 38.664027 ], [ -79.084854, 38.663899 ], [ -79.085003, 38.663522 ], [ -79.085247, 38.662501 ], [ -79.085357, 38.662373 ], [ -79.085596, 38.662215 ], [ -79.086018, 38.662108 ], [ -79.086403, 38.661954 ], [ -79.086656, 38.661799 ], [ -79.086871, 38.661626 ], [ -79.08706, 38.661537 ], [ -79.087296, 38.661486 ], [ -79.087465, 38.661484 ], [ -79.087612, 38.662424 ], [ -79.087619, 38.662721 ], [ -79.087521, 38.663133 ], [ -79.08729, 38.663836 ], [ -79.08715, 38.664017 ], [ -79.086828, 38.664269 ], [ -79.086475, 38.664595 ], [ -79.090395, 38.662607 ], [ -79.092839, 38.661354 ], [ -79.092855, 38.661417 ], [ -79.092855, 38.662216 ], [ -79.092755, 38.662416 ], [ -79.092755, 38.662816 ], [ -79.092855, 38.663216 ], [ -79.092855, 38.663516 ], [ -79.092955, 38.664016 ], [ -79.092955, 38.664409 ], [ -79.092947, 38.664432 ], [ -79.092855, 38.664916 ], [ -79.092737, 38.665316 ], [ -79.092655, 38.665716 ], [ -79.092655, 38.666416 ], [ -79.092246, 38.668114 ], [ -79.092055, 38.668416 ], [ -79.091655, 38.668716 ], [ -79.091355, 38.668916 ], [ -79.091055, 38.669316 ], [ -79.090655, 38.669716 ], [ -79.090455, 38.670116 ], [ -79.090255, 38.670416 ], [ -79.089955, 38.670616 ], [ -79.089755, 38.670916 ], [ -79.089555, 38.671016 ], [ -79.089455, 38.671116 ], [ -79.089355, 38.671416 ], [ -79.089155, 38.671716 ], [ -79.088855, 38.672116 ], [ -79.088755, 38.672316 ], [ -79.088555, 38.672616 ], [ -79.088255, 38.672916 ], [ -79.088055, 38.673416 ], [ -79.087855, 38.673816 ], [ -79.087855, 38.674416 ], [ -79.087755, 38.674716 ], [ -79.087755, 38.675016 ], [ -79.087655, 38.675316 ], [ -79.087555, 38.675716 ], [ -79.087355, 38.676016 ], [ -79.087155, 38.676616 ], [ -79.087055, 38.677016 ], [ -79.087055, 38.677416 ], [ -79.086655, 38.679116 ], [ -79.086655, 38.679516 ], [ -79.086342, 38.680916 ], [ -79.086455, 38.681416 ], [ -79.086355, 38.681816 ], [ -79.086255, 38.682116 ], [ -79.086155, 38.682316 ], [ -79.085855, 38.682716 ], [ -79.085646, 38.682914 ], [ -79.085555, 38.683316 ], [ -79.085355, 38.683716 ], [ -79.084955, 38.684116 ], [ -79.084655, 38.684516 ], [ -79.084542, 38.684808 ], [ -79.084455, 38.685116 ], [ -79.084455, 38.686016 ], [ -79.0843, 38.686507 ], [ -79.084455, 38.686916 ], [ -79.084864, 38.687325 ], [ -79.085055, 38.688016 ], [ -79.085155, 38.688316 ], [ -79.085355, 38.688616 ], [ -79.085547, 38.688824 ], [ -79.085755, 38.688916 ], [ -79.086155, 38.689216 ], [ -79.086455, 38.689516 ], [ -79.086855, 38.689716 ], [ -79.087655, 38.689915 ], [ -79.088055, 38.690115 ], [ -79.088249, 38.690319 ], [ -79.088544, 38.690519 ], [ -79.088855, 38.690815 ], [ -79.089255, 38.691015 ], [ -79.089655, 38.691315 ], [ -79.090446, 38.692119 ], [ -79.090755, 38.692515 ], [ -79.090955, 38.692915 ], [ -79.091355, 38.694515 ], [ -79.091355, 38.696115 ], [ -79.091455, 38.696615 ], [ -79.091455, 38.697115 ], [ -79.091355, 38.697615 ], [ -79.091355, 38.698015 ], [ -79.091555, 38.698415 ], [ -79.091755, 38.698715 ], [ -79.092055, 38.698915 ], [ -79.092271, 38.699208 ], [ -79.092447, 38.699642 ], [ -79.092555, 38.700149 ], [ -79.092555, 38.700415 ], [ -79.092655, 38.700815 ], [ -79.092955, 38.701715 ], [ -79.092955, 38.702002 ], [ -79.092347, 38.702913 ], [ -79.092155, 38.703315 ], [ -79.091755, 38.703915 ], [ -79.091555, 38.704515 ], [ -79.091342, 38.704954 ], [ -79.091255, 38.705215 ], [ -79.091061, 38.705989 ], [ -79.091066, 38.706019 ], [ -79.090755, 38.706615 ], [ -79.09055, 38.706822 ], [ -79.090355, 38.707115 ], [ -79.090162, 38.707919 ], [ -79.089955, 38.708315 ], [ -79.089655, 38.708715 ], [ -79.089555, 38.709015 ], [ -79.089355, 38.709215 ], [ -79.089255, 38.709415 ], [ -79.089055, 38.710015 ], [ -79.089056, 38.710317 ], [ -79.088955, 38.710615 ], [ -79.088755, 38.710815 ], [ -79.088655, 38.711115 ], [ -79.088443, 38.711315 ], [ -79.088455, 38.711615 ], [ -79.088055, 38.712815 ], [ -79.087855, 38.713215 ], [ -79.087555, 38.713715 ], [ -79.086955, 38.714915 ], [ -79.086755, 38.715515 ], [ -79.086555, 38.716015 ], [ -79.086555, 38.716815 ], [ -79.086455, 38.717015 ], [ -79.086455, 38.717415 ], [ -79.086655, 38.717714 ], [ -79.086858, 38.718121 ], [ -79.087255, 38.719114 ], [ -79.087241, 38.719927 ], [ -79.087255, 38.720114 ], [ -79.086955, 38.720414 ], [ -79.086755, 38.720814 ], [ -79.086455, 38.721714 ], [ -79.086455, 38.722114 ], [ -79.086255, 38.722914 ], [ -79.086066, 38.723218 ], [ -79.085855, 38.723614 ], [ -79.085668, 38.723817 ], [ -79.085583, 38.724009 ], [ -79.085455, 38.724614 ], [ -79.085255, 38.725014 ], [ -79.084955, 38.725414 ], [ -79.084655, 38.725614 ], [ -79.084565, 38.7259 ], [ -79.084367, 38.72622 ], [ -79.084255, 38.726514 ], [ -79.083355, 38.727414 ], [ -79.083155, 38.727714 ], [ -79.083055, 38.728114 ], [ -79.082922, 38.72838 ], [ -79.082855, 38.728714 ], [ -79.082155, 38.729414 ], [ -79.081955, 38.729714 ], [ -79.081855, 38.730114 ], [ -79.081655, 38.730614 ], [ -79.081555, 38.731014 ], [ -79.081355, 38.731414 ], [ -79.081055, 38.731814 ], [ -79.080355, 38.732514 ], [ -79.080255, 38.732714 ], [ -79.080055, 38.733614 ], [ -79.079855, 38.734014 ], [ -79.079755, 38.734314 ], [ -79.079555, 38.735114 ], [ -79.079455, 38.735614 ], [ -79.079455, 38.736114 ], [ -79.079255, 38.736514 ], [ -79.079155, 38.736914 ], [ -79.079055, 38.737214 ], [ -79.078755, 38.737614 ], [ -79.078155, 38.738214 ], [ -79.077755, 38.738514 ], [ -79.077255, 38.738814 ], [ -79.076955, 38.739014 ], [ -79.076555, 38.739214 ], [ -79.075955, 38.739814 ], [ -79.075655, 38.740014 ], [ -79.075455, 38.740414 ], [ -79.075255, 38.740714 ], [ -79.074755, 38.741214 ], [ -79.074355, 38.741514 ], [ -79.074155, 38.741714 ], [ -79.073855, 38.742114 ], [ -79.073655, 38.742514 ], [ -79.073455, 38.743014 ], [ -79.073055, 38.743814 ], [ -79.072943, 38.744215 ], [ -79.072755, 38.744614 ], [ -79.072655, 38.745114 ], [ -79.072655, 38.745225 ], [ -79.072655, 38.747113 ], [ -79.072555, 38.747513 ], [ -79.072355, 38.747813 ], [ -79.072055, 38.748113 ], [ -79.071754, 38.748313 ], [ -79.071454, 38.748613 ], [ -79.071154, 38.748713 ], [ -79.070954, 38.748813 ], [ -79.070754, 38.748913 ], [ -79.070454, 38.749113 ], [ -79.070154, 38.749113 ], [ -79.069754, 38.749313 ], [ -79.069654, 38.749413 ], [ -79.069554, 38.749613 ], [ -79.069454, 38.749713 ], [ -79.069454, 38.749813 ], [ -79.069203, 38.750113 ], [ -79.069144, 38.75101 ], [ -79.068854, 38.751313 ], [ -79.068654, 38.751413 ], [ -79.068354, 38.751613 ], [ -79.067954, 38.751813 ], [ -79.067573, 38.752043 ], [ -79.067454, 38.752113 ], [ -79.067354, 38.752213 ], [ -79.066954, 38.752513 ], [ -79.066454, 38.753213 ], [ -79.065654, 38.754013 ], [ -79.064854, 38.754413 ], [ -79.064254, 38.754813 ], [ -79.063654, 38.755113 ], [ -79.062054, 38.756013 ], [ -79.060954, 38.756713 ], [ -79.060254, 38.757513 ], [ -79.059854, 38.757913 ], [ -79.059554, 38.758313 ], [ -79.059054, 38.758913 ], [ -79.058954, 38.759113 ], [ -79.058254, 38.759713 ], [ -79.057854, 38.759913 ], [ -79.057554, 38.760213 ], [ -79.057254, 38.760713 ], [ -79.057253, 38.761413 ], [ -79.057254, 38.761713 ], [ -79.057354, 38.761913 ], [ -79.057254, 38.762313 ], [ -79.057254, 38.762813 ], [ -79.057154, 38.763113 ], [ -79.057154, 38.763413 ], [ -79.056954, 38.764713 ], [ -79.056854, 38.765213 ], [ -79.056854, 38.765813 ], [ -79.056754, 38.766513 ], [ -79.056554, 38.767313 ], [ -79.055954, 38.768313 ], [ -79.055777, 38.768918 ], [ -79.055754, 38.769513 ], [ -79.055754, 38.770313 ], [ -79.055654, 38.770913 ], [ -79.055254, 38.771513 ], [ -79.054454, 38.772013 ], [ -79.053754, 38.772313 ], [ -79.053254, 38.772313 ], [ -79.052154, 38.772413 ], [ -79.051554, 38.772613 ], [ -79.051354, 38.773113 ], [ -79.051268, 38.773602 ], [ -79.051269, 38.773901 ], [ -79.051445, 38.774409 ], [ -79.051954, 38.775113 ], [ -79.052054, 38.775313 ], [ -79.052054, 38.775513 ], [ -79.051654, 38.777213 ], [ -79.051654, 38.778013 ], [ -79.052054, 38.778713 ], [ -79.052454, 38.779213 ], [ -79.053254, 38.779713 ], [ -79.053954, 38.780213 ], [ -79.054354, 38.780613 ], [ -79.054554, 38.781113 ], [ -79.055354, 38.782213 ], [ -79.055654, 38.783013 ], [ -79.055642, 38.783611 ], [ -79.055254, 38.785113 ], [ -79.054954, 38.785713 ], [ -79.054654, 38.786013 ], [ -79.054354, 38.786213 ], [ -79.053754, 38.786813 ], [ -79.053249, 38.78721 ], [ -79.05287, 38.787418 ], [ -79.052552, 38.787605 ], [ -79.051969, 38.788112 ], [ -79.051154, 38.788913 ], [ -79.050254, 38.789613 ], [ -79.049554, 38.790113 ], [ -79.048954, 38.790713 ], [ -79.048054, 38.791313 ], [ -79.047349, 38.79181 ], [ -79.046554, 38.792113 ], [ -79.045758, 38.792108 ], [ -79.045053, 38.791813 ], [ -79.044454, 38.791607 ], [ -79.043653, 38.791613 ], [ -79.043053, 38.791813 ], [ -79.042253, 38.791913 ], [ -79.041653, 38.791913 ], [ -79.041153, 38.791713 ], [ -79.040553, 38.791713 ], [ -79.038853, 38.791913 ], [ -79.037553, 38.791813 ], [ -79.036853, 38.791713 ], [ -79.035753, 38.791413 ], [ -79.034353, 38.791213 ], [ -79.033153, 38.791013 ], [ -79.030254, 38.791006 ], [ -79.029253, 38.791013 ], [ -79.028153, 38.791513 ], [ -79.027253, 38.792113 ], [ -79.026153, 38.793413 ], [ -79.025553, 38.794613 ], [ -79.025253, 38.795313 ], [ -79.024853, 38.796113 ], [ -79.024253, 38.797213 ], [ -79.023753, 38.797913 ], [ -79.023041, 38.798611 ], [ -79.023053, 38.798913 ], [ -79.022953, 38.799313 ], [ -79.022953, 38.800113 ], [ -79.023453, 38.802612 ], [ -79.024253, 38.803412 ], [ -79.024453, 38.803712 ], [ -79.024353, 38.804512 ], [ -79.023953, 38.805212 ], [ -79.023553, 38.805612 ], [ -79.023453, 38.806112 ], [ -79.023653, 38.806512 ], [ -79.024053, 38.806912 ], [ -79.024253, 38.807412 ], [ -79.024253, 38.807712 ], [ -79.02411, 38.808616 ], [ -79.024053, 38.809212 ], [ -79.023653, 38.809812 ], [ -79.023053, 38.810212 ], [ -79.022053, 38.810712 ], [ -79.021553, 38.810912 ], [ -79.020853, 38.811112 ], [ -79.020762, 38.811214 ], [ -79.020253, 38.811412 ], [ -79.019842, 38.811711 ], [ -79.019652, 38.812318 ], [ -79.019545, 38.813318 ], [ -79.019632, 38.814415 ], [ -79.019653, 38.814713 ], [ -79.019854, 38.815414 ], [ -79.020153, 38.816112 ], [ -79.020053, 38.816612 ], [ -79.019753, 38.817013 ], [ -79.019534, 38.817907 ], [ -79.01905, 38.818314 ], [ -79.018552, 38.818812 ], [ -79.017545, 38.819324 ], [ -79.017256, 38.819708 ], [ -79.016756, 38.820007 ], [ -79.01655, 38.820054 ], [ -79.016252, 38.820112 ], [ -79.015631, 38.820198 ], [ -79.015352, 38.820312 ], [ -79.014728, 38.820316 ], [ -79.014656, 38.820318 ], [ -79.014152, 38.820112 ], [ -79.013585, 38.820014 ], [ -79.012652, 38.820112 ], [ -79.011952, 38.820412 ], [ -79.011452, 38.820811 ], [ -79.010152, 38.821311 ], [ -79.009745, 38.821612 ], [ -79.009349, 38.821906 ], [ -79.008752, 38.822012 ], [ -79.007952, 38.822312 ], [ -79.006946, 38.823315 ], [ -79.006552, 38.823712 ], [ -79.006137, 38.824511 ], [ -79.006252, 38.825112 ], [ -79.006332, 38.825931 ], [ -79.006352, 38.826112 ], [ -79.006152, 38.826712 ], [ -79.005852, 38.827312 ], [ -79.005652, 38.828212 ], [ -79.005452, 38.828912 ], [ -79.005152, 38.829912 ], [ -79.004852, 38.830712 ], [ -79.004352, 38.831512 ], [ -79.00394, 38.832311 ], [ -79.003852, 38.832812 ], [ -79.003752, 38.833012 ], [ -79.003199, 38.834354 ], [ -79.002352, 38.836512 ], [ -79.001752, 38.837112 ], [ -79.000952, 38.837712 ], [ -79.000252, 38.838512 ], [ -78.999752, 38.839162 ], [ -78.999315, 38.839506 ], [ -78.999014, 38.840074 ], [ -78.998908, 38.84051 ], [ -78.998863, 38.840962 ], [ -78.999316, 38.842304 ], [ -78.999365, 38.842819 ], [ -78.999482, 38.843068 ], [ -78.999752, 38.843462 ], [ -78.999752, 38.843712 ], [ -78.999852, 38.844112 ], [ -79.000152, 38.844712 ], [ -79.000252, 38.845012 ], [ -79.000252, 38.845412 ], [ -79.000152, 38.845612 ], [ -78.999752, 38.846162 ], [ -78.99934, 38.84643 ], [ -78.998171, 38.847353 ], [ -78.997519, 38.847722 ], [ -78.997182, 38.847894 ], [ -78.99645, 38.848137 ], [ -78.99611, 38.848373 ], [ -78.995795, 38.848642 ], [ -78.995319, 38.849178 ], [ -78.994837, 38.849509 ], [ -78.993997, 38.850102 ], [ -78.993761, 38.850021 ], [ -78.991269, 38.848271 ], [ -78.987229, 38.84539 ], [ -78.97728, 38.83841 ], [ -78.945651, 38.816332 ], [ -78.941966, 38.813755 ], [ -78.941734, 38.813587 ], [ -78.941433, 38.813386 ], [ -78.897406, 38.782643 ], [ -78.896011, 38.781665 ], [ -78.891402, 38.778447 ], [ -78.887732, 38.775871 ], [ -78.869261, 38.76298 ], [ -78.868971, 38.763139 ], [ -78.868697, 38.763474 ], [ -78.868156, 38.764215 ], [ -78.866614, 38.766069 ], [ -78.865905, 38.767034 ], [ -78.865653, 38.76728 ], [ -78.865423, 38.76743 ], [ -78.865221, 38.767757 ], [ -78.865019, 38.768543 ], [ -78.864766, 38.769304 ], [ -78.864157, 38.770382 ], [ -78.864078, 38.770679 ], [ -78.863891, 38.771248 ], [ -78.863684, 38.7718 ], [ -78.86272, 38.773131 ], [ -78.86213, 38.773767 ], [ -78.861668, 38.774204 ], [ -78.861582, 38.774363 ], [ -78.861585, 38.774726 ], [ -78.861482, 38.775223 ], [ -78.86015, 38.776895 ], [ -78.85981, 38.777856 ], [ -78.858907, 38.779188 ], [ -78.857236, 38.781355 ], [ -78.856265, 38.782484 ], [ -78.85533, 38.783397 ], [ -78.855203, 38.783573 ], [ -78.855191, 38.784087 ], [ -78.854912, 38.784631 ], [ -78.853987, 38.786035 ], [ -78.853376, 38.786678 ], [ -78.853247, 38.78695 ], [ -78.852791, 38.788055 ], [ -78.852079, 38.789107 ], [ -78.851418, 38.790177 ], [ -78.850849, 38.790805 ], [ -78.850566, 38.791075 ], [ -78.850447, 38.791306 ], [ -78.850362, 38.791933 ], [ -78.849814, 38.793012 ], [ -78.849254, 38.793688 ], [ -78.848622, 38.79438 ], [ -78.848187, 38.794978 ], [ -78.847238, 38.795577 ], [ -78.846778, 38.795892 ], [ -78.84663, 38.796035 ], [ -78.846423, 38.79703 ], [ -78.846311, 38.797447 ], [ -78.845662, 38.798468 ], [ -78.844698, 38.799719 ], [ -78.843054, 38.801498 ], [ -78.842349, 38.802229 ], [ -78.841559, 38.803103 ], [ -78.840711, 38.804218 ], [ -78.840464, 38.804698 ], [ -78.839708, 38.805871 ], [ -78.838766, 38.807089 ], [ -78.837776, 38.808101 ], [ -78.837587, 38.808296 ], [ -78.836725, 38.809113 ], [ -78.835493, 38.809925 ], [ -78.835436, 38.810174 ], [ -78.835423, 38.810778 ], [ -78.835191, 38.811499 ], [ -78.834881, 38.812034 ], [ -78.83369, 38.813337 ], [ -78.832267, 38.814388 ], [ -78.831659, 38.814895 ], [ -78.830597, 38.816433 ], [ -78.82996, 38.81731 ], [ -78.829056, 38.818625 ], [ -78.828736, 38.81916 ], [ -78.828454, 38.819808 ], [ -78.828167, 38.820231 ], [ -78.827644, 38.82106 ], [ -78.827262, 38.82161 ], [ -78.827227, 38.822254 ], [ -78.827026, 38.822975 ], [ -78.826661, 38.823662 ], [ -78.826138, 38.824436 ], [ -78.825474, 38.825151 ], [ -78.824728, 38.825865 ], [ -78.824253, 38.826406 ], [ -78.823888, 38.827085 ], [ -78.822872, 38.828785 ], [ -78.822183, 38.829701 ], [ -78.821782, 38.830162 ], [ -78.821167, 38.830982 ], [ -78.820442, 38.83255 ], [ -78.820184, 38.833045 ], [ -78.819606, 38.833592 ], [ -78.819157, 38.834359 ], [ -78.818846, 38.834934 ], [ -78.818394, 38.835789 ], [ -78.817964, 38.836652 ], [ -78.817663, 38.837187 ], [ -78.817088, 38.838056 ], [ -78.816515, 38.838861 ], [ -78.815996, 38.839514 ], [ -78.815722, 38.840234 ], [ -78.815116, 38.841594 ], [ -78.8149, 38.842033 ], [ -78.814527, 38.842624 ], [ -78.813991, 38.84355 ], [ -78.813256, 38.845133 ], [ -78.812771, 38.846124 ], [ -78.812235, 38.847058 ], [ -78.811906, 38.847488 ], [ -78.811513, 38.848062 ], [ -78.811223, 38.848589 ], [ -78.810943, 38.849616 ], [ -78.810181, 38.850988 ], [ -78.809699, 38.851786 ], [ -78.809559, 38.852058 ], [ -78.809487, 38.85254 ], [ -78.809426, 38.853408 ], [ -78.809099, 38.854208 ], [ -78.808942, 38.85481 ], [ -78.808694, 38.855321 ], [ -78.80818, 38.856175 ], [ -78.807569, 38.856786 ], [ -78.807257, 38.856951 ], [ -78.806608, 38.856918 ], [ -78.806225, 38.857001 ], [ -78.806025, 38.857207 ], [ -78.805754, 38.857831 ], [ -78.805364, 38.858228 ], [ -78.805159, 38.85862 ], [ -78.805046, 38.859738 ], [ -78.805056, 38.860027 ], [ -78.804888, 38.860612 ], [ -78.804771, 38.861246 ], [ -78.803917, 38.862586 ], [ -78.803556, 38.86312 ], [ -78.803155, 38.863581 ], [ -78.802518, 38.864433 ], [ -78.802272, 38.864824 ], [ -78.80171, 38.865999 ], [ -78.800481, 38.86801 ], [ -78.799692, 38.869214 ], [ -78.798816, 38.870602 ], [ -78.798083, 38.87159 ], [ -78.797401, 38.872626 ], [ -78.796657, 38.873646 ], [ -78.796213, 38.874606 ], [ -78.79633, 38.875111 ], [ -78.795136, 38.875996 ], [ -78.794221, 38.876432 ], [ -78.792987, 38.8769 ], [ -78.79161, 38.877593 ], [ -78.791065, 38.879028 ], [ -78.790078, 38.880076 ], [ -78.789306, 38.882503 ], [ -78.788031, 38.885123 ], [ -78.786025, 38.887187 ], [ -78.784195, 38.888622 ], [ -78.779198, 38.892298 ], [ -78.776299, 38.893032 ], [ -78.772793, 38.893742 ], [ -78.770725, 38.896104 ], [ -78.769358, 38.897064 ], [ -78.767425, 38.89712 ], [ -78.764309, 38.898159 ], [ -78.761768, 38.899635 ], [ -78.76035, 38.900046 ], [ -78.759085, 38.900529 ], [ -78.758426, 38.901247 ], [ -78.757592, 38.902939 ], [ -78.757278, 38.903203 ], [ -78.756234, 38.904084 ], [ -78.754516, 38.905728 ], [ -78.754658, 38.907581 ], [ -78.75369, 38.909564 ], [ -78.752085, 38.910869 ], [ -78.750357, 38.911675 ], [ -78.75089, 38.91307 ], [ -78.751156, 38.91469 ], [ -78.750517, 38.916028 ], [ -78.749742, 38.916447 ], [ -78.748112, 38.917511 ], [ -78.747504, 38.918013 ], [ -78.747041, 38.918481 ], [ -78.74601, 38.919217 ], [ -78.745608, 38.91946 ], [ -78.744659, 38.919938 ], [ -78.744504, 38.920059 ], [ -78.744433, 38.920228 ], [ -78.744454, 38.920446 ], [ -78.744545, 38.920658 ], [ -78.744696, 38.920813 ], [ -78.744891, 38.920965 ], [ -78.744963, 38.921075 ], [ -78.744943, 38.921132 ], [ -78.744655, 38.921495 ], [ -78.744203, 38.922012 ], [ -78.743668, 38.922586 ], [ -78.74338, 38.922958 ], [ -78.743132, 38.923128 ], [ -78.742773, 38.9237 ], [ -78.742115, 38.924516 ], [ -78.741126, 38.925389 ], [ -78.740251, 38.926214 ], [ -78.739147, 38.927134 ], [ -78.73892, 38.927285 ], [ -78.73868, 38.927362 ], [ -78.738571, 38.927397 ], [ -78.738268, 38.927398 ], [ -78.736971, 38.92752 ], [ -78.736534, 38.927643 ], [ -78.735843, 38.927943 ], [ -78.735086, 38.928151 ], [ -78.733221, 38.928875 ], [ -78.732584, 38.929161 ], [ -78.732148, 38.929376 ], [ -78.73148, 38.929537 ], [ -78.730715, 38.929659 ], [ -78.729875, 38.929829 ], [ -78.729156, 38.930002 ], [ -78.727286, 38.930616 ], [ -78.726702, 38.930739 ], [ -78.726222, 38.930932 ], [ -78.72571, 38.930973 ], [ -78.724921, 38.930966 ], [ -78.724534, 38.930993 ], [ -78.724094, 38.931097 ], [ -78.723584, 38.931112 ], [ -78.722442, 38.931408 ], [ -78.721871, 38.931681 ], [ -78.721052, 38.932218 ], [ -78.719786, 38.933316 ], [ -78.719184, 38.933878 ], [ -78.718483, 38.934266 ], [ -78.717391, 38.935665 ], [ -78.717076, 38.936028 ], [ -78.717257, 38.935358 ], [ -78.717509, 38.934058 ], [ -78.718159, 38.930991 ], [ -78.718352, 38.930224 ], [ -78.71869, 38.929376 ], [ -78.718988, 38.928819 ], [ -78.71962, 38.92651 ], [ -78.71971, 38.925695 ], [ -78.719573, 38.925163 ], [ -78.71984, 38.924759 ], [ -78.719984, 38.924444 ], [ -78.720095, 38.923863 ], [ -78.720073, 38.923491 ], [ -78.719876, 38.923201 ], [ -78.719755, 38.922135 ], [ -78.719664, 38.922015 ], [ -78.719591, 38.921717 ], [ -78.719506, 38.9212 ], [ -78.719288, 38.920886 ], [ -78.719288, 38.920789 ], [ -78.719309, 38.920729 ], [ -78.719451, 38.92026 ], [ -78.720149, 38.916928 ], [ -78.719823, 38.916448 ], [ -78.719348, 38.915749 ], [ -78.719844, 38.914814 ], [ -78.72042, 38.914389 ], [ -78.720466, 38.914379 ], [ -78.720567, 38.914353 ], [ -78.72068, 38.914289 ], [ -78.720731, 38.914166 ], [ -78.720832, 38.913633 ], [ -78.720799, 38.913219 ], [ -78.720798, 38.91277 ], [ -78.720754, 38.912519 ], [ -78.720646, 38.9123 ], [ -78.720576, 38.912177 ], [ -78.720471, 38.911256 ], [ -78.72049, 38.910861 ], [ -78.720799, 38.91044 ], [ -78.720931, 38.91016 ], [ -78.7209, 38.909845 ], [ -78.720827, 38.909441 ], [ -78.7207, 38.908989 ], [ -78.720533, 38.90873 ], [ -78.720387, 38.908641 ], [ -78.720172, 38.908449 ], [ -78.719901, 38.908052 ], [ -78.719847, 38.907524 ], [ -78.71986, 38.906601 ], [ -78.71992, 38.906403 ], [ -78.719914, 38.906076 ], [ -78.71981, 38.905907 ], [ -78.719291, 38.90523 ], [ -78.718907, 38.904811 ], [ -78.718647, 38.904561 ], [ -78.718327, 38.904408 ], [ -78.717944, 38.904295 ], [ -78.71755, 38.904272 ], [ -78.717178, 38.904296 ], [ -78.716631, 38.904475 ], [ -78.716394, 38.904644 ], [ -78.716168, 38.90483 ], [ -78.715643, 38.905493 ], [ -78.715104, 38.906303 ], [ -78.714969, 38.906428 ], [ -78.712622, 38.908665 ], [ -78.708941, 38.911064 ], [ -78.707475, 38.912725 ], [ -78.705434, 38.914281 ], [ -78.70525, 38.914479 ], [ -78.704581, 38.915037 ], [ -78.704323, 38.915231 ], [ -78.703755, 38.915441 ], [ -78.703208, 38.915539 ], [ -78.702712, 38.915596 ], [ -78.702237, 38.915621 ], [ -78.701885, 38.915564 ], [ -78.701616, 38.915403 ], [ -78.701223, 38.91525 ], [ -78.700757, 38.915114 ], [ -78.699682, 38.915059 ], [ -78.699299, 38.91493 ], [ -78.698824, 38.914809 ], [ -78.698482, 38.914689 ], [ -78.698141, 38.914536 ], [ -78.697757, 38.914302 ], [ -78.697623, 38.914278 ], [ -78.697437, 38.914359 ], [ -78.697324, 38.914472 ], [ -78.697324, 38.914561 ], [ -78.697418, 38.914819 ], [ -78.697492, 38.915295 ], [ -78.69738, 38.915602 ], [ -78.697112, 38.915925 ], [ -78.696731, 38.916256 ], [ -78.696484, 38.916555 ], [ -78.696402, 38.916773 ], [ -78.696135, 38.917169 ], [ -78.694488, 38.918448 ], [ -78.692714, 38.91959 ], [ -78.691895, 38.921413 ], [ -78.69145, 38.922195 ], [ -78.689608, 38.923665 ], [ -78.689113, 38.92406 ], [ -78.688266, 38.92478 ], [ -78.687272, 38.925061 ], [ -78.685965, 38.924994 ], [ -78.684904, 38.925121 ], [ -78.681617, 38.92584 ], [ -78.68095, 38.925233 ], [ -78.680456, 38.925313 ], [ -78.679381, 38.92657 ], [ -78.677627, 38.927713 ], [ -78.677449, 38.927908 ], [ -78.676253, 38.929227 ], [ -78.674272, 38.930692 ], [ -78.672495, 38.932545 ], [ -78.670679, 38.9338 ], [ -78.668257, 38.937395 ], [ -78.666594, 38.9392 ], [ -78.665886, 38.941579 ], [ -78.664274, 38.943229 ], [ -78.662083, 38.945702 ], [ -78.66037, 38.946966 ], [ -78.65905, 38.947375 ], [ -78.658138, 38.949148 ], [ -78.657463, 38.950898 ], [ -78.655043, 38.953766 ], [ -78.653963, 38.956557 ], [ -78.65305, 38.95854 ], [ -78.652467, 38.960379 ], [ -78.652352, 38.960677 ], [ -78.649335, 38.9636 ], [ -78.648258, 38.965156 ], [ -78.648265, 38.966044 ], [ -78.646589, 38.968138 ], [ -78.644672, 38.968053 ], [ -78.641995, 38.967684 ], [ -78.640133, 38.967009 ], [ -78.638423, 38.966819 ], [ -78.636851, 38.968511 ], [ -78.635371, 38.970412 ], [ -78.6339, 38.972717 ], [ -78.632471, 38.974739 ], [ -78.632452, 38.976983 ], [ -78.63184, 38.978152 ], [ -78.631707, 38.978342 ], [ -78.630846, 38.979586 ], [ -78.629553, 38.980866 ], [ -78.627798, 38.98179 ], [ -78.625672, 38.982575 ], [ -78.624736, 38.982645 ], [ -78.623467, 38.982591 ], [ -78.621784, 38.982383 ], [ -78.621145, 38.982504 ], [ -78.620453, 38.982601 ], [ -78.619914, 38.981288 ], [ -78.620191, 38.979829 ], [ -78.619982, 38.977338 ], [ -78.619499, 38.976482 ], [ -78.619339, 38.976114 ], [ -78.618749, 38.975066 ], [ -78.618676, 38.974082 ], [ -78.614312, 38.97585 ], [ -78.612588, 38.976287 ], [ -78.611184, 38.976134 ], [ -78.610574, 38.975103 ], [ -78.610376, 38.973579 ], [ -78.610302, 38.971935 ], [ -78.610197, 38.970476 ], [ -78.609649, 38.969895 ], [ -78.608369, 38.969743 ], [ -78.607718, 38.969195 ], [ -78.601655, 38.964603 ], [ -78.601399, 38.96653 ], [ -78.600141, 38.968175 ], [ -78.598894, 38.969546 ], [ -78.596015, 38.970192 ], [ -78.593261, 38.971918 ], [ -78.590827, 38.975539 ], [ -78.588929, 38.976958 ], [ -78.588704, 38.978579 ], [ -78.587321, 38.979747 ], [ -78.587653, 38.980714 ], [ -78.585972, 38.982859 ], [ -78.582928, 38.985416 ], [ -78.581981, 38.988398 ], [ -78.580465, 38.990567 ], [ -78.577917, 38.993003 ], [ -78.575038, 38.996534 ], [ -78.573388, 38.998477 ], [ -78.572418, 38.999445 ], [ -78.571648, 39.000108 ], [ -78.570462, 39.001552 ], [ -78.569663, 39.00224 ], [ -78.569029, 39.002951 ], [ -78.568331, 39.003446 ], [ -78.562628, 39.007198 ], [ -78.561711, 39.009007 ], [ -78.5594, 39.011877 ], [ -78.557647, 39.013189 ], [ -78.556385, 39.014072 ], [ -78.554919, 39.015124 ], [ -78.552321, 39.016374 ], [ -78.550467, 39.018065 ], [ -78.552457, 39.018776 ], [ -78.554222, 39.019672 ], [ -78.55738, 39.021393 ], [ -78.558166, 39.022035 ], [ -78.558314, 39.022712 ], [ -78.558948, 39.024007 ], [ -78.55964, 39.024456 ], [ -78.560445, 39.024711 ], [ -78.562085, 39.025382 ], [ -78.562519, 39.025735 ], [ -78.563294, 39.026328 ], [ -78.564097, 39.026277 ], [ -78.565073, 39.025935 ], [ -78.565837, 39.026303 ], [ -78.566561, 39.027018 ], [ -78.567969, 39.028495 ], [ -78.569046, 39.029475 ], [ -78.571062, 39.03095 ], [ -78.571901, 39.031995 ], [ -78.568926, 39.034182 ], [ -78.568037, 39.035443 ], [ -78.565358, 39.037072 ], [ -78.564604, 39.038558 ], [ -78.562643, 39.039686 ], [ -78.561609, 39.040842 ], [ -78.559997, 39.041573 ], [ -78.556748, 39.044527 ], [ -78.555962, 39.045924 ], [ -78.554783, 39.046935 ], [ -78.554263, 39.048058 ], [ -78.552741, 39.04849 ], [ -78.551667, 39.049816 ], [ -78.550755, 39.050786 ], [ -78.550297, 39.051755 ], [ -78.549497, 39.052499 ], [ -78.548307, 39.053285 ], [ -78.547734, 39.054069 ], [ -78.545679, 39.055052 ], [ -78.544182, 39.056559 ], [ -78.540664, 39.055405 ], [ -78.533645, 39.053204 ], [ -78.53207, 39.052702 ], [ -78.530521, 39.052184 ], [ -78.529567, 39.051892 ], [ -78.525854, 39.050746 ], [ -78.517233, 39.047959 ], [ -78.513489, 39.04675 ], [ -78.508185, 39.045068 ], [ -78.4997, 39.042323 ], [ -78.49505, 39.040854 ], [ -78.494335, 39.040651 ], [ -78.490525, 39.039467 ], [ -78.490108, 39.039319 ], [ -78.489803, 39.039229 ], [ -78.487103, 39.038308 ], [ -78.48472, 39.037583 ], [ -78.483383, 39.037148 ], [ -78.479996, 39.036076 ], [ -78.477535, 39.035263 ], [ -78.476349, 39.034919 ], [ -78.474402, 39.034323 ], [ -78.473213, 39.033937 ], [ -78.468207, 39.032257 ], [ -78.466343, 39.03165 ], [ -78.463538, 39.030762 ], [ -78.458574, 39.029175 ], [ -78.454418, 39.027884 ], [ -78.454136, 39.027797 ], [ -78.454076, 39.028474 ], [ -78.453906, 39.029423 ], [ -78.45392, 39.029667 ], [ -78.453987, 39.029835 ], [ -78.454114, 39.029993 ], [ -78.454539, 39.030402 ], [ -78.454874, 39.030661 ], [ -78.454937, 39.030734 ], [ -78.454926, 39.030796 ], [ -78.454789, 39.030896 ], [ -78.45462, 39.030985 ], [ -78.454511, 39.031024 ], [ -78.454201, 39.031084 ], [ -78.454064, 39.031146 ], [ -78.453606, 39.031508 ], [ -78.453236, 39.031736 ], [ -78.453011, 39.031845 ], [ -78.452764, 39.031888 ], [ -78.452187, 39.031929 ], [ -78.451877, 39.031931 ], [ -78.451731, 39.031955 ], [ -78.451669, 39.032052 ], [ -78.451606, 39.032279 ], [ -78.451585, 39.032527 ], [ -78.451616, 39.032728 ], [ -78.451669, 39.03282 ], [ -78.451711, 39.032854 ], [ -78.451767, 39.032873 ], [ -78.451827, 39.032877 ], [ -78.451954, 39.032833 ], [ -78.452017, 39.032827 ], [ -78.452077, 39.032836 ], [ -78.452149, 39.032876 ], [ -78.452218, 39.032956 ], [ -78.452267, 39.033104 ], [ -78.452239, 39.033244 ], [ -78.452116, 39.033439 ], [ -78.45201, 39.033556 ], [ -78.451806, 39.033694 ], [ -78.451115, 39.034032 ], [ -78.450362, 39.034362 ], [ -78.450302, 39.034372 ], [ -78.450242, 39.034362 ], [ -78.450193, 39.034336 ], [ -78.450084, 39.034233 ], [ -78.449971, 39.034199 ], [ -78.449735, 39.034205 ], [ -78.449344, 39.034256 ], [ -78.448496, 39.034464 ], [ -78.44788, 39.034653 ], [ -78.447577, 39.034797 ], [ -78.447496, 39.034867 ], [ -78.447454, 39.034929 ], [ -78.447425, 39.03502 ], [ -78.447478, 39.035312 ], [ -78.447548, 39.0355 ], [ -78.447696, 39.035753 ], [ -78.447745, 39.035877 ], [ -78.44777, 39.036037 ], [ -78.447731, 39.036273 ], [ -78.447731, 39.036426 ], [ -78.447797, 39.036634 ], [ -78.447875, 39.036804 ], [ -78.448339, 39.037692 ], [ -78.448779, 39.038024 ], [ -78.449243, 39.038329 ], [ -78.449366, 39.038438 ], [ -78.449433, 39.03853 ], [ -78.449528, 39.038751 ], [ -78.449637, 39.039423 ], [ -78.44984, 39.040317 ], [ -78.449949, 39.040686 ], [ -78.450044, 39.040927 ], [ -78.450174, 39.041135 ], [ -78.450297, 39.04124 ], [ -78.450508, 39.041359 ], [ -78.450741, 39.041383 ], [ -78.45079, 39.041428 ], [ -78.451025, 39.042127 ], [ -78.451082, 39.042323 ], [ -78.451089, 39.042421 ], [ -78.451053, 39.042547 ], [ -78.45099, 39.042646 ], [ -78.450895, 39.042742 ], [ -78.450761, 39.042834 ], [ -78.450451, 39.042974 ], [ -78.449972, 39.043101 ], [ -78.449729, 39.043189 ], [ -78.449542, 39.043274 ], [ -78.449232, 39.04345 ], [ -78.449077, 39.043587 ], [ -78.448669, 39.044051 ], [ -78.44826, 39.044473 ], [ -78.448161, 39.044545 ], [ -78.447654, 39.044809 ], [ -78.447323, 39.045023 ], [ -78.446921, 39.045306 ], [ -78.446766, 39.045447 ], [ -78.44665, 39.045582 ], [ -78.446615, 39.045672 ], [ -78.446636, 39.045764 ], [ -78.446703, 39.045848 ], [ -78.446713, 39.045895 ], [ -78.446703, 39.045942 ], [ -78.446653, 39.045996 ], [ -78.444709, 39.047312 ], [ -78.444571, 39.047477 ], [ -78.444532, 39.04761 ], [ -78.444538, 39.048636 ], [ -78.44451, 39.048854 ], [ -78.444302, 39.049201 ], [ -78.444203, 39.04963 ], [ -78.444076, 39.050694 ], [ -78.44409, 39.050877 ], [ -78.444181, 39.051043 ], [ -78.444332, 39.051193 ], [ -78.444691, 39.051435 ], [ -78.445642, 39.052034 ], [ -78.445807, 39.052105 ], [ -78.446184, 39.052159 ], [ -78.446543, 39.052168 ], [ -78.446737, 39.052134 ], [ -78.447043, 39.052033 ], [ -78.447304, 39.052015 ], [ -78.447564, 39.052045 ], [ -78.447726, 39.052089 ], [ -78.447855, 39.052149 ], [ -78.447923, 39.052203 ], [ -78.448008, 39.052308 ], [ -78.44818, 39.052604 ], [ -78.44838, 39.053196 ], [ -78.448461, 39.05338 ], [ -78.44857, 39.05352 ], [ -78.448707, 39.05364 ], [ -78.448771, 39.053726 ], [ -78.448799, 39.053837 ], [ -78.448802, 39.053964 ], [ -78.448696, 39.054472 ], [ -78.448269, 39.05584 ], [ -78.448199, 39.056038 ], [ -78.448174, 39.056079 ], [ -78.448104, 39.056131 ], [ -78.447896, 39.056197 ], [ -78.447632, 39.056227 ], [ -78.447431, 39.056204 ], [ -78.447111, 39.056109 ], [ -78.446987, 39.056096 ], [ -78.446829, 39.056103 ], [ -78.446107, 39.056228 ], [ -78.445089, 39.056481 ], [ -78.444849, 39.056509 ], [ -78.444515, 39.056518 ], [ -78.444297, 39.056556 ], [ -78.44417, 39.056595 ], [ -78.444046, 39.056645 ], [ -78.443877, 39.056743 ], [ -78.44355, 39.05698 ], [ -78.443317, 39.057201 ], [ -78.443077, 39.057489 ], [ -78.442855, 39.057705 ], [ -78.442588, 39.057921 ], [ -78.4422, 39.058194 ], [ -78.441953, 39.058316 ], [ -78.440713, 39.058763 ], [ -78.440668, 39.05881 ], [ -78.440632, 39.058975 ], [ -78.440618, 39.059168 ], [ -78.440632, 39.059388 ], [ -78.440667, 39.059451 ], [ -78.441814, 39.060516 ], [ -78.441881, 39.060601 ], [ -78.44192, 39.060717 ], [ -78.441913, 39.060855 ], [ -78.44186, 39.06101 ], [ -78.441489, 39.061659 ], [ -78.441123, 39.062235 ], [ -78.441073, 39.062336 ], [ -78.441006, 39.062588 ], [ -78.440946, 39.06269 ], [ -78.440872, 39.062762 ], [ -78.440742, 39.062839 ], [ -78.440474, 39.062948 ], [ -78.439484, 39.063217 ], [ -78.439065, 39.063361 ], [ -78.438829, 39.063462 ], [ -78.438691, 39.063547 ], [ -78.438617, 39.063619 ], [ -78.438448, 39.063844 ], [ -78.438276, 39.063972 ], [ -78.437666, 39.064278 ], [ -78.436577, 39.064877 ], [ -78.436295, 39.065013 ], [ -78.436123, 39.065076 ], [ -78.435506, 39.065206 ], [ -78.434249, 39.065418 ], [ -78.433167, 39.065512 ], [ -78.432593, 39.065582 ], [ -78.431998, 39.06568 ], [ -78.431808, 39.065728 ], [ -78.431576, 39.06581 ], [ -78.431279, 39.065942 ], [ -78.431124, 39.066052 ], [ -78.430994, 39.066196 ], [ -78.430937, 39.066333 ], [ -78.430941, 39.066534 ], [ -78.431, 39.066789 ], [ -78.431011, 39.066929 ], [ -78.431003, 39.067462 ], [ -78.431062, 39.06857 ], [ -78.431054, 39.069307 ], [ -78.431029, 39.069477 ], [ -78.430987, 39.069585 ], [ -78.430888, 39.069753 ], [ -78.430888, 39.069801 ], [ -78.430937, 39.069882 ], [ -78.430987, 39.069911 ], [ -78.431437, 39.070094 ], [ -78.432046, 39.070305 ], [ -78.432212, 39.070393 ], [ -78.432339, 39.070513 ], [ -78.432434, 39.070672 ], [ -78.432479, 39.070831 ], [ -78.432479, 39.070991 ], [ -78.432426, 39.071243 ], [ -78.432295, 39.071548 ], [ -78.432115, 39.071829 ], [ -78.431883, 39.072145 ], [ -78.431601, 39.072478 ], [ -78.431241, 39.07284 ], [ -78.430994, 39.073061 ], [ -78.430807, 39.07317 ], [ -78.429895, 39.073564 ], [ -78.429475, 39.073766 ], [ -78.429391, 39.073847 ], [ -78.429334, 39.073942 ], [ -78.429278, 39.074283 ], [ -78.429232, 39.074371 ], [ -78.429128, 39.074486 ], [ -78.428603, 39.074808 ], [ -78.426419, 39.076069 ], [ -78.426102, 39.076368 ], [ -78.425767, 39.076721 ], [ -78.425322, 39.077289 ], [ -78.425192, 39.077493 ], [ -78.425079, 39.077725 ], [ -78.425029, 39.077886 ], [ -78.425022, 39.078056 ], [ -78.425054, 39.078163 ], [ -78.425159, 39.07834 ], [ -78.425244, 39.078414 ], [ -78.42548, 39.078563 ], [ -78.42555, 39.078637 ], [ -78.425684, 39.078843 ], [ -78.425796, 39.079124 ], [ -78.425817, 39.079454 ], [ -78.425724, 39.080386 ], [ -78.425629, 39.081028 ], [ -78.425583, 39.081222 ], [ -78.42554, 39.081322 ], [ -78.425463, 39.081414 ], [ -78.425322, 39.081532 ], [ -78.425129, 39.081658 ], [ -78.425082, 39.081686 ], [ -78.42487, 39.081783 ], [ -78.424701, 39.081842 ], [ -78.424293, 39.081927 ], [ -78.423785, 39.081954 ], [ -78.423549, 39.081946 ], [ -78.423243, 39.081911 ], [ -78.423, 39.081848 ], [ -78.422796, 39.081771 ], [ -78.422345, 39.08153 ], [ -78.422204, 39.081409 ], [ -78.422095, 39.081218 ], [ -78.422, 39.081159 ], [ -78.421845, 39.081158 ], [ -78.421299, 39.081297 ], [ -78.420591, 39.081534 ], [ -78.420404, 39.081625 ], [ -78.420189, 39.081785 ], [ -78.419385, 39.082581 ], [ -78.418894, 39.083144 ], [ -78.41881, 39.083284 ], [ -78.418781, 39.083378 ], [ -78.418778, 39.083516 ], [ -78.418823, 39.083672 ], [ -78.418897, 39.083787 ], [ -78.419024, 39.083917 ], [ -78.419217, 39.084061 ], [ -78.419496, 39.084237 ], [ -78.419629, 39.084296 ], [ -78.419953, 39.084392 ], [ -78.420094, 39.084479 ], [ -78.420165, 39.084558 ], [ -78.42021, 39.084697 ], [ -78.420207, 39.084796 ], [ -78.420178, 39.084893 ], [ -78.420051, 39.08509 ], [ -78.419847, 39.085298 ], [ -78.419699, 39.085389 ], [ -78.41881, 39.0858 ], [ -78.418109, 39.086144 ], [ -78.417993, 39.086181 ], [ -78.417869, 39.08619 ], [ -78.417693, 39.08617 ], [ -78.417492, 39.08612 ], [ -78.417045, 39.085932 ], [ -78.416552, 39.085656 ], [ -78.415764, 39.08512 ], [ -78.415514, 39.084975 ], [ -78.415271, 39.08486 ], [ -78.415151, 39.084832 ], [ -78.415029, 39.08484 ], [ -78.414781, 39.084907 ], [ -78.414499, 39.085024 ], [ -78.414291, 39.08514 ], [ -78.414101, 39.085274 ], [ -78.413942, 39.085411 ], [ -78.413783, 39.085586 ], [ -78.413628, 39.08585 ], [ -78.413575, 39.086025 ], [ -78.41354, 39.08623 ], [ -78.413501, 39.086329 ], [ -78.413342, 39.086537 ], [ -78.413099, 39.086787 ], [ -78.412979, 39.086887 ], [ -78.412418, 39.087305 ], [ -78.41197, 39.087597 ], [ -78.41179, 39.08775 ], [ -78.411702, 39.087877 ], [ -78.411571, 39.088176 ], [ -78.411437, 39.088348 ], [ -78.410799, 39.088887 ], [ -78.41033, 39.089323 ], [ -78.409786, 39.090161 ], [ -78.409479, 39.090627 ], [ -78.408298, 39.091643 ], [ -78.408019, 39.091865 ], [ -78.407434, 39.092256 ], [ -78.406658, 39.092686 ], [ -78.406214, 39.092911 ], [ -78.405773, 39.093109 ], [ -78.405128, 39.093345 ], [ -78.404864, 39.093466 ], [ -78.404419, 39.0937 ], [ -78.403891, 39.093899 ], [ -78.402717, 39.094272 ], [ -78.399404, 39.095253 ], [ -78.3989, 39.095368 ], [ -78.39853, 39.095417 ], [ -78.398311, 39.095411 ], [ -78.398068, 39.095362 ], [ -78.397772, 39.095249 ], [ -78.397156, 39.094868 ], [ -78.396114, 39.094097 ], [ -78.394411, 39.093108 ], [ -78.393854, 39.0928 ], [ -78.393383, 39.09256 ], [ -78.393196, 39.092516 ], [ -78.392932, 39.0925 ], [ -78.392664, 39.092515 ], [ -78.392361, 39.092577 ], [ -78.392114, 39.092673 ], [ -78.391857, 39.092841 ], [ -78.391659, 39.093011 ], [ -78.391461, 39.093233 ], [ -78.391306, 39.093453 ], [ -78.391069, 39.093852 ], [ -78.390868, 39.094261 ], [ -78.390698, 39.094699 ], [ -78.39062, 39.094956 ], [ -78.390542, 39.09531 ], [ -78.390506, 39.095737 ], [ -78.390537, 39.09617 ], [ -78.390572, 39.096375 ], [ -78.390677, 39.096744 ], [ -78.390807, 39.097031 ], [ -78.391011, 39.097356 ], [ -78.391405, 39.097886 ], [ -78.391609, 39.098101 ], [ -78.391803, 39.098269 ], [ -78.391905, 39.098393 ], [ -78.391996, 39.098574 ], [ -78.392129, 39.098985 ], [ -78.392378, 39.099601 ], [ -78.392487, 39.099807 ], [ -78.392568, 39.099902 ], [ -78.392955, 39.100229 ], [ -78.393195, 39.100486 ], [ -78.393437, 39.100816 ], [ -78.393543, 39.101022 ], [ -78.393564, 39.101174 ], [ -78.393532, 39.101338 ], [ -78.393447, 39.101495 ], [ -78.393309, 39.101637 ], [ -78.393147, 39.101719 ], [ -78.392488, 39.101842 ], [ -78.391779, 39.101928 ], [ -78.39172, 39.101926 ], [ -78.391624, 39.101897 ], [ -78.390977, 39.1015 ], [ -78.390287, 39.101045 ], [ -78.390065, 39.10095 ], [ -78.38972, 39.100847 ], [ -78.38948, 39.100749 ], [ -78.389156, 39.100587 ], [ -78.388854, 39.100412 ], [ -78.388611, 39.100242 ], [ -78.388463, 39.100108 ], [ -78.387985, 39.099577 ], [ -78.387291, 39.098943 ], [ -78.384423, 39.096983 ], [ -78.383318, 39.096207 ], [ -78.383191, 39.096091 ], [ -78.383058, 39.095938 ], [ -78.382973, 39.095806 ], [ -78.382914, 39.095643 ], [ -78.3829, 39.095423 ], [ -78.382925, 39.095127 ], [ -78.382964, 39.094962 ], [ -78.383045, 39.094793 ], [ -78.383052, 39.094745 ], [ -78.383021, 39.094601 ], [ -78.382828, 39.094326 ], [ -78.382589, 39.09405 ], [ -78.382399, 39.093852 ], [ -78.382128, 39.093632 ], [ -78.381938, 39.093537 ], [ -78.381776, 39.093481 ], [ -78.381522, 39.093439 ], [ -78.381207, 39.09344 ], [ -78.380842, 39.093469 ], [ -78.380595, 39.093515 ], [ -78.380299, 39.093604 ], [ -78.380095, 39.093633 ], [ -78.379757, 39.093622 ], [ -78.379468, 39.093562 ], [ -78.379094, 39.093425 ], [ -78.378721, 39.093217 ], [ -78.378042, 39.092699 ], [ -78.377666, 39.092337 ], [ -78.377497, 39.092214 ], [ -78.377381, 39.092164 ], [ -78.377, 39.092091 ], [ -78.376528, 39.092048 ], [ -78.376208, 39.092038 ], [ -78.375961, 39.092047 ], [ -78.374974, 39.092297 ], [ -78.374682, 39.092377 ], [ -78.374188, 39.092545 ], [ -78.373564, 39.092702 ], [ -78.372253, 39.092883 ], [ -78.371774, 39.093008 ], [ -78.371266, 39.093169 ], [ -78.371016, 39.09328 ], [ -78.369704, 39.0941 ], [ -78.368099, 39.094773 ], [ -78.366315, 39.095554 ], [ -78.364528, 39.09618 ], [ -78.364358, 39.096243 ], [ -78.364048, 39.096387 ], [ -78.363615, 39.096608 ], [ -78.36335, 39.096772 ], [ -78.363279, 39.096853 ], [ -78.363191, 39.097003 ], [ -78.363081, 39.097094 ], [ -78.36294, 39.097167 ], [ -78.362838, 39.097183 ], [ -78.36276, 39.097176 ], [ -78.362549, 39.097114 ], [ -78.362444, 39.097066 ], [ -78.362296, 39.09697 ], [ -78.36218, 39.096867 ], [ -78.362015, 39.096658 ], [ -78.361744, 39.096448 ], [ -78.361515, 39.096309 ], [ -78.361247, 39.096178 ], [ -78.360818, 39.09601 ], [ -78.360149, 39.095818 ], [ -78.359733, 39.095737 ], [ -78.359571, 39.095724 ], [ -78.359402, 39.095732 ], [ -78.359123, 39.095802 ], [ -78.358866, 39.09591 ], [ -78.357733, 39.09677 ], [ -78.357215, 39.097022 ], [ -78.356439, 39.097336 ], [ -78.355868, 39.097605 ], [ -78.355554, 39.097735 ], [ -78.355113, 39.097869 ], [ -78.354398, 39.098022 ], [ -78.353714, 39.098113 ], [ -78.353139, 39.09815 ], [ -78.352513, 39.097971 ], [ -78.352406, 39.097954 ], [ -78.352062, 39.097953 ], [ -78.351604, 39.097981 ], [ -78.350458, 39.098172 ], [ -78.350113, 39.098217 ], [ -78.349686, 39.098245 ], [ -78.34939, 39.098229 ], [ -78.349271, 39.098194 ], [ -78.348813, 39.097995 ], [ -78.348282, 39.097697 ], [ -78.348134, 39.097628 ], [ -78.346796, 39.097153 ], [ -78.346106, 39.096802 ], [ -78.344973, 39.096186 ], [ -78.344325, 39.095895 ], [ -78.343927, 39.095749 ], [ -78.343702, 39.095695 ], [ -78.343568, 39.095682 ], [ -78.343427, 39.095687 ], [ -78.343205, 39.095739 ], [ -78.343036, 39.095837 ], [ -78.342855, 39.09606 ], [ -78.34281, 39.096158 ], [ -78.34256, 39.097025 ], [ -78.342504, 39.097121 ], [ -78.342324, 39.09735 ], [ -78.341971, 39.097654 ], [ -78.341932, 39.097716 ], [ -78.341921, 39.098173 ], [ -78.341875, 39.0982 ], [ -78.341762, 39.098204 ], [ -78.341624, 39.098243 ], [ -78.341554, 39.098269 ], [ -78.341519, 39.098311 ], [ -78.341447, 39.09866 ], [ -78.341401, 39.099125000000122 ], [ -78.341375, 39.099634 ], [ -78.341381, 39.099936 ], [ -78.341419, 39.100238 ], [ -78.341468, 39.10038 ], [ -78.341633, 39.100568 ], [ -78.342126, 39.101014 ], [ -78.342516, 39.101504 ], [ -78.342628, 39.101692 ], [ -78.34267, 39.101842 ], [ -78.34268, 39.10201 ], [ -78.342631, 39.102199 ], [ -78.342563, 39.102322 ], [ -78.342454, 39.102439 ], [ -78.342341, 39.102517 ], [ -78.342203, 39.102568 ], [ -78.342143, 39.102558 ], [ -78.34207, 39.102524 ], [ -78.341542, 39.102199 ], [ -78.341401, 39.102185 ], [ -78.341189, 39.102218 ], [ -78.341048, 39.102313 ], [ -78.340702, 39.102621 ], [ -78.340529, 39.10273 ], [ -78.340314, 39.10282 ], [ -78.340141, 39.102853 ], [ -78.340004, 39.102861 ], [ -78.339933, 39.10285 ], [ -78.339375, 39.102643 ], [ -78.337965, 39.102062 ], [ -78.337268, 39.102009 ], [ -78.336648, 39.101997 ], [ -78.336468, 39.101972 ], [ -78.336341, 39.101935 ], [ -78.336151, 39.101855 ], [ -78.335912, 39.101709 ], [ -78.335715, 39.101555 ], [ -78.335515, 39.101359 ], [ -78.333816, 39.098572 ], [ -78.333763, 39.09848 ], [ -78.333749, 39.09841 ], [ -78.333781, 39.098196 ], [ -78.333955, 39.097827 ], [ -78.334124, 39.097555 ], [ -78.334333, 39.097307 ], [ -78.334418, 39.097154 ], [ -78.334532, 39.096693 ], [ -78.334581, 39.09657 ], [ -78.334801, 39.096164 ], [ -78.334879, 39.095942 ], [ -78.334897, 39.095728 ], [ -78.334878, 39.095507 ], [ -78.334908, 39.095353 ], [ -78.334954, 39.095256 ], [ -78.335283, 39.094699 ], [ -78.335493, 39.094274 ], [ -78.335535, 39.094102 ], [ -78.335535, 39.093914 ], [ -78.335494, 39.093575 ], [ -78.335424, 39.093315 ], [ -78.335305, 39.092997 ], [ -78.334779, 39.091831 ], [ -78.334407, 39.091174 ], [ -78.334302, 39.091027 ], [ -78.334164, 39.090884 ], [ -78.333961, 39.090752 ], [ -78.333802, 39.090705 ], [ -78.333665, 39.090685 ], [ -78.333482, 39.090678 ], [ -78.333327, 39.09069 ], [ -78.332911, 39.090776 ], [ -78.332382, 39.090957 ], [ -78.332131, 39.091063 ], [ -78.331932, 39.091167 ], [ -78.331747, 39.09131 ], [ -78.331408, 39.091616 ], [ -78.331108, 39.091853 ], [ -78.330942, 39.09196 ], [ -78.330833, 39.091994 ], [ -78.330685, 39.09201 ], [ -78.330442, 39.091993 ], [ -78.330213, 39.091924 ], [ -78.330093, 39.091844 ], [ -78.329875, 39.091649 ], [ -78.329678, 39.091418 ], [ -78.329352, 39.09097 ], [ -78.329053, 39.090491 ], [ -78.328948, 39.090271 ], [ -78.328903, 39.090131 ], [ -78.328889, 39.089995 ], [ -78.328932, 39.089803 ], [ -78.329013, 39.089627 ], [ -78.329116, 39.089472 ], [ -78.329292, 39.089269 ], [ -78.329497, 39.089094 ], [ -78.330517, 39.088336 ], [ -78.330987, 39.087903 ], [ -78.331304, 39.08764 ], [ -78.331576, 39.087503 ], [ -78.331812, 39.087443 ], [ -78.332478, 39.087441 ], [ -78.333426, 39.087469 ], [ -78.333577, 39.087424 ], [ -78.333817, 39.087291 ], [ -78.334692, 39.086649 ], [ -78.335624, 39.085916 ], [ -78.336161, 39.085441 ], [ -78.336365, 39.085238 ], [ -78.336553, 39.085017 ], [ -78.336666, 39.084835 ], [ -78.336733, 39.084656 ], [ -78.336744, 39.084518 ], [ -78.336698, 39.084394 ], [ -78.336579, 39.084261 ], [ -78.336393, 39.08412 ], [ -78.336206, 39.084001 ], [ -78.335942, 39.083863 ], [ -78.335633, 39.083731 ], [ -78.33545, 39.083674 ], [ -78.33534, 39.083666 ], [ -78.334685, 39.083775 ], [ -78.33459, 39.08376 ], [ -78.334372, 39.083676 ], [ -78.33378, 39.083388 ], [ -78.332444, 39.082592 ], [ -78.331455, 39.082117 ], [ -78.330322, 39.081652 ], [ -78.329815, 39.081383 ], [ -78.329382, 39.081107 ], [ -78.329277, 39.081011 ], [ -78.329151, 39.080835 ], [ -78.32888, 39.080381 ], [ -78.328557, 39.079893 ], [ -78.328508, 39.079845 ], [ -78.327471, 39.079122 ], [ -78.326613, 39.078549 ], [ -78.326057, 39.078175 ], [ -78.32569, 39.077888 ], [ -78.325203, 39.077453 ], [ -78.324781, 39.076956 ], [ -78.324673, 39.076795 ], [ -78.324571, 39.076596 ], [ -78.324445, 39.076225 ], [ -78.324421, 39.076075 ], [ -78.324432, 39.075866 ], [ -78.324474, 39.075729 ], [ -78.324531, 39.075628 ], [ -78.324623, 39.075514 ], [ -78.324757, 39.075397 ], [ -78.324965, 39.075259 ], [ -78.325117, 39.075182 ], [ -78.325734, 39.07495 ], [ -78.326548, 39.074741 ], [ -78.328793, 39.074245 ], [ -78.329286, 39.07416 ], [ -78.329529, 39.074155 ], [ -78.329815, 39.074176 ], [ -78.331297, 39.07436 ], [ -78.331737, 39.074399 ], [ -78.33191, 39.0744 ], [ -78.331994, 39.074388 ], [ -78.332364, 39.074268 ], [ -78.332735, 39.074098 ], [ -78.33295, 39.074016 ], [ -78.333267, 39.07393 ], [ -78.333535, 39.073877 ], [ -78.333788, 39.073851 ], [ -78.334859, 39.073909 ], [ -78.335476, 39.073908 ], [ -78.335652, 39.073899 ], [ -78.335761, 39.073878 ], [ -78.335877, 39.073824 ], [ -78.335965, 39.073754 ], [ -78.33605, 39.073613 ], [ -78.336061, 39.073486 ], [ -78.336012, 39.073269 ], [ -78.335914, 39.073082 ], [ -78.334534, 39.071436 ], [ -78.333676, 39.070617 ], [ -78.333518, 39.070427 ], [ -78.333402, 39.070251 ], [ -78.333357, 39.070096 ], [ -78.333368, 39.070008 ], [ -78.3334, 39.069943 ], [ -78.333516, 39.069815 ], [ -78.333678, 39.0697 ], [ -78.333872, 39.069594 ], [ -78.334436, 39.069359 ], [ -78.335014, 39.069191 ], [ -78.335409, 39.069108 ], [ -78.335811, 39.06905 ], [ -78.336142, 39.069023 ], [ -78.336501, 39.069021 ], [ -78.33679, 39.069045 ], [ -78.337216, 39.069111 ], [ -78.337804, 39.069251 ], [ -78.338152, 39.069378 ], [ -78.339099, 39.06982 ], [ -78.33943, 39.069868 ], [ -78.339715, 39.06989 ], [ -78.339808, 39.069913 ], [ -78.340404, 39.07027 ], [ -78.340513, 39.070308 ], [ -78.340686, 39.070295 ], [ -78.340813, 39.070269 ], [ -78.341112, 39.070168 ], [ -78.341345, 39.070044 ], [ -78.341518, 39.0699 ], [ -78.341659, 39.069697 ], [ -78.341699, 39.069554 ], [ -78.341507, 39.068744 ], [ -78.34148, 39.068232 ], [ -78.341475, 39.067199 ], [ -78.341377, 39.066737 ], [ -78.341168, 39.065933 ], [ -78.341102, 39.06541 ], [ -78.341068, 39.06495 ], [ -78.341193, 39.063978 ], [ -78.341123, 39.063764 ], [ -78.340993, 39.063598 ], [ -78.340853, 39.063496 ], [ -78.340659, 39.063394 ], [ -78.340033, 39.063134 ], [ -78.336183, 39.061805 ], [ -78.335687, 39.061607 ], [ -78.335346, 39.061427 ], [ -78.335131, 39.061263 ], [ -78.335065, 39.061175 ], [ -78.335023, 39.061067 ], [ -78.335019, 39.060917 ], [ -78.335051, 39.060822 ], [ -78.335129, 39.060684 ], [ -78.335337, 39.060456 ], [ -78.335436, 39.060371 ], [ -78.335785, 39.060126 ], [ -78.336184, 39.059929 ], [ -78.336494, 39.059834 ], [ -78.33685, 39.059788 ], [ -78.337353, 39.059779 ], [ -78.337793, 39.059801 ], [ -78.338406, 39.05986 ], [ -78.339255, 39.059996 ], [ -78.339726, 39.060101 ], [ -78.341046, 39.060447 ], [ -78.341866, 39.060697 ], [ -78.34441, 39.061709 ], [ -78.344614, 39.061765 ], [ -78.345121, 39.061833 ], [ -78.345494, 39.06184 ], [ -78.345734, 39.061817 ], [ -78.345991, 39.061769 ], [ -78.346315, 39.061656 ], [ -78.346693, 39.061423 ], [ -78.346887, 39.061239 ], [ -78.346996, 39.061103 ], [ -78.347109, 39.060914 ], [ -78.347247, 39.060593 ], [ -78.347287, 39.060272 ], [ -78.347266, 39.059986 ], [ -78.347186, 39.059724 ], [ -78.347035, 39.05949 ], [ -78.346842, 39.059318 ], [ -78.346747, 39.059261 ], [ -78.346652, 39.059228 ], [ -78.345796, 39.059244 ], [ -78.345651, 39.059228 ], [ -78.344877, 39.058982 ], [ -78.344226, 39.058699 ], [ -78.343762, 39.058448 ], [ -78.343537, 39.058294 ], [ -78.343421, 39.05819 ], [ -78.343316, 39.058059 ], [ -78.343281, 39.057971 ], [ -78.343261, 39.057653 ], [ -78.343244, 39.056974 ], [ -78.343189, 39.056624 ], [ -78.343136, 39.056424 ], [ -78.343007, 39.056089 ], [ -78.342852, 39.055884 ], [ -78.342701, 39.055726 ], [ -78.342023, 39.055102 ], [ -78.34146, 39.054618 ], [ -78.341116, 39.054344 ], [ -78.340894, 39.054205 ], [ -78.339952, 39.053759 ], [ -78.339062, 39.053222 ], [ -78.338601, 39.052921 ], [ -78.338208, 39.052608 ], [ -78.337776, 39.052187 ], [ -78.337094, 39.0516 ], [ -78.33703, 39.051567 ], [ -78.336383, 39.051427 ], [ -78.336281, 39.051378 ], [ -78.336193, 39.051303 ], [ -78.335986, 39.051075 ], [ -78.335852, 39.050899 ], [ -78.335148, 39.049477 ], [ -78.33478, 39.048858 ], [ -78.334429, 39.04833 ], [ -78.334264, 39.048123 ], [ -78.334028, 39.047912 ], [ -78.333891, 39.047834 ], [ -78.33372, 39.047772 ], [ -78.333603, 39.047763 ], [ -78.333479, 39.047774 ], [ -78.333321, 39.047826 ], [ -78.333201, 39.047892 ], [ -78.333067, 39.048 ], [ -78.332957, 39.048125 ], [ -78.332735, 39.048473 ], [ -78.332632, 39.048772 ], [ -78.332528, 39.049674 ], [ -78.332382, 39.05054 ], [ -78.332328, 39.050675 ], [ -78.332265, 39.050723 ], [ -78.332067, 39.050765 ], [ -78.331828, 39.050751 ], [ -78.331501, 39.050705 ], [ -78.331134, 39.050632 ], [ -78.330902, 39.05057 ], [ -78.330512, 39.050404 ], [ -78.330283, 39.050259 ], [ -78.330203, 39.050184 ], [ -78.330115, 39.050065 ], [ -78.330073, 39.049981 ], [ -78.330041, 39.049811 ], [ -78.330304, 39.049086 ], [ -78.33091, 39.047195 ], [ -78.331101, 39.046785 ], [ -78.331483, 39.046077 ], [ -78.331632, 39.04576 ], [ -78.331983, 39.044918 ], [ -78.332138, 39.044497 ], [ -78.332263, 39.044067 ], [ -78.332352, 39.043672 ], [ -78.332502, 39.042737 ], [ -78.332531, 39.042268 ], [ -78.332511, 39.041978 ], [ -78.332455, 39.04178 ], [ -78.332406, 39.041687 ], [ -78.332286, 39.04154 ], [ -78.33208, 39.041389 ], [ -78.331794, 39.04124 ], [ -78.331544, 39.041145 ], [ -78.331266, 39.041087 ], [ -78.331073, 39.041073 ], [ -78.330696, 39.041097 ], [ -78.329815, 39.041193 ], [ -78.32909, 39.041284 ], [ -78.32885, 39.041339 ], [ -78.328752, 39.041407 ], [ -78.328413, 39.041729 ], [ -78.326722, 39.04348 ], [ -78.326276, 39.044593 ], [ -78.32618, 39.044796 ], [ -78.326106, 39.04487 ], [ -78.326001, 39.044933 ], [ -78.325824, 39.044996 ], [ -78.325676, 39.045015 ], [ -78.325525, 39.044992 ], [ -78.325416, 39.044959 ], [ -78.325064, 39.044793 ], [ -78.324175, 39.044195 ], [ -78.322267, 39.042787 ], [ -78.322148, 39.042537 ], [ -78.322053, 39.042277 ], [ -78.321782, 39.042119 ], [ -78.32129, 39.041864 ], [ -78.321069, 39.041723 ], [ -78.320865, 39.041556 ], [ -78.320682, 39.041359 ], [ -78.320584, 39.041203 ], [ -78.32027, 39.040232 ], [ -78.31969, 39.038227 ], [ -78.319226, 39.036734 ], [ -78.319135, 39.036503 ], [ -78.319026, 39.036306 ], [ -78.318946, 39.036209 ], [ -78.318858, 39.036143 ], [ -78.318675, 39.036072 ], [ -78.318341, 39.036018 ], [ -78.316873, 39.036026 ], [ -78.316239, 39.035955 ], [ -78.314761, 39.035734 ], [ -78.314061, 39.035614 ], [ -78.313002, 39.035405 ], [ -78.312738, 39.03534 ], [ -78.312604, 39.035291 ], [ -78.311602, 39.034746 ], [ -78.310297, 39.034389 ], [ -78.309893, 39.034244 ], [ -78.309594, 39.034092 ], [ -78.309517, 39.034018 ], [ -78.309464, 39.033923 ], [ -78.30945, 39.033872 ], [ -78.309457, 39.033765 ], [ -78.309521, 39.033649 ], [ -78.310237, 39.033197 ], [ -78.310413, 39.033032 ], [ -78.310537, 39.032956 ], [ -78.312879, 39.032498 ], [ -78.31371, 39.032285 ], [ -78.31407, 39.032171 ], [ -78.314292, 39.032082 ], [ -78.314556, 39.031939 ], [ -78.314958, 39.031686 ], [ -78.315561, 39.031272 ], [ -78.315878, 39.031081 ], [ -78.316238, 39.030896 ], [ -78.316587, 39.030766 ], [ -78.316752, 39.030743 ], [ -78.31696, 39.030775 ], [ -78.317181, 39.030859 ], [ -78.317396, 39.030973 ], [ -78.31832, 39.031598 ], [ -78.319174, 39.03233 ], [ -78.319325, 39.032431 ], [ -78.319423, 39.032456 ], [ -78.319652, 39.032463 ], [ -78.319853, 39.032424 ], [ -78.320191, 39.032301 ], [ -78.320417, 39.032187 ], [ -78.320572, 39.032085 ], [ -78.320769, 39.031901 ], [ -78.3209, 39.031732 ], [ -78.320985, 39.031573 ], [ -78.32103, 39.031463 ], [ -78.321094, 39.031204 ], [ -78.321106, 39.030978 ], [ -78.321064, 39.030765 ], [ -78.320977, 39.030614 ], [ -78.320902, 39.030543 ], [ -78.320633, 39.030348 ], [ -78.320408, 39.030219 ], [ -78.319609, 39.02984 ], [ -78.319149, 39.029609 ], [ -78.318927, 39.029481 ], [ -78.316935, 39.028193 ], [ -78.316302, 39.027765 ], [ -78.315824, 39.027404 ], [ -78.315463, 39.027087 ], [ -78.315221, 39.026732 ], [ -78.314953, 39.02628 ], [ -78.314203, 39.025502 ], [ -78.314066, 39.025311 ], [ -78.313958, 39.025062 ], [ -78.313941, 39.024911 ], [ -78.313966, 39.02484 ], [ -78.314361, 39.02436 ], [ -78.314609, 39.023906 ], [ -78.314787, 39.023619 ], [ -78.315566, 39.022701 ], [ -78.315742, 39.022452 ], [ -78.315774, 39.022369 ], [ -78.315767, 39.022255 ], [ -78.315729, 39.022163 ], [ -78.315624, 39.02205 ], [ -78.31549, 39.02198 ], [ -78.315363, 39.021949 ], [ -78.314674, 39.021882 ], [ -78.314227, 39.0218 ], [ -78.313865, 39.0217 ], [ -78.31372, 39.021621000000103 ], [ -78.313615, 39.021498 ], [ -78.31358, 39.02141 ], [ -78.313591, 39.021285 ], [ -78.313648, 39.021189 ], [ -78.313743, 39.02108 ], [ -78.313881, 39.02097 ], [ -78.314268, 39.020707 ], [ -78.314706, 39.020456 ], [ -78.314864, 39.020383 ], [ -78.315178, 39.020273 ], [ -78.315318, 39.020243 ], [ -78.315575, 39.02022 ], [ -78.316061, 39.020215 ], [ -78.316385, 39.020229 ], [ -78.317655, 39.020386 ], [ -78.317852, 39.020369 ], [ -78.318194, 39.020286 ], [ -78.318465, 39.020179 ], [ -78.318768, 39.020018 ], [ -78.318997, 39.019866 ], [ -78.319276, 39.019639 ], [ -78.319498, 39.019413 ], [ -78.319647, 39.019216 ], [ -78.319711, 39.01904 ], [ -78.319714, 39.018956 ], [ -78.319634, 39.018778 ], [ -78.319535, 39.018677 ], [ -78.319381, 39.018573 ], [ -78.318562, 39.018239 ], [ -78.317778, 39.017951 ], [ -78.317697, 39.0179 ], [ -78.317637, 39.017821 ], [ -78.317616, 39.017731 ], [ -78.317638, 39.017642 ], [ -78.317683, 39.017561 ], [ -78.317825, 39.017351 ], [ -78.318118, 39.017027 ], [ -78.318192, 39.016914 ], [ -78.318235, 39.016653 ], [ -78.318243, 39.016388 ], [ -78.318278, 39.016259 ], [ -78.318487, 39.015701 ], [ -78.318788, 39.015144 ], [ -78.318862, 39.014962 ], [ -78.318859, 39.014841 ], [ -78.318831, 39.014742 ], [ -78.318754, 39.014584 ], [ -78.318656, 39.014441 ], [ -78.318322, 39.014092 ], [ -78.318052, 39.013857 ], [ -78.317869, 39.013709 ], [ -78.317388, 39.013374 ], [ -78.31716, 39.013226 ], [ -78.316907, 39.013089 ], [ -78.316534, 39.012981 ], [ -78.316316, 39.012881 ], [ -78.316246, 39.012797 ], [ -78.315983, 39.012368 ], [ -78.315363, 39.011219 ], [ -78.314921, 39.010446 ], [ -78.314792, 39.010257 ], [ -78.314736, 39.010209 ], [ -78.314511, 39.010103 ], [ -78.314278, 39.010055 ], [ -78.31311, 39.009965 ], [ -78.312516, 39.009871 ], [ -78.312336, 39.009825 ], [ -78.312206, 39.009763 ], [ -78.312122, 39.009689 ], [ -78.312045, 39.009565 ], [ -78.312031, 39.009388 ], [ -78.312074, 39.009228 ], [ -78.312155, 39.009086 ], [ -78.312247, 39.008997 ], [ -78.31408, 39.007994 ], [ -78.31396, 39.008002 ], [ -78.310248, 39.008238 ], [ -78.302115, 39.008745 ], [ -78.299003, 39.008947 ], [ -78.297172, 39.009063 ], [ -78.29439, 39.00923 ], [ -78.289491, 39.009541 ], [ -78.27334, 39.010555 ], [ -78.261516, 39.0113 ], [ -78.255551, 39.01171 ], [ -78.241804, 39.012668 ], [ -78.230966, 39.013428 ], [ -78.222465, 39.014062 ], [ -78.22018, 39.01423 ], [ -78.219558, 39.014277 ], [ -78.214582, 39.01464 ], [ -78.209295, 39.015012 ], [ -78.208794, 39.015052 ], [ -78.204183, 39.015395 ], [ -78.191492, 39.016201 ], [ -78.18583, 39.016544 ], [ -78.185885, 39.016588 ], [ -78.185939, 39.016678 ], [ -78.185935, 39.016826 ], [ -78.185619, 39.017694 ], [ -78.185425, 39.018002 ], [ -78.18541, 39.018102 ], [ -78.185452, 39.018183 ], [ -78.185556, 39.018255 ], [ -78.186415, 39.018564 ], [ -78.186453, 39.018586 ], [ -78.186481, 39.018647 ], [ -78.186468, 39.0187 ], [ -78.185728, 39.019977 ], [ -78.185596, 39.020181 ], [ -78.183228, 39.019364 ], [ -78.176901, 39.01709 ], [ -78.170476, 39.017491 ], [ -78.169343, 39.017561 ], [ -78.168692, 39.017603 ], [ -78.167205, 39.017704 ], [ -78.164229, 39.017904 ], [ -78.163871, 39.017928 ], [ -78.162982, 39.019827 ], [ -78.162647, 39.020909 ], [ -78.162403, 39.021651 ], [ -78.161562, 39.022667 ], [ -78.161536, 39.0227 ], [ -78.158526, 39.026487 ], [ -78.156862, 39.028728 ], [ -78.156286, 39.029396 ], [ -78.156071, 39.029622 ], [ -78.155828, 39.029809 ], [ -78.155368, 39.030108 ], [ -78.154966, 39.030424 ], [ -78.153848, 39.031387 ], [ -78.15359, 39.031549 ], [ -78.153562, 39.031593 ], [ -78.153533, 39.031715 ], [ -78.153496, 39.032044 ], [ -78.153305, 39.033095 ], [ -78.153184, 39.033728 ], [ -78.153164, 39.033814 ], [ -78.152659, 39.034832 ], [ -78.152219, 39.035639 ], [ -78.151614, 39.036629 ], [ -78.151523, 39.036588 ], [ -78.151247, 39.036468 ], [ -78.14527, 39.033856 ], [ -78.134671, 39.029223 ], [ -78.125981, 39.025473 ], [ -78.111124, 39.019055 ], [ -78.096992, 39.012923 ], [ -78.096942, 39.012932 ], [ -78.093637, 39.013472 ], [ -78.08329, 39.015162 ], [ -78.082484, 39.015292 ], [ -78.06941, 39.017435 ], [ -78.062918, 39.01849 ], [ -78.058701, 39.019196 ], [ -78.058571, 39.019206 ], [ -78.058532, 39.019181 ], [ -78.058276, 39.01902 ], [ -78.057899, 39.018782 ], [ -78.056232, 39.017736 ], [ -78.056009, 39.017596 ], [ -78.051452, 39.014735 ], [ -78.046367, 39.011541 ], [ -78.046112, 39.011718 ], [ -78.042612, 39.008931 ], [ -78.042676, 39.008871 ], [ -78.043659, 39.007933 ], [ -78.041063, 39.006259 ], [ -78.03613, 39.002616 ], [ -78.028399, 38.996983 ], [ -78.02234, 38.992569 ], [ -78.005471, 38.980279 ], [ -78.004313, 38.979438 ], [ -78.00364, 38.980058 ], [ -78.003172, 38.980629 ], [ -78.002655, 38.98106 ], [ -78.002403, 38.981364 ], [ -78.002204, 38.981745 ], [ -78.002091, 38.982228 ], [ -78.00208, 38.982414 ], [ -78.002098, 38.982737 ], [ -78.002048, 38.98333 ], [ -78.001455, 38.984107 ], [ -78.001204, 38.98434 ], [ -78.000886, 38.984515 ], [ -78.000336, 38.984597 ], [ -77.999949, 38.984656 ], [ -77.999775, 38.984715 ], [ -77.998808, 38.985376 ], [ -77.998119, 38.985879 ], [ -77.997301, 38.986536 ], [ -77.996854, 38.987131 ], [ -77.99642, 38.987769 ], [ -77.995874, 38.988453 ], [ -77.995136, 38.989323 ], [ -77.994433, 38.990105 ], [ -77.991859, 38.992487 ], [ -77.991311, 38.99281 ], [ -77.990185, 38.993322 ], [ -77.989905, 38.993639 ], [ -77.989892, 38.993977 ], [ -77.990218, 38.994592 ], [ -77.990733, 38.995455 ], [ -77.990723, 38.99592 ], [ -77.990275, 38.996493 ], [ -77.989536, 38.997109 ], [ -77.988994, 38.997535 ], [ -77.988691, 38.997668 ], [ -77.988579, 38.997735 ], [ -77.988467, 38.997766 ], [ -77.987568, 38.998132 ], [ -77.987191, 38.998321 ], [ -77.98639, 38.999041 ], [ -77.984616, 39.000157 ], [ -77.981295, 39.002408 ], [ -77.980431, 39.002749 ], [ -77.978138, 39.002949 ], [ -77.977565, 39.002867 ], [ -77.97711, 39.002656 ], [ -77.976685, 39.002551 ], [ -77.975536, 39.002797 ], [ -77.974282, 39.003354 ], [ -77.973584, 39.00402 ], [ -77.973143, 39.004663 ], [ -77.972453, 39.005186 ], [ -77.971718, 39.005597 ], [ -77.970314, 39.006012 ], [ -77.969001, 39.006672 ], [ -77.967753, 39.007438 ], [ -77.965505, 39.008735 ], [ -77.964944, 39.009349 ], [ -77.962917, 39.01297 ], [ -77.962891, 39.012991 ], [ -77.962608, 39.013494 ], [ -77.962501, 39.013557 ], [ -77.962273, 39.013693 ], [ -77.962203, 39.013733 ], [ -77.950588, 39.011058 ], [ -77.94737, 39.010317 ], [ -77.947297, 39.01032 ], [ -77.936678, 39.007858 ], [ -77.921694, 39.004408 ], [ -77.913142, 39.002437 ], [ -77.889451, 38.996978 ], [ -77.887539, 38.996537 ], [ -77.886454, 38.996287 ], [ -77.886415, 38.996262 ], [ -77.883491, 38.9956 ], [ -77.882209, 38.995292 ], [ -77.882133, 38.99529 ], [ -77.880101, 38.994821 ], [ -77.87615, 38.993915 ], [ -77.875471, 38.99374 ], [ -77.874509, 38.993531 ], [ -77.866429, 38.991666 ], [ -77.85063, 38.988018 ], [ -77.843048, 38.986266 ], [ -77.830906, 38.98346 ], [ -77.83073, 38.98342 ], [ -77.829283, 38.983084 ], [ -77.822346, 38.981481 ], [ -77.820462, 38.981045 ], [ -77.820355, 38.98102 ], [ -77.820128, 38.980967 ], [ -77.797225, 38.975667 ], [ -77.794504, 38.975038 ], [ -77.792527, 38.97458 ], [ -77.792417, 38.974555 ], [ -77.791168, 38.974266 ], [ -77.784427, 38.972702 ], [ -77.781187, 38.971952 ], [ -77.779, 38.971446 ], [ -77.777515, 38.971103 ], [ -77.774096, 38.97031 ], [ -77.771195, 38.969638 ], [ -77.76816, 38.968934 ], [ -77.76816, 38.968923 ], [ -77.767179, 38.968707 ], [ -77.765853, 38.968399 ], [ -77.760002, 38.967043 ], [ -77.751976, 38.965181 ], [ -77.740496, 38.962517 ], [ -77.731708, 38.960477 ], [ -77.728978, 38.959843 ], [ -77.728134, 38.959648 ], [ -77.727987, 38.959613 ], [ -77.723177, 38.958496 ], [ -77.713804, 38.956317 ], [ -77.713736, 38.956303 ], [ -77.707533, 38.954861 ], [ -77.700271, 38.953173 ], [ -77.696529, 38.952303 ], [ -77.67342, 38.946926 ], [ -77.671858, 38.946562 ], [ -77.666817, 38.945389 ], [ -77.662929, 38.944483 ], [ -77.657581, 38.943231 ], [ -77.655169, 38.942656 ], [ -77.655869, 38.941572 ], [ -77.656036, 38.941192 ], [ -77.656129, 38.941034 ], [ -77.656211, 38.940794 ], [ -77.656425, 38.940282 ], [ -77.656758, 38.939673 ], [ -77.656841, 38.939157 ], [ -77.65682, 38.938889 ], [ -77.656837, 38.938483 ], [ -77.656919, 38.937812 ], [ -77.656878, 38.937655 ], [ -77.656747, 38.937471 ], [ -77.656678, 38.937316 ], [ -77.656649, 38.93717 ], [ -77.656668, 38.936935 ], [ -77.656759, 38.936734 ], [ -77.656959, 38.936532 ], [ -77.657227, 38.936217 ], [ -77.657469, 38.935914 ], [ -77.657558, 38.935772 ], [ -77.657627, 38.935567 ], [ -77.657631, 38.935448 ], [ -77.657551, 38.935246 ], [ -77.657534, 38.935028 ], [ -77.657622, 38.934724 ], [ -77.657853, 38.934492 ], [ -77.658078, 38.934361 ], [ -77.658271, 38.934295 ], [ -77.658882, 38.934168 ], [ -77.659319, 38.934052 ], [ -77.659596, 38.933916 ], [ -77.659702, 38.933835 ], [ -77.659932, 38.933594 ], [ -77.660158, 38.933241 ], [ -77.66024, 38.933033 ], [ -77.660456, 38.932593 ], [ -77.660658, 38.932262 ], [ -77.660735, 38.93193 ], [ -77.660816, 38.931788 ], [ -77.660864, 38.931715 ], [ -77.6546, 38.930999 ], [ -77.654083, 38.930906 ], [ -77.653757, 38.930825 ], [ -77.653642, 38.930779 ], [ -77.653245, 38.930491 ], [ -77.652619, 38.930121 ], [ -77.65237, 38.930017 ], [ -77.652254, 38.929943 ], [ -77.652103, 38.929655 ], [ -77.651995, 38.929591 ], [ -77.651888, 38.929555 ], [ -77.651619, 38.929512 ], [ -77.651412, 38.929418 ], [ -77.651332, 38.929343 ], [ -77.651217, 38.929291 ], [ -77.651116, 38.929211 ], [ -77.650941, 38.928857 ], [ -77.650761, 38.928735 ], [ -77.650539, 38.928641 ], [ -77.650151, 38.928211 ], [ -77.650124, 38.928069 ], [ -77.650147, 38.927936 ], [ -77.650205, 38.92777 ], [ -77.650097, 38.927526 ], [ -77.650078, 38.927213 ], [ -77.650095, 38.927109 ], [ -77.650266, 38.927058 ], [ -77.650381, 38.927007 ], [ -77.650486, 38.926945 ], [ -77.650648, 38.926805 ], [ -77.650872, 38.92651 ], [ -77.650972, 38.926344 ], [ -77.651218, 38.925785 ], [ -77.651319, 38.925651 ], [ -77.651762, 38.925192 ], [ -77.651908, 38.924975 ], [ -77.652238, 38.924019 ], [ -77.652322, 38.923823 ], [ -77.652551, 38.923419 ], [ -77.653364, 38.922105 ], [ -77.653842, 38.921177 ], [ -77.6541, 38.920627 ], [ -77.654242, 38.920275 ], [ -77.654435, 38.919528 ], [ -77.654708, 38.918653 ], [ -77.654802, 38.918275 ], [ -77.654993, 38.917709 ], [ -77.655109, 38.917425 ], [ -77.655266, 38.917048 ], [ -77.655462, 38.916619 ], [ -77.655931, 38.915693 ], [ -77.656211, 38.914653 ], [ -77.65628, 38.91446 ], [ -77.656516, 38.914014 ], [ -77.656892, 38.913473 ], [ -77.657094, 38.913074 ], [ -77.657291, 38.912504 ], [ -77.657593, 38.91151 ], [ -77.657819, 38.910982 ], [ -77.658056, 38.910584 ], [ -77.658559, 38.909877 ], [ -77.658788, 38.909466 ], [ -77.659011, 38.908934 ], [ -77.65909, 38.908632 ], [ -77.659148, 38.908269 ], [ -77.658782, 38.908308 ], [ -77.658506, 38.908391 ], [ -77.658254, 38.908527 ], [ -77.658108, 38.908644 ], [ -77.657812, 38.908788 ], [ -77.657399, 38.908954 ], [ -77.657245, 38.908975 ], [ -77.657167, 38.908965 ], [ -77.65661, 38.908769 ], [ -77.655805, 38.908683 ], [ -77.655366, 38.908682 ], [ -77.654606, 38.908469 ], [ -77.654244, 38.908434 ], [ -77.653982, 38.90838 ], [ -77.652583, 38.907881 ], [ -77.650831, 38.907233 ], [ -77.650782, 38.907199 ], [ -77.650717, 38.907115 ], [ -77.650528, 38.907028 ], [ -77.650355, 38.906975 ], [ -77.649635, 38.9068 ], [ -77.647247, 38.906171 ], [ -77.647211, 38.905643 ], [ -77.647217, 38.905472 ], [ -77.647341, 38.904883 ], [ -77.647412, 38.904419 ], [ -77.647466, 38.903618 ], [ -77.647668, 38.902609 ], [ -77.647839, 38.901795 ], [ -77.64798, 38.901323 ], [ -77.64824, 38.900837 ], [ -77.648403, 38.900639 ], [ -77.64855, 38.900693 ], [ -77.648741, 38.900728 ], [ -77.650081, 38.900834 ], [ -77.650694, 38.900897 ], [ -77.651154, 38.900964 ], [ -77.651261, 38.901016 ], [ -77.651455, 38.901122 ], [ -77.651622, 38.901266 ], [ -77.651805, 38.901454 ], [ -77.651895, 38.901606 ], [ -77.651965, 38.901808 ], [ -77.652053, 38.902267 ], [ -77.652178, 38.902434 ], [ -77.652266, 38.902515 ], [ -77.652722, 38.90268 ], [ -77.652973, 38.902812 ], [ -77.653371, 38.903132 ], [ -77.653382, 38.903236 ], [ -77.653408, 38.903287 ], [ -77.655497, 38.903534 ], [ -77.658578, 38.903928 ], [ -77.659185, 38.902106 ], [ -77.659557, 38.90089 ], [ -77.659716, 38.900592 ], [ -77.660162, 38.900007 ], [ -77.660373, 38.899777 ], [ -77.660646, 38.899513 ], [ -77.660933, 38.899266 ], [ -77.661054, 38.899183 ], [ -77.661298, 38.89906 ], [ -77.661445, 38.899009 ], [ -77.662147, 38.898833 ], [ -77.662533, 38.898701 ], [ -77.662884, 38.898518 ], [ -77.663136, 38.898332 ], [ -77.663297, 38.898123 ], [ -77.663348, 38.898 ], [ -77.663572, 38.897078 ], [ -77.663807, 38.896362 ], [ -77.664007, 38.895844 ], [ -77.664228, 38.895382 ], [ -77.664392, 38.895088 ], [ -77.664605, 38.894757 ], [ -77.664836, 38.894511 ], [ -77.665164, 38.894267 ], [ -77.665589, 38.89403 ], [ -77.666232, 38.89374 ], [ -77.666464, 38.893596 ], [ -77.666664, 38.893409 ], [ -77.666768, 38.893278 ], [ -77.666961, 38.892978 ], [ -77.667073, 38.892762 ], [ -77.667132, 38.892603 ], [ -77.667178, 38.892388 ], [ -77.667215, 38.891953 ], [ -77.667173, 38.891477 ], [ -77.667099, 38.891088 ], [ -77.666158, 38.891208 ], [ -77.665652, 38.891292 ], [ -77.664044, 38.891604 ], [ -77.663513, 38.891629 ], [ -77.663063, 38.891604 ], [ -77.661657, 38.891316 ], [ -77.660933, 38.891204 ], [ -77.659622, 38.891105 ], [ -77.659364, 38.89107 ], [ -77.6589, 38.89097 ], [ -77.65855, 38.890868 ], [ -77.658211, 38.890748 ], [ -77.658031, 38.890671 ], [ -77.65777, 38.890522 ], [ -77.657367, 38.890216 ], [ -77.657182, 38.890101 ], [ -77.656841, 38.889949 ], [ -77.656522, 38.889859 ], [ -77.656192, 38.889816 ], [ -77.655819, 38.889801 ], [ -77.653482, 38.889753 ], [ -77.653314, 38.88979 ], [ -77.653191, 38.889868 ], [ -77.653067, 38.88977 ], [ -77.652042, 38.889749 ], [ -77.651703, 38.889693 ], [ -77.651413, 38.889546 ], [ -77.651224, 38.889349 ], [ -77.650415, 38.888131 ], [ -77.650159, 38.887916 ], [ -77.649823, 38.887828 ], [ -77.64925, 38.887736 ], [ -77.648832, 38.887637 ], [ -77.648557, 38.887646 ], [ -77.648096, 38.887742 ], [ -77.64625, 38.888177 ], [ -77.645948, 38.888388 ], [ -77.645848, 38.888304 ], [ -77.645556, 38.888195 ], [ -77.645407, 38.88816 ], [ -77.645203, 38.888154 ], [ -77.644864, 38.888107 ], [ -77.644605, 38.887953 ], [ -77.644343, 38.887888 ], [ -77.644181, 38.887886 ], [ -77.643551, 38.887955 ], [ -77.643298, 38.887955 ], [ -77.643008, 38.887913 ], [ -77.642816, 38.887851 ], [ -77.642545, 38.88772 ], [ -77.642414, 38.887602 ], [ -77.642361, 38.88751 ], [ -77.642544, 38.887522 ], [ -77.643055, 38.887461 ], [ -77.643215, 38.887419 ], [ -77.643504, 38.887259 ], [ -77.643565, 38.887197 ], [ -77.643625, 38.887113 ], [ -77.643611, 38.88691 ], [ -77.643587, 38.886834 ], [ -77.643715, 38.886309 ], [ -77.643707, 38.886106 ], [ -77.64366, 38.885976 ], [ -77.643641, 38.885646 ], [ -77.643707, 38.885524 ], [ -77.643788, 38.885451 ], [ -77.643927, 38.885387 ], [ -77.644205, 38.885326 ], [ -77.64444, 38.8852 ], [ -77.6445, 38.885111 ], [ -77.644629, 38.885003 ], [ -77.644934, 38.884689 ], [ -77.645152, 38.884519 ], [ -77.64529, 38.884456 ], [ -77.645467, 38.884474 ], [ -77.645602, 38.884509 ], [ -77.645917, 38.884496 ], [ -77.646078, 38.884465 ], [ -77.646272, 38.88439 ], [ -77.646532, 38.884219 ], [ -77.646628, 38.884134 ], [ -77.646731, 38.883901 ], [ -77.646762, 38.88378 ], [ -77.646835, 38.883663 ], [ -77.647151, 38.883458 ], [ -77.647289, 38.883389 ], [ -77.647462, 38.883341 ], [ -77.647659, 38.883342 ], [ -77.647844, 38.883387 ], [ -77.647914, 38.883391 ], [ -77.648019, 38.883372 ], [ -77.648079, 38.883283 ], [ -77.648095, 38.882975 ], [ -77.648237, 38.882818 ], [ -77.648347, 38.882755 ], [ -77.648492, 38.882681 ], [ -77.648833, 38.88259 ], [ -77.64901, 38.88263 ], [ -77.649137, 38.882633 ], [ -77.649283, 38.882404 ], [ -77.649372, 38.882358 ], [ -77.649536, 38.88241 ], [ -77.649613, 38.882419 ], [ -77.649669, 38.882401 ], [ -77.649749, 38.882295 ], [ -77.649819, 38.882277 ], [ -77.649931, 38.882274 ], [ -77.650348, 38.882336 ], [ -77.65041, 38.882302 ], [ -77.650566, 38.882145 ], [ -77.650799, 38.881997 ], [ -77.650922, 38.881895 ], [ -77.650989, 38.88163 ], [ -77.65133, 38.881721 ], [ -77.651419, 38.881653 ], [ -77.651604, 38.88133 ], [ -77.651685, 38.881246 ], [ -77.652057, 38.881062 ], [ -77.652273, 38.881007 ], [ -77.652707, 38.880959 ], [ -77.65287, 38.880807 ], [ -77.6529, 38.880664 ], [ -77.652884, 38.880626 ], [ -77.652981, 38.880585 ], [ -77.65328, 38.880576 ], [ -77.653231, 38.881124 ], [ -77.65319, 38.88225 ], [ -77.653248, 38.882328 ], [ -77.653329, 38.882361 ], [ -77.653736, 38.88239 ], [ -77.654028, 38.882345 ], [ -77.654128, 38.882312 ], [ -77.655343, 38.88171 ], [ -77.655602, 38.881628 ], [ -77.655806, 38.881588 ], [ -77.656084, 38.881566 ], [ -77.658762, 38.881636 ], [ -77.659093, 38.88159 ], [ -77.659702, 38.881445 ], [ -77.659919, 38.881414 ], [ -77.660271, 38.881405 ], [ -77.660652, 38.881461 ], [ -77.66129, 38.881644 ], [ -77.663852, 38.882498 ], [ -77.664128, 38.882563 ], [ -77.664415, 38.882584 ], [ -77.664629, 38.88255 ], [ -77.664913, 38.882452 ], [ -77.665042, 38.882385 ], [ -77.665514, 38.882069 ], [ -77.665919, 38.88186 ], [ -77.666283, 38.881795 ], [ -77.666623, 38.881797 ], [ -77.666899, 38.881861 ], [ -77.667121, 38.881965 ], [ -77.667196, 38.882019 ], [ -77.667348, 38.882149 ], [ -77.66817, 38.883022 ], [ -77.668338, 38.883161 ], [ -77.668449, 38.883223 ], [ -77.668569, 38.883272 ], [ -77.670232, 38.883772 ], [ -77.670905, 38.882451 ], [ -77.67105, 38.882305 ], [ -77.671233, 38.882217 ], [ -77.672708, 38.881822 ], [ -77.673392, 38.881667 ], [ -77.673587, 38.881583 ], [ -77.673696, 38.881516 ], [ -77.6746, 38.880643 ], [ -77.675387, 38.879784 ], [ -77.675691, 38.879479 ], [ -77.675727, 38.879401 ], [ -77.676445, 38.879337 ], [ -77.677005, 38.879308 ], [ -77.677314, 38.87925 ], [ -77.678716, 38.878705 ], [ -77.678954, 38.878584 ], [ -77.679076, 38.878491 ], [ -77.679163, 38.878403 ], [ -77.679743, 38.877635 ], [ -77.681517, 38.874913 ], [ -77.681861, 38.874468 ], [ -77.68241, 38.873774 ], [ -77.682647, 38.873443 ], [ -77.682951, 38.872968 ], [ -77.683029, 38.8728 ], [ -77.683304, 38.872067 ], [ -77.683741, 38.870851 ], [ -77.683779, 38.870593 ], [ -77.683759, 38.870218 ], [ -77.683496, 38.869914 ], [ -77.683364, 38.869785 ], [ -77.68282, 38.869549 ], [ -77.682525, 38.869322 ], [ -77.682439, 38.869298 ], [ -77.682313, 38.869289 ], [ -77.68194, 38.869361 ], [ -77.681754, 38.869382 ], [ -77.681417, 38.869383 ], [ -77.681232, 38.869363 ], [ -77.680733, 38.869242 ], [ -77.680001, 38.868984 ], [ -77.679688, 38.868934 ], [ -77.678296, 38.868777 ], [ -77.678073, 38.868701 ], [ -77.677975, 38.868644 ], [ -77.677857, 38.868548 ], [ -77.676694, 38.867229 ], [ -77.676053, 38.866553 ], [ -77.675665, 38.866221 ], [ -77.674992, 38.865763 ], [ -77.674736, 38.865613 ], [ -77.674494, 38.8658 ], [ -77.674294, 38.865893 ], [ -77.674067, 38.865932 ], [ -77.673624, 38.865934 ], [ -77.673439, 38.865966 ], [ -77.673335, 38.865813 ], [ -77.673154, 38.865631 ], [ -77.672607, 38.86527 ], [ -77.672301, 38.865087 ], [ -77.672136, 38.865004 ], [ -77.671988, 38.864952 ], [ -77.671831, 38.864919 ], [ -77.671553, 38.864908 ], [ -77.67127, 38.864956 ], [ -77.671033, 38.865046 ], [ -77.670913, 38.865114 ], [ -77.670747, 38.865245 ], [ -77.669744, 38.866217 ], [ -77.669655, 38.866325 ], [ -77.669526, 38.866562 ], [ -77.669406, 38.86712 ], [ -77.669413, 38.867372 ], [ -77.669497, 38.867712 ], [ -77.669828, 38.867654 ], [ -77.67, 38.867603 ], [ -77.670393, 38.867432 ], [ -77.670527, 38.867392 ], [ -77.670753, 38.867358 ], [ -77.670981, 38.867375 ], [ -77.671111, 38.867412 ], [ -77.671429, 38.867561 ], [ -77.671642, 38.867716 ], [ -77.670726, 38.868633 ], [ -77.670503, 38.868774 ], [ -77.670269, 38.86886 ], [ -77.666632, 38.869451 ], [ -77.665318, 38.869637 ], [ -77.664942, 38.869668 ], [ -77.664958, 38.869999 ], [ -77.662855, 38.870059 ], [ -77.662615, 38.870053 ], [ -77.662171, 38.870012 ], [ -77.661728, 38.869913 ], [ -77.660863, 38.869606 ], [ -77.660719, 38.869512 ], [ -77.660425, 38.869162 ], [ -77.660363, 38.869067 ], [ -77.66027, 38.868805 ], [ -77.660252, 38.86867 ], [ -77.660256, 38.868378 ], [ -77.660325, 38.865867 ], [ -77.660326, 38.865579 ], [ -77.660298, 38.865202 ], [ -77.660215, 38.864842 ], [ -77.66008, 38.864491 ], [ -77.659767, 38.863825 ], [ -77.661321, 38.863419 ], [ -77.664425, 38.862671 ], [ -77.666908, 38.862103 ], [ -77.666837, 38.861986 ], [ -77.66678, 38.861949 ], [ -77.666659, 38.861913 ], [ -77.666608, 38.861859 ], [ -77.66648, 38.861632 ], [ -77.666433, 38.861512 ], [ -77.666324, 38.861415 ], [ -77.66624, 38.861225 ], [ -77.666117, 38.861124 ], [ -77.665954, 38.861089 ], [ -77.665794, 38.860961 ], [ -77.665498, 38.860935 ], [ -77.665238, 38.860935 ], [ -77.665161, 38.86092 ], [ -77.665105, 38.860746 ], [ -77.665056, 38.860747 ], [ -77.664869, 38.860828 ], [ -77.664826, 38.860796 ], [ -77.664939, 38.860623 ], [ -77.664936, 38.860557 ], [ -77.664777, 38.860424 ], [ -77.664648, 38.860361 ], [ -77.664381, 38.86035 ], [ -77.664323, 38.860308 ], [ -77.664247, 38.860161 ], [ -77.664204, 38.860118 ], [ -77.663858, 38.860093 ], [ -77.663782, 38.859925 ], [ -77.663362, 38.859533 ], [ -77.663155, 38.859318 ], [ -77.662954, 38.859015 ], [ -77.662527, 38.858476 ], [ -77.662345, 38.858129 ], [ -77.662229, 38.858032 ], [ -77.661828, 38.857827 ], [ -77.661701, 38.857632 ], [ -77.661359, 38.857311 ], [ -77.661238, 38.857253 ], [ -77.661147, 38.857266 ], [ -77.660994, 38.857325 ], [ -77.660907, 38.85725 ], [ -77.660848, 38.857169 ], [ -77.660798, 38.857137 ], [ -77.660658, 38.856959 ], [ -77.660603, 38.856812 ], [ -77.660638, 38.85663 ], [ -77.66069, 38.856502 ], [ -77.660799, 38.856406 ], [ -77.661206, 38.856227 ], [ -77.661069, 38.856115 ], [ -77.661009, 38.856006 ], [ -77.661021, 38.855951 ], [ -77.661186, 38.855876 ], [ -77.661337, 38.855598 ], [ -77.661412, 38.855536 ], [ -77.661439, 38.855491 ], [ -77.661374, 38.855443 ], [ -77.661351, 38.855383 ], [ -77.661481, 38.855292 ], [ -77.661449, 38.855205 ], [ -77.661453, 38.855106 ], [ -77.661626, 38.854855 ], [ -77.661629, 38.854756 ], [ -77.661548, 38.854456 ], [ -77.661621, 38.854345 ], [ -77.661605, 38.85429 ], [ -77.661576, 38.854269 ], [ -77.661414, 38.854272 ], [ -77.661138, 38.854213 ], [ -77.660963, 38.854211 ], [ -77.66072, 38.854305 ], [ -77.660282, 38.854232 ], [ -77.659742, 38.85425 ], [ -77.65949, 38.854272 ], [ -77.659221, 38.854218 ], [ -77.659085, 38.85415 ], [ -77.658492, 38.854251 ], [ -77.657688, 38.854171 ], [ -77.657189, 38.854176 ], [ -77.656854, 38.854222 ], [ -77.656807, 38.854268 ], [ -77.656496, 38.854423 ], [ -77.656328, 38.854427 ], [ -77.656119, 38.854464 ], [ -77.655924, 38.854518 ], [ -77.655797, 38.854516 ], [ -77.655584, 38.854449 ], [ -77.65541, 38.854475 ], [ -77.655295, 38.854615 ], [ -77.655169, 38.854629 ], [ -77.654822, 38.854549 ], [ -77.654666, 38.854684 ], [ -77.654522, 38.854781 ], [ -77.654404, 38.854822 ], [ -77.654197, 38.854722 ], [ -77.653974, 38.854585 ], [ -77.653829, 38.854467 ], [ -77.653756, 38.854299 ], [ -77.653624, 38.854043 ], [ -77.653354, 38.853775 ], [ -77.653326, 38.853605 ], [ -77.653326, 38.853407 ], [ -77.653231, 38.853311 ], [ -77.653072, 38.853199 ], [ -77.652865, 38.853099 ], [ -77.652179, 38.852978 ], [ -77.652035, 38.852893 ], [ -77.651983, 38.852801 ], [ -77.651988, 38.85257 ], [ -77.652006, 38.852482 ], [ -77.651968, 38.852406 ], [ -77.651638, 38.852408 ], [ -77.651466, 38.852302 ], [ -77.651246, 38.852241 ], [ -77.651181, 38.852204 ], [ -77.651179, 38.851968 ], [ -77.650866, 38.851854 ], [ -77.650746, 38.851659 ], [ -77.650623, 38.851349 ], [ -77.650555, 38.851241 ], [ -77.650411, 38.851129 ], [ -77.650148, 38.851058 ], [ -77.650083, 38.85101 ], [ -77.649991, 38.850798 ], [ -77.649843, 38.850795 ], [ -77.649639, 38.850767 ], [ -77.649329, 38.850549 ], [ -77.648959, 38.850233 ], [ -77.648598, 38.85017 ], [ -77.648322, 38.850105 ], [ -77.647623, 38.850017 ], [ -77.647446, 38.84996 ], [ -77.64706, 38.849799 ], [ -77.646884, 38.849775 ], [ -77.646589, 38.849771 ], [ -77.64628, 38.849789 ], [ -77.646047, 38.849756 ], [ -77.645707, 38.84967 ], [ -77.645352, 38.849557 ], [ -77.645012, 38.849477 ], [ -77.644575, 38.84946 ], [ -77.64431, 38.849487 ], [ -77.643946, 38.849726 ], [ -77.643809, 38.850004 ], [ -77.643707, 38.850281 ], [ -77.643543, 38.850609 ], [ -77.643448, 38.850682 ], [ -77.643336, 38.850707 ], [ -77.64299, 38.850643 ], [ -77.642217, 38.850452 ], [ -77.641971, 38.850441 ], [ -77.641705, 38.850453 ], [ -77.641605, 38.850406 ], [ -77.641236, 38.850134 ], [ -77.641008, 38.85004 ], [ -77.640815, 38.84994 ], [ -77.640653, 38.849735 ], [ -77.640415, 38.849576 ], [ -77.63994, 38.849455 ], [ -77.639304, 38.849365 ], [ -77.639051, 38.849343 ], [ -77.638988, 38.84935 ], [ -77.638975, 38.849394 ], [ -77.639086, 38.849529 ], [ -77.638932, 38.849554 ], [ -77.63877, 38.849531 ], [ -77.638605, 38.84943 ], [ -77.638483, 38.849564 ], [ -77.638342, 38.849557 ], [ -77.638229, 38.849526 ], [ -77.638097, 38.849386 ], [ -77.638019, 38.849366 ], [ -77.637964, 38.849378 ], [ -77.637731, 38.849533 ], [ -77.637362, 38.848504 ], [ -77.637114, 38.847579 ], [ -77.636723, 38.845742 ], [ -77.636306, 38.843781 ], [ -77.636262, 38.843563 ], [ -77.635882, 38.84176 ], [ -77.635634, 38.840478 ], [ -77.635473, 38.83987 ], [ -77.635332, 38.839462 ], [ -77.635089, 38.838890999999883 ], [ -77.634027, 38.836524 ], [ -77.633897, 38.836239 ], [ -77.633147, 38.834616 ], [ -77.632972, 38.834061 ], [ -77.632877, 38.833484 ], [ -77.632864, 38.832916 ], [ -77.632903, 38.832394 ], [ -77.633002, 38.831284 ], [ -77.633135, 38.830477 ], [ -77.633149, 38.830096 ], [ -77.633326, 38.828656 ], [ -77.633475, 38.826958 ], [ -77.633565, 38.825995 ], [ -77.633572, 38.825536 ], [ -77.633664, 38.825053 ], [ -77.633784, 38.824566 ], [ -77.633869, 38.82429 ], [ -77.634162, 38.823531 ], [ -77.634498, 38.822847 ], [ -77.634532, 38.822785 ], [ -77.634733, 38.822445 ], [ -77.635135, 38.821846 ], [ -77.635528, 38.821326 ], [ -77.635726, 38.821106 ], [ -77.636295, 38.820506 ], [ -77.637387, 38.819712 ], [ -77.638312, 38.819084 ], [ -77.638671, 38.819267 ], [ -77.639029, 38.819473 ], [ -77.640236, 38.818238 ], [ -77.641259, 38.818713 ], [ -77.641849, 38.818965 ], [ -77.643276, 38.81952 ], [ -77.64394, 38.819748 ], [ -77.644615, 38.819966 ], [ -77.645392, 38.820196 ], [ -77.646518, 38.820494 ], [ -77.64822, 38.820862 ], [ -77.648944, 38.82099 ], [ -77.650236, 38.821179 ], [ -77.65153, 38.82132 ], [ -77.652187, 38.821373 ], [ -77.65302, 38.821426 ], [ -77.653739, 38.821448 ], [ -77.658017, 38.821524 ], [ -77.658026, 38.821249 ], [ -77.675407, 38.821515 ], [ -77.678835, 38.821565 ], [ -77.679168, 38.821573 ], [ -77.678208, 38.821059 ], [ -77.677524, 38.820718 ], [ -77.677326, 38.820637 ], [ -77.673866, 38.81881 ], [ -77.673361, 38.818555 ], [ -77.671496, 38.817739 ], [ -77.670798, 38.817482 ], [ -77.66981, 38.817177 ], [ -77.669095, 38.81698 ], [ -77.667577, 38.816632 ], [ -77.667006, 38.816521 ], [ -77.666414, 38.816438 ], [ -77.665243, 38.816218 ], [ -77.663011, 38.815846 ], [ -77.659723, 38.815244 ], [ -77.659366, 38.815191 ], [ -77.659128, 38.815111 ], [ -77.658476, 38.814938 ], [ -77.657821, 38.814704 ], [ -77.657099, 38.814326 ], [ -77.656699, 38.814195 ], [ -77.655957, 38.814029 ], [ -77.655326, 38.813936 ], [ -77.654552, 38.813857 ], [ -77.651243, 38.813698 ], [ -77.646748, 38.813542 ], [ -77.646211, 38.813474 ], [ -77.645923, 38.813426 ], [ -77.645046, 38.813235 ], [ -77.645106, 38.813172 ], [ -77.646564, 38.811661 ], [ -77.638837, 38.807659 ], [ -77.638442, 38.807453 ], [ -77.633511, 38.8049 ], [ -77.633402, 38.805009 ], [ -77.633188, 38.80523 ], [ -77.632656, 38.804975 ], [ -77.631924, 38.804669 ], [ -77.630977, 38.80435 ], [ -77.63034, 38.80417 ], [ -77.629814, 38.804049 ], [ -77.626979, 38.803487 ], [ -77.625676, 38.803196 ], [ -77.624972, 38.802964 ], [ -77.624492, 38.802751 ], [ -77.624183, 38.802589 ], [ -77.62372, 38.802259 ], [ -77.623292, 38.801899 ], [ -77.623014, 38.801605 ], [ -77.622785, 38.801296 ], [ -77.622521, 38.800848 ], [ -77.622072, 38.799703 ], [ -77.621914, 38.799392 ], [ -77.621634, 38.799009 ], [ -77.621492, 38.798857 ], [ -77.621222, 38.798623 ], [ -77.620795, 38.79829 ], [ -77.620504, 38.798096 ], [ -77.620149, 38.797899 ], [ -77.61978, 38.79772 ], [ -77.619115, 38.79745 ], [ -77.618795, 38.797341 ], [ -77.618261, 38.797205 ], [ -77.617631, 38.797091 ], [ -77.617169, 38.797032 ], [ -77.616896, 38.797013 ], [ -77.61427, 38.796902 ], [ -77.614168, 38.796898 ], [ -77.614127, 38.796897 ], [ -77.614024, 38.796893 ], [ -77.613226, 38.796859 ], [ -77.612831, 38.79648 ], [ -77.612566, 38.796166 ], [ -77.609293, 38.797049 ], [ -77.603672, 38.798554 ], [ -77.601614, 38.799071 ], [ -77.599184, 38.799722 ], [ -77.598733, 38.799632 ], [ -77.597448, 38.799443 ], [ -77.591166, 38.798633 ], [ -77.589725, 38.798381 ], [ -77.588326, 38.798198 ], [ -77.587783, 38.798113 ], [ -77.586302, 38.797928 ], [ -77.585993, 38.797873 ], [ -77.585483, 38.797815 ], [ -77.58284, 38.797521 ], [ -77.581668, 38.79745 ], [ -77.580345, 38.797456 ], [ -77.578347, 38.797433 ], [ -77.576744, 38.797478 ], [ -77.575389, 38.797551 ], [ -77.572027, 38.797783 ], [ -77.562842, 38.798413 ], [ -77.548972, 38.799361 ], [ -77.519913, 38.801352 ], [ -77.519676, 38.801368 ], [ -77.51275, 38.801833 ], [ -77.512257, 38.801883 ], [ -77.511242, 38.802033 ], [ -77.510728, 38.802133 ], [ -77.509757, 38.802371 ], [ -77.509283, 38.802511 ], [ -77.508249, 38.802874 ], [ -77.491408, 38.809499 ], [ -77.490164, 38.810012 ], [ -77.489738, 38.809157 ], [ -77.489517, 38.808985 ], [ -77.489386, 38.808663 ], [ -77.489444, 38.808269 ], [ -77.489677, 38.807671 ], [ -77.48993, 38.805924 ], [ -77.490204, 38.805553 ], [ -77.490537, 38.804935 ], [ -77.491867, 38.803266 ], [ -77.492347, 38.802878 ], [ -77.492768, 38.802301 ], [ -77.493841, 38.801131 ], [ -77.494293, 38.800508 ], [ -77.494443, 38.800275 ], [ -77.494626, 38.799803 ], [ -77.494556, 38.799091 ], [ -77.494485, 38.798884 ], [ -77.494359, 38.798917 ], [ -77.494348, 38.798721 ], [ -77.494274, 38.798515 ], [ -77.494187, 38.79839 ], [ -77.493972, 38.798153 ], [ -77.493852, 38.798083 ], [ -77.493789, 38.79807 ], [ -77.493724, 38.798071 ], [ -77.493482, 38.798135 ], [ -77.493351, 38.798116 ], [ -77.493249, 38.798044 ], [ -77.49306, 38.797805 ], [ -77.492939, 38.79772 ], [ -77.492757, 38.797663 ], [ -77.491725, 38.797607 ], [ -77.491526, 38.797581 ], [ -77.491277, 38.797515 ], [ -77.490937, 38.797492 ], [ -77.490372, 38.797397 ], [ -77.490029, 38.79728 ], [ -77.489841, 38.797245 ], [ -77.488931, 38.796996 ], [ -77.488621, 38.796885 ], [ -77.488493, 38.796861 ], [ -77.488347, 38.796856 ], [ -77.487977, 38.796892 ], [ -77.487904, 38.79688 ], [ -77.487378, 38.796667 ], [ -77.486969, 38.796547 ], [ -77.486598, 38.796508 ], [ -77.486308, 38.796544 ], [ -77.486036, 38.796601 ], [ -77.485775, 38.796636 ], [ -77.485581, 38.796719 ], [ -77.484955, 38.797096 ], [ -77.484839, 38.797114 ], [ -77.48475, 38.797106 ], [ -77.484647, 38.797067 ], [ -77.484424, 38.797023 ], [ -77.484183, 38.797023 ], [ -77.483565, 38.797138 ], [ -77.483297, 38.797156 ], [ -77.482879, 38.79709 ], [ -77.482739, 38.797034 ], [ -77.482361, 38.796815 ], [ -77.481724, 38.796687 ], [ -77.481163, 38.796516 ], [ -77.480842, 38.796482 ], [ -77.480638, 38.796484 ], [ -77.480563, 38.7965 ], [ -77.48049, 38.796523 ], [ -77.480429, 38.796569 ], [ -77.480347, 38.796705 ], [ -77.480241, 38.796946 ], [ -77.480208, 38.797106 ], [ -77.480257, 38.797337 ], [ -77.480367, 38.797616 ], [ -77.480384, 38.797879 ], [ -77.480369, 38.798019 ], [ -77.480325, 38.798138 ], [ -77.480001, 38.798765 ], [ -77.479905, 38.798896 ], [ -77.479814, 38.798968 ], [ -77.47964, 38.799052 ], [ -77.479445, 38.799097 ], [ -77.479308, 38.799112 ], [ -77.478706, 38.799068 ], [ -77.478571, 38.799073 ], [ -77.478358, 38.799129 ], [ -77.477557, 38.799235 ], [ -77.477186, 38.799267 ], [ -77.476831, 38.799366 ], [ -77.47671, 38.799364 ], [ -77.476488, 38.799334 ], [ -77.476314, 38.799283 ], [ -77.476194, 38.799228 ], [ -77.476079, 38.799148 ], [ -77.475995, 38.799065 ], [ -77.475946, 38.798983 ], [ -77.475912, 38.798874 ], [ -77.475911, 38.798772 ], [ -77.475969, 38.797923 ], [ -77.475947, 38.797784 ], [ -77.475914, 38.7977 ], [ -77.475773, 38.797506 ], [ -77.475632, 38.797393 ], [ -77.47557, 38.797364 ], [ -77.475477, 38.797392 ], [ -77.475404, 38.797378 ], [ -77.475274, 38.797313 ], [ -77.475129, 38.797204 ], [ -77.475061, 38.797072 ], [ -77.47473, 38.796787 ], [ -77.474435, 38.796614 ], [ -77.473871, 38.796447 ], [ -77.473601, 38.796392 ], [ -77.47328, 38.796389 ], [ -77.472535, 38.796431 ], [ -77.472343, 38.796427 ], [ -77.472074, 38.796394 ], [ -77.471895, 38.796355 ], [ -77.471414, 38.796168 ], [ -77.47123, 38.796065 ], [ -77.470857, 38.795914 ], [ -77.47053, 38.795739 ], [ -77.470417, 38.79571 ], [ -77.470226, 38.795747 ], [ -77.470037, 38.795803 ], [ -77.469838, 38.795899 ], [ -77.469636, 38.795922 ], [ -77.469081, 38.795913 ], [ -77.468851, 38.79591 ], [ -77.468742, 38.795947 ], [ -77.468569, 38.796134 ], [ -77.468465, 38.796219 ], [ -77.46837, 38.796265 ], [ -77.468234, 38.796299 ], [ -77.46812, 38.796311 ], [ -77.46759, 38.796315 ], [ -77.467358, 38.796387 ], [ -77.467143, 38.796511 ], [ -77.467071, 38.796534 ], [ -77.466845, 38.79656 ], [ -77.466588, 38.796561 ], [ -77.466197, 38.796621 ], [ -77.466075, 38.796623 ], [ -77.465923, 38.796613 ], [ -77.464999, 38.796468 ], [ -77.464537, 38.796342 ], [ -77.464128, 38.796171 ], [ -77.463677, 38.795938 ], [ -77.463016, 38.79565 ], [ -77.462543, 38.795518 ], [ -77.46237, 38.795492 ], [ -77.462086, 38.795514 ], [ -77.461902, 38.795558 ], [ -77.46146, 38.795723 ], [ -77.461097, 38.796022 ], [ -77.460514, 38.796391 ], [ -77.46037, 38.796523 ], [ -77.460146, 38.796837 ], [ -77.460057, 38.797018 ], [ -77.459981, 38.797268 ], [ -77.459934, 38.79735 ], [ -77.459746, 38.797523 ], [ -77.459565, 38.797627 ], [ -77.459444, 38.797664 ], [ -77.459152, 38.797702 ], [ -77.458892, 38.797698 ], [ -77.458618, 38.797654 ], [ -77.458215, 38.797497 ], [ -77.457902, 38.797331 ], [ -77.457802, 38.79729 ], [ -77.457743, 38.797291 ], [ -77.457675, 38.797291 ], [ -77.457569, 38.797288 ], [ -77.45759, 38.797149 ], [ -77.457502, 38.796995 ], [ -77.457335, 38.796839 ], [ -77.45731, 38.79675 ], [ -77.457293, 38.796347 ], [ -77.457265, 38.796277 ], [ -77.457111, 38.796131 ], [ -77.456962, 38.795909 ], [ -77.456905, 38.795866 ], [ -77.456814, 38.795832 ], [ -77.456711, 38.795834 ], [ -77.456593, 38.795862 ], [ -77.456266, 38.796014 ], [ -77.456009, 38.796102 ], [ -77.455718, 38.796125 ], [ -77.45556, 38.796118 ], [ -77.455287, 38.796089 ], [ -77.454994, 38.796026 ], [ -77.454527, 38.796016 ], [ -77.454126, 38.796045 ], [ -77.453649, 38.796101 ], [ -77.452896, 38.796151 ], [ -77.452586, 38.796218 ], [ -77.452425, 38.796273 ], [ -77.4523, 38.796334 ], [ -77.452162, 38.796425 ], [ -77.451942, 38.79664 ], [ -77.451819, 38.796836 ], [ -77.451584, 38.797131 ], [ -77.45132, 38.797646 ], [ -77.451202, 38.798109 ], [ -77.451072, 38.798529 ], [ -77.45099, 38.798727 ], [ -77.450848, 38.798968 ], [ -77.450355, 38.799675 ], [ -77.45013, 38.800082 ], [ -77.450054, 38.800296 ], [ -77.450029, 38.800561 ], [ -77.45008, 38.800812 ], [ -77.450158, 38.800991 ], [ -77.450237, 38.801119 ], [ -77.450606, 38.801582 ], [ -77.450714, 38.801822 ], [ -77.450734, 38.801952 ], [ -77.450713, 38.802059 ], [ -77.450586, 38.802227 ], [ -77.45044, 38.802339 ], [ -77.44967, 38.802852 ], [ -77.449304, 38.803073 ], [ -77.449081, 38.803058 ], [ -77.449042, 38.803087 ], [ -77.448935, 38.80317 ], [ -77.449008, 38.803309 ], [ -77.449314, 38.803836 ], [ -77.449438, 38.804202 ], [ -77.449509, 38.804624 ], [ -77.449509, 38.804899 ], [ -77.449484, 38.805213 ], [ -77.448746, 38.809753 ], [ -77.448718, 38.810009 ], [ -77.448876, 38.810009 ], [ -77.44907, 38.809882 ], [ -77.449207, 38.809981 ], [ -77.449411, 38.810024 ], [ -77.449564, 38.810024 ], [ -77.449728, 38.81 ], [ -77.449793, 38.810164 ], [ -77.449871, 38.810272 ], [ -77.449976, 38.810374 ], [ -77.450148, 38.810484 ], [ -77.450751, 38.810754 ], [ -77.451052, 38.810872 ], [ -77.451162, 38.810879 ], [ -77.451633, 38.811073 ], [ -77.452001, 38.811179 ], [ -77.452291, 38.8112 ], [ -77.453363, 38.811116 ], [ -77.453576, 38.811118 ], [ -77.453862, 38.811151 ], [ -77.45481, 38.811359 ], [ -77.455283, 38.811483 ], [ -77.455714, 38.811654 ], [ -77.455801, 38.811701 ], [ -77.455933, 38.811825 ], [ -77.45602, 38.811958 ], [ -77.456235, 38.812339 ], [ -77.456262, 38.812421 ], [ -77.456587, 38.812952 ], [ -77.456807, 38.813287 ], [ -77.457352, 38.8142 ], [ -77.457408, 38.814424 ], [ -77.457818, 38.815122 ], [ -77.458905, 38.816973 ], [ -77.459109, 38.817358 ], [ -77.459176, 38.817411 ], [ -77.459675, 38.818301 ], [ -77.459711, 38.818388 ], [ -77.459731, 38.818537 ], [ -77.459951, 38.818579 ], [ -77.461359, 38.818973 ], [ -77.461626, 38.819021 ], [ -77.462209, 38.819069 ], [ -77.462426, 38.819104 ], [ -77.46287, 38.819224 ], [ -77.463077, 38.819305 ], [ -77.463462, 38.819503 ], [ -77.464862, 38.820419 ], [ -77.464689, 38.820516 ], [ -77.462817, 38.82165 ], [ -77.461524, 38.822499 ], [ -77.460742, 38.823046 ], [ -77.459453, 38.824009 ], [ -77.458829, 38.824505 ], [ -77.457989, 38.825199 ], [ -77.457456, 38.825667 ], [ -77.457174, 38.825914 ], [ -77.456485, 38.82655 ], [ -77.455609, 38.827408 ], [ -77.454763, 38.828288 ], [ -77.45117, 38.83231 ], [ -77.450091, 38.833546 ], [ -77.449603, 38.834072 ], [ -77.449857, 38.83419 ], [ -77.449827, 38.834223 ], [ -77.44742, 38.836964 ], [ -77.44688, 38.837106 ], [ -77.446761, 38.83724 ], [ -77.445986, 38.83812 ], [ -77.444983, 38.839239 ], [ -77.443925, 38.840374 ], [ -77.443121, 38.841151 ], [ -77.442048, 38.842083 ], [ -77.441563, 38.842472 ], [ -77.440835, 38.842989 ], [ -77.440353, 38.843301 ], [ -77.439357, 38.843895 ], [ -77.438412, 38.844388 ], [ -77.437585, 38.844773 ], [ -77.43695, 38.845042 ], [ -77.436125, 38.845358 ], [ -77.435386, 38.845611 ], [ -77.434461, 38.845886 ], [ -77.433588, 38.846102 ], [ -77.432416, 38.846344 ], [ -77.432119, 38.846398 ], [ -77.43145, 38.846511 ], [ -77.428638, 38.847052 ], [ -77.427817, 38.847176 ], [ -77.426895, 38.847336 ], [ -77.423954, 38.847868 ], [ -77.419777, 38.84865 ], [ -77.418032, 38.848977 ], [ -77.408348, 38.850725 ], [ -77.406003, 38.851167 ], [ -77.402944, 38.851711 ], [ -77.402781, 38.851741 ], [ -77.400309, 38.852167 ], [ -77.399095, 38.852373 ], [ -77.398336, 38.85253 ], [ -77.394431, 38.853279 ], [ -77.393063, 38.853513 ], [ -77.38864, 38.854311 ], [ -77.388385, 38.854357 ], [ -77.38392, 38.855169 ], [ -77.383688, 38.855191 ], [ -77.383363, 38.855253 ], [ -77.382182, 38.85542 ], [ -77.380058, 38.855816 ], [ -77.378141, 38.856204 ], [ -77.371508, 38.857422 ], [ -77.363309, 38.858908 ], [ -77.363125, 38.858945 ], [ -77.359667, 38.859567 ], [ -77.353734, 38.86067 ], [ -77.352282, 38.860907 ], [ -77.349892, 38.861352 ], [ -77.348531, 38.861625 ], [ -77.347357, 38.861835 ], [ -77.34602, 38.862074 ], [ -77.344477, 38.862353 ], [ -77.343755, 38.861919 ], [ -77.343541, 38.861722 ], [ -77.342461, 38.860832 ], [ -77.341708, 38.860235 ], [ -77.341107, 38.859826 ], [ -77.340719, 38.859602 ], [ -77.340074, 38.85929 ], [ -77.339715, 38.859174 ], [ -77.338227, 38.858596 ], [ -77.337472, 38.858279 ], [ -77.335587, 38.857528 ], [ -77.335022, 38.857318 ], [ -77.333242, 38.856571 ], [ -77.332491, 38.857881 ], [ -77.330221, 38.861591 ], [ -77.328813, 38.863893 ], [ -77.329346, 38.864105 ], [ -77.328788, 38.864848 ], [ -77.328554, 38.865189 ], [ -77.328366, 38.865438 ], [ -77.330393, 38.865061 ], [ -77.331424, 38.864903 ], [ -77.331558, 38.865304 ], [ -77.331565, 38.865369 ], [ -77.331527, 38.865442 ], [ -77.331521, 38.86553 ], [ -77.331586, 38.865709 ], [ -77.331601, 38.865818 ], [ -77.331786, 38.865983 ], [ -77.331928, 38.866047 ], [ -77.33199, 38.866104 ], [ -77.332094, 38.866302 ], [ -77.33225, 38.866459 ], [ -77.332308, 38.866649 ], [ -77.332366, 38.866711 ], [ -77.332433, 38.866824 ], [ -77.332541, 38.867055 ], [ -77.332617, 38.867126 ], [ -77.332651, 38.867194 ], [ -77.332739, 38.867501 ], [ -77.332727, 38.867631 ], [ -77.332799, 38.86773 ], [ -77.332881, 38.867797 ], [ -77.333012, 38.867833 ], [ -77.333125, 38.867822 ], [ -77.333285, 38.867832 ], [ -77.333661, 38.868039 ], [ -77.333924, 38.868056 ], [ -77.334011, 38.86811 ], [ -77.334117, 38.868221 ], [ -77.334137, 38.868276 ], [ -77.334182, 38.868309 ], [ -77.334306, 38.868302 ], [ -77.334399, 38.868314 ], [ -77.334512, 38.868419 ], [ -77.334661, 38.868496 ], [ -77.334751, 38.868494 ], [ -77.334709, 38.868413 ], [ -77.334712, 38.86838 ], [ -77.334765, 38.868354 ], [ -77.334802, 38.868365 ], [ -77.335058, 38.868498 ], [ -77.335134, 38.868575 ], [ -77.335129, 38.868635 ], [ -77.335301, 38.868675 ], [ -77.335448, 38.868747 ], [ -77.335464, 38.868773 ], [ -77.335435, 38.868835 ], [ -77.33525, 38.868944 ], [ -77.335174, 38.869026 ], [ -77.33519, 38.869123 ], [ -77.335291, 38.869253 ], [ -77.335295, 38.869326 ], [ -77.335259, 38.869524 ], [ -77.335268, 38.86958 ], [ -77.335226, 38.869777 ], [ -77.335243, 38.869873 ], [ -77.335333, 38.869899 ], [ -77.335406, 38.869984 ], [ -77.335459, 38.870006 ], [ -77.335489, 38.870005 ], [ -77.335522, 38.869981 ], [ -77.335569, 38.869982 ], [ -77.335609, 38.870086 ], [ -77.335599, 38.87032 ], [ -77.335564, 38.870448 ], [ -77.335546, 38.870466 ], [ -77.335397, 38.870513 ], [ -77.335384, 38.870535 ], [ -77.335403, 38.870597 ], [ -77.335468, 38.87068 ], [ -77.335469, 38.870722 ], [ -77.335348, 38.870824 ], [ -77.335392, 38.870903 ], [ -77.335385, 38.871038 ], [ -77.335438, 38.871167 ], [ -77.335438, 38.871327 ], [ -77.335517, 38.871386 ], [ -77.33554, 38.871496 ], [ -77.335608, 38.871489 ], [ -77.335662, 38.871713 ], [ -77.33655, 38.872555 ], [ -77.336713, 38.872776 ], [ -77.33678, 38.872927 ], [ -77.336839, 38.873201 ], [ -77.336915, 38.874083 ], [ -77.336957, 38.874228 ], [ -77.337019, 38.874347 ], [ -77.337086, 38.874431 ], [ -77.337157, 38.874489 ], [ -77.337278, 38.874555 ], [ -77.337384, 38.87459 ], [ -77.337842, 38.87469 ], [ -77.337843, 38.874842 ], [ -77.337815, 38.874988 ], [ -77.337876, 38.875214 ], [ -77.33786, 38.87542 ], [ -77.337783, 38.875622 ], [ -77.337774, 38.875733 ], [ -77.337822, 38.875781 ], [ -77.337923, 38.875807 ], [ -77.337968, 38.875868 ], [ -77.338036, 38.876186 ], [ -77.338065, 38.876506 ], [ -77.338151, 38.876687 ], [ -77.338309, 38.876768 ], [ -77.338405, 38.876906 ], [ -77.338494, 38.87715 ], [ -77.33845, 38.87732 ], [ -77.338464, 38.877373 ], [ -77.338577, 38.877453 ], [ -77.338595, 38.877485 ], [ -77.338551, 38.877765 ], [ -77.338492, 38.877857 ], [ -77.338505, 38.877952 ], [ -77.338487, 38.878003 ], [ -77.338492, 38.878133 ], [ -77.338465, 38.878291 ], [ -77.338412, 38.878494 ], [ -77.338301, 38.87866 ], [ -77.338265, 38.878859 ], [ -77.338232, 38.878929 ], [ -77.338097, 38.878959 ], [ -77.33806, 38.878935 ], [ -77.338027, 38.878861 ], [ -77.337985, 38.878836 ], [ -77.337933, 38.87883 ], [ -77.337742, 38.878893 ], [ -77.337676, 38.878933 ], [ -77.337611, 38.879041 ], [ -77.337506, 38.879159 ], [ -77.337489, 38.879207 ], [ -77.33752, 38.879403 ], [ -77.337517, 38.879615 ], [ -77.337472, 38.879676 ], [ -77.337353, 38.879715 ], [ -77.336998, 38.87971 ], [ -77.336833, 38.879735 ], [ -77.336635, 38.879817 ], [ -77.336544, 38.879837 ], [ -77.336344, 38.879812 ], [ -77.33627, 38.879841 ], [ -77.336153, 38.879939 ], [ -77.335955, 38.879944 ], [ -77.335501, 38.880122 ], [ -77.335364, 38.880187 ], [ -77.335121, 38.880352 ], [ -77.33496, 38.880679 ], [ -77.334805, 38.880809 ], [ -77.334782, 38.880846 ], [ -77.334747, 38.88116 ], [ -77.334674, 38.881312 ], [ -77.334677, 38.881449 ], [ -77.334591, 38.881658 ], [ -77.334605, 38.881708 ], [ -77.334578, 38.88174 ], [ -77.334483, 38.881784 ], [ -77.33435, 38.881966 ], [ -77.334324, 38.882045 ], [ -77.334176, 38.882277 ], [ -77.334121, 38.882429 ], [ -77.334068, 38.882504 ], [ -77.334078, 38.882575 ], [ -77.333963, 38.882661 ], [ -77.333859, 38.882709 ], [ -77.333747, 38.882866 ], [ -77.333598, 38.882958 ], [ -77.333473, 38.883075 ], [ -77.333438, 38.883145 ], [ -77.333159, 38.883365 ], [ -77.33314, 38.883446 ], [ -77.333151, 38.883501 ], [ -77.333233, 38.883588 ], [ -77.333329, 38.883635 ], [ -77.333352, 38.883672 ], [ -77.333347, 38.883716 ], [ -77.333296, 38.883806 ], [ -77.333037, 38.884127 ], [ -77.332981, 38.884309 ], [ -77.33294, 38.884368 ], [ -77.332891, 38.884421 ], [ -77.332804, 38.884477 ], [ -77.332743, 38.884513 ], [ -77.332616, 38.884552 ], [ -77.332547, 38.884602 ], [ -77.332449, 38.884819 ], [ -77.332474, 38.884903000000115 ], [ -77.33244, 38.88494 ], [ -77.33238, 38.884961 ], [ -77.332337, 38.885006 ], [ -77.332329, 38.885055 ], [ -77.332197, 38.885136 ], [ -77.332157, 38.885216 ], [ -77.332037, 38.885315 ], [ -77.331925, 38.885442 ], [ -77.331934, 38.885616 ], [ -77.331684, 38.885677 ], [ -77.331577, 38.885746 ], [ -77.33153, 38.885747 ], [ -77.33142, 38.88568 ], [ -77.331246, 38.885685 ], [ -77.331224, 38.885714 ], [ -77.331219, 38.885935 ], [ -77.331148, 38.88596 ], [ -77.331007, 38.885886 ], [ -77.330869, 38.885842 ], [ -77.330789, 38.885857 ], [ -77.33079, 38.885897 ], [ -77.330735, 38.885935 ], [ -77.330719, 38.886024 ], [ -77.330556, 38.886154 ], [ -77.330575, 38.886199 ], [ -77.33054, 38.886302 ], [ -77.33056, 38.886351 ], [ -77.330666, 38.886407 ], [ -77.330731, 38.886404 ], [ -77.330816, 38.88634 ], [ -77.330878, 38.886341 ], [ -77.33101, 38.886544 ], [ -77.331055, 38.88657 ], [ -77.331108, 38.886568 ], [ -77.331216, 38.886632 ], [ -77.331207, 38.886782 ], [ -77.331131, 38.886871 ], [ -77.330937, 38.886885 ], [ -77.330895, 38.886913 ], [ -77.330862, 38.887025 ], [ -77.330824, 38.88705 ], [ -77.330666, 38.887104 ], [ -77.330509, 38.887117 ], [ -77.330388, 38.887165 ], [ -77.330293, 38.887245 ], [ -77.330175, 38.887398 ], [ -77.330151, 38.887505 ], [ -77.330099, 38.88752 ], [ -77.330037, 38.887452 ], [ -77.329971, 38.887444 ], [ -77.329939, 38.88748 ], [ -77.329887, 38.887498 ], [ -77.329841, 38.887537 ], [ -77.329814, 38.887602 ], [ -77.329795, 38.887791 ], [ -77.329849, 38.887851 ], [ -77.329884, 38.887865 ], [ -77.329927, 38.887849 ], [ -77.330051, 38.88785 ], [ -77.330097, 38.887891 ], [ -77.330074, 38.887935 ], [ -77.330014, 38.887964 ], [ -77.329825, 38.887966 ], [ -77.329701, 38.888032 ], [ -77.329681, 38.8881 ], [ -77.329798, 38.888243 ], [ -77.329805, 38.888389 ], [ -77.329791, 38.888426 ], [ -77.329824, 38.888516 ], [ -77.329865, 38.888535 ], [ -77.32992, 38.888538 ], [ -77.329971, 38.888563 ], [ -77.329995, 38.888596 ], [ -77.330002, 38.888657 ], [ -77.329973, 38.888703 ], [ -77.329919, 38.888732 ], [ -77.329857, 38.888818 ], [ -77.329885, 38.888876 ], [ -77.329942, 38.888877 ], [ -77.330036, 38.888848 ], [ -77.330103, 38.888851 ], [ -77.330152, 38.888868 ], [ -77.330178, 38.888905 ], [ -77.330166, 38.888959 ], [ -77.330121, 38.888986 ], [ -77.330054, 38.889066 ], [ -77.330016, 38.889181 ], [ -77.329984, 38.889206 ], [ -77.32987, 38.889243 ], [ -77.329858, 38.889277 ], [ -77.329867, 38.889322 ], [ -77.329963, 38.88937 ], [ -77.33006, 38.889384 ], [ -77.330125, 38.889448 ], [ -77.33005, 38.889518 ], [ -77.329981, 38.889515 ], [ -77.329906, 38.889483 ], [ -77.329833, 38.889487 ], [ -77.32978, 38.889506 ], [ -77.329784, 38.889546 ], [ -77.329914, 38.889637 ], [ -77.329917, 38.889688 ], [ -77.329861, 38.889723 ], [ -77.329788, 38.889733 ], [ -77.329719, 38.889925 ], [ -77.329679, 38.889984 ], [ -77.32955, 38.890053 ], [ -77.329426, 38.89016 ], [ -77.329394, 38.890311 ], [ -77.329355, 38.890371 ], [ -77.32923, 38.890418 ], [ -77.329093, 38.8905 ], [ -77.329006, 38.8905 ], [ -77.328968, 38.890432 ], [ -77.328894, 38.890426 ], [ -77.328764, 38.890488 ], [ -77.328726, 38.890586 ], [ -77.328727, 38.890681 ], [ -77.328711, 38.890717 ], [ -77.328583, 38.890796 ], [ -77.328539, 38.890873 ], [ -77.328418, 38.890934 ], [ -77.32818, 38.890968 ], [ -77.32798, 38.891048 ], [ -77.327876, 38.891072 ], [ -77.327533, 38.891119 ], [ -77.327472, 38.891153 ], [ -77.327426, 38.891233 ], [ -77.32734, 38.891297 ], [ -77.327069, 38.891305 ], [ -77.326715, 38.891406 ], [ -77.326623, 38.891404 ], [ -77.326524, 38.8913 ], [ -77.326482, 38.891288 ], [ -77.32642, 38.891296 ], [ -77.326378, 38.89133 ], [ -77.326368, 38.891368 ], [ -77.326421, 38.891573 ], [ -77.326363, 38.891612 ], [ -77.326289, 38.891601 ], [ -77.326201, 38.891481 ], [ -77.326157, 38.891464 ], [ -77.326064, 38.891492 ], [ -77.325989, 38.891546 ], [ -77.32586, 38.891566 ], [ -77.325843, 38.891588 ], [ -77.325823, 38.891730000000109 ], [ -77.325774, 38.891803 ], [ -77.325772, 38.891845 ], [ -77.325844, 38.891901 ], [ -77.325857, 38.89194 ], [ -77.325834, 38.892038 ], [ -77.325831, 38.892181 ], [ -77.325803, 38.892207 ], [ -77.325721, 38.892223 ], [ -77.325618, 38.892219 ], [ -77.325496, 38.892164 ], [ -77.325436, 38.892156 ], [ -77.325381, 38.892166 ], [ -77.325366, 38.892274 ], [ -77.325339, 38.892315 ], [ -77.325176, 38.892434 ], [ -77.325069, 38.892467 ], [ -77.324995, 38.892507 ], [ -77.324973, 38.892616 ], [ -77.324945, 38.892642 ], [ -77.324838, 38.892664 ], [ -77.32476, 38.8927 ], [ -77.324723, 38.892781 ], [ -77.324647, 38.89287 ], [ -77.324596, 38.892962 ], [ -77.324501, 38.893014 ], [ -77.324421, 38.893093 ], [ -77.324291, 38.893104 ], [ -77.32415, 38.893244 ], [ -77.323994, 38.893277 ], [ -77.323943, 38.893303 ], [ -77.323857, 38.893386 ], [ -77.323819, 38.893481 ], [ -77.323697, 38.893568 ], [ -77.323655, 38.893583 ], [ -77.323593, 38.893636 ], [ -77.323321, 38.893702 ], [ -77.323295, 38.893718 ], [ -77.323276, 38.893786 ], [ -77.323239, 38.893823 ], [ -77.323015, 38.893944 ], [ -77.322727, 38.894156 ], [ -77.322464, 38.894284 ], [ -77.322265, 38.894476 ], [ -77.322135, 38.89455 ], [ -77.32204, 38.89469 ], [ -77.321968, 38.894753 ], [ -77.321921, 38.894775 ], [ -77.321728, 38.894815 ], [ -77.321557, 38.894915 ], [ -77.321368, 38.894983 ], [ -77.321151, 38.895122 ], [ -77.320982, 38.895196 ], [ -77.320816, 38.895297 ], [ -77.320393, 38.895515 ], [ -77.320178, 38.895657 ], [ -77.320119, 38.895736 ], [ -77.320085, 38.895826 ], [ -77.320056, 38.896002 ], [ -77.31998, 38.896138 ], [ -77.319995, 38.896445 ], [ -77.319922, 38.896593 ], [ -77.319924, 38.896639 ], [ -77.319961, 38.896758 ], [ -77.320064, 38.896773 ], [ -77.320156, 38.896767 ], [ -77.320225, 38.896732 ], [ -77.320283, 38.896726 ], [ -77.320403, 38.89668 ], [ -77.320562, 38.89667 ], [ -77.320612, 38.896685 ], [ -77.320614, 38.896777 ], [ -77.320495, 38.897122 ], [ -77.320369, 38.897262 ], [ -77.320357, 38.897303 ], [ -77.320383, 38.897366 ], [ -77.320574, 38.897488 ], [ -77.320567, 38.897704 ], [ -77.320425, 38.897871 ], [ -77.320394, 38.897867 ], [ -77.320227, 38.897737 ], [ -77.32015, 38.897725 ], [ -77.320146, 38.897771 ], [ -77.320114, 38.897801 ], [ -77.319965, 38.897869 ], [ -77.319928, 38.897935 ], [ -77.319967, 38.897985 ], [ -77.319981, 38.898062 ], [ -77.319905, 38.898222 ], [ -77.319666, 38.898426 ], [ -77.31958, 38.898533 ], [ -77.319574, 38.898565 ], [ -77.319662, 38.89868 ], [ -77.319666, 38.898723 ], [ -77.319552, 38.898851 ], [ -77.31955, 38.898898 ], [ -77.319521, 38.898944 ], [ -77.319473, 38.898985 ], [ -77.319405, 38.899012 ], [ -77.319205, 38.899056 ], [ -77.319011, 38.89917 ], [ -77.318917, 38.899177 ], [ -77.318843, 38.899161 ], [ -77.318732, 38.899162 ], [ -77.318709, 38.899188 ], [ -77.318706, 38.89923 ], [ -77.31872, 38.899364 ], [ -77.318646, 38.89947 ], [ -77.318631, 38.899534 ], [ -77.31866, 38.899562 ], [ -77.318706, 38.899572 ], [ -77.318711, 38.899603 ], [ -77.318675, 38.89964 ], [ -77.318491, 38.899727 ], [ -77.318407, 38.899735 ], [ -77.318328, 38.89982 ], [ -77.318257, 38.899859 ], [ -77.318231, 38.899923 ], [ -77.318253, 38.90001 ], [ -77.318229, 38.900036 ], [ -77.318118, 38.900057 ], [ -77.318009, 38.89997 ], [ -77.317964, 38.899965 ], [ -77.317916, 38.899987 ], [ -77.317822, 38.900087 ], [ -77.317825, 38.900147 ], [ -77.317859, 38.90021 ], [ -77.31786, 38.900249 ], [ -77.317834, 38.900269 ], [ -77.31769, 38.900295 ], [ -77.317632, 38.900356 ], [ -77.317598, 38.900365 ], [ -77.317417, 38.900323 ], [ -77.317375, 38.900358 ], [ -77.317371, 38.900605 ], [ -77.317355, 38.900632 ], [ -77.317277, 38.900667 ], [ -77.317208, 38.900678 ], [ -77.317193, 38.901069 ], [ -77.317113, 38.901252 ], [ -77.31712, 38.90158 ], [ -77.317096, 38.90172 ], [ -77.317003, 38.901846 ], [ -77.316896, 38.901925 ], [ -77.316662, 38.901968 ], [ -77.316574, 38.902009 ], [ -77.316544, 38.902039 ], [ -77.316531, 38.902104 ], [ -77.316575, 38.902242 ], [ -77.31658, 38.902366 ], [ -77.316575, 38.902434 ], [ -77.316495, 38.90255 ], [ -77.31648, 38.902613 ], [ -77.316506, 38.90289 ], [ -77.316543, 38.903009 ], [ -77.316706, 38.903122 ], [ -77.316795, 38.903156 ], [ -77.31688, 38.90317 ], [ -77.317006, 38.903166 ], [ -77.317345, 38.903103 ], [ -77.317431, 38.903108 ], [ -77.317533, 38.903136 ], [ -77.317655, 38.903204 ], [ -77.317715, 38.903206 ], [ -77.317832, 38.903154 ], [ -77.317934, 38.903169 ], [ -77.318318, 38.903316 ], [ -77.318492, 38.903316 ], [ -77.318749, 38.903352 ], [ -77.318815, 38.903372 ], [ -77.318853, 38.9034 ], [ -77.318887, 38.903446 ], [ -77.318919, 38.90355 ], [ -77.319414, 38.903435 ], [ -77.319861, 38.903387 ], [ -77.320285, 38.903393 ], [ -77.320734, 38.903436 ], [ -77.321687, 38.903619 ], [ -77.321956, 38.903684 ], [ -77.323254, 38.903918 ], [ -77.323425, 38.903929 ], [ -77.324462, 38.903907 ], [ -77.327231, 38.903964 ], [ -77.328183, 38.903989 ], [ -77.328617, 38.90403 ], [ -77.328718, 38.904054 ], [ -77.328882, 38.903935 ], [ -77.329586, 38.903214 ], [ -77.329676, 38.903046 ], [ -77.329691, 38.90289 ], [ -77.329678, 38.90279 ], [ -77.329497, 38.902171 ], [ -77.329496, 38.902072 ], [ -77.329543, 38.901958 ], [ -77.329594, 38.901901 ], [ -77.329737, 38.901818 ], [ -77.33018, 38.901663 ], [ -77.330332, 38.901617 ], [ -77.331584, 38.901248 ], [ -77.332633, 38.9009 ], [ -77.333037, 38.900723 ], [ -77.333545, 38.900452 ], [ -77.334298, 38.900064 ], [ -77.334578, 38.89995 ], [ -77.334908, 38.89976 ], [ -77.335616, 38.899344 ], [ -77.336288, 38.898981 ], [ -77.337499, 38.898315 ], [ -77.339052, 38.897435 ], [ -77.337589, 38.89599 ], [ -77.337487, 38.895873 ], [ -77.33745, 38.8958 ], [ -77.337434, 38.895709 ], [ -77.337443, 38.89564 ], [ -77.337532, 38.895515 ], [ -77.337602, 38.89546 ], [ -77.338728, 38.894854 ], [ -77.339552, 38.894376 ], [ -77.339769, 38.894286 ], [ -77.340896, 38.894108 ], [ -77.341586, 38.893978 ], [ -77.342559, 38.893738 ], [ -77.343389, 38.893507 ], [ -77.343663, 38.89342 ], [ -77.344016, 38.893281 ], [ -77.344508, 38.89303 ], [ -77.344851, 38.892818 ], [ -77.346098, 38.891962 ], [ -77.346702, 38.891564 ], [ -77.347466, 38.89109 ], [ -77.347593, 38.891024 ], [ -77.347799, 38.89096 ], [ -77.348192, 38.890943 ], [ -77.348842, 38.891883 ], [ -77.349999, 38.893458 ], [ -77.350544, 38.894171 ], [ -77.350968, 38.894783 ], [ -77.352141, 38.896396 ], [ -77.352247, 38.896605 ], [ -77.352459, 38.896926 ], [ -77.352806, 38.897356 ], [ -77.352999, 38.897623 ], [ -77.353026, 38.89766 ], [ -77.354599, 38.899852 ], [ -77.356173, 38.902008 ], [ -77.356461, 38.902401 ], [ -77.357343, 38.903601 ], [ -77.357476, 38.903746 ], [ -77.360738, 38.9024 ], [ -77.361925, 38.901934 ], [ -77.363131, 38.901417 ], [ -77.363428, 38.901305 ], [ -77.365213, 38.90077 ], [ -77.365915, 38.900544 ], [ -77.36641, 38.900375 ], [ -77.367738, 38.899996 ], [ -77.368896, 38.899716 ], [ -77.369348, 38.899628 ], [ -77.369654, 38.899598 ], [ -77.369927, 38.899538 ], [ -77.370116, 38.899473 ], [ -77.370492, 38.899313 ], [ -77.37061, 38.899246 ], [ -77.371132, 38.898849 ], [ -77.371505, 38.898636 ], [ -77.371685, 38.898497 ], [ -77.371918, 38.898379 ], [ -77.372275, 38.898212 ], [ -77.37335, 38.897765 ], [ -77.373502, 38.897701 ], [ -77.374046, 38.897466 ], [ -77.374523, 38.89721 ], [ -77.375082, 38.896867 ], [ -77.375292, 38.896701 ], [ -77.375465, 38.896594 ], [ -77.375895, 38.896389 ], [ -77.376258, 38.896255 ], [ -77.376638, 38.896151 ], [ -77.376856, 38.896109 ], [ -77.376958, 38.896108 ], [ -77.377151, 38.896136 ], [ -77.377404, 38.896197 ], [ -77.377965, 38.896362 ], [ -77.378115, 38.896392 ], [ -77.378272, 38.896407 ], [ -77.378834, 38.896389 ], [ -77.379088, 38.896334 ], [ -77.380089, 38.89587 ], [ -77.380335, 38.895802 ], [ -77.380343, 38.89585 ], [ -77.380417, 38.896079 ], [ -77.381129, 38.897844 ], [ -77.381176, 38.898055 ], [ -77.381194, 38.898317 ], [ -77.381185, 38.898587 ], [ -77.38112, 38.899389 ], [ -77.381158, 38.899862 ], [ -77.381244, 38.900192 ], [ -77.381295, 38.900334 ], [ -77.381478, 38.900705 ], [ -77.381758, 38.901164 ], [ -77.381899, 38.901435 ], [ -77.381973, 38.901714 ], [ -77.382084, 38.902407 ], [ -77.38213, 38.902779 ], [ -77.382196, 38.903048 ], [ -77.382311, 38.903326 ], [ -77.382585, 38.903895 ], [ -77.382642, 38.904085 ], [ -77.382735, 38.904515 ], [ -77.382749, 38.904755 ], [ -77.38269, 38.90515 ], [ -77.382553, 38.905546 ], [ -77.382448, 38.905725 ], [ -77.382073, 38.90625 ], [ -77.381387, 38.907029 ], [ -77.381221, 38.907237 ], [ -77.381143, 38.907367 ], [ -77.380991, 38.907723 ], [ -77.380743, 38.909176 ], [ -77.380665, 38.909524 ], [ -77.38055, 38.909831 ], [ -77.380358, 38.909764 ], [ -77.377842, 38.909237 ], [ -77.377381, 38.909182 ], [ -77.377038, 38.909167 ], [ -77.375909, 38.909198 ], [ -77.375303, 38.909151 ], [ -77.374705, 38.909043 ], [ -77.373218, 38.908711 ], [ -77.372964, 38.908637 ], [ -77.372738, 38.908548 ], [ -77.372438, 38.908392 ], [ -77.371002, 38.907508 ], [ -77.370828, 38.907414 ], [ -77.370642, 38.90733 ], [ -77.370478, 38.907276 ], [ -77.370153, 38.90721 ], [ -77.369853, 38.907191 ], [ -77.369494, 38.90722 ], [ -77.369294, 38.907258 ], [ -77.368084, 38.907516 ], [ -77.367534, 38.907671 ], [ -77.365078, 38.9087 ], [ -77.364855, 38.908772 ], [ -77.364627, 38.908825 ], [ -77.364159, 38.90891 ], [ -77.363784, 38.909023 ], [ -77.361757, 38.90988 ], [ -77.362472, 38.910914 ], [ -77.363181, 38.911982 ], [ -77.364026, 38.913164 ], [ -77.364159, 38.913389000000123 ], [ -77.364876, 38.91441 ], [ -77.36563, 38.915462 ], [ -77.36574, 38.915573 ], [ -77.367066, 38.917519 ], [ -77.36939, 38.920782 ], [ -77.370373, 38.922207 ], [ -77.37196, 38.924354 ], [ -77.37198, 38.924448 ], [ -77.371962, 38.924491 ], [ -77.372319, 38.924614 ], [ -77.372795, 38.924875 ], [ -77.373014, 38.924931 ], [ -77.373364, 38.924954 ], [ -77.373555, 38.924955 ], [ -77.37341, 38.925663 ], [ -77.373322, 38.925881 ], [ -77.373047, 38.926384 ], [ -77.372574, 38.927048 ], [ -77.372813, 38.927138 ], [ -77.373272, 38.927342 ], [ -77.373641, 38.927536 ], [ -77.374068, 38.927822 ], [ -77.374432, 38.928106 ], [ -77.374951, 38.928547 ], [ -77.375049, 38.928656 ], [ -77.375549, 38.929364 ], [ -77.376983, 38.931265 ], [ -77.377655, 38.932231 ], [ -77.378256, 38.933104 ], [ -77.378559, 38.933525 ], [ -77.378982, 38.934036 ], [ -77.379706, 38.934869 ], [ -77.38001, 38.935165 ], [ -77.380213, 38.935395 ], [ -77.380928, 38.936233 ], [ -77.381654, 38.937122 ], [ -77.381996, 38.937506 ], [ -77.382187, 38.937717 ], [ -77.383112, 38.938848 ], [ -77.383437, 38.939241 ], [ -77.38372, 38.939513 ], [ -77.383864, 38.939626 ], [ -77.384208, 38.939819 ], [ -77.384405, 38.939937 ], [ -77.386307, 38.941014 ], [ -77.386666, 38.941226 ], [ -77.38759, 38.941802 ], [ -77.38785, 38.941927 ], [ -77.388364, 38.94223 ], [ -77.388531, 38.942313 ], [ -77.389777, 38.943072 ], [ -77.390024, 38.943265 ], [ -77.390562, 38.943594 ], [ -77.390736, 38.943685 ], [ -77.391208, 38.943916 ], [ -77.391725, 38.944256 ], [ -77.393191, 38.945149 ], [ -77.393259, 38.945231 ], [ -77.393069, 38.945749 ], [ -77.391934, 38.9481 ], [ -77.391811, 38.948298 ], [ -77.391793, 38.948507 ], [ -77.391664, 38.948745 ], [ -77.390436, 38.950337 ], [ -77.389642, 38.951283 ], [ -77.389302, 38.952014 ], [ -77.38894, 38.952972 ], [ -77.38888, 38.953166 ], [ -77.388809, 38.953398 ], [ -77.388783, 38.953484 ], [ -77.388753, 38.953581 ], [ -77.388723, 38.95368 ], [ -77.388678, 38.95382 ], [ -77.388443, 38.953784 ], [ -77.386723, 38.953527 ], [ -77.385651, 38.9534 ], [ -77.384378, 38.953302 ], [ -77.383679, 38.953269 ], [ -77.382399, 38.953251 ], [ -77.381116, 38.953287 ], [ -77.377392, 38.953513 ], [ -77.374705, 38.953676 ], [ -77.373747, 38.953759 ], [ -77.373027, 38.954775 ], [ -77.3725, 38.95547 ], [ -77.37121, 38.957278 ], [ -77.371128, 38.957392 ], [ -77.370089, 38.958832 ], [ -77.369914, 38.959058 ], [ -77.368274, 38.961482 ], [ -77.367047, 38.96337 ], [ -77.365161, 38.966142 ], [ -77.365072, 38.966268 ], [ -77.364559, 38.967019 ], [ -77.362905, 38.969596 ], [ -77.362465, 38.970222 ], [ -77.362204, 38.97066 ], [ -77.362068, 38.970928 ], [ -77.361981, 38.97119 ], [ -77.361958, 38.97141 ], [ -77.361973, 38.972053 ], [ -77.362272, 38.974908 ], [ -77.362277, 38.974933 ], [ -77.36234, 38.97644 ], [ -77.362464, 38.976864 ], [ -77.362488, 38.977124 ], [ -77.362498, 38.977231 ], [ -77.362605, 38.978061 ], [ -77.362636, 38.978527 ], [ -77.36259, 38.97879 ], [ -77.362536, 38.978925 ], [ -77.362299, 38.979375 ], [ -77.362139, 38.979622 ], [ -77.36181, 38.980207 ], [ -77.361592, 38.980688 ], [ -77.361523, 38.980774 ], [ -77.360747, 38.982195 ], [ -77.360333, 38.983406 ], [ -77.359939, 38.98465 ], [ -77.359694, 38.985348 ], [ -77.359454, 38.986047 ], [ -77.359977, 38.987432 ], [ -77.360124, 38.987707 ], [ -77.359971, 38.987626 ], [ -77.359871, 38.987625 ], [ -77.359732, 38.987584 ], [ -77.359569, 38.987513 ], [ -77.359418, 38.987389 ], [ -77.359504, 38.987582 ], [ -77.359588, 38.987951 ], [ -77.359588, 38.988212 ], [ -77.359513, 38.988479 ], [ -77.358974, 38.989361 ], [ -77.358887, 38.989578 ], [ -77.357975, 38.991133 ], [ -77.357912, 38.991241 ], [ -77.357616, 38.991697 ], [ -77.357451, 38.991943 ], [ -77.357268, 38.992166 ], [ -77.357243, 38.992197 ], [ -77.356992, 38.992729 ], [ -77.356896, 38.992977 ], [ -77.356772, 38.993473 ], [ -77.356627, 38.993823 ], [ -77.356526, 38.993992 ], [ -77.35633, 38.994249 ], [ -77.355668, 38.995029 ], [ -77.355487, 38.995182 ], [ -77.355373, 38.995244 ], [ -77.355145, 38.995322 ], [ -77.354881, 38.995349 ], [ -77.354696, 38.995334 ], [ -77.354458, 38.995277 ], [ -77.353871, 38.99503 ], [ -77.353685, 38.994987 ], [ -77.352842, 38.994977 ], [ -77.352695, 38.994988 ], [ -77.352529, 38.995029 ], [ -77.351563, 38.995424 ], [ -77.351455, 38.99552 ], [ -77.351416, 38.995647 ], [ -77.35142, 38.99596 ], [ -77.351454, 38.9964 ], [ -77.351541, 38.99747 ], [ -77.351632, 38.998661 ], [ -77.351732, 39.000687 ], [ -77.351775, 39.000829 ], [ -77.351863, 39.000955 ], [ -77.352074, 39.001096 ], [ -77.352507, 39.001324 ], [ -77.352748, 39.001424 ], [ -77.353481, 39.00165 ], [ -77.353316, 39.001704 ], [ -77.353023, 39.001746 ], [ -77.351902, 39.001846 ], [ -77.35147, 39.001923 ], [ -77.351247, 39.002001 ], [ -77.351058, 39.002082 ], [ -77.350731, 39.002271 ], [ -77.350453, 39.002513 ], [ -77.35013, 39.002854 ], [ -77.349978, 39.003002 ], [ -77.355243, 39.005909 ], [ -77.357834, 39.007393 ], [ -77.359294, 39.008228 ], [ -77.363757, 39.010694 ], [ -77.363889, 39.010761 ], [ -77.364004, 39.010853 ], [ -77.367748, 39.012819 ], [ -77.368567, 39.01318 ], [ -77.368658, 39.013224 ], [ -77.370785, 39.014312 ], [ -77.371103, 39.01448 ], [ -77.37041, 39.015177 ], [ -77.366058, 39.019579 ], [ -77.365365, 39.020279 ], [ -77.362656, 39.023023 ], [ -77.362502, 39.023177 ], [ -77.358725, 39.026992 ], [ -77.357521, 39.02822 ], [ -77.353351, 39.032401 ], [ -77.3517, 39.034065 ], [ -77.351537, 39.034214 ], [ -77.350479, 39.035301 ], [ -77.348959, 39.036815 ], [ -77.347771, 39.038016 ], [ -77.347452, 39.038359 ], [ -77.345669, 39.040142 ], [ -77.34062, 39.045263 ], [ -77.337245, 39.048672 ], [ -77.33564, 39.050292 ], [ -77.335491, 39.050444 ], [ -77.334249, 39.051695 ], [ -77.328318, 39.057678 ], [ -77.328041, 39.057477 ], [ -77.32788, 39.057417 ], [ -77.327728, 39.057423 ], [ -77.327617, 39.057472 ], [ -77.327556, 39.057527 ], [ -77.327475, 39.057531 ], [ -77.326821, 39.057352 ], [ -77.326632, 39.057227 ], [ -77.326412, 39.057147 ], [ -77.326315, 39.057034 ], [ -77.326183, 39.056972 ], [ -77.326143, 39.056917 ], [ -77.325806, 39.056735 ], [ -77.325678, 39.056686 ], [ -77.32545, 39.056515 ], [ -77.32535, 39.056415 ], [ -77.325142, 39.056286 ], [ -77.325014, 39.056165 ], [ -77.324822, 39.056036 ], [ -77.324536, 39.055874 ], [ -77.324346, 39.055801 ], [ -77.32425, 39.05573 ], [ -77.324224, 39.055741 ], [ -77.324048, 39.055639 ], [ -77.323903, 39.055584 ], [ -77.32365, 39.055532 ], [ -77.32347, 39.055507 ], [ -77.32339, 39.05551 ], [ -77.323237, 39.055452 ], [ -77.323014, 39.055446 ], [ -77.322797, 39.055368 ], [ -77.322619, 39.055266 ], [ -77.322506, 39.055156 ], [ -77.322416, 39.055131 ], [ -77.322311, 39.055034 ], [ -77.32216, 39.054941 ], [ -77.322087, 39.054858 ], [ -77.321893, 39.054758 ], [ -77.32177, 39.054673 ], [ -77.321744, 39.054594 ], [ -77.321356, 39.054404 ], [ -77.321083, 39.054139 ], [ -77.320817, 39.053949 ], [ -77.320734, 39.053916 ], [ -77.320664, 39.053852 ], [ -77.320477, 39.053741 ], [ -77.320382, 39.053662 ], [ -77.320291, 39.053632 ], [ -77.320171, 39.053558 ], [ -77.319962, 39.053487 ], [ -77.31973, 39.053384 ], [ -77.319533, 39.053336 ], [ -77.319103, 39.053342 ], [ -77.318912, 39.05339 ], [ -77.318695, 39.053532 ], [ -77.318586, 39.053574 ], [ -77.318527, 39.053589 ], [ -77.318303, 39.053583 ], [ -77.317965, 39.053444 ], [ -77.317905, 39.053397 ], [ -77.31783, 39.053381 ], [ -77.317663, 39.053235 ], [ -77.317593, 39.053137 ], [ -77.317423, 39.052961 ], [ -77.317418, 39.05293 ], [ -77.317153, 39.052779 ], [ -77.316945, 39.05269 ], [ -77.316755, 39.052641 ], [ -77.316694, 39.052642 ], [ -77.316536, 39.052566 ], [ -77.316194, 39.052512 ], [ -77.315643, 39.052306 ], [ -77.315599, 39.052307 ], [ -77.315174, 39.052185 ], [ -77.314999, 39.052175 ], [ -77.314935, 39.052129 ], [ -77.314891, 39.052125 ], [ -77.314843, 39.052143 ], [ -77.314845, 39.052192 ], [ -77.314733, 39.052183 ], [ -77.314547, 39.052122 ], [ -77.314386, 39.05212 ], [ -77.313804, 39.051955 ], [ -77.313607, 39.051933 ], [ -77.31336, 39.051867 ], [ -77.312931, 39.051798 ], [ -77.312809, 39.051756 ], [ -77.312681, 39.051776 ], [ -77.312405, 39.051771 ], [ -77.312366, 39.05176 ], [ -77.312279, 39.051781 ], [ -77.312173, 39.051768 ], [ -77.312137, 39.051778 ], [ -77.311948, 39.051772 ], [ -77.311892, 39.051788 ], [ -77.311693, 39.0518 ], [ -77.311157, 39.051813 ], [ -77.310891, 39.051862 ], [ -77.310608, 39.051882 ], [ -77.309804, 39.052077 ], [ -77.30905, 39.052191 ], [ -77.308861, 39.052245 ], [ -77.308505, 39.052235 ], [ -77.308259, 39.0522 ], [ -77.307844, 39.052202 ], [ -77.307702, 39.052167 ], [ -77.306969, 39.052086 ], [ -77.306755, 39.052015 ], [ -77.306659, 39.052016 ], [ -77.306158, 39.05188 ], [ -77.306103, 39.051879 ], [ -77.306014, 39.051842 ], [ -77.305909, 39.051827 ], [ -77.305669, 39.051751 ], [ -77.305127, 39.051524 ], [ -77.304898, 39.051452 ], [ -77.304762, 39.051392 ], [ -77.304662, 39.05137 ], [ -77.304548, 39.051283 ], [ -77.304411, 39.051212 ], [ -77.304337, 39.051193 ], [ -77.303869, 39.050934 ], [ -77.303423, 39.050726 ], [ -77.303129, 39.050546 ], [ -77.302407, 39.050148 ], [ -77.302083, 39.050017 ], [ -77.301795, 39.049942 ], [ -77.301709, 39.049893 ], [ -77.301656, 39.049809 ], [ -77.3015, 39.049724 ], [ -77.301119, 39.049537 ], [ -77.300667, 39.04937 ], [ -77.300374, 39.049184 ], [ -77.30006, 39.049065 ], [ -77.299843, 39.048944 ], [ -77.299772, 39.048916 ], [ -77.299428, 39.048902 ], [ -77.299247, 39.048839 ], [ -77.299055, 39.048749 ], [ -77.298953, 39.048749 ], [ -77.298898, 39.048715 ], [ -77.298662, 39.04863 ], [ -77.298643, 39.048591 ], [ -77.29871, 39.048513 ], [ -77.298798, 39.048486 ], [ -77.298871, 39.048423 ], [ -77.298839, 39.04839 ], [ -77.298731, 39.048456 ], [ -77.298558, 39.048477 ], [ -77.298375, 39.048418 ], [ -77.29799, 39.04826 ], [ -77.297497, 39.048117 ], [ -77.297337, 39.048058 ], [ -77.297287, 39.048019 ], [ -77.297216, 39.048031 ], [ -77.296434, 39.047777 ], [ -77.296287, 39.04771 ], [ -77.295888, 39.047597 ], [ -77.295517, 39.047466 ], [ -77.295366, 39.047442 ], [ -77.295274, 39.047406 ], [ -77.295219, 39.047421 ], [ -77.29518, 39.047416 ], [ -77.295141, 39.047381 ], [ -77.294076, 39.046946 ], [ -77.293698, 39.046752 ], [ -77.293066, 39.046469 ], [ -77.292989, 39.046404 ], [ -77.292769, 39.046283 ], [ -77.292558, 39.046187 ], [ -77.292117, 39.045938 ], [ -77.291909, 39.045849 ], [ -77.291602, 39.045643 ], [ -77.290388, 39.04494 ], [ -77.290173, 39.044791 ], [ -77.289859, 39.044481 ], [ -77.289739, 39.044388 ], [ -77.289592, 39.044311 ], [ -77.289454, 39.044174 ], [ -77.28933, 39.044096 ], [ -77.289154, 39.044074 ], [ -77.289108, 39.044041 ], [ -77.289028, 39.043926 ], [ -77.28887, 39.043862 ], [ -77.288764, 39.043733 ], [ -77.288516, 39.043533 ], [ -77.288418, 39.043473 ], [ -77.288225, 39.043304 ], [ -77.288169, 39.043275 ], [ -77.288125, 39.043274 ], [ -77.287898, 39.043104 ], [ -77.287752, 39.042948 ], [ -77.287715, 39.042931 ], [ -77.287664, 39.042811 ], [ -77.287584, 39.042736 ], [ -77.28753, 39.042636 ], [ -77.287342, 39.042487 ], [ -77.287186, 39.042317 ], [ -77.286889, 39.042118 ], [ -77.28678, 39.042108 ], [ -77.286713, 39.042074 ], [ -77.286595, 39.041931 ], [ -77.286574, 39.041828 ], [ -77.286541, 39.041776 ], [ -77.286283, 39.041569 ], [ -77.286073, 39.041348 ], [ -77.2855, 39.040963 ], [ -77.285415, 39.040915 ], [ -77.285337, 39.040898 ], [ -77.285223, 39.040833 ], [ -77.285127, 39.040738 ], [ -77.284844, 39.040566 ], [ -77.28455, 39.040423 ], [ -77.284418, 39.040316 ], [ -77.284165, 39.040184 ], [ -77.283995, 39.040044 ], [ -77.283752, 39.039909 ], [ -77.283602, 39.039786 ], [ -77.283296, 39.039612 ], [ -77.283246, 39.039563 ], [ -77.283005, 39.039447 ], [ -77.282846, 39.039404 ], [ -77.282661, 39.03932 ], [ -77.282611, 39.039303 ], [ -77.2825, 39.03922 ], [ -77.282404, 39.039178 ], [ -77.282187, 39.039168 ], [ -77.282137, 39.039151 ], [ -77.281947, 39.039001 ], [ -77.281922, 39.038959 ], [ -77.281838, 39.038916 ], [ -77.281743, 39.038807 ], [ -77.281657, 39.038742 ], [ -77.281594, 39.03865 ], [ -77.281403, 39.038495 ], [ -77.281126, 39.038323 ], [ -77.281004, 39.038274 ], [ -77.28087, 39.038193 ], [ -77.280664, 39.038045 ], [ -77.280505, 39.037955 ], [ -77.280288, 39.037785 ], [ -77.279625, 39.037363 ], [ -77.279539, 39.037286 ], [ -77.279304, 39.037145 ], [ -77.279215, 39.037115 ], [ -77.279057, 39.036897 ], [ -77.278743, 39.036706 ], [ -77.278517, 39.036511 ], [ -77.278211, 39.036298 ], [ -77.278093, 39.036172 ], [ -77.277756, 39.035909 ], [ -77.277637, 39.035833 ], [ -77.277474, 39.035756 ], [ -77.276954, 39.035385 ], [ -77.276708, 39.035275 ], [ -77.276525, 39.0351 ], [ -77.276303, 39.034983 ], [ -77.276152, 39.034884 ], [ -77.275955, 39.034795 ], [ -77.275402, 39.034486 ], [ -77.2753, 39.034448 ], [ -77.275086, 39.034308 ], [ -77.274494, 39.034098 ], [ -77.274199, 39.033955 ], [ -77.27385, 39.033858 ], [ -77.273497, 39.033807 ], [ -77.273388, 39.03381 ], [ -77.273191, 39.033872 ], [ -77.272908, 39.033803 ], [ -77.272832, 39.033754 ], [ -77.272607, 39.033663 ], [ -77.272123, 39.033506 ], [ -77.27206, 39.03349 ], [ -77.271971, 39.033493 ], [ -77.271781, 39.033388 ], [ -77.271646, 39.033365 ], [ -77.271537, 39.033302 ], [ -77.271131, 39.033168 ], [ -77.271046, 39.033155 ], [ -77.270607, 39.032986 ], [ -77.270512, 39.032967 ], [ -77.270471, 39.032943 ], [ -77.270411, 39.032937 ], [ -77.270343, 39.03295 ], [ -77.269973, 39.032797 ], [ -77.269619, 39.032728 ], [ -77.269366, 39.032612 ], [ -77.269273, 39.032596 ], [ -77.269071, 39.032528 ], [ -77.268956, 39.032461 ], [ -77.268569, 39.032349 ], [ -77.268466, 39.032338 ], [ -77.267995, 39.032209 ], [ -77.267576, 39.032161 ], [ -77.267161, 39.03215 ], [ -77.266418, 39.03205 ], [ -77.266368, 39.03204 ], [ -77.266308, 39.032003 ], [ -77.266233, 39.031989 ], [ -77.266187, 39.032 ], [ -77.265624, 39.031852 ], [ -77.264834, 39.031789 ], [ -77.264442, 39.031778 ], [ -77.264301, 39.031736 ], [ -77.264137, 39.03172 ], [ -77.263878, 39.031644 ], [ -77.263663, 39.031627 ], [ -77.263448, 39.031559 ], [ -77.263219, 39.031526 ], [ -77.263091, 39.031485 ], [ -77.262786, 39.031465 ], [ -77.262697, 39.031429 ], [ -77.262655, 39.031452 ], [ -77.26261, 39.031454 ], [ -77.262561, 39.031408 ], [ -77.262467, 39.031389 ], [ -77.262131, 39.031388 ], [ -77.26197, 39.031374 ], [ -77.261683, 39.031329 ], [ -77.261572, 39.031279 ], [ -77.261432, 39.031254 ], [ -77.260848, 39.031215 ], [ -77.260567, 39.031132 ], [ -77.260436, 39.031137 ], [ -77.260337, 39.031189 ], [ -77.260235, 39.031182 ], [ -77.259527, 39.03096 ], [ -77.259471, 39.030876 ], [ -77.259502, 39.030785 ], [ -77.259545, 39.03076 ], [ -77.259594, 39.030762 ], [ -77.259835, 39.030858 ], [ -77.259874, 39.030862 ], [ -77.259941, 39.030902 ], [ -77.259982, 39.030956 ], [ -77.260045, 39.030979 ], [ -77.260387, 39.03097 ], [ -77.260764, 39.031061 ], [ -77.260822, 39.031029 ], [ -77.260831, 39.030999 ], [ -77.260444, 39.030879 ], [ -77.260216, 39.030851 ], [ -77.260043, 39.030847 ], [ -77.259949, 39.030824 ], [ -77.259848, 39.030782 ], [ -77.259629, 39.030734 ], [ -77.259332, 39.030639 ], [ -77.259049, 39.030507 ], [ -77.258747, 39.030425 ], [ -77.258493, 39.030393 ], [ -77.258361, 39.030362 ], [ -77.258261, 39.030318 ], [ -77.25809, 39.030311 ], [ -77.257929, 39.030271 ], [ -77.257721, 39.03025 ], [ -77.257549, 39.030208 ], [ -77.257354, 39.030202 ], [ -77.257187, 39.030163 ], [ -77.257087, 39.030119 ], [ -77.256546, 39.030043 ], [ -77.256364, 39.030039 ], [ -77.256244, 39.030109 ], [ -77.256153, 39.030124 ], [ -77.255865, 39.030011 ], [ -77.255697, 39.029966 ], [ -77.255569, 39.029961 ], [ -77.255508, 39.02993 ], [ -77.255064, 39.029787 ], [ -77.254746, 39.029733 ], [ -77.254632, 39.02969 ], [ -77.254378, 39.029567 ], [ -77.253949, 39.029315 ], [ -77.253806, 39.029246 ], [ -77.253602, 39.029125 ], [ -77.253504, 39.029045 ], [ -77.253312, 39.029012 ], [ -77.252989, 39.028741 ], [ -77.252762, 39.028601 ], [ -77.252419, 39.028441 ], [ -77.252183, 39.028307 ], [ -77.251902, 39.02819 ], [ -77.251748, 39.028153 ], [ -77.25168, 39.028113 ], [ -77.251367, 39.027887 ], [ -77.251093, 39.027718 ], [ -77.250791, 39.027459 ], [ -77.250692, 39.027421 ], [ -77.250585, 39.027418 ], [ -77.250546, 39.027403 ], [ -77.250502, 39.027355 ], [ -77.250509, 39.027226 ], [ -77.25049, 39.027196 ], [ -77.250371, 39.027122 ], [ -77.250107, 39.02699 ], [ -77.249708, 39.026879 ], [ -77.249665, 39.026924 ], [ -77.249544, 39.026949 ], [ -77.249447, 39.026928 ], [ -77.24933, 39.026881 ], [ -77.249166, 39.02685 ], [ -77.249091, 39.026875 ], [ -77.249001, 39.026812 ], [ -77.248932, 39.026786 ], [ -77.248354, 39.026517 ], [ -77.248205, 39.026385 ], [ -77.247793, 39.026129 ], [ -77.247698, 39.026038 ], [ -77.2472, 39.025585 ], [ -77.246928, 39.025296 ], [ -77.246568, 39.02496 ], [ -77.246453, 39.024792 ], [ -77.246383, 39.024752 ], [ -77.246317, 39.024681 ], [ -77.246209, 39.024308 ], [ -77.246138, 39.024176 ], [ -77.246113, 39.024042 ], [ -77.245926, 39.023765 ], [ -77.245908, 39.023697 ], [ -77.245855, 39.023637 ], [ -77.245808, 39.023618 ], [ -77.245766, 39.023529 ], [ -77.245715, 39.023529 ], [ -77.24571, 39.023425 ], [ -77.245665, 39.023358 ], [ -77.245659, 39.023297 ], [ -77.245534, 39.023071 ], [ -77.245454, 39.023002 ], [ -77.245454, 39.022957 ], [ -77.245281, 39.022579 ], [ -77.245278, 39.022524 ], [ -77.245219, 39.022459 ], [ -77.245176, 39.022356 ], [ -77.245093, 39.022146 ], [ -77.245098, 39.022105 ], [ -77.244939, 39.021516 ], [ -77.244916, 39.021222 ], [ -77.24488, 39.020596 ], [ -77.244841, 39.020339 ], [ -77.244847, 39.020236 ], [ -77.244908, 39.019995 ], [ -77.244924, 39.019787 ], [ -77.244964, 39.019706 ], [ -77.244921, 39.019567 ], [ -77.244972, 39.01943 ], [ -77.245023, 39.019071 ], [ -77.245074, 39.018909 ], [ -77.245067, 39.018853 ], [ -77.245099, 39.018815 ], [ -77.245225, 39.018536 ], [ -77.245248, 39.018506 ], [ -77.2453, 39.018497 ], [ -77.245347, 39.018264 ], [ -77.245299, 39.017988 ], [ -77.245308, 39.017777 ], [ -77.24538, 39.017531 ], [ -77.245463, 39.017414 ], [ -77.24557, 39.017193 ], [ -77.245678, 39.017045 ], [ -77.246168, 39.016596 ], [ -77.246285, 39.016448 ], [ -77.246524, 39.015974 ], [ -77.246553, 39.015587 ], [ -77.246682, 39.015191 ], [ -77.246868, 39.014866 ], [ -77.246945, 39.01477 ], [ -77.247241, 39.014467 ], [ -77.247828, 39.013993 ], [ -77.247908, 39.013884 ], [ -77.248028, 39.013841 ], [ -77.248309, 39.013673 ], [ -77.248481, 39.013532 ], [ -77.249094, 39.013173 ], [ -77.249904, 39.01274 ], [ -77.250065, 39.012691 ], [ -77.25067, 39.01229 ], [ -77.250914, 39.01211 ], [ -77.251179, 39.011889 ], [ -77.251434, 39.011614 ], [ -77.25158, 39.011402 ], [ -77.251771, 39.011059 ], [ -77.251755, 39.01101 ], [ -77.251766, 39.010981 ], [ -77.251835, 39.010937 ], [ -77.251873, 39.010861 ], [ -77.252049, 39.010619 ], [ -77.252329, 39.010316 ], [ -77.252979, 39.00948 ], [ -77.253089, 39.009349 ], [ -77.25319, 39.009259 ], [ -77.253259, 39.009158 ], [ -77.253339, 39.008916 ], [ -77.253839, 39.007874 ], [ -77.254224, 39.007229 ], [ -77.254265, 39.00713 ], [ -77.254333, 39.006898 ], [ -77.254402, 39.006352 ], [ -77.254432, 39.006279 ], [ -77.254545, 39.006154 ], [ -77.254783, 39.005962 ], [ -77.254869, 39.005843 ], [ -77.255059, 39.005394 ], [ -77.255324, 39.004876 ], [ -77.255343, 39.004787 ], [ -77.25534, 39.004679 ], [ -77.255235, 39.004349 ], [ -77.255234, 39.004275 ], [ -77.255274, 39.004152 ], [ -77.255383, 39.003933 ], [ -77.255452, 39.003669 ], [ -77.255505, 39.00304 ], [ -77.255759, 39.001991 ], [ -77.255765, 39.001883 ], [ -77.255723, 39.001644 ], [ -77.25568, 39.001542 ], [ -77.255507, 39.001305 ], [ -77.255084, 39.000945 ], [ -77.255025, 39.000878 ], [ -77.254954, 39.000725 ], [ -77.254623, 38.999781 ], [ -77.254634, 38.999678 ], [ -77.254727, 38.999523 ], [ -77.254741, 38.999398 ], [ -77.254527, 38.998864 ], [ -77.254483, 38.998796 ], [ -77.254268, 38.998573 ], [ -77.254222, 38.998296 ], [ -77.254183, 38.998228 ], [ -77.254062, 38.998104 ], [ -77.253934, 38.998018 ], [ -77.253712, 38.997909 ], [ -77.253633, 38.997828 ], [ -77.253581, 38.997637 ], [ -77.253544, 38.997293 ], [ -77.253467, 38.997092 ], [ -77.25348, 38.996968 ], [ -77.253523, 38.996849 ], [ -77.253516, 38.996805 ], [ -77.253437, 38.996696 ], [ -77.25325, 38.99651 ], [ -77.253155, 38.996366 ], [ -77.252923, 38.995868 ], [ -77.252913, 38.995714 ], [ -77.252972, 38.995521 ], [ -77.25294, 38.995451 ], [ -77.252841, 38.995416 ], [ -77.25258, 38.995433 ], [ -77.25248, 38.995415 ], [ -77.251753, 38.995147 ], [ -77.251704, 38.995118 ], [ -77.251588, 38.994997 ], [ -77.25066, 38.994848 ], [ -77.250402, 38.99484 ], [ -77.24998, 38.994645 ], [ -77.249885, 38.994557 ], [ -77.249853, 38.994408 ], [ -77.249885, 38.994248 ], [ -77.249958, 38.994123 ], [ -77.249953, 38.994046 ], [ -77.249871, 38.993982 ], [ -77.24964, 38.993913 ], [ -77.249526, 38.993849 ], [ -77.249385, 38.993725 ], [ -77.248895, 38.992991 ], [ -77.248654, 38.99269 ], [ -77.248543, 38.992466 ], [ -77.248229, 38.991189 ], [ -77.24821, 38.990839 ], [ -77.248117, 38.990571 ], [ -77.248018, 38.990302 ], [ -77.247865, 38.989991 ], [ -77.247689, 38.989434 ], [ -77.247469, 38.989136 ], [ -77.247414, 38.988978 ], [ -77.247358, 38.988707 ], [ -77.247286, 38.988548 ], [ -77.247147, 38.988327 ], [ -77.247083, 38.988044 ], [ -77.247013, 38.987949 ], [ -77.246785, 38.987382 ], [ -77.246305, 38.986221 ], [ -77.246196, 38.985797 ], [ -77.246024, 38.985575 ], [ -77.245908, 38.98536 ], [ -77.245749, 38.98503 ], [ -77.245322, 38.984017 ], [ -77.245308, 38.983927 ], [ -77.24533, 38.983786 ], [ -77.245317, 38.983728 ], [ -77.245197, 38.983535 ], [ -77.245093, 38.983253 ], [ -77.245067, 38.982782 ], [ -77.24503, 38.982684 ], [ -77.244911, 38.982614 ], [ -77.244621, 38.982535 ], [ -77.244432, 38.982441 ], [ -77.244252, 38.982285 ], [ -77.244178, 38.982177 ], [ -77.244068, 38.982114 ], [ -77.244044, 38.982129 ], [ -77.244079, 38.982208 ], [ -77.244056, 38.982325 ], [ -77.243965, 38.982358 ], [ -77.243916, 38.98235 ], [ -77.243829, 38.982306 ], [ -77.243741, 38.982226 ], [ -77.243665, 38.982181 ], [ -77.243563, 38.982153 ], [ -77.243005, 38.982101 ], [ -77.242593, 38.981991 ], [ -77.242004, 38.981763 ], [ -77.241723, 38.981701 ], [ -77.24155, 38.981615 ], [ -77.24143, 38.981462 ], [ -77.241332, 38.981407 ], [ -77.24111, 38.98122 ], [ -77.241081, 38.981206 ], [ -77.240855, 38.981198 ], [ -77.240721, 38.981177 ], [ -77.240566, 38.981119 ], [ -77.240344, 38.980975 ], [ -77.23995, 38.980754 ], [ -77.239902, 38.980709 ], [ -77.239869, 38.980616 ], [ -77.239899, 38.980473 ], [ -77.239832, 38.980371 ], [ -77.239654, 38.980193 ], [ -77.239544, 38.980123 ], [ -77.239401, 38.980061 ], [ -77.23893, 38.979708 ], [ -77.23865, 38.979463 ], [ -77.23845, 38.979323 ], [ -77.238197, 38.978987 ], [ -77.238075, 38.978853 ], [ -77.237853, 38.978697 ], [ -77.237797, 38.978641 ], [ -77.237637, 38.978381 ], [ -77.23721, 38.978013 ], [ -77.237029, 38.977785 ], [ -77.236209, 38.976922 ], [ -77.236088, 38.976838 ], [ -77.235944, 38.976824 ], [ -77.235754, 38.976834 ], [ -77.235694, 38.976816 ], [ -77.235532, 38.976693 ], [ -77.235502, 38.976583 ], [ -77.235369, 38.976304 ], [ -77.235196, 38.97608 ], [ -77.234875, 38.975976 ], [ -77.234843, 38.976022 ], [ -77.234635, 38.976145 ], [ -77.234396, 38.976392 ], [ -77.234103, 38.976801 ], [ -77.233967, 38.97701 ], [ -77.233913, 38.977134 ], [ -77.23382, 38.97726 ], [ -77.233751, 38.977296 ], [ -77.233626, 38.977333 ], [ -77.23358, 38.977364 ], [ -77.233543, 38.977606 ], [ -77.233505, 38.977722 ], [ -77.233424, 38.977854 ], [ -77.233211, 38.978053 ], [ -77.233008, 38.978136 ], [ -77.232905, 38.978238 ], [ -77.232873, 38.978291 ], [ -77.232774, 38.978717 ], [ -77.23273, 38.978794 ], [ -77.232574, 38.978977 ], [ -77.232457, 38.979166 ], [ -77.232328, 38.979288 ], [ -77.232133, 38.979345 ], [ -77.232078, 38.979344 ], [ -77.231917, 38.979304 ], [ -77.231592, 38.979313 ], [ -77.231435, 38.979255 ], [ -77.23094, 38.979283 ], [ -77.230885, 38.979319 ], [ -77.230602, 38.979645 ], [ -77.230477, 38.979726 ], [ -77.230355, 38.979756 ], [ -77.230221, 38.979752 ], [ -77.22995, 38.979709 ], [ -77.229896, 38.979693 ], [ -77.229577, 38.979516 ], [ -77.228781, 38.978746 ], [ -77.228589, 38.978499 ], [ -77.228026, 38.977563 ], [ -77.227583, 38.976703 ], [ -77.227367, 38.976111 ], [ -77.227241, 38.975609 ], [ -77.227168, 38.975399 ], [ -77.22705, 38.975143 ], [ -77.226774, 38.974647 ], [ -77.226383, 38.974105 ], [ -77.225951, 38.973664 ], [ -77.225451, 38.973247 ], [ -77.224311, 38.972465 ], [ -77.224118, 38.972316 ], [ -77.223896, 38.972191 ], [ -77.223566, 38.972047 ], [ -77.222093, 38.971612 ], [ -77.221475, 38.971413 ], [ -77.221166, 38.971344 ], [ -77.220832, 38.971318 ], [ -77.220515, 38.971335 ], [ -77.219998, 38.971432 ], [ -77.219542, 38.971552 ], [ -77.219272, 38.971589 ], [ -77.21893, 38.971574 ], [ -77.218764, 38.971541 ], [ -77.218604, 38.971491 ], [ -77.217793, 38.971158 ], [ -77.217672, 38.971126 ], [ -77.217512, 38.971098 ], [ -77.21734, 38.971085 ], [ -77.217097, 38.971089 ], [ -77.216824, 38.971054 ], [ -77.216695, 38.971013 ], [ -77.215898, 38.970681 ], [ -77.215643, 38.970602 ], [ -77.215474, 38.970577 ], [ -77.214994, 38.970576 ], [ -77.21486, 38.970556 ], [ -77.214698, 38.970511 ], [ -77.214578, 38.970459 ], [ -77.214417, 38.970359 ], [ -77.214093, 38.970021 ], [ -77.213894, 38.969884 ], [ -77.213648, 38.969796 ], [ -77.213516, 38.969775 ], [ -77.21338, 38.969769 ], [ -77.2131, 38.969795 ], [ -77.21287, 38.969711 ], [ -77.21275, 38.96958 ], [ -77.21249, 38.969482 ], [ -77.212208, 38.969473 ], [ -77.211871, 38.969404 ], [ -77.21172, 38.969418 ], [ -77.21158, 38.969355 ], [ -77.211429, 38.969344 ], [ -77.211369, 38.969353 ], [ -77.211244, 38.969405 ], [ -77.21121, 38.969402 ], [ -77.211095, 38.969487 ], [ -77.21068, 38.969637 ], [ -77.210597, 38.969703 ], [ -77.210256, 38.970054 ], [ -77.210196, 38.97008 ], [ -77.210056, 38.970081 ], [ -77.209783, 38.970142 ], [ -77.209612, 38.970136 ], [ -77.209389, 38.970234 ], [ -77.209288, 38.970259 ], [ -77.209195, 38.970252 ], [ -77.209003, 38.970196 ], [ -77.208616, 38.970299 ], [ -77.208574, 38.970279 ], [ -77.20855, 38.970228 ], [ -77.208492, 38.970191 ], [ -77.208248, 38.970187 ], [ -77.208201, 38.97021 ], [ -77.20817, 38.970252 ], [ -77.208138, 38.970247 ], [ -77.208122, 38.970214 ], [ -77.208078, 38.970187 ], [ -77.207853, 38.970166 ], [ -77.207332, 38.970001 ], [ -77.207041, 38.969962 ], [ -77.206882, 38.969852 ], [ -77.206798, 38.969818 ], [ -77.206463, 38.969751 ], [ -77.206344, 38.969703 ], [ -77.206215, 38.969618 ], [ -77.206119, 38.969414 ], [ -77.206055, 38.969313 ], [ -77.205973, 38.969229 ], [ -77.20572, 38.969067 ], [ -77.205498, 38.968878 ], [ -77.205463, 38.96886 ], [ -77.205202, 38.968832 ], [ -77.205009, 38.968787 ], [ -77.204901, 38.968719 ], [ -77.204753, 38.968515 ], [ -77.20457, 38.968423 ], [ -77.204223, 38.968408 ], [ -77.203929, 38.96832 ], [ -77.20361, 38.968189 ], [ -77.203152, 38.968123 ], [ -77.202868, 38.968056 ], [ -77.202596, 38.967886 ], [ -77.202577, 38.967847 ], [ -77.202589, 38.96782 ], [ -77.202689, 38.967701 ], [ -77.202679, 38.967677 ], [ -77.202627, 38.967676 ], [ -77.20235, 38.967736 ], [ -77.202211, 38.967731 ], [ -77.201903, 38.967626 ], [ -77.201578, 38.967485 ], [ -77.201326, 38.967407 ], [ -77.200884, 38.967303 ], [ -77.200692, 38.967261 ], [ -77.200283, 38.967234 ], [ -77.199928, 38.967184 ], [ -77.19975, 38.967137 ], [ -77.19932, 38.967065 ], [ -77.199196, 38.96708 ], [ -77.199001, 38.96707 ], [ -77.198508, 38.966958 ], [ -77.198103, 38.966817 ], [ -77.197774, 38.96674 ], [ -77.197695, 38.966735 ], [ -77.197245, 38.966811 ], [ -77.196845, 38.96694 ], [ -77.196559, 38.966957 ], [ -77.196178, 38.96706 ], [ -77.195917, 38.967267 ], [ -77.195882, 38.967326 ], [ -77.195881, 38.967362 ], [ -77.195805, 38.967404 ], [ -77.195802, 38.967427 ], [ -77.195843, 38.967467 ], [ -77.195856, 38.967508 ], [ -77.195839, 38.967551 ], [ -77.195771, 38.967542 ], [ -77.195728, 38.967555 ], [ -77.195713, 38.967539 ], [ -77.195726, 38.967498 ], [ -77.195705, 38.967473 ], [ -77.195629, 38.96744 ], [ -77.195426, 38.96742 ], [ -77.195366, 38.967429 ], [ -77.195207, 38.967511 ], [ -77.195163, 38.967565 ], [ -77.195072, 38.967541 ], [ -77.195014, 38.967545 ], [ -77.194948, 38.967596 ], [ -77.194836, 38.967649 ], [ -77.194712, 38.967672 ], [ -77.194603, 38.96777 ], [ -77.194516, 38.967852 ], [ -77.194486, 38.967858 ], [ -77.194412, 38.967982 ], [ -77.194362, 38.968034 ], [ -77.194346, 38.968153 ], [ -77.194357, 38.968192 ], [ -77.194254, 38.968196 ], [ -77.194198, 38.968097 ], [ -77.194175, 38.968103 ], [ -77.194134, 38.968208 ], [ -77.194094, 38.968228 ], [ -77.193926, 38.968146 ], [ -77.19367, 38.968086 ], [ -77.192986, 38.968145 ], [ -77.192431, 38.968159 ], [ -77.192281, 38.96814 ], [ -77.192031, 38.968143 ], [ -77.191706, 38.968091 ], [ -77.191134, 38.968049 ], [ -77.190899, 38.967964 ], [ -77.190651, 38.967907 ], [ -77.190247, 38.967785 ], [ -77.189919, 38.96764 ], [ -77.189675, 38.96757 ], [ -77.189433, 38.967557 ], [ -77.18897, 38.967476 ], [ -77.188766, 38.967479 ], [ -77.188654, 38.967504 ], [ -77.18857, 38.967569 ], [ -77.188331, 38.967701 ], [ -77.188156, 38.96776 ], [ -77.187981, 38.96776 ], [ -77.187899, 38.96782 ], [ -77.187862, 38.967818 ], [ -77.187819, 38.967791 ], [ -77.187602, 38.967762 ], [ -77.187497, 38.967764 ], [ -77.18743, 38.967793 ], [ -77.18739, 38.967792 ], [ -77.187129, 38.967724 ], [ -77.186645, 38.967723 ], [ -77.186584, 38.967754 ], [ -77.186425, 38.967779 ], [ -77.186383, 38.967765 ], [ -77.186196, 38.967756 ], [ -77.186145, 38.967789 ], [ -77.186109, 38.967788 ], [ -77.18607, 38.967758 ], [ -77.186011, 38.967748 ], [ -77.185834, 38.967757 ], [ -77.185528, 38.967837 ], [ -77.185173, 38.967845 ], [ -77.185109, 38.967866 ], [ -77.184736, 38.967772 ], [ -77.184716, 38.967813 ], [ -77.184618, 38.967906 ], [ -77.184597, 38.96783 ], [ -77.184576, 38.967817 ], [ -77.184548, 38.967824 ], [ -77.184507, 38.967866 ], [ -77.184399, 38.967892 ], [ -77.184275, 38.967904 ], [ -77.184237, 38.967848 ], [ -77.18417, 38.96785 ], [ -77.183944, 38.967965 ], [ -77.183792, 38.968108 ], [ -77.183654, 38.968137 ], [ -77.183405, 38.968395 ], [ -77.183437, 38.968439 ], [ -77.183423, 38.968457 ], [ -77.183352, 38.968434 ], [ -77.183317, 38.96846 ], [ -77.18326, 38.968472 ], [ -77.183204, 38.968538 ], [ -77.183176, 38.968595 ], [ -77.183187, 38.968625 ], [ -77.183163, 38.968647 ], [ -77.183005, 38.968623 ], [ -77.18296, 38.96866 ], [ -77.182899, 38.968666 ], [ -77.182891, 38.96869 ], [ -77.182793, 38.968684 ], [ -77.182795, 38.968703 ], [ -77.182751, 38.96873 ], [ -77.182696, 38.968702 ], [ -77.182671, 38.968725 ], [ -77.182577, 38.968721 ], [ -77.182541, 38.968745 ], [ -77.182489, 38.968755 ], [ -77.182384, 38.968724 ], [ -77.182199, 38.968756 ], [ -77.181815, 38.968727 ], [ -77.181447, 38.968788 ], [ -77.181254, 38.968779 ], [ -77.181146, 38.968731 ], [ -77.180941, 38.968546 ], [ -77.18073, 38.968431 ], [ -77.180573, 38.968407 ], [ -77.180329, 38.968417 ], [ -77.180167, 38.968366 ], [ -77.180088, 38.968323 ], [ -77.18004, 38.968339 ], [ -77.179814, 38.968328 ], [ -77.179617, 38.968301 ], [ -77.17925, 38.968221 ], [ -77.179017, 38.968143 ], [ -77.178942, 38.968145 ], [ -77.17891, 38.968165 ], [ -77.178847, 38.968139 ], [ -77.178759, 38.968126 ], [ -77.17859, 38.968146 ], [ -77.178528, 38.968141 ], [ -77.1785, 38.96817 ], [ -77.178477, 38.968164 ], [ -77.178449, 38.968099 ], [ -77.178417, 38.968078 ], [ -77.178217, 38.968039 ], [ -77.177984, 38.968027 ], [ -77.177791, 38.967987 ], [ -77.177741, 38.967987 ], [ -77.17765, 38.968035 ], [ -77.177562, 38.96805 ], [ -77.177054, 38.968039 ], [ -77.176907, 38.968072 ], [ -77.176881, 38.968071 ], [ -77.17681, 38.968026 ], [ -77.176472, 38.968078 ], [ -77.17642, 38.968098 ], [ -77.176404, 38.968081 ], [ -77.176329, 38.968076 ], [ -77.176309, 38.968106999999897 ], [ -77.176286, 38.96811 ], [ -77.176271, 38.968081 ], [ -77.176247, 38.968073 ], [ -77.176053, 38.96808 ], [ -77.175979, 38.968108 ], [ -77.175809, 38.968131 ], [ -77.175702, 38.968128 ], [ -77.175569, 38.9681 ], [ -77.175299, 38.968114 ], [ -77.175262, 38.968118 ], [ -77.175143, 38.968175 ], [ -77.175117, 38.968172 ], [ -77.175092, 38.968164 ], [ -77.175005, 38.968055 ], [ -77.174964, 38.968042 ], [ -77.174807, 38.968052 ], [ -77.174578, 38.968018 ], [ -77.174284, 38.967915 ], [ -77.174181, 38.967911 ], [ -77.1741, 38.967874 ], [ -77.173921, 38.96784 ], [ -77.173571, 38.967811 ], [ -77.173512, 38.967778 ], [ -77.173427, 38.967759 ], [ -77.173264, 38.967675 ], [ -77.173203, 38.967662 ], [ -77.173026, 38.96766 ], [ -77.172904, 38.967633 ], [ -77.172761, 38.967534 ], [ -77.17259, 38.967497 ], [ -77.172442, 38.967494 ], [ -77.172321, 38.967465 ], [ -77.172191, 38.9674 ], [ -77.171992, 38.967247 ], [ -77.171936, 38.967154 ], [ -77.171838, 38.967067 ], [ -77.171738, 38.966999 ], [ -77.171608, 38.966937 ], [ -77.171537, 38.966839 ], [ -77.17142, 38.966771 ], [ -77.171292, 38.966608 ], [ -77.171123, 38.966526 ], [ -77.17101, 38.96649 ], [ -77.170805, 38.96649 ], [ -77.170531, 38.96644 ], [ -77.170221, 38.966454 ], [ -77.169981, 38.966363 ], [ -77.169802, 38.966315 ], [ -77.169257, 38.966322 ], [ -77.169196, 38.966308 ], [ -77.16914, 38.966275 ], [ -77.169112, 38.96631 ], [ -77.169003, 38.966346 ], [ -77.16895, 38.966407 ], [ -77.168878, 38.966438 ], [ -77.168785, 38.966535 ], [ -77.168775, 38.966578 ], [ -77.168557, 38.96677 ], [ -77.16853, 38.966929 ], [ -77.1685, 38.966992 ], [ -77.168392, 38.967064 ], [ -77.1679, 38.967168 ], [ -77.167764, 38.967222 ], [ -77.167631, 38.967298 ], [ -77.167568, 38.967314 ], [ -77.167277, 38.967339 ], [ -77.167044, 38.967397 ], [ -77.166954, 38.967388 ], [ -77.166832, 38.96745 ], [ -77.166703, 38.967481 ], [ -77.166477, 38.967586 ], [ -77.166041, 38.967622 ], [ -77.165862, 38.96767 ], [ -77.165649, 38.967703 ], [ -77.165549, 38.967764 ], [ -77.165461, 38.967739 ], [ -77.165362, 38.967758 ], [ -77.164992, 38.967761 ], [ -77.16435, 38.967716 ], [ -77.164076, 38.96763 ], [ -77.163707, 38.967436 ], [ -77.16355, 38.967401 ], [ -77.163515, 38.967375 ], [ -77.163351, 38.967342 ], [ -77.163332, 38.967324 ], [ -77.163339, 38.967289 ], [ -77.163375, 38.96724 ], [ -77.163306, 38.967119 ], [ -77.16324, 38.96718 ], [ -77.163222, 38.967318 ], [ -77.163192, 38.967359 ], [ -77.163148, 38.967376 ], [ -77.163097, 38.967363 ], [ -77.163001, 38.967297 ], [ -77.162747, 38.967222 ], [ -77.162508, 38.967045 ], [ -77.162412, 38.966997 ], [ -77.162251, 38.966863 ], [ -77.162164, 38.96682 ], [ -77.161931, 38.96672 ], [ -77.16178, 38.966733 ], [ -77.161731, 38.966706 ], [ -77.161619, 38.966585 ], [ -77.161349, 38.966509 ], [ -77.161073, 38.966342 ], [ -77.160643, 38.966178 ], [ -77.160597, 38.966174 ], [ -77.160422, 38.966206 ], [ -77.160018, 38.966129 ], [ -77.159899, 38.966071 ], [ -77.15954, 38.96598 ], [ -77.159316, 38.965963 ], [ -77.159132, 38.965906 ], [ -77.15887, 38.965853 ], [ -77.158564, 38.965825 ], [ -77.15831, 38.965825 ], [ -77.158221, 38.965791 ], [ -77.158161, 38.965787 ], [ -77.157834, 38.965843 ], [ -77.157383, 38.965852 ], [ -77.157361, 38.965845 ], [ -77.15736, 38.965817 ], [ -77.157267, 38.965776 ], [ -77.157273, 38.965817 ], [ -77.157334, 38.96587 ], [ -77.157361, 38.965936 ], [ -77.157275, 38.966054 ], [ -77.157155, 38.966059 ], [ -77.157118, 38.966033 ], [ -77.156866, 38.965998 ], [ -77.156694, 38.966002 ], [ -77.156718, 38.965976 ], [ -77.156876, 38.965894 ], [ -77.156902, 38.965822 ], [ -77.156777, 38.965902 ], [ -77.156622, 38.965961 ], [ -77.156279, 38.965972 ], [ -77.156151, 38.966017 ], [ -77.156112, 38.965981 ], [ -77.156035, 38.965988 ], [ -77.155545, 38.965963 ], [ -77.154994, 38.965832 ], [ -77.154772, 38.965834 ], [ -77.154321, 38.965774 ], [ -77.154062, 38.965763 ], [ -77.153743, 38.965773 ], [ -77.153689, 38.965757 ], [ -77.153411, 38.965755 ], [ -77.153199, 38.965711 ], [ -77.152871, 38.965713 ], [ -77.152742, 38.965683 ], [ -77.152499, 38.965732 ], [ -77.152066, 38.965746 ], [ -77.151798, 38.965709 ], [ -77.151668, 38.965707 ], [ -77.151369, 38.965644 ], [ -77.150877, 38.965662 ], [ -77.150692, 38.965622 ], [ -77.150552, 38.965551 ], [ -77.150381, 38.965536 ], [ -77.150089, 38.965415 ], [ -77.149973, 38.965397 ], [ -77.149799, 38.965359 ], [ -77.149688, 38.96527 ], [ -77.149331, 38.965201 ], [ -77.149069, 38.965105 ], [ -77.148773, 38.965036 ], [ -77.148591, 38.964948 ], [ -77.14848, 38.964855 ], [ -77.148379, 38.964794 ], [ -77.148172, 38.964743 ], [ -77.147977, 38.964672 ], [ -77.147753, 38.964615 ], [ -77.147646, 38.964603 ], [ -77.147545, 38.964576 ], [ -77.147197, 38.964439 ], [ -77.146947, 38.964266 ], [ -77.146804, 38.9642 ], [ -77.146453, 38.963895 ], [ -77.146213, 38.963724 ], [ -77.146109, 38.963605 ], [ -77.146023, 38.963544 ], [ -77.1458, 38.96349 ], [ -77.145725, 38.963487 ], [ -77.145683, 38.963451 ], [ -77.145532, 38.963404 ], [ -77.145351, 38.963309 ], [ -77.145081, 38.963146 ], [ -77.145008, 38.963027 ], [ -77.144803, 38.962808 ], [ -77.144682, 38.962641 ], [ -77.144507, 38.962441 ], [ -77.14432, 38.962314 ], [ -77.144096, 38.962065 ], [ -77.143666, 38.96171 ], [ -77.143006, 38.960966 ], [ -77.142902, 38.9609 ], [ -77.14269, 38.960656 ], [ -77.142547, 38.960521 ], [ -77.142468, 38.960324 ], [ -77.142403, 38.960263 ], [ -77.142369, 38.96018 ], [ -77.142227, 38.960017 ], [ -77.142105, 38.95987 ], [ -77.142002, 38.959814 ], [ -77.141895, 38.959702 ], [ -77.141861, 38.959655 ], [ -77.141836, 38.959569 ], [ -77.141763, 38.959488 ], [ -77.141672, 38.95934 ], [ -77.141278, 38.958886 ], [ -77.141154, 38.958781 ], [ -77.141109, 38.958726 ], [ -77.141045, 38.95858 ], [ -77.140896, 38.958404 ], [ -77.140694, 38.958225 ], [ -77.140497, 38.958079 ], [ -77.140087, 38.957812 ], [ -77.139836, 38.957668 ], [ -77.139808, 38.957641 ], [ -77.139804, 38.957611 ], [ -77.139863, 38.957564 ], [ -77.139855, 38.957547 ], [ -77.139747, 38.957596 ], [ -77.139466, 38.957416 ], [ -77.138902, 38.956896 ], [ -77.138185, 38.956119 ], [ -77.138073, 38.956077 ], [ -77.138028, 38.956017 ], [ -77.138006, 38.955802 ], [ -77.137942, 38.955757 ], [ -77.137879, 38.955752 ], [ -77.13757, 38.955613 ], [ -77.137392, 38.955512 ], [ -77.137263, 38.955402 ], [ -77.137109, 38.955319 ], [ -77.13703, 38.955229 ], [ -77.13694, 38.955176 ], [ -77.136818, 38.955046 ], [ -77.136574, 38.954864 ], [ -77.136375, 38.954741 ], [ -77.136186, 38.954535 ], [ -77.136, 38.954365 ], [ -77.135879, 38.954203 ], [ -77.135743, 38.954086 ], [ -77.135712, 38.954031 ], [ -77.135648, 38.953931 ], [ -77.135541, 38.953849 ], [ -77.135443, 38.9537 ], [ -77.135324, 38.953601 ], [ -77.135253, 38.953513 ], [ -77.135098, 38.953212 ], [ -77.13495, 38.953005 ], [ -77.134905, 38.952882000000102 ], [ -77.134781, 38.952661 ], [ -77.134596, 38.952383 ], [ -77.134486, 38.952162 ], [ -77.134349, 38.951984 ], [ -77.134258, 38.951805 ], [ -77.134207, 38.951756 ], [ -77.134164, 38.951634 ], [ -77.13406, 38.951474 ], [ -77.133881, 38.951039 ], [ -77.133792, 38.950949 ], [ -77.133771, 38.950833 ], [ -77.133649, 38.950624 ], [ -77.133357, 38.950014 ], [ -77.133327, 38.949993 ], [ -77.133183, 38.949758 ], [ -77.132927, 38.94927 ], [ -77.132935, 38.949237 ], [ -77.132915, 38.949204 ], [ -77.132616, 38.948756 ], [ -77.13247, 38.94845 ], [ -77.13232, 38.948277 ], [ -77.131994, 38.947723 ], [ -77.132026, 38.947686 ], [ -77.13202, 38.947652 ], [ -77.132048, 38.947613 ], [ -77.131994, 38.947546 ], [ -77.131983, 38.947503 ], [ -77.131938, 38.947491 ], [ -77.131921, 38.947538 ], [ -77.131787, 38.947576 ], [ -77.131695, 38.947584 ], [ -77.131678, 38.947557 ], [ -77.131736, 38.947513 ], [ -77.131697, 38.947463 ], [ -77.131705, 38.947444 ], [ -77.131651, 38.947397 ], [ -77.131639, 38.947303 ], [ -77.131526, 38.947101 ], [ -77.131479, 38.94697 ], [ -77.131377, 38.946802 ], [ -77.131315, 38.946754 ], [ -77.131235, 38.946609 ], [ -77.131188, 38.946598 ], [ -77.131203, 38.946543 ], [ -77.13119, 38.9465 ], [ -77.1311, 38.94636 ], [ -77.131052, 38.94624 ], [ -77.130865, 38.945907 ], [ -77.130688, 38.945356 ], [ -77.130513, 38.944921 ], [ -77.130357, 38.944684 ], [ -77.130309, 38.944656 ], [ -77.130149, 38.944413 ], [ -77.129972, 38.944232 ], [ -77.1298, 38.943939 ], [ -77.12972, 38.943763 ], [ -77.129704, 38.943607 ], [ -77.129629, 38.943511 ], [ -77.129588, 38.9434 ], [ -77.129553, 38.943207 ], [ -77.129468, 38.943091 ], [ -77.129383, 38.943033 ], [ -77.129333, 38.942969 ], [ -77.129353, 38.942827 ], [ -77.129266, 38.942701 ], [ -77.129169, 38.942444 ], [ -77.129139, 38.942254 ], [ -77.129012, 38.941996 ], [ -77.128902, 38.941818 ], [ -77.12884, 38.941766 ], [ -77.128744, 38.941523 ], [ -77.128709, 38.941496 ], [ -77.128654, 38.941398 ], [ -77.128456, 38.941227 ], [ -77.128406, 38.941096 ], [ -77.128312, 38.941035 ], [ -77.128282, 38.940964 ], [ -77.1282, 38.940874 ], [ -77.127922, 38.940685 ], [ -77.12778, 38.940633 ], [ -77.127649, 38.940533 ], [ -77.127463, 38.94048 ], [ -77.127385, 38.940437 ], [ -77.12718, 38.940278 ], [ -77.12704, 38.940217 ], [ -77.126897, 38.940098 ], [ -77.126857, 38.940075 ], [ -77.126782, 38.940072 ], [ -77.126738, 38.940028 ], [ -77.126452, 38.939863 ], [ -77.126404, 38.939824 ], [ -77.126381, 38.939766 ], [ -77.126273, 38.939692 ], [ -77.126163, 38.939657 ], [ -77.125922, 38.939498 ], [ -77.125875, 38.939437 ], [ -77.125699, 38.939342 ], [ -77.12552, 38.939215 ], [ -77.125409, 38.939099 ], [ -77.125358, 38.939061 ], [ -77.125298, 38.939044 ], [ -77.125298, 38.939 ], [ -77.12522, 38.93892 ], [ -77.12513, 38.9389 ], [ -77.125105, 38.938851 ], [ -77.125061, 38.938817 ], [ -77.124863, 38.93868 ], [ -77.124631, 38.938548 ], [ -77.124498, 38.938448 ], [ -77.12413, 38.938079 ], [ -77.123879, 38.937731 ], [ -77.123722, 38.937621 ], [ -77.123518, 38.937421 ], [ -77.12342, 38.93735 ], [ -77.123314, 38.937316 ], [ -77.123169, 38.937177 ], [ -77.123045, 38.937131 ], [ -77.122989, 38.937034 ], [ -77.122901, 38.936992 ], [ -77.12278, 38.936996 ], [ -77.122752, 38.936979 ], [ -77.122741, 38.936926 ], [ -77.122577, 38.936799 ], [ -77.122487, 38.936678 ], [ -77.122303, 38.936526 ], [ -77.122226, 38.936442 ], [ -77.122106, 38.936389 ], [ -77.121987, 38.936268 ], [ -77.121823, 38.936191 ], [ -77.121757, 38.936118 ], [ -77.12162, 38.936039 ], [ -77.1215, 38.935901 ], [ -77.121432, 38.935854 ], [ -77.12135, 38.935752 ], [ -77.1212, 38.935613 ], [ -77.121109, 38.935458 ], [ -77.120908, 38.935266 ], [ -77.12086, 38.935236 ], [ -77.120807, 38.935254 ], [ -77.120763, 38.935248 ], [ -77.120655, 38.935186 ], [ -77.120495, 38.934971 ], [ -77.120396, 38.934894 ], [ -77.120336, 38.934878 ], [ -77.120287, 38.934837 ], [ -77.120271, 38.934745 ], [ -77.120027, 38.934589 ], [ -77.119792, 38.934374 ], [ -77.121179, 38.933287 ], [ -77.121748, 38.932837 ], [ -77.122235, 38.932453 ], [ -77.123214, 38.931687 ], [ -77.12329, 38.931627 ], [ -77.124003, 38.931075 ], [ -77.124084, 38.931013 ], [ -77.124643, 38.930588 ], [ -77.124875, 38.930408 ], [ -77.127416, 38.928412 ], [ -77.128244, 38.927761 ], [ -77.128988, 38.927178 ], [ -77.12976, 38.926573 ], [ -77.130812, 38.925746 ], [ -77.13145, 38.925246 ], [ -77.13258, 38.924358 ], [ -77.133059, 38.92398 ], [ -77.133481, 38.923648 ], [ -77.13419, 38.923094 ], [ -77.134495, 38.922853 ], [ -77.135381, 38.922157 ], [ -77.135514, 38.922071 ], [ -77.135548, 38.922028 ], [ -77.135929, 38.921729 ], [ -77.139427, 38.918982 ], [ -77.140424, 38.918186 ], [ -77.140719, 38.917969 ], [ -77.142263, 38.916743 ], [ -77.143694, 38.915643 ], [ -77.144345, 38.915142000000102 ], [ -77.145809, 38.914006 ], [ -77.146589, 38.913395 ], [ -77.148247, 38.91211 ], [ -77.148416, 38.912014 ], [ -77.148489, 38.911907 ], [ -77.149203, 38.911348 ], [ -77.150441, 38.91038 ], [ -77.151925, 38.909216 ], [ -77.151977, 38.909177 ], [ -77.154515, 38.907192 ], [ -77.154539, 38.907173 ], [ -77.155696, 38.906268 ], [ -77.155774, 38.906206 ], [ -77.156452, 38.906292 ], [ -77.156671, 38.906302 ], [ -77.156692, 38.906197 ], [ -77.158548, 38.906166 ], [ -77.159152, 38.906164 ], [ -77.159467, 38.906178 ], [ -77.159771, 38.906166 ], [ -77.159849, 38.906037 ], [ -77.161641, 38.904577 ], [ -77.160829, 38.90397 ], [ -77.160047, 38.903427 ], [ -77.159681, 38.903147 ], [ -77.160872, 38.902194 ], [ -77.162882, 38.900624 ], [ -77.1633, 38.900291 ], [ -77.164208, 38.899578 ], [ -77.165942, 38.898224 ], [ -77.16636, 38.897902 ], [ -77.167847, 38.896729 ], [ -77.16811, 38.896521 ], [ -77.170001, 38.895035 ], [ -77.170204, 38.894875 ], [ -77.170333, 38.894771 ], [ -77.170366, 38.894747 ], [ -77.171516, 38.893843 ], [ -77.171784, 38.893825 ], [ -77.171908, 38.893842 ], [ -77.172841, 38.893827 ], [ -77.173752, 38.893803 ], [ -77.174661, 38.89378 ], [ -77.175128, 38.893765 ], [ -77.175749, 38.893879 ], [ -77.175982, 38.894268 ], [ -77.176074, 38.894193 ], [ -77.17627, 38.894124 ], [ -77.176404, 38.894123 ], [ -77.176591, 38.894185 ], [ -77.176711, 38.894206 ], [ -77.176892, 38.894185 ], [ -77.177061, 38.894118 ], [ -77.178205, 38.894327 ], [ -77.179707, 38.894601 ], [ -77.181174, 38.894868 ], [ -77.181523, 38.895403 ], [ -77.182221, 38.895059 ], [ -77.184525, 38.895479 ], [ -77.184757, 38.895522 ], [ -77.18618, 38.895781 ], [ -77.186048, 38.895877 ], [ -77.185884, 38.896027 ], [ -77.184955, 38.896687 ], [ -77.184614, 38.896897 ], [ -77.184759, 38.897132 ], [ -77.185441, 38.898095 ], [ -77.185753, 38.898575 ], [ -77.184413, 38.899438 ], [ -77.18407, 38.899658 ], [ -77.183875, 38.899761 ], [ -77.184018, 38.899808 ], [ -77.184676, 38.900016 ], [ -77.185263, 38.900154 ], [ -77.186015, 38.900281 ], [ -77.187199, 38.900424 ], [ -77.187537, 38.900451 ], [ -77.187735, 38.900615 ], [ -77.18792, 38.900824 ], [ -77.188048, 38.901014 ], [ -77.188211, 38.901405 ], [ -77.188452, 38.902277 ], [ -77.188509, 38.902632 ], [ -77.188534, 38.903095 ], [ -77.188527, 38.903464 ], [ -77.18846, 38.904121 ], [ -77.188358, 38.904582 ], [ -77.187252, 38.908501 ], [ -77.18716, 38.908952 ], [ -77.187099, 38.909437 ], [ -77.187109, 38.909915 ], [ -77.18717, 38.910338 ], [ -77.18729, 38.910821 ], [ -77.187459, 38.911271 ], [ -77.187594, 38.911565 ], [ -77.187725, 38.9118 ], [ -77.188085, 38.912317 ], [ -77.188325, 38.9126 ], [ -77.189083, 38.913371 ], [ -77.191312, 38.915641 ], [ -77.191736, 38.916119 ], [ -77.192045, 38.916505 ], [ -77.192245, 38.916778 ], [ -77.193366, 38.918446 ], [ -77.196544, 38.923308 ], [ -77.197089, 38.923001 ], [ -77.198053, 38.922458 ], [ -77.198859, 38.921982 ], [ -77.199028, 38.921888 ], [ -77.200077, 38.921276 ], [ -77.200491, 38.921023 ], [ -77.200598, 38.920932 ], [ -77.200875, 38.920768 ], [ -77.20094, 38.92073 ], [ -77.202673, 38.919711 ], [ -77.20285, 38.919658 ], [ -77.2035, 38.9193 ], [ -77.203929, 38.919039 ], [ -77.204954, 38.918415 ], [ -77.205934, 38.917825 ], [ -77.206912, 38.917238 ], [ -77.207905, 38.916633 ], [ -77.20856, 38.916235 ], [ -77.208649, 38.916197 ], [ -77.209193, 38.915864 ], [ -77.209563, 38.915598 ], [ -77.209875, 38.915397 ], [ -77.210887, 38.914781 ], [ -77.211169, 38.914631 ], [ -77.211763, 38.914318 ], [ -77.212321, 38.913975 ], [ -77.212378, 38.913947 ], [ -77.212617, 38.913829 ], [ -77.212928, 38.913641 ], [ -77.213181, 38.913421 ], [ -77.214345, 38.911542 ], [ -77.214568, 38.911196 ], [ -77.21493, 38.910544 ], [ -77.215546, 38.909754 ], [ -77.215333, 38.909593 ], [ -77.215171, 38.909518 ], [ -77.214511, 38.909114 ], [ -77.214456, 38.909016 ], [ -77.214455, 38.908967 ], [ -77.214495, 38.908882 ], [ -77.214578, 38.908796 ], [ -77.214683, 38.908681 ], [ -77.21515, 38.908917 ], [ -77.217212, 38.910068 ], [ -77.217287, 38.910096 ], [ -77.217375, 38.910129 ], [ -77.217499, 38.910209 ], [ -77.218002, 38.910507 ], [ -77.218005, 38.910303 ], [ -77.217879, 38.909173 ], [ -77.21776, 38.908282 ], [ -77.217615, 38.907383 ], [ -77.21746, 38.906647 ], [ -77.217121, 38.905415 ], [ -77.21707, 38.90523 ], [ -77.216633, 38.904026 ], [ -77.216441, 38.903688 ], [ -77.216388, 38.903553 ], [ -77.215335, 38.900652 ], [ -77.215178, 38.900145 ], [ -77.215031, 38.899553 ], [ -77.214958, 38.899065 ], [ -77.214886, 38.898419 ], [ -77.214887, 38.89818 ], [ -77.215071, 38.898228 ], [ -77.215032, 38.897988 ], [ -77.215112, 38.896927 ], [ -77.215253, 38.896154 ], [ -77.215743, 38.894346 ], [ -77.21597, 38.893884 ], [ -77.216949, 38.892154 ], [ -77.217361, 38.891459 ], [ -77.217885, 38.890762 ], [ -77.217961, 38.890674 ], [ -77.21786, 38.890644 ], [ -77.217578, 38.890561 ], [ -77.217448, 38.890523000000101 ], [ -77.217483, 38.890462 ], [ -77.21761, 38.890508 ], [ -77.217913, 38.890588 ], [ -77.218018, 38.890609 ], [ -77.218186, 38.890415 ], [ -77.218453, 38.890147 ], [ -77.21873, 38.889909 ], [ -77.22041, 38.888586 ], [ -77.220631, 38.888379 ], [ -77.221343, 38.887566 ], [ -77.221645, 38.887112 ], [ -77.221741, 38.886929 ], [ -77.222041, 38.8861 ], [ -77.222202, 38.885714 ], [ -77.222298, 38.885386 ], [ -77.222303, 38.885367000000109 ], [ -77.222379, 38.88496 ], [ -77.222429, 38.884646 ], [ -77.222476, 38.883844 ], [ -77.222464, 38.883041 ], [ -77.222308, 38.88115 ], [ -77.221933, 38.880042 ], [ -77.22178, 38.880061 ], [ -77.221552, 38.879078 ], [ -77.220687, 38.875854 ], [ -77.220553, 38.87587 ], [ -77.220455, 38.875882 ], [ -77.220434, 38.875787 ], [ -77.22053, 38.875778 ], [ -77.220664, 38.875763 ], [ -77.220723, 38.875757 ], [ -77.220504, 38.874821 ], [ -77.220391, 38.874044 ], [ -77.220361, 38.873635 ], [ -77.220341, 38.87255 ], [ -77.220362, 38.871281 ], [ -77.220353, 38.869008 ], [ -77.220313, 38.866742 ], [ -77.220317, 38.865847 ], [ -77.220214, 38.865849 ], [ -77.22008, 38.865852 ], [ -77.21997, 38.865854 ], [ -77.219969, 38.865705 ], [ -77.220081, 38.865703 ], [ -77.220214, 38.865701 ], [ -77.220175, 38.86167 ], [ -77.220075, 38.857898 ], [ -77.220213, 38.853928 ], [ -77.220387, 38.853998 ], [ -77.220352, 38.849676 ], [ -77.220277, 38.845538 ], [ -77.220222, 38.844626 ], [ -77.220108, 38.843587 ], [ -77.219933, 38.842394 ], [ -77.219855, 38.841886 ], [ -77.219475, 38.840024 ], [ -77.219016, 38.838251 ], [ -77.218783, 38.837509 ], [ -77.218404, 38.836135 ], [ -77.218266, 38.835359 ], [ -77.218214, 38.834776 ], [ -77.21821, 38.834517 ], [ -77.218534, 38.8346 ], [ -77.218666, 38.834633 ], [ -77.218686, 38.834466 ], [ -77.218551, 38.83442 ], [ -77.218209, 38.83433 ], [ -77.21821, 38.833851 ], [ -77.218258, 38.833006 ], [ -77.218373, 38.832114 ], [ -77.218581, 38.831124 ], [ -77.218854, 38.830199 ], [ -77.219027, 38.82972 ], [ -77.219416, 38.828813 ], [ -77.221215, 38.825361 ], [ -77.221584, 38.82464 ], [ -77.221764, 38.824239 ], [ -77.221915, 38.823851 ], [ -77.22215, 38.823104 ], [ -77.222241, 38.822733 ], [ -77.222384, 38.8219 ], [ -77.222434, 38.821377 ], [ -77.222459, 38.820801 ], [ -77.222435, 38.819992 ], [ -77.222322, 38.819104 ], [ -77.222133, 38.818209 ], [ -77.221948, 38.817627 ], [ -77.221797, 38.816893 ], [ -77.221568, 38.816074 ], [ -77.221361, 38.815608 ], [ -77.220726, 38.814558 ], [ -77.219405, 38.812798 ], [ -77.218307, 38.811375 ], [ -77.221015, 38.811338 ], [ -77.221647, 38.811366 ], [ -77.222002, 38.811369 ], [ -77.224633, 38.811293 ], [ -77.225313, 38.811205 ], [ -77.227652, 38.81118 ], [ -77.227936, 38.811161 ], [ -77.228491, 38.811157 ], [ -77.230129, 38.81114 ], [ -77.230266, 38.811136 ], [ -77.231467, 38.811116 ], [ -77.233446, 38.811072 ], [ -77.233748, 38.811076 ], [ -77.234878, 38.811017 ], [ -77.235081, 38.810928 ], [ -77.235177, 38.810931 ], [ -77.236234, 38.810875 ], [ -77.237749, 38.81085 ], [ -77.238598, 38.81085 ], [ -77.239736, 38.810878 ], [ -77.240244, 38.810904 ], [ -77.241928, 38.81085 ], [ -77.245132, 38.810677 ], [ -77.245682, 38.810666 ], [ -77.247641, 38.810557 ], [ -77.248839, 38.810537 ], [ -77.250176, 38.810545 ], [ -77.2509, 38.81059 ], [ -77.252573, 38.810623 ], [ -77.254111, 38.810635 ], [ -77.256497, 38.810715 ], [ -77.258025, 38.810745 ], [ -77.258464, 38.810754 ], [ -77.259679, 38.81069 ], [ -77.261448, 38.810685 ], [ -77.262588, 38.810736 ], [ -77.263685, 38.810846 ], [ -77.264209, 38.810928 ], [ -77.264766, 38.811041 ], [ -77.265841, 38.811358 ], [ -77.266099, 38.811461 ], [ -77.266232, 38.811511 ], [ -77.266387, 38.811598 ], [ -77.267454, 38.812416 ], [ -77.267782, 38.812716 ], [ -77.267949, 38.812918 ], [ -77.268294, 38.813375 ], [ -77.268435, 38.813531 ], [ -77.269286, 38.814367 ], [ -77.269711, 38.814767 ], [ -77.269895, 38.814909 ], [ -77.270249, 38.815183 ], [ -77.270549, 38.815384 ], [ -77.271511, 38.815893 ], [ -77.272478, 38.816357 ], [ -77.272722, 38.81649 ], [ -77.274025, 38.817277 ], [ -77.274704, 38.815914 ], [ -77.274926, 38.815263 ], [ -77.274971, 38.815073 ], [ -77.275032, 38.814675 ], [ -77.275003, 38.814601 ], [ -77.275048, 38.814203 ], [ -77.275114, 38.813674 ], [ -77.275212, 38.813257 ], [ -77.275282, 38.813054 ], [ -77.275398, 38.812856 ], [ -77.275439, 38.812842 ], [ -77.275811, 38.812336 ], [ -77.27658, 38.811439 ], [ -77.277235, 38.810784 ], [ -77.277372, 38.810572 ], [ -77.277624, 38.81071 ], [ -77.277844, 38.810899 ], [ -77.279195, 38.812476 ], [ -77.279464, 38.812757 ], [ -77.279617, 38.812868 ], [ -77.279799, 38.812969 ], [ -77.279997, 38.813049 ], [ -77.280191, 38.813104 ], [ -77.280637, 38.81318 ], [ -77.28109, 38.813229 ], [ -77.281466, 38.813226 ], [ -77.282675, 38.813095 ], [ -77.282982, 38.813077 ], [ -77.283342, 38.813088 ], [ -77.283875, 38.813162 ], [ -77.284311, 38.813253 ], [ -77.284591, 38.813366 ], [ -77.284804, 38.813487 ], [ -77.285426, 38.813918 ], [ -77.285968, 38.814274 ], [ -77.286198, 38.814377 ], [ -77.286458, 38.814457 ], [ -77.286744, 38.814507 ], [ -77.28706, 38.814522 ], [ -77.287345, 38.814499 ], [ -77.287606, 38.81445 ], [ -77.289081, 38.814036 ], [ -77.290826, 38.813546 ], [ -77.291138, 38.813443 ], [ -77.291488, 38.813291 ], [ -77.291762, 38.813197 ], [ -77.292079, 38.813129 ], [ -77.292252, 38.813108 ], [ -77.292494, 38.813101 ], [ -77.292709, 38.813112 ], [ -77.293991, 38.813222 ], [ -77.294457, 38.813243 ], [ -77.294821, 38.813236 ], [ -77.295317, 38.813189 ], [ -77.296149, 38.813082 ], [ -77.297381, 38.812936 ], [ -77.297601, 38.812947 ], [ -77.297835, 38.812988 ], [ -77.298134, 38.813095 ], [ -77.298271, 38.813171 ], [ -77.298835, 38.813516 ], [ -77.299138, 38.813658 ], [ -77.29941, 38.813712 ], [ -77.299591, 38.813729 ], [ -77.299787, 38.813725 ], [ -77.299992, 38.813704 ], [ -77.300598, 38.813561 ], [ -77.300802, 38.813531 ], [ -77.300954, 38.813527 ], [ -77.301162, 38.813544 ], [ -77.301414, 38.813593 ], [ -77.302085, 38.813843 ], [ -77.304428, 38.814773 ], [ -77.304593, 38.814818 ], [ -77.30481, 38.814853 ], [ -77.306403, 38.814974 ], [ -77.306718, 38.81494 ], [ -77.306902, 38.814894 ], [ -77.307065, 38.814834 ], [ -77.307238, 38.814748 ], [ -77.307522, 38.814607 ], [ -77.307822, 38.814504 ], [ -77.307954, 38.814474 ], [ -77.308632, 38.814444 ], [ -77.308694, 38.816189 ], [ -77.30875, 38.817561 ], [ -77.308753, 38.818264 ], [ -77.308781, 38.818927 ], [ -77.308808, 38.819176 ], [ -77.308851, 38.820179 ], [ -77.308852, 38.820261 ], [ -77.308832, 38.820436 ], [ -77.308683, 38.820992 ], [ -77.30785, 38.823944 ], [ -77.308998, 38.824123 ], [ -77.30933, 38.824196 ], [ -77.310449, 38.824387 ], [ -77.31074, 38.824453 ], [ -77.311116, 38.824579 ], [ -77.31137, 38.824687 ], [ -77.311928, 38.825023 ], [ -77.312609, 38.825462 ], [ -77.313378, 38.825991 ], [ -77.313742, 38.826219 ], [ -77.314188, 38.826433 ], [ -77.314814, 38.826702 ], [ -77.316412, 38.827361 ], [ -77.316594, 38.827436 ], [ -77.317456, 38.827826 ], [ -77.319213, 38.828702 ], [ -77.31977, 38.828957 ], [ -77.320431, 38.829253 ], [ -77.321094, 38.829466 ], [ -77.32138, 38.829527 ], [ -77.32165, 38.82958 ], [ -77.322013, 38.829625 ], [ -77.322737, 38.829695 ], [ -77.323961, 38.829785 ], [ -77.324963, 38.829859 ], [ -77.325676, 38.82992 ], [ -77.326192, 38.830006 ], [ -77.326764, 38.830143 ], [ -77.328135, 38.830607 ], [ -77.32857, 38.83077 ], [ -77.328983, 38.830901 ], [ -77.329331, 38.830999 ], [ -77.329915, 38.831101 ], [ -77.331706, 38.831359 ], [ -77.333848, 38.83165 ], [ -77.334339, 38.831756 ], [ -77.33475, 38.83188 ], [ -77.335028, 38.831999 ], [ -77.335371, 38.832178 ], [ -77.335877, 38.832476 ], [ -77.33669, 38.833036 ], [ -77.337201, 38.833351 ], [ -77.337737, 38.833622 ], [ -77.338273, 38.833785 ], [ -77.338546, 38.833845 ], [ -77.338829, 38.833885 ], [ -77.341982, 38.834177 ], [ -77.342528, 38.834186 ], [ -77.343261, 38.834121 ], [ -77.343576, 38.834046 ], [ -77.344765, 38.833686 ], [ -77.346233, 38.833264 ], [ -77.347636, 38.83291 ], [ -77.347925, 38.832806 ], [ -77.348284, 38.832681 ], [ -77.349022, 38.832335 ], [ -77.350786, 38.831458 ], [ -77.351188, 38.831275 ], [ -77.351778, 38.831065 ], [ -77.352047, 38.830978 ], [ -77.352906, 38.830758 ], [ -77.354085, 38.830583 ], [ -77.354711, 38.830557 ], [ -77.357759, 38.830566 ], [ -77.359755, 38.830539 ], [ -77.36035, 38.830484 ], [ -77.360917, 38.830394 ], [ -77.361341, 38.830319 ], [ -77.362092, 38.830129 ], [ -77.362277, 38.830072 ], [ -77.363978, 38.829507 ], [ -77.364578, 38.829322 ], [ -77.366572, 38.828643 ], [ -77.366849, 38.828567 ], [ -77.368411, 38.828033 ], [ -77.370906, 38.827288 ], [ -77.371123, 38.827208 ], [ -77.372048, 38.826919 ], [ -77.373074, 38.82663 ], [ -77.373479, 38.826561 ], [ -77.373851, 38.826539 ], [ -77.374094, 38.826543 ], [ -77.374577, 38.826608 ], [ -77.376679, 38.827027 ], [ -77.377003, 38.827057 ], [ -77.379413, 38.827146 ], [ -77.380381, 38.827164 ], [ -77.383932, 38.827251 ], [ -77.384496, 38.827281 ], [ -77.384535, 38.827107 ], [ -77.384536, 38.827024 ], [ -77.384497, 38.82691 ], [ -77.38421, 38.826549 ], [ -77.384154, 38.826384 ], [ -77.384166, 38.826267 ], [ -77.384322, 38.825873 ], [ -77.384378, 38.825667 ], [ -77.384402, 38.825426 ], [ -77.384394, 38.825341 ], [ -77.384334, 38.825167 ], [ -77.383987, 38.824703 ], [ -77.383452, 38.824052 ], [ -77.382903, 38.823458 ], [ -77.38206, 38.822079 ], [ -77.381934, 38.821927 ], [ -77.381658, 38.821659 ], [ -77.381518, 38.82146 ], [ -77.381391, 38.821077 ], [ -77.381352, 38.820886 ], [ -77.381291, 38.820406 ], [ -77.381279, 38.820018 ], [ -77.381271, 38.819453 ], [ -77.381208, 38.81899 ], [ -77.381173, 38.818452 ], [ -77.381144, 38.818255 ], [ -77.381071, 38.817996 ], [ -77.380936, 38.817694 ], [ -77.38078, 38.81745 ], [ -77.380589, 38.817227 ], [ -77.380254, 38.816923 ], [ -77.379504, 38.816288 ], [ -77.379237, 38.816101 ], [ -77.378364, 38.8156 ], [ -77.378082, 38.815419 ], [ -77.37788, 38.815267 ], [ -77.377097, 38.814596 ], [ -77.376884, 38.814385 ], [ -77.376771, 38.814237 ], [ -77.376655, 38.814058 ], [ -77.376493, 38.813727 ], [ -77.376369, 38.813517 ], [ -77.376029, 38.813125 ], [ -77.375789, 38.812829 ], [ -77.375087, 38.811991 ], [ -77.374885, 38.811706 ], [ -77.37481, 38.811567 ], [ -77.374538, 38.810932 ], [ -77.374382, 38.81063 ], [ -77.374184, 38.810339 ], [ -77.373759, 38.809852 ], [ -77.373644, 38.809679 ], [ -77.373096, 38.808566 ], [ -77.37284, 38.808088 ], [ -77.37231, 38.80719 ], [ -77.372104, 38.806912 ], [ -77.371899, 38.806516 ], [ -77.371802, 38.806255 ], [ -77.371718, 38.806033 ], [ -77.370915, 38.80448 ], [ -77.370847, 38.804301 ], [ -77.370691, 38.803675 ], [ -77.370517, 38.803279 ], [ -77.370307, 38.802808 ], [ -77.370256, 38.80264 ], [ -77.370242, 38.802465 ], [ -77.370191, 38.801993 ], [ -77.370063, 38.801742 ], [ -77.369915, 38.801589 ], [ -77.369394, 38.80117 ], [ -77.369123, 38.800909 ], [ -77.368947, 38.800673 ], [ -77.36871, 38.800249 ], [ -77.368004, 38.798924 ], [ -77.367539, 38.797953 ], [ -77.36703, 38.79702 ], [ -77.366486, 38.795884 ], [ -77.366246, 38.79523 ], [ -77.366083, 38.794861 ], [ -77.365928, 38.794607 ], [ -77.36559, 38.794061 ], [ -77.36524, 38.793566 ], [ -77.364966, 38.793229 ], [ -77.364499, 38.792741 ], [ -77.363805, 38.792061 ], [ -77.362827, 38.791191 ], [ -77.362722, 38.791012 ], [ -77.36263, 38.790774 ], [ -77.362409, 38.789934 ], [ -77.362339, 38.789827 ], [ -77.362736, 38.789414 ], [ -77.365067, 38.786587 ], [ -77.365521, 38.786148 ], [ -77.365899, 38.785852 ], [ -77.366497, 38.785448 ], [ -77.370393, 38.782925 ], [ -77.370909, 38.782616 ], [ -77.370976, 38.782581 ], [ -77.371628, 38.782268 ], [ -77.372214, 38.782071 ], [ -77.372519, 38.781995 ], [ -77.372828, 38.781935 ], [ -77.37346, 38.781862 ], [ -77.37385, 38.781851 ], [ -77.374278, 38.781865 ], [ -77.374381, 38.781872 ], [ -77.374705, 38.781902 ], [ -77.374998, 38.781948 ], [ -77.375578, 38.782085 ], [ -77.375956, 38.782198 ], [ -77.378325, 38.783011 ], [ -77.379031, 38.78319 ], [ -77.37965, 38.783278 ], [ -77.380134, 38.783304 ], [ -77.380618, 38.783293 ], [ -77.381105, 38.783246 ], [ -77.381426, 38.783195 ], [ -77.381761, 38.783124 ], [ -77.382253, 38.782989 ], [ -77.383032, 38.782691 ], [ -77.382728, 38.782284 ], [ -77.380233, 38.778944 ], [ -77.382938, 38.777696 ], [ -77.384821, 38.776828 ], [ -77.386024, 38.776273 ], [ -77.386059, 38.776246 ], [ -77.386097, 38.776239 ], [ -77.388181, 38.775278 ], [ -77.389809, 38.777421 ], [ -77.390354, 38.778135 ], [ -77.390687, 38.778576 ], [ -77.390803, 38.778731 ], [ -77.391233, 38.779297 ], [ -77.392298, 38.779045 ], [ -77.393931, 38.778776 ], [ -77.404203, 38.777211 ], [ -77.404562, 38.777145 ], [ -77.405088, 38.777013 ], [ -77.405582, 38.776845 ], [ -77.405883, 38.77672 ], [ -77.407535, 38.775948 ], [ -77.408456, 38.775553 ], [ -77.408666, 38.775484 ], [ -77.408976, 38.775391 ], [ -77.412209, 38.77457 ], [ -77.413228, 38.774353 ], [ -77.413696, 38.774288 ], [ -77.414168, 38.774245 ], [ -77.414642, 38.774227 ], [ -77.415216, 38.77427 ], [ -77.41572, 38.774368 ], [ -77.416206, 38.774519 ], [ -77.417167, 38.77496 ], [ -77.419149, 38.775946 ], [ -77.419659, 38.776183 ], [ -77.420186, 38.776397 ], [ -77.421316, 38.776751 ], [ -77.421385, 38.776918 ], [ -77.42143, 38.776953 ], [ -77.421447, 38.776991 ], [ -77.42142, 38.777026 ], [ -77.421437, 38.777077 ], [ -77.421805, 38.776844 ], [ -77.421797, 38.77681 ], [ -77.421776, 38.776574 ], [ -77.421732, 38.77645 ], [ -77.421584, 38.776206 ], [ -77.421495, 38.776107 ], [ -77.421403, 38.776036 ], [ -77.421273, 38.776012 ], [ -77.42112, 38.776036 ], [ -77.421008, 38.776072 ], [ -77.420666, 38.776059 ], [ -77.420456, 38.776012 ], [ -77.420289, 38.775944 ], [ -77.420178, 38.775857 ], [ -77.419956, 38.775585 ], [ -77.41981, 38.775435 ], [ -77.419696, 38.775366 ], [ -77.419268, 38.775225 ], [ -77.418488, 38.775029 ], [ -77.41808, 38.774887 ], [ -77.41764, 38.77471 ], [ -77.416491, 38.77408 ], [ -77.415484, 38.773495 ], [ -77.415068, 38.773295 ], [ -77.414688, 38.77315 ], [ -77.41419, 38.77303 ], [ -77.413694, 38.772813 ], [ -77.41352, 38.772681 ], [ -77.413191, 38.772253 ], [ -77.412704, 38.77181 ], [ -77.412629, 38.771712 ], [ -77.412587, 38.771617 ], [ -77.412587, 38.771514 ], [ -77.412648, 38.771339 ], [ -77.412722, 38.771251 ], [ -77.412832, 38.77117 ], [ -77.413, 38.771086 ], [ -77.413226, 38.770999 ], [ -77.413785, 38.770733 ], [ -77.414533, 38.770292 ], [ -77.414838, 38.770085 ], [ -77.415212, 38.769707 ], [ -77.415338, 38.769487 ], [ -77.41544, 38.769154 ], [ -77.415692, 38.768175 ], [ -77.415815, 38.767558 ], [ -77.415817, 38.767458 ], [ -77.415778, 38.767176 ], [ -77.415552, 38.766804 ], [ -77.415485, 38.766727 ], [ -77.415406, 38.766672 ], [ -77.415234, 38.766613 ], [ -77.414663, 38.766575 ], [ -77.414105, 38.766466 ], [ -77.413762, 38.766314 ], [ -77.413577, 38.766208 ], [ -77.413466, 38.766116 ], [ -77.413222, 38.765817 ], [ -77.412906, 38.765447 ], [ -77.412862, 38.765374 ], [ -77.412809, 38.765328 ], [ -77.412754, 38.765208 ], [ -77.412728, 38.76507 ], [ -77.412711, 38.764663 ], [ -77.412677, 38.76438 ], [ -77.412724, 38.764077 ], [ -77.412736, 38.763265 ], [ -77.41278, 38.762743 ], [ -77.412868, 38.762569 ], [ -77.413124, 38.762245 ], [ -77.413204, 38.762161000000113 ], [ -77.413429, 38.761993 ], [ -77.413578, 38.761927 ], [ -77.413742, 38.761894 ], [ -77.41384, 38.761892 ], [ -77.414018, 38.76193 ], [ -77.414191, 38.762009 ], [ -77.414411, 38.762146 ], [ -77.414508, 38.76218 ], [ -77.414869, 38.762254 ], [ -77.414956, 38.762253 ], [ -77.415348, 38.762195000000105 ], [ -77.415467, 38.762157 ], [ -77.415734, 38.762024 ], [ -77.416648, 38.761605000000102 ], [ -77.417022, 38.761379 ], [ -77.417204, 38.76124 ], [ -77.417296, 38.761073 ], [ -77.41728, 38.7609 ], [ -77.417233, 38.760792 ], [ -77.416812, 38.760107 ], [ -77.416666, 38.759708 ], [ -77.41665, 38.759586 ], [ -77.416621, 38.759511 ], [ -77.416551, 38.759388 ], [ -77.41648, 38.759168 ], [ -77.416212, 38.75863 ], [ -77.415945, 38.758188 ], [ -77.41585, 38.75807 ], [ -77.415677, 38.757907 ], [ -77.415407, 38.757754 ], [ -77.415295, 38.757731 ], [ -77.415186, 38.757724 ], [ -77.414631, 38.75775 ], [ -77.414385, 38.757691 ], [ -77.414309, 38.75766 ], [ -77.413974, 38.757466 ], [ -77.413881, 38.757436 ], [ -77.413146, 38.757064 ], [ -77.412933, 38.756939 ], [ -77.41183, 38.756443 ], [ -77.411388, 38.75618 ], [ -77.41036, 38.755663 ], [ -77.410046, 38.755538 ], [ -77.409582, 38.755316 ], [ -77.408844, 38.755026 ], [ -77.407931, 38.754641 ], [ -77.407808, 38.754554 ], [ -77.407614, 38.754456 ], [ -77.407019, 38.754196 ], [ -77.406682, 38.753959 ], [ -77.406558, 38.753832 ], [ -77.406464, 38.753694 ], [ -77.40637, 38.753421 ], [ -77.40638, 38.753136 ], [ -77.406454, 38.752971 ], [ -77.406673, 38.752678 ], [ -77.406841, 38.752481 ], [ -77.406971, 38.75237 ], [ -77.407116, 38.752265 ], [ -77.40746, 38.752058 ], [ -77.407805, 38.751762 ], [ -77.408015, 38.751557 ], [ -77.408975, 38.750756 ], [ -77.409438, 38.750335 ], [ -77.409839, 38.750014 ], [ -77.410385, 38.749558 ], [ -77.410425, 38.749607 ], [ -77.410825, 38.749893 ], [ -77.411125, 38.750115 ], [ -77.411072, 38.750418 ], [ -77.411211, 38.750585 ], [ -77.411808, 38.750595 ], [ -77.412366, 38.750517000000102 ], [ -77.412419, 38.750439 ], [ -77.412539, 38.750437 ], [ -77.412659, 38.750478 ], [ -77.412827, 38.750475 ], [ -77.413443, 38.750616 ], [ -77.413709, 38.750616 ], [ -77.414175, 38.750497 ], [ -77.414259, 38.750489 ], [ -77.414438, 38.750595 ], [ -77.414553, 38.750675 ], [ -77.414554, 38.750725 ], [ -77.414606, 38.75079 ], [ -77.414741, 38.750864 ], [ -77.414771, 38.750902 ], [ -77.414754, 38.751017 ], [ -77.414692, 38.751068 ], [ -77.414778, 38.751105 ], [ -77.414965, 38.751244 ], [ -77.415206, 38.751546 ], [ -77.415321, 38.751626 ], [ -77.415453, 38.751799 ], [ -77.415485, 38.751903 ], [ -77.415354, 38.752191 ], [ -77.415176, 38.752327 ], [ -77.41513, 38.752399 ], [ -77.415131, 38.752427 ], [ -77.41516, 38.752453 ], [ -77.415289, 38.752539 ], [ -77.415521, 38.752556 ], [ -77.415814, 38.752506 ], [ -77.416468, 38.752361 ], [ -77.416598, 38.752254 ], [ -77.41663, 38.752176 ], [ -77.416506, 38.752014 ], [ -77.41643, 38.75184 ], [ -77.416408, 38.751615 ], [ -77.416417, 38.751477 ], [ -77.416451, 38.751456 ], [ -77.416614, 38.751265 ], [ -77.417204, 38.750879 ], [ -77.417497, 38.750626 ], [ -77.417703, 38.7505 ], [ -77.418064, 38.750383 ], [ -77.418245, 38.750341 ], [ -77.418371, 38.750344 ], [ -77.418639, 38.750382 ], [ -77.419168, 38.750476 ], [ -77.419233, 38.750529 ], [ -77.419319, 38.750775 ], [ -77.419322, 38.750879 ], [ -77.419344, 38.750911 ], [ -77.419581, 38.751077 ], [ -77.419801, 38.751352 ], [ -77.419834, 38.751489 ], [ -77.41984, 38.751665 ], [ -77.419883, 38.751708 ], [ -77.420178, 38.751713 ], [ -77.420505, 38.751843 ], [ -77.420645, 38.75184 ], [ -77.420715, 38.751822 ], [ -77.420736, 38.751833 ], [ -77.420827, 38.751825 ], [ -77.421138, 38.751698 ], [ -77.421597, 38.751354 ], [ -77.421875, 38.751276 ], [ -77.422064, 38.751278 ], [ -77.422142, 38.751304 ], [ -77.42235, 38.751426 ], [ -77.422401, 38.751485 ], [ -77.422458, 38.751511 ], [ -77.422493, 38.751511 ], [ -77.422631, 38.751464 ], [ -77.422739, 38.751313 ], [ -77.422943, 38.751128 ], [ -77.423009, 38.751011 ], [ -77.422965, 38.750946 ], [ -77.422771, 38.750401 ], [ -77.422783, 38.750351 ], [ -77.422718, 38.750083 ], [ -77.422769, 38.749945 ], [ -77.423236, 38.749644 ], [ -77.423734, 38.749211 ], [ -77.424154, 38.748994 ], [ -77.42425, 38.74892 ], [ -77.424363, 38.748742 ], [ -77.424433, 38.748334 ], [ -77.4245, 38.748234 ], [ -77.424595, 38.748139 ], [ -77.424748, 38.748086 ], [ -77.425431, 38.747984 ], [ -77.426497, 38.747764 ], [ -77.426524, 38.74772 ], [ -77.426532, 38.74756 ], [ -77.426395, 38.74703 ], [ -77.426396, 38.746849 ], [ -77.426542, 38.74661 ], [ -77.426733, 38.746436 ], [ -77.427143, 38.746328 ], [ -77.42762, 38.746143 ], [ -77.427919, 38.74607 ], [ -77.428325, 38.74604 ], [ -77.428436, 38.74601 ], [ -77.428476, 38.745526 ], [ -77.428744, 38.744938 ], [ -77.428846, 38.744854 ], [ -77.429034, 38.744806 ], [ -77.429702, 38.744874 ], [ -77.429779, 38.744851 ], [ -77.42984, 38.744784 ], [ -77.429923, 38.744777 ], [ -77.430002, 38.7448 ], [ -77.430186, 38.744853 ], [ -77.430922, 38.74486 ], [ -77.431242, 38.745183 ], [ -77.431404, 38.745196 ], [ -77.431828, 38.745094 ], [ -77.432501, 38.745102 ], [ -77.433236, 38.745043 ], [ -77.433531, 38.745064 ], [ -77.433772, 38.74513 ], [ -77.433944, 38.745237 ], [ -77.433985, 38.745428 ], [ -77.43405, 38.745471 ], [ -77.43492, 38.745277 ], [ -77.435152, 38.745091 ], [ -77.435432, 38.745068 ], [ -77.435515, 38.745034 ], [ -77.43549, 38.744908 ], [ -77.435551, 38.744857 ], [ -77.436024, 38.744748 ], [ -77.436389, 38.744538 ], [ -77.436528, 38.744299 ], [ -77.436692, 38.744184 ], [ -77.437152, 38.744474 ], [ -77.437437, 38.744691 ], [ -77.438285, 38.745535 ], [ -77.438517, 38.745746 ], [ -77.439343, 38.746429 ], [ -77.439553, 38.746642 ], [ -77.439655, 38.746782 ], [ -77.440294, 38.747988 ], [ -77.440451, 38.748165 ], [ -77.440531, 38.748207 ], [ -77.440745, 38.748266 ], [ -77.444666, 38.748482 ], [ -77.444612, 38.74859 ], [ -77.444496, 38.749138 ], [ -77.444445, 38.74928 ], [ -77.444268, 38.749602 ], [ -77.444044, 38.749877 ], [ -77.4439, 38.750015 ], [ -77.44374, 38.750141 ], [ -77.443438, 38.750332 ], [ -77.443505, 38.750433 ], [ -77.443976, 38.750968 ], [ -77.4443, 38.750772 ], [ -77.44475, 38.750447 ], [ -77.445131, 38.750709 ], [ -77.445274, 38.750829 ], [ -77.445974, 38.751746 ], [ -77.446048, 38.75186 ], [ -77.4461, 38.752002 ], [ -77.446202, 38.75272 ], [ -77.446305, 38.753267 ], [ -77.446293, 38.753409 ], [ -77.446214, 38.753688 ], [ -77.446698, 38.754001 ], [ -77.446806, 38.754052 ], [ -77.447017, 38.75407 ], [ -77.447751, 38.75403 ], [ -77.447956, 38.754001 ], [ -77.448412, 38.753882 ], [ -77.449067, 38.753637 ], [ -77.449525, 38.753503 ], [ -77.450195, 38.753282 ], [ -77.449881, 38.752687 ], [ -77.449491, 38.751874 ], [ -77.449231, 38.751208 ], [ -77.449153, 38.750608 ], [ -77.449144, 38.750125 ], [ -77.449175, 38.749778 ], [ -77.449226, 38.749604 ], [ -77.449329, 38.748961 ], [ -77.449365, 38.748858 ], [ -77.449487, 38.748039 ], [ -77.450255, 38.744382 ], [ -77.451052, 38.741297 ], [ -77.451277, 38.740102 ], [ -77.451288, 38.740035 ], [ -77.451321, 38.73991 ], [ -77.451513, 38.73905 ], [ -77.451642, 38.738337 ], [ -77.451867, 38.738363 ], [ -77.451951, 38.73833 ], [ -77.452058, 38.738312 ], [ -77.45239, 38.738335 ], [ -77.452565, 38.738374 ], [ -77.453552, 38.73852 ], [ -77.45336, 38.737187 ], [ -77.453651, 38.73711 ], [ -77.454029, 38.736009 ], [ -77.453992, 38.735963 ], [ -77.454573, 38.735569 ], [ -77.455622, 38.734936 ], [ -77.457986, 38.733645 ], [ -77.458946, 38.73324 ], [ -77.459599, 38.733981 ], [ -77.462723, 38.731876 ], [ -77.462747, 38.731793 ], [ -77.462787, 38.731671 ], [ -77.46334, 38.731432 ], [ -77.469706, 38.728384 ], [ -77.471111, 38.727711 ], [ -77.471177, 38.727665 ], [ -77.471242, 38.727608 ], [ -77.472573, 38.727328 ], [ -77.473173, 38.728355 ], [ -77.474609, 38.728841 ], [ -77.477012, 38.729619 ], [ -77.480314, 38.730732 ], [ -77.480229, 38.730958 ], [ -77.480221, 38.731017 ], [ -77.480236, 38.731336 ], [ -77.480301, 38.731535 ], [ -77.480758, 38.732302 ], [ -77.481171, 38.732159 ], [ -77.481408, 38.732096 ], [ -77.48165, 38.732045 ], [ -77.48219, 38.731981 ], [ -77.482415, 38.731968 ], [ -77.482819, 38.731981 ], [ -77.483331, 38.732047 ], [ -77.483566, 38.732096 ], [ -77.483981, 38.732222 ], [ -77.484514, 38.732454 ], [ -77.484743, 38.73258 ], [ -77.485137, 38.73287 ], [ -77.488184, 38.73098 ], [ -77.488732, 38.731854 ], [ -77.488868, 38.731939 ], [ -77.490253, 38.731451 ], [ -77.490504, 38.730117 ], [ -77.49052, 38.729935 ], [ -77.490563, 38.729713 ], [ -77.490678, 38.728976 ], [ -77.490783, 38.728743 ], [ -77.490876, 38.728607 ], [ -77.491499, 38.72792 ], [ -77.492429, 38.726933 ], [ -77.493417, 38.72596 ], [ -77.493912, 38.725451 ], [ -77.494195, 38.725165 ], [ -77.494536, 38.724894 ], [ -77.494744, 38.724761 ], [ -77.495583, 38.724285 ], [ -77.495791, 38.724146 ], [ -77.49595, 38.724018 ], [ -77.496303, 38.723664 ], [ -77.496433, 38.723511 ], [ -77.496668, 38.723176 ], [ -77.496744, 38.723019 ], [ -77.496955, 38.722415 ], [ -77.497099, 38.72215 ], [ -77.497237, 38.72198 ], [ -77.497717, 38.721475 ], [ -77.498251, 38.72135 ], [ -77.49844, 38.721346 ], [ -77.498794, 38.721437 ], [ -77.499033, 38.721459 ], [ -77.499327, 38.721365 ], [ -77.499378, 38.72135 ], [ -77.499413, 38.721314 ], [ -77.499566, 38.721278 ], [ -77.499627, 38.721222 ], [ -77.499834, 38.721118 ], [ -77.499941, 38.72077 ], [ -77.500489, 38.720401 ], [ -77.501029, 38.719802 ], [ -77.501276, 38.719632 ], [ -77.501379, 38.71958 ], [ -77.501851, 38.719444 ], [ -77.502077, 38.719291 ], [ -77.502256, 38.719204 ], [ -77.502344, 38.71912 ], [ -77.502313, 38.719011 ], [ -77.502318, 38.718973 ], [ -77.502352, 38.718933 ], [ -77.502504, 38.71887 ], [ -77.502517, 38.718628 ], [ -77.502586, 38.718396 ], [ -77.502832, 38.718231 ], [ -77.502888, 38.718213 ], [ -77.502913, 38.717944 ], [ -77.503014, 38.71781 ], [ -77.503012, 38.717749 ], [ -77.502933, 38.717504 ], [ -77.502882, 38.717445 ], [ -77.502862, 38.71728 ], [ -77.502883, 38.717066 ], [ -77.50296, 38.716877 ], [ -77.503015, 38.716832 ], [ -77.503486, 38.716632 ], [ -77.502996, 38.716157 ], [ -77.502802, 38.715939 ], [ -77.502647, 38.715731 ], [ -77.502526, 38.715507 ], [ -77.502522, 38.715289 ], [ -77.502449, 38.715043 ], [ -77.502385, 38.714412 ], [ -77.502428, 38.713469 ], [ -77.502414, 38.713279 ], [ -77.502518, 38.712761 ], [ -77.502658, 38.712446 ], [ -77.502849, 38.7121 ], [ -77.50304, 38.711696 ], [ -77.503233, 38.711395 ], [ -77.503733, 38.710339 ], [ -77.503816, 38.710005 ], [ -77.503979, 38.709762 ], [ -77.504234, 38.709507 ], [ -77.504508, 38.709282 ], [ -77.504841, 38.709093 ], [ -77.505445, 38.708539 ], [ -77.505661, 38.708218 ], [ -77.505826, 38.707859 ], [ -77.505942, 38.707404 ], [ -77.506031, 38.706894 ], [ -77.50611, 38.706549 ], [ -77.506239, 38.706106 ], [ -77.513241, 38.716009 ], [ -77.513349, 38.716163 ], [ -77.513714, 38.715985 ], [ -77.514283, 38.715816 ], [ -77.514587, 38.715747 ], [ -77.514913, 38.715631000000101 ], [ -77.515076, 38.715513 ], [ -77.515249, 38.715419 ], [ -77.515412, 38.715365 ], [ -77.516088, 38.715295 ], [ -77.517223, 38.715365 ], [ -77.517962, 38.71554 ], [ -77.518258, 38.715674 ], [ -77.51858, 38.715783 ], [ -77.519216, 38.716048 ], [ -77.520143, 38.717064 ], [ -77.520828, 38.717484 ], [ -77.521102, 38.717592 ], [ -77.521766, 38.717661 ], [ -77.522513, 38.717814 ], [ -77.523109, 38.71776 ], [ -77.523318, 38.717691 ], [ -77.523569, 38.717642 ], [ -77.523858, 38.717623 ], [ -77.524001, 38.717756 ], [ -77.523891, 38.718138 ], [ -77.523426, 38.718542 ], [ -77.523105, 38.718774 ], [ -77.522771, 38.719081 ], [ -77.522348, 38.719955 ], [ -77.521226, 38.722019 ], [ -77.521245, 38.722528 ], [ -77.521516, 38.722994 ], [ -77.521797, 38.723189 ], [ -77.522484, 38.723491 ], [ -77.52312, 38.723694 ], [ -77.523344, 38.723722 ], [ -77.524137, 38.72376 ], [ -77.52436, 38.723759 ], [ -77.524369, 38.723929 ], [ -77.525218, 38.724022 ], [ -77.525973, 38.724154 ], [ -77.526958, 38.724253 ], [ -77.527666, 38.724243 ], [ -77.52835, 38.724168 ], [ -77.528945, 38.723936 ], [ -77.529224, 38.723704 ], [ -77.529602, 38.723477 ], [ -77.529812, 38.723466 ], [ -77.530004, 38.723545 ], [ -77.530319, 38.723939 ], [ -77.530443, 38.724271 ], [ -77.530454, 38.724584 ], [ -77.530374, 38.724893 ], [ -77.530295, 38.725444 ], [ -77.530404, 38.725744 ], [ -77.530557, 38.725894 ], [ -77.530813, 38.72601 ], [ -77.53104, 38.726093 ], [ -77.53147, 38.72616 ], [ -77.531683, 38.726232 ], [ -77.531692, 38.726253 ], [ -77.531741, 38.726223 ], [ -77.536686, 38.723336 ], [ -77.542786, 38.719748 ], [ -77.547204, 38.717186 ], [ -77.54919, 38.716014 ], [ -77.557776, 38.711012 ], [ -77.557844, 38.710973 ], [ -77.557877, 38.71108 ], [ -77.557857, 38.711311 ], [ -77.557945, 38.711617 ], [ -77.558174, 38.711947 ], [ -77.558407, 38.712178 ], [ -77.558647, 38.712233 ], [ -77.559286, 38.712076 ], [ -77.559589, 38.712103 ], [ -77.559858, 38.712179 ], [ -77.560342, 38.712201 ], [ -77.561064, 38.712202 ], [ -77.561532, 38.712173 ], [ -77.562037, 38.712142 ], [ -77.563102, 38.712141 ], [ -77.564373, 38.71219 ], [ -77.564648, 38.712267 ], [ -77.565514, 38.71135 ], [ -77.566019, 38.710871 ], [ -77.566499, 38.71046 ], [ -77.566753, 38.710255 ], [ -77.56739, 38.709785 ], [ -77.568136, 38.709291 ], [ -77.568919, 38.708839 ], [ -77.569321, 38.708624 ], [ -77.569922, 38.70833 ], [ -77.576359, 38.70541 ], [ -77.577109, 38.70505 ], [ -77.57756, 38.704814 ], [ -77.578202, 38.704456 ], [ -77.579056, 38.703931 ], [ -77.580063, 38.703231 ], [ -77.580799, 38.702648 ], [ -77.583384, 38.700456 ], [ -77.583755, 38.700182 ], [ -77.583925, 38.700051 ], [ -77.584313, 38.699805 ], [ -77.585734, 38.698941 ], [ -77.588638, 38.697188 ], [ -77.58961, 38.696636 ], [ -77.590734, 38.696076 ], [ -77.591725, 38.695646 ], [ -77.592407, 38.695388 ], [ -77.597351, 38.693633 ], [ -77.598939, 38.693075 ], [ -77.599589, 38.69287 ], [ -77.600563, 38.692603 ], [ -77.601588, 38.692367 ], [ -77.615137, 38.689822 ], [ -77.616056, 38.689638 ], [ -77.61678, 38.689451 ], [ -77.617469, 38.689224 ], [ -77.617841, 38.689082 ], [ -77.618428, 38.688824 ], [ -77.618821, 38.688629 ], [ -77.61924, 38.688398 ], [ -77.619641, 38.688149 ], [ -77.620079, 38.688791 ], [ -77.624978, 38.696168 ], [ -77.626375, 38.697227 ], [ -77.627945, 38.698338 ], [ -77.628285, 38.698636 ], [ -77.629435, 38.699859 ], [ -77.629658, 38.700023 ], [ -77.629786, 38.700088 ], [ -77.633756, 38.701652 ], [ -77.635663, 38.702373 ], [ -77.636296, 38.702662 ], [ -77.637544, 38.703157 ], [ -77.644892, 38.706063 ], [ -77.645251, 38.706181 ], [ -77.645554, 38.706216 ], [ -77.64586, 38.706196 ], [ -77.646148, 38.706138 ], [ -77.65702, 38.703289 ], [ -77.658204, 38.702987 ], [ -77.658442, 38.702984 ], [ -77.660373, 38.703433 ], [ -77.660918, 38.70354 ], [ -77.662006, 38.703725 ], [ -77.662771, 38.703843 ], [ -77.662994, 38.703861 ], [ -77.663224, 38.703861 ], [ -77.663688, 38.703917 ], [ -77.664583, 38.703989 ], [ -77.665836, 38.704056 ], [ -77.665889, 38.703544 ], [ -77.666196, 38.700477 ], [ -77.666267, 38.700181 ], [ -77.66634, 38.699973 ], [ -77.666779, 38.698995 ], [ -77.669606, 38.693127 ], [ -77.669754, 38.692722 ], [ -77.669854, 38.69226 ], [ -77.669881, 38.691837 ], [ -77.669871, 38.691601 ], [ -77.669819, 38.691226 ], [ -77.669764, 38.690994 ], [ -77.669557, 38.690313 ], [ -77.666445, 38.679915 ], [ -77.666154, 38.678973 ], [ -77.666082, 38.678805 ], [ -77.665929, 38.67854 ], [ -77.666105, 38.678478 ], [ -77.666245, 38.678474 ], [ -77.666508, 38.678577 ], [ -77.667452, 38.679012 ], [ -77.667938, 38.679218 ], [ -77.668091, 38.679268 ], [ -77.668169, 38.679262 ], [ -77.668256, 38.679195 ], [ -77.669246, 38.677018 ], [ -77.671977, 38.67112 ], [ -77.673099, 38.668632 ], [ -77.67319, 38.668288 ], [ -77.673263, 38.667677 ], [ -77.673549, 38.664707 ], [ -77.673815, 38.662096 ], [ -77.673894, 38.661813 ], [ -77.674009, 38.661537 ], [ -77.674113, 38.661346 ], [ -77.674918, 38.660324 ], [ -77.67742, 38.657248 ], [ -77.677644, 38.656903 ], [ -77.677731, 38.656721 ], [ -77.677844, 38.656384 ], [ -77.677882, 38.656192 ], [ -77.678087, 38.653717 ], [ -77.678105, 38.653198 ], [ -77.678073, 38.65262 ], [ -77.678066, 38.652493 ], [ -77.678024, 38.651864 ], [ -77.678056, 38.651365 ], [ -77.678448, 38.649382 ], [ -77.678455, 38.649124 ], [ -77.678364, 38.648802 ], [ -77.677339, 38.646167 ], [ -77.676531, 38.644027 ], [ -77.674333, 38.6379 ], [ -77.67426, 38.637583 ], [ -77.674243, 38.637369 ], [ -77.674372, 38.636084 ], [ -77.674348, 38.635967 ], [ -77.674256, 38.635874 ], [ -77.67479, 38.635618 ], [ -77.675251, 38.635375 ], [ -77.676023, 38.634934 ], [ -77.676311, 38.634743 ], [ -77.676921, 38.634312 ], [ -77.677439, 38.633889 ], [ -77.67805, 38.63332 ], [ -77.678601, 38.632734 ], [ -77.684429, 38.62561 ], [ -77.684785, 38.625226 ], [ -77.684939, 38.625092 ], [ -77.685292, 38.624816 ], [ -77.685513, 38.624672 ], [ -77.685971, 38.624418 ], [ -77.686325, 38.624261 ], [ -77.693333, 38.621481 ], [ -77.693784, 38.6213 ], [ -77.696721, 38.620142 ], [ -77.698404, 38.619465 ], [ -77.698849, 38.619263 ], [ -77.699317, 38.618966 ], [ -77.699546, 38.618768 ], [ -77.699768, 38.618564 ], [ -77.700727, 38.617589 ], [ -77.701034, 38.617344 ], [ -77.701348, 38.61713 ], [ -77.703484, 38.615764 ], [ -77.706338, 38.61387 ], [ -77.70755, 38.613084 ], [ -77.709952, 38.611498 ], [ -77.711141, 38.610666 ], [ -77.713842, 38.608566 ], [ -77.71638, 38.606589 ], [ -77.716923, 38.606192 ], [ -77.717352, 38.6059 ], [ -77.720132, 38.604107 ], [ -77.720324, 38.604279 ], [ -77.720873, 38.604718 ], [ -77.722111, 38.605672 ], [ -77.724815, 38.607831 ], [ -77.725725, 38.608592 ], [ -77.726744, 38.609414 ], [ -77.726399, 38.609732 ], [ -77.7247, 38.611318 ], [ -77.724623, 38.61141 ], [ -77.724562, 38.611509 ], [ -77.723919, 38.613015 ], [ -77.723832, 38.613185 ], [ -77.723721, 38.613347 ], [ -77.723594, 38.613491 ], [ -77.723233, 38.6138 ], [ -77.723118, 38.61392 ], [ -77.722758, 38.614487 ], [ -77.722546, 38.614776 ], [ -77.72227, 38.615112 ], [ -77.721436, 38.615878 ], [ -77.719952, 38.61614 ], [ -77.718857, 38.618133 ], [ -77.719209, 38.618747 ], [ -77.719242, 38.618882 ], [ -77.719287, 38.618924 ], [ -77.719433, 38.619456 ], [ -77.719661, 38.620151 ], [ -77.719845, 38.621015 ], [ -77.719932, 38.621296 ], [ -77.72053, 38.622812 ], [ -77.718083, 38.624864 ], [ -77.71758, 38.625265 ], [ -77.714822, 38.627344 ], [ -77.713934, 38.628057 ], [ -77.719444, 38.632351 ], [ -77.720155, 38.632999 ], [ -77.720396, 38.633253 ], [ -77.721157, 38.63419 ], [ -77.721901, 38.63516 ], [ -77.722303, 38.635619 ], [ -77.72269, 38.635965 ], [ -77.724799, 38.637693 ], [ -77.72505, 38.637936 ], [ -77.725187, 38.638102 ], [ -77.725319, 38.638292 ], [ -77.725492, 38.638589 ], [ -77.726998, 38.641466 ], [ -77.727201, 38.641329 ], [ -77.733277, 38.635307 ], [ -77.733642, 38.634964 ], [ -77.733807, 38.634831 ], [ -77.734171, 38.634598 ], [ -77.734371, 38.634497 ], [ -77.734801, 38.634335 ], [ -77.735537, 38.6341 ], [ -77.735953, 38.633911 ], [ -77.736317, 38.633679 ], [ -77.736681, 38.633365 ], [ -77.736865, 38.633166 ], [ -77.7382, 38.631531 ], [ -77.738694, 38.630961 ], [ -77.739029, 38.630673 ], [ -77.739349, 38.630447 ], [ -77.739973, 38.630064 ], [ -77.740915, 38.629489 ], [ -77.741163, 38.6293 ], [ -77.741405, 38.629057 ], [ -77.74164, 38.628746 ], [ -77.74175, 38.628541 ], [ -77.742374, 38.626841 ], [ -77.742529, 38.626512 ], [ -77.742607, 38.626387 ], [ -77.742847, 38.626105 ], [ -77.743119, 38.625864 ], [ -77.743922, 38.625297 ], [ -77.745035, 38.624522 ], [ -77.745462, 38.624202 ], [ -77.74694, 38.622669 ], [ -77.747264, 38.622397 ], [ -77.747778, 38.622095 ], [ -77.751872, 38.619868 ], [ -77.753148, 38.619211 ], [ -77.755138, 38.61829 ], [ -77.755708, 38.618013 ], [ -77.75623, 38.617734 ], [ -77.7566, 38.617513 ], [ -77.757295, 38.617032 ], [ -77.76184, 38.613707 ], [ -77.762126, 38.613502 ], [ -77.762909, 38.613013 ], [ -77.763591, 38.612648 ], [ -77.764259, 38.612318 ], [ -77.764761, 38.612118 ], [ -77.765189, 38.612014 ], [ -77.765583, 38.611966 ], [ -77.76675, 38.611907 ], [ -77.767196, 38.611834 ], [ -77.767574, 38.611732 ], [ -77.768653, 38.611395 ], [ -77.769414, 38.611193 ], [ -77.771147, 38.610743 ], [ -77.771653, 38.610665 ], [ -77.771922, 38.610651 ], [ -77.772262, 38.610662 ], [ -77.772147, 38.611004 ], [ -77.771262, 38.613605 ], [ -77.770947, 38.614602 ], [ -77.770901, 38.614981 ], [ -77.770946, 38.615785 ], [ -77.770938, 38.616147 ], [ -77.770911, 38.616439 ], [ -77.770587, 38.618546 ], [ -77.770359, 38.619705 ], [ -77.770176, 38.620466 ], [ -77.769862, 38.62141 ], [ -77.769638, 38.622031 ], [ -77.769502, 38.622275 ], [ -77.766958, 38.625756 ], [ -77.766602, 38.626206 ], [ -77.766345, 38.626502 ], [ -77.766179, 38.626662 ], [ -77.76569, 38.627053 ], [ -77.764398, 38.628011 ], [ -77.763956, 38.628366 ], [ -77.763744, 38.628569 ], [ -77.763677, 38.628651 ], [ -77.763561, 38.628863 ], [ -77.763514, 38.62906 ], [ -77.763504, 38.62922 ], [ -77.763466, 38.630979 ], [ -77.763514, 38.634818 ], [ -77.763577, 38.635721 ], [ -77.763627, 38.63609 ], [ -77.763842, 38.637289 ], [ -77.763858, 38.637613 ], [ -77.763793, 38.637961 ], [ -77.76363, 38.638345 ], [ -77.763295, 38.638881 ], [ -77.762881, 38.639464 ], [ -77.762799, 38.63961 ], [ -77.762756, 38.639741 ], [ -77.762746, 38.639838 ], [ -77.762785, 38.640093 ], [ -77.76333, 38.641513 ], [ -77.763939, 38.643206 ], [ -77.76429, 38.644066 ], [ -77.765018, 38.645771 ], [ -77.765321, 38.646248 ], [ -77.765592, 38.646565 ], [ -77.769996, 38.650683 ], [ -77.770531, 38.651154 ], [ -77.771801, 38.652203 ], [ -77.771989, 38.652342 ], [ -77.772163, 38.652447 ], [ -77.772441, 38.652577 ], [ -77.772832, 38.652696 ], [ -77.773072, 38.652747 ], [ -77.773843, 38.652849 ], [ -77.776139, 38.653114 ], [ -77.778137, 38.653368 ], [ -77.780806, 38.653638 ], [ -77.782354, 38.653767 ], [ -77.782826, 38.653833 ], [ -77.782963, 38.653857 ], [ -77.783168, 38.653919 ], [ -77.783415, 38.654094 ], [ -77.783866, 38.654534 ], [ -77.784554, 38.655208 ], [ -77.788168, 38.658245 ], [ -77.788572, 38.658611 ], [ -77.788821, 38.658853 ], [ -77.789174, 38.659279 ], [ -77.789284, 38.659439 ], [ -77.789392, 38.65965 ], [ -77.78944, 38.659885 ], [ -77.78942, 38.660383 ], [ -77.789374, 38.660849 ], [ -77.789217, 38.662098 ], [ -77.789013, 38.664029 ], [ -77.788535, 38.668971 ], [ -77.788529, 38.669259 ], [ -77.788545, 38.669388 ], [ -77.788609, 38.66959 ], [ -77.788833, 38.669979 ], [ -77.789682, 38.671234 ], [ -77.790148, 38.671972 ], [ -77.79092, 38.673092 ], [ -77.791134, 38.673372 ], [ -77.789269, 38.675032 ], [ -77.788765, 38.675507 ], [ -77.788692, 38.675576 ], [ -77.788181, 38.676104 ], [ -77.787807, 38.676549 ], [ -77.787668, 38.676743 ], [ -77.787501, 38.677031 ], [ -77.78733, 38.677383 ], [ -77.787165, 38.677911 ], [ -77.787115, 38.678177 ], [ -77.787079, 38.678552 ], [ -77.787095, 38.67913 ], [ -77.787259, 38.680924 ], [ -77.787363, 38.682419 ], [ -77.787413, 38.683635 ], [ -77.787392, 38.684611 ], [ -77.787315, 38.685264 ], [ -77.787114, 38.686332 ], [ -77.787322, 38.686455 ], [ -77.787374, 38.68655 ], [ -77.787678, 38.686768 ], [ -77.788009, 38.687057 ], [ -77.788096, 38.687152 ], [ -77.788191, 38.687303 ], [ -77.788383, 38.687692 ], [ -77.788899, 38.689012 ], [ -77.789089, 38.689615 ], [ -77.789176, 38.690089 ], [ -77.789236, 38.690679 ], [ -77.789243, 38.6916 ], [ -77.789192, 38.692279 ], [ -77.78911, 38.692691 ], [ -77.788947, 38.693144 ], [ -77.788648, 38.693729 ], [ -77.788566, 38.693879 ], [ -77.788056, 38.694792 ], [ -77.787933, 38.695069 ], [ -77.787825, 38.695437 ], [ -77.787807, 38.695636 ], [ -77.787836, 38.695821 ], [ -77.787829, 38.695877 ], [ -77.788844, 38.695685 ], [ -77.78902, 38.695614 ], [ -77.789176, 38.695472 ], [ -77.789246, 38.695406 ], [ -77.789887, 38.69482 ], [ -77.791901, 38.694823 ], [ -77.793598, 38.697313 ], [ -77.79154, 38.698104 ], [ -77.791216, 38.698238 ], [ -77.790956, 38.698389 ], [ -77.790764, 38.6985 ], [ -77.793107, 38.698766 ], [ -77.794258, 38.698896 ], [ -77.802349, 38.704102 ], [ -77.803876, 38.705086 ], [ -77.809333, 38.708547 ], [ -77.810706, 38.709445 ], [ -77.812133, 38.710407 ], [ -77.813344, 38.711187 ], [ -77.816812, 38.715574 ], [ -77.819779, 38.714985 ], [ -77.820106, 38.714911 ], [ -77.821602, 38.714516 ], [ -77.822466, 38.714322 ], [ -77.823709, 38.714083 ], [ -77.830301, 38.712821 ], [ -77.84462, 38.710388 ], [ -77.864819, 38.706957 ], [ -77.865472, 38.706826 ], [ -77.865933, 38.706716 ], [ -77.866348, 38.706595 ], [ -77.867157, 38.706312 ], [ -77.87126, 38.704559 ], [ -77.87425, 38.703277 ], [ -77.885299, 38.698533 ], [ -77.886737, 38.697905 ], [ -77.887043, 38.697757 ], [ -77.887645, 38.697435 ], [ -77.888211, 38.697086 ], [ -77.892582, 38.694089 ], [ -77.892891, 38.693862 ], [ -77.893417, 38.693428 ], [ -77.894548, 38.692345 ], [ -77.902833, 38.684254 ], [ -77.902908, 38.684181 ], [ -77.902999, 38.684188 ], [ -77.903396, 38.684159 ], [ -77.903818, 38.684128 ], [ -77.904058, 38.684134 ], [ -77.90411, 38.684158 ], [ -77.904155, 38.684207 ], [ -77.904203, 38.684388 ], [ -77.904294, 38.684498 ], [ -77.904266, 38.684663 ], [ -77.903993, 38.684981 ], [ -77.903972, 38.685041 ], [ -77.903979, 38.685354 ], [ -77.904082, 38.685742 ], [ -77.904115, 38.685797 ], [ -77.904205, 38.686102 ], [ -77.904244, 38.686404 ], [ -77.904223, 38.686495 ], [ -77.904147, 38.686636 ], [ -77.904036, 38.686752 ], [ -77.903874, 38.686988 ], [ -77.903755, 38.687215 ], [ -77.903422, 38.688076 ], [ -77.903184, 38.68854 ], [ -77.902688, 38.689012 ], [ -77.902239, 38.689672 ], [ -77.902161, 38.68998 ], [ -77.902051, 38.690231 ], [ -77.902038, 38.690291 ], [ -77.902048, 38.690525 ], [ -77.902159, 38.690818 ], [ -77.902324, 38.69109 ], [ -77.902756, 38.691566 ], [ -77.90371, 38.692289 ], [ -77.904414, 38.692684 ], [ -77.90491, 38.693157 ], [ -77.904997, 38.693622 ], [ -77.904844, 38.693993 ], [ -77.9048, 38.69418 ], [ -77.904821, 38.694346 ], [ -77.90489, 38.694452 ], [ -77.90487, 38.694667 ], [ -77.904902, 38.694856 ], [ -77.904936, 38.694942 ], [ -77.905083, 38.695109 ], [ -77.905114, 38.695121 ], [ -77.905203, 38.695239 ], [ -77.905571, 38.695495 ], [ -77.905954, 38.695806 ], [ -77.906102, 38.695893 ], [ -77.906443, 38.696072 ], [ -77.906672, 38.696129 ], [ -77.907119, 38.696164 ], [ -77.907245, 38.696217 ], [ -77.907353, 38.696243 ], [ -77.907708, 38.69627 ], [ -77.908099, 38.696239 ], [ -77.908261, 38.696279 ], [ -77.908464, 38.696306 ], [ -77.908575, 38.696298 ], [ -77.908744, 38.696259 ], [ -77.908983, 38.696264 ], [ -77.909234, 38.696201 ], [ -77.909336, 38.6962 ], [ -77.909579, 38.69623 ], [ -77.909627, 38.69639 ], [ -77.909431, 38.696622 ], [ -77.909324, 38.696783 ], [ -77.909303, 38.697075 ], [ -77.909456, 38.697322 ], [ -77.909809, 38.697322 ], [ -77.910147, 38.697416 ], [ -77.910375, 38.697361 ], [ -77.910563, 38.697215 ], [ -77.910584, 38.697125 ], [ -77.910733, 38.696931 ], [ -77.91092, 38.696777 ], [ -77.911331, 38.696545 ], [ -77.911595, 38.696557 ], [ -77.912023, 38.696696 ], [ -77.912163, 38.696701 ], [ -77.912265, 38.696741 ], [ -77.912411, 38.696862 ], [ -77.912523, 38.697021 ], [ -77.912608, 38.697105 ], [ -77.913256, 38.697516 ], [ -77.913354, 38.697574 ], [ -77.913806, 38.697771 ], [ -77.914183, 38.697901 ], [ -77.916233, 38.698125 ], [ -77.918783, 38.698048 ], [ -77.920304, 38.697553 ], [ -77.921537, 38.698008 ], [ -77.921713, 38.697903 ], [ -77.922337, 38.69753 ], [ -77.924455, 38.697662 ], [ -77.926713, 38.698442 ], [ -77.927655, 38.699018 ], [ -77.929016, 38.698923 ], [ -77.930615, 38.698347 ], [ -77.930827, 38.698326 ], [ -77.931008, 38.698333 ], [ -77.931341, 38.698374 ], [ -77.931393, 38.698366 ], [ -77.931547, 38.698301 ], [ -77.931787, 38.698008 ], [ -77.93185, 38.697909 ], [ -77.931929, 38.697743 ], [ -77.931939, 38.697636 ], [ -77.931909, 38.697526 ], [ -77.931783, 38.697342 ], [ -77.931119, 38.696741 ], [ -77.931025, 38.69668 ], [ -77.930822, 38.696439 ], [ -77.930706, 38.696221 ], [ -77.930674, 38.696093 ], [ -77.930669, 38.695971 ], [ -77.930715, 38.695841 ], [ -77.930797, 38.695729 ], [ -77.930985, 38.695616 ], [ -77.931053, 38.695558 ], [ -77.931438, 38.695453 ], [ -77.932099, 38.695405 ], [ -77.932261, 38.695376 ], [ -77.932476, 38.695317 ], [ -77.932686, 38.695219 ], [ -77.932981, 38.695127 ], [ -77.933246, 38.695058 ], [ -77.933357, 38.69506 ], [ -77.933708, 38.695117 ], [ -77.93391, 38.695175 ], [ -77.934119, 38.695311 ], [ -77.934191, 38.695341 ], [ -77.934463, 38.695387 ], [ -77.934596, 38.695482 ], [ -77.934735, 38.695495 ], [ -77.934811, 38.695521 ], [ -77.934907, 38.695584 ], [ -77.935087, 38.695655 ], [ -77.935265, 38.6958 ], [ -77.935355, 38.69584 ], [ -77.935515, 38.695813 ], [ -77.942275, 38.691406 ], [ -77.944423, 38.690028 ], [ -77.945753, 38.689177 ], [ -77.949491, 38.686786 ], [ -77.952792, 38.684729 ], [ -77.95416, 38.683813 ], [ -77.964526, 38.677146 ], [ -77.968021, 38.674896 ], [ -77.969319, 38.674048 ], [ -77.971346, 38.672768 ], [ -77.971614, 38.672599 ], [ -77.972102, 38.67229 ], [ -77.975275, 38.670306 ], [ -77.977691, 38.668743 ], [ -77.97907, 38.66785 ], [ -77.980432, 38.666969 ], [ -77.990855, 38.660361 ], [ -77.999718, 38.654701 ], [ -78.000422, 38.654115 ], [ -78.000729, 38.653919 ], [ -78.005108, 38.651105 ], [ -78.006376, 38.650291 ], [ -78.011433, 38.646938 ], [ -78.012472, 38.64628 ], [ -78.015524, 38.644344 ], [ -78.023236, 38.639433 ], [ -78.025998, 38.637655 ], [ -78.033032, 38.633128 ], [ -78.035306, 38.63168 ], [ -78.04053, 38.628355 ], [ -78.045849, 38.62512 ], [ -78.047391, 38.624141 ], [ -78.047467, 38.624093 ], [ -78.047551, 38.624039 ], [ -78.051233, 38.621724 ], [ -78.054925, 38.619358 ], [ -78.05957, 38.61638 ], [ -78.065408, 38.612636 ], [ -78.068366, 38.61074 ], [ -78.071491, 38.608735 ], [ -78.072875, 38.607847 ], [ -78.074939, 38.606525 ], [ -78.089103, 38.597445 ], [ -78.089203, 38.597381 ], [ -78.089346, 38.597289 ], [ -78.089555, 38.597155 ], [ -78.090132, 38.596786 ], [ -78.090564, 38.596267 ], [ -78.090935, 38.596073 ], [ -78.091178, 38.595854 ], [ -78.09141, 38.595489 ], [ -78.092141, 38.595015 ], [ -78.092202, 38.594634 ], [ -78.092319, 38.594529 ], [ -78.093963, 38.593065 ], [ -78.094067, 38.592973 ], [ -78.09415, 38.592896 ], [ -78.095116, 38.592006 ], [ -78.095284, 38.591852 ], [ -78.098866, 38.588549 ], [ -78.10298, 38.584756 ], [ -78.108076, 38.579745 ], [ -78.109081, 38.578781 ], [ -78.109348, 38.578495 ], [ -78.109922, 38.578147 ], [ -78.110537, 38.577688 ], [ -78.111, 38.577362 ], [ -78.121058, 38.56777 ], [ -78.124721, 38.564277 ], [ -78.129357, 38.560011 ], [ -78.139145, 38.551031 ], [ -78.147173, 38.543659 ], [ -78.152347, 38.538908 ], [ -78.158497, 38.533261 ], [ -78.16427, 38.52796 ], [ -78.168722, 38.523872 ], [ -78.168792, 38.523809 ], [ -78.168888, 38.523849 ], [ -78.169147, 38.523849 ], [ -78.16944, 38.52375 ], [ -78.169545, 38.523684 ], [ -78.169678, 38.523569 ], [ -78.169818, 38.523404 ], [ -78.170042, 38.523042 ], [ -78.17016, 38.52291 ], [ -78.170314, 38.522784 ], [ -78.170601, 38.522647 ], [ -78.170929, 38.522515 ], [ -78.171328, 38.522379 ], [ -78.171775, 38.522202 ], [ -78.171859, 38.522175 ], [ -78.171963, 38.522164 ], [ -78.172131, 38.522186 ], [ -78.172522, 38.522318 ], [ -78.172725, 38.522367 ], [ -78.173019, 38.5224 ], [ -78.173172, 38.522395 ], [ -78.173396, 38.522356 ], [ -78.173627, 38.522285 ], [ -78.173871, 38.522186 ], [ -78.174004, 38.522153 ], [ -78.174095, 38.522098 ], [ -78.174367, 38.522027 ], [ -78.174528, 38.521923 ], [ -78.174877, 38.521626 ], [ -78.175227, 38.52122 ], [ -78.175437, 38.521023 ], [ -78.175639, 38.520885 ], [ -78.175737, 38.520836 ], [ -78.175877, 38.520798 ], [ -78.175975, 38.520792 ], [ -78.176205, 38.520809 ], [ -78.17638, 38.520885 ], [ -78.176506, 38.520973 ], [ -78.176548, 38.521023 ], [ -78.17689, 38.521561 ], [ -78.177023, 38.52172 ], [ -78.177135, 38.521907 ], [ -78.177218, 38.522137 ], [ -78.177295, 38.522478 ], [ -78.17733, 38.522851 ], [ -78.177386, 38.523109 ], [ -78.177435, 38.523301 ], [ -78.177714, 38.52413 ], [ -78.177742, 38.524569 ], [ -78.177728, 38.524772 ], [ -78.177651, 38.52525 ], [ -78.177672, 38.525376 ], [ -78.177784, 38.525684 ], [ -78.177958, 38.52587 ], [ -78.178154, 38.526018 ], [ -78.178259, 38.526161 ], [ -78.178259, 38.526304 ], [ -78.178224, 38.526458 ], [ -78.178252, 38.526545 ], [ -78.178294, 38.526584 ], [ -78.178399, 38.526622 ], [ -78.178643, 38.526666 ], [ -78.178881, 38.526672 ], [ -78.17937, 38.52665 ], [ -78.179559, 38.526672 ], [ -78.180006, 38.526815 ], [ -78.180188, 38.526842 ], [ -78.180429, 38.52682 ], [ -78.18139, 38.52665 ], [ -78.182026, 38.526661 ], [ -78.18278, 38.526491 ], [ -78.182969, 38.526469 ], [ -78.183144, 38.52648 ], [ -78.184339, 38.526787 ], [ -78.184653, 38.526848 ], [ -78.185254, 38.526919 ], [ -78.185625, 38.527062 ], [ -78.186659, 38.527172 ], [ -78.186854, 38.527276 ], [ -78.187316, 38.527737 ], [ -78.187386, 38.527787 ], [ -78.187539, 38.52782 ], [ -78.187735, 38.527792 ], [ -78.187938, 38.527743 ], [ -78.188084, 38.527688 ], [ -78.188189, 38.527627 ], [ -78.188462, 38.527424 ], [ -78.188727, 38.527122 ], [ -78.188909, 38.527024 ], [ -78.189084, 38.526886 ], [ -78.189776, 38.526271 ], [ -78.189901, 38.526118 ], [ -78.189999, 38.52597 ], [ -78.190027, 38.525898 ], [ -78.190013, 38.525475 ], [ -78.190041, 38.525366 ], [ -78.190146, 38.525261 ], [ -78.190461, 38.525119 ], [ -78.190586, 38.525036 ], [ -78.190642, 38.524745 ], [ -78.190712, 38.524652 ], [ -78.190838, 38.524564 ], [ -78.190859, 38.524399 ], [ -78.190845, 38.524125 ], [ -78.190859, 38.524098 ], [ -78.190929, 38.524059 ], [ -78.191068, 38.524059 ], [ -78.191432, 38.524147 ], [ -78.191641, 38.524207 ], [ -78.192005, 38.524367 ], [ -78.192319, 38.524564 ], [ -78.192599, 38.524707 ], [ -78.192857, 38.524882 ], [ -78.1932, 38.525031 ], [ -78.19357, 38.525245 ], [ -78.193752, 38.525316 ], [ -78.193885, 38.525388 ], [ -78.194381, 38.525695 ], [ -78.194514, 38.525799 ], [ -78.19466, 38.52603 ], [ -78.194758, 38.526118 ], [ -78.195422, 38.52654 ], [ -78.195974, 38.526837 ], [ -78.196869, 38.527226 ], [ -78.197183, 38.527303 ], [ -78.197435, 38.527336 ], [ -78.197959, 38.527281 ], [ -78.198071, 38.527287 ], [ -78.198155, 38.527331 ], [ -78.198343, 38.527622 ], [ -78.198441, 38.527693 ], [ -78.198763, 38.527874 ], [ -78.199, 38.52817 ], [ -78.19914, 38.528571 ], [ -78.199182, 38.528884 ], [ -78.199266, 38.529263 ], [ -78.199308, 38.529362 ], [ -78.199371, 38.529444 ], [ -78.199539, 38.529598 ], [ -78.199707, 38.529817 ], [ -78.199766, 38.52992 ], [ -78.199867, 38.530212 ], [ -78.199909, 38.530295 ], [ -78.199937, 38.530482 ], [ -78.199916, 38.530679 ], [ -78.199847, 38.53091 ], [ -78.199875, 38.531009 ], [ -78.200462, 38.531634 ], [ -78.200727, 38.531881 ], [ -78.201175, 38.532342 ], [ -78.201531, 38.53265 ], [ -78.201797, 38.532793 ], [ -78.201985, 38.532864 ], [ -78.202559, 38.532963 ], [ -78.202873, 38.533072 ], [ -78.203055, 38.533111 ], [ -78.203446, 38.533155 ], [ -78.203768, 38.533144 ], [ -78.203956, 38.533111 ], [ -78.204292, 38.533001 ], [ -78.205054, 38.532682 ], [ -78.205731, 38.532314 ], [ -78.206151, 38.532012 ], [ -78.206584, 38.531667 ], [ -78.206675, 38.531612 ], [ -78.207122, 38.531216 ], [ -78.207506, 38.530772 ], [ -78.207611, 38.530678 ], [ -78.207884, 38.530541 ], [ -78.207953, 38.530524 ], [ -78.20803, 38.530513 ], [ -78.208156, 38.53053 ], [ -78.208289, 38.530568 ], [ -78.208967, 38.531018 ], [ -78.209526, 38.53149 ], [ -78.209827, 38.53177 ], [ -78.210078, 38.531968 ], [ -78.210232, 38.532149 ], [ -78.210442, 38.53227 ], [ -78.210512, 38.53233 ], [ -78.210722, 38.532572 ], [ -78.210959, 38.532917 ], [ -78.211162, 38.533368 ], [ -78.211414, 38.533807 ], [ -78.211708, 38.534394 ], [ -78.211911, 38.534877 ], [ -78.212267, 38.535327 ], [ -78.212491, 38.535728 ], [ -78.212526, 38.535931 ], [ -78.212533, 38.536096 ], [ -78.212519, 38.536403 ], [ -78.212414, 38.536963 ], [ -78.212442, 38.537166 ], [ -78.21247, 38.537249 ], [ -78.212547, 38.537358 ], [ -78.212596, 38.537402 ], [ -78.212757, 38.53749 ], [ -78.213107, 38.537589 ], [ -78.21347, 38.537666 ], [ -78.213701, 38.537753 ], [ -78.213806, 38.537814 ], [ -78.214351, 38.538231 ], [ -78.214665, 38.538406 ], [ -78.214728, 38.538428 ], [ -78.214882, 38.538439 ], [ -78.215091, 38.538427 ], [ -78.215959, 38.538318 ], [ -78.216147, 38.538263 ], [ -78.216239, 38.538214 ], [ -78.216462, 38.538066 ], [ -78.216776, 38.537753 ], [ -78.216853, 38.537561 ], [ -78.216853, 38.537374 ], [ -78.216958, 38.537231 ], [ -78.217314, 38.537 ], [ -78.217482, 38.536913 ], [ -78.217705, 38.53683 ], [ -78.218118, 38.536638 ], [ -78.219187, 38.53622 ], [ -78.219397, 38.536155 ], [ -78.219739, 38.535957 ], [ -78.219956, 38.535869 ], [ -78.220088, 38.535765 ], [ -78.220109, 38.535732 ], [ -78.220137, 38.535671 ], [ -78.220186, 38.53543 ], [ -78.220354, 38.535221 ], [ -78.220829, 38.534853 ], [ -78.221136, 38.534573 ], [ -78.221597, 38.534353 ], [ -78.22187, 38.53432 ], [ -78.222226, 38.534331 ], [ -78.222842, 38.534452 ], [ -78.223275, 38.534479 ], [ -78.223464, 38.534468 ], [ -78.223554, 38.534452 ], [ -78.223722, 38.534391 ], [ -78.22412, 38.534122 ], [ -78.2244, 38.534078 ], [ -78.224659, 38.534062 ], [ -78.225022, 38.533974 ], [ -78.225343, 38.533853 ], [ -78.225714, 38.533803 ], [ -78.226035, 38.53382 ], [ -78.226776, 38.534094 ], [ -78.227266, 38.534176 ], [ -78.227391, 38.534181 ], [ -78.227804, 38.534159 ], [ -78.228307, 38.534176 ], [ -78.228691, 38.534159 ], [ -78.228873, 38.534115 ], [ -78.228929, 38.534082 ], [ -78.228971, 38.533961 ], [ -78.228964, 38.533621 ], [ -78.229068, 38.533379 ], [ -78.229152, 38.533281 ], [ -78.229257, 38.533198 ], [ -78.229802, 38.532918 ], [ -78.23034, 38.532616 ], [ -78.230501, 38.532561 ], [ -78.23071, 38.532522 ], [ -78.231549, 38.532522 ], [ -78.231803, 38.532539 ], [ -78.233525, 38.53409 ], [ -78.243176, 38.542807 ], [ -78.246144, 38.545487 ], [ -78.246372, 38.545719 ], [ -78.24652, 38.545871 ], [ -78.246667, 38.546017 ], [ -78.249577, 38.548732 ], [ -78.25274, 38.551619 ], [ -78.253297, 38.552182 ], [ -78.25349, 38.552377 ], [ -78.255818, 38.554724 ], [ -78.258745, 38.557586 ], [ -78.25913, 38.557966 ], [ -78.260232, 38.559054 ], [ -78.263438, 38.561943 ], [ -78.266533, 38.563691 ], [ -78.266836, 38.56396 ], [ -78.272931, 38.569332 ], [ -78.280192, 38.575747 ], [ -78.280612, 38.576091 ], [ -78.283976, 38.579076 ], [ -78.285218, 38.580119 ], [ -78.288411, 38.582965 ], [ -78.315421, 38.607052 ], [ -78.316925, 38.608454 ], [ -78.335812, 38.625151 ], [ -78.338176, 38.627312 ], [ -78.338693, 38.627019 ], [ -78.340984, 38.625684 ], [ -78.341552, 38.625258 ], [ -78.341633, 38.625172 ], [ -78.341588, 38.625054 ], [ -78.341593, 38.62495 ], [ -78.341673, 38.624722 ], [ -78.341802, 38.624509 ], [ -78.341976, 38.624317 ], [ -78.342312, 38.624213 ], [ -78.342548, 38.624094 ], [ -78.342753, 38.623944 ], [ -78.342922, 38.623769 ], [ -78.343337, 38.623284 ], [ -78.343484, 38.623206 ], [ -78.34387, 38.623091 ], [ -78.344033, 38.623054 ], [ -78.34422, 38.623045 ], [ -78.34449, 38.62269 ], [ -78.344621, 38.622266 ], [ -78.344565, 38.62187 ], [ -78.344276, 38.62117 ], [ -78.344268, 38.620848 ], [ -78.34434, 38.6201 ], [ -78.344471, 38.619786 ], [ -78.344681, 38.619287 ], [ -78.345118, 38.618855 ], [ -78.345526, 38.61864 ], [ -78.345706, 38.618507 ], [ -78.345984, 38.617959 ], [ -78.347195, 38.617127 ], [ -78.347911, 38.616654 ], [ -78.348664, 38.616286 ], [ -78.34942, 38.616055 ], [ -78.350458, 38.615817 ], [ -78.352215, 38.615553 ], [ -78.352436, 38.615452 ], [ -78.35287, 38.615046 ], [ -78.353122, 38.614674 ], [ -78.353234, 38.614402 ], [ -78.353299, 38.614244 ], [ -78.353429, 38.613932 ], [ -78.353571, 38.613694 ], [ -78.353849, 38.613403 ], [ -78.354291, 38.613108 ], [ -78.354462, 38.612935 ], [ -78.354585, 38.612681 ], [ -78.354736, 38.612306 ], [ -78.354829, 38.612158 ], [ -78.354915, 38.612058 ], [ -78.354964, 38.612009 ], [ -78.355024, 38.611987 ], [ -78.355167, 38.611971 ], [ -78.355365, 38.612032 ], [ -78.355579, 38.612146 ], [ -78.355754, 38.612306 ], [ -78.356067, 38.612492 ], [ -78.356615, 38.612703 ], [ -78.356698, 38.612763 ], [ -78.356898, 38.613014 ], [ -78.357159, 38.613318 ], [ -78.357278, 38.613373 ], [ -78.357685, 38.613483 ], [ -78.359294, 38.6137 ], [ -78.359479, 38.61376 ], [ -78.359648, 38.613814 ], [ -78.360018, 38.613783 ], [ -78.360312, 38.613605 ], [ -78.360494, 38.613416 ], [ -78.360501, 38.613239 ], [ -78.36046, 38.613128 ], [ -78.360428, 38.613028 ], [ -78.360201, 38.612788 ], [ -78.360201, 38.612729 ], [ -78.36026, 38.61263 ], [ -78.360667, 38.61243 ], [ -78.361938, 38.612123 ], [ -78.362097, 38.611998 ], [ -78.362306, 38.611633 ], [ -78.362746, 38.610645 ], [ -78.362947, 38.610473 ], [ -78.363177, 38.610382 ], [ -78.363643, 38.610256 ], [ -78.363758, 38.6102 ], [ -78.364009, 38.610056 ], [ -78.364262, 38.609877 ], [ -78.364415, 38.609603 ], [ -78.365036, 38.608471 ], [ -78.366012, 38.606808 ], [ -78.366306, 38.606232 ], [ -78.36642, 38.606053 ], [ -78.366489, 38.605946 ], [ -78.366545, 38.605568 ], [ -78.366524, 38.605085 ], [ -78.366609, 38.604789 ], [ -78.366699, 38.604549 ], [ -78.367021, 38.604203 ], [ -78.36736, 38.603929 ], [ -78.367479, 38.603763 ], [ -78.367616, 38.603428 ], [ -78.367694, 38.602496 ], [ -78.367796, 38.602249 ], [ -78.367952, 38.602107 ], [ -78.368621, 38.601593 ], [ -78.369227, 38.601042 ], [ -78.369998, 38.600215 ], [ -78.370035, 38.600199 ], [ -78.370272, 38.600183 ], [ -78.370332, 38.600149 ], [ -78.370358, 38.599908 ], [ -78.370401, 38.599803 ], [ -78.37044, 38.599756 ], [ -78.370503, 38.599706 ], [ -78.370665, 38.599647 ], [ -78.370805, 38.599573 ], [ -78.370927, 38.599481 ], [ -78.370992, 38.599408 ], [ -78.371034, 38.599155 ], [ -78.371073, 38.598697 ], [ -78.371168, 38.598172 ], [ -78.371286, 38.597971 ], [ -78.371387, 38.597857 ], [ -78.371731, 38.597618 ], [ -78.372253, 38.597349 ], [ -78.372568, 38.597163 ], [ -78.373001, 38.596835 ], [ -78.373271, 38.596479 ], [ -78.373525, 38.596046 ], [ -78.373612, 38.5959 ], [ -78.373723, 38.595427 ], [ -78.374098, 38.594486 ], [ -78.374591, 38.594071 ], [ -78.37622, 38.592858 ], [ -78.379464, 38.590443 ], [ -78.380442, 38.590253 ], [ -78.380905, 38.590129 ], [ -78.383193, 38.588319 ], [ -78.38358, 38.58752 ], [ -78.385662, 38.582656 ], [ -78.384634, 38.578696 ], [ -78.383185, 38.578067 ], [ -78.382971, 38.57724 ], [ -78.382507, 38.575419 ], [ -78.382836, 38.574394 ], [ -78.383389, 38.573587 ], [ -78.383652, 38.573171 ], [ -78.383977, 38.572655 ], [ -78.384109, 38.571389 ], [ -78.384106, 38.571051 ], [ -78.383979, 38.570568 ], [ -78.383687, 38.569973 ], [ -78.383095, 38.569001 ], [ -78.381914, 38.568499 ], [ -78.381523, 38.568316 ], [ -78.381275, 38.568107 ], [ -78.381129, 38.56777 ], [ -78.38112, 38.566762 ], [ -78.380764, 38.565321 ], [ -78.3806, 38.564613 ], [ -78.3806, 38.564547 ], [ -78.380617, 38.561978 ], [ -78.380687, 38.56172 ], [ -78.380777, 38.56151 ], [ -78.380929, 38.561307 ], [ -78.381671, 38.560755 ], [ -78.38263, 38.560275 ], [ -78.383241, 38.559877 ], [ -78.384082, 38.558935 ], [ -78.385221, 38.557582 ], [ -78.386752, 38.556468 ], [ -78.38895, 38.554899 ], [ -78.38942, 38.554721 ], [ -78.390024, 38.554655 ], [ -78.390679, 38.55467 ], [ -78.392042, 38.55495 ], [ -78.394338, 38.555687 ], [ -78.394655, 38.555735 ], [ -78.394952, 38.555702 ], [ -78.395228, 38.555645 ], [ -78.396495, 38.554861 ], [ -78.397896, 38.554342 ], [ -78.400913, 38.553401 ], [ -78.401179, 38.553344 ], [ -78.40166, 38.553352 ], [ -78.402294, 38.553068 ], [ -78.404021, 38.552218 ], [ -78.404584, 38.552016 ], [ -78.405402, 38.551821 ], [ -78.405926, 38.551716 ], [ -78.406425, 38.551748 ], [ -78.407449, 38.551696 ], [ -78.407663, 38.55159 ], [ -78.407949, 38.551203 ], [ -78.408263, 38.550219 ], [ -78.408415, 38.549832 ], [ -78.40865, 38.549509 ], [ -78.408936, 38.549242 ], [ -78.409314, 38.549 ], [ -78.410162, 38.548635 ], [ -78.41172, 38.548193 ], [ -78.411906, 38.54814 ], [ -78.412769, 38.547896 ], [ -78.413188, 38.547758 ], [ -78.413505, 38.547516 ], [ -78.41376, 38.547201 ], [ -78.414035, 38.546507 ], [ -78.414175, 38.545725 ], [ -78.414397, 38.545067 ], [ -78.414925, 38.543547 ], [ -78.415076, 38.542991 ], [ -78.415849, 38.541651 ], [ -78.41695, 38.540004 ], [ -78.417102, 38.539665 ], [ -78.41713, 38.539502 ], [ -78.417152, 38.539377 ], [ -78.417182, 38.539206 ], [ -78.417375, 38.538818 ], [ -78.418129, 38.537817 ], [ -78.418463, 38.537475 ], [ -78.418711, 38.537324 ], [ -78.418894, 38.537155 ], [ -78.418937, 38.537067 ], [ -78.419036, 38.536864 ], [ -78.419075, 38.536469 ], [ -78.419267, 38.535558 ], [ -78.419409, 38.535081 ], [ -78.419561, 38.534653 ], [ -78.419754, 38.534396 ], [ -78.419999, 38.534202 ], [ -78.420337, 38.533976 ], [ -78.420632, 38.533846 ], [ -78.420898, 38.533795 ], [ -78.421777, 38.533626 ], [ -78.422392, 38.533423 ], [ -78.423168, 38.53297 ], [ -78.423538, 38.532727 ], [ -78.424011, 38.532372 ], [ -78.424184, 38.532217 ], [ -78.424681, 38.5316 ], [ -78.424853, 38.531411 ], [ -78.425036, 38.531169 ], [ -78.425219, 38.531071 ], [ -78.425791, 38.530784 ], [ -78.427353, 38.530376 ], [ -78.427692, 38.530263 ], [ -78.428056, 38.530111 ], [ -78.42816, 38.530049 ], [ -78.428655, 38.52959 ], [ -78.428772, 38.529447 ], [ -78.428929, 38.529059 ], [ -78.429099, 38.528405 ], [ -78.429231, 38.528004 ], [ -78.429344, 38.52781 ], [ -78.429626, 38.527454 ], [ -78.429902, 38.527158 ], [ -78.430208, 38.526893 ], [ -78.430636, 38.526689 ], [ -78.431332, 38.526447 ], [ -78.431822, 38.526357 ], [ -78.432232, 38.526347 ], [ -78.432733, 38.526459 ], [ -78.433123, 38.526612 ], [ -78.434231, 38.527303 ], [ -78.434682, 38.527641 ], [ -78.435613, 38.528617 ], [ -78.435849, 38.528805 ], [ -78.436387, 38.529192 ], [ -78.436839, 38.529594 ], [ -78.437051, 38.529841 ], [ -78.437185, 38.530031 ], [ -78.437632, 38.530704 ], [ -78.43768, 38.53076 ], [ -78.437796, 38.530841 ], [ -78.438027, 38.530898 ], [ -78.438255, 38.53089 ], [ -78.438369, 38.530864 ], [ -78.438463, 38.530815 ], [ -78.438562, 38.530713 ], [ -78.43895, 38.530314 ], [ -78.43952, 38.52981 ], [ -78.439642, 38.529731 ], [ -78.440806, 38.52899 ], [ -78.440923, 38.528898 ], [ -78.441239, 38.528865 ], [ -78.44136, 38.528852 ], [ -78.441505, 38.528647 ], [ -78.442635, 38.527884 ], [ -78.442767, 38.527775 ], [ -78.441548, 38.526717 ], [ -78.440853, 38.526117 ], [ -78.436268, 38.522146 ], [ -78.436083, 38.521704 ], [ -78.436454, 38.519857 ], [ -78.436809, 38.519147 ], [ -78.437146, 38.518904 ], [ -78.437771, 38.518571 ], [ -78.438177, 38.518329 ], [ -78.438401, 38.518055 ], [ -78.438816, 38.517141 ], [ -78.43888, 38.51695 ], [ -78.438939, 38.516787 ], [ -78.439083, 38.516564 ], [ -78.439175, 38.516475 ], [ -78.439246, 38.516451 ], [ -78.440058, 38.516444 ], [ -78.440101, 38.516457 ], [ -78.440478, 38.516563 ], [ -78.440572, 38.516568 ], [ -78.440656, 38.516549 ], [ -78.440797, 38.516475 ], [ -78.440909, 38.516362 ], [ -78.441034, 38.51621 ], [ -78.441109, 38.516073 ], [ -78.441091, 38.515911 ], [ -78.440819, 38.515119 ], [ -78.440598, 38.514543 ], [ -78.440412, 38.513883 ], [ -78.4404, 38.513681 ], [ -78.440451, 38.513471 ], [ -78.440634, 38.51331 ], [ -78.442043, 38.512565 ], [ -78.442265, 38.512429 ], [ -78.442528, 38.51221 ], [ -78.442739, 38.511959 ], [ -78.442891, 38.511683 ], [ -78.44298, 38.51139 ], [ -78.443003, 38.511089 ], [ -78.442959, 38.51079 ], [ -78.442526, 38.50972 ], [ -78.442276, 38.509129 ], [ -78.442182, 38.50859 ], [ -78.442158, 38.507623 ], [ -78.442365, 38.505695 ], [ -78.442598, 38.505074 ], [ -78.442872, 38.504638 ], [ -78.443167, 38.504291 ], [ -78.443861, 38.503693 ], [ -78.445248, 38.502811 ], [ -78.445341, 38.502698 ], [ -78.445483, 38.502463 ], [ -78.445502, 38.502157 ], [ -78.445366, 38.501255 ], [ -78.445406, 38.501005 ], [ -78.445802, 38.500146 ], [ -78.445819, 38.50005 ], [ -78.445853, 38.499859 ], [ -78.44604, 38.499628 ], [ -78.446774, 38.499286 ], [ -78.446774, 38.498923 ], [ -78.446648, 38.498631 ], [ -78.446364, 38.497963 ], [ -78.446067, 38.497423 ], [ -78.444234, 38.495124 ], [ -78.443118, 38.4951 ], [ -78.442473, 38.494792 ], [ -78.442156, 38.494397 ], [ -78.442094, 38.494043 ], [ -78.442196, 38.493251 ], [ -78.442093, 38.492509 ], [ -78.441713, 38.491418 ], [ -78.441463, 38.4909 ], [ -78.441422, 38.490707 ], [ -78.441428, 38.490491 ], [ -78.441451, 38.490376 ], [ -78.441481, 38.490266 ], [ -78.441605, 38.490004 ], [ -78.441752, 38.489885 ], [ -78.44206, 38.489719 ], [ -78.442347, 38.489655 ], [ -78.443494, 38.489501 ], [ -78.44438, 38.489444 ], [ -78.445122, 38.488468 ], [ -78.445408, 38.488024 ], [ -78.445533, 38.487702 ], [ -78.445878, 38.486935 ], [ -78.446154, 38.486024 ], [ -78.446553, 38.485265 ], [ -78.446726, 38.484693 ], [ -78.446839, 38.484007 ], [ -78.447093, 38.483678 ], [ -78.447312, 38.483476 ], [ -78.4476, 38.483291 ], [ -78.448205, 38.483019 ], [ -78.448553, 38.482841 ], [ -78.448758, 38.482712 ], [ -78.449076, 38.482386 ], [ -78.450037, 38.480848 ], [ -78.451442, 38.478367 ], [ -78.451872, 38.477665 ], [ -78.45226, 38.476859 ], [ -78.452566, 38.475979 ], [ -78.452801, 38.475527 ], [ -78.453043, 38.475278 ], [ -78.453378, 38.474661 ], [ -78.453828, 38.474089 ], [ -78.454472, 38.473395 ], [ -78.455025, 38.472895 ], [ -78.455495, 38.472532 ], [ -78.455966, 38.471684 ], [ -78.45617, 38.471176 ], [ -78.456282, 38.470579 ], [ -78.456456, 38.46999 ], [ -78.456844, 38.469418 ], [ -78.457008, 38.469063 ], [ -78.457079, 38.468667 ], [ -78.457416, 38.467949 ], [ -78.457547, 38.467733 ], [ -78.457621, 38.467611 ], [ -78.457651, 38.467409 ], [ -78.457712, 38.46661 ], [ -78.45764, 38.465514 ], [ -78.457711, 38.464804 ], [ -78.458017, 38.464385 ], [ -78.458754, 38.46411 ], [ -78.459439, 38.463707 ], [ -78.459741, 38.463367 ], [ -78.459848, 38.463247 ], [ -78.460103, 38.462731 ], [ -78.460195, 38.462408 ], [ -78.460543, 38.461819 ], [ -78.460962, 38.461375 ], [ -78.461452, 38.460811 ], [ -78.461964, 38.460416 ], [ -78.462067, 38.460313 ], [ -78.46228, 38.460101 ], [ -78.462658, 38.459528 ], [ -78.462658, 38.458923 ], [ -78.462573, 38.458323 ], [ -78.462494, 38.457874 ], [ -78.462237, 38.457398 ], [ -78.462155, 38.457068 ], [ -78.461858, 38.456277 ], [ -78.461796, 38.455712 ], [ -78.461918, 38.455107 ], [ -78.462113, 38.45472 ], [ -78.462685, 38.454285 ], [ -78.463217, 38.453921 ], [ -78.463554, 38.453631 ], [ -78.464699, 38.452542 ], [ -78.464964, 38.451945 ], [ -78.465209, 38.451186 ], [ -78.465464, 38.450283 ], [ -78.465443, 38.448855 ], [ -78.465381, 38.448194 ], [ -78.465073, 38.447 ], [ -78.466035, 38.447475 ], [ -78.466894, 38.447572 ], [ -78.467651, 38.447548 ], [ -78.468132, 38.447507 ], [ -78.469718, 38.447433 ], [ -78.47165, 38.447345 ], [ -78.472192, 38.447603 ], [ -78.472509, 38.447627 ], [ -78.472693, 38.447449 ], [ -78.473112, 38.446852 ], [ -78.473429, 38.446481 ], [ -78.473909, 38.446086 ], [ -78.474328, 38.445586 ], [ -78.474133, 38.444682 ], [ -78.474153, 38.444287 ], [ -78.474408, 38.443867 ], [ -78.474878, 38.443343 ], [ -78.475491, 38.442762 ], [ -78.475777, 38.44231 ], [ -78.475833, 38.442056 ], [ -78.475856, 38.441955 ], [ -78.475889, 38.44181 ], [ -78.47591, 38.440777 ], [ -78.476961, 38.439777 ], [ -78.477361, 38.439268 ], [ -78.477718, 38.438574 ], [ -78.477728, 38.43809 ], [ -78.477573, 38.436905 ], [ -78.477614, 38.436461 ], [ -78.47796, 38.435444 ], [ -78.47797, 38.435106 ], [ -78.477908, 38.434711 ], [ -78.477714, 38.434178 ], [ -78.477191, 38.433396 ], [ -78.476802, 38.432872 ], [ -78.476566, 38.432146 ], [ -78.47719, 38.431847 ], [ -78.477803, 38.431726 ], [ -78.478222, 38.43175 ], [ -78.478938, 38.431701 ], [ -78.479664, 38.431491 ], [ -78.480431, 38.431184 ], [ -78.481647, 38.430603 ], [ -78.482239, 38.429925 ], [ -78.482658, 38.429231 ], [ -78.482913, 38.428594 ], [ -78.483219, 38.427706 ], [ -78.483347, 38.427474 ], [ -78.483576, 38.427061 ], [ -78.483902, 38.425883 ], [ -78.484021, 38.42502 ], [ -78.484038, 38.424896 ], [ -78.484124, 38.42427 ], [ -78.484246, 38.423648 ], [ -78.484583, 38.422979 ], [ -78.485042, 38.422341 ], [ -78.485573, 38.421833 ], [ -78.485699, 38.421731 ], [ -78.48574, 38.421579 ], [ -78.488122, 38.421932 ], [ -78.501077, 38.423853 ], [ -78.508576, 38.425024 ], [ -78.51124, 38.425475 ], [ -78.513802, 38.425864 ], [ -78.521086, 38.427023 ], [ -78.538028, 38.429673 ], [ -78.538008, 38.42899 ], [ -78.538673, 38.427874 ], [ -78.53883, 38.427581 ], [ -78.540151, 38.426456 ], [ -78.5416, 38.425962 ], [ -78.543407, 38.426177 ], [ -78.544157, 38.426335 ], [ -78.54493, 38.426295 ], [ -78.546164, 38.426009 ], [ -78.546329, 38.426028 ], [ -78.54784, 38.426191 ], [ -78.548302, 38.426401 ], [ -78.548833, 38.426698 ], [ -78.549727, 38.428693 ], [ -78.549974, 38.429062 ], [ -78.550161, 38.429385 ], [ -78.550209, 38.429634 ], [ -78.55035, 38.430049 ], [ -78.550549, 38.430906 ], [ -78.550738, 38.431626 ], [ -78.550761, 38.431847 ], [ -78.550843, 38.432234 ], [ -78.550973, 38.432428 ], [ -78.551163, 38.432667 ], [ -78.551543, 38.432977 ], [ -78.551841, 38.433340000000115 ], [ -78.551958, 38.433663 ], [ -78.551935, 38.433848 ], [ -78.551799, 38.434251 ], [ -78.551748, 38.434456 ], [ -78.551783, 38.434659 ], [ -78.551959, 38.43488 ], [ -78.552288, 38.435102 ], [ -78.552593, 38.43535 ], [ -78.552827, 38.435623 ], [ -78.553097, 38.436042 ], [ -78.553061, 38.436211 ], [ -78.553262, 38.436392 ], [ -78.553461, 38.436715 ], [ -78.553462, 38.437056 ], [ -78.553497, 38.4376 ], [ -78.553462, 38.43796 ], [ -78.553392, 38.438181 ], [ -78.55345, 38.438418 ], [ -78.553552, 38.438742 ], [ -78.553827, 38.439011 ], [ -78.554014, 38.439242 ], [ -78.554061, 38.439444 ], [ -78.554249, 38.439767 ], [ -78.554378, 38.440062 ], [ -78.554449, 38.440311 ], [ -78.554461, 38.440597 ], [ -78.554508, 38.440781 ], [ -78.55452, 38.440994 ], [ -78.554438, 38.441206 ], [ -78.554268, 38.441509 ], [ -78.554251, 38.441648 ], [ -78.554427, 38.442165 ], [ -78.554462, 38.44246 ], [ -78.554427, 38.44269 ], [ -78.554486, 38.44293 ], [ -78.554733, 38.443262 ], [ -78.555061, 38.443511 ], [ -78.555284, 38.443705 ], [ -78.555929, 38.444018 ], [ -78.556246, 38.444368 ], [ -78.556481, 38.444562 ], [ -78.556762, 38.444746 ], [ -78.557126, 38.44505 ], [ -78.557422, 38.445246 ], [ -78.557631, 38.445446 ], [ -78.557901, 38.446424 ], [ -78.558042, 38.446719 ], [ -78.558371, 38.447003 ], [ -78.558465, 38.447088 ], [ -78.558734, 38.447217 ], [ -78.559098, 38.447336 ], [ -78.559637, 38.447244 ], [ -78.560211, 38.44718 ], [ -78.560738, 38.447087 ], [ -78.561912, 38.447095 ], [ -78.562851, 38.447307 ], [ -78.56461, 38.447562 ], [ -78.564969, 38.447613 ], [ -78.56616, 38.448034 ], [ -78.568311, 38.44883 ], [ -78.570126, 38.449374 ], [ -78.57099, 38.449585 ], [ -78.5719, 38.44987 ], [ -78.572126, 38.449953 ], [ -78.573123, 38.450316 ], [ -78.573412, 38.45044 ], [ -78.573475, 38.450396 ], [ -78.574644, 38.451206 ], [ -78.575568, 38.452281 ], [ -78.575477, 38.452452 ], [ -78.576282, 38.45332 ], [ -78.577051, 38.453567 ], [ -78.577883, 38.453669 ], [ -78.578819, 38.453832 ], [ -78.579553, 38.454067 ], [ -78.582555, 38.455263 ], [ -78.582738, 38.455298 ], [ -78.583546, 38.455461000000106 ], [ -78.584727, 38.455747 ], [ -78.586208, 38.455686 ], [ -78.588638, 38.455272 ], [ -78.5897, 38.455204 ], [ -78.590908, 38.455282 ], [ -78.592604, 38.455574 ], [ -78.593764, 38.455562 ], [ -78.594515, 38.455631 ], [ -78.594591, 38.455638 ], [ -78.595318, 38.455822 ], [ -78.595966, 38.456219 ], [ -78.596653, 38.456784 ], [ -78.59713, 38.457446 ], [ -78.597114, 38.457503 ], [ -78.597356, 38.458213 ], [ -78.597409, 38.458958 ], [ -78.597831, 38.459661 ], [ -78.599201, 38.460405 ], [ -78.600518, 38.460776 ], [ -78.601571, 38.460941 ], [ -78.602344, 38.46103 ], [ -78.602625, 38.461063 ], [ -78.604572, 38.461766 ], [ -78.605088, 38.461927 ], [ -78.605626, 38.462096 ], [ -78.606468, 38.462096 ], [ -78.606694, 38.462054 ], [ -78.608994, 38.461597 ], [ -78.610372, 38.461241 ], [ -78.610889, 38.461636 ], [ -78.611073, 38.462015 ], [ -78.611064, 38.462024 ], [ -78.611312, 38.462505 ], [ -78.611998, 38.463374 ], [ -78.612735, 38.46358 ], [ -78.613822, 38.4636 ], [ -78.615789, 38.464033 ], [ -78.61679, 38.464445 ], [ -78.617579, 38.464529 ], [ -78.617649, 38.464553 ], [ -78.617966, 38.464659 ], [ -78.619436, 38.464924 ], [ -78.619655, 38.464936 ], [ -78.622531, 38.465806 ], [ -78.622736, 38.466108 ], [ -78.62292, 38.466379 ], [ -78.622458, 38.466947 ], [ -78.621859, 38.467363 ], [ -78.621252, 38.46809 ], [ -78.620454, 38.469008 ], [ -78.61947, 38.469973 ], [ -78.618131, 38.471159 ], [ -78.617751, 38.471799 ], [ -78.617438, 38.472409 ], [ -78.617454, 38.472923 ], [ -78.617493, 38.474193 ], [ -78.617757, 38.474904 ], [ -78.618268, 38.475657 ], [ -78.62045, 38.477109 ], [ -78.621023, 38.4773 ], [ -78.622135, 38.477969 ], [ -78.624023, 38.478982 ], [ -78.62456, 38.479301 ], [ -78.625114, 38.479629 ], [ -78.625859, 38.480294 ], [ -78.62679, 38.480807 ], [ -78.627309, 38.480981 ], [ -78.627603, 38.481282 ], [ -78.627934, 38.481325 ], [ -78.628137, 38.481451 ], [ -78.628549, 38.48186 ], [ -78.629682, 38.482886 ], [ -78.630841, 38.48413 ], [ -78.631734, 38.485169 ], [ -78.632326, 38.486083 ], [ -78.632563, 38.486319 ], [ -78.632809, 38.486728 ], [ -78.632872, 38.486834 ], [ -78.633231, 38.487669 ], [ -78.633346, 38.488666 ], [ -78.633328, 38.489055 ], [ -78.633294, 38.489493 ], [ -78.633094, 38.490024 ], [ -78.632385, 38.491284 ], [ -78.632033, 38.491706 ], [ -78.631484, 38.492476 ], [ -78.631062, 38.493284 ], [ -78.630805, 38.494009 ], [ -78.630652, 38.49473 ], [ -78.630645, 38.494934 ], [ -78.630639, 38.495105 ], [ -78.631858, 38.495883 ], [ -78.63236, 38.496302 ], [ -78.633082, 38.496867 ], [ -78.633992, 38.497408 ], [ -78.634462, 38.497605 ], [ -78.635152, 38.497653 ], [ -78.635827, 38.497507 ], [ -78.63606, 38.497356 ], [ -78.636561, 38.496986 ], [ -78.638063, 38.495975 ], [ -78.638784, 38.495531 ], [ -78.639548, 38.494835 ], [ -78.640085, 38.494678 ], [ -78.640416, 38.494598 ], [ -78.640883, 38.494461 ], [ -78.641336, 38.494477 ], [ -78.641845, 38.49452 ], [ -78.64248, 38.494492 ], [ -78.64279, 38.494213 ], [ -78.6432, 38.494121 ], [ -78.643513, 38.493727 ], [ -78.644076, 38.493283 ], [ -78.64475, 38.492807 ], [ -78.646308, 38.491641 ], [ -78.648211, 38.492828 ], [ -78.651409, 38.493003 ], [ -78.652788, 38.493592 ], [ -78.668707, 38.500376 ], [ -78.671178, 38.501429 ], [ -78.682131, 38.506097 ], [ -78.691312, 38.510008 ], [ -78.691362, 38.510637 ], [ -78.691145, 38.511211 ], [ -78.691411, 38.510865 ], [ -78.693316, 38.504374 ], [ -78.695323, 38.497639 ], [ -78.697664, 38.49923 ], [ -78.699667, 38.500347 ], [ -78.70774, 38.504314 ], [ -78.710411, 38.505825 ], [ -78.713033, 38.507363 ], [ -78.714858, 38.508401 ], [ -78.71642, 38.509225 ], [ -78.718764, 38.510681 ], [ -78.720299, 38.511439 ], [ -78.720275, 38.511618 ], [ -78.720176, 38.511994 ], [ -78.719988, 38.512574 ], [ -78.719765, 38.513143 ], [ -78.71896, 38.514593 ], [ -78.718817, 38.514865 ], [ -78.718752, 38.51504 ], [ -78.718689, 38.515326 ], [ -78.71867, 38.515629 ], [ -78.718772, 38.517113 ], [ -78.718741, 38.517301 ], [ -78.718616, 38.517572 ], [ -78.717906, 38.518672 ], [ -78.718966, 38.518929 ], [ -78.720319, 38.519233 ], [ -78.720633, 38.519334 ], [ -78.721192, 38.519572 ], [ -78.722264, 38.520165 ], [ -78.722436, 38.520245 ], [ -78.722696, 38.520342 ], [ -78.72287, 38.52039 ], [ -78.723345, 38.520455 ], [ -78.723579, 38.520466 ], [ -78.724017, 38.52045 ], [ -78.724407, 38.520378 ], [ -78.725321, 38.520038 ], [ -78.725656, 38.519929 ], [ -78.726107, 38.519834 ], [ -78.726373, 38.519804 ], [ -78.726819, 38.519799 ], [ -78.727236, 38.519847 ], [ -78.727499, 38.519905 ], [ -78.727792, 38.51999 ], [ -78.729256, 38.520485 ], [ -78.729708, 38.520576 ], [ -78.730144, 38.52061 ], [ -78.730432, 38.520607 ], [ -78.730876, 38.520547 ], [ -78.733065, 38.520042 ], [ -78.733547, 38.519977 ], [ -78.733839, 38.519973 ], [ -78.734177, 38.520004 ], [ -78.734449, 38.520054 ], [ -78.734858, 38.520165 ], [ -78.736752, 38.520679 ], [ -78.738075, 38.52107 ], [ -78.739732, 38.521536 ], [ -78.740207, 38.521673 ], [ -78.740646, 38.521831 ], [ -78.741096, 38.522043 ], [ -78.741744, 38.522425 ], [ -78.74382, 38.523908 ], [ -78.744232, 38.524169 ], [ -78.744592, 38.524336 ], [ -78.744924, 38.524446 ], [ -78.745346, 38.524529 ], [ -78.745741, 38.524561 ], [ -78.745973, 38.524563 ] ] ] ] } }
]
}
