{
"type": "FeatureCollection",
"name": "id_5",
"crs": { "type": "name", "properties": { "name": "urn:ogc:def:crs:OGC:1.3:CRS84" } },
"xy_coordinate_resolution": 1e-15,
"features": [
{ "type": "Feature", "properties": { "id": 5.0, "NAME": "5.0", "TotalPop": 767871.0, "PopDevPct": -0.0, "DemPct": 0.437, "RepPct": 0.541, "WhitePct": 0.636, "MinorityPc": 0.364, "BlackPct": 0.279, "HispanicPc": 0.047, "PacificPct": 0.002, "AsianPct": 0.017, "NativePct": 0.02, "TotalVAP": 586652.0, "Margin": -0.063, "color": "#ffb800", "opacity": "0.5" }, "geometry": { "type": "MultiPolygon", "coordinates": [ [ [ [ -87.657798, 35.560682 ], [ -87.657899, 35.560419 ], [ -87.657955, 35.560327 ], [ -87.658058, 35.560158 ], [ -87.658092, 35.560106 ], [ -87.658708, 35.559849 ], [ -87.658961, 35.559848 ], [ -87.659117, 35.559853 ], [ -87.659225, 35.559859 ], [ -87.65932, 35.559864 ], [ -87.660789, 35.559668 ], [ -87.661373, 35.558647 ], [ -87.661639, 35.558468 ], [ -87.662708, 35.558352 ], [ -87.663703, 35.557426 ], [ -87.663744, 35.556303 ], [ -87.663459, 35.555512 ], [ -87.664426, 35.55515 ], [ -87.665252, 35.55503 ], [ -87.665327, 35.553815 ], [ -87.665545, 35.552903 ], [ -87.666428, 35.553102 ], [ -87.667748, 35.553534 ], [ -87.669348, 35.553257 ], [ -87.670431, 35.551917 ], [ -87.671018, 35.551369 ], [ -87.673469, 35.551434 ], [ -87.673996, 35.551907 ], [ -87.67491, 35.55337 ], [ -87.6765, 35.553322 ], [ -87.676964, 35.554227 ], [ -87.678228, 35.554766 ], [ -87.679008, 35.55652 ], [ -87.681102, 35.557715 ], [ -87.68198, 35.556737 ], [ -87.681279, 35.555502 ], [ -87.681693, 35.554185 ], [ -87.684083, 35.553419 ], [ -87.687529, 35.552813 ], [ -87.688493, 35.551525 ], [ -87.688165, 35.550173 ], [ -87.686867, 35.549822 ], [ -87.686434, 35.549552 ], [ -87.686135, 35.549052 ], [ -87.685834, 35.548065 ], [ -87.686748, 35.540039 ], [ -87.687622, 35.532369 ], [ -87.688957, 35.520532 ], [ -87.689992, 35.51135 ], [ -87.689989, 35.511298 ], [ -87.690651, 35.505329 ], [ -87.711014, 35.505289 ], [ -87.71197, 35.49753 ], [ -87.715944, 35.49776 ], [ -87.716161, 35.495824 ], [ -87.716609, 35.491818 ], [ -87.716995, 35.48838 ], [ -87.717559, 35.483347 ], [ -87.713924, 35.482696 ], [ -87.71342, 35.482606 ], [ -87.704516, 35.481012 ], [ -87.698851, 35.479998 ], [ -87.698671, 35.479966 ], [ -87.686362, 35.473121 ], [ -87.686034, 35.472937 ], [ -87.683308, 35.472806 ], [ -87.673471, 35.47279 ], [ -87.661163, 35.472769 ], [ -87.657854, 35.472764 ], [ -87.648824, 35.472717 ], [ -87.645896, 35.472745 ], [ -87.646083, 35.468164 ], [ -87.646125, 35.465444 ], [ -87.646215, 35.459515 ], [ -87.646252, 35.457108 ], [ -87.646477, 35.442464 ], [ -87.645869, 35.441934 ], [ -87.641356, 35.440935 ], [ -87.635442, 35.441008 ], [ -87.632614, 35.441042 ], [ -87.632505, 35.438335 ], [ -87.625021, 35.437763 ], [ -87.61057, 35.436464 ], [ -87.607276, 35.436176 ], [ -87.607626, 35.432498 ], [ -87.608518, 35.427031 ], [ -87.608406, 35.426681 ], [ -87.605151, 35.41948 ], [ -87.601229, 35.418613 ], [ -87.601, 35.418224 ], [ -87.597164, 35.411723 ], [ -87.594957, 35.411628 ], [ -87.591911, 35.411577 ], [ -87.590704, 35.411561 ], [ -87.584783, 35.409142 ], [ -87.581016, 35.408085 ], [ -87.577518, 35.406419 ], [ -87.575205, 35.406308 ], [ -87.57525, 35.403907 ], [ -87.575352, 35.398454 ], [ -87.569961, 35.398481 ], [ -87.569402, 35.398484 ], [ -87.548711, 35.398583 ], [ -87.535111, 35.398635 ], [ -87.530268, 35.398573 ], [ -87.529317, 35.39856 ], [ -87.529016, 35.398556 ], [ -87.52069, 35.398477 ], [ -87.519868, 35.398362 ], [ -87.517456, 35.398212 ], [ -87.516789, 35.398389 ], [ -87.515458, 35.411403 ], [ -87.514902, 35.412107 ], [ -87.510127, 35.414428 ], [ -87.509612, 35.414679 ], [ -87.500018, 35.414554 ], [ -87.485315, 35.414728 ], [ -87.478329, 35.414719 ], [ -87.478439, 35.422658 ], [ -87.477498, 35.422632 ], [ -87.471236, 35.422459 ], [ -87.464955, 35.422286 ], [ -87.462104, 35.422208 ], [ -87.461938, 35.42066 ], [ -87.451718, 35.420629 ], [ -87.44882, 35.420622 ], [ -87.448494, 35.424724 ], [ -87.44839, 35.43282 ], [ -87.448336, 35.44141 ], [ -87.448402, 35.448799 ], [ -87.448485, 35.457844 ], [ -87.443159, 35.457844 ], [ -87.441166, 35.457844 ], [ -87.429213, 35.457846 ], [ -87.395339, 35.457852 ], [ -87.375836, 35.457856 ], [ -87.375606, 35.457856 ], [ -87.37378, 35.457849 ], [ -87.368495, 35.457296 ], [ -87.366441, 35.456842 ], [ -87.36182, 35.455859 ], [ -87.356063, 35.455155 ], [ -87.352099, 35.455354 ], [ -87.343027, 35.45575 ], [ -87.341631, 35.455796 ], [ -87.339004, 35.45593 ], [ -87.335101, 35.456073 ], [ -87.325796, 35.456415 ], [ -87.326558, 35.451388 ], [ -87.326539, 35.451367 ], [ -87.326948, 35.447699 ], [ -87.32469, 35.447482 ], [ -87.321868, 35.447211 ], [ -87.316119, 35.44666 ], [ -87.298104, 35.445082 ], [ -87.297628, 35.444997 ], [ -87.294534, 35.444676 ], [ -87.295242, 35.442128 ], [ -87.288162, 35.440832 ], [ -87.287317, 35.440677 ], [ -87.281421, 35.439599 ], [ -87.279735, 35.43929 ], [ -87.279698, 35.439283 ], [ -87.279531, 35.439252 ], [ -87.252386, 35.434147 ], [ -87.247926, 35.43302 ], [ -87.227932, 35.429332 ], [ -87.225723, 35.4337 ], [ -87.226272, 35.440408 ], [ -87.226002, 35.440436 ], [ -87.22329, 35.439801 ], [ -87.218921, 35.438777 ], [ -87.217328, 35.438403 ], [ -87.206578, 35.433207 ], [ -87.201645, 35.432363 ], [ -87.198982, 35.431907 ], [ -87.196673, 35.431511 ], [ -87.194419, 35.431124 ], [ -87.193227, 35.430902 ], [ -87.187405, 35.432223 ], [ -87.18716, 35.432279 ], [ -87.177833, 35.434341 ], [ -87.165744, 35.436923 ], [ -87.163684, 35.435055 ], [ -87.160263, 35.435371 ], [ -87.15723, 35.438396 ], [ -87.157516, 35.439312 ], [ -87.155641, 35.439826 ], [ -87.154919, 35.440757 ], [ -87.154952, 35.442289 ], [ -87.153822, 35.443112 ], [ -87.152277, 35.443518 ], [ -87.15242, 35.444986 ], [ -87.151324, 35.445906 ], [ -87.150267, 35.445738 ], [ -87.149904, 35.446918 ], [ -87.147401, 35.447102 ], [ -87.146867, 35.447635 ], [ -87.143202, 35.447433 ], [ -87.141652, 35.448411 ], [ -87.140858, 35.449231 ], [ -87.13834, 35.448365 ], [ -87.137289, 35.448729 ], [ -87.136728, 35.450751 ], [ -87.135141, 35.452502 ], [ -87.133875, 35.453161 ], [ -87.130036, 35.454025 ], [ -87.129793, 35.455101 ], [ -87.128552, 35.456004 ], [ -87.128239, 35.455593 ], [ -87.128143, 35.455429 ], [ -87.128029, 35.455269 ], [ -87.127671, 35.455046 ], [ -87.127269, 35.454976 ], [ -87.12714, 35.454944 ], [ -87.126525, 35.454932 ], [ -87.126236, 35.455063 ], [ -87.125742, 35.455159 ], [ -87.125411, 35.455256 ], [ -87.125196, 35.455199 ], [ -87.125007, 35.45515 ], [ -87.124634, 35.455194 ], [ -87.122529, 35.456061 ], [ -87.120883, 35.45566 ], [ -87.119261, 35.454333 ], [ -87.117809, 35.454554 ], [ -87.118025, 35.452379 ], [ -87.117253, 35.451723 ], [ -87.114703, 35.451731 ], [ -87.113641, 35.452356 ], [ -87.112018, 35.45119 ], [ -87.110577, 35.451024 ], [ -87.109204, 35.448996 ], [ -87.107098, 35.450512 ], [ -87.106014, 35.449574 ], [ -87.103331, 35.450451 ], [ -87.101246, 35.449614 ], [ -87.102393, 35.447651 ], [ -87.101765, 35.44569 ], [ -87.099815, 35.445353 ], [ -87.097957, 35.444331 ], [ -87.096574, 35.444222 ], [ -87.096424, 35.442843 ], [ -87.094443, 35.442601 ], [ -87.094477, 35.441967 ], [ -87.093353, 35.441554 ], [ -87.092765, 35.442164 ], [ -87.092452, 35.442284 ], [ -87.091543, 35.442115 ], [ -87.090917, 35.442163 ], [ -87.090614, 35.442379 ], [ -87.089988, 35.442539 ], [ -87.089225, 35.44257 ], [ -87.088208, 35.442883 ], [ -87.08763, 35.443509 ], [ -87.086995, 35.443427 ], [ -87.086019, 35.442728 ], [ -87.085618, 35.442727 ], [ -87.084366, 35.443191 ], [ -87.08375, 35.442918 ], [ -87.083361, 35.442107 ], [ -87.08206, 35.442683 ], [ -87.081405, 35.44282 ], [ -87.08079, 35.44236 ], [ -87.080093, 35.44121 ], [ -87.078229, 35.440627 ], [ -87.077369, 35.442191 ], [ -87.075621, 35.441003 ], [ -87.071771, 35.440383 ], [ -87.070459, 35.438283 ], [ -87.067252, 35.436569 ], [ -87.066826, 35.435463 ], [ -87.062754, 35.434077 ], [ -87.062035, 35.434598 ], [ -87.05918, 35.431354 ], [ -87.058199, 35.4314 ], [ -87.056904, 35.431654 ], [ -87.055944, 35.431129 ], [ -87.054608, 35.431769 ], [ -87.053256, 35.431667 ], [ -87.053221, 35.430732 ], [ -87.050721, 35.430707 ], [ -87.050483, 35.429368 ], [ -87.049083, 35.429145 ], [ -87.047796, 35.429599 ], [ -87.046448, 35.428538 ], [ -87.045321, 35.428413 ], [ -87.043864, 35.429447 ], [ -87.042516, 35.428611 ], [ -87.040292, 35.428248 ], [ -87.037215, 35.428734 ], [ -87.034481, 35.430836 ], [ -87.032728, 35.431709 ], [ -87.030201, 35.431846 ], [ -87.028455, 35.43141 ], [ -87.025702, 35.429525 ], [ -87.025384, 35.427295 ], [ -87.0243, 35.424985 ], [ -87.022205, 35.424371 ], [ -87.021499, 35.422724 ], [ -87.01949, 35.424005 ], [ -87.018521, 35.422035 ], [ -87.018832, 35.419883 ], [ -87.016207, 35.419164 ], [ -87.016196, 35.419512 ], [ -87.01587, 35.429191 ], [ -87.015822, 35.430302 ], [ -87.015559, 35.437239 ], [ -87.01504, 35.457827 ], [ -87.014945, 35.462323 ], [ -87.01454, 35.471514 ], [ -87.014391, 35.474761 ], [ -87.01413, 35.481153 ], [ -87.013619, 35.487288 ], [ -87.012927, 35.498481 ], [ -87.012521, 35.502434 ], [ -87.013212, 35.520335 ], [ -87.013252, 35.525243 ], [ -87.01335, 35.528795 ], [ -87.013436, 35.530697 ], [ -87.013862, 35.544615 ], [ -87.016989, 35.544921 ], [ -87.017572, 35.544981 ], [ -87.022435, 35.545491 ], [ -87.024203, 35.545354 ], [ -87.034346, 35.546584 ], [ -87.034504, 35.548608 ], [ -87.036777, 35.549155 ], [ -87.04391, 35.549862 ], [ -87.042307, 35.559491 ], [ -87.042121, 35.562625 ], [ -87.042511, 35.565715 ], [ -87.042649, 35.566722 ], [ -87.042707, 35.567138 ], [ -87.043014, 35.571743 ], [ -87.047423, 35.572013 ], [ -87.051249, 35.572332 ], [ -87.054086, 35.572604 ], [ -87.058089, 35.573094 ], [ -87.060007, 35.573541 ], [ -87.060648, 35.573363 ], [ -87.064996, 35.573636 ], [ -87.065905, 35.57373 ], [ -87.0662, 35.573758 ], [ -87.066164, 35.574821 ], [ -87.067061, 35.574908 ], [ -87.067183, 35.577039 ], [ -87.067074, 35.579486 ], [ -87.071828, 35.579986 ], [ -87.073569, 35.580245 ], [ -87.073976, 35.581026 ], [ -87.07631, 35.580849 ], [ -87.078025, 35.581236 ], [ -87.080499, 35.581315 ], [ -87.081683, 35.582743 ], [ -87.082681, 35.584359 ], [ -87.082337, 35.587006 ], [ -87.083853, 35.587144 ], [ -87.083642, 35.588657 ], [ -87.083299, 35.590076 ], [ -87.084779, 35.590217 ], [ -87.084095, 35.593477 ], [ -87.085296, 35.594489 ], [ -87.087025, 35.595632 ], [ -87.085027, 35.596775 ], [ -87.08425, 35.59717 ], [ -87.084865, 35.600736 ], [ -87.084687, 35.602476 ], [ -87.084396, 35.604505 ], [ -87.082828, 35.604604 ], [ -87.082686, 35.605624 ], [ -87.080765, 35.605461 ], [ -87.079589, 35.605825 ], [ -87.078698, 35.605965 ], [ -87.07724, 35.605948 ], [ -87.075658, 35.60592 ], [ -87.074153, 35.605986 ], [ -87.073686, 35.606355 ], [ -87.073723, 35.606785 ], [ -87.07456, 35.608196 ], [ -87.073527, 35.608819 ], [ -87.073625, 35.609234 ], [ -87.069115, 35.608926 ], [ -87.069019, 35.608931 ], [ -87.069069, 35.610919 ], [ -87.068703, 35.611573 ], [ -87.068085, 35.612364 ], [ -87.067368, 35.613073 ], [ -87.066801, 35.613623 ], [ -87.065273, 35.615104 ], [ -87.064776, 35.615727 ], [ -87.064577, 35.616523 ], [ -87.064829, 35.617524 ], [ -87.065491, 35.618631 ], [ -87.066804, 35.620752 ], [ -87.067192, 35.623592 ], [ -87.066642, 35.625711 ], [ -87.065173, 35.627209 ], [ -87.06231, 35.627708 ], [ -87.062284, 35.62778 ], [ -87.061223, 35.629764 ], [ -87.059363, 35.630092 ], [ -87.056231, 35.631644 ], [ -87.050557, 35.634653 ], [ -87.048599, 35.635984 ], [ -87.047289, 35.637187 ], [ -87.046983, 35.637467 ], [ -87.045515, 35.638708 ], [ -87.044019, 35.639239 ], [ -87.043681, 35.639278 ], [ -87.043567, 35.639281 ], [ -87.043385, 35.63929 ], [ -87.042997, 35.639266 ], [ -87.042556, 35.639196 ], [ -87.042371, 35.639153 ], [ -87.04224, 35.63912 ], [ -87.042224, 35.639115 ], [ -87.041793, 35.638979 ], [ -87.040556, 35.638499 ], [ -87.039964, 35.63827 ], [ -87.039442, 35.638058 ], [ -87.039081, 35.637924 ], [ -87.038457, 35.637741 ], [ -87.037988, 35.63764 ], [ -87.03746, 35.637559 ], [ -87.037056, 35.637522 ], [ -87.036785, 35.637507 ], [ -87.036732, 35.637504 ], [ -87.036538, 35.637494 ], [ -87.035634, 35.637471 ], [ -87.035514, 35.637468 ], [ -87.035393, 35.637464 ], [ -87.027783, 35.637273 ], [ -87.02334, 35.636885 ], [ -87.017674, 35.635764 ], [ -87.017489, 35.635713 ], [ -87.014821, 35.635098 ], [ -87.01381, 35.634891 ], [ -87.010316, 35.634827 ], [ -87.006669, 35.635828 ], [ -87.004623, 35.636105 ], [ -87.0042, 35.636128 ], [ -87.002123, 35.636238 ], [ -86.996489, 35.636523 ], [ -86.995145, 35.636548 ], [ -86.993463, 35.636514 ], [ -86.988458, 35.635936 ], [ -86.985123, 35.6358 ], [ -86.982386, 35.63594 ], [ -86.981126, 35.63598 ], [ -86.98005, 35.636045 ], [ -86.972682, 35.636422 ], [ -86.970396, 35.636351 ], [ -86.966208, 35.636156 ], [ -86.964409, 35.636095 ], [ -86.961527, 35.635771 ], [ -86.959044, 35.635097 ], [ -86.954668, 35.63383 ], [ -86.953559, 35.63349 ], [ -86.953014, 35.634436 ], [ -86.951663, 35.6353 ], [ -86.949125, 35.63777 ], [ -86.948157, 35.63989 ], [ -86.94572, 35.64166 ], [ -86.944803, 35.642753 ], [ -86.943317, 35.643985 ], [ -86.938655, 35.644989 ], [ -86.934273, 35.645979 ], [ -86.932719, 35.645179 ], [ -86.928777, 35.644631 ], [ -86.926632, 35.644066 ], [ -86.925612, 35.644221 ], [ -86.924133, 35.645469 ], [ -86.921244, 35.645912 ], [ -86.91909, 35.646751 ], [ -86.918001, 35.646946 ], [ -86.912882, 35.644802 ], [ -86.909396, 35.644802 ], [ -86.909372, 35.644803 ], [ -86.906591, 35.645226 ], [ -86.908305, 35.646413 ], [ -86.908944, 35.647958 ], [ -86.908816, 35.649112 ], [ -86.90971, 35.653418 ], [ -86.909626, 35.653408 ], [ -86.909662, 35.655189 ], [ -86.908603, 35.660579 ], [ -86.908352, 35.662049 ], [ -86.909892, 35.664676 ], [ -86.910106, 35.666069 ], [ -86.909333, 35.669946 ], [ -86.908364, 35.671275 ], [ -86.907612, 35.674315 ], [ -86.907341, 35.676079 ], [ -86.906059, 35.677937 ], [ -86.905576, 35.68062 ], [ -86.905873, 35.682424 ], [ -86.906018, 35.683465 ], [ -86.905417, 35.688364 ], [ -86.90091, 35.68813 ], [ -86.900416, 35.692101 ], [ -86.899522, 35.697493 ], [ -86.898685, 35.702079 ], [ -86.898666, 35.702225 ], [ -86.898199, 35.701694 ], [ -86.896605, 35.699927 ], [ -86.896131, 35.699447 ], [ -86.893776, 35.697264 ], [ -86.889473, 35.693769 ], [ -86.885756, 35.690199 ], [ -86.88554, 35.689979 ], [ -86.882313, 35.701942 ], [ -86.878613, 35.715651 ], [ -86.877825, 35.718807 ], [ -86.876953, 35.722467 ], [ -86.876719, 35.723479 ], [ -86.874839, 35.731526 ], [ -86.873047, 35.739204 ], [ -86.872588, 35.741085 ], [ -86.870853, 35.748398 ], [ -86.869755, 35.751401 ], [ -86.869934, 35.751497 ], [ -86.868111, 35.755759 ], [ -86.866164, 35.760529 ], [ -86.865345, 35.763571 ], [ -86.865044, 35.765362 ], [ -86.863869, 35.776223 ], [ -86.86313, 35.781531 ], [ -86.861282, 35.789708 ], [ -86.861053, 35.790643 ], [ -86.860808, 35.791468 ], [ -86.860566, 35.792117 ], [ -86.860299, 35.792736 ], [ -86.860008, 35.793344 ], [ -86.859628, 35.794031 ], [ -86.859299, 35.794579 ], [ -86.858797, 35.795307 ], [ -86.858177, 35.796111 ], [ -86.856287, 35.798473 ], [ -86.854391, 35.800831 ], [ -86.851236, 35.804756 ], [ -86.850596, 35.805573 ], [ -86.850399, 35.805824 ], [ -86.846823, 35.810435 ], [ -86.844393, 35.813833 ], [ -86.838794, 35.821679 ], [ -86.838587, 35.821968 ], [ -86.838323, 35.82198 ], [ -86.836347, 35.824774 ], [ -86.83432, 35.828905 ], [ -86.833591, 35.831402 ], [ -86.833122, 35.834838 ], [ -86.83263, 35.843316 ], [ -86.832122, 35.851626 ], [ -86.831646, 35.859487 ], [ -86.830198, 35.883213 ], [ -86.829979, 35.886139 ], [ -86.829172, 35.892102 ], [ -86.828678, 35.895511 ], [ -86.8279, 35.89856 ], [ -86.826287, 35.902781 ], [ -86.825024, 35.907619 ], [ -86.824661, 35.910255 ], [ -86.823334, 35.913923 ], [ -86.823467, 35.914018 ], [ -86.823834, 35.91409 ], [ -86.824004, 35.914132 ], [ -86.824161, 35.914172 ], [ -86.824148, 35.914261 ], [ -86.823433, 35.919495 ], [ -86.822782, 35.922348 ], [ -86.821495, 35.926186 ], [ -86.818909, 35.933614 ], [ -86.81876, 35.93404 ], [ -86.818702, 35.934207 ], [ -86.817055, 35.938943 ], [ -86.816284, 35.941168 ], [ -86.8141, 35.947446 ], [ -86.814051, 35.947585 ], [ -86.811755, 35.954202 ], [ -86.811165, 35.955895 ], [ -86.809498, 35.960697 ], [ -86.807631, 35.966064 ], [ -86.807866, 35.9661 ], [ -86.80803, 35.966126 ], [ -86.808104, 35.966137 ], [ -86.809235, 35.966313 ], [ -86.809524, 35.966358 ], [ -86.809998, 35.966432 ], [ -86.811193, 35.96663 ], [ -86.811326, 35.966648 ], [ -86.813572, 35.966949 ], [ -86.813543, 35.967067 ], [ -86.814756, 35.967314 ], [ -86.814925, 35.967338 ], [ -86.816229, 35.967497 ], [ -86.818338, 35.967995 ], [ -86.819023, 35.968428 ], [ -86.819063, 35.96846 ], [ -86.819106, 35.968493 ], [ -86.820337, 35.969773 ], [ -86.821682, 35.970472 ], [ -86.825811, 35.971836 ], [ -86.825975, 35.971583 ], [ -86.828578, 35.972314 ], [ -86.832852, 35.973028 ], [ -86.833207, 35.973169 ], [ -86.833056, 35.973339 ], [ -86.833687, 35.97358 ], [ -86.835639, 35.974446 ], [ -86.836108, 35.974719 ], [ -86.838496, 35.975504 ], [ -86.840014, 35.976525 ], [ -86.841155, 35.978601 ], [ -86.843173, 35.980669 ], [ -86.844765, 35.981601 ], [ -86.846187, 35.981167 ], [ -86.848815, 35.979594 ], [ -86.850257, 35.979499 ], [ -86.853644, 35.977296 ], [ -86.857429, 35.976341 ], [ -86.85891, 35.975168 ], [ -86.859589, 35.973297 ], [ -86.861614, 35.971856 ], [ -86.866168, 35.972254 ], [ -86.867828, 35.972884 ], [ -86.870062, 35.974763 ], [ -86.876429, 35.975621 ], [ -86.876435, 35.975572 ], [ -86.877383, 35.974654 ], [ -86.880769, 35.975682 ], [ -86.881848, 35.975611 ], [ -86.884491, 35.974522 ], [ -86.885966, 35.973687 ], [ -86.88668, 35.974657 ], [ -86.886925, 35.975056 ], [ -86.888577, 35.979492 ], [ -86.89046, 35.985483 ], [ -86.890769, 35.987402 ], [ -86.890558, 35.989296 ], [ -86.889704, 35.991383 ], [ -86.887687, 35.993983 ], [ -86.887021, 35.995305 ], [ -86.885912, 35.99886 ], [ -86.885818, 35.999146 ], [ -86.885258, 36.001062 ], [ -86.885208, 36.002773 ], [ -86.885586, 36.004117 ], [ -86.887151, 36.00747 ], [ -86.887474, 36.008166 ], [ -86.888573, 36.010743 ], [ -86.888763, 36.011686 ], [ -86.888512, 36.015453 ], [ -86.88802, 36.017861 ], [ -86.886885, 36.019625 ], [ -86.885235, 36.021435 ], [ -86.881692, 36.024402 ], [ -86.878019, 36.026827 ], [ -86.876598, 36.02866 ], [ -86.875584, 36.031225 ], [ -86.874388, 36.033447 ], [ -86.87188, 36.036747 ], [ -86.869444, 36.039572 ], [ -86.866507, 36.042911 ], [ -86.864957, 36.044672 ], [ -86.864761, 36.044896 ], [ -86.872219, 36.045769 ], [ -86.882165, 36.04707 ], [ -86.883805, 36.047286 ], [ -86.88458, 36.047389 ], [ -86.885613, 36.047526 ], [ -86.893385, 36.048515 ], [ -86.896719, 36.04892 ], [ -86.903024, 36.04969 ], [ -86.908797, 36.050398 ], [ -86.91684, 36.051403 ], [ -86.919116, 36.051693 ], [ -86.919745, 36.051774 ], [ -86.921686, 36.052023 ], [ -86.926473, 36.052638 ], [ -86.928602, 36.052909 ], [ -86.928861, 36.052942 ], [ -86.936415, 36.048156 ], [ -86.939161, 36.046332 ], [ -86.943581, 36.043578 ], [ -86.946035, 36.042024 ], [ -86.946388, 36.0418 ], [ -86.946487, 36.041745 ], [ -86.946517, 36.041724 ], [ -86.946608, 36.041664 ], [ -86.946639, 36.041644 ], [ -86.946675, 36.041619 ], [ -86.946786, 36.041547 ], [ -86.946823, 36.041523 ], [ -86.946907, 36.041468 ], [ -86.947012, 36.0414 ], [ -86.947362, 36.041178 ], [ -86.94876, 36.040284 ], [ -86.951472, 36.038555 ], [ -86.951924, 36.038287 ], [ -86.953413, 36.037347 ], [ -86.962984, 36.031386 ], [ -86.968487, 36.027906 ], [ -86.974663, 36.023965 ], [ -86.976824, 36.02258 ], [ -86.97964, 36.020799 ], [ -86.980605, 36.020184 ], [ -86.987551, 36.015781 ], [ -87.001496, 36.007057 ], [ -87.00728, 36.003433 ], [ -87.016082, 35.997874 ], [ -87.016437, 35.997617 ], [ -87.018781, 35.995913 ], [ -87.022766, 35.993368 ], [ -87.023023, 35.993202 ], [ -87.024785, 35.992078 ], [ -87.026471, 35.991078 ], [ -87.028336, 35.989857 ], [ -87.03197, 35.989752 ], [ -87.039223, 35.989286 ], [ -87.039386, 35.989242 ], [ -87.040288, 35.991944 ], [ -87.040749, 35.993825 ], [ -87.04155, 35.997062 ], [ -87.042946, 36.002727 ], [ -87.045351, 36.012597 ], [ -87.048335, 36.024842 ], [ -87.051917, 36.038439 ], [ -87.053722, 36.045582 ], [ -87.066897, 36.044499 ], [ -87.071066, 36.044307 ], [ -87.077616, 36.044083 ], [ -87.084008, 36.043874 ], [ -87.084916, 36.043805 ], [ -87.092814, 36.044249 ], [ -87.106124, 36.045167 ], [ -87.110641, 36.045459 ], [ -87.123798, 36.046352 ], [ -87.127299, 36.046814 ], [ -87.140978, 36.047931 ], [ -87.143333, 36.048067 ], [ -87.143979, 36.048093 ], [ -87.149727, 36.048317 ], [ -87.167712, 36.049168 ], [ -87.170221, 36.049172 ], [ -87.182573, 36.049726 ], [ -87.184207, 36.042246 ], [ -87.184569, 36.040701 ], [ -87.186094, 36.03361 ], [ -87.186578, 36.031393 ], [ -87.18714, 36.028814 ], [ -87.18736, 36.02771 ], [ -87.188208, 36.023686 ], [ -87.188252, 36.023444 ], [ -87.18848, 36.022214 ], [ -87.189603, 36.016341 ], [ -87.190786, 36.009808 ], [ -87.193055, 35.997648 ], [ -87.19319, 35.996781 ], [ -87.194271, 35.98989 ], [ -87.192923, 35.989774 ], [ -87.191976, 35.989694 ], [ -87.192248, 35.987594 ], [ -87.192543, 35.985318 ], [ -87.196746, 35.985576 ], [ -87.197406, 35.979967 ], [ -87.196636, 35.979886 ], [ -87.19051, 35.979175 ], [ -87.190562, 35.977424 ], [ -87.190826, 35.975884 ], [ -87.196863, 35.976255 ], [ -87.199442, 35.97564 ], [ -87.199805, 35.971694 ], [ -87.204629, 35.971848 ], [ -87.209774, 35.971978 ], [ -87.21199, 35.970082 ], [ -87.21073, 35.967927 ], [ -87.208499, 35.967915 ], [ -87.208994, 35.962723 ], [ -87.203933, 35.962321 ], [ -87.204242, 35.959186 ], [ -87.206501, 35.959375 ], [ -87.212045, 35.959839 ], [ -87.216193, 35.960187 ], [ -87.224309, 35.960924 ], [ -87.224771, 35.960966 ], [ -87.22653, 35.961126 ], [ -87.242261, 35.962375 ], [ -87.246802, 35.962756 ], [ -87.258127, 35.963546 ], [ -87.262439, 35.963819 ], [ -87.272731, 35.964475 ], [ -87.274235, 35.964595 ], [ -87.274509, 35.962567 ], [ -87.276845, 35.961315 ], [ -87.279901, 35.961429 ], [ -87.280165, 35.962822 ], [ -87.281823, 35.963676 ], [ -87.285853, 35.963968 ], [ -87.285765, 35.964875 ], [ -87.293924, 35.965633 ], [ -87.296658, 35.965887 ], [ -87.302237, 35.966407 ], [ -87.301916, 35.96837 ], [ -87.314036, 35.969809 ], [ -87.319891, 35.970448 ], [ -87.320658, 35.970531 ], [ -87.336542, 35.972268 ], [ -87.353127, 35.974082 ], [ -87.355457, 35.974335 ], [ -87.361277, 35.974996 ], [ -87.375304, 35.976453 ], [ -87.376555, 35.976605 ], [ -87.381587, 35.977118 ], [ -87.399405, 35.978938 ], [ -87.408988, 35.979917 ], [ -87.428833, 35.981946 ], [ -87.435043, 35.982596 ], [ -87.443328, 35.983466 ], [ -87.445527, 35.983697 ], [ -87.46353, 35.985591 ], [ -87.475502, 35.986845 ], [ -87.476449, 35.986944 ], [ -87.482378, 35.987566 ], [ -87.482115, 35.985401 ], [ -87.477686, 35.985959 ], [ -87.477719, 35.984848 ], [ -87.48969, 35.983865 ], [ -87.48971, 35.984079 ], [ -87.489874, 35.98529 ], [ -87.490133, 35.988369 ], [ -87.490561, 35.988439 ], [ -87.49373, 35.988777 ], [ -87.497491, 35.989161 ], [ -87.513881, 35.990775 ], [ -87.513992, 35.991029 ], [ -87.517306, 35.991412 ], [ -87.53453, 35.993074 ], [ -87.534802, 35.995245 ], [ -87.536742, 35.996217 ], [ -87.540012, 35.996471 ], [ -87.540202, 35.998744 ], [ -87.541218, 36.000708 ], [ -87.5405, 36.002438 ], [ -87.541062, 36.003521 ], [ -87.542681, 36.005044 ], [ -87.542654, 36.005324 ], [ -87.542425, 36.006136 ], [ -87.542395, 36.006942 ], [ -87.542514, 36.007677 ], [ -87.542637, 36.008089 ], [ -87.54291, 36.008487 ], [ -87.543126, 36.008674 ], [ -87.544247, 36.008933 ], [ -87.545306, 36.010178 ], [ -87.545515, 36.010227 ], [ -87.545909, 36.010392 ], [ -87.546065, 36.010651 ], [ -87.54613, 36.010934 ], [ -87.546287, 36.011112 ], [ -87.546533, 36.011472 ], [ -87.548803, 36.013421 ], [ -87.550337, 36.014255 ], [ -87.55054, 36.015285 ], [ -87.552312, 36.015978 ], [ -87.552372, 36.016007 ], [ -87.552305, 36.017211 ], [ -87.549898, 36.018175 ], [ -87.548839, 36.019433 ], [ -87.548402, 36.020316 ], [ -87.548682, 36.021938 ], [ -87.54601, 36.022781 ], [ -87.546861, 36.028383 ], [ -87.546854, 36.028926 ], [ -87.547117, 36.029291 ], [ -87.54751, 36.029552 ], [ -87.548011, 36.029648 ], [ -87.548401, 36.029722 ], [ -87.548687, 36.029845 ], [ -87.548773, 36.030225 ], [ -87.548776, 36.030318 ], [ -87.548787, 36.030677 ], [ -87.548804, 36.030839 ], [ -87.549118, 36.031148 ], [ -87.549548, 36.031318 ], [ -87.54986, 36.031347 ], [ -87.550766, 36.03236 ], [ -87.550513, 36.035784 ], [ -87.549311, 36.038099 ], [ -87.547983, 36.039554 ], [ -87.548551, 36.040135 ], [ -87.549134, 36.041056 ], [ -87.548313, 36.041882 ], [ -87.547548, 36.043155 ], [ -87.548407, 36.043772 ], [ -87.547773, 36.045135 ], [ -87.546971, 36.045552 ], [ -87.546623, 36.04554 ], [ -87.546165, 36.045641 ], [ -87.545827, 36.045871 ], [ -87.545594, 36.046031 ], [ -87.545298, 36.046641 ], [ -87.545311, 36.047125 ], [ -87.545345, 36.047528 ], [ -87.545253, 36.048495 ], [ -87.545335, 36.049044 ], [ -87.545351, 36.049346 ], [ -87.545367, 36.049632 ], [ -87.545801, 36.049978 ], [ -87.546112, 36.050206 ], [ -87.546217, 36.05126 ], [ -87.545567, 36.053314 ], [ -87.545398, 36.05558 ], [ -87.545962, 36.056272 ], [ -87.54857, 36.05631 ], [ -87.549259, 36.0576 ], [ -87.549431, 36.059306 ], [ -87.54917, 36.060078 ], [ -87.548271, 36.066708 ], [ -87.547721, 36.070691 ], [ -87.546795, 36.077477 ], [ -87.544625, 36.093383 ], [ -87.544599, 36.093575 ], [ -87.544519, 36.094158 ], [ -87.546182, 36.103582 ], [ -87.54644, 36.105007 ], [ -87.549653, 36.123104 ], [ -87.551483, 36.134017 ], [ -87.551806, 36.137514 ], [ -87.552182, 36.137745 ], [ -87.552566, 36.138822 ], [ -87.55305, 36.140176 ], [ -87.55477, 36.145048 ], [ -87.556754, 36.150586 ], [ -87.55781, 36.153535 ], [ -87.561542, 36.163954 ], [ -87.56222, 36.165844 ], [ -87.566629, 36.177415 ], [ -87.566798, 36.177857 ], [ -87.566609, 36.177934 ], [ -87.559096, 36.189235 ], [ -87.544237, 36.211541 ], [ -87.541735, 36.215309 ], [ -87.54157, 36.215558 ], [ -87.538308, 36.220408 ], [ -87.533106, 36.22829 ], [ -87.530407, 36.232422 ], [ -87.530378, 36.232598 ], [ -87.529206, 36.240333 ], [ -87.53062, 36.240946 ], [ -87.532068, 36.243028 ], [ -87.532282, 36.24659 ], [ -87.532361, 36.246745 ], [ -87.532368, 36.247126 ], [ -87.531815, 36.247775 ], [ -87.53168, 36.24896 ], [ -87.531479, 36.249701 ], [ -87.531262, 36.249678 ], [ -87.523627, 36.24889 ], [ -87.523935, 36.251242 ], [ -87.522329, 36.263895 ], [ -87.521223, 36.272685 ], [ -87.519468, 36.272683 ], [ -87.519183, 36.275453 ], [ -87.519007, 36.277163 ], [ -87.518795, 36.279227 ], [ -87.520416, 36.279236 ], [ -87.519512, 36.286586 ], [ -87.518897, 36.291534 ], [ -87.517559, 36.30117 ], [ -87.517339, 36.302757 ], [ -87.517129, 36.304279 ], [ -87.516777, 36.306827 ], [ -87.515181, 36.320186 ], [ -87.513533, 36.334713 ], [ -87.519949, 36.335285 ], [ -87.521409, 36.335418 ], [ -87.530815, 36.33636 ], [ -87.536397, 36.336947 ], [ -87.545826, 36.337828 ], [ -87.548228, 36.338058 ], [ -87.551612, 36.338379 ], [ -87.564016, 36.339567 ], [ -87.571519, 36.340282 ], [ -87.581535, 36.34126 ], [ -87.586957, 36.34178 ], [ -87.587951, 36.347122 ], [ -87.589709, 36.356066 ], [ -87.589999, 36.357335 ], [ -87.592009, 36.366132 ], [ -87.592358, 36.367663 ], [ -87.59403, 36.375053 ], [ -87.598903, 36.400043 ], [ -87.601001, 36.410802 ], [ -87.602409, 36.418017 ], [ -87.602597, 36.418979 ], [ -87.602788, 36.419952 ], [ -87.602963, 36.420852 ], [ -87.602984, 36.420961 ], [ -87.602987, 36.420976 ], [ -87.603011, 36.4211 ], [ -87.603048, 36.421288 ], [ -87.603056, 36.421328 ], [ -87.60307, 36.421398 ], [ -87.603124, 36.421672 ], [ -87.603201, 36.422162 ], [ -87.603744, 36.425276 ], [ -87.603427, 36.425932 ], [ -87.606564, 36.43986 ], [ -87.609479, 36.45499 ], [ -87.610588, 36.460735 ], [ -87.612502, 36.470617 ], [ -87.61479, 36.482346 ], [ -87.616933, 36.493329 ], [ -87.617425, 36.495848 ], [ -87.619965, 36.509107 ], [ -87.620954, 36.514439 ], [ -87.623076, 36.525892 ], [ -87.624905, 36.535639 ], [ -87.626071, 36.542825 ], [ -87.613645, 36.541587 ], [ -87.607218, 36.540526 ], [ -87.589503, 36.53762 ], [ -87.586779, 36.537435 ], [ -87.582375, 36.537821 ], [ -87.579183, 36.538162 ], [ -87.579167, 36.538362 ], [ -87.579012, 36.540296 ], [ -87.57782, 36.540161 ], [ -87.57694, 36.54295 ], [ -87.564406, 36.542824 ], [ -87.565092, 36.536504 ], [ -87.562847, 36.535836 ], [ -87.560911, 36.535482 ], [ -87.557111, 36.535372 ], [ -87.557018, 36.535183 ], [ -87.55464, 36.535499 ], [ -87.535175, 36.539391 ], [ -87.532113, 36.540245 ], [ -87.532102, 36.540408 ], [ -87.529504, 36.541528 ], [ -87.519882, 36.545568 ], [ -87.516896, 36.546368 ], [ -87.514304, 36.547024 ], [ -87.514256, 36.547036 ], [ -87.511423, 36.547908 ], [ -87.501831, 36.551731 ], [ -87.499803, 36.552031 ], [ -87.495625, 36.551758 ], [ -87.489231, 36.552151 ], [ -87.48222, 36.551676 ], [ -87.477021, 36.551249 ], [ -87.47206, 36.551152 ], [ -87.468693, 36.550615 ], [ -87.467186, 36.550184 ], [ -87.464037, 36.550083 ], [ -87.459793, 36.550635 ], [ -87.456681, 36.55104 ], [ -87.450661, 36.551815 ], [ -87.450692, 36.551556 ], [ -87.45151, 36.546097 ], [ -87.451444, 36.544044 ], [ -87.452286, 36.540058 ], [ -87.45361, 36.536935 ], [ -87.454642, 36.535565 ], [ -87.449776, 36.535187 ], [ -87.447852, 36.535619 ], [ -87.445064, 36.537139 ], [ -87.443405, 36.537665 ], [ -87.442726, 36.538406 ], [ -87.441826, 36.543541 ], [ -87.439788, 36.543874 ], [ -87.437294, 36.545505 ], [ -87.432964, 36.546528 ], [ -87.432738, 36.547251 ], [ -87.430918, 36.54889 ], [ -87.423522, 36.547524 ], [ -87.42352, 36.542994 ], [ -87.420116, 36.543208 ], [ -87.41643, 36.54274 ], [ -87.410155, 36.529133 ], [ -87.40975, 36.528254 ], [ -87.409121, 36.529209 ], [ -87.404495, 36.53327 ], [ -87.399975, 36.535593 ], [ -87.395628, 36.537315 ], [ -87.391627, 36.538496 ], [ -87.389113, 36.538944 ], [ -87.389442, 36.539747 ], [ -87.390391, 36.54096 ], [ -87.391141, 36.545075 ], [ -87.392126, 36.548655 ], [ -87.392154, 36.548752 ], [ -87.392239, 36.549045 ], [ -87.392268, 36.549143 ], [ -87.392002, 36.549193 ], [ -87.391205, 36.549346 ], [ -87.391159, 36.549355 ], [ -87.391075, 36.549368 ], [ -87.390937, 36.549361 ], [ -87.38858, 36.549084 ], [ -87.388185, 36.55111 ], [ -87.388496, 36.551151 ], [ -87.388526, 36.551153 ], [ -87.388999, 36.551188 ], [ -87.389556, 36.551198 ], [ -87.389657, 36.551199 ], [ -87.3899, 36.551189 ], [ -87.389896, 36.551271 ], [ -87.389895, 36.551311 ], [ -87.390938, 36.552389 ], [ -87.392257, 36.553428 ], [ -87.391385, 36.553554 ], [ -87.392102, 36.55548 ], [ -87.391949, 36.556347 ], [ -87.393077, 36.556866 ], [ -87.392499, 36.557734 ], [ -87.392585, 36.55854 ], [ -87.390699, 36.558395 ], [ -87.390224, 36.558974 ], [ -87.389849, 36.559889 ], [ -87.390221, 36.560001 ], [ -87.393302, 36.561055 ], [ -87.393193, 36.56208 ], [ -87.394056, 36.562516 ], [ -87.396287, 36.562684 ], [ -87.396367, 36.561494 ], [ -87.396598, 36.56139 ], [ -87.39929, 36.560168 ], [ -87.399787, 36.560841 ], [ -87.401968, 36.5638 ], [ -87.402284, 36.564233 ], [ -87.402872, 36.565151 ], [ -87.404742, 36.569126 ], [ -87.402596, 36.569618 ], [ -87.402271, 36.57166 ], [ -87.402123, 36.572696 ], [ -87.401757, 36.574925 ], [ -87.401587, 36.57598 ], [ -87.401363, 36.577221 ], [ -87.405407, 36.57806 ], [ -87.406106, 36.57839 ], [ -87.405167, 36.579413 ], [ -87.404783, 36.581549 ], [ -87.403435, 36.581406 ], [ -87.40208, 36.581266 ], [ -87.401508, 36.584704 ], [ -87.400286, 36.58383 ], [ -87.40073, 36.581124 ], [ -87.399385, 36.580971 ], [ -87.398239, 36.580785 ], [ -87.398055, 36.579036 ], [ -87.396434, 36.578758 ], [ -87.396983, 36.581762 ], [ -87.3971, 36.582734 ], [ -87.393828, 36.582423 ], [ -87.392761, 36.582287 ], [ -87.391651, 36.582155 ], [ -87.391097, 36.585593 ], [ -87.391032, 36.586012 ], [ -87.391016, 36.58613 ], [ -87.395243, 36.586567 ], [ -87.395188, 36.586911 ], [ -87.393731, 36.586792 ], [ -87.393617, 36.588156 ], [ -87.390713, 36.587881 ], [ -87.390819, 36.590737 ], [ -87.389718, 36.591775 ], [ -87.387783, 36.592901 ], [ -87.385513, 36.593664 ], [ -87.382931, 36.594614 ], [ -87.381241, 36.596686 ], [ -87.380884, 36.600315 ], [ -87.379322, 36.602793 ], [ -87.378784, 36.60639 ], [ -87.378416, 36.608945 ], [ -87.378231, 36.610095 ], [ -87.375986, 36.6187 ], [ -87.375381, 36.620958 ], [ -87.374901, 36.622311 ], [ -87.375827, 36.62271 ], [ -87.37856, 36.622964 ], [ -87.381169, 36.623163 ], [ -87.385558, 36.623495 ], [ -87.38552, 36.623913 ], [ -87.382937, 36.625912 ], [ -87.383591, 36.628322 ], [ -87.382499, 36.631321 ], [ -87.380655, 36.630633 ], [ -87.37929, 36.630097 ], [ -87.378444, 36.633999 ], [ -87.377108, 36.634469 ], [ -87.375993, 36.634884 ], [ -87.374433, 36.635307 ], [ -87.373666, 36.635811 ], [ -87.37349, 36.636231 ], [ -87.373318, 36.637471 ], [ -87.373772, 36.639345 ], [ -87.373761, 36.640177 ], [ -87.37376, 36.641004 ], [ -87.37376, 36.641425 ], [ -87.378008, 36.641393 ], [ -87.386316, 36.641315 ], [ -87.39348, 36.641247 ], [ -87.400623, 36.64118 ], [ -87.409448, 36.641098 ], [ -87.414296, 36.641052 ], [ -87.425393, 36.640948 ], [ -87.426205, 36.640941 ], [ -87.431132, 36.640894 ], [ -87.436134, 36.640848 ], [ -87.436324, 36.640846 ], [ -87.437789, 36.640829 ], [ -87.43872, 36.640819 ], [ -87.439596, 36.640806 ], [ -87.440506, 36.640796 ], [ -87.443525, 36.64076 ], [ -87.445409, 36.640742 ], [ -87.445568, 36.640741 ], [ -87.449344, 36.640701 ], [ -87.45163, 36.640674 ], [ -87.454999, 36.640638 ], [ -87.456177, 36.640622 ], [ -87.4609, 36.640571 ], [ -87.461512, 36.640563 ], [ -87.46327, 36.640543 ], [ -87.467006, 36.640503 ], [ -87.47243, 36.640439 ], [ -87.475678, 36.640396 ], [ -87.496248, 36.639974 ], [ -87.536991, 36.639238 ], [ -87.546351, 36.638912 ], [ -87.557249, 36.63885 ], [ -87.598533, 36.638522 ], [ -87.610487, 36.638424 ], [ -87.636914, 36.638162 ], [ -87.641157, 36.638109 ], [ -87.658664, 36.637814 ], [ -87.665049, 36.637681 ], [ -87.69542, 36.637086 ], [ -87.70667, 36.63688 ], [ -87.72891, 36.636352 ], [ -87.745012, 36.63602 ], [ -87.751782, 36.635831 ], [ -87.769034, 36.635475 ], [ -87.802102, 36.634762 ], [ -87.815563, 36.634467 ], [ -87.821178, 36.63433 ], [ -87.842451, 36.633575 ], [ -87.853319, 36.63316 ], [ -87.849544, 36.663695 ], [ -87.8529, 36.663908 ], [ -87.872631, 36.665153 ], [ -87.8792, 36.665588 ], [ -87.901135, 36.666964 ], [ -87.902059, 36.667 ], [ -87.903564, 36.667103 ], [ -87.904825, 36.667203 ], [ -87.910078, 36.66762 ], [ -87.911127, 36.667704 ], [ -87.912003, 36.667773 ], [ -87.912682, 36.667826 ], [ -87.914773, 36.667996 ], [ -87.916678, 36.668145 ], [ -87.926875, 36.668936 ], [ -87.945575, 36.670747 ], [ -87.953111, 36.671473 ], [ -87.956995, 36.671853 ], [ -87.96139, 36.672276 ], [ -87.964632, 36.672595 ], [ -87.975793, 36.673673 ], [ -88.000018, 36.676017 ], [ -88.003397, 36.676342 ], [ -88.013139, 36.677221 ], [ -88.025399, 36.677624 ], [ -88.043097, 36.678125 ], [ -88.049805, 36.677953 ], [ -88.050174, 36.677964 ], [ -88.052849, 36.678057 ], [ -88.055696, 36.678057 ], [ -88.058472, 36.67807 ], [ -88.070541, 36.678255 ], [ -88.070191, 36.675062 ], [ -88.069808, 36.671994 ], [ -88.068635, 36.661962 ], [ -88.068057, 36.65959 ], [ -88.066836, 36.655856 ], [ -88.065792, 36.653395 ], [ -88.064591, 36.651296 ], [ -88.063148, 36.649152 ], [ -88.059894, 36.645098 ], [ -88.058662, 36.643506 ], [ -88.057559, 36.641515 ], [ -88.057016, 36.640343 ], [ -88.056337, 36.63823 ], [ -88.055883, 36.636421 ], [ -88.055674, 36.63486 ], [ -88.055759, 36.632703 ], [ -88.055625, 36.63034 ], [ -88.055092, 36.628753 ], [ -88.051582, 36.620809 ], [ -88.048544, 36.61352 ], [ -88.045657, 36.605779 ], [ -88.044862, 36.60307 ], [ -88.044328, 36.600565 ], [ -88.043436, 36.595979 ], [ -88.042664, 36.591523 ], [ -88.041444, 36.585161 ], [ -88.041081, 36.582953 ], [ -88.040898, 36.581323 ], [ -88.040789, 36.579014 ], [ -88.040497, 36.576824 ], [ -88.039956, 36.574861 ], [ -88.035536, 36.561983 ], [ -88.035093, 36.560189 ], [ -88.034573, 36.557363 ], [ -88.034297, 36.554888 ], [ -88.034216, 36.553631 ], [ -88.033722, 36.54998 ], [ -88.03375, 36.546674 ], [ -88.033422, 36.54484 ], [ -88.032814, 36.542992 ], [ -88.032649, 36.542095 ], [ -88.032599, 36.541063 ], [ -88.032541, 36.538095 ], [ -88.032675, 36.536985 ], [ -88.03414, 36.530069 ], [ -88.034405, 36.528731 ], [ -88.034683, 36.527845 ], [ -88.03517, 36.526896 ], [ -88.036555, 36.524826 ], [ -88.037021, 36.524029 ], [ -88.037432, 36.522858 ], [ -88.037581, 36.521541 ], [ -88.037396, 36.519678 ], [ -88.037371, 36.518072 ], [ -88.037415, 36.516268 ], [ -88.037671, 36.514553 ], [ -88.038326, 36.512544 ], [ -88.039069, 36.510784 ], [ -88.039823, 36.509437 ], [ -88.040539, 36.508412 ], [ -88.041417, 36.507363 ], [ -88.042616, 36.506178 ], [ -88.046955, 36.502899 ], [ -88.049115, 36.501152 ], [ -88.050301, 36.500095 ], [ -88.053293, 36.497058 ], [ -88.057428, 36.497258 ], [ -88.058687, 36.497319 ], [ -88.065207, 36.497633 ], [ -88.087168, 36.497915 ], [ -88.088221, 36.497929 ], [ -88.089152, 36.497943 ], [ -88.090758, 36.497959 ], [ -88.095357, 36.49802 ], [ -88.095756, 36.498027 ], [ -88.098202, 36.498069 ], [ -88.098573, 36.498075 ], [ -88.104613, 36.498178 ], [ -88.108569, 36.498246 ], [ -88.116376, 36.498394 ], [ -88.125073, 36.498567 ], [ -88.137736, 36.498672 ], [ -88.152581, 36.498911 ], [ -88.175828, 36.499318 ], [ -88.178106, 36.499359 ], [ -88.183246, 36.49944 ], [ -88.189527, 36.499522 ], [ -88.191802, 36.49954 ], [ -88.194, 36.499566 ], [ -88.216272, 36.499821 ], [ -88.243722, 36.499894 ], [ -88.259186, 36.500063 ], [ -88.284059, 36.500353 ], [ -88.300823, 36.5004 ], [ -88.309323, 36.500418 ], [ -88.32455, 36.500443 ], [ -88.326058, 36.500447 ], [ -88.327284, 36.50045 ], [ -88.342981, 36.500476 ], [ -88.362571, 36.500515 ], [ -88.381695, 36.50056 ], [ -88.38792, 36.500594 ], [ -88.393482, 36.500632 ], [ -88.402189, 36.500685 ], [ -88.428446, 36.501005 ], [ -88.440481, 36.50123 ], [ -88.444314, 36.501197 ], [ -88.447829, 36.501168 ], [ -88.457065, 36.501137 ], [ -88.469023, 36.501144 ], [ -88.489075, 36.501157 ], [ -88.498048, 36.501211 ], [ -88.511165, 36.501505 ], [ -88.516403, 36.501583 ], [ -88.5233, 36.501759 ], [ -88.524876, 36.501812 ], [ -88.541874, 36.502176 ], [ -88.544887, 36.502128 ], [ -88.548854, 36.50212 ], [ -88.553654, 36.502111 ], [ -88.557874, 36.502154 ], [ -88.559067, 36.502138 ], [ -88.560499, 36.502118 ], [ -88.567653, 36.502104 ], [ -88.57689, 36.502096 ], [ -88.594728, 36.50216 ], [ -88.608512, 36.50214 ], [ -88.623317, 36.502095 ], [ -88.634301, 36.502023 ], [ -88.645599, 36.502193 ], [ -88.65862, 36.502307 ], [ -88.672559, 36.502436 ], [ -88.675499, 36.502453 ], [ -88.678182, 36.502534 ], [ -88.678624, 36.502548 ], [ -88.67936, 36.50257 ], [ -88.681665, 36.502589 ], [ -88.700531, 36.502635 ], [ -88.715267, 36.502655 ], [ -88.725018, 36.502641 ], [ -88.728361, 36.502639 ], [ -88.743438, 36.502625 ], [ -88.74703, 36.502669 ], [ -88.755605, 36.502654 ], [ -88.777192, 36.502717 ], [ -88.788102, 36.502709 ], [ -88.799697, 36.502695 ], [ -88.827303, 36.502633 ], [ -88.836525, 36.502576 ], [ -88.840796, 36.50265 ], [ -88.850521, 36.502584 ], [ -88.855255, 36.502581 ], [ -88.86027, 36.502505 ], [ -88.867786, 36.502404 ], [ -88.868447, 36.502402 ], [ -88.869256, 36.502401 ], [ -88.870056, 36.502399 ], [ -88.871544, 36.502396 ], [ -88.872613, 36.502394 ], [ -88.874932, 36.502389 ], [ -88.87579, 36.502386 ], [ -88.876828, 36.502382 ], [ -88.877746, 36.502379 ], [ -88.879558, 36.502371 ], [ -88.879677, 36.502371 ], [ -88.880731, 36.502367 ], [ -88.882192, 36.502361 ], [ -88.883451, 36.502356 ], [ -88.885017, 36.50235 ], [ -88.886257, 36.502345 ], [ -88.887153, 36.502341 ], [ -88.88899, 36.502334 ], [ -88.892448, 36.502322 ], [ -88.89912, 36.502299 ], [ -88.899342, 36.502298 ], [ -88.904427, 36.502289 ], [ -88.910413, 36.502276 ], [ -88.91193, 36.502275 ], [ -88.913091, 36.502272 ], [ -88.914326, 36.502268 ], [ -88.919841, 36.502247 ], [ -88.925102, 36.502226 ], [ -88.935044, 36.502186 ], [ -88.951728, 36.502217 ], [ -88.959746, 36.502076 ], [ -88.964166, 36.502122 ], [ -88.968538, 36.502167 ], [ -88.985767, 36.502345 ], [ -89.001282, 36.502635 ], [ -89.007058, 36.502709 ], [ -89.010553, 36.502753 ], [ -89.026922, 36.502911 ], [ -89.034725, 36.502979 ], [ -89.059157, 36.503163 ], [ -89.061147, 36.50308 ], [ -89.072408, 36.503125 ], [ -89.09115, 36.503397 ], [ -89.09535, 36.503493 ], [ -89.098548, 36.503577 ], [ -89.12, 36.503754 ], [ -89.13706, 36.503936 ], [ -89.145786, 36.50421 ], [ -89.160253, 36.504544 ], [ -89.165183, 36.504639 ], [ -89.170459, 36.504806 ], [ -89.181214, 36.505149 ], [ -89.186324, 36.505227 ], [ -89.197318, 36.505393 ], [ -89.201952, 36.505462 ], [ -89.211546, 36.505607 ], [ -89.215041, 36.50566 ], [ -89.23506, 36.505961 ], [ -89.256345, 36.506316 ], [ -89.280284, 36.506807 ], [ -89.295579, 36.507121 ], [ -89.301022, 36.507233 ], [ -89.331811, 36.504498 ], [ -89.333904, 36.504312 ], [ -89.346066, 36.503232 ], [ -89.356892, 36.502269 ], [ -89.357449, 36.502221 ], [ -89.381577, 36.500036 ], [ -89.391057, 36.499216 ], [ -89.404044, 36.499115 ], [ -89.408329, 36.499081 ], [ -89.41822, 36.499029 ], [ -89.420664, 36.493959 ], [ -89.423792, 36.489506 ], [ -89.42736, 36.485167 ], [ -89.432848, 36.479187 ], [ -89.437421, 36.474759 ], [ -89.443735, 36.469161 ], [ -89.448964, 36.464882 ], [ -89.453514, 36.461789 ], [ -89.460767, 36.458686 ], [ -89.464433, 36.457747 ], [ -89.471895, 36.45756 ], [ -89.476643, 36.458393 ], [ -89.481204, 36.459869 ], [ -89.486193, 36.462114 ], [ -89.489361, 36.464561 ], [ -89.491894, 36.467901 ], [ -89.493082, 36.4705 ], [ -89.493947, 36.473559 ], [ -89.494119, 36.476268 ], [ -89.493377, 36.478959 ], [ -89.491813, 36.483106 ], [ -89.486687, 36.494992 ], [ -89.485427, 36.497491 ], [ -89.489633, 36.497524 ], [ -89.492979, 36.497553 ], [ -89.529168, 36.497852 ], [ -89.539232, 36.497934 ], [ -89.538316, 36.496933 ], [ -89.536231, 36.493547 ], [ -89.534524, 36.491432 ], [ -89.532076, 36.489073 ], [ -89.525788, 36.484166 ], [ -89.522674, 36.481305 ], [ -89.520642, 36.478668 ], [ -89.519501, 36.475419 ], [ -89.519408, 36.472919 ], [ -89.51972, 36.467002 ], [ -89.521021, 36.461934 ], [ -89.523427, 36.456572 ], [ -89.52519, 36.453991 ], [ -89.527274, 36.451545 ], [ -89.530582, 36.448829 ], [ -89.537845, 36.443933 ], [ -89.540868, 36.441559 ], [ -89.543406, 36.43877 ], [ -89.545061, 36.434915 ], [ -89.545503, 36.4307 ], [ -89.545255, 36.427079 ], [ -89.544221, 36.423684 ], [ -89.542337, 36.420103 ], [ -89.538905, 36.416422 ], [ -89.530951, 36.407311 ], [ -89.525293, 36.400446 ], [ -89.51919, 36.392237 ], [ -89.513956, 36.384891 ], [ -89.51038, 36.378356 ], [ -89.509558, 36.375065 ], [ -89.509722, 36.373626 ], [ -89.511178, 36.367844 ], [ -89.513178, 36.359897 ], [ -89.519, 36.3486 ], [ -89.522695, 36.344789 ], [ -89.527029, 36.341679 ], [ -89.531822, 36.339246 ], [ -89.538079, 36.337496 ], [ -89.545006, 36.336809 ], [ -89.560439, 36.337746 ], [ -89.581636, 36.342357 ], [ -89.589821, 36.342569 ], [ -89.600544, 36.342985 ], [ -89.605668, 36.342234 ], [ -89.610689, 36.340442 ], [ -89.615841, 36.336085 ], [ -89.6198, 36.329546 ], [ -89.620255, 36.323006 ], [ -89.619242, 36.320726 ], [ -89.612958, 36.310448 ], [ -89.611819, 36.309088 ], [ -89.599837, 36.302611 ], [ -89.58982, 36.296814 ], [ -89.584337, 36.29334 ], [ -89.578492, 36.288317 ], [ -89.555036, 36.278008 ], [ -89.552767, 36.277769 ], [ -89.551213, 36.278141 ], [ -89.549219, 36.27875 ], [ -89.546577, 36.280439 ], [ -89.543831, 36.280217 ], [ -89.539487, 36.277368 ], [ -89.537675, 36.275279 ], [ -89.537183, 36.274385 ], [ -89.536441, 36.272827 ], [ -89.534848, 36.263816 ], [ -89.534507, 36.261803 ], [ -89.534564, 36.259284 ], [ -89.534679, 36.252979 ], [ -89.535153, 36.252036 ], [ -89.537454, 36.250067 ], [ -89.538446, 36.249233 ], [ -89.540701, 36.248189 ], [ -89.542599, 36.247706 ], [ -89.545758, 36.247501 ], [ -89.548159, 36.247967 ], [ -89.550765, 36.248838 ], [ -89.553035, 36.250197 ], [ -89.557991, 36.251037 ], [ -89.562206, 36.250909 ], [ -89.564124, 36.250479 ], [ -89.566849, 36.248902 ], [ -89.573928, 36.243843 ], [ -89.577544, 36.242262 ], [ -89.587326, 36.239484 ], [ -89.592483, 36.238722 ], [ -89.602374, 36.238106 ], [ -89.60651, 36.238328 ], [ -89.611145, 36.239271 ], [ -89.619427, 36.242004 ], [ -89.624416, 36.243305 ], [ -89.633114, 36.246451 ], [ -89.63679, 36.248079 ], [ -89.642182, 36.249486 ], [ -89.645904, 36.250067 ], [ -89.651407, 36.250683 ], [ -89.656185, 36.250487 ], [ -89.667201, 36.24928 ], [ -89.678043, 36.248287 ], [ -89.679527, 36.248388 ], [ -89.684159, 36.249 ], [ -89.686229, 36.249507 ], [ -89.689156, 36.250824 ], [ -89.691308, 36.252079 ], [ -89.693483, 36.25272 ], [ -89.695235, 36.252766 ], [ -89.698568, 36.250591 ], [ -89.699817, 36.248384 ], [ -89.701821, 36.246004 ], [ -89.703511, 36.243412 ], [ -89.705328, 36.239898 ], [ -89.705545, 36.238136 ], [ -89.70525, 36.236568 ], [ -89.704459, 36.235468 ], [ -89.701759, 36.233528 ], [ -89.699677, 36.230821 ], [ -89.696694, 36.228216 ], [ -89.69263, 36.224959 ], [ -89.679548, 36.215911 ], [ -89.664144, 36.20652 ], [ -89.654876, 36.20153 ], [ -89.64479, 36.194101 ], [ -89.636894, 36.188951 ], [ -89.629453, 36.185382 ], [ -89.623804, 36.183128 ], [ -89.618228, 36.179966 ], [ -89.612983, 36.175975 ], [ -89.607004, 36.171179 ], [ -89.602475, 36.166468 ], [ -89.598039, 36.160878 ], [ -89.594397, 36.155457 ], [ -89.593583, 36.154005 ], [ -89.592206, 36.15012 ], [ -89.59166, 36.145839 ], [ -89.591632, 36.142135 ], [ -89.592102, 36.135637 ], [ -89.592589, 36.133527 ], [ -89.59307, 36.129699 ], [ -89.593549, 36.128138 ], [ -89.594658, 36.126276 ], [ -89.598946, 36.121778 ], [ -89.601936, 36.11947 ], [ -89.604682, 36.118106 ], [ -89.612868, 36.114761 ], [ -89.612992, 36.114717 ], [ -89.615128, 36.113816 ], [ -89.620482, 36.110916 ], [ -89.625078, 36.108131 ], [ -89.628305, 36.106853 ], [ -89.635272, 36.10556 ], [ -89.64302, 36.10362 ], [ -89.650182, 36.101498 ], [ -89.657709, 36.099128 ], [ -89.666598, 36.095802 ], [ -89.672463, 36.091837 ], [ -89.676121, 36.087862 ], [ -89.678821, 36.084636 ], [ -89.680029, 36.082494 ], [ -89.681946, 36.072336 ], [ -89.68327, 36.060714 ], [ -89.684439, 36.051719 ], [ -89.686194, 36.041037 ], [ -89.687254, 36.034048 ], [ -89.688577, 36.029238 ], [ -89.690306, 36.024835 ], [ -89.692437, 36.020507 ], [ -89.695261, 36.017234 ], [ -89.700517, 36.011747 ], [ -89.703571, 36.00804 ], [ -89.705677, 36.005018 ], [ -89.706729, 36.001883 ], [ -89.706932, 36.000981 ], [ -89.717462, 36.000838 ], [ -89.732569, 36.000635 ], [ -89.733056, 36.000809 ], [ -89.731096, 35.99662 ], [ -89.727493, 35.992798 ], [ -89.724619, 35.990451 ], [ -89.722916, 35.989061 ], [ -89.723557, 35.985903 ], [ -89.724027, 35.980803 ], [ -89.723557, 35.976593 ], [ -89.722557, 35.971003 ], [ -89.721677, 35.967673 ], [ -89.719657, 35.964413 ], [ -89.718497, 35.963123 ], [ -89.714007, 35.959813 ], [ -89.710229, 35.957729 ], [ -89.700112, 35.952707 ], [ -89.693517, 35.949613 ], [ -89.690497, 35.948393 ], [ -89.684617, 35.945653 ], [ -89.679847, 35.943883 ], [ -89.675477, 35.941593 ], [ -89.669657, 35.937693 ], [ -89.664777, 35.934743 ], [ -89.657618, 35.931534 ], [ -89.654027, 35.930183 ], [ -89.650267, 35.927663 ], [ -89.646503, 35.923743 ], [ -89.644307, 35.920943 ], [ -89.642017, 35.913663 ], [ -89.641078, 35.906233 ], [ -89.640997, 35.903553 ], [ -89.641572, 35.900263 ], [ -89.642047, 35.895573 ], [ -89.643585, 35.889742 ], [ -89.645617, 35.885833 ], [ -89.648755, 35.882736 ], [ -89.654008, 35.878865 ], [ -89.657917, 35.876743 ], [ -89.660686, 35.875469 ], [ -89.663284, 35.874703 ], [ -89.665939, 35.874451 ], [ -89.669079, 35.87451 ], [ -89.673103, 35.875365 ], [ -89.676378, 35.876698 ], [ -89.68026, 35.879594 ], [ -89.685142, 35.883595 ], [ -89.691132, 35.888773 ], [ -89.693229, 35.890722 ], [ -89.696731, 35.893272 ], [ -89.700887, 35.89577 ], [ -89.705901, 35.899183 ], [ -89.708216, 35.900933 ], [ -89.71308, 35.905094 ], [ -89.716352, 35.907059 ], [ -89.719416, 35.908311 ], [ -89.727787, 35.911243 ], [ -89.730552, 35.9117 ], [ -89.735718, 35.91195 ], [ -89.740914, 35.911684 ], [ -89.744547, 35.910699 ], [ -89.748279, 35.908252 ], [ -89.753564, 35.90279 ], [ -89.76524, 35.893106 ], [ -89.767242, 35.890852 ], [ -89.768679, 35.888824 ], [ -89.771674, 35.883678 ], [ -89.77325, 35.87742 ], [ -89.774271, 35.870816 ], [ -89.773858, 35.86766 ], [ -89.772081, 35.864342 ], [ -89.769961, 35.861773 ], [ -89.767923, 35.860017 ], [ -89.765061, 35.858473 ], [ -89.762109, 35.857165 ], [ -89.754094, 35.854293 ], [ -89.743247, 35.851127 ], [ -89.731544, 35.847977 ], [ -89.722457, 35.845786 ], [ -89.714598, 35.843357 ], [ -89.703645, 35.839461 ], [ -89.69741, 35.836683 ], [ -89.695531, 35.835673 ], [ -89.694709, 35.834769 ], [ -89.693499, 35.831727 ], [ -89.693978, 35.825213 ], [ -89.694802, 35.822957 ], [ -89.696497, 35.820583 ], [ -89.698645, 35.818711 ], [ -89.703447, 35.815439 ], [ -89.708149, 35.812464 ], [ -89.714215, 35.808871 ], [ -89.720117, 35.805933 ], [ -89.72817, 35.802697 ], [ -89.731039, 35.802498 ], [ -89.733328, 35.802971 ], [ -89.735138, 35.803838 ], [ -89.736681, 35.805198 ], [ -89.736917, 35.805463 ], [ -89.738346, 35.806058 ], [ -89.741502, 35.805835 ], [ -89.745171, 35.806404 ], [ -89.748779, 35.807621 ], [ -89.758431, 35.810438 ], [ -89.761933, 35.810876 ], [ -89.765391, 35.811207 ], [ -89.765359, 35.809606 ], [ -89.781662, 35.805228 ], [ -89.796236, 35.79284 ], [ -89.799154, 35.788882 ], [ -89.799565, 35.788331 ], [ -89.796917, 35.781373 ], [ -89.797268, 35.779121 ], [ -89.799354, 35.774237 ], [ -89.799842, 35.770458 ], [ -89.799496, 35.766166 ], [ -89.798809, 35.763037 ], [ -89.79895, 35.759356 ], [ -89.799416, 35.758108 ], [ -89.800728, 35.757152 ], [ -89.813177, 35.750463 ], [ -89.819925, 35.747317 ], [ -89.825451, 35.745188 ], [ -89.831817, 35.743503 ], [ -89.838717, 35.742129 ], [ -89.84362, 35.74292 ], [ -89.847723, 35.744644 ], [ -89.850349, 35.746489 ], [ -89.8508, 35.747925 ], [ -89.851948, 35.752515 ], [ -89.852232, 35.754437 ], [ -89.852323, 35.755134 ], [ -89.86086, 35.756819 ], [ -89.863064, 35.757134 ], [ -89.866127, 35.757016 ], [ -89.871006, 35.75622 ], [ -89.889642, 35.750904 ], [ -89.892841, 35.750589 ], [ -89.895555, 35.75127 ], [ -89.900233, 35.753451 ], [ -89.90296, 35.755524 ], [ -89.905521, 35.758585 ], [ -89.907461, 35.759288 ], [ -89.911323, 35.758596 ], [ -89.913001, 35.757664 ], [ -89.914895, 35.755413 ], [ -89.916851, 35.753881 ], [ -89.918882, 35.752727 ], [ -89.922751, 35.750922 ], [ -89.92454, 35.750406 ], [ -89.931115, 35.747396 ], [ -89.93792, 35.744172 ], [ -89.938693, 35.743475 ], [ -89.939974, 35.739429 ], [ -89.944114, 35.735795 ], [ -89.946868, 35.734113 ], [ -89.954717, 35.730361 ], [ -89.957605, 35.727645 ], [ -89.958798, 35.725586 ], [ -89.958895, 35.72353 ], [ -89.958115, 35.717053 ], [ -89.957235, 35.712958 ], [ -89.956957, 35.703827 ], [ -89.956537, 35.700218 ], [ -89.956785, 35.695309 ], [ -89.955841, 35.690399 ], [ -89.952595, 35.685453 ], [ -89.950385, 35.68275 ], [ -89.946921, 35.679176 ], [ -89.942926, 35.675388 ], [ -89.940333, 35.673408 ], [ -89.939267, 35.670943 ], [ -89.936112, 35.666712 ], [ -89.934467, 35.664943 ], [ -89.930209, 35.661352 ], [ -89.925453, 35.658206 ], [ -89.921514, 35.656209 ], [ -89.919285, 35.655297 ], [ -89.908575, 35.651736 ], [ -89.902605, 35.650896 ], [ -89.898916, 35.650904 ], [ -89.894236, 35.651605 ], [ -89.889815, 35.652687 ], [ -89.887266, 35.653591 ], [ -89.885303, 35.654744 ], [ -89.88364, 35.656295 ], [ -89.881898, 35.65881 ], [ -89.879746, 35.662845 ], [ -89.878213, 35.665252 ], [ -89.876446, 35.666726 ], [ -89.872813, 35.668384 ], [ -89.86958, 35.669415 ], [ -89.86689, 35.670204 ], [ -89.864149, 35.670518 ], [ -89.861265, 35.670242 ], [ -89.858318, 35.668724 ], [ -89.855466, 35.665292 ], [ -89.852615, 35.661156 ], [ -89.851162, 35.657139 ], [ -89.850726, 35.65074 ], [ -89.851129, 35.647448 ], [ -89.851917, 35.643907 ], [ -89.85302, 35.639984 ], [ -89.854372, 35.637288 ], [ -89.856104, 35.635012 ], [ -89.857287, 35.634019 ], [ -89.859578, 35.632686 ], [ -89.863875, 35.630788 ], [ -89.869503, 35.628815 ], [ -89.873406, 35.627618 ], [ -89.874067, 35.626618 ], [ -89.881497, 35.622103 ], [ -89.890259, 35.616416 ], [ -89.894115, 35.615251 ], [ -89.896705, 35.614997 ], [ -89.899483, 35.615151 ], [ -89.904996, 35.616017 ], [ -89.910499, 35.61758 ], [ -89.910686, 35.61732 ], [ -89.911275, 35.617594 ], [ -89.914183, 35.615935 ], [ -89.916714, 35.614065 ], [ -89.920689, 35.611727 ], [ -89.924362, 35.610497 ], [ -89.931654, 35.608358 ], [ -89.933962, 35.60728 ], [ -89.937018, 35.605479 ], [ -89.941507, 35.603602 ], [ -89.946419, 35.601127 ], [ -89.947847, 35.600218 ], [ -89.952129, 35.596473 ], [ -89.95498, 35.592944 ], [ -89.956592, 35.590622 ], [ -89.957568, 35.588531 ], [ -89.95795, 35.585233 ], [ -89.956755, 35.581709 ], [ -89.954469, 35.576192 ], [ -89.951272, 35.570885 ], [ -89.949003, 35.567783 ], [ -89.947022, 35.563727 ], [ -89.944325, 35.559688 ], [ -89.942247, 35.557143 ], [ -89.938595, 35.555065 ], [ -89.934811, 35.554056 ], [ -89.928084, 35.55123 ], [ -89.923239, 35.550349 ], [ -89.919047, 35.54985 ], [ -89.916434, 35.54995 ], [ -89.914191, 35.549606 ], [ -89.911888, 35.548529 ], [ -89.910681, 35.547451 ], [ -89.909734, 35.544088 ], [ -89.910097, 35.543062 ], [ -89.910335, 35.542198 ], [ -89.913403, 35.5361 ], [ -89.912507, 35.535798 ], [ -89.910823, 35.536493 ], [ -89.909698, 35.537955 ], [ -89.906575, 35.53741 ], [ -89.90479, 35.536274 ], [ -89.904013, 35.535319 ], [ -89.90231, 35.530225 ], [ -89.902132, 35.528122 ], [ -89.902375, 35.525036 ], [ -89.903263, 35.52201 ], [ -89.904638, 35.519348 ], [ -89.908934, 35.51424 ], [ -89.911923, 35.512841 ], [ -89.915497, 35.511842 ], [ -89.921065, 35.511214 ], [ -89.924373, 35.511303 ], [ -89.926539, 35.511607 ], [ -89.928889, 35.512365 ], [ -89.935881, 35.515743 ], [ -89.939865, 35.517167 ], [ -89.945945, 35.519011 ], [ -89.958749, 35.523837 ], [ -89.958306, 35.526553 ], [ -89.957471, 35.528972 ], [ -89.957219, 35.53133 ], [ -89.955817, 35.533194 ], [ -89.956123, 35.535521 ], [ -89.956981, 35.536371 ], [ -89.956643, 35.537981 ], [ -89.957187, 35.540021 ], [ -89.959722, 35.542664 ], [ -89.96179, 35.543686 ], [ -89.963843, 35.545563 ], [ -89.973904, 35.552019 ], [ -89.975711, 35.553488 ], [ -89.983596, 35.557616 ], [ -89.989667, 35.560221 ], [ -89.995201, 35.56113 ], [ -89.999207, 35.561198 ], [ -90.004458, 35.560377 ], [ -90.007866, 35.560144 ], [ -90.010213, 35.559564 ], [ -90.018141, 35.555971 ], [ -90.019185, 35.556087 ], [ -90.023589, 35.55637 ], [ -90.02564, 35.556089 ], [ -90.031276, 35.554299 ], [ -90.034135, 35.552873 ], [ -90.036093, 35.551532 ], [ -90.03793, 35.549933 ], [ -90.039876, 35.547418 ], [ -90.039802, 35.546628 ], [ -90.040806, 35.540933 ], [ -90.041614, 35.538122 ], [ -90.042712, 35.535333 ], [ -90.043951, 35.533596 ], [ -90.044487, 35.53191 ], [ -90.046054, 35.529743 ], [ -90.047308, 35.52614 ], [ -90.047906, 35.525068 ], [ -90.049574, 35.520087 ], [ -90.050212, 35.516391 ], [ -90.049524, 35.510356 ], [ -90.048163, 35.503628 ], [ -90.046681, 35.500824 ], [ -90.046097, 35.498862 ], [ -90.044138, 35.494622 ], [ -90.040059, 35.488397 ], [ -90.036031, 35.483557 ], [ -90.032483, 35.480533 ], [ -90.028515, 35.477745 ], [ -90.026277, 35.476439 ], [ -90.021798, 35.47445 ], [ -90.01981, 35.473282 ], [ -90.014892, 35.467117 ], [ -90.013888, 35.465664 ], [ -90.012531, 35.463668 ], [ -90.008923, 35.457497 ], [ -90.007209, 35.454247 ], [ -90.005888, 35.450518 ], [ -90.003933, 35.442761 ], [ -90.003117, 35.437479 ], [ -90.002916, 35.436336 ], [ -90.002668, 35.429985 ], [ -90.004708, 35.428873 ], [ -90.012622, 35.424077 ], [ -90.01527, 35.422689 ], [ -90.021191, 35.420226 ], [ -90.030419, 35.417078 ], [ -90.042369, 35.413376 ], [ -90.048086, 35.411737 ], [ -90.050564, 35.409635 ], [ -90.056782, 35.403863 ], [ -90.046699, 35.398212 ], [ -90.044044, 35.396722 ], [ -90.041563, 35.39662 ], [ -90.044582, 35.393073 ], [ -90.045736, 35.392615 ], [ -90.054322, 35.389277 ], [ -90.056379, 35.391829 ], [ -90.066954, 35.404973 ], [ -90.069528, 35.408132 ], [ -90.062018, 35.41518 ], [ -90.070616, 35.423497 ], [ -90.074098, 35.43414 ], [ -90.074128, 35.439566 ], [ -90.071292, 35.450548 ], [ -90.067239, 35.460945 ], [ -90.067203, 35.464781 ], [ -90.067816, 35.466086 ], [ -90.068122, 35.466753 ], [ -90.068269, 35.467074 ], [ -90.079007, 35.476874 ], [ -90.080389, 35.477138 ], [ -90.088033, 35.478583 ], [ -90.10052, 35.478089 ], [ -90.107837, 35.476836 ], [ -90.108746, 35.476011 ], [ -90.112308, 35.473982 ], [ -90.115871, 35.471153 ], [ -90.119031, 35.468039 ], [ -90.120987, 35.465028 ], [ -90.122855, 35.460901 ], [ -90.129435, 35.442119 ], [ -90.129688, 35.44199 ], [ -90.135961, 35.438862 ], [ -90.140114, 35.436771 ], [ -90.155983, 35.428554 ], [ -90.16888, 35.421878 ], [ -90.17061, 35.418282 ], [ -90.170692, 35.414263 ], [ -90.170777, 35.40999 ], [ -90.179342, 35.385313 ], [ -90.178458, 35.382144 ], [ -90.172138, 35.377493 ], [ -90.165282, 35.373982 ], [ -90.160853, 35.3746 ], [ -90.155291, 35.374633 ], [ -90.146542, 35.373991 ], [ -90.137959, 35.376102 ], [ -90.135676, 35.376696 ], [ -90.136489, 35.377781 ], [ -90.141445, 35.384072 ], [ -90.143328, 35.387229 ], [ -90.145354, 35.392599 ], [ -90.14605, 35.396564 ], [ -90.146044, 35.400329 ], [ -90.144698, 35.404687 ], [ -90.14324, 35.406998 ], [ -90.14075, 35.409444 ], [ -90.137942, 35.411458 ], [ -90.134814, 35.413055 ], [ -90.132235, 35.413663 ], [ -90.128583, 35.413792 ], [ -90.116746, 35.41176 ], [ -90.114565, 35.411259 ], [ -90.111153, 35.409256 ], [ -90.109853, 35.407733 ], [ -90.108256, 35.405124 ], [ -90.104107, 35.401131 ], [ -90.097112, 35.395539 ], [ -90.092787, 35.393035 ], [ -90.087141, 35.390446 ], [ -90.083527, 35.388178 ], [ -90.080873, 35.386005 ], [ -90.079915, 35.38427 ], [ -90.078806, 35.381363 ], [ -90.078202, 35.3779 ], [ -90.078263, 35.37493 ], [ -90.082374, 35.368321 ], [ -90.08386, 35.365599 ], [ -90.087188, 35.361354 ], [ -90.093384, 35.354088 ], [ -90.094421, 35.352607 ], [ -90.096182, 35.348852 ], [ -90.098997, 35.340213 ], [ -90.100374, 35.335 ], [ -90.102225, 35.327934 ], [ -90.103783, 35.324259 ], [ -90.104804, 35.322448 ], [ -90.106929, 35.316822 ], [ -90.108555, 35.311968 ], [ -90.109966, 35.304988 ], [ -90.112499, 35.304754 ], [ -90.114874, 35.303897 ], [ -90.116866, 35.303366 ], [ -90.122831, 35.304538 ], [ -90.126249, 35.303419 ], [ -90.128207, 35.301976 ], [ -90.13043, 35.300972 ], [ -90.136846, 35.29927 ], [ -90.140657, 35.299144 ], [ -90.144407, 35.301278 ], [ -90.147768, 35.30265 ], [ -90.149585, 35.303127 ], [ -90.151561, 35.302987 ], [ -90.155557, 35.302105 ], [ -90.158663, 35.300806 ], [ -90.162058, 35.298255 ], [ -90.164098, 35.29551 ], [ -90.16528, 35.29307 ], [ -90.166681, 35.28793 ], [ -90.168643, 35.28244 ], [ -90.168917, 35.279711 ], [ -90.16832, 35.278166 ], [ -90.16559, 35.272712 ], [ -90.160476, 35.264996 ], [ -90.158021, 35.261947 ], [ -90.155264, 35.258981 ], [ -90.151492, 35.25576 ], [ -90.148858, 35.254273 ], [ -90.142568, 35.252693 ], [ -90.139717, 35.252301 ], [ -90.135677, 35.252583 ], [ -90.128277, 35.253835 ], [ -90.123144, 35.255006 ], [ -90.116463, 35.255868 ], [ -90.110206, 35.255477 ], [ -90.107554, 35.255133 ], [ -90.103639, 35.2538 ], [ -90.101449, 35.252595 ], [ -90.097668, 35.25012 ], [ -90.094337, 35.24879 ], [ -90.091092, 35.245004 ], [ -90.086352, 35.238183 ], [ -90.085597, 35.236265 ], [ -90.085011, 35.232527 ], [ -90.084542, 35.231035 ], [ -90.081839, 35.227763 ], [ -90.080413, 35.226464 ], [ -90.07616, 35.221477 ], [ -90.074859, 35.218105 ], [ -90.075091, 35.215736 ], [ -90.075843, 35.213094 ], [ -90.077163, 35.211033 ], [ -90.078207, 35.209669 ], [ -90.079429, 35.208788 ], [ -90.079819, 35.208576 ], [ -90.080451, 35.208504 ], [ -90.080923, 35.208585 ], [ -90.083161, 35.209816 ], [ -90.085695, 35.211299 ], [ -90.087473, 35.212076 ], [ -90.088412, 35.212328 ], [ -90.088985, 35.21198 ], [ -90.08963, 35.21019 ], [ -90.091518, 35.205922 ], [ -90.094201, 35.201766 ], [ -90.095995, 35.197037 ], [ -90.096487, 35.195109 ], [ -90.097253, 35.194829 ], [ -90.103886, 35.197691 ], [ -90.108707, 35.199263 ], [ -90.115657, 35.198812 ], [ -90.116156, 35.198463 ], [ -90.117265, 35.19166 ], [ -90.117191, 35.188297 ], [ -90.116459, 35.186266 ], [ -90.11365, 35.183293 ], [ -90.109341, 35.181877 ], [ -90.108138, 35.181571 ], [ -90.107221, 35.177123 ], [ -90.105608, 35.17452 ], [ -90.102687, 35.171964 ], [ -90.0981, 35.169005 ], [ -90.09384, 35.167332 ], [ -90.088578, 35.16412 ], [ -90.082411, 35.161218 ], [ -90.079554, 35.159708 ], [ -90.073181, 35.157464 ], [ -90.071768, 35.157108 ], [ -90.070396, 35.1567 ], [ -90.069358, 35.156329 ], [ -90.068673, 35.155999 ], [ -90.068236, 35.15567 ], [ -90.067271, 35.154512 ], [ -90.066711, 35.153709 ], [ -90.06633, 35.153135 ], [ -90.066261, 35.153017 ], [ -90.065043, 35.150575 ], [ -90.064298, 35.148091 ], [ -90.063999, 35.145231 ], [ -90.064399, 35.14182 ], [ -90.06566, 35.138375 ], [ -90.066547, 35.136844 ], [ -90.072915, 35.129333 ], [ -90.074402, 35.127865 ], [ -90.075103, 35.127184 ], [ -90.075194, 35.127096 ], [ -90.078239, 35.12446 ], [ -90.082623, 35.121326 ], [ -90.086543, 35.119286 ], [ -90.089667, 35.118053 ], [ -90.093117, 35.117599 ], [ -90.097167, 35.117627 ], [ -90.103756, 35.118729 ], [ -90.106838, 35.119445 ], [ -90.110293, 35.120657 ], [ -90.1291, 35.128466 ], [ -90.136379, 35.13139 ], [ -90.140857, 35.132904 ], [ -90.142437, 35.133134 ], [ -90.147147, 35.133054 ], [ -90.15068, 35.132477 ], [ -90.154697, 35.130924 ], [ -90.160993, 35.127053 ], [ -90.167358, 35.123585 ], [ -90.172332, 35.118914 ], [ -90.174638, 35.115684 ], [ -90.176717, 35.11102 ], [ -90.179927, 35.099814 ], [ -90.181374, 35.094013 ], [ -90.181528, 35.090029 ], [ -90.180987, 35.084993 ], [ -90.179698, 35.081427 ], [ -90.178513, 35.079811 ], [ -90.175611, 35.077484 ], [ -90.17499, 35.076359 ], [ -90.175244, 35.073553 ], [ -90.176759, 35.069736 ], [ -90.177615, 35.063842 ], [ -90.178987, 35.059523 ], [ -90.180494, 35.055646 ], [ -90.182777, 35.050903 ], [ -90.186547, 35.045423 ], [ -90.191217, 35.040213 ], [ -90.196797, 35.035063 ], [ -90.206997, 35.025849 ], [ -90.209841, 35.025396 ], [ -90.213233, 35.025502 ], [ -90.216924, 35.026415 ], [ -90.225914, 35.029476 ], [ -90.232352, 35.03124 ], [ -90.237014, 35.032172 ], [ -90.242059, 35.03268 ], [ -90.245347, 35.032528 ], [ -90.250661, 35.031642 ], [ -90.252342, 35.031754 ], [ -90.253726, 35.032413 ], [ -90.25674, 35.035076 ], [ -90.261703, 35.036226 ], [ -90.263124, 35.037199 ], [ -90.263031, 35.038466 ], [ -90.26436, 35.0403 ], [ -90.265984, 35.04062 ], [ -90.273208, 35.040922 ], [ -90.275488, 35.040713 ], [ -90.281499, 35.040937 ], [ -90.286122, 35.041589 ], [ -90.290335, 35.041623 ], [ -90.293518, 35.040963 ], [ -90.29519, 35.039973 ], [ -90.296968, 35.038175 ], [ -90.297981, 35.034982 ], [ -90.298402, 35.03251 ], [ -90.30012, 35.02906 ], [ -90.300648, 35.027348 ], [ -90.303557, 35.023696 ], [ -90.305612, 35.019578 ], [ -90.306062, 35.016472 ], [ -90.305976, 35.014848 ], [ -90.305206, 35.013639 ], [ -90.308033, 35.011324 ], [ -90.308959, 35.010104 ], [ -90.310047, 35.007455 ], [ -90.310144, 35.007094 ], [ -90.310461, 35.002819 ], [ -90.309991, 35.000417 ], [ -90.308361, 34.995694 ], [ -90.302645, 34.995687 ], [ -90.290696, 34.995494 ], [ -90.250333, 34.995526 ], [ -90.246957, 34.99553 ], [ -90.237724, 34.995542 ], [ -90.216191, 34.995349 ], [ -90.196051, 34.995169 ], [ -90.167012, 34.994909 ], [ -90.148438, 34.994785 ], [ -90.13786, 34.994715 ], [ -90.137647, 34.994714 ], [ -90.136745, 34.994708 ], [ -90.127607, 34.994684 ], [ -90.096338, 34.994762 ], [ -90.087655, 34.994826 ], [ -90.075391, 34.994916 ], [ -90.060784, 34.994854 ], [ -90.043036, 34.994964 ], [ -90.043053, 34.999778 ], [ -90.043058, 35.003184 ], [ -90.043047, 35.006359 ], [ -90.046933, 35.006367 ], [ -90.049384, 35.006371 ], [ -90.05135, 35.006368 ], [ -90.052359, 35.006374 ], [ -90.052366, 35.009102 ], [ -90.052369, 35.011582 ], [ -90.052317, 35.013646 ], [ -90.052294, 35.014154 ], [ -90.052314, 35.015367 ], [ -90.052324, 35.016573 ], [ -90.052334, 35.01737 ], [ -90.053298, 35.017378 ], [ -90.054264, 35.017384 ], [ -90.055224, 35.017387 ], [ -90.056379, 35.017394 ], [ -90.056527, 35.018169 ], [ -90.056586, 35.01898 ], [ -90.056579, 35.019766 ], [ -90.056577, 35.020894 ], [ -90.05655, 35.022731 ], [ -90.056512, 35.026153 ], [ -90.056502, 35.026783 ], [ -90.056481, 35.028575 ], [ -90.055201, 35.028613 ], [ -90.054071, 35.028622 ], [ -90.052964, 35.028622 ], [ -90.051834, 35.028622 ], [ -90.050682, 35.02862 ], [ -90.049575, 35.028621 ], [ -90.048854, 35.026856 ], [ -90.048749, 35.025909 ], [ -90.047648, 35.025985 ], [ -90.044845, 35.025965 ], [ -90.043728, 35.025958 ], [ -90.043182, 35.022484 ], [ -90.043073, 35.021791 ], [ -90.04294, 35.02089 ], [ -90.038975, 35.020979 ], [ -90.040189, 35.026963 ], [ -90.039958, 35.026855 ], [ -90.035041, 35.026944 ], [ -90.035035, 35.029178 ], [ -90.035033, 35.031022 ], [ -90.035025, 35.032625 ], [ -90.035016, 35.035298 ], [ -90.0392, 35.035307 ], [ -90.040513, 35.035313 ], [ -90.041655, 35.035314 ], [ -90.041852, 35.035316 ], [ -90.043204, 35.04202 ], [ -90.043761, 35.044577 ], [ -90.040891, 35.044651 ], [ -90.04062, 35.044646 ], [ -90.040424, 35.044645 ], [ -90.036214, 35.044641 ], [ -90.034978, 35.044634 ], [ -90.032695, 35.044576 ], [ -90.031527, 35.044425 ], [ -90.029206, 35.044206 ], [ -90.026869, 35.044196 ], [ -90.02511, 35.044216 ], [ -90.02511, 35.044586 ], [ -90.025071, 35.051286 ], [ -90.025003, 35.054256 ], [ -90.024747, 35.056318 ], [ -90.024403, 35.05809 ], [ -90.023833, 35.060484 ], [ -90.023551, 35.061697 ], [ -90.023169, 35.063247 ], [ -90.023088, 35.063558 ], [ -90.022717, 35.065029 ], [ -90.022572, 35.065607 ], [ -90.021318, 35.070714 ], [ -90.021172, 35.071326 ], [ -90.02111, 35.071576 ], [ -90.020842, 35.072667 ], [ -90.020434, 35.074338 ], [ -90.020391, 35.074469 ], [ -90.019829, 35.07676 ], [ -90.019498, 35.078085 ], [ -90.019084, 35.07985 ], [ -90.018829, 35.081148 ], [ -90.018566, 35.083305 ], [ -90.018487, 35.084388 ], [ -90.018436, 35.08549 ], [ -90.018415, 35.086204 ], [ -90.018403, 35.086487 ], [ -90.018359, 35.087535 ], [ -90.018231, 35.090686 ], [ -90.018219, 35.091 ], [ -90.018145, 35.092804 ], [ -90.018109, 35.094176 ], [ -90.018086, 35.094831 ], [ -90.018053, 35.09549 ], [ -90.018033, 35.096155 ], [ -90.018003, 35.096811 ], [ -90.018, 35.097491 ], [ -90.018096, 35.09859 ], [ -90.018859, 35.100735 ], [ -90.019427, 35.101883 ], [ -90.020376, 35.103955 ], [ -90.02118, 35.106892 ], [ -90.021362, 35.107744 ], [ -90.021528, 35.108544 ], [ -90.021721, 35.10948 ], [ -90.021756, 35.109663 ], [ -90.021727, 35.11154 ], [ -90.021689, 35.112471 ], [ -90.021698, 35.113102 ], [ -90.018788, 35.115521 ], [ -90.018264, 35.11556 ], [ -90.017096, 35.115647 ], [ -90.016029, 35.115726 ], [ -90.015867, 35.115738 ], [ -90.015565, 35.115761 ], [ -90.014537, 35.115836 ], [ -90.012105, 35.116118 ], [ -90.011684, 35.116457 ], [ -90.01167, 35.11647 ], [ -90.011627, 35.11651 ], [ -90.011614, 35.116524 ], [ -90.011525, 35.116599 ], [ -90.010623, 35.116668 ], [ -90.008791, 35.116528 ], [ -90.007583, 35.116499 ], [ -90.006393, 35.116467 ], [ -90.005034, 35.116433 ], [ -90.002002, 35.116378 ], [ -90.000621, 35.11636 ], [ -89.99872, 35.116312 ], [ -89.998672, 35.117081 ], [ -89.998656, 35.117494 ], [ -89.998641, 35.117915 ], [ -89.998606, 35.118885 ], [ -89.998566, 35.11982 ], [ -89.99852, 35.120988 ], [ -89.998476, 35.122032 ], [ -89.998432, 35.123001 ], [ -89.993384, 35.122849 ], [ -89.993346, 35.123727 ], [ -89.993321, 35.124434 ], [ -89.990808, 35.124603 ], [ -89.990851, 35.123689 ], [ -89.990855, 35.123599 ], [ -89.990282, 35.123588 ], [ -89.988981, 35.123563 ], [ -89.98782, 35.124367 ], [ -89.986645, 35.124611 ], [ -89.984308, 35.125053 ], [ -89.984263, 35.125931 ], [ -89.984011, 35.12592 ], [ -89.980483, 35.125819 ], [ -89.980077, 35.125809 ], [ -89.979689, 35.125799 ], [ -89.97897, 35.125782 ], [ -89.978458, 35.125769 ], [ -89.977674, 35.12575 ], [ -89.977203, 35.12574 ], [ -89.975875, 35.125702 ], [ -89.974212, 35.12566 ], [ -89.972776, 35.125739 ], [ -89.971593, 35.127535 ], [ -89.971383, 35.129548 ], [ -89.970731, 35.129543 ], [ -89.970114, 35.13435 ], [ -89.970055, 35.134817 ], [ -89.969908, 35.135768 ], [ -89.968877, 35.143424 ], [ -89.968547, 35.145887 ], [ -89.968529, 35.146019 ], [ -89.968329, 35.147473 ], [ -89.968033, 35.149698 ], [ -89.967736, 35.152177 ], [ -89.967637, 35.153026 ], [ -89.967582, 35.153794 ], [ -89.967029, 35.159034 ], [ -89.962697, 35.160032 ], [ -89.962692, 35.160144 ], [ -89.959868, 35.161156 ], [ -89.959033, 35.161456 ], [ -89.956021, 35.162813 ], [ -89.953871, 35.164187 ], [ -89.95333, 35.164534 ], [ -89.952444, 35.165133 ], [ -89.951443, 35.165911 ], [ -89.950643, 35.166581 ], [ -89.950095, 35.167041 ], [ -89.949335, 35.167679 ], [ -89.948391, 35.168395 ], [ -89.947445, 35.169059 ], [ -89.946462, 35.169748 ], [ -89.945482, 35.170436 ], [ -89.944244, 35.171303 ], [ -89.942692, 35.172551 ], [ -89.941338, 35.173882 ], [ -89.941307, 35.173917 ], [ -89.937925, 35.171669 ], [ -89.935318, 35.169943 ], [ -89.934373, 35.169717 ], [ -89.933609, 35.169712 ], [ -89.933586, 35.171917 ], [ -89.933575, 35.172408 ], [ -89.933565, 35.172942 ], [ -89.932281, 35.172901 ], [ -89.930466, 35.17284 ], [ -89.929324, 35.172817 ], [ -89.928809, 35.172808 ], [ -89.928152, 35.172798 ], [ -89.927215, 35.17278 ], [ -89.926642, 35.17277 ], [ -89.925856, 35.172753 ], [ -89.926149, 35.173539 ], [ -89.921782, 35.173504 ], [ -89.92195, 35.174405 ], [ -89.916866, 35.174223 ], [ -89.916766, 35.175865 ], [ -89.916748, 35.176216 ], [ -89.916687, 35.177005 ], [ -89.916627, 35.177944 ], [ -89.916517, 35.17944 ], [ -89.916472, 35.180035 ], [ -89.916757, 35.181306 ], [ -89.917571, 35.181053 ], [ -89.918596, 35.180744 ], [ -89.918613, 35.181639 ], [ -89.917158, 35.182093 ], [ -89.91726, 35.182293 ], [ -89.913427, 35.183464 ], [ -89.913182, 35.183537 ], [ -89.909081, 35.184791 ], [ -89.896118, 35.188798 ], [ -89.895951, 35.188859 ], [ -89.895743, 35.191165 ], [ -89.895546, 35.193307 ], [ -89.895276, 35.197191 ], [ -89.895271, 35.1989 ], [ -89.895195, 35.200546 ], [ -89.895135, 35.201253 ], [ -89.89513, 35.201314 ], [ -89.895099, 35.201545 ], [ -89.895001, 35.202261 ], [ -89.89495, 35.202614 ], [ -89.894923, 35.202807 ], [ -89.894798, 35.203667 ], [ -89.894789, 35.20372 ], [ -89.894779, 35.203797 ], [ -89.894854, 35.203865 ], [ -89.894609, 35.20686 ], [ -89.894605, 35.207016 ], [ -89.900831, 35.20716 ], [ -89.902149, 35.207188 ], [ -89.902943, 35.207205 ], [ -89.90496, 35.207144 ], [ -89.906941, 35.206878 ], [ -89.908231, 35.206706 ], [ -89.908229, 35.206556 ], [ -89.910296, 35.206263 ], [ -89.912443, 35.205963 ], [ -89.912428, 35.206115 ], [ -89.910585, 35.209023 ], [ -89.910314, 35.209503 ], [ -89.908729, 35.212641 ], [ -89.907494, 35.215049 ], [ -89.906581, 35.216824 ], [ -89.906189, 35.217601 ], [ -89.905743, 35.218444 ], [ -89.905306, 35.219272 ], [ -89.90442, 35.220894 ], [ -89.904042, 35.221614 ], [ -89.908595, 35.221727 ], [ -89.906813, 35.223521 ], [ -89.902742, 35.227614 ], [ -89.900291, 35.230077 ], [ -89.90153, 35.230991 ], [ -89.903816, 35.231029 ], [ -89.904851, 35.232944 ], [ -89.904252, 35.233101 ], [ -89.904562, 35.234287 ], [ -89.904649, 35.235442 ], [ -89.904096, 35.23546 ], [ -89.904634, 35.236331 ], [ -89.904662, 35.236429 ], [ -89.904676, 35.23661 ], [ -89.904674, 35.236653 ], [ -89.904673, 35.236675 ], [ -89.90509, 35.236683 ], [ -89.905163, 35.236688 ], [ -89.904789, 35.237557 ], [ -89.906278, 35.238225 ], [ -89.907299, 35.238676 ], [ -89.906451, 35.239985 ], [ -89.906449, 35.241267 ], [ -89.908953, 35.241341 ], [ -89.909029, 35.242748 ], [ -89.912095, 35.242829 ], [ -89.912849, 35.242843 ], [ -89.914527, 35.24287 ], [ -89.914906, 35.242877 ], [ -89.91528, 35.242883 ], [ -89.920469, 35.242993 ], [ -89.92281, 35.243045 ], [ -89.924248, 35.243066 ], [ -89.92588, 35.243098 ], [ -89.930407, 35.243307 ], [ -89.934554, 35.243226 ], [ -89.93589, 35.243279 ], [ -89.936319, 35.244079 ], [ -89.938794, 35.245335 ], [ -89.9413, 35.246589 ], [ -89.944059, 35.246975 ], [ -89.944353, 35.247054 ], [ -89.946032, 35.24723 ], [ -89.945854, 35.250795 ], [ -89.94762, 35.260505 ], [ -89.958126, 35.259081 ], [ -89.96214, 35.258638 ], [ -89.965487, 35.257873 ], [ -89.968761, 35.254472 ], [ -89.969002, 35.254245 ], [ -89.972413, 35.254115 ], [ -89.975388, 35.255278 ], [ -89.975084, 35.257767 ], [ -89.976783, 35.257905 ], [ -89.97802, 35.261829 ], [ -89.983713, 35.261684 ], [ -89.985661, 35.260807 ], [ -89.988499, 35.259629 ], [ -89.993125, 35.259297 ], [ -89.993851, 35.259623 ], [ -89.982577, 35.27276 ], [ -89.981856, 35.273609 ], [ -89.979455, 35.276175 ], [ -89.970255, 35.28485 ], [ -89.965259, 35.289542 ], [ -89.964489, 35.29026 ], [ -89.961522, 35.293048 ], [ -89.953263, 35.30081 ], [ -89.946655, 35.307014 ], [ -89.94437, 35.305904 ], [ -89.943664, 35.308545 ], [ -89.941811, 35.310992 ], [ -89.94204, 35.31135 ], [ -89.938365, 35.314793 ], [ -89.938554, 35.314923 ], [ -89.939719, 35.31383 ], [ -89.94211, 35.315378 ], [ -89.944312, 35.315508 ], [ -89.947376, 35.313083 ], [ -89.947125, 35.316673 ], [ -89.953468, 35.318072 ], [ -89.953359, 35.319468 ], [ -89.955791, 35.319623 ], [ -89.955535, 35.325232 ], [ -89.956718, 35.325345 ], [ -89.956767, 35.326328 ], [ -89.955482, 35.328687 ], [ -89.955351, 35.328735 ], [ -89.955301, 35.328763 ], [ -89.955279, 35.328777 ], [ -89.955116, 35.328833 ], [ -89.955037, 35.328864 ], [ -89.954896, 35.328951 ], [ -89.954787, 35.329063 ], [ -89.954671, 35.329213 ], [ -89.954632, 35.329277 ], [ -89.954556, 35.329445 ], [ -89.954507, 35.329582 ], [ -89.954468, 35.329739 ], [ -89.954388, 35.329798 ], [ -89.954228, 35.329902 ], [ -89.954063, 35.329999 ], [ -89.953817, 35.330561 ], [ -89.953739, 35.33076 ], [ -89.953718, 35.330813 ], [ -89.951319, 35.334211 ], [ -89.951694, 35.335925 ], [ -89.950378, 35.336425 ], [ -89.950591, 35.337422 ], [ -89.950016, 35.337722 ], [ -89.950377, 35.337919 ], [ -89.95055, 35.337887 ], [ -89.9506, 35.337919 ], [ -89.950658, 35.337937 ], [ -89.950946, 35.338139 ], [ -89.951067, 35.33821 ], [ -89.951259, 35.339175 ], [ -89.950573, 35.343295 ], [ -89.951411, 35.343267 ], [ -89.95007, 35.344361 ], [ -89.948566, 35.344288 ], [ -89.948244, 35.34654 ], [ -89.947898, 35.34758 ], [ -89.948696, 35.349299 ], [ -89.949325, 35.353676 ], [ -89.949274, 35.354263 ], [ -89.945983, 35.357257 ], [ -89.945081, 35.361402 ], [ -89.941884, 35.367873 ], [ -89.923874, 35.366073 ], [ -89.912617, 35.364912 ], [ -89.904991, 35.364098 ], [ -89.903621, 35.363955 ], [ -89.902424, 35.369425 ], [ -89.901388, 35.368974 ], [ -89.899606, 35.368987 ], [ -89.898867, 35.374617 ], [ -89.898678, 35.379173 ], [ -89.89688, 35.389067 ], [ -89.897627, 35.390254 ], [ -89.898508, 35.392054 ], [ -89.889317, 35.390906 ], [ -89.883987, 35.391185 ], [ -89.865515, 35.39077 ], [ -89.86017, 35.390643 ], [ -89.855372, 35.391 ], [ -89.855022, 35.391013 ], [ -89.853609, 35.392768 ], [ -89.848488, 35.397337 ], [ -89.846544, 35.399069 ], [ -89.844864, 35.400565 ], [ -89.840239, 35.404692 ], [ -89.832216, 35.410903 ], [ -89.826133, 35.415552 ], [ -89.824505, 35.416798 ], [ -89.818711, 35.421226 ], [ -89.816497, 35.422915 ], [ -89.811579, 35.426688 ], [ -89.81171, 35.426906 ], [ -89.8066, 35.431869 ], [ -89.800905, 35.436293 ], [ -89.798981, 35.437763 ], [ -89.796761, 35.439463 ], [ -89.794713, 35.441029 ], [ -89.791896, 35.442653 ], [ -89.791831, 35.442685 ], [ -89.788803, 35.444473 ], [ -89.786941, 35.4459 ], [ -89.785085, 35.44751 ], [ -89.782264, 35.449483 ], [ -89.779942, 35.451258 ], [ -89.778668, 35.452233 ], [ -89.77243, 35.457227 ], [ -89.76665, 35.461669 ], [ -89.764312, 35.463087 ], [ -89.76106, 35.46465 ], [ -89.757539, 35.466665 ], [ -89.763505, 35.466569 ], [ -89.769426, 35.466376 ], [ -89.76868, 35.46806 ], [ -89.769441, 35.468145 ], [ -89.769459, 35.469889 ], [ -89.771935, 35.469502 ], [ -89.772053, 35.471183 ], [ -89.770546, 35.475201 ], [ -89.76954, 35.478539 ], [ -89.768645, 35.482653 ], [ -89.768877, 35.485668 ], [ -89.760426, 35.486303 ], [ -89.758683, 35.48604 ], [ -89.755739, 35.48522 ], [ -89.752606, 35.484193 ], [ -89.749764, 35.48357 ], [ -89.750953, 35.488582 ], [ -89.74753, 35.490761 ], [ -89.74666, 35.491743 ], [ -89.747054, 35.492595 ], [ -89.745972, 35.49252 ], [ -89.745045, 35.492457 ], [ -89.744905, 35.493117 ], [ -89.738115, 35.492582 ], [ -89.733975, 35.494299 ], [ -89.733476, 35.495646 ], [ -89.731341, 35.495924 ], [ -89.730562, 35.495383 ], [ -89.727167, 35.495501 ], [ -89.725735, 35.496352 ], [ -89.725137, 35.497375 ], [ -89.731882, 35.49865 ], [ -89.731083, 35.503997 ], [ -89.731371, 35.504431 ], [ -89.734538, 35.504814 ], [ -89.732589, 35.508243 ], [ -89.728846, 35.510783 ], [ -89.726153, 35.514058 ], [ -89.724057, 35.515733 ], [ -89.723523, 35.514822 ], [ -89.721609, 35.51443 ], [ -89.720125, 35.513375 ], [ -89.718253, 35.512867 ], [ -89.716715, 35.512009 ], [ -89.711609, 35.511737 ], [ -89.710427, 35.510863 ], [ -89.707691, 35.513927 ], [ -89.706101, 35.515002 ], [ -89.701793, 35.517116 ], [ -89.699693, 35.518425 ], [ -89.693364, 35.522911 ], [ -89.693247, 35.527431 ], [ -89.692875, 35.52878 ], [ -89.692375, 35.529399 ], [ -89.692305, 35.530435 ], [ -89.692242, 35.531255 ], [ -89.692095, 35.53417 ], [ -89.692069, 35.53573 ], [ -89.691994, 35.538901 ], [ -89.692761, 35.539098 ], [ -89.694296, 35.539156 ], [ -89.697256, 35.539346 ], [ -89.699919, 35.542344 ], [ -89.702108, 35.545424 ], [ -89.70214, 35.54688 ], [ -89.700838, 35.549271 ], [ -89.700636, 35.551159 ], [ -89.700578, 35.551947 ], [ -89.700284, 35.558477 ], [ -89.69627, 35.559941 ], [ -89.693678, 35.560635 ], [ -89.688759, 35.561598 ], [ -89.68082, 35.56406 ], [ -89.680944, 35.566552 ], [ -89.684796, 35.572209 ], [ -89.687714, 35.574999 ], [ -89.689778, 35.576065 ], [ -89.692313, 35.576564 ], [ -89.693745, 35.577273 ], [ -89.697093, 35.580936 ], [ -89.699081, 35.582681 ], [ -89.696848, 35.583646 ], [ -89.694998, 35.583773 ], [ -89.695342, 35.586015 ], [ -89.694479, 35.591415 ], [ -89.693181, 35.593677 ], [ -89.692822, 35.59685 ], [ -89.692492, 35.599832 ], [ -89.693189, 35.600395 ], [ -89.699841, 35.601097 ], [ -89.704263, 35.601906 ], [ -89.706412, 35.604631 ], [ -89.707322, 35.606984 ], [ -89.702884, 35.616226 ], [ -89.701177, 35.617721 ], [ -89.700753, 35.618647 ], [ -89.702496, 35.619251 ], [ -89.701931, 35.620734 ], [ -89.704171, 35.621426 ], [ -89.706674, 35.623886 ], [ -89.705518, 35.625364 ], [ -89.706373, 35.626336 ], [ -89.706763, 35.628126 ], [ -89.70519, 35.629297 ], [ -89.702969, 35.629176 ], [ -89.702573, 35.631076 ], [ -89.701449, 35.630659 ], [ -89.701799, 35.632598 ], [ -89.701726, 35.634724 ], [ -89.702305, 35.635212 ], [ -89.703514, 35.639133 ], [ -89.705385, 35.639146 ], [ -89.706053, 35.639674 ], [ -89.703875, 35.641893 ], [ -89.702257, 35.642423 ], [ -89.699346, 35.640976 ], [ -89.699001, 35.641373 ], [ -89.699781, 35.642904 ], [ -89.698694, 35.642971 ], [ -89.697804, 35.642177 ], [ -89.695758, 35.642051 ], [ -89.695948, 35.644254 ], [ -89.694636, 35.645088 ], [ -89.692785, 35.644305 ], [ -89.691372, 35.641903 ], [ -89.692572, 35.638907 ], [ -89.68999, 35.638364 ], [ -89.689069, 35.637427 ], [ -89.688961, 35.636328 ], [ -89.685633, 35.638101 ], [ -89.684198, 35.637604 ], [ -89.683326, 35.63796 ], [ -89.682993, 35.639914 ], [ -89.680871, 35.640155 ], [ -89.682019, 35.638905 ], [ -89.681699, 35.637991 ], [ -89.680488, 35.637819 ], [ -89.679869, 35.63621 ], [ -89.678369, 35.636041 ], [ -89.677913, 35.637665 ], [ -89.675684, 35.637253 ], [ -89.675181, 35.637939 ], [ -89.676892, 35.639328 ], [ -89.675879, 35.640406 ], [ -89.673086, 35.639732 ], [ -89.671629, 35.638757 ], [ -89.671123, 35.636449 ], [ -89.670406, 35.635006 ], [ -89.668799, 35.633621 ], [ -89.668372, 35.631827 ], [ -89.665938, 35.631392 ], [ -89.665495, 35.632533 ], [ -89.666425, 35.633263 ], [ -89.667274, 35.635198 ], [ -89.666609, 35.636098 ], [ -89.664968, 35.635675 ], [ -89.663618, 35.634479 ], [ -89.662259, 35.632057 ], [ -89.661131, 35.631788 ], [ -89.660734, 35.633326 ], [ -89.65899, 35.635648 ], [ -89.658255, 35.633401 ], [ -89.656487, 35.634769 ], [ -89.65442, 35.635826 ], [ -89.653175, 35.637372 ], [ -89.653001, 35.638436 ], [ -89.651006, 35.6387 ], [ -89.650707, 35.639473 ], [ -89.651922, 35.640406 ], [ -89.65327, 35.64213 ], [ -89.653789, 35.644836 ], [ -89.653086, 35.645297 ], [ -89.652094, 35.644596 ], [ -89.650488, 35.64543 ], [ -89.650144, 35.646454 ], [ -89.651056, 35.648009 ], [ -89.650486, 35.64855 ], [ -89.649387, 35.647673 ], [ -89.647663, 35.647063 ], [ -89.643305, 35.645984 ], [ -89.640494, 35.645081 ], [ -89.639806, 35.646564 ], [ -89.638505, 35.646605 ], [ -89.637398, 35.64562 ], [ -89.635694, 35.645225 ], [ -89.631124, 35.645012 ], [ -89.632119, 35.647075 ], [ -89.63412, 35.646475 ], [ -89.634216, 35.647348 ], [ -89.632817, 35.647967 ], [ -89.63265, 35.650328 ], [ -89.630962, 35.650719 ], [ -89.628176, 35.648752 ], [ -89.626905, 35.648724 ], [ -89.625429, 35.650998 ], [ -89.622929, 35.652326 ], [ -89.622203, 35.651482 ], [ -89.622986, 35.649995 ], [ -89.620927, 35.64869 ], [ -89.619155, 35.648152 ], [ -89.619424, 35.647341 ], [ -89.621596, 35.647093 ], [ -89.620823, 35.645987 ], [ -89.618243, 35.6458 ], [ -89.617014, 35.64432 ], [ -89.615744, 35.643513 ], [ -89.612976, 35.643236 ], [ -89.61262, 35.642147 ], [ -89.613395, 35.642135 ], [ -89.614218, 35.640946 ], [ -89.616091, 35.640625 ], [ -89.614779, 35.639083 ], [ -89.615693, 35.636872 ], [ -89.615151, 35.636074 ], [ -89.61334, 35.636649 ], [ -89.613682, 35.638018 ], [ -89.612675, 35.638819 ], [ -89.612053, 35.638078 ], [ -89.609841, 35.637218 ], [ -89.609566, 35.637087 ], [ -89.609504, 35.637052 ], [ -89.607856, 35.635591 ], [ -89.609107, 35.633648 ], [ -89.608813, 35.632961 ], [ -89.604864, 35.630765 ], [ -89.606418, 35.62932 ], [ -89.60679, 35.627993 ], [ -89.605786, 35.626637 ], [ -89.602645, 35.623917 ], [ -89.601806, 35.623854 ], [ -89.601974, 35.625638 ], [ -89.603952, 35.626219 ], [ -89.602416, 35.629022 ], [ -89.599883, 35.628735 ], [ -89.597906, 35.630112 ], [ -89.596378, 35.629665 ], [ -89.5908, 35.626675 ], [ -89.588501, 35.62603 ], [ -89.58791, 35.625379 ], [ -89.585943, 35.625938 ], [ -89.585124, 35.625629 ], [ -89.586209, 35.624027 ], [ -89.586437, 35.622698 ], [ -89.585766, 35.621549 ], [ -89.583901, 35.619617 ], [ -89.583101, 35.617913 ], [ -89.581926, 35.617957 ], [ -89.582805, 35.620144 ], [ -89.582396, 35.621503 ], [ -89.581531, 35.621411 ], [ -89.578954, 35.61921 ], [ -89.579011, 35.618065 ], [ -89.579921, 35.616716 ], [ -89.578778, 35.615254 ], [ -89.576642, 35.614837 ], [ -89.575728, 35.615806 ], [ -89.576108, 35.617444 ], [ -89.575659, 35.618247 ], [ -89.574268, 35.618776 ], [ -89.573541, 35.618417 ], [ -89.574465, 35.616711 ], [ -89.573014, 35.614378 ], [ -89.572089, 35.613857 ], [ -89.568091, 35.614199 ], [ -89.567255, 35.615211 ], [ -89.566203, 35.615133 ], [ -89.566974, 35.614029 ], [ -89.566458, 35.613026 ], [ -89.564996, 35.61276 ], [ -89.562031, 35.6138 ], [ -89.560592, 35.613446 ], [ -89.560555, 35.6123 ], [ -89.561806, 35.611928 ], [ -89.562062, 35.611118 ], [ -89.561151, 35.610491 ], [ -89.559059, 35.610666 ], [ -89.556619, 35.610937 ], [ -89.555497, 35.610194 ], [ -89.555687, 35.605372 ], [ -89.554304, 35.604324 ], [ -89.553361, 35.605002 ], [ -89.553193, 35.60594 ], [ -89.553983, 35.607098 ], [ -89.553623, 35.60827 ], [ -89.55212, 35.608628 ], [ -89.552488, 35.607104 ], [ -89.55173, 35.605952 ], [ -89.550254, 35.606067 ], [ -89.547942, 35.607769 ], [ -89.548128, 35.609886 ], [ -89.545461, 35.609693 ], [ -89.544088, 35.608371 ], [ -89.544106, 35.607624 ], [ -89.545479, 35.605934 ], [ -89.545253, 35.60408 ], [ -89.543598, 35.602841 ], [ -89.542248, 35.602872 ], [ -89.541208, 35.604294 ], [ -89.539345, 35.604862 ], [ -89.537791, 35.604548 ], [ -89.535532, 35.602886 ], [ -89.532108, 35.602595 ], [ -89.531966, 35.601021 ], [ -89.534074, 35.598963 ], [ -89.535488, 35.596396 ], [ -89.535013, 35.595729 ], [ -89.533059, 35.597215 ], [ -89.531196, 35.597036 ], [ -89.529595, 35.597496 ], [ -89.52861, 35.598752 ], [ -89.526793, 35.598816 ], [ -89.526107, 35.598173 ], [ -89.527384, 35.592324 ], [ -89.527301, 35.591248 ], [ -89.526129, 35.589943 ], [ -89.525537, 35.591991 ], [ -89.526006, 35.594796 ], [ -89.524494, 35.595074 ], [ -89.523316, 35.593406 ], [ -89.522084, 35.593347 ], [ -89.522378, 35.595156 ], [ -89.521402, 35.59581 ], [ -89.519961, 35.594722 ], [ -89.51904, 35.593123 ], [ -89.519498, 35.591947 ], [ -89.520928, 35.591164 ], [ -89.521239, 35.590112 ], [ -89.52004, 35.589157 ], [ -89.516965, 35.588341 ], [ -89.514371, 35.589079 ], [ -89.513275, 35.588368 ], [ -89.511487, 35.587998 ], [ -89.511004, 35.587212 ], [ -89.510985, 35.585073 ], [ -89.511924, 35.583892 ], [ -89.512094, 35.582532 ], [ -89.510323, 35.580782 ], [ -89.509007, 35.581049 ], [ -89.507578, 35.583078 ], [ -89.506217, 35.582251 ], [ -89.507623, 35.581391 ], [ -89.507278, 35.580451 ], [ -89.506168, 35.580274 ], [ -89.504273, 35.580829 ], [ -89.502118, 35.580621 ], [ -89.501066, 35.581128 ], [ -89.501401, 35.581836 ], [ -89.49943, 35.582079 ], [ -89.497325, 35.581718 ], [ -89.496453, 35.583465 ], [ -89.494146, 35.582736 ], [ -89.494765, 35.584059 ], [ -89.494275, 35.585323 ], [ -89.492749, 35.585994 ], [ -89.492265, 35.585121 ], [ -89.491438, 35.585934 ], [ -89.489347, 35.58604 ], [ -89.489765, 35.587056 ], [ -89.488837, 35.587572 ], [ -89.488583, 35.589446 ], [ -89.485537, 35.590645 ], [ -89.485027, 35.592661 ], [ -89.482701, 35.593953 ], [ -89.47989, 35.594465 ], [ -89.477846, 35.594323 ], [ -89.476447, 35.595185 ], [ -89.47486, 35.594 ], [ -89.47412, 35.594851 ], [ -89.472291, 35.595231 ], [ -89.471397, 35.594814 ], [ -89.469993, 35.595226 ], [ -89.468877, 35.619034 ], [ -89.468716, 35.622493 ], [ -89.468288, 35.625079 ], [ -89.46795, 35.635096 ], [ -89.46788, 35.639759 ], [ -89.467561, 35.647991 ], [ -89.467305, 35.652807 ], [ -89.466861, 35.667726 ], [ -89.466354, 35.682706 ], [ -89.461249, 35.682579 ], [ -89.452712, 35.682545 ], [ -89.444892, 35.700771 ], [ -89.442708, 35.70587 ], [ -89.440715, 35.710523 ], [ -89.435923, 35.721802 ], [ -89.432422, 35.729877 ], [ -89.432233, 35.739347 ], [ -89.431596, 35.740243 ], [ -89.427691, 35.740184 ], [ -89.427469, 35.747378 ], [ -89.438664, 35.747411 ], [ -89.440123, 35.747919 ], [ -89.439918, 35.750861 ], [ -89.439907, 35.755311 ], [ -89.439644, 35.762833 ], [ -89.439691, 35.765915 ], [ -89.438348, 35.767539 ], [ -89.437883, 35.768123 ], [ -89.437108, 35.768072 ], [ -89.435112, 35.76874 ], [ -89.433233, 35.770153 ], [ -89.432633, 35.771241 ], [ -89.432793, 35.773188 ], [ -89.431785, 35.775244 ], [ -89.431818, 35.775993 ], [ -89.432714, 35.779198 ], [ -89.432488, 35.780807 ], [ -89.431327, 35.78264 ], [ -89.428201, 35.784572 ], [ -89.427524, 35.785822 ], [ -89.425477, 35.786878 ], [ -89.423606, 35.786812 ], [ -89.421709, 35.788086 ], [ -89.420808, 35.791625 ], [ -89.421355, 35.794137 ], [ -89.419969, 35.797414 ], [ -89.419134, 35.798987 ], [ -89.416643, 35.800296 ], [ -89.415398, 35.802022 ], [ -89.412634, 35.802564 ], [ -89.411322, 35.803185 ], [ -89.406973, 35.806358 ], [ -89.405412, 35.808849 ], [ -89.405301, 35.813524 ], [ -89.403327, 35.815588 ], [ -89.402737, 35.816915 ], [ -89.401805, 35.822657 ], [ -89.388991, 35.821213 ], [ -89.383813, 35.82084 ], [ -89.365293, 35.819291 ], [ -89.363337, 35.819023 ], [ -89.359054, 35.818041 ], [ -89.356033, 35.817635 ], [ -89.355787, 35.819216 ], [ -89.358675, 35.819933 ], [ -89.358567, 35.820959 ], [ -89.361348, 35.822466 ], [ -89.361544, 35.823712 ], [ -89.360491, 35.82545 ], [ -89.360307, 35.828249 ], [ -89.358315, 35.828925 ], [ -89.358748, 35.830148 ], [ -89.358364, 35.831032 ], [ -89.357228, 35.831221 ], [ -89.356535, 35.832512 ], [ -89.357344, 35.832836 ], [ -89.357858, 35.834851 ], [ -89.358987, 35.835494 ], [ -89.35775, 35.835881 ], [ -89.356792, 35.837839 ], [ -89.358574, 35.838888 ], [ -89.359435, 35.838722 ], [ -89.358519, 35.840095 ], [ -89.356739, 35.840283 ], [ -89.357284, 35.841384 ], [ -89.356245, 35.841981 ], [ -89.355919, 35.839667 ], [ -89.355165, 35.839192 ], [ -89.354461, 35.840054 ], [ -89.354432, 35.841854 ], [ -89.353951, 35.843664 ], [ -89.351833, 35.843684 ], [ -89.351591, 35.844521 ], [ -89.353107, 35.846215 ], [ -89.353309, 35.847805 ], [ -89.352572, 35.848781 ], [ -89.350367, 35.849452 ], [ -89.3498, 35.851878 ], [ -89.347885, 35.851764 ], [ -89.347018, 35.85375 ], [ -89.345523, 35.854335 ], [ -89.344022, 35.857245 ], [ -89.345393, 35.858553 ], [ -89.344316, 35.86037 ], [ -89.340994, 35.861198 ], [ -89.339556, 35.862383 ], [ -89.341078, 35.863715 ], [ -89.341821, 35.865725 ], [ -89.341295, 35.868805 ], [ -89.341453, 35.870087 ], [ -89.340019, 35.871062 ], [ -89.340528, 35.872872 ], [ -89.339326, 35.873196 ], [ -89.340979, 35.874095 ], [ -89.341018, 35.874974 ], [ -89.342186, 35.87533 ], [ -89.344475, 35.875038 ], [ -89.342839, 35.877062 ], [ -89.342326, 35.879595 ], [ -89.342829, 35.880934 ], [ -89.330502, 35.882129 ], [ -89.313478, 35.883661 ], [ -89.303078, 35.884501 ], [ -89.283996, 35.886156 ], [ -89.280148, 35.886499 ], [ -89.277548, 35.891924 ], [ -89.275264, 35.896693 ], [ -89.273366, 35.900681 ], [ -89.269815, 35.908163 ], [ -89.267275, 35.913447 ], [ -89.267068, 35.913578 ], [ -89.250396, 35.917275 ], [ -89.250069, 35.917348 ], [ -89.239206, 35.925694 ], [ -89.236502, 35.928043 ], [ -89.236683, 35.928415 ], [ -89.237815, 35.930731 ], [ -89.236551, 35.930615 ], [ -89.235094, 35.930537 ], [ -89.233875, 35.930452 ], [ -89.232628, 35.93161 ], [ -89.227546, 35.936374 ], [ -89.223651, 35.940038 ], [ -89.222072, 35.941808 ], [ -89.220721, 35.943324 ], [ -89.21458, 35.950402 ], [ -89.213475, 35.951748 ], [ -89.207312, 35.960277 ], [ -89.2049, 35.963761 ], [ -89.200327, 35.971681 ], [ -89.200373, 35.970351 ], [ -89.198345, 35.970209 ], [ -89.197822, 35.975907 ], [ -89.196009, 35.979903 ], [ -89.191545, 35.990117 ], [ -89.188844, 35.99976 ], [ -89.191236, 36.00235 ], [ -89.192552, 36.002412 ], [ -89.19307, 36.003483 ], [ -89.192332, 36.004361 ], [ -89.193611, 36.005038 ], [ -89.195309, 36.007349 ], [ -89.196648, 36.007041 ], [ -89.197973, 36.008447 ], [ -89.200258, 36.008985 ], [ -89.200962, 36.009573 ], [ -89.202429, 36.009469 ], [ -89.202672, 36.010375 ], [ -89.204119, 36.010298 ], [ -89.204059, 36.011737 ], [ -89.206297, 36.011814 ], [ -89.206182, 36.013764 ], [ -89.204762, 36.012633 ], [ -89.203173, 36.013308 ], [ -89.203525, 36.014275 ], [ -89.202829, 36.014995 ], [ -89.203059, 36.016198 ], [ -89.20243, 36.017044 ], [ -89.20101, 36.017429 ], [ -89.200287, 36.016775 ], [ -89.199462, 36.017533 ], [ -89.198192, 36.017558 ], [ -89.197759, 36.018804 ], [ -89.196635, 36.019214 ], [ -89.194855, 36.017157 ], [ -89.193314, 36.019884 ], [ -89.191963, 36.020687 ], [ -89.190786, 36.02011 ], [ -89.189355, 36.020564 ], [ -89.188743, 36.022084 ], [ -89.187284, 36.020649 ], [ -89.187108, 36.021835 ], [ -89.18631, 36.022462 ], [ -89.185735, 36.020215 ], [ -89.184917, 36.020347 ], [ -89.18301, 36.021291 ], [ -89.182658, 36.02233 ], [ -89.181285, 36.02133 ], [ -89.17948, 36.022725 ], [ -89.178523, 36.022204 ], [ -89.176756, 36.022559 ], [ -89.174925, 36.023833 ], [ -89.173239, 36.023295 ], [ -89.172925, 36.023711 ], [ -89.17171, 36.024087 ], [ -89.171374, 36.025165 ], [ -89.169157, 36.026402 ], [ -89.168007, 36.026184 ], [ -89.165567, 36.02644 ], [ -89.163406, 36.026044 ], [ -89.162527, 36.044613 ], [ -89.162407, 36.04687 ], [ -89.161877, 36.058322 ], [ -89.161173, 36.072957 ], [ -89.161146, 36.073524 ], [ -89.160112, 36.095244 ], [ -89.159552, 36.104211 ], [ -89.157513, 36.104176 ], [ -89.157291, 36.108945 ], [ -89.156663, 36.111832 ], [ -89.159163, 36.112625 ], [ -89.159139, 36.118731 ], [ -89.158771, 36.126626 ], [ -89.158544, 36.132336 ], [ -89.158261, 36.137302 ], [ -89.157568, 36.146426 ], [ -89.15741, 36.149376 ], [ -89.156939, 36.158193 ], [ -89.156332, 36.169573 ], [ -89.155938, 36.176967 ], [ -89.155311, 36.188751 ], [ -89.155041, 36.193828 ], [ -89.154464, 36.204678 ], [ -89.134666, 36.204335 ], [ -89.128694, 36.204193 ], [ -89.114058, 36.203867 ], [ -89.102495, 36.203561 ], [ -89.092369, 36.203293 ], [ -89.076217, 36.203203 ], [ -89.067775, 36.203031 ], [ -89.063584, 36.202975 ], [ -89.060425, 36.202931 ], [ -89.049753, 36.202782 ], [ -89.03709, 36.202604 ], [ -89.033222, 36.202551 ], [ -89.028405, 36.202484 ], [ -89.027933, 36.202477 ], [ -89.027326, 36.202467 ], [ -89.023705, 36.20241 ], [ -89.022003, 36.202403 ], [ -89.021511, 36.202398 ], [ -89.01478, 36.202324 ], [ -89.014131, 36.202129 ], [ -89.011986, 36.202269 ], [ -89.010791, 36.202267 ], [ -89.009599, 36.202251 ], [ -89.009234, 36.202244 ], [ -89.008397, 36.202234 ], [ -89.006738, 36.202209 ], [ -89.003805, 36.202163 ], [ -89.00377, 36.202162 ], [ -88.997935, 36.202229 ], [ -88.994257, 36.202169 ], [ -88.9907, 36.202111 ], [ -88.978182, 36.20191 ], [ -88.973218, 36.201829 ], [ -88.962904, 36.201742 ], [ -88.962681, 36.201737 ], [ -88.961232, 36.201635 ], [ -88.961264, 36.201808 ], [ -88.961207, 36.201876 ], [ -88.960814, 36.207202 ], [ -88.959839, 36.222834 ], [ -88.957857, 36.221779 ], [ -88.958304, 36.22066 ], [ -88.954243, 36.220335 ], [ -88.954663, 36.219549 ], [ -88.953544, 36.218248 ], [ -88.954636, 36.217627 ], [ -88.95096, 36.211299 ], [ -88.949627, 36.210395 ], [ -88.946384, 36.20936 ], [ -88.944966, 36.207961 ], [ -88.943899, 36.20592 ], [ -88.9407, 36.203893 ], [ -88.939495, 36.203088 ], [ -88.938782, 36.200763 ], [ -88.937465, 36.199256 ], [ -88.93441, 36.197157 ], [ -88.933038, 36.196983 ], [ -88.93308, 36.194567 ], [ -88.931864, 36.193569 ], [ -88.928586, 36.192802 ], [ -88.927317, 36.191632 ], [ -88.924392, 36.191404 ], [ -88.921242, 36.19205 ], [ -88.920082, 36.190016 ], [ -88.918334, 36.188248 ], [ -88.917482, 36.188374 ], [ -88.913361, 36.186351 ], [ -88.911788, 36.187025 ], [ -88.910535, 36.18568 ], [ -88.908207, 36.184995 ], [ -88.909671, 36.184043 ], [ -88.90847, 36.183366 ], [ -88.90805, 36.182283 ], [ -88.90639, 36.18114 ], [ -88.904743, 36.181975 ], [ -88.903661, 36.181882 ], [ -88.902704, 36.179853 ], [ -88.903165, 36.178584 ], [ -88.901776, 36.178199 ], [ -88.90061, 36.179869 ], [ -88.899222, 36.177726 ], [ -88.897975, 36.177171 ], [ -88.897785, 36.178325 ], [ -88.896274, 36.178088 ], [ -88.894533, 36.176835 ], [ -88.892766, 36.173971 ], [ -88.893139, 36.172626 ], [ -88.892679, 36.172027 ], [ -88.891127, 36.172779 ], [ -88.891338, 36.171119 ], [ -88.88969, 36.172185 ], [ -88.887794, 36.170409 ], [ -88.889062, 36.169685 ], [ -88.88871, 36.168355 ], [ -88.886921, 36.168843 ], [ -88.886841, 36.167475 ], [ -88.884178, 36.167551 ], [ -88.883535, 36.166715 ], [ -88.884097, 36.165985 ], [ -88.88338, 36.164924 ], [ -88.884194, 36.163831 ], [ -88.883585, 36.162886 ], [ -88.881816, 36.162874 ], [ -88.880272, 36.161923 ], [ -88.880388, 36.160517 ], [ -88.877869, 36.159367 ], [ -88.878, 36.156197 ], [ -88.877364, 36.154312 ], [ -88.875528, 36.15496 ], [ -88.876193, 36.153597 ], [ -88.874608, 36.15249 ], [ -88.873434, 36.150628 ], [ -88.872689, 36.150947 ], [ -88.871259, 36.14964 ], [ -88.871909, 36.149079 ], [ -88.87115, 36.148431 ], [ -88.869705, 36.145872 ], [ -88.868499, 36.145581 ], [ -88.868282, 36.144631 ], [ -88.866194, 36.14294 ], [ -88.865651, 36.140434 ], [ -88.864303, 36.140726 ], [ -88.864431, 36.139276 ], [ -88.863515, 36.137699 ], [ -88.862045, 36.138013 ], [ -88.86191, 36.137156 ], [ -88.86088, 36.137025 ], [ -88.859714, 36.135816 ], [ -88.858679, 36.137641 ], [ -88.85735, 36.135328 ], [ -88.856584, 36.134823 ], [ -88.85525, 36.135126 ], [ -88.854879, 36.136911 ], [ -88.853178, 36.135198 ], [ -88.852914, 36.136643 ], [ -88.851926, 36.136726 ], [ -88.851011, 36.135814 ], [ -88.84965, 36.136259 ], [ -88.848545, 36.135957 ], [ -88.848124, 36.133657 ], [ -88.846706, 36.131603 ], [ -88.848173, 36.131305 ], [ -88.846592, 36.130161 ], [ -88.846846, 36.129383 ], [ -88.844588, 36.128993 ], [ -88.844306, 36.128352 ], [ -88.845293, 36.127482 ], [ -88.843065, 36.128193 ], [ -88.842094, 36.127787 ], [ -88.842689, 36.126528 ], [ -88.8431, 36.124853 ], [ -88.841837, 36.125064 ], [ -88.8417, 36.123507 ], [ -88.840884, 36.123495 ], [ -88.840323, 36.125283 ], [ -88.837851, 36.124533 ], [ -88.83529, 36.120909 ], [ -88.833398, 36.121124 ], [ -88.833249, 36.122422 ], [ -88.832242, 36.122584 ], [ -88.830402, 36.121058 ], [ -88.828785, 36.121733 ], [ -88.828153, 36.120658 ], [ -88.827225, 36.121758 ], [ -88.826369, 36.12186 ], [ -88.825675, 36.120435 ], [ -88.823861, 36.120707 ], [ -88.823029, 36.119701 ], [ -88.820918, 36.119055 ], [ -88.819244, 36.117972 ], [ -88.816179, 36.119105 ], [ -88.815355, 36.117776 ], [ -88.813772, 36.117478 ], [ -88.812967, 36.116618 ], [ -88.811027, 36.116651 ], [ -88.81089, 36.116552 ], [ -88.809958, 36.11658 ], [ -88.809192, 36.117799 ], [ -88.806, 36.117231 ], [ -88.804232, 36.118077 ], [ -88.803347, 36.116844 ], [ -88.801374, 36.115634 ], [ -88.800532, 36.114353 ], [ -88.799282, 36.113849 ], [ -88.797875, 36.114572 ], [ -88.797158, 36.114327 ], [ -88.795319, 36.113386 ], [ -88.793957, 36.114108 ], [ -88.792385, 36.113433 ], [ -88.791769, 36.112383 ], [ -88.790386, 36.112639 ], [ -88.786427, 36.112015 ], [ -88.785055, 36.112777 ], [ -88.782068, 36.112578 ], [ -88.780732, 36.113617 ], [ -88.779863, 36.112916 ], [ -88.780955, 36.112141 ], [ -88.780896, 36.110839 ], [ -88.777765, 36.110968 ], [ -88.775715, 36.110283 ], [ -88.774916, 36.111724 ], [ -88.773445, 36.110918 ], [ -88.772336, 36.111192 ], [ -88.772402, 36.112195 ], [ -88.771103, 36.111658 ], [ -88.770668, 36.112418 ], [ -88.768952, 36.112327 ], [ -88.768408, 36.111802 ], [ -88.766886, 36.112352 ], [ -88.766978, 36.111384 ], [ -88.766046, 36.111305 ], [ -88.764961, 36.109705 ], [ -88.764361, 36.110722 ], [ -88.762044, 36.109555 ], [ -88.760501, 36.109289 ], [ -88.76056, 36.108458 ], [ -88.759583, 36.108192 ], [ -88.759112, 36.109655 ], [ -88.758394, 36.109781 ], [ -88.75832, 36.108253 ], [ -88.757113, 36.107637 ], [ -88.756719, 36.108358 ], [ -88.755523, 36.107249 ], [ -88.75392, 36.107401 ], [ -88.754621, 36.105078 ], [ -88.753804, 36.104338 ], [ -88.753242, 36.105412 ], [ -88.751884, 36.105689 ], [ -88.751682, 36.105 ], [ -88.753132, 36.102268 ], [ -88.752396, 36.099985 ], [ -88.750873, 36.100058 ], [ -88.747843, 36.097883 ], [ -88.747521, 36.09634 ], [ -88.74446, 36.094068 ], [ -88.744485, 36.093141 ], [ -88.74609, 36.094415 ], [ -88.747254, 36.094081 ], [ -88.74922, 36.094822 ], [ -88.750424, 36.093708 ], [ -88.749314, 36.092725 ], [ -88.748863, 36.093411 ], [ -88.748613, 36.091444 ], [ -88.746941, 36.092545 ], [ -88.746746, 36.091244 ], [ -88.745841, 36.091137 ], [ -88.743064, 36.090887 ], [ -88.742654, 36.089139 ], [ -88.741153, 36.08881 ], [ -88.740008, 36.086721 ], [ -88.738133, 36.08591 ], [ -88.737434, 36.087132 ], [ -88.735492, 36.086296 ], [ -88.736442, 36.085597 ], [ -88.736558, 36.084257 ], [ -88.735539, 36.083025 ], [ -88.733872, 36.082934 ], [ -88.733688, 36.082061 ], [ -88.732253, 36.080652 ], [ -88.731164, 36.080844 ], [ -88.730248, 36.079829 ], [ -88.728658, 36.080568 ], [ -88.727299, 36.079592 ], [ -88.72761, 36.080587 ], [ -88.725737, 36.081874 ], [ -88.725309, 36.081065 ], [ -88.724006, 36.081495 ], [ -88.724148, 36.080452 ], [ -88.720597, 36.07851 ], [ -88.718201, 36.07901 ], [ -88.718153, 36.078978 ], [ -88.717429, 36.078015 ], [ -88.715958, 36.077513 ], [ -88.714234, 36.076363 ], [ -88.714259, 36.074649 ], [ -88.712995, 36.073994 ], [ -88.713464, 36.073526 ], [ -88.710521, 36.072214 ], [ -88.709951, 36.07127 ], [ -88.709005, 36.071738 ], [ -88.708417, 36.070642 ], [ -88.707017, 36.070638 ], [ -88.707642, 36.069713 ], [ -88.706611, 36.068877 ], [ -88.704157, 36.068115 ], [ -88.70327, 36.06719 ], [ -88.702531, 36.067685 ], [ -88.70115, 36.067308 ], [ -88.699619, 36.06563 ], [ -88.697849, 36.06543 ], [ -88.698062, 36.064199 ], [ -88.696307, 36.063835 ], [ -88.695459, 36.066046 ], [ -88.694426, 36.066432 ], [ -88.693962, 36.065579 ], [ -88.694633, 36.064622 ], [ -88.694255, 36.063552 ], [ -88.693268, 36.064109 ], [ -88.692709, 36.062746 ], [ -88.6908, 36.063586 ], [ -88.689182, 36.063625 ], [ -88.688452, 36.064465 ], [ -88.687249, 36.063848 ], [ -88.686157, 36.064506 ], [ -88.684892, 36.064362 ], [ -88.684108, 36.065652 ], [ -88.683859, 36.066079 ], [ -88.683049, 36.065564 ], [ -88.678381, 36.066496 ], [ -88.676926, 36.065445 ], [ -88.676527, 36.064306 ], [ -88.675695, 36.063987 ], [ -88.676352, 36.062322 ], [ -88.675445, 36.061817 ], [ -88.672345, 36.062833 ], [ -88.67246, 36.064245 ], [ -88.673793, 36.064652 ], [ -88.672412, 36.065899 ], [ -88.671797, 36.064772 ], [ -88.670394, 36.065088 ], [ -88.669033, 36.063638 ], [ -88.667565, 36.064724 ], [ -88.666564, 36.064651 ], [ -88.664663, 36.065578 ], [ -88.663534, 36.065392 ], [ -88.663256, 36.064568 ], [ -88.660336, 36.065076 ], [ -88.660629, 36.063265 ], [ -88.661662, 36.061864 ], [ -88.658354, 36.064528 ], [ -88.656761, 36.064687 ], [ -88.656464, 36.065368 ], [ -88.655106, 36.065306 ], [ -88.654971, 36.064433 ], [ -88.653843, 36.064294 ], [ -88.654079, 36.071939 ], [ -88.654529, 36.08645 ], [ -88.654795, 36.095043 ], [ -88.654842, 36.096517 ], [ -88.655403, 36.114623 ], [ -88.655488, 36.117338 ], [ -88.650863, 36.117273 ], [ -88.636498, 36.117075 ], [ -88.633979, 36.117041 ], [ -88.625054, 36.116918 ], [ -88.614901, 36.116502 ], [ -88.598693, 36.116289 ], [ -88.596176, 36.116255 ], [ -88.582773, 36.116079 ], [ -88.577292, 36.116006 ], [ -88.5733, 36.115953 ], [ -88.561903, 36.115641 ], [ -88.558679, 36.115762 ], [ -88.544862, 36.11562 ], [ -88.534907, 36.115458 ], [ -88.532233, 36.115416 ], [ -88.532115, 36.118413 ], [ -88.531995, 36.12147 ], [ -88.531534, 36.124796 ], [ -88.531466, 36.125911 ], [ -88.53142, 36.127755 ], [ -88.531397, 36.12874 ], [ -88.531376, 36.129596 ], [ -88.531357, 36.130861 ], [ -88.531349, 36.131668 ], [ -88.531346, 36.132425 ], [ -88.531166, 36.133361 ], [ -88.531143, 36.134396 ], [ -88.53108, 36.135748 ], [ -88.530971, 36.138526 ], [ -88.530971, 36.139544 ], [ -88.530969, 36.140347 ], [ -88.530961, 36.140462 ], [ -88.530867, 36.142117 ], [ -88.530694, 36.145111 ], [ -88.530322, 36.152023 ], [ -88.527195, 36.152008 ], [ -88.518256, 36.151775 ], [ -88.507403, 36.151317 ], [ -88.507277, 36.151315 ], [ -88.505554, 36.151275 ], [ -88.498183, 36.1511 ], [ -88.493363, 36.151031 ], [ -88.491979, 36.151014 ], [ -88.489859, 36.150989 ], [ -88.488688, 36.150977 ], [ -88.473257, 36.150904 ], [ -88.473258, 36.150374 ], [ -88.473263, 36.150088 ], [ -88.473247, 36.149907 ], [ -88.454238, 36.149685 ], [ -88.438442, 36.149538 ], [ -88.434154, 36.149463 ], [ -88.415566, 36.14929 ], [ -88.40485, 36.149149 ], [ -88.403513, 36.149131 ], [ -88.398739, 36.14907 ], [ -88.381171, 36.148846 ], [ -88.376038, 36.14878 ], [ -88.370459, 36.148508 ], [ -88.361248, 36.148417 ], [ -88.345295, 36.148255 ], [ -88.327228, 36.148091 ], [ -88.324097, 36.148386 ], [ -88.32348, 36.148058 ], [ -88.304699, 36.147883 ], [ -88.286228, 36.147569 ], [ -88.278108, 36.147432 ], [ -88.263418, 36.147083 ], [ -88.261683, 36.14705 ], [ -88.254423, 36.146898 ], [ -88.245988, 36.146804 ], [ -88.239082, 36.146597 ], [ -88.233091, 36.146445 ], [ -88.230894, 36.14639 ], [ -88.215103, 36.146061 ], [ -88.211698, 36.145974 ], [ -88.21183, 36.143545 ], [ -88.212242, 36.132618 ], [ -88.212527, 36.125058 ], [ -88.212559, 36.12029 ], [ -88.212668, 36.10947 ], [ -88.21272, 36.104052 ], [ -88.212911, 36.083065 ], [ -88.21296, 36.077621 ], [ -88.213005, 36.069379 ], [ -88.213126, 36.059894 ], [ -88.213197, 36.055369 ], [ -88.213244, 36.051744 ], [ -88.213342, 36.042228 ], [ -88.213376, 36.038912 ], [ -88.213372, 36.038446 ], [ -88.213352, 36.035073 ], [ -88.21352, 36.027522 ], [ -88.213617, 36.021936 ], [ -88.213786, 36.013546 ], [ -88.213903, 36.008889 ], [ -88.214211, 35.996657 ], [ -88.214235, 35.994718 ], [ -88.214442, 35.982752 ], [ -88.214594, 35.974416 ], [ -88.21482, 35.961995 ], [ -88.214831, 35.961429 ], [ -88.215023, 35.953049 ], [ -88.215259, 35.945014 ], [ -88.21536, 35.937029 ], [ -88.21581, 35.921924 ], [ -88.216237, 35.90479 ], [ -88.216512, 35.893774 ], [ -88.216542, 35.892599 ], [ -88.216598, 35.886147 ], [ -88.21844, 35.88618 ], [ -88.224728, 35.886389 ], [ -88.224996, 35.879488 ], [ -88.225048, 35.877192 ], [ -88.216781, 35.877152 ], [ -88.217059, 35.872318 ], [ -88.217124, 35.867862 ], [ -88.217321, 35.852344 ], [ -88.217538, 35.847433 ], [ -88.217436, 35.846582 ], [ -88.210207, 35.846446 ], [ -88.199035, 35.846246 ], [ -88.192564, 35.84633 ], [ -88.182057, 35.846004 ], [ -88.177859, 35.845841 ], [ -88.173002, 35.845891 ], [ -88.162339, 35.845268 ], [ -88.152957, 35.845481 ], [ -88.150374, 35.845421 ], [ -88.13807, 35.845292 ], [ -88.126511, 35.844784 ], [ -88.125037, 35.84482 ], [ -88.118324, 35.844265 ], [ -88.095692, 35.842942 ], [ -88.087923, 35.842538 ], [ -88.085844, 35.842621 ], [ -88.084223, 35.842688 ], [ -88.084272, 35.841546 ], [ -88.084281, 35.841266 ], [ -88.084519, 35.837774 ], [ -88.083836, 35.838249 ], [ -88.082688, 35.839513 ], [ -88.080819, 35.839795 ], [ -88.079559, 35.84072 ], [ -88.078297, 35.840996 ], [ -88.077954, 35.841732 ], [ -88.076282, 35.842453 ], [ -88.07498, 35.845035 ], [ -88.062006, 35.845037 ], [ -88.061741, 35.848374 ], [ -88.061464, 35.850329 ], [ -88.059716, 35.85031 ], [ -88.051772, 35.849975 ], [ -88.051564, 35.847904 ], [ -88.047923, 35.847049 ], [ -88.045959, 35.845561 ], [ -88.044003, 35.844533 ], [ -88.043378, 35.843049 ], [ -88.042611, 35.842789 ], [ -88.038974, 35.8434 ], [ -88.036977, 35.842646 ], [ -88.035862, 35.84303 ], [ -88.035218, 35.844084 ], [ -88.033555, 35.84366 ], [ -88.030523, 35.839779 ], [ -88.029504, 35.839803 ], [ -88.029505, 35.839786 ], [ -88.030201, 35.837899 ], [ -88.028624, 35.837168 ], [ -88.028832, 35.832685 ], [ -88.026901, 35.831959 ], [ -88.026631, 35.829579 ], [ -88.027587, 35.817878 ], [ -88.028059, 35.812631 ], [ -88.028195, 35.811021 ], [ -88.023583, 35.811011 ], [ -88.021072, 35.811723 ], [ -88.017336, 35.811107 ], [ -88.015428, 35.812022 ], [ -88.013722, 35.812033 ], [ -88.013215, 35.812742 ], [ -88.014188, 35.813746 ], [ -88.011427, 35.815756 ], [ -88.008688, 35.815119 ], [ -88.006927, 35.816284 ], [ -88.005558, 35.815957 ], [ -88.003612, 35.81638 ], [ -88.00259, 35.815795 ], [ -88.003245, 35.814957 ], [ -88.00258, 35.813624 ], [ -88.001564, 35.813556 ], [ -87.999528, 35.812608 ], [ -87.998675, 35.811545 ], [ -87.996287, 35.811301 ], [ -87.994674, 35.812564 ], [ -87.992928, 35.812747 ], [ -87.989875, 35.816203 ], [ -87.986827, 35.816324 ], [ -87.984403, 35.816959 ], [ -87.976854, 35.816281 ], [ -87.976504, 35.81625 ], [ -87.975801, 35.816187 ], [ -87.974034, 35.816014 ], [ -87.970738, 35.815705 ], [ -87.969798, 35.824651 ], [ -87.968987, 35.828827 ], [ -87.966952, 35.834755 ], [ -87.964456, 35.838846 ], [ -87.96274, 35.840921 ], [ -87.959064, 35.840593 ], [ -87.958382, 35.840532 ], [ -87.955661, 35.840317 ], [ -87.954549, 35.840239 ], [ -87.950066, 35.839858 ], [ -87.947712, 35.838602 ], [ -87.945709, 35.839326 ], [ -87.945526, 35.839394 ], [ -87.935414, 35.838728 ], [ -87.927075, 35.838598 ], [ -87.910297, 35.838336 ], [ -87.911374, 35.836424 ], [ -87.909632, 35.834034 ], [ -87.91088, 35.832678 ], [ -87.9104, 35.830931 ], [ -87.90916, 35.830998 ], [ -87.907374, 35.82997 ], [ -87.907096, 35.829229 ], [ -87.904572, 35.828622 ], [ -87.903611, 35.826569 ], [ -87.902701, 35.825556 ], [ -87.901321, 35.825164 ], [ -87.900777, 35.824367 ], [ -87.898385, 35.824702 ], [ -87.896138, 35.824159 ], [ -87.893127, 35.824858 ], [ -87.890711, 35.823839 ], [ -87.89059, 35.822993 ], [ -87.888934, 35.822424 ], [ -87.885062, 35.822069 ], [ -87.88447, 35.821375 ], [ -87.88495, 35.820691 ], [ -87.882984, 35.818705 ], [ -87.878246, 35.818133 ], [ -87.87562, 35.815697 ], [ -87.875616, 35.814222 ], [ -87.874182, 35.813021 ], [ -87.870751, 35.812992 ], [ -87.867351, 35.811374 ], [ -87.865204, 35.810985 ], [ -87.864564, 35.809512 ], [ -87.863483, 35.80883 ], [ -87.860493, 35.808145 ], [ -87.859376, 35.808366 ], [ -87.857582, 35.807316 ], [ -87.857676, 35.806365 ], [ -87.855172, 35.805751 ], [ -87.854039, 35.80436 ], [ -87.852682, 35.803799 ], [ -87.849328, 35.803997 ], [ -87.847879, 35.804483 ], [ -87.847848, 35.806458 ], [ -87.848527, 35.807997 ], [ -87.846809, 35.808429 ], [ -87.847302, 35.810563 ], [ -87.846478, 35.81192 ], [ -87.846622, 35.813339 ], [ -87.846006, 35.815179 ], [ -87.846224, 35.816266 ], [ -87.845548, 35.81723 ], [ -87.844142, 35.820724 ], [ -87.843544, 35.821043 ], [ -87.841959, 35.821255 ], [ -87.840638, 35.822154 ], [ -87.83805, 35.822976 ], [ -87.835184, 35.823381 ], [ -87.833063, 35.822393 ], [ -87.830977, 35.822939 ], [ -87.828897, 35.824421 ], [ -87.825957, 35.823921 ], [ -87.824812, 35.824343 ], [ -87.823863, 35.825513 ], [ -87.822756, 35.825859 ], [ -87.821768, 35.827391 ], [ -87.821734, 35.828706 ], [ -87.819471, 35.829293 ], [ -87.818794, 35.830681 ], [ -87.819657, 35.832262 ], [ -87.818697, 35.833095 ], [ -87.817775, 35.835562 ], [ -87.818202, 35.836779 ], [ -87.799554, 35.837142 ], [ -87.796038, 35.83721 ], [ -87.794528, 35.83724 ], [ -87.754787, 35.838019 ], [ -87.741457, 35.838327 ], [ -87.738966, 35.838369 ], [ -87.73438, 35.838448 ], [ -87.728446, 35.83855 ], [ -87.71676, 35.83875 ], [ -87.717337, 35.834782 ], [ -87.718541, 35.8265 ], [ -87.719092, 35.822707 ], [ -87.719153, 35.82229 ], [ -87.720805, 35.81092 ], [ -87.723072, 35.794962 ], [ -87.723737, 35.790356 ], [ -87.724758, 35.7833 ], [ -87.726353, 35.772265 ], [ -87.726538, 35.77099 ], [ -87.72782, 35.762125 ], [ -87.727844, 35.761963 ], [ -87.729565, 35.750066 ], [ -87.729828, 35.747718 ], [ -87.731434, 35.736564 ], [ -87.731499, 35.736123 ], [ -87.732935, 35.72626 ], [ -87.732847, 35.72625 ], [ -87.727364, 35.725628 ], [ -87.726823, 35.729308 ], [ -87.72428, 35.728996 ], [ -87.720335, 35.718966 ], [ -87.717123, 35.710788 ], [ -87.716957, 35.710365 ], [ -87.716475, 35.710097 ], [ -87.709976, 35.71012 ], [ -87.710185, 35.70861 ], [ -87.710669, 35.703616 ], [ -87.723959, 35.704263 ], [ -87.72596, 35.701485 ], [ -87.737811, 35.702342 ], [ -87.738738, 35.696346 ], [ -87.738932, 35.695047 ], [ -87.741369, 35.67929 ], [ -87.74375, 35.663952 ], [ -87.743122, 35.663436 ], [ -87.741955, 35.661907 ], [ -87.739199, 35.661494 ], [ -87.738249, 35.66036 ], [ -87.737238, 35.660213 ], [ -87.73729, 35.659455 ], [ -87.73574, 35.658303 ], [ -87.73385, 35.657701 ], [ -87.733083, 35.656931 ], [ -87.732977, 35.655915 ], [ -87.730642, 35.655224 ], [ -87.729606, 35.654491 ], [ -87.72757, 35.655065 ], [ -87.726113, 35.654479 ], [ -87.726062, 35.652478 ], [ -87.724306, 35.650347 ], [ -87.7211, 35.650074 ], [ -87.71905, 35.649173 ], [ -87.718664, 35.648326 ], [ -87.716515, 35.646755 ], [ -87.714457, 35.646314 ], [ -87.711889, 35.646954 ], [ -87.710556, 35.645286 ], [ -87.708057, 35.645353 ], [ -87.708172, 35.644022 ], [ -87.707489, 35.642425 ], [ -87.706355, 35.641604 ], [ -87.704248, 35.641348 ], [ -87.703261, 35.640647 ], [ -87.702668, 35.639389 ], [ -87.700945, 35.639197 ], [ -87.699575, 35.638271 ], [ -87.698152, 35.638141 ], [ -87.697091, 35.63855 ], [ -87.695822, 35.637089 ], [ -87.693858, 35.635875 ], [ -87.692921, 35.634509 ], [ -87.688176, 35.634283 ], [ -87.686891, 35.633702 ], [ -87.685279, 35.631144 ], [ -87.683879, 35.629951 ], [ -87.681024, 35.629575 ], [ -87.679732, 35.627834 ], [ -87.677729, 35.627496 ], [ -87.676818, 35.627497 ], [ -87.676483, 35.627054 ], [ -87.676451, 35.625755 ], [ -87.676193, 35.625069 ], [ -87.675759, 35.624547 ], [ -87.675758, 35.624192 ], [ -87.674761, 35.623598 ], [ -87.67404, 35.623019 ], [ -87.673398, 35.622819 ], [ -87.67324, 35.622545 ], [ -87.67313, 35.621812 ], [ -87.67231, 35.621064 ], [ -87.671363, 35.621058 ], [ -87.669131, 35.619514 ], [ -87.668075, 35.619025 ], [ -87.667394, 35.618462 ], [ -87.665489, 35.617772 ], [ -87.66376, 35.61589 ], [ -87.663028, 35.615524 ], [ -87.661496, 35.614365 ], [ -87.660767, 35.612532 ], [ -87.661749, 35.610861 ], [ -87.660768, 35.609005 ], [ -87.658189, 35.609349 ], [ -87.657557, 35.607973 ], [ -87.657684, 35.605872 ], [ -87.656644, 35.604217 ], [ -87.656738, 35.602083 ], [ -87.655434, 35.600633 ], [ -87.655777, 35.598793 ], [ -87.654929, 35.598147 ], [ -87.654922, 35.596942 ], [ -87.652412, 35.595701 ], [ -87.651761, 35.594798 ], [ -87.651558, 35.593218 ], [ -87.648534, 35.590869 ], [ -87.649454, 35.58824 ], [ -87.650306, 35.587523 ], [ -87.650929, 35.586729 ], [ -87.651205, 35.585876 ], [ -87.651767, 35.583763 ], [ -87.650702, 35.58136 ], [ -87.648788, 35.579876 ], [ -87.649795, 35.57723 ], [ -87.650774, 35.576111 ], [ -87.650734, 35.573393 ], [ -87.650631, 35.573302 ], [ -87.650404, 35.573136 ], [ -87.650383, 35.57291 ], [ -87.650524, 35.572725 ], [ -87.650989, 35.572748 ], [ -87.651056, 35.572753 ], [ -87.651138, 35.572761 ], [ -87.651598, 35.572844 ], [ -87.651825, 35.572835 ], [ -87.652002, 35.572771 ], [ -87.652111, 35.572601 ], [ -87.652101, 35.572343 ], [ -87.651962, 35.572086 ], [ -87.651662, 35.571968 ], [ -87.651445, 35.571883 ], [ -87.650629, 35.570765 ], [ -87.651075, 35.570316 ], [ -87.651521, 35.570443 ], [ -87.651735, 35.570292 ], [ -87.65179, 35.570222 ], [ -87.651779, 35.570025 ], [ -87.651707, 35.569868 ], [ -87.651447, 35.569649 ], [ -87.651289, 35.569547 ], [ -87.651131, 35.569489 ], [ -87.651009, 35.569331 ], [ -87.650954, 35.569076 ], [ -87.651007, 35.568762 ], [ -87.651199, 35.568605 ], [ -87.651424, 35.56856 ], [ -87.65161, 35.568596 ], [ -87.651707, 35.568615 ], [ -87.652312, 35.568599 ], [ -87.652781, 35.568355 ], [ -87.652973, 35.568067 ], [ -87.652935, 35.567659 ], [ -87.652884, 35.567202 ], [ -87.652254, 35.566373 ], [ -87.651901, 35.56608 ], [ -87.651599, 35.565293 ], [ -87.651637, 35.56507 ], [ -87.651755, 35.564864 ], [ -87.652068, 35.564713 ], [ -87.652178, 35.564677 ], [ -87.652291, 35.564668 ], [ -87.652899, 35.564674 ], [ -87.654958, 35.563316 ], [ -87.655622, 35.563542 ], [ -87.657798, 35.560682 ] ] ] ] } }
]
}
